register_pair,successful_simulations,total_simulations,success_rate,success_rate_percent
csr_group20/hc_o + tcr_execute/hc_o,48,560,0.08571428571428572,8.571428571428571
alu_operator_o_mode + id_stage/hc_o,310,3864,0.08022774327122154,8.022774327122153
alu_operator_o_mode + alu_operator_o_mode/hc_o,164,2128,0.07706766917293233,7.7067669172932325
alu_operator_o_mode + hc_o_26,288,3864,0.07453416149068323,7.453416149068323
tcr_execute/hc_o + tcr_load_store/hc_o,79,1064,0.07424812030075188,7.424812030075188
csr_group12/hc_o + csr_group20/hc_o,79,1064,0.07424812030075188,7.424812030075188
csr_group15/hc_o + csr_group20/hc_o,79,1064,0.07424812030075188,7.424812030075188
alu_operator_o_mode + sp_o_26,10,140,0.07142857142857142,7.142857142857142
tcr_load_store/hc_o + tpr_load_store_mode/hc_o,137,2044,0.06702544031311154,6.702544031311154
tcr_load_store/hc_o + tpr_load_store_enable/hc_o,135,2044,0.06604696673189824,6.604696673189824
tcr_execute/hc_o + tpr_load_store_enable/hc_o,66,1064,0.06203007518796992,6.203007518796992
csr_group12/hc_o + tcr_execute/hc_o,66,1064,0.06203007518796992,6.203007518796992
csr_group15/hc_o + tcr_execute/hc_o,66,1064,0.06203007518796992,6.203007518796992
csr_group20/hc_o + id_group0/hc_o,65,1064,0.06109022556390977,6.109022556390977
csr_group20/hc_o + hc_o_rf_tag,446,7504,0.05943496801705757,5.943496801705757
alu_operator_o_mode + tcr_load_store/hc_o,63,1064,0.05921052631578947,5.921052631578947
csr_group20/hc_o + id_group1/hc_o,62,1064,0.05827067669172932,5.827067669172932
alu_operator_o_mode/hc_o + tcr_load_store/hc_o,119,2044,0.05821917808219178,5.821917808219178
csr_group20/hc_o + regfile_alu_waddr_ex_o_tag,224,3864,0.057971014492753624,5.797101449275362
tcr_execute/hc_o + tpr_load_store_mode/hc_o,61,1064,0.05733082706766917,5.733082706766917
csr_group20/hc_o + id_group9/hc_o,32,560,0.05714285714285714,5.714285714285714
rf_reg[15] + sp_o_rf_tag,4,70,0.05714285714285714,5.714285714285714
csr_group20/hc_o + rdata_q_tag,112,2016,0.05555555555555555,5.555555555555555
csr_group20/hc_o + id_group2/hc_o,59,1064,0.05545112781954887,5.545112781954887
csr_group20/hc_o + id_group4/hc_o,59,1064,0.05545112781954887,5.545112781954887
csr_group20/hc_o + id_group5/hc_o,59,1064,0.05545112781954887,5.545112781954887
hc_o_rf_tag + rf_reg[15],1012,18760,0.05394456289978678,5.394456289978678
tcr_load_store/hc_o + use_store_ops_ex_o/hc_o,57,1064,0.05357142857142857,5.357142857142857
csr_group20/hc_o + id_group3/hc_o,57,1064,0.05357142857142857,5.357142857142857
alu_operator_o_mode/hc_o + tcr_execute/hc_o,56,1064,0.05263157894736842,5.263157894736842
store_dest_addr_ex_o_tag/hc_o + tcr_load_store/hc_o,56,1064,0.05263157894736842,5.263157894736842
check_s1_o_tag/hc_o + tcr_load_store/hc_o,56,1064,0.05263157894736842,5.263157894736842
csr_group0/hc_o + csr_group20/hc_o,56,1064,0.05263157894736842,5.263157894736842
csr_group1/hc_o + csr_group20/hc_o,56,1064,0.05263157894736842,5.263157894736842
csr_group2/hc_o + csr_group20/hc_o,56,1064,0.05263157894736842,5.263157894736842
csr_group20/hc_o + csr_group3/hc_o,56,1064,0.05263157894736842,5.263157894736842
csr_group20/hc_o + csr_group4/hc_o,56,1064,0.05263157894736842,5.263157894736842
csr_group20/hc_o + csr_group5/hc_o,56,1064,0.05263157894736842,5.263157894736842
csr_group20/hc_o + csr_group6/hc_o,56,1064,0.05263157894736842,5.263157894736842
csr_group20/hc_o + csr_group7/hc_o,56,1064,0.05263157894736842,5.263157894736842
csr_group20/hc_o + csr_group8/hc_o,56,1064,0.05263157894736842,5.263157894736842
csr_group20/hc_o + csr_group9/hc_o,56,1064,0.05263157894736842,5.263157894736842
csr_group10/hc_o + csr_group20/hc_o,56,1064,0.05263157894736842,5.263157894736842
csr_group11/hc_o + csr_group20/hc_o,56,1064,0.05263157894736842,5.263157894736842
csr_group13/hc_o + csr_group20/hc_o,56,1064,0.05263157894736842,5.263157894736842
csr_group16/hc_o + csr_group20/hc_o,56,1064,0.05263157894736842,5.263157894736842
csr_group20/hc_o + lsu_group2/hc_o,56,1064,0.05263157894736842,5.263157894736842
csr_group20/hc_o + lsu_group3/hc_o,56,1064,0.05263157894736842,5.263157894736842
csr_group20/hc_o + lsu_group4/hc_o,56,1064,0.05263157894736842,5.263157894736842
csr_group20/hc_o + lsu_group5/hc_o,56,1064,0.05263157894736842,5.263157894736842
alu_operand_a_ex_o_tag + tcr_load_store/hc_o,28,532,0.05263157894736842,5.263157894736842
tcr_load_store/hc_o + use_store_ops_ex_o,28,532,0.05263157894736842,5.263157894736842
rf_reg[0] + tcr_load_store/hc_o,28,532,0.05263157894736842,5.263157894736842
rf_reg[1] + tcr_load_store/hc_o,28,532,0.05263157894736842,5.263157894736842
rf_reg[2] + tcr_load_store/hc_o,28,532,0.05263157894736842,5.263157894736842
rf_reg[3] + tcr_load_store/hc_o,28,532,0.05263157894736842,5.263157894736842
rf_reg[4] + tcr_load_store/hc_o,28,532,0.05263157894736842,5.263157894736842
rf_reg[5] + tcr_load_store/hc_o,28,532,0.05263157894736842,5.263157894736842
rf_reg[6] + tcr_load_store/hc_o,28,532,0.05263157894736842,5.263157894736842
rf_reg[7] + tcr_load_store/hc_o,28,532,0.05263157894736842,5.263157894736842
rf_reg[8] + tcr_load_store/hc_o,28,532,0.05263157894736842,5.263157894736842
rf_reg[9] + tcr_load_store/hc_o,28,532,0.05263157894736842,5.263157894736842
rf_reg[10] + tcr_load_store/hc_o,28,532,0.05263157894736842,5.263157894736842
rf_reg[11] + tcr_load_store/hc_o,28,532,0.05263157894736842,5.263157894736842
rf_reg[12] + tcr_load_store/hc_o,28,532,0.05263157894736842,5.263157894736842
alu_operand_b_ex_o_tag + tcr_load_store/hc_o,28,532,0.05263157894736842,5.263157894736842
rf_reg[13] + tcr_load_store/hc_o,28,532,0.05263157894736842,5.263157894736842
rf_reg[14] + tcr_load_store/hc_o,28,532,0.05263157894736842,5.263157894736842
rf_reg[15] + tcr_load_store/hc_o,28,532,0.05263157894736842,5.263157894736842
rf_reg[16] + tcr_load_store/hc_o,28,532,0.05263157894736842,5.263157894736842
rf_reg[17] + tcr_load_store/hc_o,28,532,0.05263157894736842,5.263157894736842
rf_reg[18] + tcr_load_store/hc_o,28,532,0.05263157894736842,5.263157894736842
rf_reg[19] + tcr_load_store/hc_o,28,532,0.05263157894736842,5.263157894736842
rf_reg[20] + tcr_load_store/hc_o,28,532,0.05263157894736842,5.263157894736842
rf_reg[21] + tcr_load_store/hc_o,28,532,0.05263157894736842,5.263157894736842
rf_reg[22] + tcr_load_store/hc_o,28,532,0.05263157894736842,5.263157894736842
rf_reg[23] + tcr_load_store/hc_o,28,532,0.05263157894736842,5.263157894736842
rf_reg[24] + tcr_load_store/hc_o,28,532,0.05263157894736842,5.263157894736842
alu_operand_c_ex_o_tag + tcr_load_store/hc_o,28,532,0.05263157894736842,5.263157894736842
rf_reg[25] + tcr_load_store/hc_o,28,532,0.05263157894736842,5.263157894736842
rf_reg[26] + tcr_load_store/hc_o,28,532,0.05263157894736842,5.263157894736842
rf_reg[27] + tcr_load_store/hc_o,28,532,0.05263157894736842,5.263157894736842
rf_reg[28] + tcr_load_store/hc_o,28,532,0.05263157894736842,5.263157894736842
rf_reg[29] + tcr_load_store/hc_o,28,532,0.05263157894736842,5.263157894736842
rf_reg[30] + tcr_load_store/hc_o,28,532,0.05263157894736842,5.263157894736842
rf_reg[31] + tcr_load_store/hc_o,28,532,0.05263157894736842,5.263157894736842
rs1_o_tag + tcr_load_store/hc_o,28,532,0.05263157894736842,5.263157894736842
data_we_q_tag + tcr_load_store/hc_o,28,532,0.05263157894736842,5.263157894736842
check_d_o_tag + tcr_load_store/hc_o,28,532,0.05263157894736842,5.263157894736842
check_s1_o_tag + tcr_load_store/hc_o,28,532,0.05263157894736842,5.263157894736842
check_s2_o_tag + tcr_load_store/hc_o,28,532,0.05263157894736842,5.263157894736842
is_store_post_o_tag + tcr_load_store/hc_o,28,532,0.05263157894736842,5.263157894736842
pc_id_o_tag + tcr_load_store/hc_o,28,532,0.05263157894736842,5.263157894736842
memory_set_o_tag + tcr_load_store/hc_o,28,532,0.05263157894736842,5.263157894736842
pc_if_o_tag + tcr_load_store/hc_o,28,532,0.05263157894736842,5.263157894736842
register_set_o_tag + tcr_load_store/hc_o,28,532,0.05263157894736842,5.263157894736842
store_dest_addr_ex_o_tag + tcr_load_store/hc_o,28,532,0.05263157894736842,5.263157894736842
store_source_ex_o_tag + tcr_load_store/hc_o,28,532,0.05263157894736842,5.263157894736842
pc_if_o_tag/sd_o + tcr_load_store/hc_o,14,266,0.05263157894736842,5.263157894736842
pc_id_o_tag/sd_o + tcr_load_store/hc_o,14,266,0.05263157894736842,5.263157894736842
sd_o_5 + tcr_load_store/hc_o,14,266,0.05263157894736842,5.263157894736842
alu_operator_o_mode/sd_o + tcr_load_store/hc_o,14,266,0.05263157894736842,5.263157894736842
store_dest_addr_ex_o_tag/sd_o + tcr_load_store/hc_o,14,266,0.05263157894736842,5.263157894736842
store_source_ex_o_tag/sd_o + tcr_load_store/hc_o,14,266,0.05263157894736842,5.263157894736842
tcr_load_store/hc_o + use_store_ops_ex_o/sd_o,14,266,0.05263157894736842,5.263157894736842
alu_operand_a_ex_o_tag/sd_o + tcr_load_store/hc_o,14,266,0.05263157894736842,5.263157894736842
alu_operand_b_ex_o_tag/sd_o + tcr_load_store/hc_o,14,266,0.05263157894736842,5.263157894736842
alu_operand_c_ex_o_tag/sd_o + tcr_load_store/hc_o,14,266,0.05263157894736842,5.263157894736842
check_s1_o_tag/sd_o + tcr_load_store/hc_o,14,266,0.05263157894736842,5.263157894736842
check_s2_o_tag/sd_o + tcr_load_store/hc_o,14,266,0.05263157894736842,5.263157894736842
check_d_o_tag/sd_o + tcr_load_store/hc_o,14,266,0.05263157894736842,5.263157894736842
register_set_o_tag/sd_o + tcr_load_store/hc_o,14,266,0.05263157894736842,5.263157894736842
is_store_post_o_tag/sd_o + tcr_load_store/hc_o,14,266,0.05263157894736842,5.263157894736842
memory_set_o_tag/sd_o + tcr_load_store/hc_o,14,266,0.05263157894736842,5.263157894736842
sd_o_rf_tag + tcr_load_store/hc_o,14,266,0.05263157894736842,5.263157894736842
rs1_o_tag/sd_o + tcr_load_store/hc_o,14,266,0.05263157894736842,5.263157894736842
tcr_load_store/hc_o + tpr_arith/sd_o,14,266,0.05263157894736842,5.263157894736842
tcr_load_store/hc_o + tpr_branch/sd_o,14,266,0.05263157894736842,5.263157894736842
tcr_load_store/hc_o + tpr_jump/sd_o,14,266,0.05263157894736842,5.263157894736842
tcr_load_store/hc_o + tpr_shift/sd_o,14,266,0.05263157894736842,5.263157894736842
tcr_load_store/hc_o + tpr_comparison/sd_o,14,266,0.05263157894736842,5.263157894736842
tcr_load_store/hc_o + tpr_logical/sd_o,14,266,0.05263157894736842,5.263157894736842
tcr_load_store/hc_o + tpr_load_store_mode/sd_o,14,266,0.05263157894736842,5.263157894736842
tcr_load_store/hc_o + tpr_load_store_enable/sd_o,14,266,0.05263157894736842,5.263157894736842
tcr_arith/sd_o + tcr_load_store/hc_o,14,266,0.05263157894736842,5.263157894736842
tcr_branch/sd_o + tcr_load_store/hc_o,14,266,0.05263157894736842,5.263157894736842
tcr_jump/sd_o + tcr_load_store/hc_o,14,266,0.05263157894736842,5.263157894736842
tcr_load_store/hc_o + tcr_shift/sd_o,14,266,0.05263157894736842,5.263157894736842
tcr_comparison/sd_o + tcr_load_store/hc_o,14,266,0.05263157894736842,5.263157894736842
tcr_load_store/hc_o + tcr_logical/sd_o,14,266,0.05263157894736842,5.263157894736842
tcr_execute/sd_o + tcr_load_store/hc_o,14,266,0.05263157894736842,5.263157894736842
data_we_q_tag/sd_o + tcr_load_store/hc_o,14,266,0.05263157894736842,5.263157894736842
rdata_offset_q_tag/sd_o + tcr_load_store/hc_o,14,266,0.05263157894736842,5.263157894736842
data_type_q_tag/sd_o + tcr_load_store/hc_o,14,266,0.05263157894736842,5.263157894736842
rdata_q_tag/sd_o + tcr_load_store/hc_o,14,266,0.05263157894736842,5.263157894736842
memory_set_o_tag/hc_o + tcr_load_store/hc_o,55,1064,0.05169172932330827,5.169172932330826
csr_group20/hc_o + id_group6/hc_o,55,1064,0.05169172932330827,5.169172932330826
csr_group12/hc_o + csr_group15/hc_o,105,2044,0.05136986301369863,5.136986301369863
alu_operand_b_ex_o_tag/hc_o + tcr_load_store/hc_o,54,1064,0.05075187969924812,5.075187969924812
csr_group20/hc_o + id_group7/hc_o,54,1064,0.05075187969924812,5.075187969924812
csr_group20/hc_o + id_group8/hc_o,54,1064,0.05075187969924812,5.075187969924812
csr_group20/hc_o + lsu_group1/hc_o,54,1064,0.05075187969924812,5.075187969924812
csr_group20/hc_o + data_type_q_tag,28,560,0.05,5.0
csr_group20/hc_o + rdata_offset_q_tag,28,560,0.05,5.0
alu_operator_o_mode + csr_group20/hc_o,28,560,0.05,5.0
csr_group14/hc_o + csr_group20/hc_o,28,560,0.05,5.0
csr_group18/hc_o + csr_group20/hc_o,28,560,0.05,5.0
csr_group20/hc_o + register_set_o_tag,14,280,0.05,5.0
csr_group20/hc_o + store_dest_addr_ex_o_tag,14,280,0.05,5.0
csr_group20/hc_o + store_source_ex_o_tag,14,280,0.05,5.0
alu_operand_a_ex_o_tag + csr_group20/hc_o,14,280,0.05,5.0
csr_group20/hc_o + use_store_ops_ex_o,14,280,0.05,5.0
csr_group20/hc_o + rf_reg[0],14,280,0.05,5.0
csr_group20/hc_o + rf_reg[1],14,280,0.05,5.0
csr_group20/hc_o + rf_reg[2],14,280,0.05,5.0
csr_group20/hc_o + rf_reg[3],14,280,0.05,5.0
csr_group20/hc_o + rf_reg[4],14,280,0.05,5.0
csr_group20/hc_o + rf_reg[5],14,280,0.05,5.0
csr_group20/hc_o + rf_reg[6],14,280,0.05,5.0
csr_group20/hc_o + rf_reg[7],14,280,0.05,5.0
csr_group20/hc_o + rf_reg[8],14,280,0.05,5.0
csr_group20/hc_o + rf_reg[9],14,280,0.05,5.0
csr_group20/hc_o + rf_reg[10],14,280,0.05,5.0
alu_operand_b_ex_o_tag + csr_group20/hc_o,14,280,0.05,5.0
csr_group20/hc_o + rf_reg[11],14,280,0.05,5.0
csr_group20/hc_o + rf_reg[12],14,280,0.05,5.0
csr_group20/hc_o + rf_reg[13],14,280,0.05,5.0
csr_group20/hc_o + rf_reg[14],14,280,0.05,5.0
csr_group20/hc_o + rf_reg[15],14,280,0.05,5.0
csr_group20/hc_o + rf_reg[16],14,280,0.05,5.0
csr_group20/hc_o + rf_reg[17],14,280,0.05,5.0
csr_group20/hc_o + rf_reg[18],14,280,0.05,5.0
csr_group20/hc_o + rf_reg[19],14,280,0.05,5.0
csr_group20/hc_o + rf_reg[20],14,280,0.05,5.0
csr_group20/hc_o + rf_reg[21],14,280,0.05,5.0
csr_group20/hc_o + rf_reg[22],14,280,0.05,5.0
csr_group20/hc_o + rf_reg[23],14,280,0.05,5.0
alu_operand_c_ex_o_tag + csr_group20/hc_o,14,280,0.05,5.0
csr_group20/hc_o + rf_reg[24],14,280,0.05,5.0
csr_group20/hc_o + rf_reg[25],14,280,0.05,5.0
csr_group20/hc_o + rf_reg[26],14,280,0.05,5.0
csr_group20/hc_o + rf_reg[27],14,280,0.05,5.0
csr_group20/hc_o + rf_reg[28],14,280,0.05,5.0
csr_group20/hc_o + rf_reg[29],14,280,0.05,5.0
csr_group20/hc_o + rf_reg[30],14,280,0.05,5.0
csr_group20/hc_o + rf_reg[31],14,280,0.05,5.0
csr_group20/hc_o + rs1_o_tag,14,280,0.05,5.0
csr_group20/hc_o + data_we_q_tag,14,280,0.05,5.0
check_d_o_tag + csr_group20/hc_o,14,280,0.05,5.0
check_s1_o_tag + csr_group20/hc_o,14,280,0.05,5.0
check_s2_o_tag + csr_group20/hc_o,14,280,0.05,5.0
csr_group20/hc_o + pc_id_o_tag,14,280,0.05,5.0
csr_group20/hc_o + is_store_post_o_tag,14,280,0.05,5.0
csr_group20/hc_o + memory_set_o_tag,14,280,0.05,5.0
csr_group20/hc_o + pc_if_o_tag,14,280,0.05,5.0
csr_group20/hc_o + csr_group20/sd_o,7,140,0.05,5.0
alu_operand_a_ex_o_tag/hc_o + tcr_load_store/hc_o,52,1064,0.04887218045112782,4.887218045112782
alu_operator_o_mode + id_group0/hc_o,52,1064,0.04887218045112782,4.887218045112782
id_group0/hc_o + tcr_execute/hc_o,52,1064,0.04887218045112782,4.887218045112782
tpr_load_store_enable/hc_o + tpr_load_store_mode/hc_o,98,2044,0.04794520547945205,4.794520547945205
csr_group17/hc_o + csr_group20/hc_o,51,1064,0.047932330827067667,4.793233082706767
alu_operator_o_mode + id_group1/hc_o,50,1064,0.046992481203007516,4.6992481203007515
hc_o_rf_tag + tcr_load_store/hc_o,685,14840,0.04615902964959569,4.615902964959568
data_type_q_tag + tcr_load_store/hc_o,49,1064,0.046052631578947366,4.605263157894736
rdata_offset_q_tag + tcr_load_store/hc_o,49,1064,0.046052631578947366,4.605263157894736
store_source_ex_o_tag/hc_o + tcr_load_store/hc_o,49,1064,0.046052631578947366,4.605263157894736
alu_operand_c_ex_o_tag/hc_o + tcr_load_store/hc_o,49,1064,0.046052631578947366,4.605263157894736
is_store_post_o_tag/hc_o + tcr_load_store/hc_o,49,1064,0.046052631578947366,4.605263157894736
data_we_q_tag/hc_o + tcr_load_store/hc_o,49,1064,0.046052631578947366,4.605263157894736
hc_o_5 + tcr_load_store/hc_o,180,3920,0.04591836734693878,4.591836734693878
pc_if_o_tag/hc_o + tcr_load_store/hc_o,48,1064,0.045112781954887216,4.511278195488721
check_s2_o_tag/hc_o + tcr_load_store/hc_o,48,1064,0.045112781954887216,4.511278195488721
id_group1/hc_o + tcr_execute/hc_o,48,1064,0.045112781954887216,4.511278195488721
rdata_q_tag + tcr_load_store/hc_o,175,3920,0.044642857142857144,4.464285714285714
tcr_load_store/hc_o + tpr_arith/hc_o,91,2044,0.04452054794520548,4.4520547945205475
tcr_load_store/hc_o + tpr_branch/hc_o,91,2044,0.04452054794520548,4.4520547945205475
tcr_load_store/hc_o + tpr_jump/hc_o,91,2044,0.04452054794520548,4.4520547945205475
tcr_load_store/hc_o + tpr_shift/hc_o,91,2044,0.04452054794520548,4.4520547945205475
tcr_load_store/hc_o + tpr_comparison/hc_o,91,2044,0.04452054794520548,4.4520547945205475
tcr_load_store/hc_o + tpr_logical/hc_o,91,2044,0.04452054794520548,4.4520547945205475
tcr_arith/hc_o + tcr_load_store/hc_o,91,2044,0.04452054794520548,4.4520547945205475
tcr_branch/hc_o + tcr_load_store/hc_o,91,2044,0.04452054794520548,4.4520547945205475
tcr_jump/hc_o + tcr_load_store/hc_o,91,2044,0.04452054794520548,4.4520547945205475
tcr_load_store/hc_o + tcr_shift/hc_o,91,2044,0.04452054794520548,4.4520547945205475
tcr_comparison/hc_o + tcr_load_store/hc_o,91,2044,0.04452054794520548,4.4520547945205475
tcr_load_store/hc_o + tcr_logical/hc_o,91,2044,0.04452054794520548,4.4520547945205475
rdata_offset_q_tag/hc_o + tcr_load_store/hc_o,91,2044,0.04452054794520548,4.4520547945205475
data_type_q_tag/hc_o + tcr_load_store/hc_o,91,2044,0.04452054794520548,4.4520547945205475
rdata_q_tag/hc_o + tcr_load_store/hc_o,91,2044,0.04452054794520548,4.4520547945205475
check_d_o_tag/hc_o + tcr_load_store/hc_o,47,1064,0.044172932330827065,4.417293233082707
register_set_o_tag/hc_o + tcr_load_store/hc_o,47,1064,0.044172932330827065,4.417293233082707
rs1_o_tag/hc_o + tcr_load_store/hc_o,47,1064,0.044172932330827065,4.417293233082707
alu_operator_o_mode + use_store_ops_ex_o,74,1680,0.04404761904761905,4.404761904761905
regfile_alu_waddr_ex_o_tag + tcr_load_store/hc_o,332,7588,0.043753294675803904,4.37532946758039
hc_o_rf_tag + tcr_execute/hc_o,654,15008,0.04357675906183369,4.357675906183369
csr_group20/hc_o + if_stage/hc_o,46,1064,0.043233082706766915,4.323308270676692
alu_operator_o_mode + tcr_execute/hc_o,48,1120,0.04285714285714286,4.285714285714286
store_dest_addr_ex_o_tag/hc_o + tcr_execute/hc_o,24,560,0.04285714285714286,4.285714285714286
tcr_execute/hc_o + use_store_ops_ex_o/hc_o,24,560,0.04285714285714286,4.285714285714286
check_s1_o_tag/hc_o + tcr_execute/hc_o,24,560,0.04285714285714286,4.285714285714286
hc_o_5 + tcr_execute/hc_o,84,2016,0.041666666666666664,4.166666666666666
regfile_alu_waddr_ex_o_tag + tcr_execute/hc_o,320,7728,0.041407867494824016,4.140786749482402
id_group2/hc_o + tcr_execute/hc_o,44,1064,0.041353383458646614,4.135338345864661
id_group4/hc_o + tcr_execute/hc_o,44,1064,0.041353383458646614,4.135338345864661
id_group5/hc_o + tcr_execute/hc_o,44,1064,0.041353383458646614,4.135338345864661
alu_operator_o_mode/hc_o + tpr_load_store_enable/hc_o,84,2044,0.0410958904109589,4.10958904109589
memory_set_o_tag/hc_o + tcr_execute/hc_o,23,560,0.04107142857142857,4.107142857142857
id_group9/hc_o + tcr_execute/hc_o,23,560,0.04107142857142857,4.107142857142857
csr_group19/hc_o + csr_group20/hc_o,23,560,0.04107142857142857,4.107142857142857
id_stage/hc_o + use_store_ops_ex_o,78,1932,0.040372670807453416,4.037267080745342
alu_operator_o_mode/hc_o + tpr_load_store_mode/hc_o,82,2044,0.040117416829745595,4.011741682974559
alu_operator_o_mode + store_dest_addr_ex_o_tag,67,1680,0.03988095238095238,3.9880952380952377
rdata_q_tag + tcr_execute/hc_o,160,4032,0.03968253968253968,3.968253968253968
pc_id_o_tag/hc_o + tcr_load_store/hc_o,42,1064,0.039473684210526314,3.9473684210526314
alu_operator_o_mode + tpr_load_store_enable/hc_o,42,1064,0.039473684210526314,3.9473684210526314
id_group3/hc_o + tcr_execute/hc_o,42,1064,0.039473684210526314,3.9473684210526314
alu_operator_o_mode + store_source_ex_o_tag,66,1680,0.039285714285714285,3.9285714285714284
alu_operand_b_ex_o_tag/hc_o + tcr_execute/hc_o,22,560,0.039285714285714285,3.9285714285714284
check_s1_o_tag + id_stage/hc_o,75,1932,0.03881987577639751,3.881987577639751
id_stage/hc_o + memory_set_o_tag,75,1932,0.03881987577639751,3.881987577639751
alu_operator_o_mode + memory_set_o_tag,65,1680,0.03869047619047619,3.869047619047619
alu_operator_o_mode + tpr_load_store_mode/hc_o,41,1064,0.03853383458646616,3.8533834586466162
csr_group12/hc_o + id_group0/hc_o,77,2044,0.03767123287671233,3.767123287671233
csr_group15/hc_o + id_group0/hc_o,77,2044,0.03767123287671233,3.767123287671233
tcr_execute/hc_o + tpr_branch/hc_o,40,1064,0.03759398496240601,3.7593984962406015
tcr_execute/hc_o + tpr_jump/hc_o,40,1064,0.03759398496240601,3.7593984962406015
tcr_execute/hc_o + tpr_shift/hc_o,40,1064,0.03759398496240601,3.7593984962406015
tcr_execute/hc_o + tpr_comparison/hc_o,40,1064,0.03759398496240601,3.7593984962406015
tcr_execute/hc_o + tpr_logical/hc_o,40,1064,0.03759398496240601,3.7593984962406015
tcr_execute/hc_o + tcr_shift/hc_o,40,1064,0.03759398496240601,3.7593984962406015
tcr_comparison/hc_o + tcr_execute/hc_o,40,1064,0.03759398496240601,3.7593984962406015
tcr_execute/hc_o + tcr_logical/hc_o,40,1064,0.03759398496240601,3.7593984962406015
rdata_offset_q_tag/hc_o + tcr_execute/hc_o,40,1064,0.03759398496240601,3.7593984962406015
data_type_q_tag/hc_o + tcr_execute/hc_o,40,1064,0.03759398496240601,3.7593984962406015
rdata_q_tag/hc_o + tcr_execute/hc_o,40,1064,0.03759398496240601,3.7593984962406015
if_stage/hc_o + tcr_execute/hc_o,40,1064,0.03759398496240601,3.7593984962406015
id_group6/hc_o + tcr_execute/hc_o,40,1064,0.03759398496240601,3.7593984962406015
id_group7/hc_o + tcr_execute/hc_o,40,1064,0.03759398496240601,3.7593984962406015
csr_group3/hc_o + tcr_execute/hc_o,40,1064,0.03759398496240601,3.7593984962406015
csr_group6/hc_o + tcr_execute/hc_o,40,1064,0.03759398496240601,3.7593984962406015
csr_group8/hc_o + tcr_execute/hc_o,40,1064,0.03759398496240601,3.7593984962406015
csr_group9/hc_o + tcr_execute/hc_o,40,1064,0.03759398496240601,3.7593984962406015
csr_group10/hc_o + tcr_execute/hc_o,40,1064,0.03759398496240601,3.7593984962406015
csr_group11/hc_o + tcr_execute/hc_o,40,1064,0.03759398496240601,3.7593984962406015
csr_group16/hc_o + tcr_execute/hc_o,40,1064,0.03759398496240601,3.7593984962406015
lsu_group2/hc_o + tcr_execute/hc_o,40,1064,0.03759398496240601,3.7593984962406015
lsu_group3/hc_o + tcr_execute/hc_o,40,1064,0.03759398496240601,3.7593984962406015
lsu_group4/hc_o + tcr_execute/hc_o,40,1064,0.03759398496240601,3.7593984962406015
lsu_group5/hc_o + tcr_execute/hc_o,40,1064,0.03759398496240601,3.7593984962406015
pc_if_o_tag/hc_o + tcr_execute/hc_o,21,560,0.0375,3.75
hc_o_26 + use_store_ops_ex_o,72,1932,0.037267080745341616,3.7267080745341614
id_stage/hc_o + store_dest_addr_ex_o_tag,72,1932,0.037267080745341616,3.7267080745341614
check_s1_o_tag + hc_o_26,69,1932,0.03571428571428571,3.571428571428571
hc_o_26 + memory_set_o_tag,69,1932,0.03571428571428571,3.571428571428571
alu_operator_o_mode + is_store_post_o_tag,60,1680,0.03571428571428571,3.571428571428571
data_type_q_tag + tcr_execute/hc_o,40,1120,0.03571428571428571,3.571428571428571
rdata_offset_q_tag + tcr_execute/hc_o,40,1120,0.03571428571428571,3.571428571428571
lsu_group1/hc_o + tcr_execute/hc_o,38,1064,0.03571428571428571,3.571428571428571
rf_reg[15] + rf_reg[3],30,840,0.03571428571428571,3.571428571428571
rf_reg[15] + rf_reg[4],30,840,0.03571428571428571,3.571428571428571
rf_reg[15] + rf_reg[5],30,840,0.03571428571428571,3.571428571428571
rf_reg[15] + rf_reg[6],30,840,0.03571428571428571,3.571428571428571
rf_reg[15] + rf_reg[7],30,840,0.03571428571428571,3.571428571428571
rf_reg[15] + rf_reg[8],30,840,0.03571428571428571,3.571428571428571
rf_reg[15] + rf_reg[9],30,840,0.03571428571428571,3.571428571428571
rf_reg[10] + rf_reg[15],30,840,0.03571428571428571,3.571428571428571
rf_reg[11] + rf_reg[15],30,840,0.03571428571428571,3.571428571428571
rf_reg[12] + rf_reg[15],30,840,0.03571428571428571,3.571428571428571
rf_reg[14] + rf_reg[15],30,840,0.03571428571428571,3.571428571428571
rf_reg[15] + rf_reg[16],30,840,0.03571428571428571,3.571428571428571
rf_reg[15] + rf_reg[17],30,840,0.03571428571428571,3.571428571428571
rf_reg[15] + rf_reg[18],30,840,0.03571428571428571,3.571428571428571
rf_reg[15] + rf_reg[19],30,840,0.03571428571428571,3.571428571428571
rf_reg[15] + rf_reg[20],30,840,0.03571428571428571,3.571428571428571
rf_reg[15] + rf_reg[21],30,840,0.03571428571428571,3.571428571428571
rf_reg[15] + rf_reg[22],30,840,0.03571428571428571,3.571428571428571
rf_reg[15] + rf_reg[23],30,840,0.03571428571428571,3.571428571428571
rf_reg[15] + rf_reg[24],30,840,0.03571428571428571,3.571428571428571
rf_reg[15] + rf_reg[25],30,840,0.03571428571428571,3.571428571428571
rf_reg[15] + rf_reg[26],30,840,0.03571428571428571,3.571428571428571
rf_reg[15] + rf_reg[27],30,840,0.03571428571428571,3.571428571428571
rf_reg[15] + rf_reg[28],30,840,0.03571428571428571,3.571428571428571
rf_reg[15] + rf_reg[29],30,840,0.03571428571428571,3.571428571428571
rf_reg[15] + rf_reg[30],30,840,0.03571428571428571,3.571428571428571
rf_reg[15] + rf_reg[31],30,840,0.03571428571428571,3.571428571428571
alu_operand_a_ex_o_tag + tcr_execute/hc_o,20,560,0.03571428571428571,3.571428571428571
tcr_execute/hc_o + use_store_ops_ex_o,20,560,0.03571428571428571,3.571428571428571
rf_reg[0] + tcr_execute/hc_o,20,560,0.03571428571428571,3.571428571428571
rf_reg[1] + tcr_execute/hc_o,20,560,0.03571428571428571,3.571428571428571
rf_reg[2] + tcr_execute/hc_o,20,560,0.03571428571428571,3.571428571428571
rf_reg[3] + tcr_execute/hc_o,20,560,0.03571428571428571,3.571428571428571
rf_reg[4] + tcr_execute/hc_o,20,560,0.03571428571428571,3.571428571428571
rf_reg[5] + tcr_execute/hc_o,20,560,0.03571428571428571,3.571428571428571
rf_reg[6] + tcr_execute/hc_o,20,560,0.03571428571428571,3.571428571428571
rf_reg[7] + tcr_execute/hc_o,20,560,0.03571428571428571,3.571428571428571
rf_reg[8] + tcr_execute/hc_o,20,560,0.03571428571428571,3.571428571428571
rf_reg[10] + tcr_execute/hc_o,20,560,0.03571428571428571,3.571428571428571
rf_reg[11] + tcr_execute/hc_o,20,560,0.03571428571428571,3.571428571428571
rf_reg[12] + tcr_execute/hc_o,20,560,0.03571428571428571,3.571428571428571
alu_operand_b_ex_o_tag + tcr_execute/hc_o,20,560,0.03571428571428571,3.571428571428571
rf_reg[13] + tcr_execute/hc_o,20,560,0.03571428571428571,3.571428571428571
rf_reg[14] + tcr_execute/hc_o,20,560,0.03571428571428571,3.571428571428571
rf_reg[15] + tcr_execute/hc_o,20,560,0.03571428571428571,3.571428571428571
rf_reg[16] + tcr_execute/hc_o,20,560,0.03571428571428571,3.571428571428571
rf_reg[17] + tcr_execute/hc_o,20,560,0.03571428571428571,3.571428571428571
rf_reg[18] + tcr_execute/hc_o,20,560,0.03571428571428571,3.571428571428571
rf_reg[19] + tcr_execute/hc_o,20,560,0.03571428571428571,3.571428571428571
rf_reg[20] + tcr_execute/hc_o,20,560,0.03571428571428571,3.571428571428571
rf_reg[21] + tcr_execute/hc_o,20,560,0.03571428571428571,3.571428571428571
rf_reg[22] + tcr_execute/hc_o,20,560,0.03571428571428571,3.571428571428571
rf_reg[23] + tcr_execute/hc_o,20,560,0.03571428571428571,3.571428571428571
rf_reg[24] + tcr_execute/hc_o,20,560,0.03571428571428571,3.571428571428571
alu_operand_c_ex_o_tag + tcr_execute/hc_o,20,560,0.03571428571428571,3.571428571428571
rf_reg[25] + tcr_execute/hc_o,20,560,0.03571428571428571,3.571428571428571
rf_reg[26] + tcr_execute/hc_o,20,560,0.03571428571428571,3.571428571428571
rf_reg[27] + tcr_execute/hc_o,20,560,0.03571428571428571,3.571428571428571
rf_reg[28] + tcr_execute/hc_o,20,560,0.03571428571428571,3.571428571428571
rf_reg[29] + tcr_execute/hc_o,20,560,0.03571428571428571,3.571428571428571
rf_reg[30] + tcr_execute/hc_o,20,560,0.03571428571428571,3.571428571428571
rf_reg[31] + tcr_execute/hc_o,20,560,0.03571428571428571,3.571428571428571
rs1_o_tag + tcr_execute/hc_o,20,560,0.03571428571428571,3.571428571428571
data_we_q_tag + tcr_execute/hc_o,20,560,0.03571428571428571,3.571428571428571
store_source_ex_o_tag/hc_o + tcr_execute/hc_o,20,560,0.03571428571428571,3.571428571428571
alu_operand_a_ex_o_tag/hc_o + tcr_execute/hc_o,20,560,0.03571428571428571,3.571428571428571
check_d_o_tag + tcr_execute/hc_o,20,560,0.03571428571428571,3.571428571428571
alu_operand_c_ex_o_tag/hc_o + tcr_execute/hc_o,20,560,0.03571428571428571,3.571428571428571
check_s2_o_tag/hc_o + tcr_execute/hc_o,20,560,0.03571428571428571,3.571428571428571
check_d_o_tag/hc_o + tcr_execute/hc_o,20,560,0.03571428571428571,3.571428571428571
is_store_post_o_tag/hc_o + tcr_execute/hc_o,20,560,0.03571428571428571,3.571428571428571
check_s1_o_tag + tcr_execute/hc_o,20,560,0.03571428571428571,3.571428571428571
check_s2_o_tag + tcr_execute/hc_o,20,560,0.03571428571428571,3.571428571428571
is_store_post_o_tag + tcr_execute/hc_o,20,560,0.03571428571428571,3.571428571428571
data_we_q_tag/hc_o + tcr_execute/hc_o,20,560,0.03571428571428571,3.571428571428571
pc_id_o_tag + tcr_execute/hc_o,20,560,0.03571428571428571,3.571428571428571
memory_set_o_tag + tcr_execute/hc_o,20,560,0.03571428571428571,3.571428571428571
pc_if_o_tag + tcr_execute/hc_o,20,560,0.03571428571428571,3.571428571428571
register_set_o_tag + tcr_execute/hc_o,20,560,0.03571428571428571,3.571428571428571
store_dest_addr_ex_o_tag + tcr_execute/hc_o,20,560,0.03571428571428571,3.571428571428571
store_source_ex_o_tag + tcr_execute/hc_o,20,560,0.03571428571428571,3.571428571428571
csr_group14/hc_o + tcr_execute/hc_o,20,560,0.03571428571428571,3.571428571428571
csr_group18/hc_o + tcr_execute/hc_o,20,560,0.03571428571428571,3.571428571428571
tcr_execute/hc_o + tcr_execute/sd_o,10,280,0.03571428571428571,3.571428571428571
alu_operand_a_ex_o_tag + id_stage/hc_o,68,1932,0.035196687370600416,3.5196687370600417
alu_operand_b_ex_o_tag + id_stage/hc_o,68,1932,0.035196687370600416,3.5196687370600417
alu_operator_o_mode + check_s1_o_tag,59,1680,0.03511904761904762,3.511904761904762
alu_operator_o_mode + check_d_o_tag,59,1680,0.03511904761904762,3.511904761904762
tcr/hc_o_32 + tpr/hc_o_32,3087,88116,0.03503336510962822,3.503336510962822
alu_operator_o_mode/hc_o + tpr/hc_o_32,265,7588,0.034923563521349496,3.4923563521349497
id_group8/hc_o + tcr_execute/hc_o,37,1064,0.03477443609022556,3.477443609022556
hc_o_26 + store_dest_addr_ex_o_tag,67,1932,0.03467908902691511,3.4679089026915113
csr_group12/hc_o + id_group1/hc_o,70,2044,0.03424657534246575,3.4246575342465753
csr_group15/hc_o + id_group1/hc_o,70,2044,0.03424657534246575,3.4246575342465753
alu_operand_a_ex_o_tag + alu_operator_o_mode,57,1680,0.033928571428571426,3.392857142857143
alu_operand_b_ex_o_tag + alu_operator_o_mode,57,1680,0.033928571428571426,3.392857142857143
pc_id_o_tag/hc_o + tcr_execute/hc_o,19,560,0.033928571428571426,3.392857142857143
tpr_load_store_mode/hc_o + use_store_ops_ex_o/hc_o,36,1064,0.03383458646616541,3.3834586466165413
tpr_load_store_enable/hc_o + use_store_ops_ex_o/hc_o,36,1064,0.03383458646616541,3.3834586466165413
id_group0/hc_o + store_dest_addr_ex_o_tag,18,532,0.03383458646616541,3.3834586466165413
alu_operator_o_mode + rdata_q_tag,407,12096,0.03364748677248677,3.364748677248677
alu_operand_b_ex_o_tag + hc_o_26,65,1932,0.03364389233954451,3.3643892339544514
alu_operator_o_mode/hc_o + tcr/hc_o_32,255,7588,0.03360569319978914,3.3605693199789144
alu_operand_a_ex_o_tag + hc_o_26,64,1932,0.033126293995859216,3.3126293995859215
store_dest_addr_ex_o_tag/hc_o + tpr_load_store_mode/hc_o,35,1064,0.03289473684210526,3.289473684210526
store_dest_addr_ex_o_tag/hc_o + tpr_load_store_enable/hc_o,35,1064,0.03289473684210526,3.289473684210526
check_s1_o_tag/hc_o + tpr_load_store_mode/hc_o,35,1064,0.03289473684210526,3.289473684210526
check_s1_o_tag/hc_o + tpr_load_store_enable/hc_o,35,1064,0.03289473684210526,3.289473684210526
memory_set_o_tag/hc_o + tpr_load_store_enable/hc_o,35,1064,0.03289473684210526,3.289473684210526
tcr_execute/hc_o + tpr_arith/hc_o,35,1064,0.03289473684210526,3.289473684210526
tcr_branch/hc_o + tcr_execute/hc_o,35,1064,0.03289473684210526,3.289473684210526
csr_group12/hc_o + id_group9/hc_o,35,1064,0.03289473684210526,3.289473684210526
csr_group15/hc_o + id_group9/hc_o,35,1064,0.03289473684210526,3.289473684210526
csr_group0/hc_o + tcr_execute/hc_o,35,1064,0.03289473684210526,3.289473684210526
csr_group1/hc_o + tcr_execute/hc_o,35,1064,0.03289473684210526,3.289473684210526
csr_group2/hc_o + tcr_execute/hc_o,35,1064,0.03289473684210526,3.289473684210526
csr_group4/hc_o + tcr_execute/hc_o,35,1064,0.03289473684210526,3.289473684210526
csr_group5/hc_o + tcr_execute/hc_o,35,1064,0.03289473684210526,3.289473684210526
csr_group7/hc_o + tcr_execute/hc_o,35,1064,0.03289473684210526,3.289473684210526
csr_group13/hc_o + tcr_execute/hc_o,35,1064,0.03289473684210526,3.289473684210526
csr_group17/hc_o + tcr_execute/hc_o,35,1064,0.03289473684210526,3.289473684210526
alu_operator_o_mode + rdata_offset_q_tag,110,3360,0.03273809523809524,3.273809523809524
csr_group12/hc_o + id_group2/hc_o,66,2044,0.03228962818003914,3.2289628180039136
csr_group15/hc_o + id_group2/hc_o,66,2044,0.03228962818003914,3.2289628180039136
alu_operator_o_mode + data_type_q_tag,108,3360,0.03214285714285714,3.214285714285714
rs1_o_tag/hc_o + tcr_execute/hc_o,18,560,0.03214285714285714,3.214285714285714
memory_set_o_tag/hc_o + tpr_load_store_mode/hc_o,34,1064,0.03195488721804511,3.195488721804511
hc_o_5 + tpr_load_store_mode/hc_o,125,3920,0.03188775510204082,3.188775510204082
alu_operator_o_mode + lsu_reg/hc_o,32,1008,0.031746031746031744,3.1746031746031744
hc_o_rf_tag + tpr_load_store_mode/hc_o,469,14840,0.03160377358490566,3.160377358490566
hc_o_rf_tag + tpr_load_store_enable/hc_o,466,14840,0.031401617250673856,3.1401617250673857
csr_group12/hc_o + hc_o_rf_tag,466,14840,0.031401617250673856,3.1401617250673857
csr_group15/hc_o + hc_o_rf_tag,466,14840,0.031401617250673856,3.1401617250673857
alu_operand_b_ex_o_tag/hc_o + tpr_load_store_enable/hc_o,33,1064,0.03101503759398496,3.101503759398496
rf_reg[0] + rf_reg[15],26,840,0.030952380952380953,3.0952380952380953
id_stage/hc_o + tpr/hc_o_32,906,29372,0.03084570339098461,3.084570339098461
regfile_alu_waddr_ex_o_tag + tpr_load_store_mode/hc_o,234,7588,0.03083816552451239,3.083816552451239
csr_group12/hc_o + id_group4/hc_o,63,2044,0.030821917808219176,3.0821917808219177
csr_group15/hc_o + id_group4/hc_o,63,2044,0.030821917808219176,3.0821917808219177
csr_group12/hc_o + id_group5/hc_o,63,2044,0.030821917808219176,3.0821917808219177
csr_group15/hc_o + id_group5/hc_o,63,2044,0.030821917808219176,3.0821917808219177
hc_o_5 + tpr_load_store_enable/hc_o,119,3920,0.030357142857142857,3.0357142857142856
register_set_o_tag/hc_o + tcr_execute/hc_o,17,560,0.030357142857142857,3.0357142857142856
lsu_reg/hc_o + tpr/hc_o_32,224,7448,0.03007518796992481,3.007518796992481
if_stage/hc_o + pc_if_o_tag,32,1064,0.03007518796992481,3.007518796992481
alu_operand_b_ex_o_tag/hc_o + tpr_load_store_mode/hc_o,32,1064,0.03007518796992481,3.007518796992481
csr_group12/hc_o + id_group3/hc_o,61,2044,0.02984344422700587,2.984344422700587
csr_group15/hc_o + id_group3/hc_o,61,2044,0.02984344422700587,2.984344422700587
alu_operator_o_mode + rs1_o_tag,50,1680,0.02976190476190476,2.976190476190476
csr_group12/hc_o + regfile_alu_waddr_ex_o_tag,224,7588,0.02952029520295203,2.952029520295203
csr_group15/hc_o + regfile_alu_waddr_ex_o_tag,224,7588,0.02952029520295203,2.952029520295203
tpr_arith/hc_o + tpr_load_store_mode/hc_o,60,2044,0.029354207436399216,2.935420743639922
hc_o_26 + tpr/hc_o_32,862,29372,0.029347678060738118,2.9347678060738116
alu_operator_o_mode + regfile_alu_waddr_ex_o_tag,679,23184,0.029287439613526572,2.9287439613526574
alu_operator_o_mode + data_we_q_tag,49,1680,0.029166666666666667,2.9166666666666665
alu_operator_o_mode + tpr/hc_o_32,335,11592,0.028899240855762596,2.8899240855762596
id_stage/hc_o + tcr/hc_o_32,847,29372,0.028836987607244995,2.8836987607244997
rdata_q_tag + tpr_load_store_mode/hc_o,112,3920,0.02857142857142857,2.857142857142857
rdata_q_tag + tpr_load_store_enable/hc_o,112,3920,0.02857142857142857,2.857142857142857
csr_group12/hc_o + rdata_q_tag,112,3920,0.02857142857142857,2.857142857142857
csr_group15/hc_o + rdata_q_tag,112,3920,0.02857142857142857,2.857142857142857
alu_operand_c_ex_o_tag + alu_operator_o_mode,48,1680,0.02857142857142857,2.857142857142857
memory_set_o_tag + sp_o_26,2,70,0.02857142857142857,2.857142857142857
sp_o_26 + store_dest_addr_ex_o_tag,2,70,0.02857142857142857,2.857142857142857
sp_o_26 + use_store_ops_ex_o,2,70,0.02857142857142857,2.857142857142857
rf_reg[1] + sp_o_rf_tag,2,70,0.02857142857142857,2.857142857142857
alu_operand_a_ex_o_tag + sp_o_26,2,70,0.02857142857142857,2.857142857142857
alu_operand_b_ex_o_tag + sp_o_26,2,70,0.02857142857142857,2.857142857142857
check_s1_o_tag + sp_o_26,2,70,0.02857142857142857,2.857142857142857
regfile_alu_waddr_ex_o_tag + tpr_load_store_enable/hc_o,216,7588,0.028465998945703744,2.8465998945703745
tpr/hc_o_32 + use_store_ops_ex_o/hc_o,109,3864,0.02820910973084886,2.820910973084886
alu_operand_a_ex_o_tag/hc_o + tpr_load_store_mode/hc_o,30,1064,0.02819548872180451,2.819548872180451
alu_operand_a_ex_o_tag/hc_o + tpr_load_store_enable/hc_o,30,1064,0.02819548872180451,2.819548872180451
tcr_arith/hc_o + tcr_execute/hc_o,30,1064,0.02819548872180451,2.819548872180451
tcr_execute/hc_o + tcr_jump/hc_o,30,1064,0.02819548872180451,2.819548872180451
id_group2/hc_o + use_store_ops_ex_o,15,532,0.02819548872180451,2.819548872180451
alu_operand_a_ex_o_tag + id_group2/hc_o,15,532,0.02819548872180451,2.819548872180451
hc_o_26 + tcr/hc_o_32,828,29372,0.028190113032820374,2.8190113032820374
alu_operator_o_mode + tcr/hc_o_32,326,11592,0.028122843340234644,2.8122843340234644
hc_o_rf_tag + rf_reg[1],524,18760,0.027931769722814498,2.79317697228145
store_dest_addr_ex_o_tag/hc_o + tpr/hc_o_32,107,3864,0.02769151138716356,2.769151138716356
check_s1_o_tag/hc_o + tpr/hc_o_32,107,3864,0.02769151138716356,2.769151138716356
tpr_arith/hc_o + tpr_load_store_enable/hc_o,56,2044,0.0273972602739726,2.73972602739726
tpr_branch/hc_o + tpr_load_store_mode/hc_o,56,2044,0.0273972602739726,2.73972602739726
tpr_branch/hc_o + tpr_load_store_enable/hc_o,56,2044,0.0273972602739726,2.73972602739726
tpr_jump/hc_o + tpr_load_store_mode/hc_o,56,2044,0.0273972602739726,2.73972602739726
tpr_jump/hc_o + tpr_load_store_enable/hc_o,56,2044,0.0273972602739726,2.73972602739726
tpr_load_store_mode/hc_o + tpr_shift/hc_o,56,2044,0.0273972602739726,2.73972602739726
tpr_load_store_enable/hc_o + tpr_shift/hc_o,56,2044,0.0273972602739726,2.73972602739726
tpr_comparison/hc_o + tpr_load_store_mode/hc_o,56,2044,0.0273972602739726,2.73972602739726
tpr_comparison/hc_o + tpr_load_store_enable/hc_o,56,2044,0.0273972602739726,2.73972602739726
tpr_load_store_mode/hc_o + tpr_logical/hc_o,56,2044,0.0273972602739726,2.73972602739726
tpr_load_store_enable/hc_o + tpr_logical/hc_o,56,2044,0.0273972602739726,2.73972602739726
tcr_arith/hc_o + tpr_load_store_mode/hc_o,56,2044,0.0273972602739726,2.73972602739726
tcr_branch/hc_o + tpr_load_store_mode/hc_o,56,2044,0.0273972602739726,2.73972602739726
tcr_jump/hc_o + tpr_load_store_mode/hc_o,56,2044,0.0273972602739726,2.73972602739726
tcr_shift/hc_o + tpr_load_store_mode/hc_o,56,2044,0.0273972602739726,2.73972602739726
tcr_comparison/hc_o + tpr_load_store_mode/hc_o,56,2044,0.0273972602739726,2.73972602739726
tcr_logical/hc_o + tpr_load_store_mode/hc_o,56,2044,0.0273972602739726,2.73972602739726
rdata_offset_q_tag/hc_o + tpr_load_store_mode/hc_o,56,2044,0.0273972602739726,2.73972602739726
data_type_q_tag/hc_o + tpr_load_store_mode/hc_o,56,2044,0.0273972602739726,2.73972602739726
rdata_q_tag/hc_o + tpr_load_store_mode/hc_o,56,2044,0.0273972602739726,2.73972602739726
tcr_arith/hc_o + tpr_load_store_enable/hc_o,56,2044,0.0273972602739726,2.73972602739726
tcr_branch/hc_o + tpr_load_store_enable/hc_o,56,2044,0.0273972602739726,2.73972602739726
tcr_jump/hc_o + tpr_load_store_enable/hc_o,56,2044,0.0273972602739726,2.73972602739726
tcr_shift/hc_o + tpr_load_store_enable/hc_o,56,2044,0.0273972602739726,2.73972602739726
tcr_comparison/hc_o + tpr_load_store_enable/hc_o,56,2044,0.0273972602739726,2.73972602739726
tcr_logical/hc_o + tpr_load_store_enable/hc_o,56,2044,0.0273972602739726,2.73972602739726
rdata_offset_q_tag/hc_o + tpr_load_store_enable/hc_o,56,2044,0.0273972602739726,2.73972602739726
data_type_q_tag/hc_o + tpr_load_store_enable/hc_o,56,2044,0.0273972602739726,2.73972602739726
rdata_q_tag/hc_o + tpr_load_store_enable/hc_o,56,2044,0.0273972602739726,2.73972602739726
csr_group0/hc_o + csr_group12/hc_o,56,2044,0.0273972602739726,2.73972602739726
csr_group0/hc_o + csr_group15/hc_o,56,2044,0.0273972602739726,2.73972602739726
csr_group1/hc_o + csr_group12/hc_o,56,2044,0.0273972602739726,2.73972602739726
csr_group1/hc_o + csr_group15/hc_o,56,2044,0.0273972602739726,2.73972602739726
csr_group12/hc_o + csr_group2/hc_o,56,2044,0.0273972602739726,2.73972602739726
csr_group15/hc_o + csr_group2/hc_o,56,2044,0.0273972602739726,2.73972602739726
csr_group12/hc_o + csr_group3/hc_o,56,2044,0.0273972602739726,2.73972602739726
csr_group15/hc_o + csr_group3/hc_o,56,2044,0.0273972602739726,2.73972602739726
csr_group12/hc_o + csr_group4/hc_o,56,2044,0.0273972602739726,2.73972602739726
csr_group15/hc_o + csr_group4/hc_o,56,2044,0.0273972602739726,2.73972602739726
csr_group12/hc_o + csr_group5/hc_o,56,2044,0.0273972602739726,2.73972602739726
csr_group15/hc_o + csr_group5/hc_o,56,2044,0.0273972602739726,2.73972602739726
csr_group12/hc_o + csr_group6/hc_o,56,2044,0.0273972602739726,2.73972602739726
csr_group15/hc_o + csr_group6/hc_o,56,2044,0.0273972602739726,2.73972602739726
csr_group12/hc_o + csr_group7/hc_o,56,2044,0.0273972602739726,2.73972602739726
csr_group15/hc_o + csr_group7/hc_o,56,2044,0.0273972602739726,2.73972602739726
csr_group12/hc_o + csr_group8/hc_o,56,2044,0.0273972602739726,2.73972602739726
csr_group15/hc_o + csr_group8/hc_o,56,2044,0.0273972602739726,2.73972602739726
csr_group12/hc_o + csr_group9/hc_o,56,2044,0.0273972602739726,2.73972602739726
csr_group15/hc_o + csr_group9/hc_o,56,2044,0.0273972602739726,2.73972602739726
csr_group10/hc_o + csr_group12/hc_o,56,2044,0.0273972602739726,2.73972602739726
csr_group10/hc_o + csr_group15/hc_o,56,2044,0.0273972602739726,2.73972602739726
csr_group11/hc_o + csr_group12/hc_o,56,2044,0.0273972602739726,2.73972602739726
csr_group11/hc_o + csr_group15/hc_o,56,2044,0.0273972602739726,2.73972602739726
csr_group12/hc_o + csr_group13/hc_o,56,2044,0.0273972602739726,2.73972602739726
csr_group12/hc_o + csr_group16/hc_o,56,2044,0.0273972602739726,2.73972602739726
csr_group12/hc_o + lsu_group2/hc_o,56,2044,0.0273972602739726,2.73972602739726
csr_group12/hc_o + lsu_group3/hc_o,56,2044,0.0273972602739726,2.73972602739726
csr_group12/hc_o + lsu_group4/hc_o,56,2044,0.0273972602739726,2.73972602739726
csr_group12/hc_o + lsu_group5/hc_o,56,2044,0.0273972602739726,2.73972602739726
csr_group15/hc_o + csr_group16/hc_o,56,2044,0.0273972602739726,2.73972602739726
csr_group15/hc_o + lsu_group2/hc_o,56,2044,0.0273972602739726,2.73972602739726
csr_group15/hc_o + lsu_group3/hc_o,56,2044,0.0273972602739726,2.73972602739726
csr_group15/hc_o + lsu_group4/hc_o,56,2044,0.0273972602739726,2.73972602739726
csr_group15/hc_o + lsu_group5/hc_o,56,2044,0.0273972602739726,2.73972602739726
pc_if_o_tag/hc_o + tpr_load_store_enable/hc_o,29,1064,0.02725563909774436,2.725563909774436
is_store_post_o_tag/hc_o + tpr_load_store_mode/hc_o,29,1064,0.02725563909774436,2.725563909774436
memory_set_o_tag/hc_o + tpr/hc_o_32,105,3864,0.02717391304347826,2.717391304347826
tpr/hc_o_32 + tpr_q,362,13440,0.02693452380952381,2.693452380952381
csr_group12/hc_o + id_group6/hc_o,55,2044,0.026908023483365948,2.690802348336595
csr_group15/hc_o + id_group6/hc_o,55,2044,0.026908023483365948,2.690802348336595
csr_group19/hc_o + tcr_execute/hc_o,15,560,0.026785714285714284,2.6785714285714284
csr_group12/hc_o + id_group7/hc_o,54,2044,0.026418786692759294,2.6418786692759295
csr_group15/hc_o + id_group7/hc_o,54,2044,0.026418786692759294,2.6418786692759295
csr_group12/hc_o + id_group8/hc_o,54,2044,0.026418786692759294,2.6418786692759295
csr_group15/hc_o + id_group8/hc_o,54,2044,0.026418786692759294,2.6418786692759295
csr_group12/hc_o + lsu_group1/hc_o,54,2044,0.026418786692759294,2.6418786692759295
csr_group15/hc_o + lsu_group1/hc_o,54,2044,0.026418786692759294,2.6418786692759295
alu_operand_b_ex_o_tag/hc_o + tpr/hc_o_32,102,3864,0.026397515527950312,2.639751552795031
data_type_q_tag + tpr_load_store_mode/hc_o,28,1064,0.02631578947368421,2.631578947368421
data_type_q_tag + tpr_load_store_enable/hc_o,28,1064,0.02631578947368421,2.631578947368421
rdata_offset_q_tag + tpr_load_store_mode/hc_o,28,1064,0.02631578947368421,2.631578947368421
rdata_offset_q_tag + tpr_load_store_enable/hc_o,28,1064,0.02631578947368421,2.631578947368421
pc_if_o_tag/hc_o + tpr_load_store_mode/hc_o,28,1064,0.02631578947368421,2.631578947368421
store_source_ex_o_tag/hc_o + tpr_load_store_mode/hc_o,28,1064,0.02631578947368421,2.631578947368421
store_source_ex_o_tag/hc_o + tpr_load_store_enable/hc_o,28,1064,0.02631578947368421,2.631578947368421
alu_operand_c_ex_o_tag/hc_o + tpr_load_store_mode/hc_o,28,1064,0.02631578947368421,2.631578947368421
alu_operand_c_ex_o_tag/hc_o + tpr_load_store_enable/hc_o,28,1064,0.02631578947368421,2.631578947368421
is_store_post_o_tag/hc_o + tpr_load_store_enable/hc_o,28,1064,0.02631578947368421,2.631578947368421
data_we_q_tag/hc_o + tpr_load_store_mode/hc_o,28,1064,0.02631578947368421,2.631578947368421
data_we_q_tag/hc_o + tpr_load_store_enable/hc_o,28,1064,0.02631578947368421,2.631578947368421
csr_group12/hc_o + data_type_q_tag,28,1064,0.02631578947368421,2.631578947368421
csr_group15/hc_o + data_type_q_tag,28,1064,0.02631578947368421,2.631578947368421
csr_group12/hc_o + rdata_offset_q_tag,28,1064,0.02631578947368421,2.631578947368421
csr_group15/hc_o + rdata_offset_q_tag,28,1064,0.02631578947368421,2.631578947368421
alu_operator_o_mode + csr_group12/hc_o,28,1064,0.02631578947368421,2.631578947368421
alu_operator_o_mode + csr_group15/hc_o,28,1064,0.02631578947368421,2.631578947368421
csr_group12/hc_o + csr_group14/hc_o,28,1064,0.02631578947368421,2.631578947368421
csr_group12/hc_o + csr_group18/hc_o,28,1064,0.02631578947368421,2.631578947368421
csr_group12/hc_o + csr_group19/hc_o,28,1064,0.02631578947368421,2.631578947368421
csr_group14/hc_o + csr_group15/hc_o,28,1064,0.02631578947368421,2.631578947368421
csr_group15/hc_o + csr_group18/hc_o,28,1064,0.02631578947368421,2.631578947368421
csr_group15/hc_o + csr_group19/hc_o,28,1064,0.02631578947368421,2.631578947368421
alu_operand_a_ex_o_tag + tpr_load_store_mode/hc_o,14,532,0.02631578947368421,2.631578947368421
alu_operand_a_ex_o_tag + tpr_load_store_enable/hc_o,14,532,0.02631578947368421,2.631578947368421
tpr_load_store_mode/hc_o + use_store_ops_ex_o,14,532,0.02631578947368421,2.631578947368421
tpr_load_store_enable/hc_o + use_store_ops_ex_o,14,532,0.02631578947368421,2.631578947368421
rf_reg[0] + tpr_load_store_mode/hc_o,14,532,0.02631578947368421,2.631578947368421
rf_reg[0] + tpr_load_store_enable/hc_o,14,532,0.02631578947368421,2.631578947368421
rf_reg[1] + tpr_load_store_mode/hc_o,14,532,0.02631578947368421,2.631578947368421
rf_reg[1] + tpr_load_store_enable/hc_o,14,532,0.02631578947368421,2.631578947368421
rf_reg[2] + tpr_load_store_mode/hc_o,14,532,0.02631578947368421,2.631578947368421
rf_reg[2] + tpr_load_store_enable/hc_o,14,532,0.02631578947368421,2.631578947368421
rf_reg[3] + tpr_load_store_mode/hc_o,14,532,0.02631578947368421,2.631578947368421
rf_reg[3] + tpr_load_store_enable/hc_o,14,532,0.02631578947368421,2.631578947368421
rf_reg[4] + tpr_load_store_mode/hc_o,14,532,0.02631578947368421,2.631578947368421
rf_reg[4] + tpr_load_store_enable/hc_o,14,532,0.02631578947368421,2.631578947368421
rf_reg[5] + tpr_load_store_mode/hc_o,14,532,0.02631578947368421,2.631578947368421
rf_reg[5] + tpr_load_store_enable/hc_o,14,532,0.02631578947368421,2.631578947368421
rf_reg[6] + tpr_load_store_mode/hc_o,14,532,0.02631578947368421,2.631578947368421
rf_reg[6] + tpr_load_store_enable/hc_o,14,532,0.02631578947368421,2.631578947368421
rf_reg[7] + tpr_load_store_mode/hc_o,14,532,0.02631578947368421,2.631578947368421
rf_reg[7] + tpr_load_store_enable/hc_o,14,532,0.02631578947368421,2.631578947368421
rf_reg[8] + tpr_load_store_mode/hc_o,14,532,0.02631578947368421,2.631578947368421
rf_reg[8] + tpr_load_store_enable/hc_o,14,532,0.02631578947368421,2.631578947368421
rf_reg[9] + tpr_load_store_mode/hc_o,14,532,0.02631578947368421,2.631578947368421
rf_reg[9] + tpr_load_store_enable/hc_o,14,532,0.02631578947368421,2.631578947368421
alu_operand_b_ex_o_tag + tpr_load_store_mode/hc_o,14,532,0.02631578947368421,2.631578947368421
alu_operand_b_ex_o_tag + tpr_load_store_enable/hc_o,14,532,0.02631578947368421,2.631578947368421
rf_reg[10] + tpr_load_store_mode/hc_o,14,532,0.02631578947368421,2.631578947368421
rf_reg[10] + tpr_load_store_enable/hc_o,14,532,0.02631578947368421,2.631578947368421
rf_reg[11] + tpr_load_store_mode/hc_o,14,532,0.02631578947368421,2.631578947368421
rf_reg[11] + tpr_load_store_enable/hc_o,14,532,0.02631578947368421,2.631578947368421
rf_reg[12] + tpr_load_store_mode/hc_o,14,532,0.02631578947368421,2.631578947368421
rf_reg[12] + tpr_load_store_enable/hc_o,14,532,0.02631578947368421,2.631578947368421
rf_reg[13] + tpr_load_store_mode/hc_o,14,532,0.02631578947368421,2.631578947368421
rf_reg[13] + tpr_load_store_enable/hc_o,14,532,0.02631578947368421,2.631578947368421
rf_reg[14] + tpr_load_store_mode/hc_o,14,532,0.02631578947368421,2.631578947368421
rf_reg[14] + tpr_load_store_enable/hc_o,14,532,0.02631578947368421,2.631578947368421
rf_reg[15] + tpr_load_store_mode/hc_o,14,532,0.02631578947368421,2.631578947368421
rf_reg[15] + tpr_load_store_enable/hc_o,14,532,0.02631578947368421,2.631578947368421
rf_reg[16] + tpr_load_store_mode/hc_o,14,532,0.02631578947368421,2.631578947368421
rf_reg[16] + tpr_load_store_enable/hc_o,14,532,0.02631578947368421,2.631578947368421
rf_reg[17] + tpr_load_store_mode/hc_o,14,532,0.02631578947368421,2.631578947368421
rf_reg[17] + tpr_load_store_enable/hc_o,14,532,0.02631578947368421,2.631578947368421
rf_reg[18] + tpr_load_store_mode/hc_o,14,532,0.02631578947368421,2.631578947368421
rf_reg[18] + tpr_load_store_enable/hc_o,14,532,0.02631578947368421,2.631578947368421
rf_reg[19] + tpr_load_store_mode/hc_o,14,532,0.02631578947368421,2.631578947368421
rf_reg[19] + tpr_load_store_enable/hc_o,14,532,0.02631578947368421,2.631578947368421
rf_reg[20] + tpr_load_store_mode/hc_o,14,532,0.02631578947368421,2.631578947368421
rf_reg[20] + tpr_load_store_enable/hc_o,14,532,0.02631578947368421,2.631578947368421
rf_reg[21] + tpr_load_store_mode/hc_o,14,532,0.02631578947368421,2.631578947368421
rf_reg[21] + tpr_load_store_enable/hc_o,14,532,0.02631578947368421,2.631578947368421
rf_reg[22] + tpr_load_store_mode/hc_o,14,532,0.02631578947368421,2.631578947368421
rf_reg[22] + tpr_load_store_enable/hc_o,14,532,0.02631578947368421,2.631578947368421
rf_reg[23] + tpr_load_store_mode/hc_o,14,532,0.02631578947368421,2.631578947368421
rf_reg[23] + tpr_load_store_enable/hc_o,14,532,0.02631578947368421,2.631578947368421
rf_reg[24] + tpr_load_store_mode/hc_o,14,532,0.02631578947368421,2.631578947368421
rf_reg[24] + tpr_load_store_enable/hc_o,14,532,0.02631578947368421,2.631578947368421
alu_operand_c_ex_o_tag + tpr_load_store_mode/hc_o,14,532,0.02631578947368421,2.631578947368421
alu_operand_c_ex_o_tag + tpr_load_store_enable/hc_o,14,532,0.02631578947368421,2.631578947368421
rf_reg[25] + tpr_load_store_mode/hc_o,14,532,0.02631578947368421,2.631578947368421
rf_reg[25] + tpr_load_store_enable/hc_o,14,532,0.02631578947368421,2.631578947368421
rf_reg[26] + tpr_load_store_mode/hc_o,14,532,0.02631578947368421,2.631578947368421
rf_reg[26] + tpr_load_store_enable/hc_o,14,532,0.02631578947368421,2.631578947368421
rf_reg[27] + tpr_load_store_mode/hc_o,14,532,0.02631578947368421,2.631578947368421
rf_reg[27] + tpr_load_store_enable/hc_o,14,532,0.02631578947368421,2.631578947368421
rf_reg[28] + tpr_load_store_mode/hc_o,14,532,0.02631578947368421,2.631578947368421
rf_reg[28] + tpr_load_store_enable/hc_o,14,532,0.02631578947368421,2.631578947368421
rf_reg[29] + tpr_load_store_mode/hc_o,14,532,0.02631578947368421,2.631578947368421
rf_reg[29] + tpr_load_store_enable/hc_o,14,532,0.02631578947368421,2.631578947368421
rf_reg[30] + tpr_load_store_mode/hc_o,14,532,0.02631578947368421,2.631578947368421
rf_reg[30] + tpr_load_store_enable/hc_o,14,532,0.02631578947368421,2.631578947368421
rf_reg[31] + tpr_load_store_mode/hc_o,14,532,0.02631578947368421,2.631578947368421
rf_reg[31] + tpr_load_store_enable/hc_o,14,532,0.02631578947368421,2.631578947368421
rs1_o_tag + tpr_load_store_mode/hc_o,14,532,0.02631578947368421,2.631578947368421
rs1_o_tag + tpr_load_store_enable/hc_o,14,532,0.02631578947368421,2.631578947368421
data_we_q_tag + tpr_load_store_mode/hc_o,14,532,0.02631578947368421,2.631578947368421
data_we_q_tag + tpr_load_store_enable/hc_o,14,532,0.02631578947368421,2.631578947368421
check_d_o_tag + tpr_load_store_mode/hc_o,14,532,0.02631578947368421,2.631578947368421
check_d_o_tag + tpr_load_store_enable/hc_o,14,532,0.02631578947368421,2.631578947368421
pc_id_o_tag + tpr_load_store_mode/hc_o,14,532,0.02631578947368421,2.631578947368421
pc_id_o_tag + tpr_load_store_enable/hc_o,14,532,0.02631578947368421,2.631578947368421
check_s1_o_tag + tpr_load_store_mode/hc_o,14,532,0.02631578947368421,2.631578947368421
check_s1_o_tag + tpr_load_store_enable/hc_o,14,532,0.02631578947368421,2.631578947368421
check_s2_o_tag + tpr_load_store_mode/hc_o,14,532,0.02631578947368421,2.631578947368421
check_s2_o_tag + tpr_load_store_enable/hc_o,14,532,0.02631578947368421,2.631578947368421
is_store_post_o_tag + tpr_load_store_mode/hc_o,14,532,0.02631578947368421,2.631578947368421
is_store_post_o_tag + tpr_load_store_enable/hc_o,14,532,0.02631578947368421,2.631578947368421
memory_set_o_tag + tpr_load_store_mode/hc_o,14,532,0.02631578947368421,2.631578947368421
memory_set_o_tag + tpr_load_store_enable/hc_o,14,532,0.02631578947368421,2.631578947368421
pc_if_o_tag + tpr_load_store_mode/hc_o,14,532,0.02631578947368421,2.631578947368421
pc_if_o_tag + tpr_load_store_enable/hc_o,14,532,0.02631578947368421,2.631578947368421
register_set_o_tag + tpr_load_store_mode/hc_o,14,532,0.02631578947368421,2.631578947368421
register_set_o_tag + tpr_load_store_enable/hc_o,14,532,0.02631578947368421,2.631578947368421
store_dest_addr_ex_o_tag + tpr_load_store_mode/hc_o,14,532,0.02631578947368421,2.631578947368421
store_dest_addr_ex_o_tag + tpr_load_store_enable/hc_o,14,532,0.02631578947368421,2.631578947368421
store_source_ex_o_tag + tpr_load_store_mode/hc_o,14,532,0.02631578947368421,2.631578947368421
store_source_ex_o_tag + tpr_load_store_enable/hc_o,14,532,0.02631578947368421,2.631578947368421
csr_group12/hc_o + register_set_o_tag,14,532,0.02631578947368421,2.631578947368421
csr_group15/hc_o + register_set_o_tag,14,532,0.02631578947368421,2.631578947368421
csr_group12/hc_o + store_dest_addr_ex_o_tag,14,532,0.02631578947368421,2.631578947368421
csr_group15/hc_o + store_dest_addr_ex_o_tag,14,532,0.02631578947368421,2.631578947368421
csr_group12/hc_o + store_source_ex_o_tag,14,532,0.02631578947368421,2.631578947368421
csr_group15/hc_o + store_source_ex_o_tag,14,532,0.02631578947368421,2.631578947368421
alu_operand_a_ex_o_tag + csr_group12/hc_o,14,532,0.02631578947368421,2.631578947368421
alu_operand_a_ex_o_tag + csr_group15/hc_o,14,532,0.02631578947368421,2.631578947368421
csr_group12/hc_o + use_store_ops_ex_o,14,532,0.02631578947368421,2.631578947368421
csr_group15/hc_o + use_store_ops_ex_o,14,532,0.02631578947368421,2.631578947368421
csr_group12/hc_o + rf_reg[0],14,532,0.02631578947368421,2.631578947368421
csr_group15/hc_o + rf_reg[0],14,532,0.02631578947368421,2.631578947368421
csr_group12/hc_o + rf_reg[1],14,532,0.02631578947368421,2.631578947368421
csr_group15/hc_o + rf_reg[1],14,532,0.02631578947368421,2.631578947368421
csr_group12/hc_o + rf_reg[2],14,532,0.02631578947368421,2.631578947368421
csr_group15/hc_o + rf_reg[2],14,532,0.02631578947368421,2.631578947368421
csr_group12/hc_o + rf_reg[3],14,532,0.02631578947368421,2.631578947368421
csr_group15/hc_o + rf_reg[3],14,532,0.02631578947368421,2.631578947368421
csr_group12/hc_o + rf_reg[4],14,532,0.02631578947368421,2.631578947368421
csr_group15/hc_o + rf_reg[4],14,532,0.02631578947368421,2.631578947368421
alu_operand_b_ex_o_tag + id_group3/hc_o,14,532,0.02631578947368421,2.631578947368421
csr_group12/hc_o + rf_reg[5],14,532,0.02631578947368421,2.631578947368421
csr_group15/hc_o + rf_reg[5],14,532,0.02631578947368421,2.631578947368421
csr_group12/hc_o + rf_reg[6],14,532,0.02631578947368421,2.631578947368421
csr_group15/hc_o + rf_reg[6],14,532,0.02631578947368421,2.631578947368421
csr_group12/hc_o + rf_reg[7],14,532,0.02631578947368421,2.631578947368421
csr_group15/hc_o + rf_reg[7],14,532,0.02631578947368421,2.631578947368421
csr_group12/hc_o + rf_reg[8],14,532,0.02631578947368421,2.631578947368421
csr_group15/hc_o + rf_reg[8],14,532,0.02631578947368421,2.631578947368421
csr_group12/hc_o + rf_reg[9],14,532,0.02631578947368421,2.631578947368421
csr_group15/hc_o + rf_reg[9],14,532,0.02631578947368421,2.631578947368421
csr_group12/hc_o + rf_reg[10],14,532,0.02631578947368421,2.631578947368421
csr_group15/hc_o + rf_reg[10],14,532,0.02631578947368421,2.631578947368421
alu_operand_b_ex_o_tag + csr_group12/hc_o,14,532,0.02631578947368421,2.631578947368421
alu_operand_b_ex_o_tag + csr_group15/hc_o,14,532,0.02631578947368421,2.631578947368421
csr_group12/hc_o + rf_reg[11],14,532,0.02631578947368421,2.631578947368421
csr_group15/hc_o + rf_reg[11],14,532,0.02631578947368421,2.631578947368421
csr_group12/hc_o + rf_reg[12],14,532,0.02631578947368421,2.631578947368421
csr_group15/hc_o + rf_reg[12],14,532,0.02631578947368421,2.631578947368421
csr_group12/hc_o + rf_reg[13],14,532,0.02631578947368421,2.631578947368421
csr_group15/hc_o + rf_reg[13],14,532,0.02631578947368421,2.631578947368421
csr_group12/hc_o + rf_reg[14],14,532,0.02631578947368421,2.631578947368421
csr_group15/hc_o + rf_reg[14],14,532,0.02631578947368421,2.631578947368421
csr_group12/hc_o + rf_reg[15],14,532,0.02631578947368421,2.631578947368421
csr_group15/hc_o + rf_reg[15],14,532,0.02631578947368421,2.631578947368421
csr_group12/hc_o + rf_reg[16],14,532,0.02631578947368421,2.631578947368421
csr_group15/hc_o + rf_reg[16],14,532,0.02631578947368421,2.631578947368421
csr_group12/hc_o + rf_reg[17],14,532,0.02631578947368421,2.631578947368421
csr_group15/hc_o + rf_reg[17],14,532,0.02631578947368421,2.631578947368421
csr_group12/hc_o + rf_reg[18],14,532,0.02631578947368421,2.631578947368421
csr_group15/hc_o + rf_reg[18],14,532,0.02631578947368421,2.631578947368421
csr_group12/hc_o + rf_reg[19],14,532,0.02631578947368421,2.631578947368421
csr_group15/hc_o + rf_reg[19],14,532,0.02631578947368421,2.631578947368421
csr_group12/hc_o + rf_reg[20],14,532,0.02631578947368421,2.631578947368421
csr_group15/hc_o + rf_reg[20],14,532,0.02631578947368421,2.631578947368421
csr_group12/hc_o + rf_reg[21],14,532,0.02631578947368421,2.631578947368421
csr_group15/hc_o + rf_reg[21],14,532,0.02631578947368421,2.631578947368421
csr_group12/hc_o + rf_reg[22],14,532,0.02631578947368421,2.631578947368421
csr_group15/hc_o + rf_reg[22],14,532,0.02631578947368421,2.631578947368421
csr_group12/hc_o + rf_reg[23],14,532,0.02631578947368421,2.631578947368421
csr_group15/hc_o + rf_reg[23],14,532,0.02631578947368421,2.631578947368421
alu_operand_c_ex_o_tag + csr_group12/hc_o,14,532,0.02631578947368421,2.631578947368421
alu_operand_c_ex_o_tag + csr_group15/hc_o,14,532,0.02631578947368421,2.631578947368421
csr_group12/hc_o + rf_reg[24],14,532,0.02631578947368421,2.631578947368421
csr_group15/hc_o + rf_reg[24],14,532,0.02631578947368421,2.631578947368421
csr_group12/hc_o + rf_reg[25],14,532,0.02631578947368421,2.631578947368421
csr_group15/hc_o + rf_reg[25],14,532,0.02631578947368421,2.631578947368421
csr_group12/hc_o + rf_reg[26],14,532,0.02631578947368421,2.631578947368421
csr_group15/hc_o + rf_reg[26],14,532,0.02631578947368421,2.631578947368421
csr_group12/hc_o + rf_reg[27],14,532,0.02631578947368421,2.631578947368421
csr_group15/hc_o + rf_reg[27],14,532,0.02631578947368421,2.631578947368421
csr_group12/hc_o + rf_reg[28],14,532,0.02631578947368421,2.631578947368421
csr_group15/hc_o + rf_reg[28],14,532,0.02631578947368421,2.631578947368421
csr_group12/hc_o + rf_reg[29],14,532,0.02631578947368421,2.631578947368421
csr_group15/hc_o + rf_reg[29],14,532,0.02631578947368421,2.631578947368421
csr_group12/hc_o + rf_reg[30],14,532,0.02631578947368421,2.631578947368421
csr_group15/hc_o + rf_reg[30],14,532,0.02631578947368421,2.631578947368421
csr_group12/hc_o + rf_reg[31],14,532,0.02631578947368421,2.631578947368421
csr_group15/hc_o + rf_reg[31],14,532,0.02631578947368421,2.631578947368421
csr_group12/hc_o + rs1_o_tag,14,532,0.02631578947368421,2.631578947368421
csr_group15/hc_o + rs1_o_tag,14,532,0.02631578947368421,2.631578947368421
csr_group12/hc_o + data_we_q_tag,14,532,0.02631578947368421,2.631578947368421
csr_group15/hc_o + data_we_q_tag,14,532,0.02631578947368421,2.631578947368421
check_d_o_tag + csr_group12/hc_o,14,532,0.02631578947368421,2.631578947368421
check_d_o_tag + csr_group15/hc_o,14,532,0.02631578947368421,2.631578947368421
check_s1_o_tag + id_group5/hc_o,14,532,0.02631578947368421,2.631578947368421
check_s1_o_tag + csr_group12/hc_o,14,532,0.02631578947368421,2.631578947368421
check_s1_o_tag + csr_group15/hc_o,14,532,0.02631578947368421,2.631578947368421
check_s2_o_tag + csr_group12/hc_o,14,532,0.02631578947368421,2.631578947368421
check_s2_o_tag + csr_group15/hc_o,14,532,0.02631578947368421,2.631578947368421
csr_group12/hc_o + pc_id_o_tag,14,532,0.02631578947368421,2.631578947368421
csr_group15/hc_o + pc_id_o_tag,14,532,0.02631578947368421,2.631578947368421
csr_group12/hc_o + is_store_post_o_tag,14,532,0.02631578947368421,2.631578947368421
csr_group15/hc_o + is_store_post_o_tag,14,532,0.02631578947368421,2.631578947368421
csr_group12/hc_o + memory_set_o_tag,14,532,0.02631578947368421,2.631578947368421
csr_group15/hc_o + memory_set_o_tag,14,532,0.02631578947368421,2.631578947368421
csr_group12/hc_o + pc_if_o_tag,14,532,0.02631578947368421,2.631578947368421
csr_group15/hc_o + pc_if_o_tag,14,532,0.02631578947368421,2.631578947368421
tpr_load_store_mode/hc_o + tpr_load_store_mode/sd_o,7,266,0.02631578947368421,2.631578947368421
tpr_load_store_enable/hc_o + tpr_load_store_enable/sd_o,7,266,0.02631578947368421,2.631578947368421
tcr_load_store/hc_o + tcr_load_store/sd_o,7,266,0.02631578947368421,2.631578947368421
csr_group12/hc_o + csr_group12/sd_o,7,266,0.02631578947368421,2.631578947368421
csr_group15/hc_o + csr_group15/sd_o,7,266,0.02631578947368421,2.631578947368421
tcr/hc_o_32 + use_store_ops_ex_o/hc_o,101,3864,0.02613871635610766,2.613871635610766
store_dest_addr_ex_o_tag/hc_o + tcr/hc_o_32,100,3864,0.025879917184265012,2.587991718426501
check_s1_o_tag/hc_o + tcr/hc_o_32,100,3864,0.025879917184265012,2.587991718426501
lsu_reg/hc_o + tcr/hc_o_32,192,7448,0.02577873254564984,2.577873254564984
check_s2_o_tag/hc_o + tpr_load_store_mode/hc_o,27,1064,0.02537593984962406,2.537593984962406
check_s2_o_tag/hc_o + tpr_load_store_enable/hc_o,27,1064,0.02537593984962406,2.537593984962406
memory_set_o_tag/hc_o + tcr/hc_o_32,98,3864,0.025362318840579712,2.536231884057971
alu_operand_a_ex_o_tag/hc_o + tpr/hc_o_32,97,3864,0.02510351966873706,2.510351966873706
alu_operator_o_mode + rf_reg[15],42,1680,0.025,2.5
alu_operand_b_ex_o_tag + alu_operand_b_ex_o_tag/hc_o,14,560,0.025,2.5
check_s1_o_tag + check_s1_o_tag/hc_o,14,560,0.025,2.5
memory_set_o_tag + memory_set_o_tag/hc_o,14,560,0.025,2.5
pc_if_o_tag + pc_if_o_tag/hc_o,14,560,0.025,2.5
alu_operand_a_ex_o_tag + alu_operand_a_ex_o_tag/hc_o,14,560,0.025,2.5
store_dest_addr_ex_o_tag + store_dest_addr_ex_o_tag/hc_o,14,560,0.025,2.5
use_store_ops_ex_o + use_store_ops_ex_o/hc_o,14,560,0.025,2.5
id_group9/hc_o + memory_set_o_tag,7,280,0.025,2.5
alu_operand_b_ex_o_tag/hc_o + tcr/hc_o_32,96,3864,0.024844720496894408,2.484472049689441
csr_group12/hc_o + if_stage/hc_o,50,2044,0.02446183953033268,2.446183953033268
csr_group15/hc_o + if_stage/hc_o,50,2044,0.02446183953033268,2.446183953033268
check_d_o_tag/hc_o + tpr_load_store_mode/hc_o,26,1064,0.02443609022556391,2.443609022556391
check_d_o_tag/hc_o + tpr_load_store_enable/hc_o,26,1064,0.02443609022556391,2.443609022556391
register_set_o_tag/hc_o + tpr_load_store_mode/hc_o,26,1064,0.02443609022556391,2.443609022556391
register_set_o_tag/hc_o + tpr_load_store_enable/hc_o,26,1064,0.02443609022556391,2.443609022556391
rs1_o_tag/hc_o + tpr_load_store_mode/hc_o,26,1064,0.02443609022556391,2.443609022556391
rs1_o_tag/hc_o + tpr_load_store_enable/hc_o,26,1064,0.02443609022556391,2.443609022556391
csr_group12/hc_o + csr_group17/hc_o,49,2044,0.023972602739726026,2.3972602739726026
csr_group13/hc_o + csr_group15/hc_o,49,2044,0.023972602739726026,2.3972602739726026
csr_group15/hc_o + csr_group17/hc_o,49,2044,0.023972602739726026,2.3972602739726026
pc_if_o_tag/hc_o + tpr/hc_o_32,92,3864,0.023809523809523808,2.380952380952381
alu_operand_a_ex_o_tag/hc_o + tcr/hc_o_32,92,3864,0.023809523809523808,2.380952380952381
memory_set_o_tag + use_store_ops_ex_o,20,840,0.023809523809523808,2.380952380952381
rf_reg[0] + rf_reg[16],20,840,0.023809523809523808,2.380952380952381
rf_reg[12] + rf_reg[3],20,840,0.023809523809523808,2.380952380952381
rf_reg[22] + rf_reg[4],20,840,0.023809523809523808,2.380952380952381
rf_reg[25] + rf_reg[5],20,840,0.023809523809523808,2.380952380952381
rf_reg[24] + rf_reg[6],20,840,0.023809523809523808,2.380952380952381
rf_reg[19] + rf_reg[7],20,840,0.023809523809523808,2.380952380952381
rf_reg[18] + rf_reg[8],20,840,0.023809523809523808,2.380952380952381
rf_reg[21] + rf_reg[9],20,840,0.023809523809523808,2.380952380952381
rf_reg[10] + rf_reg[20],20,840,0.023809523809523808,2.380952380952381
id_stage/hc_o + lsu_reg/hc_o,176,7448,0.023630504833512353,2.3630504833512354
id_group4/hc_o + regfile_alu_waddr_ex_o_tag,179,7588,0.023589878755930417,2.3589878755930416
pc_if_o_tag/hc_o + tcr/hc_o_32,89,3864,0.02303312629399586,2.303312629399586
tcr/hc_o_32 + tcr_q,306,13440,0.022767857142857142,2.276785714285714
alu_operator_o_mode/hc_o + use_store_ops_ex_o/hc_o,48,2128,0.022556390977443608,2.2556390977443606
alu_operator_o_mode + check_s2_o_tag,37,1680,0.022023809523809525,2.2023809523809526
alu_operator_o_mode + register_set_o_tag,37,1680,0.022023809523809525,2.2023809523809526
hc_o_5 + tpr/hc_o_32,648,29792,0.021750805585392052,2.1750805585392055
check_d_o_tag + tpr/hc_o_32,126,5796,0.021739130434782608,2.1739130434782608
check_s1_o_tag + tpr/hc_o_32,126,5796,0.021739130434782608,2.1739130434782608
check_s2_o_tag + tpr/hc_o_32,126,5796,0.021739130434782608,2.1739130434782608
is_store_post_o_tag + tpr/hc_o_32,126,5796,0.021739130434782608,2.1739130434782608
pc_id_o_tag + tpr/hc_o_32,126,5796,0.021739130434782608,2.1739130434782608
memory_set_o_tag + tpr/hc_o_32,126,5796,0.021739130434782608,2.1739130434782608
pc_if_o_tag + tpr/hc_o_32,126,5796,0.021739130434782608,2.1739130434782608
register_set_o_tag + tpr/hc_o_32,126,5796,0.021739130434782608,2.1739130434782608
store_dest_addr_ex_o_tag + tpr/hc_o_32,126,5796,0.021739130434782608,2.1739130434782608
alu_operand_a_ex_o_tag + tpr/hc_o_32,126,5796,0.021739130434782608,2.1739130434782608
store_source_ex_o_tag + tpr/hc_o_32,126,5796,0.021739130434782608,2.1739130434782608
tpr/hc_o_32 + use_store_ops_ex_o,126,5796,0.021739130434782608,2.1739130434782608
rf_reg[0] + tpr/hc_o_32,126,5796,0.021739130434782608,2.1739130434782608
rf_reg[1] + tpr/hc_o_32,126,5796,0.021739130434782608,2.1739130434782608
rf_reg[2] + tpr/hc_o_32,126,5796,0.021739130434782608,2.1739130434782608
rf_reg[3] + tpr/hc_o_32,126,5796,0.021739130434782608,2.1739130434782608
rf_reg[4] + tpr/hc_o_32,126,5796,0.021739130434782608,2.1739130434782608
rf_reg[5] + tpr/hc_o_32,126,5796,0.021739130434782608,2.1739130434782608
rf_reg[6] + tpr/hc_o_32,126,5796,0.021739130434782608,2.1739130434782608
rf_reg[7] + tpr/hc_o_32,126,5796,0.021739130434782608,2.1739130434782608
rf_reg[8] + tpr/hc_o_32,126,5796,0.021739130434782608,2.1739130434782608
rf_reg[9] + tpr/hc_o_32,126,5796,0.021739130434782608,2.1739130434782608
rf_reg[10] + tpr/hc_o_32,126,5796,0.021739130434782608,2.1739130434782608
rf_reg[11] + tpr/hc_o_32,126,5796,0.021739130434782608,2.1739130434782608
rf_reg[12] + tpr/hc_o_32,126,5796,0.021739130434782608,2.1739130434782608
alu_operand_b_ex_o_tag + tpr/hc_o_32,126,5796,0.021739130434782608,2.1739130434782608
rf_reg[13] + tpr/hc_o_32,126,5796,0.021739130434782608,2.1739130434782608
rf_reg[14] + tpr/hc_o_32,126,5796,0.021739130434782608,2.1739130434782608
rf_reg[15] + tpr/hc_o_32,126,5796,0.021739130434782608,2.1739130434782608
rf_reg[16] + tpr/hc_o_32,126,5796,0.021739130434782608,2.1739130434782608
rf_reg[17] + tpr/hc_o_32,126,5796,0.021739130434782608,2.1739130434782608
rf_reg[18] + tpr/hc_o_32,126,5796,0.021739130434782608,2.1739130434782608
rf_reg[19] + tpr/hc_o_32,126,5796,0.021739130434782608,2.1739130434782608
rf_reg[20] + tpr/hc_o_32,126,5796,0.021739130434782608,2.1739130434782608
rf_reg[21] + tpr/hc_o_32,126,5796,0.021739130434782608,2.1739130434782608
rf_reg[22] + tpr/hc_o_32,126,5796,0.021739130434782608,2.1739130434782608
rf_reg[23] + tpr/hc_o_32,126,5796,0.021739130434782608,2.1739130434782608
rf_reg[24] + tpr/hc_o_32,126,5796,0.021739130434782608,2.1739130434782608
rf_reg[25] + tpr/hc_o_32,126,5796,0.021739130434782608,2.1739130434782608
rf_reg[26] + tpr/hc_o_32,126,5796,0.021739130434782608,2.1739130434782608
rf_reg[27] + tpr/hc_o_32,126,5796,0.021739130434782608,2.1739130434782608
rf_reg[28] + tpr/hc_o_32,126,5796,0.021739130434782608,2.1739130434782608
alu_operand_c_ex_o_tag + tpr/hc_o_32,126,5796,0.021739130434782608,2.1739130434782608
rf_reg[29] + tpr/hc_o_32,126,5796,0.021739130434782608,2.1739130434782608
rf_reg[30] + tpr/hc_o_32,126,5796,0.021739130434782608,2.1739130434782608
rf_reg[31] + tpr/hc_o_32,126,5796,0.021739130434782608,2.1739130434782608
rs1_o_tag + tpr/hc_o_32,126,5796,0.021739130434782608,2.1739130434782608
data_we_q_tag + tpr/hc_o_32,126,5796,0.021739130434782608,2.1739130434782608
alu_operator_o_mode + use_store_ops_ex_o/hc_o,24,1120,0.02142857142857143,2.142857142857143
check_s1_o_tag + memory_set_o_tag,18,840,0.02142857142857143,2.142857142857143
memory_set_o_tag + store_dest_addr_ex_o_tag,18,840,0.02142857142857143,2.142857142857143
alu_operand_a_ex_o_tag + check_s1_o_tag,18,840,0.02142857142857143,2.142857142857143
alu_operand_a_ex_o_tag + store_dest_addr_ex_o_tag,18,840,0.02142857142857143,2.142857142857143
alu_operand_b_ex_o_tag + check_s1_o_tag,18,840,0.02142857142857143,2.142857142857143
alu_operand_b_ex_o_tag + use_store_ops_ex_o,18,840,0.02142857142857143,2.142857142857143
regfile_alu_waddr_ex_o_tag + tpr/hc_o_32,1875,88116,0.02127876889554678,2.127876889554678
hc_o_rf_tag + tpr/hc_o_32,3653,174552,0.02092786103854439,2.092786103854439
alu_operator_o_mode/hc_o + store_dest_addr_ex_o_tag/hc_o,44,2128,0.020676691729323307,2.0676691729323307
alu_operand_a_ex_o_tag/hc_o + alu_operator_o_mode/hc_o,44,2128,0.020676691729323307,2.0676691729323307
alu_operand_b_ex_o_tag/hc_o + alu_operator_o_mode/hc_o,44,2128,0.020676691729323307,2.0676691729323307
alu_operator_o_mode/hc_o + check_s1_o_tag/hc_o,44,2128,0.020676691729323307,2.0676691729323307
alu_operator_o_mode/hc_o + memory_set_o_tag/hc_o,44,2128,0.020676691729323307,2.0676691729323307
pc_id_o_tag + pc_if_o_tag,17,840,0.02023809523809524,2.0238095238095237
rf_reg[15] + rf_reg[1],17,840,0.02023809523809524,2.0238095238095237
is_store_post_o_tag/hc_o + tpr/hc_o_32,78,3864,0.020186335403726708,2.018633540372671
data_type_q_tag + tpr/hc_o_32,231,11592,0.019927536231884056,1.9927536231884055
rdata_offset_q_tag + tpr/hc_o_32,231,11592,0.019927536231884056,1.9927536231884055
store_source_ex_o_tag/hc_o + tpr/hc_o_32,77,3864,0.019927536231884056,1.9927536231884055
alu_operand_c_ex_o_tag/hc_o + tpr/hc_o_32,77,3864,0.019927536231884056,1.9927536231884055
data_we_q_tag/hc_o + tpr/hc_o_32,77,3864,0.019927536231884056,1.9927536231884055
pc_id_o_tag/hc_o + tpr_load_store_mode/hc_o,21,1064,0.019736842105263157,1.9736842105263157
pc_id_o_tag/hc_o + tpr_load_store_enable/hc_o,21,1064,0.019736842105263157,1.9736842105263157
check_d_o_tag + tcr/hc_o_32,114,5796,0.019668737060041408,1.9668737060041408
check_s1_o_tag + tcr/hc_o_32,114,5796,0.019668737060041408,1.9668737060041408
check_s2_o_tag + tcr/hc_o_32,114,5796,0.019668737060041408,1.9668737060041408
is_store_post_o_tag + tcr/hc_o_32,114,5796,0.019668737060041408,1.9668737060041408
pc_id_o_tag + tcr/hc_o_32,114,5796,0.019668737060041408,1.9668737060041408
memory_set_o_tag + tcr/hc_o_32,114,5796,0.019668737060041408,1.9668737060041408
pc_if_o_tag + tcr/hc_o_32,114,5796,0.019668737060041408,1.9668737060041408
register_set_o_tag + tcr/hc_o_32,114,5796,0.019668737060041408,1.9668737060041408
store_dest_addr_ex_o_tag + tcr/hc_o_32,114,5796,0.019668737060041408,1.9668737060041408
alu_operand_a_ex_o_tag + tcr/hc_o_32,114,5796,0.019668737060041408,1.9668737060041408
store_source_ex_o_tag + tcr/hc_o_32,114,5796,0.019668737060041408,1.9668737060041408
tcr/hc_o_32 + use_store_ops_ex_o,114,5796,0.019668737060041408,1.9668737060041408
rf_reg[0] + tcr/hc_o_32,114,5796,0.019668737060041408,1.9668737060041408
rf_reg[1] + tcr/hc_o_32,114,5796,0.019668737060041408,1.9668737060041408
rf_reg[2] + tcr/hc_o_32,114,5796,0.019668737060041408,1.9668737060041408
rf_reg[3] + tcr/hc_o_32,114,5796,0.019668737060041408,1.9668737060041408
rf_reg[4] + tcr/hc_o_32,114,5796,0.019668737060041408,1.9668737060041408
rf_reg[5] + tcr/hc_o_32,114,5796,0.019668737060041408,1.9668737060041408
rf_reg[6] + tcr/hc_o_32,114,5796,0.019668737060041408,1.9668737060041408
rf_reg[7] + tcr/hc_o_32,114,5796,0.019668737060041408,1.9668737060041408
rf_reg[8] + tcr/hc_o_32,114,5796,0.019668737060041408,1.9668737060041408
rf_reg[10] + tcr/hc_o_32,114,5796,0.019668737060041408,1.9668737060041408
rf_reg[11] + tcr/hc_o_32,114,5796,0.019668737060041408,1.9668737060041408
alu_operand_b_ex_o_tag + tcr/hc_o_32,114,5796,0.019668737060041408,1.9668737060041408
rf_reg[12] + tcr/hc_o_32,114,5796,0.019668737060041408,1.9668737060041408
rf_reg[13] + tcr/hc_o_32,114,5796,0.019668737060041408,1.9668737060041408
rf_reg[14] + tcr/hc_o_32,114,5796,0.019668737060041408,1.9668737060041408
rf_reg[15] + tcr/hc_o_32,114,5796,0.019668737060041408,1.9668737060041408
rf_reg[16] + tcr/hc_o_32,114,5796,0.019668737060041408,1.9668737060041408
rf_reg[17] + tcr/hc_o_32,114,5796,0.019668737060041408,1.9668737060041408
rf_reg[18] + tcr/hc_o_32,114,5796,0.019668737060041408,1.9668737060041408
rf_reg[19] + tcr/hc_o_32,114,5796,0.019668737060041408,1.9668737060041408
rf_reg[20] + tcr/hc_o_32,114,5796,0.019668737060041408,1.9668737060041408
rf_reg[21] + tcr/hc_o_32,114,5796,0.019668737060041408,1.9668737060041408
rf_reg[22] + tcr/hc_o_32,114,5796,0.019668737060041408,1.9668737060041408
rf_reg[23] + tcr/hc_o_32,114,5796,0.019668737060041408,1.9668737060041408
rf_reg[24] + tcr/hc_o_32,114,5796,0.019668737060041408,1.9668737060041408
rf_reg[25] + tcr/hc_o_32,114,5796,0.019668737060041408,1.9668737060041408
rf_reg[26] + tcr/hc_o_32,114,5796,0.019668737060041408,1.9668737060041408
rf_reg[27] + tcr/hc_o_32,114,5796,0.019668737060041408,1.9668737060041408
rf_reg[28] + tcr/hc_o_32,114,5796,0.019668737060041408,1.9668737060041408
alu_operand_c_ex_o_tag + tcr/hc_o_32,114,5796,0.019668737060041408,1.9668737060041408
rf_reg[29] + tcr/hc_o_32,114,5796,0.019668737060041408,1.9668737060041408
rf_reg[30] + tcr/hc_o_32,114,5796,0.019668737060041408,1.9668737060041408
rf_reg[31] + tcr/hc_o_32,114,5796,0.019668737060041408,1.9668737060041408
rs1_o_tag + tcr/hc_o_32,114,5796,0.019668737060041408,1.9668737060041408
data_we_q_tag + tcr/hc_o_32,114,5796,0.019668737060041408,1.9668737060041408
alu_operator_o_mode + store_dest_addr_ex_o_tag/hc_o,22,1120,0.019642857142857142,1.9642857142857142
alu_operator_o_mode + check_s1_o_tag/hc_o,22,1120,0.019642857142857142,1.9642857142857142
alu_operator_o_mode + memory_set_o_tag/hc_o,22,1120,0.019642857142857142,1.9642857142857142
if_stage/hc_o + tpr/hc_o_32,148,7588,0.019504480759093307,1.9504480759093306
check_s2_o_tag/hc_o + tpr/hc_o_32,75,3864,0.019409937888198756,1.9409937888198756
rdata_offset_q_tag/hc_o + tpr/hc_o_32,147,7588,0.01937269372693727,1.9372693726937271
data_type_q_tag/hc_o + tpr/hc_o_32,147,7588,0.01937269372693727,1.9372693726937271
rdata_q_tag/hc_o + tpr/hc_o_32,147,7588,0.01937269372693727,1.9372693726937271
hc_o_5 + tcr/hc_o_32,568,29792,0.019065520945220193,1.9065520945220193
rdata_q_tag + tpr/hc_o_32,846,44688,0.0189312567132116,1.8931256713211602
ex_stage/hc_o + tpr/hc_o_32,73,3864,0.018892339544513456,1.8892339544513457
check_d_o_tag/hc_o + tpr/hc_o_32,73,3864,0.018892339544513456,1.8892339544513457
register_set_o_tag/hc_o + tpr/hc_o_32,73,3864,0.018892339544513456,1.8892339544513457
rs1_o_tag/hc_o + tpr/hc_o_32,73,3864,0.018892339544513456,1.8892339544513457
if_stage/hc_o + tcr/hc_o_32,143,7588,0.018845545598313126,1.8845545598313127
alu_operator_o_mode/hc_o + pc_if_o_tag/hc_o,40,2128,0.018796992481203006,1.8796992481203008
alu_operator_o_mode/hc_o + hc_o_rf_tag,556,29680,0.018733153638814014,1.8733153638814015
hc_o_rf_tag + tcr/hc_o_32,3246,174552,0.018596177643338374,1.8596177643338374
id_group0/hc_o + id_group2/hc_o,38,2044,0.018590998043052837,1.8590998043052838
regfile_alu_waddr_ex_o_tag + tcr/hc_o_32,1632,88116,0.018521040446683918,1.8521040446683918
alu_operator_o_mode/hc_o + hc_o_5,142,7840,0.018112244897959182,1.8112244897959182
id_group0/hc_o + id_group1/hc_o,37,2044,0.018101761252446183,1.8101761252446182
rf_reg[9] + tcr/hc_o_32,104,5796,0.017943409247757072,1.7943409247757072
data_type_q_tag + tcr/hc_o_32,207,11592,0.017857142857142856,1.7857142857142856
rdata_offset_q_tag + tcr/hc_o_32,207,11592,0.017857142857142856,1.7857142857142856
store_source_ex_o_tag/hc_o + tcr/hc_o_32,69,3864,0.017857142857142856,1.7857142857142856
alu_operand_c_ex_o_tag/hc_o + tcr/hc_o_32,69,3864,0.017857142857142856,1.7857142857142856
is_store_post_o_tag/hc_o + tcr/hc_o_32,69,3864,0.017857142857142856,1.7857142857142856
data_we_q_tag/hc_o + tcr/hc_o_32,69,3864,0.017857142857142856,1.7857142857142856
alu_operator_o_mode + rf_reg[0],30,1680,0.017857142857142856,1.7857142857142856
alu_operator_o_mode + rf_reg[3],30,1680,0.017857142857142856,1.7857142857142856
alu_operator_o_mode + rf_reg[4],30,1680,0.017857142857142856,1.7857142857142856
alu_operator_o_mode + rf_reg[5],30,1680,0.017857142857142856,1.7857142857142856
alu_operator_o_mode + rf_reg[6],30,1680,0.017857142857142856,1.7857142857142856
alu_operator_o_mode + rf_reg[7],30,1680,0.017857142857142856,1.7857142857142856
alu_operator_o_mode + rf_reg[9],30,1680,0.017857142857142856,1.7857142857142856
alu_operator_o_mode + rf_reg[10],30,1680,0.017857142857142856,1.7857142857142856
alu_operator_o_mode + rf_reg[11],30,1680,0.017857142857142856,1.7857142857142856
alu_operator_o_mode + rf_reg[12],30,1680,0.017857142857142856,1.7857142857142856
alu_operator_o_mode + rf_reg[13],30,1680,0.017857142857142856,1.7857142857142856
alu_operator_o_mode + rf_reg[14],30,1680,0.017857142857142856,1.7857142857142856
alu_operator_o_mode + rf_reg[16],30,1680,0.017857142857142856,1.7857142857142856
alu_operator_o_mode + rf_reg[17],30,1680,0.017857142857142856,1.7857142857142856
alu_operator_o_mode + rf_reg[18],30,1680,0.017857142857142856,1.7857142857142856
alu_operator_o_mode + rf_reg[19],30,1680,0.017857142857142856,1.7857142857142856
alu_operator_o_mode + rf_reg[20],30,1680,0.017857142857142856,1.7857142857142856
alu_operator_o_mode + rf_reg[21],30,1680,0.017857142857142856,1.7857142857142856
alu_operator_o_mode + rf_reg[22],30,1680,0.017857142857142856,1.7857142857142856
alu_operator_o_mode + rf_reg[23],30,1680,0.017857142857142856,1.7857142857142856
alu_operator_o_mode + rf_reg[24],30,1680,0.017857142857142856,1.7857142857142856
alu_operator_o_mode + rf_reg[25],30,1680,0.017857142857142856,1.7857142857142856
alu_operator_o_mode + rf_reg[26],30,1680,0.017857142857142856,1.7857142857142856
alu_operator_o_mode + rf_reg[27],30,1680,0.017857142857142856,1.7857142857142856
alu_operator_o_mode + rf_reg[28],30,1680,0.017857142857142856,1.7857142857142856
alu_operator_o_mode + rf_reg[29],30,1680,0.017857142857142856,1.7857142857142856
alu_operator_o_mode + rf_reg[30],30,1680,0.017857142857142856,1.7857142857142856
alu_operator_o_mode + rf_reg[31],30,1680,0.017857142857142856,1.7857142857142856
alu_operator_o_mode + pc_if_o_tag/hc_o,20,1120,0.017857142857142856,1.7857142857142856
alu_operand_a_ex_o_tag/hc_o + alu_operator_o_mode,20,1120,0.017857142857142856,1.7857142857142856
alu_operand_b_ex_o_tag/hc_o + alu_operator_o_mode,20,1120,0.017857142857142856,1.7857142857142856
id_group0/hc_o + id_group9/hc_o,19,1064,0.017857142857142856,1.7857142857142856
sp_o_32 + tpr_q,16,896,0.017857142857142856,1.7857142857142856
rf_reg[1] + rf_reg[2],15,840,0.017857142857142856,1.7857142857142856
rf_reg[1] + rf_reg[3],15,840,0.017857142857142856,1.7857142857142856
rf_reg[1] + rf_reg[4],15,840,0.017857142857142856,1.7857142857142856
rf_reg[1] + rf_reg[5],15,840,0.017857142857142856,1.7857142857142856
rf_reg[1] + rf_reg[6],15,840,0.017857142857142856,1.7857142857142856
rf_reg[1] + rf_reg[7],15,840,0.017857142857142856,1.7857142857142856
rf_reg[1] + rf_reg[8],15,840,0.017857142857142856,1.7857142857142856
rf_reg[1] + rf_reg[9],15,840,0.017857142857142856,1.7857142857142856
rf_reg[10] + rf_reg[1],15,840,0.017857142857142856,1.7857142857142856
rf_reg[11] + rf_reg[1],15,840,0.017857142857142856,1.7857142857142856
rf_reg[12] + rf_reg[1],15,840,0.017857142857142856,1.7857142857142856
rf_reg[13] + rf_reg[1],15,840,0.017857142857142856,1.7857142857142856
rf_reg[14] + rf_reg[1],15,840,0.017857142857142856,1.7857142857142856
rf_reg[16] + rf_reg[1],15,840,0.017857142857142856,1.7857142857142856
rf_reg[17] + rf_reg[1],15,840,0.017857142857142856,1.7857142857142856
rf_reg[18] + rf_reg[1],15,840,0.017857142857142856,1.7857142857142856
rf_reg[19] + rf_reg[1],15,840,0.017857142857142856,1.7857142857142856
rf_reg[1] + rf_reg[20],15,840,0.017857142857142856,1.7857142857142856
rf_reg[1] + rf_reg[21],15,840,0.017857142857142856,1.7857142857142856
rf_reg[1] + rf_reg[22],15,840,0.017857142857142856,1.7857142857142856
rf_reg[1] + rf_reg[23],15,840,0.017857142857142856,1.7857142857142856
rf_reg[1] + rf_reg[24],15,840,0.017857142857142856,1.7857142857142856
rf_reg[1] + rf_reg[25],15,840,0.017857142857142856,1.7857142857142856
rf_reg[1] + rf_reg[26],15,840,0.017857142857142856,1.7857142857142856
rf_reg[1] + rf_reg[27],15,840,0.017857142857142856,1.7857142857142856
rf_reg[1] + rf_reg[28],15,840,0.017857142857142856,1.7857142857142856
rf_reg[1] + rf_reg[29],15,840,0.017857142857142856,1.7857142857142856
rf_reg[1] + rf_reg[30],15,840,0.017857142857142856,1.7857142857142856
rf_reg[1] + rf_reg[31],15,840,0.017857142857142856,1.7857142857142856
rf_reg[9] + tcr_execute/hc_o,10,560,0.017857142857142856,1.7857142857142856
id_stage/hc_o + regfile_alu_waddr_ex_o_tag,523,29372,0.017806073811793544,1.7806073811793544
check_s2_o_tag/hc_o + tcr/hc_o_32,68,3864,0.017598343685300208,1.7598343685300208
alu_operand_c_ex_o_tag + id_stage/hc_o,34,1932,0.017598343685300208,1.7598343685300208
check_d_o_tag/hc_o + tcr/hc_o_32,67,3864,0.017339544513457556,1.7339544513457557
rdata_offset_q_tag/hc_o + tcr/hc_o_32,131,7588,0.017264101212440697,1.7264101212440697
data_type_q_tag/hc_o + tcr/hc_o_32,131,7588,0.017264101212440697,1.7264101212440697
rdata_q_tag/hc_o + tcr/hc_o_32,131,7588,0.017264101212440697,1.7264101212440697
rdata_q_tag + tcr/hc_o_32,765,44688,0.017118689581095595,1.7118689581095594
alu_operator_o_mode/hc_o + regfile_alu_waddr_ex_o_tag,256,15176,0.01686874011597259,1.686874011597259
ex_stage/hc_o + tcr/hc_o_32,65,3864,0.016821946169772256,1.6821946169772257
rs1_o_tag/hc_o + tcr/hc_o_32,65,3864,0.016821946169772256,1.6821946169772257
register_set_o_tag/hc_o + tcr/hc_o_32,64,3864,0.016563146997929608,1.6563146997929608
hc_o_26 + store_source_ex_o_tag,32,1932,0.016563146997929608,1.6563146997929608
hc_o_26 + rdata_q_tag,244,14896,0.016380236305048337,1.6380236305048337
alu_operator_o_mode/hc_o + rdata_q_tag,128,7840,0.0163265306122449,1.6326530612244898
data_type_q_tag + hc_o_26,63,3864,0.016304347826086956,1.6304347826086956
pc_id_o_tag/hc_o + tpr/hc_o_32,63,3864,0.016304347826086956,1.6304347826086956
alu_operator_o_mode + pc_if_o_tag,27,1680,0.01607142857142857,1.607142857142857
hc_o_26 + rdata_offset_q_tag,62,3864,0.016045548654244308,1.6045548654244308
hc_o_26 + is_store_post_o_tag,31,1932,0.016045548654244308,1.6045548654244308
alu_operand_c_ex_o_tag + hc_o_26,31,1932,0.016045548654244308,1.6045548654244308
hc_o_26 + rs1_o_tag,31,1932,0.016045548654244308,1.6045548654244308
id_stage/hc_o + is_store_post_o_tag,31,1932,0.016045548654244308,1.6045548654244308
pc_id_o_tag/hc_o + tcr/hc_o_32,61,3864,0.015786749482401656,1.5786749482401656
alu_operator_o_mode/hc_o + rdata_offset_q_tag/hc_o,64,4088,0.015655577299412915,1.5655577299412915
alu_operator_o_mode/hc_o + data_type_q_tag/hc_o,64,4088,0.015655577299412915,1.5655577299412915
alu_operator_o_mode/hc_o + rdata_q_tag/hc_o,64,4088,0.015655577299412915,1.5655577299412915
alu_operator_o_mode/hc_o + tpr_arith/hc_o,32,2044,0.015655577299412915,1.5655577299412915
alu_operator_o_mode/hc_o + tpr_branch/hc_o,32,2044,0.015655577299412915,1.5655577299412915
alu_operator_o_mode/hc_o + tpr_jump/hc_o,32,2044,0.015655577299412915,1.5655577299412915
alu_operator_o_mode/hc_o + tpr_shift/hc_o,32,2044,0.015655577299412915,1.5655577299412915
alu_operator_o_mode/hc_o + tpr_comparison/hc_o,32,2044,0.015655577299412915,1.5655577299412915
alu_operator_o_mode/hc_o + tpr_logical/hc_o,32,2044,0.015655577299412915,1.5655577299412915
alu_operator_o_mode/hc_o + tcr_arith/hc_o,32,2044,0.015655577299412915,1.5655577299412915
alu_operator_o_mode/hc_o + tcr_branch/hc_o,32,2044,0.015655577299412915,1.5655577299412915
alu_operator_o_mode/hc_o + tcr_jump/hc_o,32,2044,0.015655577299412915,1.5655577299412915
alu_operator_o_mode/hc_o + tcr_shift/hc_o,32,2044,0.015655577299412915,1.5655577299412915
alu_operator_o_mode/hc_o + tcr_comparison/hc_o,32,2044,0.015655577299412915,1.5655577299412915
alu_operator_o_mode/hc_o + tcr_logical/hc_o,32,2044,0.015655577299412915,1.5655577299412915
id_group0/hc_o + id_group4/hc_o,32,2044,0.015655577299412915,1.5655577299412915
data_we_q_tag + hc_o_26,30,1932,0.015527950310559006,1.5527950310559007
alu_operator_o_mode + rf_reg[1],26,1680,0.015476190476190477,1.5476190476190477
rf_reg[15] + tpr_q,82,5376,0.01525297619047619,1.525297619047619
id_group1/hc_o + id_group2/hc_o,31,2044,0.015166340508806261,1.5166340508806262
alu_operator_o_mode/hc_o + data_type_q_tag,32,2128,0.015037593984962405,1.5037593984962405
alu_operator_o_mode/hc_o + rdata_offset_q_tag,32,2128,0.015037593984962405,1.5037593984962405
alu_operator_o_mode/hc_o + store_source_ex_o_tag/hc_o,32,2128,0.015037593984962405,1.5037593984962405
alu_operand_c_ex_o_tag/hc_o + alu_operator_o_mode/hc_o,32,2128,0.015037593984962405,1.5037593984962405
alu_operator_o_mode/hc_o + check_d_o_tag/hc_o,32,2128,0.015037593984962405,1.5037593984962405
alu_operator_o_mode/hc_o + is_store_post_o_tag/hc_o,32,2128,0.015037593984962405,1.5037593984962405
alu_operator_o_mode + rdata_offset_q_tag/hc_o,32,2128,0.015037593984962405,1.5037593984962405
alu_operator_o_mode + data_type_q_tag/hc_o,32,2128,0.015037593984962405,1.5037593984962405
alu_operator_o_mode + rdata_q_tag/hc_o,32,2128,0.015037593984962405,1.5037593984962405
alu_operator_o_mode/hc_o + rs1_o_tag/hc_o,32,2128,0.015037593984962405,1.5037593984962405
alu_operator_o_mode/hc_o + data_we_q_tag/hc_o,32,2128,0.015037593984962405,1.5037593984962405
alu_operator_o_mode/hc_o + rf_reg[5],16,1064,0.015037593984962405,1.5037593984962405
alu_operator_o_mode/hc_o + rf_reg[6],16,1064,0.015037593984962405,1.5037593984962405
alu_operator_o_mode/hc_o + rf_reg[7],16,1064,0.015037593984962405,1.5037593984962405
alu_operator_o_mode/hc_o + rf_reg[8],16,1064,0.015037593984962405,1.5037593984962405
alu_operand_b_ex_o_tag + alu_operator_o_mode/hc_o,16,1064,0.015037593984962405,1.5037593984962405
alu_operator_o_mode/hc_o + rf_reg[9],16,1064,0.015037593984962405,1.5037593984962405
alu_operator_o_mode/hc_o + rf_reg[10],16,1064,0.015037593984962405,1.5037593984962405
alu_operator_o_mode/hc_o + rf_reg[11],16,1064,0.015037593984962405,1.5037593984962405
alu_operator_o_mode/hc_o + rf_reg[12],16,1064,0.015037593984962405,1.5037593984962405
alu_operator_o_mode/hc_o + rf_reg[13],16,1064,0.015037593984962405,1.5037593984962405
alu_operator_o_mode/hc_o + rf_reg[14],16,1064,0.015037593984962405,1.5037593984962405
alu_operator_o_mode/hc_o + rf_reg[15],16,1064,0.015037593984962405,1.5037593984962405
alu_operator_o_mode/hc_o + rf_reg[16],16,1064,0.015037593984962405,1.5037593984962405
alu_operator_o_mode/hc_o + rf_reg[17],16,1064,0.015037593984962405,1.5037593984962405
alu_operator_o_mode/hc_o + rf_reg[18],16,1064,0.015037593984962405,1.5037593984962405
alu_operator_o_mode/hc_o + rf_reg[19],16,1064,0.015037593984962405,1.5037593984962405
alu_operator_o_mode/hc_o + rf_reg[20],16,1064,0.015037593984962405,1.5037593984962405
alu_operator_o_mode/hc_o + rf_reg[21],16,1064,0.015037593984962405,1.5037593984962405
alu_operand_c_ex_o_tag + alu_operator_o_mode/hc_o,16,1064,0.015037593984962405,1.5037593984962405
alu_operator_o_mode/hc_o + rf_reg[22],16,1064,0.015037593984962405,1.5037593984962405
alu_operator_o_mode/hc_o + rf_reg[23],16,1064,0.015037593984962405,1.5037593984962405
alu_operator_o_mode/hc_o + rf_reg[24],16,1064,0.015037593984962405,1.5037593984962405
alu_operator_o_mode/hc_o + rf_reg[25],16,1064,0.015037593984962405,1.5037593984962405
alu_operator_o_mode/hc_o + rf_reg[26],16,1064,0.015037593984962405,1.5037593984962405
alu_operator_o_mode/hc_o + rf_reg[27],16,1064,0.015037593984962405,1.5037593984962405
alu_operator_o_mode/hc_o + rf_reg[28],16,1064,0.015037593984962405,1.5037593984962405
alu_operator_o_mode/hc_o + rf_reg[29],16,1064,0.015037593984962405,1.5037593984962405
alu_operator_o_mode/hc_o + rf_reg[30],16,1064,0.015037593984962405,1.5037593984962405
alu_operator_o_mode/hc_o + rf_reg[31],16,1064,0.015037593984962405,1.5037593984962405
alu_operator_o_mode/hc_o + rs1_o_tag,16,1064,0.015037593984962405,1.5037593984962405
alu_operator_o_mode/hc_o + data_we_q_tag,16,1064,0.015037593984962405,1.5037593984962405
alu_operator_o_mode/hc_o + pc_id_o_tag,16,1064,0.015037593984962405,1.5037593984962405
alu_operator_o_mode/hc_o + check_d_o_tag,16,1064,0.015037593984962405,1.5037593984962405
alu_operator_o_mode/hc_o + check_s1_o_tag,16,1064,0.015037593984962405,1.5037593984962405
alu_operator_o_mode/hc_o + check_s2_o_tag,16,1064,0.015037593984962405,1.5037593984962405
alu_operator_o_mode/hc_o + is_store_post_o_tag,16,1064,0.015037593984962405,1.5037593984962405
alu_operator_o_mode/hc_o + memory_set_o_tag,16,1064,0.015037593984962405,1.5037593984962405
alu_operator_o_mode/hc_o + pc_if_o_tag,16,1064,0.015037593984962405,1.5037593984962405
alu_operator_o_mode/hc_o + register_set_o_tag,16,1064,0.015037593984962405,1.5037593984962405
alu_operand_a_ex_o_tag + alu_operator_o_mode/hc_o,16,1064,0.015037593984962405,1.5037593984962405
alu_operator_o_mode/hc_o + store_dest_addr_ex_o_tag,16,1064,0.015037593984962405,1.5037593984962405
alu_operator_o_mode/hc_o + store_source_ex_o_tag,16,1064,0.015037593984962405,1.5037593984962405
alu_operator_o_mode/hc_o + use_store_ops_ex_o,16,1064,0.015037593984962405,1.5037593984962405
alu_operator_o_mode/hc_o + rf_reg[0],16,1064,0.015037593984962405,1.5037593984962405
alu_operator_o_mode/hc_o + rf_reg[1],16,1064,0.015037593984962405,1.5037593984962405
alu_operator_o_mode/hc_o + rf_reg[2],16,1064,0.015037593984962405,1.5037593984962405
alu_operator_o_mode/hc_o + rf_reg[3],16,1064,0.015037593984962405,1.5037593984962405
alu_operator_o_mode/hc_o + rf_reg[4],16,1064,0.015037593984962405,1.5037593984962405
alu_operator_o_mode + tpr_arith/hc_o,16,1064,0.015037593984962405,1.5037593984962405
alu_operator_o_mode + tpr_branch/hc_o,16,1064,0.015037593984962405,1.5037593984962405
alu_operator_o_mode + tpr_jump/hc_o,16,1064,0.015037593984962405,1.5037593984962405
alu_operator_o_mode + tpr_shift/hc_o,16,1064,0.015037593984962405,1.5037593984962405
alu_operator_o_mode + tpr_comparison/hc_o,16,1064,0.015037593984962405,1.5037593984962405
alu_operator_o_mode + tpr_logical/hc_o,16,1064,0.015037593984962405,1.5037593984962405
alu_operator_o_mode + tcr_arith/hc_o,16,1064,0.015037593984962405,1.5037593984962405
alu_operator_o_mode + tcr_branch/hc_o,16,1064,0.015037593984962405,1.5037593984962405
alu_operator_o_mode + tcr_jump/hc_o,16,1064,0.015037593984962405,1.5037593984962405
alu_operator_o_mode + tcr_shift/hc_o,16,1064,0.015037593984962405,1.5037593984962405
alu_operator_o_mode + tcr_comparison/hc_o,16,1064,0.015037593984962405,1.5037593984962405
alu_operator_o_mode + tcr_logical/hc_o,16,1064,0.015037593984962405,1.5037593984962405
alu_operator_o_mode/hc_o + alu_operator_o_mode/sd_o,8,532,0.015037593984962405,1.5037593984962405
check_d_o_tag + hc_o_26,29,1932,0.015010351966873706,1.5010351966873705
check_d_o_tag + id_stage/hc_o,29,1932,0.015010351966873706,1.5010351966873705
id_stage/hc_o + store_source_ex_o_tag,29,1932,0.015010351966873706,1.5010351966873705
hc_o_rf_tag + id_stage/hc_o,867,58184,0.014901003712360786,1.4901003712360785
hc_o_26 + hc_o_5,220,14896,0.01476906552094522,1.4769065520945222
hc_o_rf_tag + id_group0/hc_o,218,14840,0.014690026954177898,1.4690026954177897
id_group0/hc_o + id_group3/hc_o,30,2044,0.014677103718199608,1.467710371819961
id_group0/hc_o + id_group5/hc_o,30,2044,0.014677103718199608,1.467710371819961
sd_o_rf_tag + tpr/hc_o_32,42,2898,0.014492753623188406,1.4492753623188406
sd_o_rf_tag + tcr/hc_o_32,42,2898,0.014492753623188406,1.4492753623188406
tpr/hc_o_32 + tpr/sd_o_32,42,2898,0.014492753623188406,1.4492753623188406
tcr/sd_o_32 + tpr/hc_o_32,42,2898,0.014492753623188406,1.4492753623188406
tcr/hc_o_32 + tpr/sd_o_32,42,2898,0.014492753623188406,1.4492753623188406
hc_o_26 + rf_reg[0],28,1932,0.014492753623188406,1.4492753623188406
hc_o_26 + rf_reg[1],28,1932,0.014492753623188406,1.4492753623188406
hc_o_26 + rf_reg[2],28,1932,0.014492753623188406,1.4492753623188406
hc_o_26 + rf_reg[3],28,1932,0.014492753623188406,1.4492753623188406
hc_o_26 + rf_reg[4],28,1932,0.014492753623188406,1.4492753623188406
hc_o_26 + rf_reg[5],28,1932,0.014492753623188406,1.4492753623188406
hc_o_26 + rf_reg[6],28,1932,0.014492753623188406,1.4492753623188406
hc_o_26 + rf_reg[7],28,1932,0.014492753623188406,1.4492753623188406
hc_o_26 + rf_reg[8],28,1932,0.014492753623188406,1.4492753623188406
hc_o_26 + rf_reg[9],28,1932,0.014492753623188406,1.4492753623188406
hc_o_26 + rf_reg[10],28,1932,0.014492753623188406,1.4492753623188406
hc_o_26 + rf_reg[11],28,1932,0.014492753623188406,1.4492753623188406
hc_o_26 + rf_reg[12],28,1932,0.014492753623188406,1.4492753623188406
hc_o_26 + rf_reg[13],28,1932,0.014492753623188406,1.4492753623188406
hc_o_26 + rf_reg[14],28,1932,0.014492753623188406,1.4492753623188406
hc_o_26 + rf_reg[15],28,1932,0.014492753623188406,1.4492753623188406
hc_o_26 + rf_reg[16],28,1932,0.014492753623188406,1.4492753623188406
hc_o_26 + rf_reg[17],28,1932,0.014492753623188406,1.4492753623188406
hc_o_26 + rf_reg[18],28,1932,0.014492753623188406,1.4492753623188406
hc_o_26 + rf_reg[19],28,1932,0.014492753623188406,1.4492753623188406
hc_o_26 + rf_reg[20],28,1932,0.014492753623188406,1.4492753623188406
hc_o_26 + rf_reg[21],28,1932,0.014492753623188406,1.4492753623188406
hc_o_26 + rf_reg[22],28,1932,0.014492753623188406,1.4492753623188406
hc_o_26 + rf_reg[23],28,1932,0.014492753623188406,1.4492753623188406
hc_o_26 + rf_reg[24],28,1932,0.014492753623188406,1.4492753623188406
hc_o_26 + rf_reg[25],28,1932,0.014492753623188406,1.4492753623188406
hc_o_26 + rf_reg[26],28,1932,0.014492753623188406,1.4492753623188406
hc_o_26 + rf_reg[27],28,1932,0.014492753623188406,1.4492753623188406
hc_o_26 + rf_reg[28],28,1932,0.014492753623188406,1.4492753623188406
hc_o_26 + rf_reg[29],28,1932,0.014492753623188406,1.4492753623188406
hc_o_26 + rf_reg[30],28,1932,0.014492753623188406,1.4492753623188406
hc_o_26 + rf_reg[31],28,1932,0.014492753623188406,1.4492753623188406
sd_o_5 + tpr/hc_o_32,28,1932,0.014492753623188406,1.4492753623188406
sd_o_5 + tcr/hc_o_32,28,1932,0.014492753623188406,1.4492753623188406
sd_o_26 + tpr/hc_o_32,14,966,0.014492753623188406,1.4492753623188406
sd_o_26 + tcr/hc_o_32,14,966,0.014492753623188406,1.4492753623188406
if_stage/sd_o + tpr/hc_o_32,14,966,0.014492753623188406,1.4492753623188406
if_stage/sd_o + tcr/hc_o_32,14,966,0.014492753623188406,1.4492753623188406
id_stage/sd_o + tpr/hc_o_32,14,966,0.014492753623188406,1.4492753623188406
id_stage/sd_o + tcr/hc_o_32,14,966,0.014492753623188406,1.4492753623188406
ex_stage/sd_o + tpr/hc_o_32,14,966,0.014492753623188406,1.4492753623188406
ex_stage/sd_o + tcr/hc_o_32,14,966,0.014492753623188406,1.4492753623188406
lsu/sd_o + tpr/hc_o_32,14,966,0.014492753623188406,1.4492753623188406
lsu/sd_o + tcr/hc_o_32,14,966,0.014492753623188406,1.4492753623188406
pc_if_o_tag/sd_o + tpr/hc_o_32,14,966,0.014492753623188406,1.4492753623188406
pc_if_o_tag/sd_o + tcr/hc_o_32,14,966,0.014492753623188406,1.4492753623188406
pc_id_o_tag/sd_o + tpr/hc_o_32,14,966,0.014492753623188406,1.4492753623188406
pc_id_o_tag/sd_o + tcr/hc_o_32,14,966,0.014492753623188406,1.4492753623188406
alu_operator_o_mode/sd_o + tpr/hc_o_32,14,966,0.014492753623188406,1.4492753623188406
alu_operator_o_mode/sd_o + tcr/hc_o_32,14,966,0.014492753623188406,1.4492753623188406
store_dest_addr_ex_o_tag/sd_o + tpr/hc_o_32,14,966,0.014492753623188406,1.4492753623188406
store_dest_addr_ex_o_tag/sd_o + tcr/hc_o_32,14,966,0.014492753623188406,1.4492753623188406
store_source_ex_o_tag/sd_o + tpr/hc_o_32,14,966,0.014492753623188406,1.4492753623188406
store_source_ex_o_tag/sd_o + tcr/hc_o_32,14,966,0.014492753623188406,1.4492753623188406
tpr/hc_o_32 + use_store_ops_ex_o/sd_o,14,966,0.014492753623188406,1.4492753623188406
tcr/hc_o_32 + use_store_ops_ex_o/sd_o,14,966,0.014492753623188406,1.4492753623188406
alu_operand_a_ex_o_tag/sd_o + tpr/hc_o_32,14,966,0.014492753623188406,1.4492753623188406
alu_operand_a_ex_o_tag/sd_o + tcr/hc_o_32,14,966,0.014492753623188406,1.4492753623188406
alu_operand_b_ex_o_tag/sd_o + tpr/hc_o_32,14,966,0.014492753623188406,1.4492753623188406
alu_operand_b_ex_o_tag/sd_o + tcr/hc_o_32,14,966,0.014492753623188406,1.4492753623188406
alu_operand_c_ex_o_tag/sd_o + tpr/hc_o_32,14,966,0.014492753623188406,1.4492753623188406
alu_operand_c_ex_o_tag/sd_o + tcr/hc_o_32,14,966,0.014492753623188406,1.4492753623188406
check_s1_o_tag/sd_o + tpr/hc_o_32,14,966,0.014492753623188406,1.4492753623188406
check_s1_o_tag/sd_o + tcr/hc_o_32,14,966,0.014492753623188406,1.4492753623188406
check_s2_o_tag/sd_o + tpr/hc_o_32,14,966,0.014492753623188406,1.4492753623188406
check_s2_o_tag/sd_o + tcr/hc_o_32,14,966,0.014492753623188406,1.4492753623188406
check_d_o_tag/sd_o + tpr/hc_o_32,14,966,0.014492753623188406,1.4492753623188406
check_d_o_tag/sd_o + tcr/hc_o_32,14,966,0.014492753623188406,1.4492753623188406
register_set_o_tag/sd_o + tpr/hc_o_32,14,966,0.014492753623188406,1.4492753623188406
register_set_o_tag/sd_o + tcr/hc_o_32,14,966,0.014492753623188406,1.4492753623188406
is_store_post_o_tag/sd_o + tpr/hc_o_32,14,966,0.014492753623188406,1.4492753623188406
is_store_post_o_tag/sd_o + tcr/hc_o_32,14,966,0.014492753623188406,1.4492753623188406
memory_set_o_tag/sd_o + tpr/hc_o_32,14,966,0.014492753623188406,1.4492753623188406
memory_set_o_tag/sd_o + tcr/hc_o_32,14,966,0.014492753623188406,1.4492753623188406
rs1_o_tag/sd_o + tpr/hc_o_32,14,966,0.014492753623188406,1.4492753623188406
rs1_o_tag/sd_o + tcr/hc_o_32,14,966,0.014492753623188406,1.4492753623188406
data_we_q_tag/sd_o + tpr/hc_o_32,14,966,0.014492753623188406,1.4492753623188406
rdata_offset_q_tag/sd_o + tpr/hc_o_32,14,966,0.014492753623188406,1.4492753623188406
data_type_q_tag/sd_o + tpr/hc_o_32,14,966,0.014492753623188406,1.4492753623188406
rdata_q_tag/sd_o + tpr/hc_o_32,14,966,0.014492753623188406,1.4492753623188406
data_we_q_tag/sd_o + tcr/hc_o_32,14,966,0.014492753623188406,1.4492753623188406
rdata_offset_q_tag/sd_o + tcr/hc_o_32,14,966,0.014492753623188406,1.4492753623188406
data_type_q_tag/sd_o + tcr/hc_o_32,14,966,0.014492753623188406,1.4492753623188406
rdata_q_tag/sd_o + tcr/hc_o_32,14,966,0.014492753623188406,1.4492753623188406
hc_o_26 + hc_o_rf_tag,836,58184,0.014368211192080297,1.4368211192080296
alu_operator_o_mode + store_source_ex_o_tag/hc_o,16,1120,0.014285714285714285,1.4285714285714286
alu_operand_c_ex_o_tag/hc_o + alu_operator_o_mode,16,1120,0.014285714285714285,1.4285714285714286
alu_operator_o_mode + check_d_o_tag/hc_o,16,1120,0.014285714285714285,1.4285714285714286
alu_operator_o_mode + is_store_post_o_tag/hc_o,16,1120,0.014285714285714285,1.4285714285714286
alu_operator_o_mode + rs1_o_tag/hc_o,16,1120,0.014285714285714285,1.4285714285714286
alu_operator_o_mode + data_we_q_tag/hc_o,16,1120,0.014285714285714285,1.4285714285714286
alu_operand_a_ex_o_tag/hc_o + store_dest_addr_ex_o_tag/hc_o,16,1120,0.014285714285714285,1.4285714285714286
memory_set_o_tag/hc_o + store_dest_addr_ex_o_tag/hc_o,16,1120,0.014285714285714285,1.4285714285714286
alu_operand_b_ex_o_tag/hc_o + use_store_ops_ex_o/hc_o,16,1120,0.014285714285714285,1.4285714285714286
memory_set_o_tag/hc_o + use_store_ops_ex_o/hc_o,16,1120,0.014285714285714285,1.4285714285714286
alu_operand_a_ex_o_tag/hc_o + check_s1_o_tag/hc_o,16,1120,0.014285714285714285,1.4285714285714286
alu_operand_b_ex_o_tag/hc_o + check_s1_o_tag/hc_o,16,1120,0.014285714285714285,1.4285714285714286
check_s1_o_tag/hc_o + memory_set_o_tag/hc_o,16,1120,0.014285714285714285,1.4285714285714286
check_s1_o_tag + store_dest_addr_ex_o_tag,12,840,0.014285714285714285,1.4285714285714286
alu_operand_a_ex_o_tag + memory_set_o_tag,12,840,0.014285714285714285,1.4285714285714286
alu_operand_a_ex_o_tag + use_store_ops_ex_o,12,840,0.014285714285714285,1.4285714285714286
alu_operand_b_ex_o_tag + store_dest_addr_ex_o_tag,12,840,0.014285714285714285,1.4285714285714286
alu_operator_o_mode + ex_stage/hc_o,8,560,0.014285714285714285,1.4285714285714286
alu_operator_o_mode + alu_operator_o_mode/sd_o,4,280,0.014285714285714285,1.4285714285714286
alu_operator_o_mode + sp_o_32,4,280,0.014285714285714285,1.4285714285714286
alu_operator_o_mode + sd_o_26,2,140,0.014285714285714285,1.4285714285714286
alu_operator_o_mode + id_stage/sd_o,2,140,0.014285714285714285,1.4285714285714286
alu_operator_o_mode + sp_o_5,2,140,0.014285714285714285,1.4285714285714286
alu_operator_o_mode + sp_o_rf_tag,2,140,0.014285714285714285,1.4285714285714286
id_group1/hc_o + id_group9/hc_o,15,1064,0.014097744360902255,1.4097744360902256
id_group2/hc_o + id_group9/hc_o,15,1064,0.014097744360902255,1.4097744360902256
check_s2_o_tag + id_stage/hc_o,27,1932,0.013975155279503106,1.3975155279503106
id_stage/hc_o + register_set_o_tag,27,1932,0.013975155279503106,1.3975155279503106
id_stage/hc_o + rf_reg[2],27,1932,0.013975155279503106,1.3975155279503106
id_stage/hc_o + if_stage/hc_o,105,7588,0.013837638376383764,1.3837638376383763
alu_operator_o_mode + tcr_q,148,10752,0.013764880952380952,1.3764880952380951
rf_reg[15] + tcr_q,74,5376,0.013764880952380952,1.3764880952380951
alu_operator_o_mode + tpr_q,146,10752,0.013578869047619048,1.3578869047619049
check_s2_o_tag + hc_o_26,26,1932,0.013457556935817806,1.3457556935817805
hc_o_26 + register_set_o_tag,26,1932,0.013457556935817806,1.3457556935817805
id_stage/hc_o + pc_id_o_tag,26,1932,0.013457556935817806,1.3457556935817805
data_we_q_tag + id_stage/hc_o,26,1932,0.013457556935817806,1.3457556935817805
id_stage/hc_o + pc_if_o_tag,26,1932,0.013457556935817806,1.3457556935817805
id_stage/hc_o + rf_reg[0],26,1932,0.013457556935817806,1.3457556935817805
id_stage/hc_o + rf_reg[1],26,1932,0.013457556935817806,1.3457556935817805
id_stage/hc_o + rf_reg[3],26,1932,0.013457556935817806,1.3457556935817805
id_stage/hc_o + rf_reg[4],26,1932,0.013457556935817806,1.3457556935817805
id_stage/hc_o + rf_reg[5],26,1932,0.013457556935817806,1.3457556935817805
id_stage/hc_o + rf_reg[6],26,1932,0.013457556935817806,1.3457556935817805
id_stage/hc_o + rf_reg[7],26,1932,0.013457556935817806,1.3457556935817805
id_stage/hc_o + rf_reg[8],26,1932,0.013457556935817806,1.3457556935817805
id_stage/hc_o + rf_reg[9],26,1932,0.013457556935817806,1.3457556935817805
id_stage/hc_o + rf_reg[10],26,1932,0.013457556935817806,1.3457556935817805
id_stage/hc_o + rf_reg[11],26,1932,0.013457556935817806,1.3457556935817805
id_stage/hc_o + rf_reg[12],26,1932,0.013457556935817806,1.3457556935817805
id_stage/hc_o + rf_reg[13],26,1932,0.013457556935817806,1.3457556935817805
id_stage/hc_o + rf_reg[14],26,1932,0.013457556935817806,1.3457556935817805
id_stage/hc_o + rf_reg[15],26,1932,0.013457556935817806,1.3457556935817805
id_stage/hc_o + rf_reg[16],26,1932,0.013457556935817806,1.3457556935817805
id_stage/hc_o + rf_reg[17],26,1932,0.013457556935817806,1.3457556935817805
id_stage/hc_o + rf_reg[18],26,1932,0.013457556935817806,1.3457556935817805
id_stage/hc_o + rf_reg[19],26,1932,0.013457556935817806,1.3457556935817805
id_stage/hc_o + rf_reg[20],26,1932,0.013457556935817806,1.3457556935817805
id_stage/hc_o + rf_reg[21],26,1932,0.013457556935817806,1.3457556935817805
id_stage/hc_o + rf_reg[22],26,1932,0.013457556935817806,1.3457556935817805
id_stage/hc_o + rf_reg[23],26,1932,0.013457556935817806,1.3457556935817805
id_stage/hc_o + rf_reg[24],26,1932,0.013457556935817806,1.3457556935817805
id_stage/hc_o + rf_reg[25],26,1932,0.013457556935817806,1.3457556935817805
id_stage/hc_o + rf_reg[26],26,1932,0.013457556935817806,1.3457556935817805
id_stage/hc_o + rf_reg[27],26,1932,0.013457556935817806,1.3457556935817805
id_stage/hc_o + rf_reg[28],26,1932,0.013457556935817806,1.3457556935817805
id_stage/hc_o + rf_reg[29],26,1932,0.013457556935817806,1.3457556935817805
id_stage/hc_o + rf_reg[30],26,1932,0.013457556935817806,1.3457556935817805
id_stage/hc_o + rf_reg[31],26,1932,0.013457556935817806,1.3457556935817805
id_stage/hc_o + rs1_o_tag,26,1932,0.013457556935817806,1.3457556935817805
hc_o_26 + regfile_alu_waddr_ex_o_tag,388,29372,0.01320985973035544,1.320985973035544
alu_operator_o_mode/hc_o + check_s2_o_tag/hc_o,28,2128,0.013157894736842105,1.3157894736842104
alu_operator_o_mode/hc_o + register_set_o_tag/hc_o,28,2128,0.013157894736842105,1.3157894736842104
check_s2_o_tag + memory_set_o_tag,11,840,0.013095238095238096,1.3095238095238095
is_store_post_o_tag + store_dest_addr_ex_o_tag,11,840,0.013095238095238096,1.3095238095238095
memory_set_o_tag + store_source_ex_o_tag,11,840,0.013095238095238096,1.3095238095238095
alu_operand_a_ex_o_tag + is_store_post_o_tag,11,840,0.013095238095238096,1.3095238095238095
register_set_o_tag + use_store_ops_ex_o,11,840,0.013095238095238096,1.3095238095238095
store_dest_addr_ex_o_tag + store_source_ex_o_tag,11,840,0.013095238095238096,1.3095238095238095
rs1_o_tag + use_store_ops_ex_o,11,840,0.013095238095238096,1.3095238095238095
rf_reg[0] + rf_reg[1],11,840,0.013095238095238096,1.3095238095238095
alu_operand_b_ex_o_tag + is_store_post_o_tag,11,840,0.013095238095238096,1.3095238095238095
alu_operand_b_ex_o_tag + register_set_o_tag,11,840,0.013095238095238096,1.3095238095238095
id_stage/hc_o + rdata_q_tag,194,14896,0.013023630504833513,1.3023630504833512
data_type_q_tag + id_stage/hc_o,50,3864,0.012939958592132506,1.2939958592132506
id_stage/hc_o + rdata_offset_q_tag,50,3864,0.012939958592132506,1.2939958592132506
id_group0/hc_o + if_stage/hc_o,26,2044,0.012720156555772993,1.2720156555772992
ex_stage/hc_o + id_stage/hc_o,49,3864,0.012681159420289856,1.2681159420289856
id_group0/hc_o + regfile_alu_waddr_ex_o_tag,96,7588,0.012651555086979441,1.265155508697944
alu_operator_o_mode + pc_id_o_tag,21,1680,0.0125,1.25
alu_operator_o_mode + check_s2_o_tag/hc_o,14,1120,0.0125,1.25
pc_if_o_tag/hc_o + store_dest_addr_ex_o_tag/hc_o,14,1120,0.0125,1.25
pc_if_o_tag/hc_o + use_store_ops_ex_o/hc_o,14,1120,0.0125,1.25
check_s1_o_tag/hc_o + pc_if_o_tag/hc_o,14,1120,0.0125,1.25
memory_set_o_tag/hc_o + pc_if_o_tag/hc_o,14,1120,0.0125,1.25
alu_operator_o_mode + register_set_o_tag/hc_o,14,1120,0.0125,1.25
store_dest_addr_ex_o_tag/hc_o + use_store_ops_ex_o/hc_o,14,1120,0.0125,1.25
alu_operand_b_ex_o_tag/hc_o + store_dest_addr_ex_o_tag/hc_o,14,1120,0.0125,1.25
check_s1_o_tag/hc_o + store_dest_addr_ex_o_tag/hc_o,14,1120,0.0125,1.25
alu_operand_a_ex_o_tag/hc_o + use_store_ops_ex_o/hc_o,14,1120,0.0125,1.25
check_s1_o_tag/hc_o + use_store_ops_ex_o/hc_o,14,1120,0.0125,1.25
alu_operand_a_ex_o_tag/hc_o + memory_set_o_tag/hc_o,14,1120,0.0125,1.25
alu_operand_b_ex_o_tag/hc_o + memory_set_o_tag/hc_o,14,1120,0.0125,1.25
tcr/hc_o_32 + tcr/sd_o_32,36,2898,0.012422360248447204,1.2422360248447204
alu_operator_o_mode + hc_o_5,75,6048,0.01240079365079365,1.2400793650793651
id_group0/hc_o + rdata_q_tag,48,3920,0.012244897959183673,1.2244897959183674
alu_operator_o_mode + hc_o_rf_tag,453,37520,0.012073560767590618,1.2073560767590619
alu_operator_o_mode + rf_reg[2],20,1680,0.011904761904761904,1.1904761904761905
alu_operator_o_mode + rf_reg[8],20,1680,0.011904761904761904,1.1904761904761905
check_s1_o_tag + use_store_ops_ex_o,10,840,0.011904761904761904,1.1904761904761905
store_dest_addr_ex_o_tag + use_store_ops_ex_o,10,840,0.011904761904761904,1.1904761904761905
alu_operand_b_ex_o_tag + memory_set_o_tag,10,840,0.011904761904761904,1.1904761904761905
rf_reg[13] + rf_reg[15],10,840,0.011904761904761904,1.1904761904761905
id_group0/hc_o + id_group7/hc_o,24,2044,0.011741682974559686,1.1741682974559686
csr_group0/hc_o + id_group0/hc_o,24,2044,0.011741682974559686,1.1741682974559686
csr_group1/hc_o + id_group0/hc_o,24,2044,0.011741682974559686,1.1741682974559686
csr_group2/hc_o + id_group0/hc_o,24,2044,0.011741682974559686,1.1741682974559686
csr_group3/hc_o + id_group0/hc_o,24,2044,0.011741682974559686,1.1741682974559686
csr_group4/hc_o + id_group0/hc_o,24,2044,0.011741682974559686,1.1741682974559686
csr_group5/hc_o + id_group0/hc_o,24,2044,0.011741682974559686,1.1741682974559686
csr_group6/hc_o + id_group0/hc_o,24,2044,0.011741682974559686,1.1741682974559686
csr_group7/hc_o + id_group0/hc_o,24,2044,0.011741682974559686,1.1741682974559686
csr_group8/hc_o + id_group0/hc_o,24,2044,0.011741682974559686,1.1741682974559686
csr_group9/hc_o + id_group0/hc_o,24,2044,0.011741682974559686,1.1741682974559686
csr_group10/hc_o + id_group0/hc_o,24,2044,0.011741682974559686,1.1741682974559686
csr_group11/hc_o + id_group0/hc_o,24,2044,0.011741682974559686,1.1741682974559686
csr_group16/hc_o + id_group0/hc_o,24,2044,0.011741682974559686,1.1741682974559686
csr_group17/hc_o + id_group0/hc_o,24,2044,0.011741682974559686,1.1741682974559686
id_group0/hc_o + lsu_group1/hc_o,24,2044,0.011741682974559686,1.1741682974559686
id_group0/hc_o + lsu_group2/hc_o,24,2044,0.011741682974559686,1.1741682974559686
id_group0/hc_o + lsu_group3/hc_o,24,2044,0.011741682974559686,1.1741682974559686
id_group0/hc_o + lsu_group4/hc_o,24,2044,0.011741682974559686,1.1741682974559686
id_group0/hc_o + lsu_group5/hc_o,24,2044,0.011741682974559686,1.1741682974559686
id_stage/hc_o + id_stage/sd_o,11,966,0.011387163561076604,1.1387163561076603
alu_operator_o_mode/hc_o + pc_id_o_tag/hc_o,24,2128,0.011278195488721804,1.1278195488721803
data_type_q_tag + id_group0/hc_o,12,1064,0.011278195488721804,1.1278195488721803
id_group0/hc_o + rdata_offset_q_tag,12,1064,0.011278195488721804,1.1278195488721803
csr_group14/hc_o + id_group0/hc_o,12,1064,0.011278195488721804,1.1278195488721803
csr_group18/hc_o + id_group0/hc_o,12,1064,0.011278195488721804,1.1278195488721803
csr_group19/hc_o + id_group0/hc_o,12,1064,0.011278195488721804,1.1278195488721803
id_group4/hc_o + id_group9/hc_o,12,1064,0.011278195488721804,1.1278195488721803
id_group5/hc_o + id_group9/hc_o,12,1064,0.011278195488721804,1.1278195488721803
id_group0/hc_o + register_set_o_tag,6,532,0.011278195488721804,1.1278195488721803
id_group0/hc_o + store_source_ex_o_tag,6,532,0.011278195488721804,1.1278195488721803
id_group1/hc_o + store_source_ex_o_tag,6,532,0.011278195488721804,1.1278195488721803
id_group0/hc_o + use_store_ops_ex_o,6,532,0.011278195488721804,1.1278195488721803
id_group0/hc_o + rf_reg[0],6,532,0.011278195488721804,1.1278195488721803
id_group0/hc_o + rf_reg[1],6,532,0.011278195488721804,1.1278195488721803
id_group0/hc_o + rf_reg[2],6,532,0.011278195488721804,1.1278195488721803
id_group0/hc_o + rf_reg[3],6,532,0.011278195488721804,1.1278195488721803
id_group0/hc_o + rf_reg[4],6,532,0.011278195488721804,1.1278195488721803
alu_operand_b_ex_o_tag + id_group0/hc_o,6,532,0.011278195488721804,1.1278195488721803
id_group0/hc_o + rf_reg[5],6,532,0.011278195488721804,1.1278195488721803
id_group0/hc_o + rf_reg[6],6,532,0.011278195488721804,1.1278195488721803
id_group0/hc_o + rf_reg[7],6,532,0.011278195488721804,1.1278195488721803
id_group0/hc_o + rf_reg[8],6,532,0.011278195488721804,1.1278195488721803
id_group0/hc_o + rf_reg[9],6,532,0.011278195488721804,1.1278195488721803
id_group0/hc_o + rf_reg[10],6,532,0.011278195488721804,1.1278195488721803
id_group0/hc_o + rf_reg[11],6,532,0.011278195488721804,1.1278195488721803
id_group0/hc_o + rf_reg[12],6,532,0.011278195488721804,1.1278195488721803
id_group0/hc_o + rf_reg[13],6,532,0.011278195488721804,1.1278195488721803
id_group0/hc_o + rf_reg[14],6,532,0.011278195488721804,1.1278195488721803
id_group0/hc_o + rf_reg[15],6,532,0.011278195488721804,1.1278195488721803
id_group0/hc_o + rf_reg[16],6,532,0.011278195488721804,1.1278195488721803
id_group0/hc_o + rf_reg[17],6,532,0.011278195488721804,1.1278195488721803
alu_operand_c_ex_o_tag + id_group0/hc_o,6,532,0.011278195488721804,1.1278195488721803
id_group0/hc_o + rf_reg[18],6,532,0.011278195488721804,1.1278195488721803
id_group0/hc_o + rf_reg[19],6,532,0.011278195488721804,1.1278195488721803
id_group0/hc_o + rf_reg[20],6,532,0.011278195488721804,1.1278195488721803
id_group0/hc_o + rf_reg[21],6,532,0.011278195488721804,1.1278195488721803
id_group0/hc_o + rf_reg[22],6,532,0.011278195488721804,1.1278195488721803
id_group0/hc_o + rf_reg[23],6,532,0.011278195488721804,1.1278195488721803
id_group0/hc_o + rf_reg[24],6,532,0.011278195488721804,1.1278195488721803
id_group0/hc_o + rf_reg[25],6,532,0.011278195488721804,1.1278195488721803
id_group0/hc_o + rf_reg[26],6,532,0.011278195488721804,1.1278195488721803
id_group0/hc_o + rf_reg[27],6,532,0.011278195488721804,1.1278195488721803
id_group0/hc_o + pc_id_o_tag,6,532,0.011278195488721804,1.1278195488721803
id_group0/hc_o + rf_reg[28],6,532,0.011278195488721804,1.1278195488721803
id_group0/hc_o + rf_reg[29],6,532,0.011278195488721804,1.1278195488721803
id_group0/hc_o + rf_reg[30],6,532,0.011278195488721804,1.1278195488721803
id_group0/hc_o + rf_reg[31],6,532,0.011278195488721804,1.1278195488721803
id_group0/hc_o + rs1_o_tag,6,532,0.011278195488721804,1.1278195488721803
data_we_q_tag + id_group0/hc_o,6,532,0.011278195488721804,1.1278195488721803
check_d_o_tag + id_group0/hc_o,6,532,0.011278195488721804,1.1278195488721803
check_s1_o_tag + id_group0/hc_o,6,532,0.011278195488721804,1.1278195488721803
check_s2_o_tag + id_group0/hc_o,6,532,0.011278195488721804,1.1278195488721803
id_group0/hc_o + is_store_post_o_tag,6,532,0.011278195488721804,1.1278195488721803
id_group0/hc_o + memory_set_o_tag,6,532,0.011278195488721804,1.1278195488721803
id_group0/hc_o + pc_if_o_tag,6,532,0.011278195488721804,1.1278195488721803
alu_operand_a_ex_o_tag + id_group0/hc_o,6,532,0.011278195488721804,1.1278195488721803
id_group0/hc_o + id_group0/sd_o,3,266,0.011278195488721804,1.1278195488721803
id_group0/hc_o + id_group6/hc_o,23,2044,0.011252446183953033,1.1252446183953033
id_group0/hc_o + id_group8/hc_o,23,2044,0.011252446183953033,1.1252446183953033
csr_group13/hc_o + id_group0/hc_o,23,2044,0.011252446183953033,1.1252446183953033
id_group1/hc_o + id_group3/hc_o,23,2044,0.011252446183953033,1.1252446183953033
id_group1/hc_o + id_group4/hc_o,23,2044,0.011252446183953033,1.1252446183953033
id_group1/hc_o + id_group5/hc_o,23,2044,0.011252446183953033,1.1252446183953033
id_group2/hc_o + id_group4/hc_o,23,2044,0.011252446183953033,1.1252446183953033
id_group2/hc_o + id_group5/hc_o,23,2044,0.011252446183953033,1.1252446183953033
hc_o_rf_tag + memory_set_o_tag/hc_o,162,15008,0.010794243070362473,1.0794243070362473
hc_o_rf_tag + id_group9/hc_o,81,7504,0.010794243070362473,1.0794243070362473
id_group2/hc_o + id_group3/hc_o,22,2044,0.010763209393346379,1.076320939334638
check_s1_o_tag + rdata_q_tag,65,6048,0.010747354497354497,1.0747354497354498
memory_set_o_tag + rdata_q_tag,65,6048,0.010747354497354497,1.0747354497354498
check_s1_o_tag + data_type_q_tag,18,1680,0.010714285714285714,1.0714285714285714
check_s1_o_tag + rdata_offset_q_tag,18,1680,0.010714285714285714,1.0714285714285714
memory_set_o_tag + rdata_offset_q_tag,18,1680,0.010714285714285714,1.0714285714285714
rdata_offset_q_tag + use_store_ops_ex_o,18,1680,0.010714285714285714,1.0714285714285714
alu_operator_o_mode + pc_id_o_tag/hc_o,12,1120,0.010714285714285714,1.0714285714285714
alu_operand_a_ex_o_tag/hc_o + pc_if_o_tag/hc_o,12,1120,0.010714285714285714,1.0714285714285714
alu_operand_b_ex_o_tag/hc_o + pc_if_o_tag/hc_o,12,1120,0.010714285714285714,1.0714285714285714
alu_operand_a_ex_o_tag/hc_o + alu_operand_b_ex_o_tag/hc_o,12,1120,0.010714285714285714,1.0714285714285714
check_d_o_tag + check_s1_o_tag,9,840,0.010714285714285714,1.0714285714285714
check_d_o_tag + store_dest_addr_ex_o_tag,9,840,0.010714285714285714,1.0714285714285714
check_d_o_tag + use_store_ops_ex_o,9,840,0.010714285714285714,1.0714285714285714
check_s1_o_tag + check_s2_o_tag,9,840,0.010714285714285714,1.0714285714285714
check_s1_o_tag + is_store_post_o_tag,9,840,0.010714285714285714,1.0714285714285714
check_s1_o_tag + store_source_ex_o_tag,9,840,0.010714285714285714,1.0714285714285714
check_s1_o_tag + rf_reg[15],9,840,0.010714285714285714,1.0714285714285714
check_s2_o_tag + store_dest_addr_ex_o_tag,9,840,0.010714285714285714,1.0714285714285714
check_s2_o_tag + use_store_ops_ex_o,9,840,0.010714285714285714,1.0714285714285714
is_store_post_o_tag + use_store_ops_ex_o,9,840,0.010714285714285714,1.0714285714285714
memory_set_o_tag + rf_reg[15],9,840,0.010714285714285714,1.0714285714285714
alu_operand_a_ex_o_tag + check_d_o_tag,9,840,0.010714285714285714,1.0714285714285714
alu_operand_a_ex_o_tag + check_s2_o_tag,9,840,0.010714285714285714,1.0714285714285714
register_set_o_tag + store_dest_addr_ex_o_tag,9,840,0.010714285714285714,1.0714285714285714
rf_reg[15] + store_dest_addr_ex_o_tag,9,840,0.010714285714285714,1.0714285714285714
store_source_ex_o_tag + use_store_ops_ex_o,9,840,0.010714285714285714,1.0714285714285714
rf_reg[15] + use_store_ops_ex_o,9,840,0.010714285714285714,1.0714285714285714
alu_operand_b_ex_o_tag + alu_operand_c_ex_o_tag,9,840,0.010714285714285714,1.0714285714285714
alu_operand_b_ex_o_tag + check_d_o_tag,9,840,0.010714285714285714,1.0714285714285714
alu_operand_b_ex_o_tag + rf_reg[15],9,840,0.010714285714285714,1.0714285714285714
alu_operand_c_ex_o_tag + check_s1_o_tag,9,840,0.010714285714285714,1.0714285714285714
alu_operand_c_ex_o_tag + memory_set_o_tag,9,840,0.010714285714285714,1.0714285714285714
alu_operand_c_ex_o_tag + store_dest_addr_ex_o_tag,9,840,0.010714285714285714,1.0714285714285714
hc_o_rf_tag + store_dest_addr_ex_o_tag/hc_o,160,15008,0.010660980810234541,1.0660980810234542
hc_o_rf_tag + use_store_ops_ex_o/hc_o,160,15008,0.010660980810234541,1.0660980810234542
check_s1_o_tag/hc_o + hc_o_rf_tag,160,15008,0.010660980810234541,1.0660980810234542
hc_o_rf_tag + pc_if_o_tag/hc_o,158,15008,0.01052771855010661,1.052771855010661
hc_o_rf_tag + id_group1/hc_o,156,14840,0.010512129380053909,1.051212938005391
hc_o_rf_tag + id_group2/hc_o,155,14840,0.010444743935309973,1.0444743935309972
alu_operand_b_ex_o_tag/hc_o + hc_o_rf_tag,156,15008,0.010394456289978678,1.0394456289978677
hc_o_26 + sd_o_26,10,966,0.010351966873706004,1.0351966873706004
id_group3/hc_o + id_group9/hc_o,11,1064,0.010338345864661654,1.0338345864661653
alu_operand_a_ex_o_tag/hc_o + hc_o_rf_tag,154,15008,0.010261194029850746,1.0261194029850746
rdata_q_tag + use_store_ops_ex_o,62,6048,0.01025132275132275,1.0251322751322751
data_type_q_tag + store_dest_addr_ex_o_tag,17,1680,0.01011904761904762,1.0119047619047619
check_s1_o_tag + regfile_alu_waddr_ex_o_tag,116,11592,0.010006901311249138,1.000690131124914
alu_operand_b_ex_o_tag + regfile_alu_waddr_ex_o_tag,116,11592,0.010006901311249138,1.000690131124914
alu_operand_a_ex_o_tag + rdata_q_tag,60,6048,0.00992063492063492,0.992063492063492
hc_o_5 + store_dest_addr_ex_o_tag/hc_o,40,4032,0.00992063492063492,0.992063492063492
hc_o_5 + use_store_ops_ex_o/hc_o,40,4032,0.00992063492063492,0.992063492063492
check_s1_o_tag/hc_o + hc_o_5,40,4032,0.00992063492063492,0.992063492063492
hc_o_5 + memory_set_o_tag/hc_o,40,4032,0.00992063492063492,0.992063492063492
id_group1/hc_o + if_stage/hc_o,20,2044,0.009784735812133072,0.9784735812133072
regfile_alu_waddr_ex_o_tag + use_store_ops_ex_o,113,11592,0.009748102139406488,0.9748102139406488
alu_operand_b_ex_o_tag + rdata_q_tag,58,6048,0.00958994708994709,0.958994708994709
data_type_q_tag + memory_set_o_tag,16,1680,0.009523809523809525,0.9523809523809524
rdata_offset_q_tag + store_dest_addr_ex_o_tag,16,1680,0.009523809523809525,0.9523809523809524
alu_operand_a_ex_o_tag + rdata_offset_q_tag,16,1680,0.009523809523809525,0.9523809523809524
alu_operand_b_ex_o_tag + data_type_q_tag,16,1680,0.009523809523809525,0.9523809523809524
alu_operand_b_ex_o_tag + rdata_offset_q_tag,16,1680,0.009523809523809525,0.9523809523809524
rf_reg[4] + rf_reg[7],8,840,0.009523809523809525,0.9523809523809524
rf_reg[10] + rf_reg[5],8,840,0.009523809523809525,0.9523809523809524
rf_reg[6] + rf_reg[9],8,840,0.009523809523809525,0.9523809523809524
rf_reg[11] + rf_reg[14],8,840,0.009523809523809525,0.9523809523809524
rf_reg[12] + rf_reg[17],8,840,0.009523809523809525,0.9523809523809524
rf_reg[13] + rf_reg[16],8,840,0.009523809523809525,0.9523809523809524
rf_reg[18] + rf_reg[23],8,840,0.009523809523809525,0.9523809523809524
rf_reg[19] + rf_reg[22],8,840,0.009523809523809525,0.9523809523809524
rf_reg[20] + rf_reg[25],8,840,0.009523809523809525,0.9523809523809524
rf_reg[21] + rf_reg[24],8,840,0.009523809523809525,0.9523809523809524
rf_reg[26] + rf_reg[29],8,840,0.009523809523809525,0.9523809523809524
rf_reg[28] + rf_reg[31],8,840,0.009523809523809525,0.9523809523809524
rdata_q_tag + store_dest_addr_ex_o_tag,57,6048,0.009424603174603174,0.9424603174603174
hc_o_5 + pc_if_o_tag/hc_o,38,4032,0.009424603174603174,0.9424603174603174
alu_operand_a_ex_o_tag/hc_o + hc_o_5,38,4032,0.009424603174603174,0.9424603174603174
alu_operand_b_ex_o_tag/hc_o + hc_o_5,38,4032,0.009424603174603174,0.9424603174603174
alu_operator_o_mode + if_stage/hc_o,20,2128,0.009398496240601503,0.9398496240601504
if_stage/hc_o + pc_id_o_tag,10,1064,0.009398496240601503,0.9398496240601504
id_group9/hc_o + if_stage/hc_o,10,1064,0.009398496240601503,0.9398496240601504
regfile_alu_waddr_ex_o_tag + store_dest_addr_ex_o_tag,108,11592,0.009316770186335404,0.9316770186335404
id_group2/hc_o + if_stage/hc_o,19,2044,0.009295499021526418,0.9295499021526419
data_type_q_tag + use_store_ops_ex_o,15,1680,0.008928571428571428,0.8928571428571428
pc_id_o_tag/hc_o + pc_if_o_tag/hc_o,10,1120,0.008928571428571428,0.8928571428571428
alu_operand_a_ex_o_tag + regfile_alu_waddr_ex_o_tag,100,11592,0.00862663906142167,0.862663906142167
lsu_reg/hc_o + regfile_alu_waddr_ex_o_tag,64,7448,0.008592910848549946,0.8592910848549946
tpr_q + use_store_ops_ex_o,46,5376,0.00855654761904762,0.855654761904762
lsu/hc_o + tpr/hc_o_32,63,7448,0.008458646616541353,0.8458646616541353
lsu/hc_o + tcr/hc_o_32,63,7448,0.008458646616541353,0.8458646616541353
id_group1/hc_o + regfile_alu_waddr_ex_o_tag,64,7588,0.008434370057986295,0.8434370057986295
id_group2/hc_o + regfile_alu_waddr_ex_o_tag,64,7588,0.008434370057986295,0.8434370057986295
memory_set_o_tag + regfile_alu_waddr_ex_o_tag,97,11592,0.00836783988957902,0.836783988957902
check_d_o_tag + memory_set_o_tag,7,840,0.008333333333333333,0.8333333333333334
check_s1_o_tag + register_set_o_tag,7,840,0.008333333333333333,0.8333333333333334
check_s1_o_tag + rs1_o_tag,7,840,0.008333333333333333,0.8333333333333334
check_s1_o_tag + data_we_q_tag,7,840,0.008333333333333333,0.8333333333333334
is_store_post_o_tag + memory_set_o_tag,7,840,0.008333333333333333,0.8333333333333334
memory_set_o_tag + register_set_o_tag,7,840,0.008333333333333333,0.8333333333333334
memory_set_o_tag + rs1_o_tag,7,840,0.008333333333333333,0.8333333333333334
data_we_q_tag + memory_set_o_tag,7,840,0.008333333333333333,0.8333333333333334
alu_operand_a_ex_o_tag + alu_operand_c_ex_o_tag,7,840,0.008333333333333333,0.8333333333333334
alu_operand_a_ex_o_tag + store_source_ex_o_tag,7,840,0.008333333333333333,0.8333333333333334
rs1_o_tag + store_dest_addr_ex_o_tag,7,840,0.008333333333333333,0.8333333333333334
data_we_q_tag + store_dest_addr_ex_o_tag,7,840,0.008333333333333333,0.8333333333333334
alu_operand_a_ex_o_tag + rf_reg[15],7,840,0.008333333333333333,0.8333333333333334
alu_operand_a_ex_o_tag + rs1_o_tag,7,840,0.008333333333333333,0.8333333333333334
alu_operand_a_ex_o_tag + data_we_q_tag,7,840,0.008333333333333333,0.8333333333333334
data_we_q_tag + use_store_ops_ex_o,7,840,0.008333333333333333,0.8333333333333334
alu_operand_b_ex_o_tag + store_source_ex_o_tag,7,840,0.008333333333333333,0.8333333333333334
alu_operand_b_ex_o_tag + rs1_o_tag,7,840,0.008333333333333333,0.8333333333333334
alu_operand_b_ex_o_tag + data_we_q_tag,7,840,0.008333333333333333,0.8333333333333334
alu_operand_c_ex_o_tag + use_store_ops_ex_o,7,840,0.008333333333333333,0.8333333333333334
pc_if_o_tag/hc_o + regfile_alu_waddr_ex_o_tag,64,7728,0.008281573498964804,0.8281573498964804
regfile_alu_waddr_ex_o_tag + store_dest_addr_ex_o_tag/hc_o,64,7728,0.008281573498964804,0.8281573498964804
regfile_alu_waddr_ex_o_tag + use_store_ops_ex_o/hc_o,64,7728,0.008281573498964804,0.8281573498964804
alu_operand_a_ex_o_tag/hc_o + regfile_alu_waddr_ex_o_tag,64,7728,0.008281573498964804,0.8281573498964804
alu_operand_b_ex_o_tag/hc_o + regfile_alu_waddr_ex_o_tag,64,7728,0.008281573498964804,0.8281573498964804
check_s1_o_tag/hc_o + regfile_alu_waddr_ex_o_tag,64,7728,0.008281573498964804,0.8281573498964804
memory_set_o_tag/hc_o + regfile_alu_waddr_ex_o_tag,64,7728,0.008281573498964804,0.8281573498964804
id_group9/hc_o + regfile_alu_waddr_ex_o_tag,32,3864,0.008281573498964804,0.8281573498964804
hc_o_26 + sd_o_5,8,966,0.008281573498964804,0.8281573498964804
hc_o_26 + sd_o_rf_tag,8,966,0.008281573498964804,0.8281573498964804
hc_o_26 + tpr/sd_o_32,8,966,0.008281573498964804,0.8281573498964804
hc_o_26 + tcr/sd_o_32,8,966,0.008281573498964804,0.8281573498964804
store_dest_addr_ex_o_tag + tpr_q,44,5376,0.00818452380952381,0.818452380952381
tcr_q + use_store_ops_ex_o,44,5376,0.00818452380952381,0.818452380952381
check_s1_o_tag + tpr_q,44,5376,0.00818452380952381,0.818452380952381
tcr_load_store/hc_o + tcr_q,22,2688,0.00818452380952381,0.818452380952381
id_group1/hc_o + rdata_q_tag,32,3920,0.00816326530612245,0.8163265306122449
id_group2/hc_o + rdata_q_tag,32,3920,0.00816326530612245,0.8163265306122449
if_stage/hc_o + lsu_reg/hc_o,16,1960,0.00816326530612245,0.8163265306122449
store_dest_addr_ex_o_tag + tcr_q,43,5376,0.007998511904761904,0.7998511904761905
pc_if_o_tag/hc_o + rdata_q_tag,32,4032,0.007936507936507936,0.7936507936507936
rdata_q_tag + store_dest_addr_ex_o_tag/hc_o,32,4032,0.007936507936507936,0.7936507936507936
rdata_q_tag + use_store_ops_ex_o/hc_o,32,4032,0.007936507936507936,0.7936507936507936
alu_operand_a_ex_o_tag/hc_o + rdata_q_tag,32,4032,0.007936507936507936,0.7936507936507936
alu_operand_b_ex_o_tag/hc_o + rdata_q_tag,32,4032,0.007936507936507936,0.7936507936507936
check_s1_o_tag/hc_o + rdata_q_tag,32,4032,0.007936507936507936,0.7936507936507936
memory_set_o_tag/hc_o + rdata_q_tag,32,4032,0.007936507936507936,0.7936507936507936
id_group9/hc_o + rdata_q_tag,16,2016,0.007936507936507936,0.7936507936507936
id_group1/hc_o + id_group7/hc_o,16,2044,0.007827788649706457,0.7827788649706457
csr_group0/hc_o + id_group1/hc_o,16,2044,0.007827788649706457,0.7827788649706457
csr_group1/hc_o + id_group1/hc_o,16,2044,0.007827788649706457,0.7827788649706457
csr_group2/hc_o + id_group1/hc_o,16,2044,0.007827788649706457,0.7827788649706457
csr_group3/hc_o + id_group1/hc_o,16,2044,0.007827788649706457,0.7827788649706457
csr_group4/hc_o + id_group1/hc_o,16,2044,0.007827788649706457,0.7827788649706457
csr_group5/hc_o + id_group1/hc_o,16,2044,0.007827788649706457,0.7827788649706457
csr_group6/hc_o + id_group1/hc_o,16,2044,0.007827788649706457,0.7827788649706457
csr_group7/hc_o + id_group1/hc_o,16,2044,0.007827788649706457,0.7827788649706457
csr_group8/hc_o + id_group1/hc_o,16,2044,0.007827788649706457,0.7827788649706457
csr_group9/hc_o + id_group1/hc_o,16,2044,0.007827788649706457,0.7827788649706457
csr_group10/hc_o + id_group1/hc_o,16,2044,0.007827788649706457,0.7827788649706457
csr_group11/hc_o + id_group1/hc_o,16,2044,0.007827788649706457,0.7827788649706457
csr_group16/hc_o + id_group1/hc_o,16,2044,0.007827788649706457,0.7827788649706457
csr_group17/hc_o + id_group1/hc_o,16,2044,0.007827788649706457,0.7827788649706457
id_group1/hc_o + lsu_group1/hc_o,16,2044,0.007827788649706457,0.7827788649706457
id_group1/hc_o + lsu_group2/hc_o,16,2044,0.007827788649706457,0.7827788649706457
id_group1/hc_o + lsu_group3/hc_o,16,2044,0.007827788649706457,0.7827788649706457
id_group1/hc_o + lsu_group4/hc_o,16,2044,0.007827788649706457,0.7827788649706457
id_group1/hc_o + lsu_group5/hc_o,16,2044,0.007827788649706457,0.7827788649706457
id_group2/hc_o + id_group6/hc_o,16,2044,0.007827788649706457,0.7827788649706457
id_group2/hc_o + id_group7/hc_o,16,2044,0.007827788649706457,0.7827788649706457
csr_group0/hc_o + id_group2/hc_o,16,2044,0.007827788649706457,0.7827788649706457
csr_group1/hc_o + id_group2/hc_o,16,2044,0.007827788649706457,0.7827788649706457
csr_group2/hc_o + id_group2/hc_o,16,2044,0.007827788649706457,0.7827788649706457
csr_group3/hc_o + id_group2/hc_o,16,2044,0.007827788649706457,0.7827788649706457
csr_group4/hc_o + id_group2/hc_o,16,2044,0.007827788649706457,0.7827788649706457
csr_group5/hc_o + id_group2/hc_o,16,2044,0.007827788649706457,0.7827788649706457
csr_group6/hc_o + id_group2/hc_o,16,2044,0.007827788649706457,0.7827788649706457
csr_group7/hc_o + id_group2/hc_o,16,2044,0.007827788649706457,0.7827788649706457
csr_group8/hc_o + id_group2/hc_o,16,2044,0.007827788649706457,0.7827788649706457
csr_group9/hc_o + id_group2/hc_o,16,2044,0.007827788649706457,0.7827788649706457
csr_group10/hc_o + id_group2/hc_o,16,2044,0.007827788649706457,0.7827788649706457
csr_group11/hc_o + id_group2/hc_o,16,2044,0.007827788649706457,0.7827788649706457
csr_group13/hc_o + id_group2/hc_o,16,2044,0.007827788649706457,0.7827788649706457
csr_group16/hc_o + id_group2/hc_o,16,2044,0.007827788649706457,0.7827788649706457
csr_group17/hc_o + id_group2/hc_o,16,2044,0.007827788649706457,0.7827788649706457
id_group2/hc_o + lsu_group1/hc_o,16,2044,0.007827788649706457,0.7827788649706457
id_group2/hc_o + lsu_group2/hc_o,16,2044,0.007827788649706457,0.7827788649706457
id_group2/hc_o + lsu_group3/hc_o,16,2044,0.007827788649706457,0.7827788649706457
id_group2/hc_o + lsu_group4/hc_o,16,2044,0.007827788649706457,0.7827788649706457
id_group2/hc_o + lsu_group5/hc_o,16,2044,0.007827788649706457,0.7827788649706457
id_group3/hc_o + id_group5/hc_o,16,2044,0.007827788649706457,0.7827788649706457
check_s1_o_tag + tcr_q,42,5376,0.0078125,0.78125
memory_set_o_tag + tpr_q,42,5376,0.0078125,0.78125
tpr_load_store_mode/hc_o + tpr_q,21,2688,0.0078125,0.78125
tpr_load_store_enable/hc_o + tpr_q,21,2688,0.0078125,0.78125
csr_group12/hc_o + tpr_q,21,2688,0.0078125,0.78125
csr_group15/hc_o + tpr_q,21,2688,0.0078125,0.78125
csr_group20/hc_o + tcr_q,14,1792,0.0078125,0.78125
sp_o_32 + tcr_q,7,896,0.0078125,0.78125
hc_o_26 + pc_id_o_tag,15,1932,0.007763975155279503,0.7763975155279503
hc_o_26 + pc_if_o_tag,15,1932,0.007763975155279503,0.7763975155279503
alu_operand_a_ex_o_tag + data_type_q_tag,13,1680,0.007738095238095238,0.7738095238095238
regfile_alu_waddr_ex_o_tag + rf_reg[15],89,11592,0.007677708764665286,0.7677708764665286
memory_set_o_tag + tcr_q,41,5376,0.007626488095238095,0.7626488095238095
pc_if_o_tag/hc_o + rdata_offset_q_tag/hc_o,16,2128,0.007518796992481203,0.7518796992481203
data_type_q_tag/hc_o + pc_if_o_tag/hc_o,16,2128,0.007518796992481203,0.7518796992481203
pc_if_o_tag/hc_o + rdata_q_tag/hc_o,16,2128,0.007518796992481203,0.7518796992481203
rdata_offset_q_tag/hc_o + store_dest_addr_ex_o_tag/hc_o,16,2128,0.007518796992481203,0.7518796992481203
data_type_q_tag/hc_o + store_dest_addr_ex_o_tag/hc_o,16,2128,0.007518796992481203,0.7518796992481203
rdata_q_tag/hc_o + store_dest_addr_ex_o_tag/hc_o,16,2128,0.007518796992481203,0.7518796992481203
rdata_offset_q_tag/hc_o + use_store_ops_ex_o/hc_o,16,2128,0.007518796992481203,0.7518796992481203
data_type_q_tag/hc_o + use_store_ops_ex_o/hc_o,16,2128,0.007518796992481203,0.7518796992481203
rdata_q_tag/hc_o + use_store_ops_ex_o/hc_o,16,2128,0.007518796992481203,0.7518796992481203
alu_operand_a_ex_o_tag/hc_o + rdata_offset_q_tag/hc_o,16,2128,0.007518796992481203,0.7518796992481203
alu_operand_a_ex_o_tag/hc_o + data_type_q_tag/hc_o,16,2128,0.007518796992481203,0.7518796992481203
alu_operand_a_ex_o_tag/hc_o + rdata_q_tag/hc_o,16,2128,0.007518796992481203,0.7518796992481203
alu_operand_b_ex_o_tag/hc_o + rdata_offset_q_tag/hc_o,16,2128,0.007518796992481203,0.7518796992481203
alu_operand_b_ex_o_tag/hc_o + data_type_q_tag/hc_o,16,2128,0.007518796992481203,0.7518796992481203
alu_operand_b_ex_o_tag/hc_o + rdata_q_tag/hc_o,16,2128,0.007518796992481203,0.7518796992481203
check_s1_o_tag/hc_o + rdata_offset_q_tag/hc_o,16,2128,0.007518796992481203,0.7518796992481203
check_s1_o_tag/hc_o + data_type_q_tag/hc_o,16,2128,0.007518796992481203,0.7518796992481203
check_s1_o_tag/hc_o + rdata_q_tag/hc_o,16,2128,0.007518796992481203,0.7518796992481203
memory_set_o_tag/hc_o + rdata_offset_q_tag/hc_o,16,2128,0.007518796992481203,0.7518796992481203
data_type_q_tag/hc_o + memory_set_o_tag/hc_o,16,2128,0.007518796992481203,0.7518796992481203
memory_set_o_tag/hc_o + rdata_q_tag/hc_o,16,2128,0.007518796992481203,0.7518796992481203
pc_if_o_tag/hc_o + tpr_branch/hc_o,8,1064,0.007518796992481203,0.7518796992481203
pc_if_o_tag/hc_o + tpr_shift/hc_o,8,1064,0.007518796992481203,0.7518796992481203
pc_if_o_tag/hc_o + tpr_comparison/hc_o,8,1064,0.007518796992481203,0.7518796992481203
pc_if_o_tag/hc_o + tpr_logical/hc_o,8,1064,0.007518796992481203,0.7518796992481203
pc_if_o_tag/hc_o + tcr_arith/hc_o,8,1064,0.007518796992481203,0.7518796992481203
pc_if_o_tag/hc_o + tcr_branch/hc_o,8,1064,0.007518796992481203,0.7518796992481203
pc_if_o_tag/hc_o + tcr_jump/hc_o,8,1064,0.007518796992481203,0.7518796992481203
pc_if_o_tag/hc_o + tcr_shift/hc_o,8,1064,0.007518796992481203,0.7518796992481203
pc_if_o_tag/hc_o + tcr_comparison/hc_o,8,1064,0.007518796992481203,0.7518796992481203
pc_if_o_tag/hc_o + tcr_logical/hc_o,8,1064,0.007518796992481203,0.7518796992481203
store_dest_addr_ex_o_tag/hc_o + tpr_arith/hc_o,8,1064,0.007518796992481203,0.7518796992481203
store_dest_addr_ex_o_tag/hc_o + tpr_branch/hc_o,8,1064,0.007518796992481203,0.7518796992481203
store_dest_addr_ex_o_tag/hc_o + tpr_jump/hc_o,8,1064,0.007518796992481203,0.7518796992481203
store_dest_addr_ex_o_tag/hc_o + tpr_shift/hc_o,8,1064,0.007518796992481203,0.7518796992481203
store_dest_addr_ex_o_tag/hc_o + tpr_comparison/hc_o,8,1064,0.007518796992481203,0.7518796992481203
store_dest_addr_ex_o_tag/hc_o + tpr_logical/hc_o,8,1064,0.007518796992481203,0.7518796992481203
store_dest_addr_ex_o_tag/hc_o + tcr_arith/hc_o,8,1064,0.007518796992481203,0.7518796992481203
store_dest_addr_ex_o_tag/hc_o + tcr_branch/hc_o,8,1064,0.007518796992481203,0.7518796992481203
store_dest_addr_ex_o_tag/hc_o + tcr_jump/hc_o,8,1064,0.007518796992481203,0.7518796992481203
store_dest_addr_ex_o_tag/hc_o + tcr_shift/hc_o,8,1064,0.007518796992481203,0.7518796992481203
store_dest_addr_ex_o_tag/hc_o + tcr_comparison/hc_o,8,1064,0.007518796992481203,0.7518796992481203
store_dest_addr_ex_o_tag/hc_o + tcr_logical/hc_o,8,1064,0.007518796992481203,0.7518796992481203
tpr_arith/hc_o + use_store_ops_ex_o/hc_o,8,1064,0.007518796992481203,0.7518796992481203
tpr_branch/hc_o + use_store_ops_ex_o/hc_o,8,1064,0.007518796992481203,0.7518796992481203
tpr_jump/hc_o + use_store_ops_ex_o/hc_o,8,1064,0.007518796992481203,0.7518796992481203
tpr_shift/hc_o + use_store_ops_ex_o/hc_o,8,1064,0.007518796992481203,0.7518796992481203
tpr_comparison/hc_o + use_store_ops_ex_o/hc_o,8,1064,0.007518796992481203,0.7518796992481203
tpr_logical/hc_o + use_store_ops_ex_o/hc_o,8,1064,0.007518796992481203,0.7518796992481203
tcr_arith/hc_o + use_store_ops_ex_o/hc_o,8,1064,0.007518796992481203,0.7518796992481203
tcr_branch/hc_o + use_store_ops_ex_o/hc_o,8,1064,0.007518796992481203,0.7518796992481203
tcr_jump/hc_o + use_store_ops_ex_o/hc_o,8,1064,0.007518796992481203,0.7518796992481203
tcr_shift/hc_o + use_store_ops_ex_o/hc_o,8,1064,0.007518796992481203,0.7518796992481203
tcr_comparison/hc_o + use_store_ops_ex_o/hc_o,8,1064,0.007518796992481203,0.7518796992481203
tcr_logical/hc_o + use_store_ops_ex_o/hc_o,8,1064,0.007518796992481203,0.7518796992481203
alu_operand_a_ex_o_tag/hc_o + tpr_arith/hc_o,8,1064,0.007518796992481203,0.7518796992481203
alu_operand_a_ex_o_tag/hc_o + tpr_branch/hc_o,8,1064,0.007518796992481203,0.7518796992481203
alu_operand_a_ex_o_tag/hc_o + tpr_jump/hc_o,8,1064,0.007518796992481203,0.7518796992481203
alu_operand_a_ex_o_tag/hc_o + tpr_shift/hc_o,8,1064,0.007518796992481203,0.7518796992481203
alu_operand_a_ex_o_tag/hc_o + tpr_comparison/hc_o,8,1064,0.007518796992481203,0.7518796992481203
alu_operand_a_ex_o_tag/hc_o + tpr_logical/hc_o,8,1064,0.007518796992481203,0.7518796992481203
alu_operand_a_ex_o_tag/hc_o + tcr_arith/hc_o,8,1064,0.007518796992481203,0.7518796992481203
alu_operand_a_ex_o_tag/hc_o + tcr_branch/hc_o,8,1064,0.007518796992481203,0.7518796992481203
alu_operand_a_ex_o_tag/hc_o + tcr_jump/hc_o,8,1064,0.007518796992481203,0.7518796992481203
alu_operand_a_ex_o_tag/hc_o + tcr_shift/hc_o,8,1064,0.007518796992481203,0.7518796992481203
alu_operand_a_ex_o_tag/hc_o + tcr_comparison/hc_o,8,1064,0.007518796992481203,0.7518796992481203
alu_operand_a_ex_o_tag/hc_o + tcr_logical/hc_o,8,1064,0.007518796992481203,0.7518796992481203
alu_operand_b_ex_o_tag/hc_o + tpr_arith/hc_o,8,1064,0.007518796992481203,0.7518796992481203
alu_operand_b_ex_o_tag/hc_o + tpr_branch/hc_o,8,1064,0.007518796992481203,0.7518796992481203
alu_operand_b_ex_o_tag/hc_o + tpr_jump/hc_o,8,1064,0.007518796992481203,0.7518796992481203
alu_operand_b_ex_o_tag/hc_o + tpr_shift/hc_o,8,1064,0.007518796992481203,0.7518796992481203
alu_operand_b_ex_o_tag/hc_o + tpr_comparison/hc_o,8,1064,0.007518796992481203,0.7518796992481203
alu_operand_b_ex_o_tag/hc_o + tpr_logical/hc_o,8,1064,0.007518796992481203,0.7518796992481203
alu_operand_b_ex_o_tag/hc_o + tcr_arith/hc_o,8,1064,0.007518796992481203,0.7518796992481203
alu_operand_b_ex_o_tag/hc_o + tcr_branch/hc_o,8,1064,0.007518796992481203,0.7518796992481203
alu_operand_b_ex_o_tag/hc_o + tcr_jump/hc_o,8,1064,0.007518796992481203,0.7518796992481203
alu_operand_b_ex_o_tag/hc_o + tcr_shift/hc_o,8,1064,0.007518796992481203,0.7518796992481203
alu_operand_b_ex_o_tag/hc_o + tcr_comparison/hc_o,8,1064,0.007518796992481203,0.7518796992481203
alu_operand_b_ex_o_tag/hc_o + tcr_logical/hc_o,8,1064,0.007518796992481203,0.7518796992481203
check_s1_o_tag/hc_o + tpr_arith/hc_o,8,1064,0.007518796992481203,0.7518796992481203
check_s1_o_tag/hc_o + tpr_branch/hc_o,8,1064,0.007518796992481203,0.7518796992481203
check_s1_o_tag/hc_o + tpr_jump/hc_o,8,1064,0.007518796992481203,0.7518796992481203
check_s1_o_tag/hc_o + tpr_shift/hc_o,8,1064,0.007518796992481203,0.7518796992481203
check_s1_o_tag/hc_o + tpr_comparison/hc_o,8,1064,0.007518796992481203,0.7518796992481203
check_s1_o_tag/hc_o + tpr_logical/hc_o,8,1064,0.007518796992481203,0.7518796992481203
check_s1_o_tag/hc_o + tcr_arith/hc_o,8,1064,0.007518796992481203,0.7518796992481203
check_s1_o_tag/hc_o + tcr_branch/hc_o,8,1064,0.007518796992481203,0.7518796992481203
check_s1_o_tag/hc_o + tcr_jump/hc_o,8,1064,0.007518796992481203,0.7518796992481203
check_s1_o_tag/hc_o + tcr_shift/hc_o,8,1064,0.007518796992481203,0.7518796992481203
check_s1_o_tag/hc_o + tcr_comparison/hc_o,8,1064,0.007518796992481203,0.7518796992481203
check_s1_o_tag/hc_o + tcr_logical/hc_o,8,1064,0.007518796992481203,0.7518796992481203
memory_set_o_tag/hc_o + tpr_branch/hc_o,8,1064,0.007518796992481203,0.7518796992481203
memory_set_o_tag/hc_o + tpr_jump/hc_o,8,1064,0.007518796992481203,0.7518796992481203
memory_set_o_tag/hc_o + tpr_shift/hc_o,8,1064,0.007518796992481203,0.7518796992481203
memory_set_o_tag/hc_o + tpr_comparison/hc_o,8,1064,0.007518796992481203,0.7518796992481203
memory_set_o_tag/hc_o + tpr_logical/hc_o,8,1064,0.007518796992481203,0.7518796992481203
memory_set_o_tag/hc_o + tcr_arith/hc_o,8,1064,0.007518796992481203,0.7518796992481203
memory_set_o_tag/hc_o + tcr_branch/hc_o,8,1064,0.007518796992481203,0.7518796992481203
memory_set_o_tag/hc_o + tcr_jump/hc_o,8,1064,0.007518796992481203,0.7518796992481203
memory_set_o_tag/hc_o + tcr_shift/hc_o,8,1064,0.007518796992481203,0.7518796992481203
memory_set_o_tag/hc_o + tcr_comparison/hc_o,8,1064,0.007518796992481203,0.7518796992481203
memory_set_o_tag/hc_o + tcr_logical/hc_o,8,1064,0.007518796992481203,0.7518796992481203
data_type_q_tag + id_group1/hc_o,8,1064,0.007518796992481203,0.7518796992481203
data_type_q_tag + id_group2/hc_o,8,1064,0.007518796992481203,0.7518796992481203
alu_operator_o_mode + id_group2/hc_o,8,1064,0.007518796992481203,0.7518796992481203
id_group1/hc_o + rdata_offset_q_tag,8,1064,0.007518796992481203,0.7518796992481203
id_group2/hc_o + rdata_offset_q_tag,8,1064,0.007518796992481203,0.7518796992481203
csr_group14/hc_o + id_group1/hc_o,8,1064,0.007518796992481203,0.7518796992481203
csr_group18/hc_o + id_group1/hc_o,8,1064,0.007518796992481203,0.7518796992481203
csr_group19/hc_o + id_group1/hc_o,8,1064,0.007518796992481203,0.7518796992481203
csr_group14/hc_o + id_group2/hc_o,8,1064,0.007518796992481203,0.7518796992481203
csr_group18/hc_o + id_group2/hc_o,8,1064,0.007518796992481203,0.7518796992481203
csr_group19/hc_o + id_group2/hc_o,8,1064,0.007518796992481203,0.7518796992481203
id_group6/hc_o + id_group9/hc_o,8,1064,0.007518796992481203,0.7518796992481203
id_group7/hc_o + id_group9/hc_o,8,1064,0.007518796992481203,0.7518796992481203
id_group8/hc_o + id_group9/hc_o,8,1064,0.007518796992481203,0.7518796992481203
csr_group0/hc_o + id_group9/hc_o,8,1064,0.007518796992481203,0.7518796992481203
csr_group2/hc_o + id_group9/hc_o,8,1064,0.007518796992481203,0.7518796992481203
csr_group3/hc_o + id_group9/hc_o,8,1064,0.007518796992481203,0.7518796992481203
csr_group4/hc_o + id_group9/hc_o,8,1064,0.007518796992481203,0.7518796992481203
csr_group5/hc_o + id_group9/hc_o,8,1064,0.007518796992481203,0.7518796992481203
csr_group6/hc_o + id_group9/hc_o,8,1064,0.007518796992481203,0.7518796992481203
csr_group7/hc_o + id_group9/hc_o,8,1064,0.007518796992481203,0.7518796992481203
csr_group8/hc_o + id_group9/hc_o,8,1064,0.007518796992481203,0.7518796992481203
csr_group9/hc_o + id_group9/hc_o,8,1064,0.007518796992481203,0.7518796992481203
csr_group10/hc_o + id_group9/hc_o,8,1064,0.007518796992481203,0.7518796992481203
csr_group11/hc_o + id_group9/hc_o,8,1064,0.007518796992481203,0.7518796992481203
csr_group16/hc_o + id_group9/hc_o,8,1064,0.007518796992481203,0.7518796992481203
id_group9/hc_o + lsu_group1/hc_o,8,1064,0.007518796992481203,0.7518796992481203
id_group9/hc_o + lsu_group2/hc_o,8,1064,0.007518796992481203,0.7518796992481203
id_group9/hc_o + lsu_group3/hc_o,8,1064,0.007518796992481203,0.7518796992481203
id_group9/hc_o + lsu_group4/hc_o,8,1064,0.007518796992481203,0.7518796992481203
id_group9/hc_o + lsu_group5/hc_o,8,1064,0.007518796992481203,0.7518796992481203
id_group1/hc_o + register_set_o_tag,4,532,0.007518796992481203,0.7518796992481203
id_group2/hc_o + register_set_o_tag,4,532,0.007518796992481203,0.7518796992481203
id_group1/hc_o + store_dest_addr_ex_o_tag,4,532,0.007518796992481203,0.7518796992481203
id_group2/hc_o + store_dest_addr_ex_o_tag,4,532,0.007518796992481203,0.7518796992481203
id_group2/hc_o + store_source_ex_o_tag,4,532,0.007518796992481203,0.7518796992481203
id_group1/hc_o + use_store_ops_ex_o,4,532,0.007518796992481203,0.7518796992481203
id_group1/hc_o + rf_reg[0],4,532,0.007518796992481203,0.7518796992481203
id_group2/hc_o + rf_reg[0],4,532,0.007518796992481203,0.7518796992481203
id_group1/hc_o + rf_reg[1],4,532,0.007518796992481203,0.7518796992481203
id_group2/hc_o + rf_reg[1],4,532,0.007518796992481203,0.7518796992481203
id_group1/hc_o + rf_reg[2],4,532,0.007518796992481203,0.7518796992481203
id_group2/hc_o + rf_reg[2],4,532,0.007518796992481203,0.7518796992481203
id_group1/hc_o + rf_reg[3],4,532,0.007518796992481203,0.7518796992481203
id_group2/hc_o + rf_reg[3],4,532,0.007518796992481203,0.7518796992481203
id_group1/hc_o + rf_reg[4],4,532,0.007518796992481203,0.7518796992481203
id_group2/hc_o + rf_reg[4],4,532,0.007518796992481203,0.7518796992481203
alu_operand_b_ex_o_tag + id_group1/hc_o,4,532,0.007518796992481203,0.7518796992481203
alu_operand_b_ex_o_tag + id_group2/hc_o,4,532,0.007518796992481203,0.7518796992481203
id_group1/hc_o + rf_reg[5],4,532,0.007518796992481203,0.7518796992481203
id_group2/hc_o + rf_reg[5],4,532,0.007518796992481203,0.7518796992481203
id_group1/hc_o + rf_reg[6],4,532,0.007518796992481203,0.7518796992481203
id_group2/hc_o + rf_reg[6],4,532,0.007518796992481203,0.7518796992481203
id_group1/hc_o + rf_reg[7],4,532,0.007518796992481203,0.7518796992481203
id_group2/hc_o + rf_reg[7],4,532,0.007518796992481203,0.7518796992481203
id_group1/hc_o + rf_reg[8],4,532,0.007518796992481203,0.7518796992481203
id_group2/hc_o + rf_reg[8],4,532,0.007518796992481203,0.7518796992481203
id_group1/hc_o + rf_reg[9],4,532,0.007518796992481203,0.7518796992481203
id_group2/hc_o + rf_reg[9],4,532,0.007518796992481203,0.7518796992481203
id_group1/hc_o + rf_reg[10],4,532,0.007518796992481203,0.7518796992481203
id_group2/hc_o + rf_reg[10],4,532,0.007518796992481203,0.7518796992481203
id_group1/hc_o + rf_reg[11],4,532,0.007518796992481203,0.7518796992481203
id_group2/hc_o + rf_reg[11],4,532,0.007518796992481203,0.7518796992481203
id_group1/hc_o + rf_reg[12],4,532,0.007518796992481203,0.7518796992481203
id_group2/hc_o + rf_reg[12],4,532,0.007518796992481203,0.7518796992481203
id_group1/hc_o + rf_reg[13],4,532,0.007518796992481203,0.7518796992481203
id_group2/hc_o + rf_reg[13],4,532,0.007518796992481203,0.7518796992481203
id_group1/hc_o + rf_reg[14],4,532,0.007518796992481203,0.7518796992481203
id_group2/hc_o + rf_reg[14],4,532,0.007518796992481203,0.7518796992481203
id_group1/hc_o + rf_reg[15],4,532,0.007518796992481203,0.7518796992481203
id_group2/hc_o + rf_reg[15],4,532,0.007518796992481203,0.7518796992481203
id_group1/hc_o + rf_reg[16],4,532,0.007518796992481203,0.7518796992481203
id_group2/hc_o + rf_reg[16],4,532,0.007518796992481203,0.7518796992481203
id_group1/hc_o + rf_reg[17],4,532,0.007518796992481203,0.7518796992481203
id_group2/hc_o + rf_reg[17],4,532,0.007518796992481203,0.7518796992481203
alu_operand_c_ex_o_tag + id_group1/hc_o,4,532,0.007518796992481203,0.7518796992481203
alu_operand_c_ex_o_tag + id_group2/hc_o,4,532,0.007518796992481203,0.7518796992481203
id_group1/hc_o + rf_reg[18],4,532,0.007518796992481203,0.7518796992481203
id_group2/hc_o + rf_reg[18],4,532,0.007518796992481203,0.7518796992481203
id_group1/hc_o + rf_reg[19],4,532,0.007518796992481203,0.7518796992481203
id_group2/hc_o + rf_reg[19],4,532,0.007518796992481203,0.7518796992481203
id_group1/hc_o + rf_reg[20],4,532,0.007518796992481203,0.7518796992481203
id_group2/hc_o + rf_reg[20],4,532,0.007518796992481203,0.7518796992481203
id_group1/hc_o + rf_reg[21],4,532,0.007518796992481203,0.7518796992481203
id_group2/hc_o + rf_reg[21],4,532,0.007518796992481203,0.7518796992481203
id_group1/hc_o + rf_reg[22],4,532,0.007518796992481203,0.7518796992481203
id_group2/hc_o + rf_reg[22],4,532,0.007518796992481203,0.7518796992481203
id_group1/hc_o + rf_reg[23],4,532,0.007518796992481203,0.7518796992481203
id_group2/hc_o + rf_reg[23],4,532,0.007518796992481203,0.7518796992481203
id_group1/hc_o + rf_reg[24],4,532,0.007518796992481203,0.7518796992481203
id_group2/hc_o + rf_reg[24],4,532,0.007518796992481203,0.7518796992481203
id_group1/hc_o + rf_reg[25],4,532,0.007518796992481203,0.7518796992481203
id_group2/hc_o + rf_reg[25],4,532,0.007518796992481203,0.7518796992481203
id_group1/hc_o + rf_reg[26],4,532,0.007518796992481203,0.7518796992481203
id_group2/hc_o + rf_reg[26],4,532,0.007518796992481203,0.7518796992481203
id_group1/hc_o + rf_reg[27],4,532,0.007518796992481203,0.7518796992481203
id_group2/hc_o + rf_reg[27],4,532,0.007518796992481203,0.7518796992481203
id_group1/hc_o + pc_id_o_tag,4,532,0.007518796992481203,0.7518796992481203
id_group2/hc_o + pc_id_o_tag,4,532,0.007518796992481203,0.7518796992481203
id_group1/hc_o + rf_reg[28],4,532,0.007518796992481203,0.7518796992481203
id_group2/hc_o + rf_reg[28],4,532,0.007518796992481203,0.7518796992481203
id_group1/hc_o + rf_reg[29],4,532,0.007518796992481203,0.7518796992481203
id_group2/hc_o + rf_reg[29],4,532,0.007518796992481203,0.7518796992481203
id_group1/hc_o + rf_reg[30],4,532,0.007518796992481203,0.7518796992481203
id_group2/hc_o + rf_reg[30],4,532,0.007518796992481203,0.7518796992481203
id_group1/hc_o + rf_reg[31],4,532,0.007518796992481203,0.7518796992481203
id_group2/hc_o + rf_reg[31],4,532,0.007518796992481203,0.7518796992481203
id_group1/hc_o + rs1_o_tag,4,532,0.007518796992481203,0.7518796992481203
id_group2/hc_o + rs1_o_tag,4,532,0.007518796992481203,0.7518796992481203
data_we_q_tag + id_group1/hc_o,4,532,0.007518796992481203,0.7518796992481203
data_we_q_tag + id_group2/hc_o,4,532,0.007518796992481203,0.7518796992481203
check_d_o_tag + id_group1/hc_o,4,532,0.007518796992481203,0.7518796992481203
check_d_o_tag + id_group2/hc_o,4,532,0.007518796992481203,0.7518796992481203
check_s1_o_tag + id_group1/hc_o,4,532,0.007518796992481203,0.7518796992481203
check_s1_o_tag + id_group2/hc_o,4,532,0.007518796992481203,0.7518796992481203
check_s2_o_tag + id_group1/hc_o,4,532,0.007518796992481203,0.7518796992481203
check_s2_o_tag + id_group2/hc_o,4,532,0.007518796992481203,0.7518796992481203
id_group1/hc_o + is_store_post_o_tag,4,532,0.007518796992481203,0.7518796992481203
id_group2/hc_o + is_store_post_o_tag,4,532,0.007518796992481203,0.7518796992481203
id_group1/hc_o + memory_set_o_tag,4,532,0.007518796992481203,0.7518796992481203
id_group2/hc_o + memory_set_o_tag,4,532,0.007518796992481203,0.7518796992481203
id_group1/hc_o + pc_if_o_tag,4,532,0.007518796992481203,0.7518796992481203
id_group2/hc_o + pc_if_o_tag,4,532,0.007518796992481203,0.7518796992481203
alu_operand_a_ex_o_tag + id_group1/hc_o,4,532,0.007518796992481203,0.7518796992481203
id_group1/hc_o + id_group1/sd_o,2,266,0.007518796992481203,0.7518796992481203
id_group2/hc_o + id_group2/sd_o,2,266,0.007518796992481203,0.7518796992481203
alu_operand_b_ex_o_tag + tcr_q,40,5376,0.00744047619047619,0.744047619047619
id_group1/hc_o + id_group6/hc_o,15,2044,0.007338551859099804,0.7338551859099804
id_group1/hc_o + id_group8/hc_o,15,2044,0.007338551859099804,0.7338551859099804
csr_group13/hc_o + id_group1/hc_o,15,2044,0.007338551859099804,0.7338551859099804
id_group2/hc_o + id_group8/hc_o,15,2044,0.007338551859099804,0.7338551859099804
id_group4/hc_o + id_group5/hc_o,15,2044,0.007338551859099804,0.7338551859099804
alu_operand_b_ex_o_tag + tpr_q,39,5376,0.007254464285714286,0.7254464285714286
data_type_q_tag + rf_reg[15],12,1680,0.007142857142857143,0.7142857142857143
rdata_offset_q_tag + rf_reg[15],12,1680,0.007142857142857143,0.7142857142857143
data_type_q_tag + pc_if_o_tag/hc_o,8,1120,0.007142857142857143,0.7142857142857143
data_type_q_tag + store_dest_addr_ex_o_tag/hc_o,8,1120,0.007142857142857143,0.7142857142857143
data_type_q_tag + use_store_ops_ex_o/hc_o,8,1120,0.007142857142857143,0.7142857142857143
alu_operand_a_ex_o_tag/hc_o + data_type_q_tag,8,1120,0.007142857142857143,0.7142857142857143
alu_operand_b_ex_o_tag/hc_o + data_type_q_tag,8,1120,0.007142857142857143,0.7142857142857143
check_s1_o_tag/hc_o + data_type_q_tag,8,1120,0.007142857142857143,0.7142857142857143
data_type_q_tag + memory_set_o_tag/hc_o,8,1120,0.007142857142857143,0.7142857142857143
pc_if_o_tag/hc_o + rdata_offset_q_tag,8,1120,0.007142857142857143,0.7142857142857143
rdata_offset_q_tag + store_dest_addr_ex_o_tag/hc_o,8,1120,0.007142857142857143,0.7142857142857143
rdata_offset_q_tag + use_store_ops_ex_o/hc_o,8,1120,0.007142857142857143,0.7142857142857143
alu_operand_a_ex_o_tag/hc_o + rdata_offset_q_tag,8,1120,0.007142857142857143,0.7142857142857143
alu_operand_b_ex_o_tag/hc_o + rdata_offset_q_tag,8,1120,0.007142857142857143,0.7142857142857143
check_s1_o_tag/hc_o + rdata_offset_q_tag,8,1120,0.007142857142857143,0.7142857142857143
memory_set_o_tag/hc_o + rdata_offset_q_tag,8,1120,0.007142857142857143,0.7142857142857143
pc_if_o_tag/hc_o + store_source_ex_o_tag/hc_o,8,1120,0.007142857142857143,0.7142857142857143
alu_operand_c_ex_o_tag/hc_o + pc_if_o_tag/hc_o,8,1120,0.007142857142857143,0.7142857142857143
check_s2_o_tag/hc_o + pc_if_o_tag/hc_o,8,1120,0.007142857142857143,0.7142857142857143
check_d_o_tag/hc_o + pc_if_o_tag/hc_o,8,1120,0.007142857142857143,0.7142857142857143
is_store_post_o_tag/hc_o + pc_if_o_tag/hc_o,8,1120,0.007142857142857143,0.7142857142857143
pc_if_o_tag/hc_o + rs1_o_tag/hc_o,8,1120,0.007142857142857143,0.7142857142857143
data_we_q_tag/hc_o + pc_if_o_tag/hc_o,8,1120,0.007142857142857143,0.7142857142857143
store_dest_addr_ex_o_tag/hc_o + store_source_ex_o_tag/hc_o,8,1120,0.007142857142857143,0.7142857142857143
alu_operand_c_ex_o_tag/hc_o + store_dest_addr_ex_o_tag/hc_o,8,1120,0.007142857142857143,0.7142857142857143
check_s2_o_tag/hc_o + store_dest_addr_ex_o_tag/hc_o,8,1120,0.007142857142857143,0.7142857142857143
check_d_o_tag/hc_o + store_dest_addr_ex_o_tag/hc_o,8,1120,0.007142857142857143,0.7142857142857143
register_set_o_tag/hc_o + store_dest_addr_ex_o_tag/hc_o,8,1120,0.007142857142857143,0.7142857142857143
is_store_post_o_tag/hc_o + store_dest_addr_ex_o_tag/hc_o,8,1120,0.007142857142857143,0.7142857142857143
rs1_o_tag/hc_o + store_dest_addr_ex_o_tag/hc_o,8,1120,0.007142857142857143,0.7142857142857143
data_we_q_tag/hc_o + store_dest_addr_ex_o_tag/hc_o,8,1120,0.007142857142857143,0.7142857142857143
store_source_ex_o_tag/hc_o + use_store_ops_ex_o/hc_o,8,1120,0.007142857142857143,0.7142857142857143
alu_operand_a_ex_o_tag/hc_o + store_source_ex_o_tag/hc_o,8,1120,0.007142857142857143,0.7142857142857143
alu_operand_b_ex_o_tag/hc_o + store_source_ex_o_tag/hc_o,8,1120,0.007142857142857143,0.7142857142857143
check_s1_o_tag/hc_o + store_source_ex_o_tag/hc_o,8,1120,0.007142857142857143,0.7142857142857143
memory_set_o_tag/hc_o + store_source_ex_o_tag/hc_o,8,1120,0.007142857142857143,0.7142857142857143
alu_operand_c_ex_o_tag/hc_o + use_store_ops_ex_o/hc_o,8,1120,0.007142857142857143,0.7142857142857143
check_s2_o_tag/hc_o + use_store_ops_ex_o/hc_o,8,1120,0.007142857142857143,0.7142857142857143
check_d_o_tag/hc_o + use_store_ops_ex_o/hc_o,8,1120,0.007142857142857143,0.7142857142857143
register_set_o_tag/hc_o + use_store_ops_ex_o/hc_o,8,1120,0.007142857142857143,0.7142857142857143
is_store_post_o_tag/hc_o + use_store_ops_ex_o/hc_o,8,1120,0.007142857142857143,0.7142857142857143
rs1_o_tag/hc_o + use_store_ops_ex_o/hc_o,8,1120,0.007142857142857143,0.7142857142857143
data_we_q_tag/hc_o + use_store_ops_ex_o/hc_o,8,1120,0.007142857142857143,0.7142857142857143
alu_operand_a_ex_o_tag/hc_o + alu_operand_c_ex_o_tag/hc_o,8,1120,0.007142857142857143,0.7142857142857143
alu_operand_a_ex_o_tag/hc_o + check_s2_o_tag/hc_o,8,1120,0.007142857142857143,0.7142857142857143
alu_operand_a_ex_o_tag/hc_o + check_d_o_tag/hc_o,8,1120,0.007142857142857143,0.7142857142857143
alu_operand_a_ex_o_tag/hc_o + is_store_post_o_tag/hc_o,8,1120,0.007142857142857143,0.7142857142857143
alu_operand_a_ex_o_tag/hc_o + rs1_o_tag/hc_o,8,1120,0.007142857142857143,0.7142857142857143
alu_operand_a_ex_o_tag/hc_o + data_we_q_tag/hc_o,8,1120,0.007142857142857143,0.7142857142857143
alu_operand_b_ex_o_tag/hc_o + alu_operand_c_ex_o_tag/hc_o,8,1120,0.007142857142857143,0.7142857142857143
alu_operand_b_ex_o_tag/hc_o + check_d_o_tag/hc_o,8,1120,0.007142857142857143,0.7142857142857143
alu_operand_b_ex_o_tag/hc_o + register_set_o_tag/hc_o,8,1120,0.007142857142857143,0.7142857142857143
alu_operand_b_ex_o_tag/hc_o + is_store_post_o_tag/hc_o,8,1120,0.007142857142857143,0.7142857142857143
alu_operand_b_ex_o_tag/hc_o + rs1_o_tag/hc_o,8,1120,0.007142857142857143,0.7142857142857143
alu_operand_b_ex_o_tag/hc_o + data_we_q_tag/hc_o,8,1120,0.007142857142857143,0.7142857142857143
alu_operand_c_ex_o_tag/hc_o + check_s1_o_tag/hc_o,8,1120,0.007142857142857143,0.7142857142857143
alu_operand_c_ex_o_tag/hc_o + memory_set_o_tag/hc_o,8,1120,0.007142857142857143,0.7142857142857143
check_s1_o_tag/hc_o + check_s2_o_tag/hc_o,8,1120,0.007142857142857143,0.7142857142857143
check_d_o_tag/hc_o + check_s1_o_tag/hc_o,8,1120,0.007142857142857143,0.7142857142857143
check_s1_o_tag/hc_o + register_set_o_tag/hc_o,8,1120,0.007142857142857143,0.7142857142857143
check_s1_o_tag/hc_o + is_store_post_o_tag/hc_o,8,1120,0.007142857142857143,0.7142857142857143
check_s1_o_tag/hc_o + rs1_o_tag/hc_o,8,1120,0.007142857142857143,0.7142857142857143
check_s1_o_tag/hc_o + data_we_q_tag/hc_o,8,1120,0.007142857142857143,0.7142857142857143
check_s2_o_tag/hc_o + memory_set_o_tag/hc_o,8,1120,0.007142857142857143,0.7142857142857143
check_d_o_tag/hc_o + memory_set_o_tag/hc_o,8,1120,0.007142857142857143,0.7142857142857143
memory_set_o_tag/hc_o + register_set_o_tag/hc_o,8,1120,0.007142857142857143,0.7142857142857143
is_store_post_o_tag/hc_o + memory_set_o_tag/hc_o,8,1120,0.007142857142857143,0.7142857142857143
memory_set_o_tag/hc_o + rs1_o_tag/hc_o,8,1120,0.007142857142857143,0.7142857142857143
data_we_q_tag/hc_o + memory_set_o_tag/hc_o,8,1120,0.007142857142857143,0.7142857142857143
check_d_o_tag + rf_reg[15],6,840,0.007142857142857143,0.7142857142857143
check_s2_o_tag + rf_reg[15],6,840,0.007142857142857143,0.7142857142857143
is_store_post_o_tag + rf_reg[15],6,840,0.007142857142857143,0.7142857142857143
memory_set_o_tag + rf_reg[1],6,840,0.007142857142857143,0.7142857142857143
pc_if_o_tag + rf_reg[1],6,840,0.007142857142857143,0.7142857142857143
register_set_o_tag + rf_reg[15],6,840,0.007142857142857143,0.7142857142857143
rf_reg[15] + store_source_ex_o_tag,6,840,0.007142857142857143,0.7142857142857143
rf_reg[15] + rf_reg[2],6,840,0.007142857142857143,0.7142857142857143
data_we_q_tag + rf_reg[15],6,840,0.007142857142857143,0.7142857142857143
alu_operand_c_ex_o_tag + rf_reg[15],6,840,0.007142857142857143,0.7142857142857143
pc_if_o_tag/hc_o + rf_reg[5],4,560,0.007142857142857143,0.7142857142857143
rf_reg[5] + store_dest_addr_ex_o_tag/hc_o,4,560,0.007142857142857143,0.7142857142857143
rf_reg[5] + use_store_ops_ex_o/hc_o,4,560,0.007142857142857143,0.7142857142857143
alu_operand_a_ex_o_tag/hc_o + rf_reg[5],4,560,0.007142857142857143,0.7142857142857143
alu_operand_b_ex_o_tag/hc_o + rf_reg[5],4,560,0.007142857142857143,0.7142857142857143
check_s1_o_tag/hc_o + rf_reg[5],4,560,0.007142857142857143,0.7142857142857143
memory_set_o_tag/hc_o + rf_reg[5],4,560,0.007142857142857143,0.7142857142857143
pc_if_o_tag/hc_o + rf_reg[6],4,560,0.007142857142857143,0.7142857142857143
rf_reg[6] + store_dest_addr_ex_o_tag/hc_o,4,560,0.007142857142857143,0.7142857142857143
rf_reg[6] + use_store_ops_ex_o/hc_o,4,560,0.007142857142857143,0.7142857142857143
alu_operand_a_ex_o_tag/hc_o + rf_reg[6],4,560,0.007142857142857143,0.7142857142857143
alu_operand_b_ex_o_tag/hc_o + rf_reg[6],4,560,0.007142857142857143,0.7142857142857143
check_s1_o_tag/hc_o + rf_reg[6],4,560,0.007142857142857143,0.7142857142857143
memory_set_o_tag/hc_o + rf_reg[6],4,560,0.007142857142857143,0.7142857142857143
pc_if_o_tag/hc_o + rf_reg[7],4,560,0.007142857142857143,0.7142857142857143
rf_reg[7] + store_dest_addr_ex_o_tag/hc_o,4,560,0.007142857142857143,0.7142857142857143
rf_reg[7] + use_store_ops_ex_o/hc_o,4,560,0.007142857142857143,0.7142857142857143
alu_operand_a_ex_o_tag/hc_o + rf_reg[7],4,560,0.007142857142857143,0.7142857142857143
alu_operand_b_ex_o_tag/hc_o + rf_reg[7],4,560,0.007142857142857143,0.7142857142857143
check_s1_o_tag/hc_o + rf_reg[7],4,560,0.007142857142857143,0.7142857142857143
memory_set_o_tag/hc_o + rf_reg[7],4,560,0.007142857142857143,0.7142857142857143
pc_if_o_tag/hc_o + rf_reg[8],4,560,0.007142857142857143,0.7142857142857143
rf_reg[8] + store_dest_addr_ex_o_tag/hc_o,4,560,0.007142857142857143,0.7142857142857143
rf_reg[8] + use_store_ops_ex_o/hc_o,4,560,0.007142857142857143,0.7142857142857143
alu_operand_a_ex_o_tag/hc_o + rf_reg[8],4,560,0.007142857142857143,0.7142857142857143
alu_operand_b_ex_o_tag/hc_o + rf_reg[8],4,560,0.007142857142857143,0.7142857142857143
check_s1_o_tag/hc_o + rf_reg[8],4,560,0.007142857142857143,0.7142857142857143
memory_set_o_tag/hc_o + rf_reg[8],4,560,0.007142857142857143,0.7142857142857143
alu_operand_b_ex_o_tag + pc_if_o_tag/hc_o,4,560,0.007142857142857143,0.7142857142857143
alu_operand_b_ex_o_tag + store_dest_addr_ex_o_tag/hc_o,4,560,0.007142857142857143,0.7142857142857143
alu_operand_b_ex_o_tag + use_store_ops_ex_o/hc_o,4,560,0.007142857142857143,0.7142857142857143
alu_operand_a_ex_o_tag/hc_o + alu_operand_b_ex_o_tag,4,560,0.007142857142857143,0.7142857142857143
alu_operand_b_ex_o_tag + check_s1_o_tag/hc_o,4,560,0.007142857142857143,0.7142857142857143
alu_operand_b_ex_o_tag + memory_set_o_tag/hc_o,4,560,0.007142857142857143,0.7142857142857143
pc_if_o_tag/hc_o + rf_reg[9],4,560,0.007142857142857143,0.7142857142857143
rf_reg[9] + store_dest_addr_ex_o_tag/hc_o,4,560,0.007142857142857143,0.7142857142857143
rf_reg[9] + use_store_ops_ex_o/hc_o,4,560,0.007142857142857143,0.7142857142857143
alu_operand_a_ex_o_tag/hc_o + rf_reg[9],4,560,0.007142857142857143,0.7142857142857143
alu_operand_b_ex_o_tag/hc_o + rf_reg[9],4,560,0.007142857142857143,0.7142857142857143
check_s1_o_tag/hc_o + rf_reg[9],4,560,0.007142857142857143,0.7142857142857143
memory_set_o_tag/hc_o + rf_reg[9],4,560,0.007142857142857143,0.7142857142857143
pc_if_o_tag/hc_o + rf_reg[10],4,560,0.007142857142857143,0.7142857142857143
rf_reg[10] + store_dest_addr_ex_o_tag/hc_o,4,560,0.007142857142857143,0.7142857142857143
rf_reg[10] + use_store_ops_ex_o/hc_o,4,560,0.007142857142857143,0.7142857142857143
alu_operand_a_ex_o_tag/hc_o + rf_reg[10],4,560,0.007142857142857143,0.7142857142857143
alu_operand_b_ex_o_tag/hc_o + rf_reg[10],4,560,0.007142857142857143,0.7142857142857143
check_s1_o_tag/hc_o + rf_reg[10],4,560,0.007142857142857143,0.7142857142857143
memory_set_o_tag/hc_o + rf_reg[10],4,560,0.007142857142857143,0.7142857142857143
pc_if_o_tag/hc_o + rf_reg[11],4,560,0.007142857142857143,0.7142857142857143
rf_reg[11] + store_dest_addr_ex_o_tag/hc_o,4,560,0.007142857142857143,0.7142857142857143
rf_reg[11] + use_store_ops_ex_o/hc_o,4,560,0.007142857142857143,0.7142857142857143
alu_operand_a_ex_o_tag/hc_o + rf_reg[11],4,560,0.007142857142857143,0.7142857142857143
alu_operand_b_ex_o_tag/hc_o + rf_reg[11],4,560,0.007142857142857143,0.7142857142857143
check_s1_o_tag/hc_o + rf_reg[11],4,560,0.007142857142857143,0.7142857142857143
memory_set_o_tag/hc_o + rf_reg[11],4,560,0.007142857142857143,0.7142857142857143
pc_if_o_tag/hc_o + rf_reg[12],4,560,0.007142857142857143,0.7142857142857143
rf_reg[12] + store_dest_addr_ex_o_tag/hc_o,4,560,0.007142857142857143,0.7142857142857143
rf_reg[12] + use_store_ops_ex_o/hc_o,4,560,0.007142857142857143,0.7142857142857143
alu_operand_a_ex_o_tag/hc_o + rf_reg[12],4,560,0.007142857142857143,0.7142857142857143
alu_operand_b_ex_o_tag/hc_o + rf_reg[12],4,560,0.007142857142857143,0.7142857142857143
check_s1_o_tag/hc_o + rf_reg[12],4,560,0.007142857142857143,0.7142857142857143
memory_set_o_tag/hc_o + rf_reg[12],4,560,0.007142857142857143,0.7142857142857143
pc_if_o_tag/hc_o + rf_reg[13],4,560,0.007142857142857143,0.7142857142857143
rf_reg[13] + store_dest_addr_ex_o_tag/hc_o,4,560,0.007142857142857143,0.7142857142857143
rf_reg[13] + use_store_ops_ex_o/hc_o,4,560,0.007142857142857143,0.7142857142857143
alu_operand_a_ex_o_tag/hc_o + rf_reg[13],4,560,0.007142857142857143,0.7142857142857143
alu_operand_b_ex_o_tag/hc_o + rf_reg[13],4,560,0.007142857142857143,0.7142857142857143
check_s1_o_tag/hc_o + rf_reg[13],4,560,0.007142857142857143,0.7142857142857143
memory_set_o_tag/hc_o + rf_reg[13],4,560,0.007142857142857143,0.7142857142857143
pc_if_o_tag/hc_o + rf_reg[14],4,560,0.007142857142857143,0.7142857142857143
rf_reg[14] + store_dest_addr_ex_o_tag/hc_o,4,560,0.007142857142857143,0.7142857142857143
rf_reg[14] + use_store_ops_ex_o/hc_o,4,560,0.007142857142857143,0.7142857142857143
alu_operand_a_ex_o_tag/hc_o + rf_reg[14],4,560,0.007142857142857143,0.7142857142857143
alu_operand_b_ex_o_tag/hc_o + rf_reg[14],4,560,0.007142857142857143,0.7142857142857143
check_s1_o_tag/hc_o + rf_reg[14],4,560,0.007142857142857143,0.7142857142857143
memory_set_o_tag/hc_o + rf_reg[14],4,560,0.007142857142857143,0.7142857142857143
pc_if_o_tag/hc_o + rf_reg[15],4,560,0.007142857142857143,0.7142857142857143
rf_reg[15] + store_dest_addr_ex_o_tag/hc_o,4,560,0.007142857142857143,0.7142857142857143
rf_reg[15] + use_store_ops_ex_o/hc_o,4,560,0.007142857142857143,0.7142857142857143
alu_operand_a_ex_o_tag/hc_o + rf_reg[15],4,560,0.007142857142857143,0.7142857142857143
alu_operand_b_ex_o_tag/hc_o + rf_reg[15],4,560,0.007142857142857143,0.7142857142857143
check_s1_o_tag/hc_o + rf_reg[15],4,560,0.007142857142857143,0.7142857142857143
memory_set_o_tag/hc_o + rf_reg[15],4,560,0.007142857142857143,0.7142857142857143
pc_if_o_tag/hc_o + rf_reg[16],4,560,0.007142857142857143,0.7142857142857143
rf_reg[16] + store_dest_addr_ex_o_tag/hc_o,4,560,0.007142857142857143,0.7142857142857143
rf_reg[16] + use_store_ops_ex_o/hc_o,4,560,0.007142857142857143,0.7142857142857143
alu_operand_a_ex_o_tag/hc_o + rf_reg[16],4,560,0.007142857142857143,0.7142857142857143
alu_operand_b_ex_o_tag/hc_o + rf_reg[16],4,560,0.007142857142857143,0.7142857142857143
check_s1_o_tag/hc_o + rf_reg[16],4,560,0.007142857142857143,0.7142857142857143
memory_set_o_tag/hc_o + rf_reg[16],4,560,0.007142857142857143,0.7142857142857143
pc_if_o_tag/hc_o + rf_reg[17],4,560,0.007142857142857143,0.7142857142857143
rf_reg[17] + store_dest_addr_ex_o_tag/hc_o,4,560,0.007142857142857143,0.7142857142857143
rf_reg[17] + use_store_ops_ex_o/hc_o,4,560,0.007142857142857143,0.7142857142857143
alu_operand_a_ex_o_tag/hc_o + rf_reg[17],4,560,0.007142857142857143,0.7142857142857143
alu_operand_b_ex_o_tag/hc_o + rf_reg[17],4,560,0.007142857142857143,0.7142857142857143
check_s1_o_tag/hc_o + rf_reg[17],4,560,0.007142857142857143,0.7142857142857143
memory_set_o_tag/hc_o + rf_reg[17],4,560,0.007142857142857143,0.7142857142857143
pc_if_o_tag/hc_o + rf_reg[18],4,560,0.007142857142857143,0.7142857142857143
rf_reg[18] + store_dest_addr_ex_o_tag/hc_o,4,560,0.007142857142857143,0.7142857142857143
rf_reg[18] + use_store_ops_ex_o/hc_o,4,560,0.007142857142857143,0.7142857142857143
alu_operand_a_ex_o_tag/hc_o + rf_reg[18],4,560,0.007142857142857143,0.7142857142857143
alu_operand_b_ex_o_tag/hc_o + rf_reg[18],4,560,0.007142857142857143,0.7142857142857143
check_s1_o_tag/hc_o + rf_reg[18],4,560,0.007142857142857143,0.7142857142857143
memory_set_o_tag/hc_o + rf_reg[18],4,560,0.007142857142857143,0.7142857142857143
pc_if_o_tag/hc_o + rf_reg[19],4,560,0.007142857142857143,0.7142857142857143
rf_reg[19] + store_dest_addr_ex_o_tag/hc_o,4,560,0.007142857142857143,0.7142857142857143
rf_reg[19] + use_store_ops_ex_o/hc_o,4,560,0.007142857142857143,0.7142857142857143
alu_operand_a_ex_o_tag/hc_o + rf_reg[19],4,560,0.007142857142857143,0.7142857142857143
alu_operand_b_ex_o_tag/hc_o + rf_reg[19],4,560,0.007142857142857143,0.7142857142857143
check_s1_o_tag/hc_o + rf_reg[19],4,560,0.007142857142857143,0.7142857142857143
memory_set_o_tag/hc_o + rf_reg[19],4,560,0.007142857142857143,0.7142857142857143
pc_if_o_tag/hc_o + rf_reg[20],4,560,0.007142857142857143,0.7142857142857143
rf_reg[20] + store_dest_addr_ex_o_tag/hc_o,4,560,0.007142857142857143,0.7142857142857143
rf_reg[20] + use_store_ops_ex_o/hc_o,4,560,0.007142857142857143,0.7142857142857143
alu_operand_a_ex_o_tag/hc_o + rf_reg[20],4,560,0.007142857142857143,0.7142857142857143
alu_operand_b_ex_o_tag/hc_o + rf_reg[20],4,560,0.007142857142857143,0.7142857142857143
check_s1_o_tag/hc_o + rf_reg[20],4,560,0.007142857142857143,0.7142857142857143
memory_set_o_tag/hc_o + rf_reg[20],4,560,0.007142857142857143,0.7142857142857143
pc_if_o_tag/hc_o + rf_reg[21],4,560,0.007142857142857143,0.7142857142857143
rf_reg[21] + store_dest_addr_ex_o_tag/hc_o,4,560,0.007142857142857143,0.7142857142857143
rf_reg[21] + use_store_ops_ex_o/hc_o,4,560,0.007142857142857143,0.7142857142857143
alu_operand_a_ex_o_tag/hc_o + rf_reg[21],4,560,0.007142857142857143,0.7142857142857143
alu_operand_b_ex_o_tag/hc_o + rf_reg[21],4,560,0.007142857142857143,0.7142857142857143
check_s1_o_tag/hc_o + rf_reg[21],4,560,0.007142857142857143,0.7142857142857143
memory_set_o_tag/hc_o + rf_reg[21],4,560,0.007142857142857143,0.7142857142857143
pc_if_o_tag/hc_o + rf_reg[22],4,560,0.007142857142857143,0.7142857142857143
alu_operand_c_ex_o_tag + pc_if_o_tag/hc_o,4,560,0.007142857142857143,0.7142857142857143
alu_operand_c_ex_o_tag + store_dest_addr_ex_o_tag/hc_o,4,560,0.007142857142857143,0.7142857142857143
alu_operand_c_ex_o_tag + use_store_ops_ex_o/hc_o,4,560,0.007142857142857143,0.7142857142857143
alu_operand_a_ex_o_tag/hc_o + alu_operand_c_ex_o_tag,4,560,0.007142857142857143,0.7142857142857143
alu_operand_b_ex_o_tag/hc_o + alu_operand_c_ex_o_tag,4,560,0.007142857142857143,0.7142857142857143
alu_operand_c_ex_o_tag + check_s1_o_tag/hc_o,4,560,0.007142857142857143,0.7142857142857143
alu_operand_c_ex_o_tag + memory_set_o_tag/hc_o,4,560,0.007142857142857143,0.7142857142857143
rf_reg[22] + store_dest_addr_ex_o_tag/hc_o,4,560,0.007142857142857143,0.7142857142857143
rf_reg[22] + use_store_ops_ex_o/hc_o,4,560,0.007142857142857143,0.7142857142857143
alu_operand_a_ex_o_tag/hc_o + rf_reg[22],4,560,0.007142857142857143,0.7142857142857143
alu_operand_b_ex_o_tag/hc_o + rf_reg[22],4,560,0.007142857142857143,0.7142857142857143
check_s1_o_tag/hc_o + rf_reg[22],4,560,0.007142857142857143,0.7142857142857143
memory_set_o_tag/hc_o + rf_reg[22],4,560,0.007142857142857143,0.7142857142857143
pc_if_o_tag/hc_o + rf_reg[23],4,560,0.007142857142857143,0.7142857142857143
rf_reg[23] + store_dest_addr_ex_o_tag/hc_o,4,560,0.007142857142857143,0.7142857142857143
rf_reg[23] + use_store_ops_ex_o/hc_o,4,560,0.007142857142857143,0.7142857142857143
alu_operand_a_ex_o_tag/hc_o + rf_reg[23],4,560,0.007142857142857143,0.7142857142857143
alu_operand_b_ex_o_tag/hc_o + rf_reg[23],4,560,0.007142857142857143,0.7142857142857143
check_s1_o_tag/hc_o + rf_reg[23],4,560,0.007142857142857143,0.7142857142857143
memory_set_o_tag/hc_o + rf_reg[23],4,560,0.007142857142857143,0.7142857142857143
pc_if_o_tag/hc_o + rf_reg[24],4,560,0.007142857142857143,0.7142857142857143
rf_reg[24] + store_dest_addr_ex_o_tag/hc_o,4,560,0.007142857142857143,0.7142857142857143
rf_reg[24] + use_store_ops_ex_o/hc_o,4,560,0.007142857142857143,0.7142857142857143
alu_operand_a_ex_o_tag/hc_o + rf_reg[24],4,560,0.007142857142857143,0.7142857142857143
alu_operand_b_ex_o_tag/hc_o + rf_reg[24],4,560,0.007142857142857143,0.7142857142857143
check_s1_o_tag/hc_o + rf_reg[24],4,560,0.007142857142857143,0.7142857142857143
memory_set_o_tag/hc_o + rf_reg[24],4,560,0.007142857142857143,0.7142857142857143
pc_if_o_tag/hc_o + rf_reg[25],4,560,0.007142857142857143,0.7142857142857143
rf_reg[25] + store_dest_addr_ex_o_tag/hc_o,4,560,0.007142857142857143,0.7142857142857143
rf_reg[25] + use_store_ops_ex_o/hc_o,4,560,0.007142857142857143,0.7142857142857143
alu_operand_a_ex_o_tag/hc_o + rf_reg[25],4,560,0.007142857142857143,0.7142857142857143
alu_operand_b_ex_o_tag/hc_o + rf_reg[25],4,560,0.007142857142857143,0.7142857142857143
check_s1_o_tag/hc_o + rf_reg[25],4,560,0.007142857142857143,0.7142857142857143
memory_set_o_tag/hc_o + rf_reg[25],4,560,0.007142857142857143,0.7142857142857143
pc_if_o_tag/hc_o + rf_reg[26],4,560,0.007142857142857143,0.7142857142857143
rf_reg[26] + store_dest_addr_ex_o_tag/hc_o,4,560,0.007142857142857143,0.7142857142857143
rf_reg[26] + use_store_ops_ex_o/hc_o,4,560,0.007142857142857143,0.7142857142857143
alu_operand_a_ex_o_tag/hc_o + rf_reg[26],4,560,0.007142857142857143,0.7142857142857143
alu_operand_b_ex_o_tag/hc_o + rf_reg[26],4,560,0.007142857142857143,0.7142857142857143
check_s1_o_tag/hc_o + rf_reg[26],4,560,0.007142857142857143,0.7142857142857143
memory_set_o_tag/hc_o + rf_reg[26],4,560,0.007142857142857143,0.7142857142857143
pc_if_o_tag/hc_o + rf_reg[27],4,560,0.007142857142857143,0.7142857142857143
rf_reg[27] + store_dest_addr_ex_o_tag/hc_o,4,560,0.007142857142857143,0.7142857142857143
rf_reg[27] + use_store_ops_ex_o/hc_o,4,560,0.007142857142857143,0.7142857142857143
alu_operand_a_ex_o_tag/hc_o + rf_reg[27],4,560,0.007142857142857143,0.7142857142857143
alu_operand_b_ex_o_tag/hc_o + rf_reg[27],4,560,0.007142857142857143,0.7142857142857143
check_s1_o_tag/hc_o + rf_reg[27],4,560,0.007142857142857143,0.7142857142857143
memory_set_o_tag/hc_o + rf_reg[27],4,560,0.007142857142857143,0.7142857142857143
pc_if_o_tag/hc_o + rf_reg[28],4,560,0.007142857142857143,0.7142857142857143
rf_reg[28] + store_dest_addr_ex_o_tag/hc_o,4,560,0.007142857142857143,0.7142857142857143
rf_reg[28] + use_store_ops_ex_o/hc_o,4,560,0.007142857142857143,0.7142857142857143
alu_operand_a_ex_o_tag/hc_o + rf_reg[28],4,560,0.007142857142857143,0.7142857142857143
alu_operand_b_ex_o_tag/hc_o + rf_reg[28],4,560,0.007142857142857143,0.7142857142857143
check_s1_o_tag/hc_o + rf_reg[28],4,560,0.007142857142857143,0.7142857142857143
memory_set_o_tag/hc_o + rf_reg[28],4,560,0.007142857142857143,0.7142857142857143
pc_if_o_tag/hc_o + rf_reg[29],4,560,0.007142857142857143,0.7142857142857143
rf_reg[29] + store_dest_addr_ex_o_tag/hc_o,4,560,0.007142857142857143,0.7142857142857143
rf_reg[29] + use_store_ops_ex_o/hc_o,4,560,0.007142857142857143,0.7142857142857143
alu_operand_a_ex_o_tag/hc_o + rf_reg[29],4,560,0.007142857142857143,0.7142857142857143
alu_operand_b_ex_o_tag/hc_o + rf_reg[29],4,560,0.007142857142857143,0.7142857142857143
check_s1_o_tag/hc_o + rf_reg[29],4,560,0.007142857142857143,0.7142857142857143
memory_set_o_tag/hc_o + rf_reg[29],4,560,0.007142857142857143,0.7142857142857143
pc_if_o_tag/hc_o + rf_reg[30],4,560,0.007142857142857143,0.7142857142857143
rf_reg[30] + store_dest_addr_ex_o_tag/hc_o,4,560,0.007142857142857143,0.7142857142857143
rf_reg[30] + use_store_ops_ex_o/hc_o,4,560,0.007142857142857143,0.7142857142857143
alu_operand_a_ex_o_tag/hc_o + rf_reg[30],4,560,0.007142857142857143,0.7142857142857143
alu_operand_b_ex_o_tag/hc_o + rf_reg[30],4,560,0.007142857142857143,0.7142857142857143
check_s1_o_tag/hc_o + rf_reg[30],4,560,0.007142857142857143,0.7142857142857143
memory_set_o_tag/hc_o + rf_reg[30],4,560,0.007142857142857143,0.7142857142857143
pc_if_o_tag/hc_o + rf_reg[31],4,560,0.007142857142857143,0.7142857142857143
rf_reg[31] + store_dest_addr_ex_o_tag/hc_o,4,560,0.007142857142857143,0.7142857142857143
rf_reg[31] + use_store_ops_ex_o/hc_o,4,560,0.007142857142857143,0.7142857142857143
alu_operand_a_ex_o_tag/hc_o + rf_reg[31],4,560,0.007142857142857143,0.7142857142857143
alu_operand_b_ex_o_tag/hc_o + rf_reg[31],4,560,0.007142857142857143,0.7142857142857143
check_s1_o_tag/hc_o + rf_reg[31],4,560,0.007142857142857143,0.7142857142857143
memory_set_o_tag/hc_o + rf_reg[31],4,560,0.007142857142857143,0.7142857142857143
pc_if_o_tag/hc_o + rs1_o_tag,4,560,0.007142857142857143,0.7142857142857143
rs1_o_tag + store_dest_addr_ex_o_tag/hc_o,4,560,0.007142857142857143,0.7142857142857143
rs1_o_tag + use_store_ops_ex_o/hc_o,4,560,0.007142857142857143,0.7142857142857143
alu_operand_a_ex_o_tag/hc_o + rs1_o_tag,4,560,0.007142857142857143,0.7142857142857143
alu_operand_b_ex_o_tag/hc_o + rs1_o_tag,4,560,0.007142857142857143,0.7142857142857143
check_s1_o_tag/hc_o + rs1_o_tag,4,560,0.007142857142857143,0.7142857142857143
memory_set_o_tag/hc_o + rs1_o_tag,4,560,0.007142857142857143,0.7142857142857143
data_we_q_tag + pc_if_o_tag/hc_o,4,560,0.007142857142857143,0.7142857142857143
data_we_q_tag + store_dest_addr_ex_o_tag/hc_o,4,560,0.007142857142857143,0.7142857142857143
data_we_q_tag + use_store_ops_ex_o/hc_o,4,560,0.007142857142857143,0.7142857142857143
alu_operand_a_ex_o_tag/hc_o + data_we_q_tag,4,560,0.007142857142857143,0.7142857142857143
alu_operand_b_ex_o_tag/hc_o + data_we_q_tag,4,560,0.007142857142857143,0.7142857142857143
check_s1_o_tag/hc_o + data_we_q_tag,4,560,0.007142857142857143,0.7142857142857143
data_we_q_tag + memory_set_o_tag/hc_o,4,560,0.007142857142857143,0.7142857142857143
pc_id_o_tag + pc_if_o_tag/hc_o,4,560,0.007142857142857143,0.7142857142857143
pc_id_o_tag + store_dest_addr_ex_o_tag/hc_o,4,560,0.007142857142857143,0.7142857142857143
pc_id_o_tag + use_store_ops_ex_o/hc_o,4,560,0.007142857142857143,0.7142857142857143
alu_operand_a_ex_o_tag/hc_o + pc_id_o_tag,4,560,0.007142857142857143,0.7142857142857143
alu_operand_b_ex_o_tag/hc_o + pc_id_o_tag,4,560,0.007142857142857143,0.7142857142857143
check_s1_o_tag/hc_o + pc_id_o_tag,4,560,0.007142857142857143,0.7142857142857143
memory_set_o_tag/hc_o + pc_id_o_tag,4,560,0.007142857142857143,0.7142857142857143
check_d_o_tag + pc_if_o_tag/hc_o,4,560,0.007142857142857143,0.7142857142857143
check_d_o_tag + store_dest_addr_ex_o_tag/hc_o,4,560,0.007142857142857143,0.7142857142857143
check_d_o_tag + use_store_ops_ex_o/hc_o,4,560,0.007142857142857143,0.7142857142857143
alu_operand_a_ex_o_tag/hc_o + check_d_o_tag,4,560,0.007142857142857143,0.7142857142857143
alu_operand_b_ex_o_tag/hc_o + check_d_o_tag,4,560,0.007142857142857143,0.7142857142857143
check_d_o_tag + check_s1_o_tag/hc_o,4,560,0.007142857142857143,0.7142857142857143
check_d_o_tag + memory_set_o_tag/hc_o,4,560,0.007142857142857143,0.7142857142857143
check_s1_o_tag + pc_if_o_tag/hc_o,4,560,0.007142857142857143,0.7142857142857143
check_s1_o_tag + store_dest_addr_ex_o_tag/hc_o,4,560,0.007142857142857143,0.7142857142857143
check_s1_o_tag + use_store_ops_ex_o/hc_o,4,560,0.007142857142857143,0.7142857142857143
alu_operand_a_ex_o_tag/hc_o + check_s1_o_tag,4,560,0.007142857142857143,0.7142857142857143
alu_operand_b_ex_o_tag/hc_o + check_s1_o_tag,4,560,0.007142857142857143,0.7142857142857143
check_s1_o_tag + memory_set_o_tag/hc_o,4,560,0.007142857142857143,0.7142857142857143
check_s2_o_tag + pc_if_o_tag/hc_o,4,560,0.007142857142857143,0.7142857142857143
check_s2_o_tag + store_dest_addr_ex_o_tag/hc_o,4,560,0.007142857142857143,0.7142857142857143
check_s2_o_tag + use_store_ops_ex_o/hc_o,4,560,0.007142857142857143,0.7142857142857143
alu_operand_a_ex_o_tag/hc_o + check_s2_o_tag,4,560,0.007142857142857143,0.7142857142857143
alu_operand_b_ex_o_tag/hc_o + check_s2_o_tag,4,560,0.007142857142857143,0.7142857142857143
check_s1_o_tag/hc_o + check_s2_o_tag,4,560,0.007142857142857143,0.7142857142857143
check_s2_o_tag + memory_set_o_tag/hc_o,4,560,0.007142857142857143,0.7142857142857143
is_store_post_o_tag + pc_if_o_tag/hc_o,4,560,0.007142857142857143,0.7142857142857143
is_store_post_o_tag + store_dest_addr_ex_o_tag/hc_o,4,560,0.007142857142857143,0.7142857142857143
is_store_post_o_tag + use_store_ops_ex_o/hc_o,4,560,0.007142857142857143,0.7142857142857143
alu_operand_a_ex_o_tag/hc_o + is_store_post_o_tag,4,560,0.007142857142857143,0.7142857142857143
alu_operand_b_ex_o_tag/hc_o + is_store_post_o_tag,4,560,0.007142857142857143,0.7142857142857143
check_s1_o_tag/hc_o + is_store_post_o_tag,4,560,0.007142857142857143,0.7142857142857143
is_store_post_o_tag + memory_set_o_tag/hc_o,4,560,0.007142857142857143,0.7142857142857143
memory_set_o_tag + pc_if_o_tag/hc_o,4,560,0.007142857142857143,0.7142857142857143
memory_set_o_tag + store_dest_addr_ex_o_tag/hc_o,4,560,0.007142857142857143,0.7142857142857143
memory_set_o_tag + use_store_ops_ex_o/hc_o,4,560,0.007142857142857143,0.7142857142857143
alu_operand_a_ex_o_tag/hc_o + memory_set_o_tag,4,560,0.007142857142857143,0.7142857142857143
alu_operand_b_ex_o_tag/hc_o + memory_set_o_tag,4,560,0.007142857142857143,0.7142857142857143
check_s1_o_tag/hc_o + memory_set_o_tag,4,560,0.007142857142857143,0.7142857142857143
pc_if_o_tag + store_dest_addr_ex_o_tag/hc_o,4,560,0.007142857142857143,0.7142857142857143
pc_if_o_tag + use_store_ops_ex_o/hc_o,4,560,0.007142857142857143,0.7142857142857143
alu_operand_a_ex_o_tag/hc_o + pc_if_o_tag,4,560,0.007142857142857143,0.7142857142857143
alu_operand_b_ex_o_tag/hc_o + pc_if_o_tag,4,560,0.007142857142857143,0.7142857142857143
check_s1_o_tag/hc_o + pc_if_o_tag,4,560,0.007142857142857143,0.7142857142857143
memory_set_o_tag/hc_o + pc_if_o_tag,4,560,0.007142857142857143,0.7142857142857143
pc_if_o_tag/hc_o + register_set_o_tag,4,560,0.007142857142857143,0.7142857142857143
register_set_o_tag + store_dest_addr_ex_o_tag/hc_o,4,560,0.007142857142857143,0.7142857142857143
register_set_o_tag + use_store_ops_ex_o/hc_o,4,560,0.007142857142857143,0.7142857142857143
alu_operand_a_ex_o_tag/hc_o + register_set_o_tag,4,560,0.007142857142857143,0.7142857142857143
alu_operand_b_ex_o_tag/hc_o + register_set_o_tag,4,560,0.007142857142857143,0.7142857142857143
check_s1_o_tag/hc_o + register_set_o_tag,4,560,0.007142857142857143,0.7142857142857143
memory_set_o_tag/hc_o + register_set_o_tag,4,560,0.007142857142857143,0.7142857142857143
alu_operand_a_ex_o_tag + pc_if_o_tag/hc_o,4,560,0.007142857142857143,0.7142857142857143
alu_operand_a_ex_o_tag + store_dest_addr_ex_o_tag/hc_o,4,560,0.007142857142857143,0.7142857142857143
alu_operand_a_ex_o_tag + use_store_ops_ex_o/hc_o,4,560,0.007142857142857143,0.7142857142857143
alu_operand_a_ex_o_tag + alu_operand_b_ex_o_tag/hc_o,4,560,0.007142857142857143,0.7142857142857143
alu_operand_a_ex_o_tag + check_s1_o_tag/hc_o,4,560,0.007142857142857143,0.7142857142857143
alu_operand_a_ex_o_tag + memory_set_o_tag/hc_o,4,560,0.007142857142857143,0.7142857142857143
pc_if_o_tag/hc_o + store_dest_addr_ex_o_tag,4,560,0.007142857142857143,0.7142857142857143
store_dest_addr_ex_o_tag + use_store_ops_ex_o/hc_o,4,560,0.007142857142857143,0.7142857142857143
alu_operand_a_ex_o_tag/hc_o + store_dest_addr_ex_o_tag,4,560,0.007142857142857143,0.7142857142857143
alu_operand_b_ex_o_tag/hc_o + store_dest_addr_ex_o_tag,4,560,0.007142857142857143,0.7142857142857143
check_s1_o_tag/hc_o + store_dest_addr_ex_o_tag,4,560,0.007142857142857143,0.7142857142857143
memory_set_o_tag/hc_o + store_dest_addr_ex_o_tag,4,560,0.007142857142857143,0.7142857142857143
pc_if_o_tag/hc_o + store_source_ex_o_tag,4,560,0.007142857142857143,0.7142857142857143
store_dest_addr_ex_o_tag/hc_o + store_source_ex_o_tag,4,560,0.007142857142857143,0.7142857142857143
store_source_ex_o_tag + use_store_ops_ex_o/hc_o,4,560,0.007142857142857143,0.7142857142857143
alu_operand_a_ex_o_tag/hc_o + store_source_ex_o_tag,4,560,0.007142857142857143,0.7142857142857143
alu_operand_b_ex_o_tag/hc_o + store_source_ex_o_tag,4,560,0.007142857142857143,0.7142857142857143
check_s1_o_tag/hc_o + store_source_ex_o_tag,4,560,0.007142857142857143,0.7142857142857143
memory_set_o_tag/hc_o + store_source_ex_o_tag,4,560,0.007142857142857143,0.7142857142857143
pc_if_o_tag/hc_o + use_store_ops_ex_o,4,560,0.007142857142857143,0.7142857142857143
store_dest_addr_ex_o_tag/hc_o + use_store_ops_ex_o,4,560,0.007142857142857143,0.7142857142857143
alu_operand_a_ex_o_tag/hc_o + use_store_ops_ex_o,4,560,0.007142857142857143,0.7142857142857143
alu_operand_b_ex_o_tag/hc_o + use_store_ops_ex_o,4,560,0.007142857142857143,0.7142857142857143
check_s1_o_tag/hc_o + use_store_ops_ex_o,4,560,0.007142857142857143,0.7142857142857143
memory_set_o_tag/hc_o + use_store_ops_ex_o,4,560,0.007142857142857143,0.7142857142857143
pc_if_o_tag/hc_o + rf_reg[0],4,560,0.007142857142857143,0.7142857142857143
rf_reg[0] + store_dest_addr_ex_o_tag/hc_o,4,560,0.007142857142857143,0.7142857142857143
rf_reg[0] + use_store_ops_ex_o/hc_o,4,560,0.007142857142857143,0.7142857142857143
alu_operand_a_ex_o_tag/hc_o + rf_reg[0],4,560,0.007142857142857143,0.7142857142857143
alu_operand_b_ex_o_tag/hc_o + rf_reg[0],4,560,0.007142857142857143,0.7142857142857143
check_s1_o_tag/hc_o + rf_reg[0],4,560,0.007142857142857143,0.7142857142857143
memory_set_o_tag/hc_o + rf_reg[0],4,560,0.007142857142857143,0.7142857142857143
pc_if_o_tag/hc_o + rf_reg[1],4,560,0.007142857142857143,0.7142857142857143
rf_reg[1] + store_dest_addr_ex_o_tag/hc_o,4,560,0.007142857142857143,0.7142857142857143
rf_reg[1] + use_store_ops_ex_o/hc_o,4,560,0.007142857142857143,0.7142857142857143
alu_operand_a_ex_o_tag/hc_o + rf_reg[1],4,560,0.007142857142857143,0.7142857142857143
alu_operand_b_ex_o_tag/hc_o + rf_reg[1],4,560,0.007142857142857143,0.7142857142857143
check_s1_o_tag/hc_o + rf_reg[1],4,560,0.007142857142857143,0.7142857142857143
memory_set_o_tag/hc_o + rf_reg[1],4,560,0.007142857142857143,0.7142857142857143
pc_if_o_tag/hc_o + rf_reg[2],4,560,0.007142857142857143,0.7142857142857143
rf_reg[2] + store_dest_addr_ex_o_tag/hc_o,4,560,0.007142857142857143,0.7142857142857143
rf_reg[2] + use_store_ops_ex_o/hc_o,4,560,0.007142857142857143,0.7142857142857143
alu_operand_a_ex_o_tag/hc_o + rf_reg[2],4,560,0.007142857142857143,0.7142857142857143
alu_operand_b_ex_o_tag/hc_o + rf_reg[2],4,560,0.007142857142857143,0.7142857142857143
check_s1_o_tag/hc_o + rf_reg[2],4,560,0.007142857142857143,0.7142857142857143
memory_set_o_tag/hc_o + rf_reg[2],4,560,0.007142857142857143,0.7142857142857143
pc_if_o_tag/hc_o + rf_reg[3],4,560,0.007142857142857143,0.7142857142857143
rf_reg[3] + store_dest_addr_ex_o_tag/hc_o,4,560,0.007142857142857143,0.7142857142857143
rf_reg[3] + use_store_ops_ex_o/hc_o,4,560,0.007142857142857143,0.7142857142857143
alu_operand_a_ex_o_tag/hc_o + rf_reg[3],4,560,0.007142857142857143,0.7142857142857143
alu_operand_b_ex_o_tag/hc_o + rf_reg[3],4,560,0.007142857142857143,0.7142857142857143
check_s1_o_tag/hc_o + rf_reg[3],4,560,0.007142857142857143,0.7142857142857143
memory_set_o_tag/hc_o + rf_reg[3],4,560,0.007142857142857143,0.7142857142857143
pc_if_o_tag/hc_o + rf_reg[4],4,560,0.007142857142857143,0.7142857142857143
rf_reg[4] + store_dest_addr_ex_o_tag/hc_o,4,560,0.007142857142857143,0.7142857142857143
rf_reg[4] + use_store_ops_ex_o/hc_o,4,560,0.007142857142857143,0.7142857142857143
alu_operand_a_ex_o_tag/hc_o + rf_reg[4],4,560,0.007142857142857143,0.7142857142857143
alu_operand_b_ex_o_tag/hc_o + rf_reg[4],4,560,0.007142857142857143,0.7142857142857143
check_s1_o_tag/hc_o + rf_reg[4],4,560,0.007142857142857143,0.7142857142857143
memory_set_o_tag/hc_o + rf_reg[4],4,560,0.007142857142857143,0.7142857142857143
data_type_q_tag + id_group9/hc_o,4,560,0.007142857142857143,0.7142857142857143
id_group9/hc_o + rdata_offset_q_tag,4,560,0.007142857142857143,0.7142857142857143
alu_operator_o_mode + id_group9/hc_o,4,560,0.007142857142857143,0.7142857142857143
csr_group14/hc_o + id_group9/hc_o,4,560,0.007142857142857143,0.7142857142857143
csr_group18/hc_o + id_group9/hc_o,4,560,0.007142857142857143,0.7142857142857143
alu_operand_a_ex_o_tag + id_group9/hc_o,2,280,0.007142857142857143,0.7142857142857143
id_group9/hc_o + register_set_o_tag,2,280,0.007142857142857143,0.7142857142857143
id_group9/hc_o + store_dest_addr_ex_o_tag,2,280,0.007142857142857143,0.7142857142857143
id_group9/hc_o + store_source_ex_o_tag,2,280,0.007142857142857143,0.7142857142857143
id_group9/hc_o + use_store_ops_ex_o,2,280,0.007142857142857143,0.7142857142857143
id_group9/hc_o + rf_reg[0],2,280,0.007142857142857143,0.7142857142857143
id_group9/hc_o + rf_reg[1],2,280,0.007142857142857143,0.7142857142857143
id_group9/hc_o + rf_reg[2],2,280,0.007142857142857143,0.7142857142857143
id_group9/hc_o + rf_reg[3],2,280,0.007142857142857143,0.7142857142857143
id_group9/hc_o + rf_reg[4],2,280,0.007142857142857143,0.7142857142857143
id_group9/hc_o + rf_reg[5],2,280,0.007142857142857143,0.7142857142857143
id_group9/hc_o + rf_reg[6],2,280,0.007142857142857143,0.7142857142857143
id_group9/hc_o + rf_reg[7],2,280,0.007142857142857143,0.7142857142857143
alu_operand_b_ex_o_tag + id_group9/hc_o,2,280,0.007142857142857143,0.7142857142857143
id_group9/hc_o + rf_reg[8],2,280,0.007142857142857143,0.7142857142857143
id_group9/hc_o + rf_reg[9],2,280,0.007142857142857143,0.7142857142857143
id_group9/hc_o + rf_reg[10],2,280,0.007142857142857143,0.7142857142857143
id_group9/hc_o + rf_reg[11],2,280,0.007142857142857143,0.7142857142857143
id_group9/hc_o + rf_reg[12],2,280,0.007142857142857143,0.7142857142857143
id_group9/hc_o + rf_reg[13],2,280,0.007142857142857143,0.7142857142857143
id_group9/hc_o + rf_reg[14],2,280,0.007142857142857143,0.7142857142857143
id_group9/hc_o + rf_reg[15],2,280,0.007142857142857143,0.7142857142857143
id_group9/hc_o + rf_reg[16],2,280,0.007142857142857143,0.7142857142857143
id_group9/hc_o + rf_reg[17],2,280,0.007142857142857143,0.7142857142857143
alu_operand_c_ex_o_tag + id_group9/hc_o,2,280,0.007142857142857143,0.7142857142857143
id_group9/hc_o + rf_reg[18],2,280,0.007142857142857143,0.7142857142857143
id_group9/hc_o + rf_reg[19],2,280,0.007142857142857143,0.7142857142857143
id_group9/hc_o + rf_reg[20],2,280,0.007142857142857143,0.7142857142857143
id_group9/hc_o + rf_reg[21],2,280,0.007142857142857143,0.7142857142857143
id_group9/hc_o + rf_reg[22],2,280,0.007142857142857143,0.7142857142857143
id_group9/hc_o + rf_reg[23],2,280,0.007142857142857143,0.7142857142857143
id_group9/hc_o + rf_reg[24],2,280,0.007142857142857143,0.7142857142857143
id_group9/hc_o + rf_reg[25],2,280,0.007142857142857143,0.7142857142857143
id_group9/hc_o + rf_reg[26],2,280,0.007142857142857143,0.7142857142857143
id_group9/hc_o + rf_reg[27],2,280,0.007142857142857143,0.7142857142857143
id_group9/hc_o + pc_id_o_tag,2,280,0.007142857142857143,0.7142857142857143
id_group9/hc_o + rf_reg[28],2,280,0.007142857142857143,0.7142857142857143
id_group9/hc_o + rf_reg[29],2,280,0.007142857142857143,0.7142857142857143
id_group9/hc_o + rf_reg[30],2,280,0.007142857142857143,0.7142857142857143
id_group9/hc_o + rf_reg[31],2,280,0.007142857142857143,0.7142857142857143
id_group9/hc_o + rs1_o_tag,2,280,0.007142857142857143,0.7142857142857143
data_we_q_tag + id_group9/hc_o,2,280,0.007142857142857143,0.7142857142857143
check_d_o_tag + id_group9/hc_o,2,280,0.007142857142857143,0.7142857142857143
check_s1_o_tag + id_group9/hc_o,2,280,0.007142857142857143,0.7142857142857143
check_s2_o_tag + id_group9/hc_o,2,280,0.007142857142857143,0.7142857142857143
id_group9/hc_o + is_store_post_o_tag,2,280,0.007142857142857143,0.7142857142857143
id_group9/hc_o + pc_if_o_tag,2,280,0.007142857142857143,0.7142857142857143
pc_if_o_tag/hc_o + pc_if_o_tag/sd_o,2,280,0.007142857142857143,0.7142857142857143
store_dest_addr_ex_o_tag/hc_o + store_dest_addr_ex_o_tag/sd_o,2,280,0.007142857142857143,0.7142857142857143
use_store_ops_ex_o/hc_o + use_store_ops_ex_o/sd_o,2,280,0.007142857142857143,0.7142857142857143
alu_operand_a_ex_o_tag/hc_o + alu_operand_a_ex_o_tag/sd_o,2,280,0.007142857142857143,0.7142857142857143
alu_operand_b_ex_o_tag/hc_o + alu_operand_b_ex_o_tag/sd_o,2,280,0.007142857142857143,0.7142857142857143
check_s1_o_tag/hc_o + check_s1_o_tag/sd_o,2,280,0.007142857142857143,0.7142857142857143
memory_set_o_tag/hc_o + memory_set_o_tag/sd_o,2,280,0.007142857142857143,0.7142857142857143
id_group9/hc_o + id_group9/sd_o,1,140,0.007142857142857143,0.7142857142857143
rdata_q_tag + rf_reg[15],42,6048,0.006944444444444444,0.6944444444444444
id_group4/hc_o + if_stage/hc_o,14,2044,0.00684931506849315,0.684931506849315
id_group5/hc_o + if_stage/hc_o,14,2044,0.00684931506849315,0.684931506849315
id_group3/hc_o + id_group4/hc_o,14,2044,0.00684931506849315,0.684931506849315
alu_operand_a_ex_o_tag + tcr_q,36,5376,0.006696428571428571,0.6696428571428571
pc_if_o_tag/hc_o + tpr_arith/hc_o,7,1064,0.006578947368421052,0.6578947368421052
pc_if_o_tag/hc_o + tpr_jump/hc_o,7,1064,0.006578947368421052,0.6578947368421052
memory_set_o_tag/hc_o + tpr_arith/hc_o,7,1064,0.006578947368421052,0.6578947368421052
csr_group1/hc_o + id_group9/hc_o,7,1064,0.006578947368421052,0.6578947368421052
csr_group13/hc_o + id_group9/hc_o,7,1064,0.006578947368421052,0.6578947368421052
csr_group17/hc_o + id_group9/hc_o,7,1064,0.006578947368421052,0.6578947368421052
hc_o_rf_tag + id_group4/hc_o,96,14840,0.00646900269541779,0.646900269541779
hc_o_rf_tag + id_group5/hc_o,96,14840,0.00646900269541779,0.646900269541779
if_stage/hc_o + regfile_alu_waddr_ex_o_tag,98,15176,0.006457564575645757,0.6457564575645757
id_group3/hc_o + if_stage/hc_o,13,2044,0.006360078277886497,0.6360078277886496
hc_o_rf_tag + id_group3/hc_o,94,14840,0.006334231805929919,0.633423180592992
id_group3/hc_o + regfile_alu_waddr_ex_o_tag,48,7588,0.0063257775434897206,0.632577754348972
id_group5/hc_o + regfile_alu_waddr_ex_o_tag,48,7588,0.0063257775434897206,0.632577754348972
rf_reg[1] + tcr_q,34,5376,0.006324404761904762,0.6324404761904762
rf_reg[1] + tpr_q,34,5376,0.006324404761904762,0.6324404761904762
alu_operand_a_ex_o_tag + tpr_q,34,5376,0.006324404761904762,0.6324404761904762
hc_o_rf_tag + if_stage/hc_o,184,29680,0.0061994609164420485,0.6199460916442049
pc_if_o_tag + tcr_q,32,5376,0.005952380952380952,0.5952380952380952
pc_if_o_tag + rf_reg[15],5,840,0.005952380952380952,0.5952380952380952
pc_if_o_tag + rs1_o_tag,5,840,0.005952380952380952,0.5952380952380952
ex_stage/hc_o + regfile_alu_waddr_ex_o_tag,22,3864,0.005693581780538302,0.5693581780538302
alu_operand_c_ex_o_tag + id_group4/hc_o,3,532,0.005639097744360902,0.5639097744360901
tcr_execute/hc_o + tcr_q,20,3584,0.005580357142857143,0.5580357142857143
pc_if_o_tag + tpr_q,29,5376,0.005394345238095238,0.5394345238095238
pc_if_o_tag/hc_o + register_set_o_tag/hc_o,6,1120,0.005357142857142857,0.5357142857142857
pc_id_o_tag/hc_o + store_dest_addr_ex_o_tag/hc_o,6,1120,0.005357142857142857,0.5357142857142857
pc_id_o_tag/hc_o + use_store_ops_ex_o/hc_o,6,1120,0.005357142857142857,0.5357142857142857
alu_operand_a_ex_o_tag/hc_o + pc_id_o_tag/hc_o,6,1120,0.005357142857142857,0.5357142857142857
alu_operand_b_ex_o_tag/hc_o + pc_id_o_tag/hc_o,6,1120,0.005357142857142857,0.5357142857142857
check_s1_o_tag/hc_o + pc_id_o_tag/hc_o,6,1120,0.005357142857142857,0.5357142857142857
memory_set_o_tag/hc_o + pc_id_o_tag/hc_o,6,1120,0.005357142857142857,0.5357142857142857
alu_operand_a_ex_o_tag/hc_o + register_set_o_tag/hc_o,6,1120,0.005357142857142857,0.5357142857142857
alu_operand_b_ex_o_tag/hc_o + check_s2_o_tag/hc_o,6,1120,0.005357142857142857,0.5357142857142857
csr_group19/hc_o + id_group9/hc_o,3,560,0.005357142857142857,0.5357142857142857
alu_operand_c_ex_o_tag + regfile_alu_waddr_ex_o_tag,56,11592,0.004830917874396135,0.4830917874396135
check_s1_o_tag + rf_reg[1],4,840,0.004761904761904762,0.4761904761904762
alu_operand_a_ex_o_tag + pc_if_o_tag,4,840,0.004761904761904762,0.4761904761904762
alu_operand_b_ex_o_tag + pc_if_o_tag,4,840,0.004761904761904762,0.4761904761904762
check_s1_o_tag + pc_if_o_tag,4,840,0.004761904761904762,0.4761904761904762
memory_set_o_tag + pc_if_o_tag,4,840,0.004761904761904762,0.4761904761904762
pc_if_o_tag + store_dest_addr_ex_o_tag,4,840,0.004761904761904762,0.4761904761904762
pc_if_o_tag + use_store_ops_ex_o,4,840,0.004761904761904762,0.4761904761904762
rf_reg[1] + store_dest_addr_ex_o_tag,4,840,0.004761904761904762,0.4761904761904762
rf_reg[1] + use_store_ops_ex_o,4,840,0.004761904761904762,0.4761904761904762
rf_reg[15] + rs1_o_tag,4,840,0.004761904761904762,0.4761904761904762
alu_operand_c_ex_o_tag + rs1_o_tag,4,840,0.004761904761904762,0.4761904761904762
tcr_q + tpr_q,810,172032,0.004708426339285714,0.4708426339285714
csr_group13/hc_o + id_group3/hc_o,9,2044,0.004403131115459882,0.44031311154598823
csr_group13/hc_o + id_group4/hc_o,9,2044,0.004403131115459882,0.44031311154598823
csr_group13/hc_o + id_group5/hc_o,9,2044,0.004403131115459882,0.44031311154598823
regfile_alu_waddr_ex_o_tag + rf_reg[1],50,11592,0.004313319530710835,0.4313319530710835
pc_if_o_tag + regfile_alu_waddr_ex_o_tag,49,11592,0.004227053140096618,0.4227053140096618
hc_o_5 + hc_o_rf_tag,368,88032,0.004180298073427844,0.41802980734278444
pc_if_o_tag + rdata_offset_q_tag,7,1680,0.004166666666666667,0.4166666666666667
id_stage/hc_o + if_stage/sd_o,4,966,0.004140786749482402,0.4140786749482402
id_stage/hc_o + sd_o_rf_tag,4,966,0.004140786749482402,0.4140786749482402
ex_stage/sd_o + id_stage/hc_o,4,966,0.004140786749482402,0.4140786749482402
id_stage/hc_o + tpr/sd_o_32,4,966,0.004140786749482402,0.4140786749482402
id_stage/hc_o + tcr/sd_o_32,4,966,0.004140786749482402,0.4140786749482402
id_stage/hc_o + lsu/sd_o,4,966,0.004140786749482402,0.4140786749482402
id_stage/sd_o + regfile_alu_waddr_ex_o_tag,4,966,0.004140786749482402,0.4140786749482402
ex_stage/sd_o + regfile_alu_waddr_ex_o_tag,4,966,0.004140786749482402,0.4140786749482402
lsu/sd_o + regfile_alu_waddr_ex_o_tag,4,966,0.004140786749482402,0.4140786749482402
if_stage/hc_o + rdata_q_tag,32,7840,0.004081632653061225,0.40816326530612246
id_group3/hc_o + rdata_q_tag,16,3920,0.004081632653061225,0.40816326530612246
id_group4/hc_o + rdata_q_tag,16,3920,0.004081632653061225,0.40816326530612246
id_group5/hc_o + rdata_q_tag,16,3920,0.004081632653061225,0.40816326530612246
regfile_alu_waddr_ex_o_tag + tpr_q,106,26880,0.003943452380952381,0.3943452380952381
id_group6/hc_o + if_stage/hc_o,8,2044,0.003913894324853229,0.3913894324853229
id_group7/hc_o + if_stage/hc_o,8,2044,0.003913894324853229,0.3913894324853229
csr_group0/hc_o + if_stage/hc_o,8,2044,0.003913894324853229,0.3913894324853229
csr_group2/hc_o + if_stage/hc_o,8,2044,0.003913894324853229,0.3913894324853229
csr_group3/hc_o + if_stage/hc_o,8,2044,0.003913894324853229,0.3913894324853229
csr_group4/hc_o + if_stage/hc_o,8,2044,0.003913894324853229,0.3913894324853229
csr_group6/hc_o + if_stage/hc_o,8,2044,0.003913894324853229,0.3913894324853229
csr_group7/hc_o + if_stage/hc_o,8,2044,0.003913894324853229,0.3913894324853229
csr_group8/hc_o + if_stage/hc_o,8,2044,0.003913894324853229,0.3913894324853229
csr_group9/hc_o + if_stage/hc_o,8,2044,0.003913894324853229,0.3913894324853229
csr_group10/hc_o + if_stage/hc_o,8,2044,0.003913894324853229,0.3913894324853229
csr_group11/hc_o + if_stage/hc_o,8,2044,0.003913894324853229,0.3913894324853229
csr_group16/hc_o + if_stage/hc_o,8,2044,0.003913894324853229,0.3913894324853229
if_stage/hc_o + lsu_group1/hc_o,8,2044,0.003913894324853229,0.3913894324853229
if_stage/hc_o + lsu_group2/hc_o,8,2044,0.003913894324853229,0.3913894324853229
if_stage/hc_o + lsu_group3/hc_o,8,2044,0.003913894324853229,0.3913894324853229
if_stage/hc_o + lsu_group4/hc_o,8,2044,0.003913894324853229,0.3913894324853229
if_stage/hc_o + lsu_group5/hc_o,8,2044,0.003913894324853229,0.3913894324853229
id_group3/hc_o + id_group7/hc_o,8,2044,0.003913894324853229,0.3913894324853229
id_group3/hc_o + id_group8/hc_o,8,2044,0.003913894324853229,0.3913894324853229
csr_group0/hc_o + id_group3/hc_o,8,2044,0.003913894324853229,0.3913894324853229
csr_group1/hc_o + id_group3/hc_o,8,2044,0.003913894324853229,0.3913894324853229
csr_group2/hc_o + id_group3/hc_o,8,2044,0.003913894324853229,0.3913894324853229
csr_group3/hc_o + id_group3/hc_o,8,2044,0.003913894324853229,0.3913894324853229
csr_group4/hc_o + id_group3/hc_o,8,2044,0.003913894324853229,0.3913894324853229
csr_group5/hc_o + id_group3/hc_o,8,2044,0.003913894324853229,0.3913894324853229
csr_group6/hc_o + id_group3/hc_o,8,2044,0.003913894324853229,0.3913894324853229
csr_group7/hc_o + id_group3/hc_o,8,2044,0.003913894324853229,0.3913894324853229
csr_group8/hc_o + id_group3/hc_o,8,2044,0.003913894324853229,0.3913894324853229
csr_group9/hc_o + id_group3/hc_o,8,2044,0.003913894324853229,0.3913894324853229
csr_group10/hc_o + id_group3/hc_o,8,2044,0.003913894324853229,0.3913894324853229
csr_group11/hc_o + id_group3/hc_o,8,2044,0.003913894324853229,0.3913894324853229
csr_group16/hc_o + id_group3/hc_o,8,2044,0.003913894324853229,0.3913894324853229
csr_group17/hc_o + id_group3/hc_o,8,2044,0.003913894324853229,0.3913894324853229
id_group3/hc_o + lsu_group1/hc_o,8,2044,0.003913894324853229,0.3913894324853229
id_group3/hc_o + lsu_group2/hc_o,8,2044,0.003913894324853229,0.3913894324853229
id_group3/hc_o + lsu_group3/hc_o,8,2044,0.003913894324853229,0.3913894324853229
id_group3/hc_o + lsu_group4/hc_o,8,2044,0.003913894324853229,0.3913894324853229
id_group3/hc_o + lsu_group5/hc_o,8,2044,0.003913894324853229,0.3913894324853229
csr_group0/hc_o + id_group4/hc_o,8,2044,0.003913894324853229,0.3913894324853229
csr_group1/hc_o + id_group4/hc_o,8,2044,0.003913894324853229,0.3913894324853229
csr_group2/hc_o + id_group4/hc_o,8,2044,0.003913894324853229,0.3913894324853229
csr_group3/hc_o + id_group4/hc_o,8,2044,0.003913894324853229,0.3913894324853229
csr_group4/hc_o + id_group4/hc_o,8,2044,0.003913894324853229,0.3913894324853229
csr_group5/hc_o + id_group4/hc_o,8,2044,0.003913894324853229,0.3913894324853229
csr_group6/hc_o + id_group4/hc_o,8,2044,0.003913894324853229,0.3913894324853229
csr_group7/hc_o + id_group4/hc_o,8,2044,0.003913894324853229,0.3913894324853229
csr_group8/hc_o + id_group4/hc_o,8,2044,0.003913894324853229,0.3913894324853229
csr_group9/hc_o + id_group4/hc_o,8,2044,0.003913894324853229,0.3913894324853229
csr_group10/hc_o + id_group4/hc_o,8,2044,0.003913894324853229,0.3913894324853229
csr_group11/hc_o + id_group4/hc_o,8,2044,0.003913894324853229,0.3913894324853229
csr_group16/hc_o + id_group4/hc_o,8,2044,0.003913894324853229,0.3913894324853229
id_group4/hc_o + lsu_group2/hc_o,8,2044,0.003913894324853229,0.3913894324853229
id_group4/hc_o + lsu_group3/hc_o,8,2044,0.003913894324853229,0.3913894324853229
id_group4/hc_o + lsu_group4/hc_o,8,2044,0.003913894324853229,0.3913894324853229
id_group4/hc_o + lsu_group5/hc_o,8,2044,0.003913894324853229,0.3913894324853229
id_group5/hc_o + id_group6/hc_o,8,2044,0.003913894324853229,0.3913894324853229
id_group5/hc_o + id_group7/hc_o,8,2044,0.003913894324853229,0.3913894324853229
id_group5/hc_o + id_group8/hc_o,8,2044,0.003913894324853229,0.3913894324853229
csr_group0/hc_o + id_group5/hc_o,8,2044,0.003913894324853229,0.3913894324853229
csr_group1/hc_o + id_group5/hc_o,8,2044,0.003913894324853229,0.3913894324853229
csr_group2/hc_o + id_group5/hc_o,8,2044,0.003913894324853229,0.3913894324853229
csr_group3/hc_o + id_group5/hc_o,8,2044,0.003913894324853229,0.3913894324853229
csr_group4/hc_o + id_group5/hc_o,8,2044,0.003913894324853229,0.3913894324853229
csr_group5/hc_o + id_group5/hc_o,8,2044,0.003913894324853229,0.3913894324853229
csr_group6/hc_o + id_group5/hc_o,8,2044,0.003913894324853229,0.3913894324853229
csr_group7/hc_o + id_group5/hc_o,8,2044,0.003913894324853229,0.3913894324853229
csr_group8/hc_o + id_group5/hc_o,8,2044,0.003913894324853229,0.3913894324853229
csr_group9/hc_o + id_group5/hc_o,8,2044,0.003913894324853229,0.3913894324853229
csr_group10/hc_o + id_group5/hc_o,8,2044,0.003913894324853229,0.3913894324853229
csr_group11/hc_o + id_group5/hc_o,8,2044,0.003913894324853229,0.3913894324853229
csr_group16/hc_o + id_group5/hc_o,8,2044,0.003913894324853229,0.3913894324853229
csr_group17/hc_o + id_group5/hc_o,8,2044,0.003913894324853229,0.3913894324853229
id_group5/hc_o + lsu_group1/hc_o,8,2044,0.003913894324853229,0.3913894324853229
id_group5/hc_o + lsu_group2/hc_o,8,2044,0.003913894324853229,0.3913894324853229
id_group5/hc_o + lsu_group3/hc_o,8,2044,0.003913894324853229,0.3913894324853229
id_group5/hc_o + lsu_group4/hc_o,8,2044,0.003913894324853229,0.3913894324853229
id_group5/hc_o + lsu_group5/hc_o,8,2044,0.003913894324853229,0.3913894324853229
if_stage/hc_o + rdata_offset_q_tag,8,2128,0.0037593984962406013,0.37593984962406013
data_type_q_tag + if_stage/hc_o,8,2128,0.0037593984962406013,0.37593984962406013
data_we_q_tag + if_stage/hc_o,4,1064,0.0037593984962406013,0.37593984962406013
ex_stage/hc_o + if_stage/hc_o,4,1064,0.0037593984962406013,0.37593984962406013
check_d_o_tag + if_stage/hc_o,4,1064,0.0037593984962406013,0.37593984962406013
check_s1_o_tag + if_stage/hc_o,4,1064,0.0037593984962406013,0.37593984962406013
check_s2_o_tag + if_stage/hc_o,4,1064,0.0037593984962406013,0.37593984962406013
if_stage/hc_o + is_store_post_o_tag,4,1064,0.0037593984962406013,0.37593984962406013
if_stage/hc_o + memory_set_o_tag,4,1064,0.0037593984962406013,0.37593984962406013
if_stage/hc_o + register_set_o_tag,4,1064,0.0037593984962406013,0.37593984962406013
alu_operand_a_ex_o_tag + if_stage/hc_o,4,1064,0.0037593984962406013,0.37593984962406013
if_stage/hc_o + store_dest_addr_ex_o_tag,4,1064,0.0037593984962406013,0.37593984962406013
if_stage/hc_o + store_source_ex_o_tag,4,1064,0.0037593984962406013,0.37593984962406013
if_stage/hc_o + use_store_ops_ex_o,4,1064,0.0037593984962406013,0.37593984962406013
if_stage/hc_o + rf_reg[0],4,1064,0.0037593984962406013,0.37593984962406013
if_stage/hc_o + rf_reg[1],4,1064,0.0037593984962406013,0.37593984962406013
if_stage/hc_o + rf_reg[2],4,1064,0.0037593984962406013,0.37593984962406013
if_stage/hc_o + rf_reg[3],4,1064,0.0037593984962406013,0.37593984962406013
if_stage/hc_o + rf_reg[4],4,1064,0.0037593984962406013,0.37593984962406013
if_stage/hc_o + rf_reg[5],4,1064,0.0037593984962406013,0.37593984962406013
if_stage/hc_o + rf_reg[6],4,1064,0.0037593984962406013,0.37593984962406013
if_stage/hc_o + rf_reg[7],4,1064,0.0037593984962406013,0.37593984962406013
if_stage/hc_o + rf_reg[8],4,1064,0.0037593984962406013,0.37593984962406013
if_stage/hc_o + rf_reg[9],4,1064,0.0037593984962406013,0.37593984962406013
if_stage/hc_o + rf_reg[10],4,1064,0.0037593984962406013,0.37593984962406013
alu_operand_b_ex_o_tag + if_stage/hc_o,4,1064,0.0037593984962406013,0.37593984962406013
if_stage/hc_o + rf_reg[11],4,1064,0.0037593984962406013,0.37593984962406013
if_stage/hc_o + rf_reg[12],4,1064,0.0037593984962406013,0.37593984962406013
if_stage/hc_o + rf_reg[13],4,1064,0.0037593984962406013,0.37593984962406013
if_stage/hc_o + rf_reg[14],4,1064,0.0037593984962406013,0.37593984962406013
if_stage/hc_o + rf_reg[15],4,1064,0.0037593984962406013,0.37593984962406013
if_stage/hc_o + rf_reg[16],4,1064,0.0037593984962406013,0.37593984962406013
if_stage/hc_o + rf_reg[17],4,1064,0.0037593984962406013,0.37593984962406013
if_stage/hc_o + rf_reg[18],4,1064,0.0037593984962406013,0.37593984962406013
if_stage/hc_o + rf_reg[19],4,1064,0.0037593984962406013,0.37593984962406013
if_stage/hc_o + rf_reg[20],4,1064,0.0037593984962406013,0.37593984962406013
if_stage/hc_o + rf_reg[21],4,1064,0.0037593984962406013,0.37593984962406013
if_stage/hc_o + rf_reg[22],4,1064,0.0037593984962406013,0.37593984962406013
if_stage/hc_o + rf_reg[23],4,1064,0.0037593984962406013,0.37593984962406013
if_stage/hc_o + rf_reg[24],4,1064,0.0037593984962406013,0.37593984962406013
if_stage/hc_o + rf_reg[25],4,1064,0.0037593984962406013,0.37593984962406013
alu_operand_c_ex_o_tag + if_stage/hc_o,4,1064,0.0037593984962406013,0.37593984962406013
if_stage/hc_o + rf_reg[26],4,1064,0.0037593984962406013,0.37593984962406013
if_stage/hc_o + rf_reg[27],4,1064,0.0037593984962406013,0.37593984962406013
if_stage/hc_o + rf_reg[28],4,1064,0.0037593984962406013,0.37593984962406013
if_stage/hc_o + rf_reg[29],4,1064,0.0037593984962406013,0.37593984962406013
if_stage/hc_o + rf_reg[30],4,1064,0.0037593984962406013,0.37593984962406013
if_stage/hc_o + rf_reg[31],4,1064,0.0037593984962406013,0.37593984962406013
if_stage/hc_o + rs1_o_tag,4,1064,0.0037593984962406013,0.37593984962406013
data_type_q_tag + id_group3/hc_o,4,1064,0.0037593984962406013,0.37593984962406013
data_type_q_tag + id_group4/hc_o,4,1064,0.0037593984962406013,0.37593984962406013
data_type_q_tag + id_group5/hc_o,4,1064,0.0037593984962406013,0.37593984962406013
alu_operator_o_mode + id_group3/hc_o,4,1064,0.0037593984962406013,0.37593984962406013
alu_operator_o_mode + id_group4/hc_o,4,1064,0.0037593984962406013,0.37593984962406013
alu_operator_o_mode + id_group5/hc_o,4,1064,0.0037593984962406013,0.37593984962406013
id_group3/hc_o + rdata_offset_q_tag,4,1064,0.0037593984962406013,0.37593984962406013
id_group4/hc_o + rdata_offset_q_tag,4,1064,0.0037593984962406013,0.37593984962406013
id_group5/hc_o + rdata_offset_q_tag,4,1064,0.0037593984962406013,0.37593984962406013
csr_group14/hc_o + if_stage/hc_o,4,1064,0.0037593984962406013,0.37593984962406013
csr_group18/hc_o + if_stage/hc_o,4,1064,0.0037593984962406013,0.37593984962406013
csr_group14/hc_o + id_group3/hc_o,4,1064,0.0037593984962406013,0.37593984962406013
csr_group18/hc_o + id_group3/hc_o,4,1064,0.0037593984962406013,0.37593984962406013
csr_group19/hc_o + id_group3/hc_o,4,1064,0.0037593984962406013,0.37593984962406013
csr_group14/hc_o + id_group4/hc_o,4,1064,0.0037593984962406013,0.37593984962406013
csr_group18/hc_o + id_group4/hc_o,4,1064,0.0037593984962406013,0.37593984962406013
csr_group14/hc_o + id_group5/hc_o,4,1064,0.0037593984962406013,0.37593984962406013
csr_group18/hc_o + id_group5/hc_o,4,1064,0.0037593984962406013,0.37593984962406013
csr_group19/hc_o + id_group5/hc_o,4,1064,0.0037593984962406013,0.37593984962406013
alu_operand_a_ex_o_tag + id_group3/hc_o,2,532,0.0037593984962406013,0.37593984962406013
alu_operand_a_ex_o_tag + id_group4/hc_o,2,532,0.0037593984962406013,0.37593984962406013
alu_operand_a_ex_o_tag + id_group5/hc_o,2,532,0.0037593984962406013,0.37593984962406013
id_group3/hc_o + register_set_o_tag,2,532,0.0037593984962406013,0.37593984962406013
id_group4/hc_o + register_set_o_tag,2,532,0.0037593984962406013,0.37593984962406013
id_group5/hc_o + register_set_o_tag,2,532,0.0037593984962406013,0.37593984962406013
id_group3/hc_o + store_dest_addr_ex_o_tag,2,532,0.0037593984962406013,0.37593984962406013
id_group4/hc_o + store_dest_addr_ex_o_tag,2,532,0.0037593984962406013,0.37593984962406013
id_group5/hc_o + store_dest_addr_ex_o_tag,2,532,0.0037593984962406013,0.37593984962406013
id_group3/hc_o + store_source_ex_o_tag,2,532,0.0037593984962406013,0.37593984962406013
id_group4/hc_o + store_source_ex_o_tag,2,532,0.0037593984962406013,0.37593984962406013
id_group5/hc_o + store_source_ex_o_tag,2,532,0.0037593984962406013,0.37593984962406013
id_group3/hc_o + use_store_ops_ex_o,2,532,0.0037593984962406013,0.37593984962406013
id_group4/hc_o + use_store_ops_ex_o,2,532,0.0037593984962406013,0.37593984962406013
id_group5/hc_o + use_store_ops_ex_o,2,532,0.0037593984962406013,0.37593984962406013
id_group3/hc_o + rf_reg[0],2,532,0.0037593984962406013,0.37593984962406013
id_group4/hc_o + rf_reg[0],2,532,0.0037593984962406013,0.37593984962406013
id_group5/hc_o + rf_reg[0],2,532,0.0037593984962406013,0.37593984962406013
id_group3/hc_o + rf_reg[1],2,532,0.0037593984962406013,0.37593984962406013
id_group4/hc_o + rf_reg[1],2,532,0.0037593984962406013,0.37593984962406013
id_group5/hc_o + rf_reg[1],2,532,0.0037593984962406013,0.37593984962406013
id_group3/hc_o + rf_reg[2],2,532,0.0037593984962406013,0.37593984962406013
id_group4/hc_o + rf_reg[2],2,532,0.0037593984962406013,0.37593984962406013
id_group5/hc_o + rf_reg[2],2,532,0.0037593984962406013,0.37593984962406013
id_group3/hc_o + rf_reg[3],2,532,0.0037593984962406013,0.37593984962406013
id_group4/hc_o + rf_reg[3],2,532,0.0037593984962406013,0.37593984962406013
id_group5/hc_o + rf_reg[3],2,532,0.0037593984962406013,0.37593984962406013
id_group3/hc_o + rf_reg[4],2,532,0.0037593984962406013,0.37593984962406013
id_group4/hc_o + rf_reg[4],2,532,0.0037593984962406013,0.37593984962406013
id_group5/hc_o + rf_reg[4],2,532,0.0037593984962406013,0.37593984962406013
alu_operand_b_ex_o_tag + id_group4/hc_o,2,532,0.0037593984962406013,0.37593984962406013
alu_operand_b_ex_o_tag + id_group5/hc_o,2,532,0.0037593984962406013,0.37593984962406013
id_group3/hc_o + rf_reg[5],2,532,0.0037593984962406013,0.37593984962406013
id_group4/hc_o + rf_reg[5],2,532,0.0037593984962406013,0.37593984962406013
id_group5/hc_o + rf_reg[5],2,532,0.0037593984962406013,0.37593984962406013
id_group3/hc_o + rf_reg[6],2,532,0.0037593984962406013,0.37593984962406013
id_group4/hc_o + rf_reg[6],2,532,0.0037593984962406013,0.37593984962406013
id_group5/hc_o + rf_reg[6],2,532,0.0037593984962406013,0.37593984962406013
id_group3/hc_o + rf_reg[7],2,532,0.0037593984962406013,0.37593984962406013
id_group4/hc_o + rf_reg[7],2,532,0.0037593984962406013,0.37593984962406013
id_group5/hc_o + rf_reg[7],2,532,0.0037593984962406013,0.37593984962406013
id_group3/hc_o + rf_reg[8],2,532,0.0037593984962406013,0.37593984962406013
id_group4/hc_o + rf_reg[8],2,532,0.0037593984962406013,0.37593984962406013
id_group5/hc_o + rf_reg[8],2,532,0.0037593984962406013,0.37593984962406013
id_group3/hc_o + rf_reg[9],2,532,0.0037593984962406013,0.37593984962406013
id_group4/hc_o + rf_reg[9],2,532,0.0037593984962406013,0.37593984962406013
id_group5/hc_o + rf_reg[9],2,532,0.0037593984962406013,0.37593984962406013
id_group3/hc_o + rf_reg[10],2,532,0.0037593984962406013,0.37593984962406013
id_group4/hc_o + rf_reg[10],2,532,0.0037593984962406013,0.37593984962406013
id_group5/hc_o + rf_reg[10],2,532,0.0037593984962406013,0.37593984962406013
id_group3/hc_o + rf_reg[11],2,532,0.0037593984962406013,0.37593984962406013
id_group4/hc_o + rf_reg[11],2,532,0.0037593984962406013,0.37593984962406013
id_group5/hc_o + rf_reg[11],2,532,0.0037593984962406013,0.37593984962406013
id_group3/hc_o + rf_reg[12],2,532,0.0037593984962406013,0.37593984962406013
id_group4/hc_o + rf_reg[12],2,532,0.0037593984962406013,0.37593984962406013
id_group5/hc_o + rf_reg[12],2,532,0.0037593984962406013,0.37593984962406013
id_group3/hc_o + rf_reg[13],2,532,0.0037593984962406013,0.37593984962406013
id_group4/hc_o + rf_reg[13],2,532,0.0037593984962406013,0.37593984962406013
id_group5/hc_o + rf_reg[13],2,532,0.0037593984962406013,0.37593984962406013
id_group3/hc_o + rf_reg[14],2,532,0.0037593984962406013,0.37593984962406013
id_group4/hc_o + rf_reg[14],2,532,0.0037593984962406013,0.37593984962406013
id_group5/hc_o + rf_reg[14],2,532,0.0037593984962406013,0.37593984962406013
id_group3/hc_o + rf_reg[15],2,532,0.0037593984962406013,0.37593984962406013
id_group4/hc_o + rf_reg[15],2,532,0.0037593984962406013,0.37593984962406013
id_group5/hc_o + rf_reg[15],2,532,0.0037593984962406013,0.37593984962406013
id_group3/hc_o + rf_reg[16],2,532,0.0037593984962406013,0.37593984962406013
id_group4/hc_o + rf_reg[16],2,532,0.0037593984962406013,0.37593984962406013
id_group5/hc_o + rf_reg[16],2,532,0.0037593984962406013,0.37593984962406013
id_group3/hc_o + rf_reg[17],2,532,0.0037593984962406013,0.37593984962406013
id_group4/hc_o + rf_reg[17],2,532,0.0037593984962406013,0.37593984962406013
id_group5/hc_o + rf_reg[17],2,532,0.0037593984962406013,0.37593984962406013
alu_operand_c_ex_o_tag + id_group3/hc_o,2,532,0.0037593984962406013,0.37593984962406013
alu_operand_c_ex_o_tag + id_group5/hc_o,2,532,0.0037593984962406013,0.37593984962406013
id_group3/hc_o + rf_reg[18],2,532,0.0037593984962406013,0.37593984962406013
id_group4/hc_o + rf_reg[18],2,532,0.0037593984962406013,0.37593984962406013
id_group5/hc_o + rf_reg[18],2,532,0.0037593984962406013,0.37593984962406013
id_group3/hc_o + rf_reg[19],2,532,0.0037593984962406013,0.37593984962406013
id_group4/hc_o + rf_reg[19],2,532,0.0037593984962406013,0.37593984962406013
id_group5/hc_o + rf_reg[19],2,532,0.0037593984962406013,0.37593984962406013
id_group3/hc_o + rf_reg[20],2,532,0.0037593984962406013,0.37593984962406013
id_group4/hc_o + rf_reg[20],2,532,0.0037593984962406013,0.37593984962406013
id_group5/hc_o + rf_reg[20],2,532,0.0037593984962406013,0.37593984962406013
id_group3/hc_o + rf_reg[21],2,532,0.0037593984962406013,0.37593984962406013
id_group4/hc_o + rf_reg[21],2,532,0.0037593984962406013,0.37593984962406013
id_group5/hc_o + rf_reg[21],2,532,0.0037593984962406013,0.37593984962406013
id_group3/hc_o + rf_reg[22],2,532,0.0037593984962406013,0.37593984962406013
id_group4/hc_o + rf_reg[22],2,532,0.0037593984962406013,0.37593984962406013
id_group5/hc_o + rf_reg[22],2,532,0.0037593984962406013,0.37593984962406013
id_group3/hc_o + rf_reg[23],2,532,0.0037593984962406013,0.37593984962406013
id_group4/hc_o + rf_reg[23],2,532,0.0037593984962406013,0.37593984962406013
id_group5/hc_o + rf_reg[23],2,532,0.0037593984962406013,0.37593984962406013
id_group3/hc_o + rf_reg[24],2,532,0.0037593984962406013,0.37593984962406013
id_group4/hc_o + rf_reg[24],2,532,0.0037593984962406013,0.37593984962406013
id_group5/hc_o + rf_reg[24],2,532,0.0037593984962406013,0.37593984962406013
id_group3/hc_o + rf_reg[25],2,532,0.0037593984962406013,0.37593984962406013
id_group4/hc_o + rf_reg[25],2,532,0.0037593984962406013,0.37593984962406013
id_group5/hc_o + rf_reg[25],2,532,0.0037593984962406013,0.37593984962406013
id_group3/hc_o + rf_reg[26],2,532,0.0037593984962406013,0.37593984962406013
id_group4/hc_o + rf_reg[26],2,532,0.0037593984962406013,0.37593984962406013
id_group5/hc_o + rf_reg[26],2,532,0.0037593984962406013,0.37593984962406013
id_group3/hc_o + rf_reg[27],2,532,0.0037593984962406013,0.37593984962406013
id_group4/hc_o + rf_reg[27],2,532,0.0037593984962406013,0.37593984962406013
id_group5/hc_o + rf_reg[27],2,532,0.0037593984962406013,0.37593984962406013
id_group3/hc_o + pc_id_o_tag,2,532,0.0037593984962406013,0.37593984962406013
id_group4/hc_o + pc_id_o_tag,2,532,0.0037593984962406013,0.37593984962406013
id_group5/hc_o + pc_id_o_tag,2,532,0.0037593984962406013,0.37593984962406013
id_group3/hc_o + rf_reg[28],2,532,0.0037593984962406013,0.37593984962406013
id_group4/hc_o + rf_reg[28],2,532,0.0037593984962406013,0.37593984962406013
id_group5/hc_o + rf_reg[28],2,532,0.0037593984962406013,0.37593984962406013
id_group3/hc_o + rf_reg[29],2,532,0.0037593984962406013,0.37593984962406013
id_group4/hc_o + rf_reg[29],2,532,0.0037593984962406013,0.37593984962406013
id_group5/hc_o + rf_reg[29],2,532,0.0037593984962406013,0.37593984962406013
id_group3/hc_o + rf_reg[30],2,532,0.0037593984962406013,0.37593984962406013
id_group4/hc_o + rf_reg[30],2,532,0.0037593984962406013,0.37593984962406013
id_group5/hc_o + rf_reg[30],2,532,0.0037593984962406013,0.37593984962406013
id_group3/hc_o + rf_reg[31],2,532,0.0037593984962406013,0.37593984962406013
id_group4/hc_o + rf_reg[31],2,532,0.0037593984962406013,0.37593984962406013
id_group5/hc_o + rf_reg[31],2,532,0.0037593984962406013,0.37593984962406013
id_group3/hc_o + rs1_o_tag,2,532,0.0037593984962406013,0.37593984962406013
id_group4/hc_o + rs1_o_tag,2,532,0.0037593984962406013,0.37593984962406013
id_group5/hc_o + rs1_o_tag,2,532,0.0037593984962406013,0.37593984962406013
data_we_q_tag + id_group3/hc_o,2,532,0.0037593984962406013,0.37593984962406013
data_we_q_tag + id_group4/hc_o,2,532,0.0037593984962406013,0.37593984962406013
data_we_q_tag + id_group5/hc_o,2,532,0.0037593984962406013,0.37593984962406013
check_d_o_tag + id_group3/hc_o,2,532,0.0037593984962406013,0.37593984962406013
check_d_o_tag + id_group4/hc_o,2,532,0.0037593984962406013,0.37593984962406013
check_d_o_tag + id_group5/hc_o,2,532,0.0037593984962406013,0.37593984962406013
check_s1_o_tag + id_group3/hc_o,2,532,0.0037593984962406013,0.37593984962406013
check_s1_o_tag + id_group4/hc_o,2,532,0.0037593984962406013,0.37593984962406013
check_s2_o_tag + id_group3/hc_o,2,532,0.0037593984962406013,0.37593984962406013
check_s2_o_tag + id_group4/hc_o,2,532,0.0037593984962406013,0.37593984962406013
check_s2_o_tag + id_group5/hc_o,2,532,0.0037593984962406013,0.37593984962406013
id_group3/hc_o + is_store_post_o_tag,2,532,0.0037593984962406013,0.37593984962406013
id_group4/hc_o + is_store_post_o_tag,2,532,0.0037593984962406013,0.37593984962406013
id_group5/hc_o + is_store_post_o_tag,2,532,0.0037593984962406013,0.37593984962406013
id_group3/hc_o + memory_set_o_tag,2,532,0.0037593984962406013,0.37593984962406013
id_group4/hc_o + memory_set_o_tag,2,532,0.0037593984962406013,0.37593984962406013
id_group5/hc_o + memory_set_o_tag,2,532,0.0037593984962406013,0.37593984962406013
id_group3/hc_o + pc_if_o_tag,2,532,0.0037593984962406013,0.37593984962406013
id_group4/hc_o + pc_if_o_tag,2,532,0.0037593984962406013,0.37593984962406013
id_group5/hc_o + pc_if_o_tag,2,532,0.0037593984962406013,0.37593984962406013
if_stage/hc_o + if_stage/sd_o,2,532,0.0037593984962406013,0.37593984962406013
id_group3/hc_o + id_group3/sd_o,1,266,0.0037593984962406013,0.37593984962406013
id_group4/hc_o + id_group4/sd_o,1,266,0.0037593984962406013,0.37593984962406013
id_group5/hc_o + id_group5/sd_o,1,266,0.0037593984962406013,0.37593984962406013
pc_if_o_tag + rdata_q_tag,22,6048,0.0036375661375661374,0.3637566137566137
rdata_q_tag + rf_reg[1],22,6048,0.0036375661375661374,0.3637566137566137
data_type_q_tag + pc_if_o_tag,6,1680,0.0035714285714285713,0.35714285714285715
data_type_q_tag + rf_reg[1],6,1680,0.0035714285714285713,0.35714285714285715
rdata_offset_q_tag + rf_reg[1],6,1680,0.0035714285714285713,0.35714285714285715
check_d_o_tag + rf_reg[1],3,840,0.0035714285714285713,0.35714285714285715
check_s1_o_tag + rf_reg[0],3,840,0.0035714285714285713,0.35714285714285715
check_s1_o_tag + rf_reg[3],3,840,0.0035714285714285713,0.35714285714285715
check_s1_o_tag + rf_reg[4],3,840,0.0035714285714285713,0.35714285714285715
check_s1_o_tag + rf_reg[5],3,840,0.0035714285714285713,0.35714285714285715
check_s1_o_tag + rf_reg[6],3,840,0.0035714285714285713,0.35714285714285715
check_s1_o_tag + rf_reg[7],3,840,0.0035714285714285713,0.35714285714285715
check_s1_o_tag + rf_reg[8],3,840,0.0035714285714285713,0.35714285714285715
check_s1_o_tag + rf_reg[9],3,840,0.0035714285714285713,0.35714285714285715
check_s1_o_tag + rf_reg[10],3,840,0.0035714285714285713,0.35714285714285715
check_s1_o_tag + rf_reg[11],3,840,0.0035714285714285713,0.35714285714285715
check_s1_o_tag + rf_reg[12],3,840,0.0035714285714285713,0.35714285714285715
check_s1_o_tag + rf_reg[13],3,840,0.0035714285714285713,0.35714285714285715
check_s1_o_tag + rf_reg[14],3,840,0.0035714285714285713,0.35714285714285715
check_s1_o_tag + rf_reg[16],3,840,0.0035714285714285713,0.35714285714285715
check_s1_o_tag + rf_reg[17],3,840,0.0035714285714285713,0.35714285714285715
check_s1_o_tag + rf_reg[18],3,840,0.0035714285714285713,0.35714285714285715
check_s1_o_tag + rf_reg[19],3,840,0.0035714285714285713,0.35714285714285715
check_s1_o_tag + rf_reg[20],3,840,0.0035714285714285713,0.35714285714285715
check_s1_o_tag + rf_reg[21],3,840,0.0035714285714285713,0.35714285714285715
check_s1_o_tag + rf_reg[22],3,840,0.0035714285714285713,0.35714285714285715
check_s1_o_tag + rf_reg[23],3,840,0.0035714285714285713,0.35714285714285715
check_s1_o_tag + rf_reg[24],3,840,0.0035714285714285713,0.35714285714285715
check_s1_o_tag + rf_reg[25],3,840,0.0035714285714285713,0.35714285714285715
check_s1_o_tag + rf_reg[26],3,840,0.0035714285714285713,0.35714285714285715
check_s1_o_tag + rf_reg[27],3,840,0.0035714285714285713,0.35714285714285715
check_s1_o_tag + rf_reg[28],3,840,0.0035714285714285713,0.35714285714285715
check_s1_o_tag + rf_reg[29],3,840,0.0035714285714285713,0.35714285714285715
check_s1_o_tag + rf_reg[30],3,840,0.0035714285714285713,0.35714285714285715
check_s1_o_tag + rf_reg[31],3,840,0.0035714285714285713,0.35714285714285715
check_s2_o_tag + rf_reg[1],3,840,0.0035714285714285713,0.35714285714285715
is_store_post_o_tag + rf_reg[1],3,840,0.0035714285714285713,0.35714285714285715
alu_operand_c_ex_o_tag + pc_if_o_tag,3,840,0.0035714285714285713,0.35714285714285715
check_d_o_tag + pc_if_o_tag,3,840,0.0035714285714285713,0.35714285714285715
check_s2_o_tag + pc_if_o_tag,3,840,0.0035714285714285713,0.35714285714285715
is_store_post_o_tag + pc_if_o_tag,3,840,0.0035714285714285713,0.35714285714285715
memory_set_o_tag + rf_reg[3],3,840,0.0035714285714285713,0.35714285714285715
memory_set_o_tag + rf_reg[4],3,840,0.0035714285714285713,0.35714285714285715
memory_set_o_tag + rf_reg[5],3,840,0.0035714285714285713,0.35714285714285715
memory_set_o_tag + rf_reg[6],3,840,0.0035714285714285713,0.35714285714285715
memory_set_o_tag + rf_reg[7],3,840,0.0035714285714285713,0.35714285714285715
memory_set_o_tag + rf_reg[8],3,840,0.0035714285714285713,0.35714285714285715
memory_set_o_tag + rf_reg[9],3,840,0.0035714285714285713,0.35714285714285715
memory_set_o_tag + rf_reg[10],3,840,0.0035714285714285713,0.35714285714285715
memory_set_o_tag + rf_reg[11],3,840,0.0035714285714285713,0.35714285714285715
memory_set_o_tag + rf_reg[12],3,840,0.0035714285714285713,0.35714285714285715
memory_set_o_tag + rf_reg[13],3,840,0.0035714285714285713,0.35714285714285715
memory_set_o_tag + rf_reg[14],3,840,0.0035714285714285713,0.35714285714285715
memory_set_o_tag + rf_reg[16],3,840,0.0035714285714285713,0.35714285714285715
memory_set_o_tag + rf_reg[17],3,840,0.0035714285714285713,0.35714285714285715
memory_set_o_tag + rf_reg[18],3,840,0.0035714285714285713,0.35714285714285715
memory_set_o_tag + rf_reg[19],3,840,0.0035714285714285713,0.35714285714285715
memory_set_o_tag + rf_reg[20],3,840,0.0035714285714285713,0.35714285714285715
memory_set_o_tag + rf_reg[21],3,840,0.0035714285714285713,0.35714285714285715
memory_set_o_tag + rf_reg[22],3,840,0.0035714285714285713,0.35714285714285715
memory_set_o_tag + rf_reg[23],3,840,0.0035714285714285713,0.35714285714285715
memory_set_o_tag + rf_reg[24],3,840,0.0035714285714285713,0.35714285714285715
memory_set_o_tag + rf_reg[25],3,840,0.0035714285714285713,0.35714285714285715
memory_set_o_tag + rf_reg[26],3,840,0.0035714285714285713,0.35714285714285715
memory_set_o_tag + rf_reg[27],3,840,0.0035714285714285713,0.35714285714285715
memory_set_o_tag + rf_reg[28],3,840,0.0035714285714285713,0.35714285714285715
memory_set_o_tag + rf_reg[29],3,840,0.0035714285714285713,0.35714285714285715
memory_set_o_tag + rf_reg[30],3,840,0.0035714285714285713,0.35714285714285715
memory_set_o_tag + rf_reg[31],3,840,0.0035714285714285713,0.35714285714285715
pc_if_o_tag + register_set_o_tag,3,840,0.0035714285714285713,0.35714285714285715
pc_if_o_tag + store_source_ex_o_tag,3,840,0.0035714285714285713,0.35714285714285715
pc_if_o_tag + rf_reg[3],3,840,0.0035714285714285713,0.35714285714285715
pc_if_o_tag + rf_reg[4],3,840,0.0035714285714285713,0.35714285714285715
pc_if_o_tag + rf_reg[5],3,840,0.0035714285714285713,0.35714285714285715
pc_if_o_tag + rf_reg[6],3,840,0.0035714285714285713,0.35714285714285715
pc_if_o_tag + rf_reg[7],3,840,0.0035714285714285713,0.35714285714285715
pc_if_o_tag + rf_reg[8],3,840,0.0035714285714285713,0.35714285714285715
pc_if_o_tag + rf_reg[9],3,840,0.0035714285714285713,0.35714285714285715
pc_if_o_tag + rf_reg[10],3,840,0.0035714285714285713,0.35714285714285715
pc_if_o_tag + rf_reg[11],3,840,0.0035714285714285713,0.35714285714285715
pc_if_o_tag + rf_reg[12],3,840,0.0035714285714285713,0.35714285714285715
pc_if_o_tag + rf_reg[13],3,840,0.0035714285714285713,0.35714285714285715
pc_if_o_tag + rf_reg[14],3,840,0.0035714285714285713,0.35714285714285715
pc_if_o_tag + rf_reg[16],3,840,0.0035714285714285713,0.35714285714285715
pc_if_o_tag + rf_reg[17],3,840,0.0035714285714285713,0.35714285714285715
pc_if_o_tag + rf_reg[18],3,840,0.0035714285714285713,0.35714285714285715
pc_if_o_tag + rf_reg[19],3,840,0.0035714285714285713,0.35714285714285715
pc_if_o_tag + rf_reg[20],3,840,0.0035714285714285713,0.35714285714285715
pc_if_o_tag + rf_reg[21],3,840,0.0035714285714285713,0.35714285714285715
pc_if_o_tag + rf_reg[22],3,840,0.0035714285714285713,0.35714285714285715
pc_if_o_tag + rf_reg[23],3,840,0.0035714285714285713,0.35714285714285715
pc_if_o_tag + rf_reg[24],3,840,0.0035714285714285713,0.35714285714285715
pc_if_o_tag + rf_reg[25],3,840,0.0035714285714285713,0.35714285714285715
pc_if_o_tag + rf_reg[26],3,840,0.0035714285714285713,0.35714285714285715
pc_if_o_tag + rf_reg[27],3,840,0.0035714285714285713,0.35714285714285715
pc_if_o_tag + rf_reg[28],3,840,0.0035714285714285713,0.35714285714285715
pc_if_o_tag + rf_reg[29],3,840,0.0035714285714285713,0.35714285714285715
pc_if_o_tag + rf_reg[30],3,840,0.0035714285714285713,0.35714285714285715
pc_if_o_tag + rf_reg[31],3,840,0.0035714285714285713,0.35714285714285715
data_we_q_tag + pc_if_o_tag,3,840,0.0035714285714285713,0.35714285714285715
alu_operand_a_ex_o_tag + rf_reg[0],3,840,0.0035714285714285713,0.35714285714285715
alu_operand_a_ex_o_tag + rf_reg[3],3,840,0.0035714285714285713,0.35714285714285715
alu_operand_a_ex_o_tag + rf_reg[4],3,840,0.0035714285714285713,0.35714285714285715
alu_operand_a_ex_o_tag + rf_reg[5],3,840,0.0035714285714285713,0.35714285714285715
rf_reg[0] + store_dest_addr_ex_o_tag,3,840,0.0035714285714285713,0.35714285714285715
rf_reg[3] + store_dest_addr_ex_o_tag,3,840,0.0035714285714285713,0.35714285714285715
rf_reg[4] + store_dest_addr_ex_o_tag,3,840,0.0035714285714285713,0.35714285714285715
rf_reg[5] + store_dest_addr_ex_o_tag,3,840,0.0035714285714285713,0.35714285714285715
rf_reg[6] + store_dest_addr_ex_o_tag,3,840,0.0035714285714285713,0.35714285714285715
rf_reg[7] + store_dest_addr_ex_o_tag,3,840,0.0035714285714285713,0.35714285714285715
rf_reg[8] + store_dest_addr_ex_o_tag,3,840,0.0035714285714285713,0.35714285714285715
rf_reg[9] + store_dest_addr_ex_o_tag,3,840,0.0035714285714285713,0.35714285714285715
rf_reg[10] + store_dest_addr_ex_o_tag,3,840,0.0035714285714285713,0.35714285714285715
rf_reg[11] + store_dest_addr_ex_o_tag,3,840,0.0035714285714285713,0.35714285714285715
rf_reg[12] + store_dest_addr_ex_o_tag,3,840,0.0035714285714285713,0.35714285714285715
rf_reg[13] + store_dest_addr_ex_o_tag,3,840,0.0035714285714285713,0.35714285714285715
rf_reg[14] + store_dest_addr_ex_o_tag,3,840,0.0035714285714285713,0.35714285714285715
rf_reg[16] + store_dest_addr_ex_o_tag,3,840,0.0035714285714285713,0.35714285714285715
rf_reg[17] + store_dest_addr_ex_o_tag,3,840,0.0035714285714285713,0.35714285714285715
rf_reg[18] + store_dest_addr_ex_o_tag,3,840,0.0035714285714285713,0.35714285714285715
rf_reg[19] + store_dest_addr_ex_o_tag,3,840,0.0035714285714285713,0.35714285714285715
rf_reg[20] + store_dest_addr_ex_o_tag,3,840,0.0035714285714285713,0.35714285714285715
rf_reg[21] + store_dest_addr_ex_o_tag,3,840,0.0035714285714285713,0.35714285714285715
rf_reg[22] + store_dest_addr_ex_o_tag,3,840,0.0035714285714285713,0.35714285714285715
rf_reg[23] + store_dest_addr_ex_o_tag,3,840,0.0035714285714285713,0.35714285714285715
rf_reg[24] + store_dest_addr_ex_o_tag,3,840,0.0035714285714285713,0.35714285714285715
rf_reg[25] + store_dest_addr_ex_o_tag,3,840,0.0035714285714285713,0.35714285714285715
rf_reg[26] + store_dest_addr_ex_o_tag,3,840,0.0035714285714285713,0.35714285714285715
rf_reg[27] + store_dest_addr_ex_o_tag,3,840,0.0035714285714285713,0.35714285714285715
rf_reg[28] + store_dest_addr_ex_o_tag,3,840,0.0035714285714285713,0.35714285714285715
rf_reg[29] + store_dest_addr_ex_o_tag,3,840,0.0035714285714285713,0.35714285714285715
rf_reg[30] + store_dest_addr_ex_o_tag,3,840,0.0035714285714285713,0.35714285714285715
rf_reg[31] + store_dest_addr_ex_o_tag,3,840,0.0035714285714285713,0.35714285714285715
rf_reg[1] + store_source_ex_o_tag,3,840,0.0035714285714285713,0.35714285714285715
alu_operand_a_ex_o_tag + rf_reg[6],3,840,0.0035714285714285713,0.35714285714285715
alu_operand_a_ex_o_tag + rf_reg[7],3,840,0.0035714285714285713,0.35714285714285715
alu_operand_a_ex_o_tag + rf_reg[9],3,840,0.0035714285714285713,0.35714285714285715
alu_operand_a_ex_o_tag + rf_reg[10],3,840,0.0035714285714285713,0.35714285714285715
alu_operand_a_ex_o_tag + rf_reg[11],3,840,0.0035714285714285713,0.35714285714285715
alu_operand_a_ex_o_tag + rf_reg[12],3,840,0.0035714285714285713,0.35714285714285715
alu_operand_a_ex_o_tag + rf_reg[13],3,840,0.0035714285714285713,0.35714285714285715
alu_operand_a_ex_o_tag + rf_reg[14],3,840,0.0035714285714285713,0.35714285714285715
alu_operand_a_ex_o_tag + rf_reg[16],3,840,0.0035714285714285713,0.35714285714285715
alu_operand_a_ex_o_tag + rf_reg[17],3,840,0.0035714285714285713,0.35714285714285715
alu_operand_a_ex_o_tag + rf_reg[18],3,840,0.0035714285714285713,0.35714285714285715
alu_operand_a_ex_o_tag + rf_reg[19],3,840,0.0035714285714285713,0.35714285714285715
alu_operand_a_ex_o_tag + rf_reg[20],3,840,0.0035714285714285713,0.35714285714285715
alu_operand_a_ex_o_tag + rf_reg[21],3,840,0.0035714285714285713,0.35714285714285715
alu_operand_a_ex_o_tag + rf_reg[22],3,840,0.0035714285714285713,0.35714285714285715
alu_operand_a_ex_o_tag + rf_reg[23],3,840,0.0035714285714285713,0.35714285714285715
alu_operand_a_ex_o_tag + rf_reg[24],3,840,0.0035714285714285713,0.35714285714285715
alu_operand_a_ex_o_tag + rf_reg[25],3,840,0.0035714285714285713,0.35714285714285715
alu_operand_a_ex_o_tag + rf_reg[26],3,840,0.0035714285714285713,0.35714285714285715
alu_operand_a_ex_o_tag + rf_reg[27],3,840,0.0035714285714285713,0.35714285714285715
alu_operand_a_ex_o_tag + rf_reg[28],3,840,0.0035714285714285713,0.35714285714285715
alu_operand_a_ex_o_tag + rf_reg[29],3,840,0.0035714285714285713,0.35714285714285715
alu_operand_a_ex_o_tag + rf_reg[30],3,840,0.0035714285714285713,0.35714285714285715
alu_operand_a_ex_o_tag + rf_reg[31],3,840,0.0035714285714285713,0.35714285714285715
rf_reg[0] + use_store_ops_ex_o,3,840,0.0035714285714285713,0.35714285714285715
rf_reg[3] + use_store_ops_ex_o,3,840,0.0035714285714285713,0.35714285714285715
rf_reg[4] + use_store_ops_ex_o,3,840,0.0035714285714285713,0.35714285714285715
rf_reg[5] + use_store_ops_ex_o,3,840,0.0035714285714285713,0.35714285714285715
rf_reg[6] + use_store_ops_ex_o,3,840,0.0035714285714285713,0.35714285714285715
rf_reg[7] + use_store_ops_ex_o,3,840,0.0035714285714285713,0.35714285714285715
rf_reg[8] + use_store_ops_ex_o,3,840,0.0035714285714285713,0.35714285714285715
rf_reg[9] + use_store_ops_ex_o,3,840,0.0035714285714285713,0.35714285714285715
rf_reg[10] + use_store_ops_ex_o,3,840,0.0035714285714285713,0.35714285714285715
rf_reg[11] + use_store_ops_ex_o,3,840,0.0035714285714285713,0.35714285714285715
rf_reg[12] + use_store_ops_ex_o,3,840,0.0035714285714285713,0.35714285714285715
rf_reg[13] + use_store_ops_ex_o,3,840,0.0035714285714285713,0.35714285714285715
rf_reg[14] + use_store_ops_ex_o,3,840,0.0035714285714285713,0.35714285714285715
rf_reg[16] + use_store_ops_ex_o,3,840,0.0035714285714285713,0.35714285714285715
rf_reg[17] + use_store_ops_ex_o,3,840,0.0035714285714285713,0.35714285714285715
rf_reg[18] + use_store_ops_ex_o,3,840,0.0035714285714285713,0.35714285714285715
rf_reg[19] + use_store_ops_ex_o,3,840,0.0035714285714285713,0.35714285714285715
rf_reg[20] + use_store_ops_ex_o,3,840,0.0035714285714285713,0.35714285714285715
rf_reg[21] + use_store_ops_ex_o,3,840,0.0035714285714285713,0.35714285714285715
rf_reg[22] + use_store_ops_ex_o,3,840,0.0035714285714285713,0.35714285714285715
rf_reg[23] + use_store_ops_ex_o,3,840,0.0035714285714285713,0.35714285714285715
rf_reg[24] + use_store_ops_ex_o,3,840,0.0035714285714285713,0.35714285714285715
rf_reg[25] + use_store_ops_ex_o,3,840,0.0035714285714285713,0.35714285714285715
rf_reg[26] + use_store_ops_ex_o,3,840,0.0035714285714285713,0.35714285714285715
rf_reg[27] + use_store_ops_ex_o,3,840,0.0035714285714285713,0.35714285714285715
rf_reg[28] + use_store_ops_ex_o,3,840,0.0035714285714285713,0.35714285714285715
rf_reg[29] + use_store_ops_ex_o,3,840,0.0035714285714285713,0.35714285714285715
rf_reg[30] + use_store_ops_ex_o,3,840,0.0035714285714285713,0.35714285714285715
rf_reg[31] + use_store_ops_ex_o,3,840,0.0035714285714285713,0.35714285714285715
data_we_q_tag + rf_reg[1],3,840,0.0035714285714285713,0.35714285714285715
alu_operand_b_ex_o_tag + rf_reg[0],3,840,0.0035714285714285713,0.35714285714285715
alu_operand_b_ex_o_tag + rf_reg[3],3,840,0.0035714285714285713,0.35714285714285715
alu_operand_b_ex_o_tag + rf_reg[4],3,840,0.0035714285714285713,0.35714285714285715
alu_operand_b_ex_o_tag + rf_reg[5],3,840,0.0035714285714285713,0.35714285714285715
alu_operand_b_ex_o_tag + rf_reg[6],3,840,0.0035714285714285713,0.35714285714285715
alu_operand_b_ex_o_tag + rf_reg[7],3,840,0.0035714285714285713,0.35714285714285715
alu_operand_b_ex_o_tag + rf_reg[9],3,840,0.0035714285714285713,0.35714285714285715
alu_operand_b_ex_o_tag + rf_reg[10],3,840,0.0035714285714285713,0.35714285714285715
alu_operand_b_ex_o_tag + rf_reg[11],3,840,0.0035714285714285713,0.35714285714285715
alu_operand_b_ex_o_tag + rf_reg[12],3,840,0.0035714285714285713,0.35714285714285715
alu_operand_b_ex_o_tag + rf_reg[13],3,840,0.0035714285714285713,0.35714285714285715
alu_operand_b_ex_o_tag + rf_reg[14],3,840,0.0035714285714285713,0.35714285714285715
alu_operand_b_ex_o_tag + rf_reg[16],3,840,0.0035714285714285713,0.35714285714285715
alu_operand_b_ex_o_tag + rf_reg[17],3,840,0.0035714285714285713,0.35714285714285715
alu_operand_b_ex_o_tag + rf_reg[18],3,840,0.0035714285714285713,0.35714285714285715
alu_operand_b_ex_o_tag + rf_reg[19],3,840,0.0035714285714285713,0.35714285714285715
alu_operand_b_ex_o_tag + rf_reg[20],3,840,0.0035714285714285713,0.35714285714285715
alu_operand_b_ex_o_tag + rf_reg[21],3,840,0.0035714285714285713,0.35714285714285715
alu_operand_b_ex_o_tag + rf_reg[22],3,840,0.0035714285714285713,0.35714285714285715
alu_operand_b_ex_o_tag + rf_reg[23],3,840,0.0035714285714285713,0.35714285714285715
alu_operand_b_ex_o_tag + rf_reg[24],3,840,0.0035714285714285713,0.35714285714285715
alu_operand_b_ex_o_tag + rf_reg[25],3,840,0.0035714285714285713,0.35714285714285715
alu_operand_b_ex_o_tag + rf_reg[26],3,840,0.0035714285714285713,0.35714285714285715
alu_operand_b_ex_o_tag + rf_reg[27],3,840,0.0035714285714285713,0.35714285714285715
alu_operand_b_ex_o_tag + rf_reg[28],3,840,0.0035714285714285713,0.35714285714285715
alu_operand_b_ex_o_tag + rf_reg[29],3,840,0.0035714285714285713,0.35714285714285715
alu_operand_b_ex_o_tag + rf_reg[30],3,840,0.0035714285714285713,0.35714285714285715
alu_operand_b_ex_o_tag + rf_reg[31],3,840,0.0035714285714285713,0.35714285714285715
alu_operand_c_ex_o_tag + rf_reg[1],3,840,0.0035714285714285713,0.35714285714285715
register_set_o_tag/hc_o + rf_reg[2],2,560,0.0035714285714285713,0.35714285714285715
regfile_alu_waddr_ex_o_tag + store_source_ex_o_tag,41,11592,0.0035369220151828845,0.35369220151828845
id_group8/hc_o + if_stage/hc_o,7,2044,0.003424657534246575,0.3424657534246575
csr_group1/hc_o + if_stage/hc_o,7,2044,0.003424657534246575,0.3424657534246575
csr_group5/hc_o + if_stage/hc_o,7,2044,0.003424657534246575,0.3424657534246575
csr_group13/hc_o + if_stage/hc_o,7,2044,0.003424657534246575,0.3424657534246575
csr_group17/hc_o + if_stage/hc_o,7,2044,0.003424657534246575,0.3424657534246575
id_group3/hc_o + id_group6/hc_o,7,2044,0.003424657534246575,0.3424657534246575
id_group4/hc_o + id_group6/hc_o,7,2044,0.003424657534246575,0.3424657534246575
id_group4/hc_o + id_group7/hc_o,7,2044,0.003424657534246575,0.3424657534246575
csr_group17/hc_o + id_group4/hc_o,7,2044,0.003424657534246575,0.3424657534246575
id_group4/hc_o + lsu_group1/hc_o,7,2044,0.003424657534246575,0.3424657534246575
hc_o_rf_tag + regfile_alu_waddr_ex_o_tag,967,290920,0.0033239378523305376,0.33239378523305374
regfile_alu_waddr_ex_o_tag + tcr_q,88,26880,0.003273809523809524,0.3273809523809524
hc_o_rf_tag + lsu_reg/hc_o,48,14672,0.003271537622682661,0.3271537622682661
rdata_q_tag + store_source_ex_o_tag,19,6048,0.0031415343915343914,0.31415343915343913
check_d_o_tag + data_type_q_tag,5,1680,0.002976190476190476,0.2976190476190476
data_type_q_tag + is_store_post_o_tag,5,1680,0.002976190476190476,0.2976190476190476
rdata_offset_q_tag + store_source_ex_o_tag,5,1680,0.002976190476190476,0.2976190476190476
data_we_q_tag + rdata_offset_q_tag,5,1680,0.002976190476190476,0.2976190476190476
id_group4/hc_o + id_group8/hc_o,6,2044,0.0029354207436399216,0.29354207436399216
hc_o_rf_tag + rf_reg[8],54,18760,0.002878464818763326,0.2878464818763326
hc_o_rf_tag + rf_reg[11],53,18760,0.0028251599147121535,0.28251599147121537
hc_o_rf_tag + rf_reg[14],53,18760,0.0028251599147121535,0.28251599147121537
hc_o_rf_tag + rf_reg[17],53,18760,0.0028251599147121535,0.28251599147121537
hc_o_rf_tag + rf_reg[23],53,18760,0.0028251599147121535,0.28251599147121537
csr_group19/hc_o + if_stage/hc_o,3,1064,0.002819548872180451,0.28195488721804507
csr_group19/hc_o + id_group4/hc_o,3,1064,0.002819548872180451,0.28195488721804507
is_store_post_o_tag + rdata_q_tag,17,6048,0.0028108465608465607,0.28108465608465605
is_store_post_o_tag + tpr_q,15,5376,0.0027901785714285715,0.27901785714285715
hc_o_rf_tag + rf_reg[3],52,18760,0.002771855010660981,0.2771855010660981
hc_o_rf_tag + rf_reg[30],52,18760,0.002771855010660981,0.2771855010660981
data_we_q_tag + rdata_q_tag,16,6048,0.0026455026455026454,0.26455026455026454
rdata_q_tag + tpr_q,56,21504,0.0026041666666666665,0.26041666666666663
data_type_q_tag + tpr_q,28,10752,0.0026041666666666665,0.26041666666666663
rdata_offset_q_tag + tpr_q,28,10752,0.0026041666666666665,0.26041666666666663
store_source_ex_o_tag + tpr_q,14,5376,0.0026041666666666665,0.26041666666666663
rf_reg[0] + tpr_q,14,5376,0.0026041666666666665,0.26041666666666663
rf_reg[3] + tpr_q,14,5376,0.0026041666666666665,0.26041666666666663
rf_reg[4] + tpr_q,14,5376,0.0026041666666666665,0.26041666666666663
rf_reg[5] + tpr_q,14,5376,0.0026041666666666665,0.26041666666666663
rf_reg[6] + tpr_q,14,5376,0.0026041666666666665,0.26041666666666663
rf_reg[7] + tpr_q,14,5376,0.0026041666666666665,0.26041666666666663
rf_reg[9] + tpr_q,14,5376,0.0026041666666666665,0.26041666666666663
rf_reg[10] + tpr_q,14,5376,0.0026041666666666665,0.26041666666666663
rf_reg[11] + tpr_q,14,5376,0.0026041666666666665,0.26041666666666663
rf_reg[12] + tpr_q,14,5376,0.0026041666666666665,0.26041666666666663
rf_reg[13] + tpr_q,14,5376,0.0026041666666666665,0.26041666666666663
rf_reg[14] + tpr_q,14,5376,0.0026041666666666665,0.26041666666666663
rf_reg[16] + tpr_q,14,5376,0.0026041666666666665,0.26041666666666663
rf_reg[17] + tpr_q,14,5376,0.0026041666666666665,0.26041666666666663
rf_reg[18] + tpr_q,14,5376,0.0026041666666666665,0.26041666666666663
rf_reg[19] + tpr_q,14,5376,0.0026041666666666665,0.26041666666666663
rf_reg[20] + tpr_q,14,5376,0.0026041666666666665,0.26041666666666663
rf_reg[21] + tpr_q,14,5376,0.0026041666666666665,0.26041666666666663
rf_reg[22] + tpr_q,14,5376,0.0026041666666666665,0.26041666666666663
rf_reg[23] + tpr_q,14,5376,0.0026041666666666665,0.26041666666666663
rf_reg[24] + tpr_q,14,5376,0.0026041666666666665,0.26041666666666663
rf_reg[25] + tpr_q,14,5376,0.0026041666666666665,0.26041666666666663
rf_reg[26] + tpr_q,14,5376,0.0026041666666666665,0.26041666666666663
rf_reg[27] + tpr_q,14,5376,0.0026041666666666665,0.26041666666666663
rf_reg[28] + tpr_q,14,5376,0.0026041666666666665,0.26041666666666663
rf_reg[29] + tpr_q,14,5376,0.0026041666666666665,0.26041666666666663
rf_reg[30] + tpr_q,14,5376,0.0026041666666666665,0.26041666666666663
rf_reg[31] + tpr_q,14,5376,0.0026041666666666665,0.26041666666666663
alu_operand_c_ex_o_tag + tpr_q,14,5376,0.0026041666666666665,0.26041666666666663
data_we_q_tag + tpr_q,14,5376,0.0026041666666666665,0.26041666666666663
check_d_o_tag + hc_o_rf_tag,48,18760,0.00255863539445629,0.255863539445629
check_s1_o_tag + hc_o_rf_tag,48,18760,0.00255863539445629,0.255863539445629
check_s2_o_tag + hc_o_rf_tag,48,18760,0.00255863539445629,0.255863539445629
hc_o_rf_tag + pc_id_o_tag,48,18760,0.00255863539445629,0.255863539445629
hc_o_rf_tag + is_store_post_o_tag,48,18760,0.00255863539445629,0.255863539445629
hc_o_rf_tag + memory_set_o_tag,48,18760,0.00255863539445629,0.255863539445629
hc_o_rf_tag + pc_if_o_tag,48,18760,0.00255863539445629,0.255863539445629
hc_o_rf_tag + register_set_o_tag,48,18760,0.00255863539445629,0.255863539445629
hc_o_rf_tag + store_dest_addr_ex_o_tag,48,18760,0.00255863539445629,0.255863539445629
hc_o_rf_tag + store_source_ex_o_tag,48,18760,0.00255863539445629,0.255863539445629
hc_o_rf_tag + use_store_ops_ex_o,48,18760,0.00255863539445629,0.255863539445629
alu_operand_a_ex_o_tag + hc_o_rf_tag,48,18760,0.00255863539445629,0.255863539445629
hc_o_rf_tag + rf_reg[6],48,18760,0.00255863539445629,0.255863539445629
hc_o_rf_tag + rf_reg[9],48,18760,0.00255863539445629,0.255863539445629
alu_operand_b_ex_o_tag + hc_o_rf_tag,48,18760,0.00255863539445629,0.255863539445629
hc_o_rf_tag + rf_reg[13],48,18760,0.00255863539445629,0.255863539445629
hc_o_rf_tag + rf_reg[16],48,18760,0.00255863539445629,0.255863539445629
hc_o_rf_tag + rf_reg[19],48,18760,0.00255863539445629,0.255863539445629
hc_o_rf_tag + rf_reg[20],48,18760,0.00255863539445629,0.255863539445629
hc_o_rf_tag + rf_reg[22],48,18760,0.00255863539445629,0.255863539445629
hc_o_rf_tag + rf_reg[25],48,18760,0.00255863539445629,0.255863539445629
alu_operand_c_ex_o_tag + hc_o_rf_tag,48,18760,0.00255863539445629,0.255863539445629
hc_o_rf_tag + rf_reg[28],48,18760,0.00255863539445629,0.255863539445629
hc_o_rf_tag + rf_reg[31],48,18760,0.00255863539445629,0.255863539445629
hc_o_rf_tag + rs1_o_tag,48,18760,0.00255863539445629,0.255863539445629
data_we_q_tag + hc_o_rf_tag,48,18760,0.00255863539445629,0.255863539445629
csr_group13/hc_o + hc_o_rf_tag,37,14840,0.0024932614555256065,0.24932614555256064
hc_o_rf_tag + rdata_q_tag,358,146720,0.002440021810250818,0.24400218102508178
id_stage/hc_o + lsu/hc_o,18,7448,0.0024167561761546724,0.24167561761546724
lsu/hc_o + regfile_alu_waddr_ex_o_tag,18,7448,0.0024167561761546724,0.24167561761546724
hc_o_5 + rdata_q_tag,55,22848,0.0024072128851540617,0.24072128851540617
hc_o_rf_tag + store_source_ex_o_tag/hc_o,36,15008,0.002398720682302772,0.2398720682302772
alu_operand_c_ex_o_tag/hc_o + hc_o_rf_tag,36,15008,0.002398720682302772,0.2398720682302772
check_s2_o_tag/hc_o + hc_o_rf_tag,36,15008,0.002398720682302772,0.2398720682302772
check_d_o_tag/hc_o + hc_o_rf_tag,36,15008,0.002398720682302772,0.2398720682302772
hc_o_rf_tag + is_store_post_o_tag/hc_o,36,15008,0.002398720682302772,0.2398720682302772
data_we_q_tag/hc_o + hc_o_rf_tag,36,15008,0.002398720682302772,0.2398720682302772
csr_group14/hc_o + hc_o_rf_tag,18,7504,0.002398720682302772,0.2398720682302772
csr_group18/hc_o + hc_o_rf_tag,18,7504,0.002398720682302772,0.2398720682302772
check_d_o_tag + rdata_offset_q_tag,4,1680,0.002380952380952381,0.2380952380952381
data_type_q_tag + store_source_ex_o_tag,4,1680,0.002380952380952381,0.2380952380952381
pc_id_o_tag + rf_reg[15],2,840,0.002380952380952381,0.2380952380952381
pc_id_o_tag + rs1_o_tag,2,840,0.002380952380952381,0.2380952380952381
check_d_o_tag + register_set_o_tag,2,840,0.002380952380952381,0.2380952380952381
check_d_o_tag + store_source_ex_o_tag,2,840,0.002380952380952381,0.2380952380952381
check_s2_o_tag + is_store_post_o_tag,2,840,0.002380952380952381,0.2380952380952381
is_store_post_o_tag + register_set_o_tag,2,840,0.002380952380952381,0.2380952380952381
alu_operand_a_ex_o_tag + alu_operand_b_ex_o_tag,2,840,0.002380952380952381,0.2380952380952381
alu_operand_a_ex_o_tag + rf_reg[1],2,840,0.002380952380952381,0.2380952380952381
rs1_o_tag + store_source_ex_o_tag,2,840,0.002380952380952381,0.2380952380952381
alu_operand_b_ex_o_tag + rf_reg[1],2,840,0.002380952380952381,0.2380952380952381
alu_operand_c_ex_o_tag + check_d_o_tag,2,840,0.002380952380952381,0.2380952380952381
alu_operand_c_ex_o_tag + check_s2_o_tag,2,840,0.002380952380952381,0.2380952380952381
alu_operand_c_ex_o_tag + is_store_post_o_tag,2,840,0.002380952380952381,0.2380952380952381
alu_operand_c_ex_o_tag + register_set_o_tag,2,840,0.002380952380952381,0.2380952380952381
data_we_q_tag + rs1_o_tag,2,840,0.002380952380952381,0.2380952380952381
hc_o_rf_tag + rdata_offset_q_tag,88,37520,0.002345415778251599,0.2345415778251599
data_type_q_tag + hc_o_rf_tag,88,37520,0.002345415778251599,0.2345415778251599
check_d_o_tag + rdata_q_tag,14,6048,0.0023148148148148147,0.23148148148148145
hc_o_rf_tag + rf_reg[4],43,18760,0.0022921108742004264,0.22921108742004265
hc_o_rf_tag + rf_reg[5],43,18760,0.0022921108742004264,0.22921108742004265
hc_o_rf_tag + rf_reg[7],43,18760,0.0022921108742004264,0.22921108742004265
hc_o_rf_tag + rf_reg[10],43,18760,0.0022921108742004264,0.22921108742004265
hc_o_rf_tag + rf_reg[12],43,18760,0.0022921108742004264,0.22921108742004265
hc_o_rf_tag + rf_reg[18],43,18760,0.0022921108742004264,0.22921108742004265
hc_o_rf_tag + rf_reg[21],43,18760,0.0022921108742004264,0.22921108742004265
hc_o_rf_tag + rf_reg[24],43,18760,0.0022921108742004264,0.22921108742004265
hc_o_rf_tag + rf_reg[26],43,18760,0.0022921108742004264,0.22921108742004265
hc_o_rf_tag + rf_reg[27],43,18760,0.0022921108742004264,0.22921108742004265
hc_o_rf_tag + rf_reg[29],43,18760,0.0022921108742004264,0.22921108742004265
hc_o_rf_tag + rdata_offset_q_tag/hc_o,68,29680,0.0022911051212938004,0.22911051212938005
data_type_q_tag/hc_o + hc_o_rf_tag,68,29680,0.0022911051212938004,0.22911051212938005
hc_o_rf_tag + rdata_q_tag/hc_o,68,29680,0.0022911051212938004,0.22911051212938005
hc_o_rf_tag + tpr_branch/hc_o,34,14840,0.0022911051212938004,0.22911051212938005
hc_o_rf_tag + tpr_jump/hc_o,34,14840,0.0022911051212938004,0.22911051212938005
hc_o_rf_tag + tpr_shift/hc_o,34,14840,0.0022911051212938004,0.22911051212938005
hc_o_rf_tag + tpr_comparison/hc_o,34,14840,0.0022911051212938004,0.22911051212938005
hc_o_rf_tag + tpr_logical/hc_o,34,14840,0.0022911051212938004,0.22911051212938005
hc_o_rf_tag + tcr_arith/hc_o,34,14840,0.0022911051212938004,0.22911051212938005
hc_o_rf_tag + tcr_branch/hc_o,34,14840,0.0022911051212938004,0.22911051212938005
hc_o_rf_tag + tcr_jump/hc_o,34,14840,0.0022911051212938004,0.22911051212938005
hc_o_rf_tag + tcr_shift/hc_o,34,14840,0.0022911051212938004,0.22911051212938005
hc_o_rf_tag + tcr_comparison/hc_o,34,14840,0.0022911051212938004,0.22911051212938005
hc_o_rf_tag + tcr_logical/hc_o,34,14840,0.0022911051212938004,0.22911051212938005
hc_o_rf_tag + id_group6/hc_o,34,14840,0.0022911051212938004,0.22911051212938005
hc_o_rf_tag + id_group7/hc_o,34,14840,0.0022911051212938004,0.22911051212938005
csr_group0/hc_o + hc_o_rf_tag,34,14840,0.0022911051212938004,0.22911051212938005
csr_group2/hc_o + hc_o_rf_tag,34,14840,0.0022911051212938004,0.22911051212938005
csr_group3/hc_o + hc_o_rf_tag,34,14840,0.0022911051212938004,0.22911051212938005
csr_group4/hc_o + hc_o_rf_tag,34,14840,0.0022911051212938004,0.22911051212938005
csr_group5/hc_o + hc_o_rf_tag,34,14840,0.0022911051212938004,0.22911051212938005
csr_group6/hc_o + hc_o_rf_tag,34,14840,0.0022911051212938004,0.22911051212938005
csr_group7/hc_o + hc_o_rf_tag,34,14840,0.0022911051212938004,0.22911051212938005
csr_group8/hc_o + hc_o_rf_tag,34,14840,0.0022911051212938004,0.22911051212938005
csr_group9/hc_o + hc_o_rf_tag,34,14840,0.0022911051212938004,0.22911051212938005
csr_group10/hc_o + hc_o_rf_tag,34,14840,0.0022911051212938004,0.22911051212938005
csr_group11/hc_o + hc_o_rf_tag,34,14840,0.0022911051212938004,0.22911051212938005
csr_group16/hc_o + hc_o_rf_tag,34,14840,0.0022911051212938004,0.22911051212938005
hc_o_rf_tag + lsu_group2/hc_o,34,14840,0.0022911051212938004,0.22911051212938005
hc_o_rf_tag + lsu_group3/hc_o,34,14840,0.0022911051212938004,0.22911051212938005
hc_o_rf_tag + lsu_group4/hc_o,34,14840,0.0022911051212938004,0.22911051212938005
hc_o_rf_tag + lsu_group5/hc_o,34,14840,0.0022911051212938004,0.22911051212938005
hc_o_rf_tag + register_set_o_tag/hc_o,34,15008,0.00226545842217484,0.226545842217484
csr_group19/hc_o + hc_o_rf_tag,17,7504,0.00226545842217484,0.226545842217484
rdata_q_tag + tcr_q,48,21504,0.002232142857142857,0.2232142857142857
data_type_q_tag + tcr_q,24,10752,0.002232142857142857,0.2232142857142857
rdata_offset_q_tag + tcr_q,24,10752,0.002232142857142857,0.2232142857142857
store_source_ex_o_tag + tcr_q,12,5376,0.002232142857142857,0.2232142857142857
rf_reg[3] + tcr_q,12,5376,0.002232142857142857,0.2232142857142857
rf_reg[4] + tcr_q,12,5376,0.002232142857142857,0.2232142857142857
rf_reg[5] + tcr_q,12,5376,0.002232142857142857,0.2232142857142857
rf_reg[6] + tcr_q,12,5376,0.002232142857142857,0.2232142857142857
rf_reg[7] + tcr_q,12,5376,0.002232142857142857,0.2232142857142857
rf_reg[9] + tcr_q,12,5376,0.002232142857142857,0.2232142857142857
rf_reg[10] + tcr_q,12,5376,0.002232142857142857,0.2232142857142857
rf_reg[11] + tcr_q,12,5376,0.002232142857142857,0.2232142857142857
rf_reg[12] + tcr_q,12,5376,0.002232142857142857,0.2232142857142857
rf_reg[13] + tcr_q,12,5376,0.002232142857142857,0.2232142857142857
rf_reg[14] + tcr_q,12,5376,0.002232142857142857,0.2232142857142857
rf_reg[16] + tcr_q,12,5376,0.002232142857142857,0.2232142857142857
rf_reg[17] + tcr_q,12,5376,0.002232142857142857,0.2232142857142857
rf_reg[18] + tcr_q,12,5376,0.002232142857142857,0.2232142857142857
rf_reg[19] + tcr_q,12,5376,0.002232142857142857,0.2232142857142857
rf_reg[20] + tcr_q,12,5376,0.002232142857142857,0.2232142857142857
rf_reg[21] + tcr_q,12,5376,0.002232142857142857,0.2232142857142857
rf_reg[22] + tcr_q,12,5376,0.002232142857142857,0.2232142857142857
rf_reg[23] + tcr_q,12,5376,0.002232142857142857,0.2232142857142857
rf_reg[24] + tcr_q,12,5376,0.002232142857142857,0.2232142857142857
rf_reg[25] + tcr_q,12,5376,0.002232142857142857,0.2232142857142857
rf_reg[26] + tcr_q,12,5376,0.002232142857142857,0.2232142857142857
rf_reg[27] + tcr_q,12,5376,0.002232142857142857,0.2232142857142857
rf_reg[28] + tcr_q,12,5376,0.002232142857142857,0.2232142857142857
rf_reg[29] + tcr_q,12,5376,0.002232142857142857,0.2232142857142857
rf_reg[30] + tcr_q,12,5376,0.002232142857142857,0.2232142857142857
rf_reg[31] + tcr_q,12,5376,0.002232142857142857,0.2232142857142857
data_we_q_tag + tcr_q,12,5376,0.002232142857142857,0.2232142857142857
alu_operand_c_ex_o_tag + tcr_q,12,5376,0.002232142857142857,0.2232142857142857
check_s2_o_tag + tpr_q,12,5376,0.002232142857142857,0.2232142857142857
is_store_post_o_tag + tcr_q,12,5376,0.002232142857142857,0.2232142857142857
hc_o_rf_tag + tpr_arith/hc_o,33,14840,0.002223719676549865,0.2223719676549865
hc_o_rf_tag + id_group8/hc_o,33,14840,0.002223719676549865,0.2223719676549865
csr_group1/hc_o + hc_o_rf_tag,33,14840,0.002223719676549865,0.2223719676549865
csr_group17/hc_o + hc_o_rf_tag,33,14840,0.002223719676549865,0.2223719676549865
hc_o_rf_tag + lsu_group1/hc_o,32,14840,0.00215633423180593,0.215633423180593
hc_o_rf_tag + rs1_o_tag/hc_o,32,15008,0.0021321961620469083,0.21321961620469082
ex_stage/hc_o + hc_o_rf_tag,16,7504,0.0021321961620469083,0.21321961620469082
hc_o_rf_tag + sd_o_5,12,5628,0.0021321961620469083,0.21321961620469082
hc_o_rf_tag + tpr/sd_o_32,12,5628,0.0021321961620469083,0.21321961620469082
hc_o_rf_tag + tcr/sd_o_32,12,5628,0.0021321961620469083,0.21321961620469082
hc_o_rf_tag + if_stage/sd_o,8,3752,0.0021321961620469083,0.21321961620469082
hc_o_rf_tag + pc_if_o_tag/sd_o,8,3752,0.0021321961620469083,0.21321961620469082
hc_o_rf_tag + pc_id_o_tag/sd_o,8,3752,0.0021321961620469083,0.21321961620469082
alu_operator_o_mode/sd_o + hc_o_rf_tag,8,3752,0.0021321961620469083,0.21321961620469082
hc_o_rf_tag + store_dest_addr_ex_o_tag/sd_o,8,3752,0.0021321961620469083,0.21321961620469082
hc_o_rf_tag + store_source_ex_o_tag/sd_o,8,3752,0.0021321961620469083,0.21321961620469082
hc_o_rf_tag + use_store_ops_ex_o/sd_o,8,3752,0.0021321961620469083,0.21321961620469082
alu_operand_a_ex_o_tag/sd_o + hc_o_rf_tag,8,3752,0.0021321961620469083,0.21321961620469082
alu_operand_b_ex_o_tag/sd_o + hc_o_rf_tag,8,3752,0.0021321961620469083,0.21321961620469082
alu_operand_c_ex_o_tag/sd_o + hc_o_rf_tag,8,3752,0.0021321961620469083,0.21321961620469082
check_s1_o_tag/sd_o + hc_o_rf_tag,8,3752,0.0021321961620469083,0.21321961620469082
check_s2_o_tag/sd_o + hc_o_rf_tag,8,3752,0.0021321961620469083,0.21321961620469082
check_d_o_tag/sd_o + hc_o_rf_tag,8,3752,0.0021321961620469083,0.21321961620469082
hc_o_rf_tag + register_set_o_tag/sd_o,8,3752,0.0021321961620469083,0.21321961620469082
hc_o_rf_tag + is_store_post_o_tag/sd_o,8,3752,0.0021321961620469083,0.21321961620469082
hc_o_rf_tag + memory_set_o_tag/sd_o,8,3752,0.0021321961620469083,0.21321961620469082
hc_o_rf_tag + rs1_o_tag/sd_o,8,3752,0.0021321961620469083,0.21321961620469082
data_we_q_tag/sd_o + hc_o_rf_tag,8,3752,0.0021321961620469083,0.21321961620469082
hc_o_rf_tag + rdata_offset_q_tag/sd_o,8,3752,0.0021321961620469083,0.21321961620469082
data_type_q_tag/sd_o + hc_o_rf_tag,8,3752,0.0021321961620469083,0.21321961620469082
hc_o_rf_tag + rdata_q_tag/sd_o,8,3752,0.0021321961620469083,0.21321961620469082
hc_o_rf_tag + tcr_execute/sd_o,8,3752,0.0021321961620469083,0.21321961620469082
hc_o_rf_tag + sd_o_26,4,1876,0.0021321961620469083,0.21321961620469082
hc_o_rf_tag + id_stage/sd_o,4,1876,0.0021321961620469083,0.21321961620469082
ex_stage/sd_o + hc_o_rf_tag,4,1876,0.0021321961620469083,0.21321961620469082
hc_o_rf_tag + lsu/sd_o,4,1876,0.0021321961620469083,0.21321961620469082
hc_o_rf_tag + tpr_arith/sd_o,4,1876,0.0021321961620469083,0.21321961620469082
hc_o_rf_tag + tpr_branch/sd_o,4,1876,0.0021321961620469083,0.21321961620469082
hc_o_rf_tag + tpr_jump/sd_o,4,1876,0.0021321961620469083,0.21321961620469082
hc_o_rf_tag + tpr_shift/sd_o,4,1876,0.0021321961620469083,0.21321961620469082
hc_o_rf_tag + tpr_comparison/sd_o,4,1876,0.0021321961620469083,0.21321961620469082
hc_o_rf_tag + tpr_logical/sd_o,4,1876,0.0021321961620469083,0.21321961620469082
hc_o_rf_tag + tpr_load_store_mode/sd_o,4,1876,0.0021321961620469083,0.21321961620469082
hc_o_rf_tag + tpr_load_store_enable/sd_o,4,1876,0.0021321961620469083,0.21321961620469082
hc_o_rf_tag + tcr_arith/sd_o,4,1876,0.0021321961620469083,0.21321961620469082
hc_o_rf_tag + tcr_branch/sd_o,4,1876,0.0021321961620469083,0.21321961620469082
hc_o_rf_tag + tcr_jump/sd_o,4,1876,0.0021321961620469083,0.21321961620469082
hc_o_rf_tag + tcr_shift/sd_o,4,1876,0.0021321961620469083,0.21321961620469082
hc_o_rf_tag + tcr_comparison/sd_o,4,1876,0.0021321961620469083,0.21321961620469082
hc_o_rf_tag + tcr_logical/sd_o,4,1876,0.0021321961620469083,0.21321961620469082
hc_o_rf_tag + tcr_load_store/sd_o,4,1876,0.0021321961620469083,0.21321961620469082
hc_o_rf_tag + id_group0/sd_o,4,1876,0.0021321961620469083,0.21321961620469082
hc_o_rf_tag + id_group1/sd_o,4,1876,0.0021321961620469083,0.21321961620469082
hc_o_rf_tag + id_group2/sd_o,4,1876,0.0021321961620469083,0.21321961620469082
hc_o_rf_tag + id_group3/sd_o,4,1876,0.0021321961620469083,0.21321961620469082
hc_o_rf_tag + id_group4/sd_o,4,1876,0.0021321961620469083,0.21321961620469082
hc_o_rf_tag + id_group5/sd_o,4,1876,0.0021321961620469083,0.21321961620469082
hc_o_rf_tag + id_group6/sd_o,4,1876,0.0021321961620469083,0.21321961620469082
hc_o_rf_tag + id_group7/sd_o,4,1876,0.0021321961620469083,0.21321961620469082
hc_o_rf_tag + id_group8/sd_o,4,1876,0.0021321961620469083,0.21321961620469082
hc_o_rf_tag + id_group9/sd_o,4,1876,0.0021321961620469083,0.21321961620469082
csr_group0/sd_o + hc_o_rf_tag,4,1876,0.0021321961620469083,0.21321961620469082
csr_group1/sd_o + hc_o_rf_tag,4,1876,0.0021321961620469083,0.21321961620469082
csr_group2/sd_o + hc_o_rf_tag,4,1876,0.0021321961620469083,0.21321961620469082
csr_group3/sd_o + hc_o_rf_tag,4,1876,0.0021321961620469083,0.21321961620469082
csr_group4/sd_o + hc_o_rf_tag,4,1876,0.0021321961620469083,0.21321961620469082
csr_group5/sd_o + hc_o_rf_tag,4,1876,0.0021321961620469083,0.21321961620469082
csr_group6/sd_o + hc_o_rf_tag,4,1876,0.0021321961620469083,0.21321961620469082
csr_group7/sd_o + hc_o_rf_tag,4,1876,0.0021321961620469083,0.21321961620469082
csr_group8/sd_o + hc_o_rf_tag,4,1876,0.0021321961620469083,0.21321961620469082
csr_group9/sd_o + hc_o_rf_tag,4,1876,0.0021321961620469083,0.21321961620469082
csr_group10/sd_o + hc_o_rf_tag,4,1876,0.0021321961620469083,0.21321961620469082
csr_group11/sd_o + hc_o_rf_tag,4,1876,0.0021321961620469083,0.21321961620469082
csr_group12/sd_o + hc_o_rf_tag,4,1876,0.0021321961620469083,0.21321961620469082
csr_group13/sd_o + hc_o_rf_tag,4,1876,0.0021321961620469083,0.21321961620469082
csr_group14/sd_o + hc_o_rf_tag,4,1876,0.0021321961620469083,0.21321961620469082
csr_group15/sd_o + hc_o_rf_tag,4,1876,0.0021321961620469083,0.21321961620469082
csr_group16/sd_o + hc_o_rf_tag,4,1876,0.0021321961620469083,0.21321961620469082
csr_group17/sd_o + hc_o_rf_tag,4,1876,0.0021321961620469083,0.21321961620469082
csr_group18/sd_o + hc_o_rf_tag,4,1876,0.0021321961620469083,0.21321961620469082
csr_group19/sd_o + hc_o_rf_tag,4,1876,0.0021321961620469083,0.21321961620469082
csr_group20/sd_o + hc_o_rf_tag,4,1876,0.0021321961620469083,0.21321961620469082
hc_o_rf_tag + lsu_group1/sd_o,4,1876,0.0021321961620469083,0.21321961620469082
hc_o_rf_tag + lsu_group2/sd_o,4,1876,0.0021321961620469083,0.21321961620469082
hc_o_rf_tag + lsu_group3/sd_o,4,1876,0.0021321961620469083,0.21321961620469082
hc_o_rf_tag + lsu_group4/sd_o,4,1876,0.0021321961620469083,0.21321961620469082
hc_o_rf_tag + lsu_group5/sd_o,4,1876,0.0021321961620469083,0.21321961620469082
if_stage/sd_o + regfile_alu_waddr_ex_o_tag,4,1932,0.002070393374741201,0.2070393374741201
regfile_alu_waddr_ex_o_tag + sp_o_5,2,966,0.002070393374741201,0.2070393374741201
check_s2_o_tag + tcr_q,11,5376,0.0020461309523809525,0.20461309523809526
hc_o_5 + rdata_offset_q_tag/hc_o,16,7840,0.0020408163265306124,0.20408163265306123
data_type_q_tag/hc_o + hc_o_5,16,7840,0.0020408163265306124,0.20408163265306123
hc_o_5 + rdata_q_tag/hc_o,16,7840,0.0020408163265306124,0.20408163265306123
hc_o_5 + tpr_arith/hc_o,8,3920,0.0020408163265306124,0.20408163265306123
hc_o_5 + tpr_branch/hc_o,8,3920,0.0020408163265306124,0.20408163265306123
hc_o_5 + tpr_jump/hc_o,8,3920,0.0020408163265306124,0.20408163265306123
hc_o_5 + tpr_shift/hc_o,8,3920,0.0020408163265306124,0.20408163265306123
hc_o_5 + tpr_comparison/hc_o,8,3920,0.0020408163265306124,0.20408163265306123
hc_o_5 + tpr_logical/hc_o,8,3920,0.0020408163265306124,0.20408163265306123
hc_o_5 + tcr_arith/hc_o,8,3920,0.0020408163265306124,0.20408163265306123
hc_o_5 + tcr_branch/hc_o,8,3920,0.0020408163265306124,0.20408163265306123
hc_o_5 + tcr_jump/hc_o,8,3920,0.0020408163265306124,0.20408163265306123
hc_o_5 + tcr_shift/hc_o,8,3920,0.0020408163265306124,0.20408163265306123
hc_o_5 + tcr_comparison/hc_o,8,3920,0.0020408163265306124,0.20408163265306123
hc_o_5 + tcr_logical/hc_o,8,3920,0.0020408163265306124,0.20408163265306123
hc_o_rf_tag + pc_id_o_tag/hc_o,30,15008,0.0019989339019189766,0.19989339019189767
alu_operand_c_ex_o_tag + rdata_q_tag,12,6048,0.001984126984126984,0.1984126984126984
data_type_q_tag + hc_o_5,12,6048,0.001984126984126984,0.1984126984126984
hc_o_5 + rdata_offset_q_tag,12,6048,0.001984126984126984,0.1984126984126984
hc_o_5 + store_source_ex_o_tag/hc_o,8,4032,0.001984126984126984,0.1984126984126984
alu_operand_c_ex_o_tag/hc_o + hc_o_5,8,4032,0.001984126984126984,0.1984126984126984
check_s2_o_tag/hc_o + hc_o_5,8,4032,0.001984126984126984,0.1984126984126984
check_d_o_tag/hc_o + hc_o_5,8,4032,0.001984126984126984,0.1984126984126984
data_we_q_tag/hc_o + hc_o_5,8,4032,0.001984126984126984,0.1984126984126984
hc_o_5 + pc_id_o_tag,6,3024,0.001984126984126984,0.1984126984126984
check_d_o_tag + hc_o_5,6,3024,0.001984126984126984,0.1984126984126984
check_s1_o_tag + hc_o_5,6,3024,0.001984126984126984,0.1984126984126984
check_s2_o_tag + hc_o_5,6,3024,0.001984126984126984,0.1984126984126984
hc_o_5 + is_store_post_o_tag,6,3024,0.001984126984126984,0.1984126984126984
hc_o_5 + memory_set_o_tag,6,3024,0.001984126984126984,0.1984126984126984
hc_o_5 + pc_if_o_tag,6,3024,0.001984126984126984,0.1984126984126984
hc_o_5 + register_set_o_tag,6,3024,0.001984126984126984,0.1984126984126984
hc_o_5 + store_dest_addr_ex_o_tag,6,3024,0.001984126984126984,0.1984126984126984
hc_o_5 + store_source_ex_o_tag,6,3024,0.001984126984126984,0.1984126984126984
alu_operand_a_ex_o_tag + hc_o_5,6,3024,0.001984126984126984,0.1984126984126984
hc_o_5 + use_store_ops_ex_o,6,3024,0.001984126984126984,0.1984126984126984
hc_o_5 + rf_reg[0],6,3024,0.001984126984126984,0.1984126984126984
hc_o_5 + rf_reg[1],6,3024,0.001984126984126984,0.1984126984126984
hc_o_5 + rf_reg[2],6,3024,0.001984126984126984,0.1984126984126984
hc_o_5 + rf_reg[3],6,3024,0.001984126984126984,0.1984126984126984
hc_o_5 + rf_reg[4],6,3024,0.001984126984126984,0.1984126984126984
hc_o_5 + rf_reg[5],6,3024,0.001984126984126984,0.1984126984126984
hc_o_5 + rf_reg[6],6,3024,0.001984126984126984,0.1984126984126984
hc_o_5 + rf_reg[7],6,3024,0.001984126984126984,0.1984126984126984
hc_o_5 + rf_reg[8],6,3024,0.001984126984126984,0.1984126984126984
hc_o_5 + rf_reg[9],6,3024,0.001984126984126984,0.1984126984126984
hc_o_5 + rf_reg[10],6,3024,0.001984126984126984,0.1984126984126984
hc_o_5 + rf_reg[11],6,3024,0.001984126984126984,0.1984126984126984
hc_o_5 + rf_reg[12],6,3024,0.001984126984126984,0.1984126984126984
alu_operand_b_ex_o_tag + hc_o_5,6,3024,0.001984126984126984,0.1984126984126984
hc_o_5 + rf_reg[13],6,3024,0.001984126984126984,0.1984126984126984
hc_o_5 + rf_reg[14],6,3024,0.001984126984126984,0.1984126984126984
hc_o_5 + rf_reg[15],6,3024,0.001984126984126984,0.1984126984126984
hc_o_5 + rf_reg[16],6,3024,0.001984126984126984,0.1984126984126984
hc_o_5 + rf_reg[17],6,3024,0.001984126984126984,0.1984126984126984
hc_o_5 + rf_reg[18],6,3024,0.001984126984126984,0.1984126984126984
hc_o_5 + rf_reg[19],6,3024,0.001984126984126984,0.1984126984126984
hc_o_5 + rf_reg[20],6,3024,0.001984126984126984,0.1984126984126984
hc_o_5 + rf_reg[21],6,3024,0.001984126984126984,0.1984126984126984
hc_o_5 + rf_reg[22],6,3024,0.001984126984126984,0.1984126984126984
hc_o_5 + rf_reg[23],6,3024,0.001984126984126984,0.1984126984126984
hc_o_5 + rf_reg[24],6,3024,0.001984126984126984,0.1984126984126984
hc_o_5 + rf_reg[25],6,3024,0.001984126984126984,0.1984126984126984
hc_o_5 + rf_reg[26],6,3024,0.001984126984126984,0.1984126984126984
hc_o_5 + rf_reg[27],6,3024,0.001984126984126984,0.1984126984126984
hc_o_5 + rf_reg[28],6,3024,0.001984126984126984,0.1984126984126984
alu_operand_c_ex_o_tag + hc_o_5,6,3024,0.001984126984126984,0.1984126984126984
hc_o_5 + rf_reg[29],6,3024,0.001984126984126984,0.1984126984126984
hc_o_5 + rf_reg[30],6,3024,0.001984126984126984,0.1984126984126984
hc_o_5 + rf_reg[31],6,3024,0.001984126984126984,0.1984126984126984
hc_o_5 + rs1_o_tag,6,3024,0.001984126984126984,0.1984126984126984
data_we_q_tag + hc_o_5,6,3024,0.001984126984126984,0.1984126984126984
hc_o_5 + sd_o_5,3,1512,0.001984126984126984,0.1984126984126984
rdata_q_tag + sd_o_26,1,504,0.001984126984126984,0.1984126984126984
csr_group13/hc_o + csr_group18/hc_o,2,1064,0.0018796992481203006,0.18796992481203006
id_group8/hc_o + rf_reg[2],1,532,0.0018796992481203006,0.18796992481203006
hc_o_rf_tag + rf_reg[0],35,18760,0.0018656716417910447,0.18656716417910446
register_set_o_tag + tpr_q,10,5376,0.0018601190476190475,0.18601190476190474
rs1_o_tag + tpr_q,10,5376,0.0018601190476190475,0.18601190476190474
check_d_o_tag + tpr_q,10,5376,0.0018601190476190475,0.18601190476190474
rdata_q_tag + register_set_o_tag,11,6048,0.0018187830687830687,0.18187830687830686
check_s2_o_tag + rdata_offset_q_tag,3,1680,0.0017857142857142857,0.17857142857142858
alu_operand_c_ex_o_tag + data_type_q_tag,3,1680,0.0017857142857142857,0.17857142857142858
data_type_q_tag + data_we_q_tag,3,1680,0.0017857142857142857,0.17857142857142858
hc_o_rf_tag + rf_reg[2],33,18760,0.0017590618336886994,0.17590618336886993
register_set_o_tag + tcr_q,9,5376,0.0016741071428571428,0.16741071428571427
check_d_o_tag + tcr_q,9,5376,0.0016741071428571428,0.16741071428571427
check_s2_o_tag + rdata_q_tag,10,6048,0.0016534391534391533,0.16534391534391535
hc_o_rf_tag + sd_o_rf_tag,15,9380,0.0015991471215351812,0.15991471215351813
hc_o_5 + regfile_alu_waddr_ex_o_tag,69,44688,0.0015440386680988184,0.15440386680988183
rf_reg[8] + tcr_q,8,5376,0.001488095238095238,0.1488095238095238
rs1_o_tag + tcr_q,8,5376,0.001488095238095238,0.1488095238095238
hc_o_5 + pc_id_o_tag/hc_o,6,4032,0.001488095238095238,0.1488095238095238
hc_o_5 + register_set_o_tag/hc_o,6,4032,0.001488095238095238,0.1488095238095238
hc_o_5 + is_store_post_o_tag/hc_o,6,4032,0.001488095238095238,0.1488095238095238
hc_o_5 + rs1_o_tag/hc_o,6,4032,0.001488095238095238,0.1488095238095238
check_d_o_tag + regfile_alu_waddr_ex_o_tag,16,11592,0.0013802622498274672,0.13802622498274672
regfile_alu_waddr_ex_o_tag + tpr/sd_o_32,4,2898,0.0013802622498274672,0.13802622498274672
regfile_alu_waddr_ex_o_tag + tcr/sd_o_32,4,2898,0.0013802622498274672,0.13802622498274672
rdata_q_tag + regfile_alu_waddr_ex_o_tag,119,89376,0.001331453634085213,0.1331453634085213
rdata_q_tag + sd_o_5,2,1512,0.0013227513227513227,0.13227513227513227
rdata_q_tag + tpr/sd_o_32,2,1512,0.0013227513227513227,0.13227513227513227
rdata_q_tag + tcr/sd_o_32,2,1512,0.0013227513227513227,0.13227513227513227
rf_reg[0] + tcr_q,7,5376,0.0013020833333333333,0.13020833333333331
check_s2_o_tag + regfile_alu_waddr_ex_o_tag,15,11592,0.0012939958592132505,0.12939958592132506
regfile_alu_waddr_ex_o_tag + rf_reg[0],15,11592,0.0012939958592132505,0.12939958592132506
regfile_alu_waddr_ex_o_tag + rf_reg[3],15,11592,0.0012939958592132505,0.12939958592132506
regfile_alu_waddr_ex_o_tag + rf_reg[4],15,11592,0.0012939958592132505,0.12939958592132506
regfile_alu_waddr_ex_o_tag + rf_reg[5],15,11592,0.0012939958592132505,0.12939958592132506
regfile_alu_waddr_ex_o_tag + rf_reg[6],15,11592,0.0012939958592132505,0.12939958592132506
regfile_alu_waddr_ex_o_tag + rf_reg[7],15,11592,0.0012939958592132505,0.12939958592132506
regfile_alu_waddr_ex_o_tag + rf_reg[8],15,11592,0.0012939958592132505,0.12939958592132506
regfile_alu_waddr_ex_o_tag + rf_reg[9],15,11592,0.0012939958592132505,0.12939958592132506
regfile_alu_waddr_ex_o_tag + rf_reg[10],15,11592,0.0012939958592132505,0.12939958592132506
regfile_alu_waddr_ex_o_tag + rf_reg[11],15,11592,0.0012939958592132505,0.12939958592132506
regfile_alu_waddr_ex_o_tag + rf_reg[12],15,11592,0.0012939958592132505,0.12939958592132506
regfile_alu_waddr_ex_o_tag + rf_reg[13],15,11592,0.0012939958592132505,0.12939958592132506
regfile_alu_waddr_ex_o_tag + rf_reg[14],15,11592,0.0012939958592132505,0.12939958592132506
regfile_alu_waddr_ex_o_tag + rf_reg[16],15,11592,0.0012939958592132505,0.12939958592132506
regfile_alu_waddr_ex_o_tag + rf_reg[17],15,11592,0.0012939958592132505,0.12939958592132506
regfile_alu_waddr_ex_o_tag + rf_reg[18],15,11592,0.0012939958592132505,0.12939958592132506
regfile_alu_waddr_ex_o_tag + rf_reg[19],15,11592,0.0012939958592132505,0.12939958592132506
regfile_alu_waddr_ex_o_tag + rf_reg[20],15,11592,0.0012939958592132505,0.12939958592132506
regfile_alu_waddr_ex_o_tag + rf_reg[21],15,11592,0.0012939958592132505,0.12939958592132506
regfile_alu_waddr_ex_o_tag + rf_reg[22],15,11592,0.0012939958592132505,0.12939958592132506
regfile_alu_waddr_ex_o_tag + rf_reg[23],15,11592,0.0012939958592132505,0.12939958592132506
regfile_alu_waddr_ex_o_tag + rf_reg[24],15,11592,0.0012939958592132505,0.12939958592132506
regfile_alu_waddr_ex_o_tag + rf_reg[25],15,11592,0.0012939958592132505,0.12939958592132506
regfile_alu_waddr_ex_o_tag + rf_reg[26],15,11592,0.0012939958592132505,0.12939958592132506
regfile_alu_waddr_ex_o_tag + rf_reg[27],15,11592,0.0012939958592132505,0.12939958592132506
regfile_alu_waddr_ex_o_tag + rf_reg[28],15,11592,0.0012939958592132505,0.12939958592132506
regfile_alu_waddr_ex_o_tag + rf_reg[29],15,11592,0.0012939958592132505,0.12939958592132506
regfile_alu_waddr_ex_o_tag + rf_reg[30],15,11592,0.0012939958592132505,0.12939958592132506
regfile_alu_waddr_ex_o_tag + rf_reg[31],15,11592,0.0012939958592132505,0.12939958592132506
data_we_q_tag + regfile_alu_waddr_ex_o_tag,15,11592,0.0012939958592132505,0.12939958592132506
hc_o_rf_tag + lsu/hc_o,18,14672,0.0012268266085059978,0.12268266085059978
data_type_q_tag + regfile_alu_waddr_ex_o_tag,28,23184,0.0012077294685990338,0.12077294685990338
rdata_offset_q_tag + regfile_alu_waddr_ex_o_tag,28,23184,0.0012077294685990338,0.12077294685990338
is_store_post_o_tag + regfile_alu_waddr_ex_o_tag,14,11592,0.0012077294685990338,0.12077294685990338
regfile_alu_waddr_ex_o_tag + register_set_o_tag,14,11592,0.0012077294685990338,0.12077294685990338
check_s2_o_tag + data_type_q_tag,2,1680,0.0011904761904761906,0.11904761904761905
is_store_post_o_tag + rdata_offset_q_tag,2,1680,0.0011904761904761906,0.11904761904761905
data_type_q_tag + register_set_o_tag,2,1680,0.0011904761904761906,0.11904761904761905
rdata_offset_q_tag + register_set_o_tag,2,1680,0.0011904761904761906,0.11904761904761905
alu_operand_c_ex_o_tag + rdata_offset_q_tag,2,1680,0.0011904761904761906,0.11904761904761905
rdata_offset_q_tag + rs1_o_tag,2,1680,0.0011904761904761906,0.11904761904761905
alu_operand_a_ex_o_tag + pc_id_o_tag,1,840,0.0011904761904761906,0.11904761904761905
alu_operand_b_ex_o_tag + pc_id_o_tag,1,840,0.0011904761904761906,0.11904761904761905
check_s1_o_tag + pc_id_o_tag,1,840,0.0011904761904761906,0.11904761904761905
memory_set_o_tag + pc_id_o_tag,1,840,0.0011904761904761906,0.11904761904761905
pc_id_o_tag + store_dest_addr_ex_o_tag,1,840,0.0011904761904761906,0.11904761904761905
pc_id_o_tag + use_store_ops_ex_o,1,840,0.0011904761904761906,0.11904761904761905
pc_id_o_tag + rf_reg[1],1,840,0.0011904761904761906,0.11904761904761905
check_s1_o_tag + rf_reg[2],1,840,0.0011904761904761906,0.11904761904761905
memory_set_o_tag + rf_reg[0],1,840,0.0011904761904761906,0.11904761904761905
memory_set_o_tag + rf_reg[2],1,840,0.0011904761904761906,0.11904761904761905
pc_if_o_tag + rf_reg[0],1,840,0.0011904761904761906,0.11904761904761905
pc_if_o_tag + rf_reg[2],1,840,0.0011904761904761906,0.11904761904761905
alu_operand_a_ex_o_tag + register_set_o_tag,1,840,0.0011904761904761906,0.11904761904761905
alu_operand_a_ex_o_tag + rf_reg[2],1,840,0.0011904761904761906,0.11904761904761905
register_set_o_tag + rf_reg[1],1,840,0.0011904761904761906,0.11904761904761905
rf_reg[2] + store_dest_addr_ex_o_tag,1,840,0.0011904761904761906,0.11904761904761905
alu_operand_a_ex_o_tag + rf_reg[8],1,840,0.0011904761904761906,0.11904761904761905
rf_reg[2] + use_store_ops_ex_o,1,840,0.0011904761904761906,0.11904761904761905
rf_reg[1] + rs1_o_tag,1,840,0.0011904761904761906,0.11904761904761905
alu_operand_b_ex_o_tag + check_s2_o_tag,1,840,0.0011904761904761906,0.11904761904761905
alu_operand_b_ex_o_tag + rf_reg[2],1,840,0.0011904761904761906,0.11904761904761905
alu_operand_b_ex_o_tag + rf_reg[8],1,840,0.0011904761904761906,0.11904761904761905
pc_id_o_tag + regfile_alu_waddr_ex_o_tag,13,11592,0.001121463077984817,0.1121463077984817
regfile_alu_waddr_ex_o_tag + rf_reg[2],13,11592,0.001121463077984817,0.1121463077984817
regfile_alu_waddr_ex_o_tag + rs1_o_tag,13,11592,0.001121463077984817,0.1121463077984817
rf_reg[8] + tpr_q,6,5376,0.0011160714285714285,0.11160714285714285
csr_group0/hc_o + csr_group13/hc_o,2,2044,0.0009784735812133072,0.09784735812133072
csr_group1/hc_o + csr_group13/hc_o,2,2044,0.0009784735812133072,0.09784735812133072
pc_id_o_tag + tcr_q,5,5376,0.0009300595238095238,0.09300595238095237
regfile_alu_waddr_ex_o_tag + sd_o_rf_tag,4,4830,0.0008281573498964803,0.08281573498964803
rdata_q_tag + sd_o_rf_tag,2,2520,0.0007936507936507937,0.07936507936507936
data_type_q_tag + rdata_q_tag,8,12096,0.0006613756613756613,0.06613756613756613
rdata_offset_q_tag + rdata_q_tag,8,12096,0.0006613756613756613,0.06613756613756613
rdata_q_tag + rs1_o_tag,4,6048,0.0006613756613756613,0.06613756613756613
pc_id_o_tag + rdata_offset_q_tag,1,1680,0.0005952380952380953,0.05952380952380953
data_type_q_tag + rs1_o_tag,1,1680,0.0005952380952380953,0.05952380952380953
csr_group13/hc_o + id_group6/hc_o,1,2044,0.0004892367906066536,0.04892367906066536
csr_group13/hc_o + id_group7/hc_o,1,2044,0.0004892367906066536,0.04892367906066536
csr_group13/hc_o + id_group8/hc_o,1,2044,0.0004892367906066536,0.04892367906066536
pc_id_o_tag + rdata_q_tag,2,6048,0.00033068783068783067,0.03306878306878307
rdata_q_tag + rf_reg[0],2,6048,0.00033068783068783067,0.03306878306878307
rdata_q_tag + rf_reg[2],2,6048,0.00033068783068783067,0.03306878306878307
rdata_q_tag + rf_reg[3],2,6048,0.00033068783068783067,0.03306878306878307
rdata_q_tag + rf_reg[4],2,6048,0.00033068783068783067,0.03306878306878307
rdata_q_tag + rf_reg[5],2,6048,0.00033068783068783067,0.03306878306878307
rdata_q_tag + rf_reg[6],2,6048,0.00033068783068783067,0.03306878306878307
rdata_q_tag + rf_reg[7],2,6048,0.00033068783068783067,0.03306878306878307
rdata_q_tag + rf_reg[8],2,6048,0.00033068783068783067,0.03306878306878307
rdata_q_tag + rf_reg[9],2,6048,0.00033068783068783067,0.03306878306878307
rdata_q_tag + rf_reg[10],2,6048,0.00033068783068783067,0.03306878306878307
rdata_q_tag + rf_reg[11],2,6048,0.00033068783068783067,0.03306878306878307
rdata_q_tag + rf_reg[12],2,6048,0.00033068783068783067,0.03306878306878307
rdata_q_tag + rf_reg[13],2,6048,0.00033068783068783067,0.03306878306878307
rdata_q_tag + rf_reg[14],2,6048,0.00033068783068783067,0.03306878306878307
rdata_q_tag + rf_reg[16],2,6048,0.00033068783068783067,0.03306878306878307
rdata_q_tag + rf_reg[17],2,6048,0.00033068783068783067,0.03306878306878307
rdata_q_tag + rf_reg[18],2,6048,0.00033068783068783067,0.03306878306878307
rdata_q_tag + rf_reg[19],2,6048,0.00033068783068783067,0.03306878306878307
rdata_q_tag + rf_reg[20],2,6048,0.00033068783068783067,0.03306878306878307
rdata_q_tag + rf_reg[21],2,6048,0.00033068783068783067,0.03306878306878307
rdata_q_tag + rf_reg[22],2,6048,0.00033068783068783067,0.03306878306878307
rdata_q_tag + rf_reg[23],2,6048,0.00033068783068783067,0.03306878306878307
rdata_q_tag + rf_reg[24],2,6048,0.00033068783068783067,0.03306878306878307
rdata_q_tag + rf_reg[25],2,6048,0.00033068783068783067,0.03306878306878307
rdata_q_tag + rf_reg[26],2,6048,0.00033068783068783067,0.03306878306878307
rdata_q_tag + rf_reg[27],2,6048,0.00033068783068783067,0.03306878306878307
rdata_q_tag + rf_reg[28],2,6048,0.00033068783068783067,0.03306878306878307
rdata_q_tag + rf_reg[29],2,6048,0.00033068783068783067,0.03306878306878307
rdata_q_tag + rf_reg[30],2,6048,0.00033068783068783067,0.03306878306878307
rdata_q_tag + rf_reg[31],2,6048,0.00033068783068783067,0.03306878306878307
rf_reg[2] + tcr_q,1,5376,0.00018601190476190475,0.018601190476190476
hc_o_rf_tag + tcr_q,0,26880,0.0,0.0
hc_o_rf_tag + tpr_q,0,26880,0.0,0.0
rdata_offset_q_tag/hc_o + regfile_alu_waddr_ex_o_tag,0,15176,0.0,0.0
data_type_q_tag/hc_o + regfile_alu_waddr_ex_o_tag,0,15176,0.0,0.0
rdata_q_tag/hc_o + regfile_alu_waddr_ex_o_tag,0,15176,0.0,0.0
tcr_q + tpr/hc_o_32,0,13440,0.0,0.0
tcr/hc_o_32 + tpr_q,0,13440,0.0,0.0
hc_o_5 + tcr_q,0,10752,0.0,0.0
hc_o_5 + tpr_q,0,10752,0.0,0.0
rdata_offset_q_tag/hc_o + rdata_q_tag,0,7840,0.0,0.0
data_type_q_tag/hc_o + rdata_q_tag,0,7840,0.0,0.0
rdata_q_tag + rdata_q_tag/hc_o,0,7840,0.0,0.0
pc_id_o_tag/hc_o + regfile_alu_waddr_ex_o_tag,0,7728,0.0,0.0
regfile_alu_waddr_ex_o_tag + store_source_ex_o_tag/hc_o,0,7728,0.0,0.0
alu_operand_c_ex_o_tag/hc_o + regfile_alu_waddr_ex_o_tag,0,7728,0.0,0.0
check_s2_o_tag/hc_o + regfile_alu_waddr_ex_o_tag,0,7728,0.0,0.0
check_d_o_tag/hc_o + regfile_alu_waddr_ex_o_tag,0,7728,0.0,0.0
regfile_alu_waddr_ex_o_tag + register_set_o_tag/hc_o,0,7728,0.0,0.0
is_store_post_o_tag/hc_o + regfile_alu_waddr_ex_o_tag,0,7728,0.0,0.0
regfile_alu_waddr_ex_o_tag + rs1_o_tag/hc_o,0,7728,0.0,0.0
data_we_q_tag/hc_o + regfile_alu_waddr_ex_o_tag,0,7728,0.0,0.0
regfile_alu_waddr_ex_o_tag + tpr_arith/hc_o,0,7588,0.0,0.0
regfile_alu_waddr_ex_o_tag + tpr_branch/hc_o,0,7588,0.0,0.0
regfile_alu_waddr_ex_o_tag + tpr_jump/hc_o,0,7588,0.0,0.0
regfile_alu_waddr_ex_o_tag + tpr_shift/hc_o,0,7588,0.0,0.0
regfile_alu_waddr_ex_o_tag + tpr_comparison/hc_o,0,7588,0.0,0.0
regfile_alu_waddr_ex_o_tag + tpr_logical/hc_o,0,7588,0.0,0.0
regfile_alu_waddr_ex_o_tag + tcr_arith/hc_o,0,7588,0.0,0.0
regfile_alu_waddr_ex_o_tag + tcr_branch/hc_o,0,7588,0.0,0.0
regfile_alu_waddr_ex_o_tag + tcr_jump/hc_o,0,7588,0.0,0.0
regfile_alu_waddr_ex_o_tag + tcr_shift/hc_o,0,7588,0.0,0.0
regfile_alu_waddr_ex_o_tag + tcr_comparison/hc_o,0,7588,0.0,0.0
regfile_alu_waddr_ex_o_tag + tcr_logical/hc_o,0,7588,0.0,0.0
id_group6/hc_o + regfile_alu_waddr_ex_o_tag,0,7588,0.0,0.0
id_group7/hc_o + regfile_alu_waddr_ex_o_tag,0,7588,0.0,0.0
id_group8/hc_o + regfile_alu_waddr_ex_o_tag,0,7588,0.0,0.0
csr_group0/hc_o + regfile_alu_waddr_ex_o_tag,0,7588,0.0,0.0
csr_group1/hc_o + regfile_alu_waddr_ex_o_tag,0,7588,0.0,0.0
csr_group2/hc_o + regfile_alu_waddr_ex_o_tag,0,7588,0.0,0.0
csr_group3/hc_o + regfile_alu_waddr_ex_o_tag,0,7588,0.0,0.0
csr_group4/hc_o + regfile_alu_waddr_ex_o_tag,0,7588,0.0,0.0
csr_group5/hc_o + regfile_alu_waddr_ex_o_tag,0,7588,0.0,0.0
csr_group6/hc_o + regfile_alu_waddr_ex_o_tag,0,7588,0.0,0.0
csr_group7/hc_o + regfile_alu_waddr_ex_o_tag,0,7588,0.0,0.0
csr_group8/hc_o + regfile_alu_waddr_ex_o_tag,0,7588,0.0,0.0
csr_group9/hc_o + regfile_alu_waddr_ex_o_tag,0,7588,0.0,0.0
csr_group10/hc_o + regfile_alu_waddr_ex_o_tag,0,7588,0.0,0.0
csr_group11/hc_o + regfile_alu_waddr_ex_o_tag,0,7588,0.0,0.0
csr_group13/hc_o + regfile_alu_waddr_ex_o_tag,0,7588,0.0,0.0
csr_group16/hc_o + regfile_alu_waddr_ex_o_tag,0,7588,0.0,0.0
csr_group17/hc_o + regfile_alu_waddr_ex_o_tag,0,7588,0.0,0.0
lsu_group1/hc_o + regfile_alu_waddr_ex_o_tag,0,7588,0.0,0.0
lsu_group2/hc_o + regfile_alu_waddr_ex_o_tag,0,7588,0.0,0.0
lsu_group3/hc_o + regfile_alu_waddr_ex_o_tag,0,7588,0.0,0.0
lsu_group4/hc_o + regfile_alu_waddr_ex_o_tag,0,7588,0.0,0.0
lsu_group5/hc_o + regfile_alu_waddr_ex_o_tag,0,7588,0.0,0.0
pc_id_o_tag + tpr_q,0,5376,0.0,0.0
rf_reg[2] + tpr_q,0,5376,0.0,0.0
if_stage/hc_o + tcr_q,0,5376,0.0,0.0
if_stage/hc_o + tpr_q,0,5376,0.0,0.0
alu_operator_o_mode/hc_o + tcr_q,0,5376,0.0,0.0
rdata_offset_q_tag/hc_o + tcr_q,0,5376,0.0,0.0
data_type_q_tag/hc_o + tcr_q,0,5376,0.0,0.0
rdata_q_tag/hc_o + tcr_q,0,5376,0.0,0.0
alu_operator_o_mode/hc_o + tpr_q,0,5376,0.0,0.0
rdata_offset_q_tag/hc_o + tpr_q,0,5376,0.0,0.0
data_type_q_tag/hc_o + tpr_q,0,5376,0.0,0.0
rdata_q_tag/hc_o + tpr_q,0,5376,0.0,0.0
hc_o_26 + tcr_q,0,4480,0.0,0.0
hc_o_26 + tpr_q,0,4480,0.0,0.0
id_stage/hc_o + tcr_q,0,4480,0.0,0.0
id_stage/hc_o + tpr_q,0,4480,0.0,0.0
data_type_q_tag/hc_o + rdata_offset_q_tag/hc_o,0,4088,0.0,0.0
rdata_offset_q_tag/hc_o + rdata_q_tag/hc_o,0,4088,0.0,0.0
data_type_q_tag/hc_o + rdata_q_tag/hc_o,0,4088,0.0,0.0
pc_id_o_tag/hc_o + rdata_q_tag,0,4032,0.0,0.0
rdata_q_tag + store_source_ex_o_tag/hc_o,0,4032,0.0,0.0
alu_operand_c_ex_o_tag/hc_o + rdata_q_tag,0,4032,0.0,0.0
check_s2_o_tag/hc_o + rdata_q_tag,0,4032,0.0,0.0
check_d_o_tag/hc_o + rdata_q_tag,0,4032,0.0,0.0
rdata_q_tag + register_set_o_tag/hc_o,0,4032,0.0,0.0
is_store_post_o_tag/hc_o + rdata_q_tag,0,4032,0.0,0.0
rdata_q_tag + rs1_o_tag/hc_o,0,4032,0.0,0.0
data_we_q_tag/hc_o + rdata_q_tag,0,4032,0.0,0.0
rdata_q_tag + tpr_arith/hc_o,0,3920,0.0,0.0
rdata_q_tag + tpr_branch/hc_o,0,3920,0.0,0.0
rdata_q_tag + tpr_jump/hc_o,0,3920,0.0,0.0
rdata_q_tag + tpr_shift/hc_o,0,3920,0.0,0.0
rdata_q_tag + tpr_comparison/hc_o,0,3920,0.0,0.0
rdata_q_tag + tpr_logical/hc_o,0,3920,0.0,0.0
rdata_q_tag + tcr_arith/hc_o,0,3920,0.0,0.0
rdata_q_tag + tcr_branch/hc_o,0,3920,0.0,0.0
rdata_q_tag + tcr_jump/hc_o,0,3920,0.0,0.0
rdata_q_tag + tcr_shift/hc_o,0,3920,0.0,0.0
rdata_q_tag + tcr_comparison/hc_o,0,3920,0.0,0.0
rdata_q_tag + tcr_logical/hc_o,0,3920,0.0,0.0
id_group6/hc_o + rdata_q_tag,0,3920,0.0,0.0
id_group7/hc_o + rdata_q_tag,0,3920,0.0,0.0
id_group8/hc_o + rdata_q_tag,0,3920,0.0,0.0
csr_group0/hc_o + rdata_q_tag,0,3920,0.0,0.0
csr_group1/hc_o + rdata_q_tag,0,3920,0.0,0.0
csr_group2/hc_o + rdata_q_tag,0,3920,0.0,0.0
csr_group3/hc_o + rdata_q_tag,0,3920,0.0,0.0
csr_group4/hc_o + rdata_q_tag,0,3920,0.0,0.0
csr_group5/hc_o + rdata_q_tag,0,3920,0.0,0.0
csr_group6/hc_o + rdata_q_tag,0,3920,0.0,0.0
csr_group7/hc_o + rdata_q_tag,0,3920,0.0,0.0
csr_group8/hc_o + rdata_q_tag,0,3920,0.0,0.0
csr_group9/hc_o + rdata_q_tag,0,3920,0.0,0.0
csr_group10/hc_o + rdata_q_tag,0,3920,0.0,0.0
csr_group11/hc_o + rdata_q_tag,0,3920,0.0,0.0
csr_group13/hc_o + rdata_q_tag,0,3920,0.0,0.0
csr_group16/hc_o + rdata_q_tag,0,3920,0.0,0.0
csr_group17/hc_o + rdata_q_tag,0,3920,0.0,0.0
lsu_group1/hc_o + rdata_q_tag,0,3920,0.0,0.0
lsu_group2/hc_o + rdata_q_tag,0,3920,0.0,0.0
lsu_group3/hc_o + rdata_q_tag,0,3920,0.0,0.0
lsu_group4/hc_o + rdata_q_tag,0,3920,0.0,0.0
lsu_group5/hc_o + rdata_q_tag,0,3920,0.0,0.0
csr_group14/hc_o + regfile_alu_waddr_ex_o_tag,0,3864,0.0,0.0
csr_group18/hc_o + regfile_alu_waddr_ex_o_tag,0,3864,0.0,0.0
csr_group19/hc_o + regfile_alu_waddr_ex_o_tag,0,3864,0.0,0.0
lsu_reg/hc_o + rdata_q_tag,0,3808,0.0,0.0
lsu/hc_o + rdata_q_tag,0,3808,0.0,0.0
pc_if_o_tag/hc_o + tcr_q,0,3584,0.0,0.0
pc_id_o_tag/hc_o + tcr_q,0,3584,0.0,0.0
store_dest_addr_ex_o_tag/hc_o + tcr_q,0,3584,0.0,0.0
store_source_ex_o_tag/hc_o + tcr_q,0,3584,0.0,0.0
tcr_q + use_store_ops_ex_o/hc_o,0,3584,0.0,0.0
alu_operand_a_ex_o_tag/hc_o + tcr_q,0,3584,0.0,0.0
alu_operand_b_ex_o_tag/hc_o + tcr_q,0,3584,0.0,0.0
alu_operand_c_ex_o_tag/hc_o + tcr_q,0,3584,0.0,0.0
check_s1_o_tag/hc_o + tcr_q,0,3584,0.0,0.0
check_s2_o_tag/hc_o + tcr_q,0,3584,0.0,0.0
check_d_o_tag/hc_o + tcr_q,0,3584,0.0,0.0
register_set_o_tag/hc_o + tcr_q,0,3584,0.0,0.0
is_store_post_o_tag/hc_o + tcr_q,0,3584,0.0,0.0
memory_set_o_tag/hc_o + tcr_q,0,3584,0.0,0.0
rs1_o_tag/hc_o + tcr_q,0,3584,0.0,0.0
data_we_q_tag/hc_o + tcr_q,0,3584,0.0,0.0
pc_if_o_tag/hc_o + tpr_q,0,3584,0.0,0.0
pc_id_o_tag/hc_o + tpr_q,0,3584,0.0,0.0
store_dest_addr_ex_o_tag/hc_o + tpr_q,0,3584,0.0,0.0
store_source_ex_o_tag/hc_o + tpr_q,0,3584,0.0,0.0
tpr_q + use_store_ops_ex_o/hc_o,0,3584,0.0,0.0
alu_operand_a_ex_o_tag/hc_o + tpr_q,0,3584,0.0,0.0
alu_operand_b_ex_o_tag/hc_o + tpr_q,0,3584,0.0,0.0
alu_operand_c_ex_o_tag/hc_o + tpr_q,0,3584,0.0,0.0
check_s1_o_tag/hc_o + tpr_q,0,3584,0.0,0.0
check_s2_o_tag/hc_o + tpr_q,0,3584,0.0,0.0
check_d_o_tag/hc_o + tpr_q,0,3584,0.0,0.0
register_set_o_tag/hc_o + tpr_q,0,3584,0.0,0.0
is_store_post_o_tag/hc_o + tpr_q,0,3584,0.0,0.0
memory_set_o_tag/hc_o + tpr_q,0,3584,0.0,0.0
rs1_o_tag/hc_o + tpr_q,0,3584,0.0,0.0
data_we_q_tag/hc_o + tpr_q,0,3584,0.0,0.0
tcr_execute/hc_o + tpr_q,0,3584,0.0,0.0
data_type_q_tag + rdata_offset_q_tag,0,3360,0.0,0.0
regfile_alu_waddr_ex_o_tag + sd_o_5,0,2898,0.0,0.0
tcr_q + tpr_arith/hc_o,0,2688,0.0,0.0
tcr_q + tpr_branch/hc_o,0,2688,0.0,0.0
tcr_q + tpr_jump/hc_o,0,2688,0.0,0.0
tcr_q + tpr_shift/hc_o,0,2688,0.0,0.0
tcr_q + tpr_comparison/hc_o,0,2688,0.0,0.0
tcr_q + tpr_logical/hc_o,0,2688,0.0,0.0
tcr_q + tpr_load_store_mode/hc_o,0,2688,0.0,0.0
tcr_q + tpr_load_store_enable/hc_o,0,2688,0.0,0.0
tcr_arith/hc_o + tcr_q,0,2688,0.0,0.0
tcr_branch/hc_o + tcr_q,0,2688,0.0,0.0
tcr_jump/hc_o + tcr_q,0,2688,0.0,0.0
tcr_q + tcr_shift/hc_o,0,2688,0.0,0.0
tcr_comparison/hc_o + tcr_q,0,2688,0.0,0.0
tcr_logical/hc_o + tcr_q,0,2688,0.0,0.0
tpr_arith/hc_o + tpr_q,0,2688,0.0,0.0
tpr_branch/hc_o + tpr_q,0,2688,0.0,0.0
tpr_jump/hc_o + tpr_q,0,2688,0.0,0.0
tpr_q + tpr_shift/hc_o,0,2688,0.0,0.0
tpr_comparison/hc_o + tpr_q,0,2688,0.0,0.0
tpr_logical/hc_o + tpr_q,0,2688,0.0,0.0
tcr_arith/hc_o + tpr_q,0,2688,0.0,0.0
tcr_branch/hc_o + tpr_q,0,2688,0.0,0.0
tcr_jump/hc_o + tpr_q,0,2688,0.0,0.0
tcr_shift/hc_o + tpr_q,0,2688,0.0,0.0
tcr_comparison/hc_o + tpr_q,0,2688,0.0,0.0
tcr_logical/hc_o + tpr_q,0,2688,0.0,0.0
tcr_load_store/hc_o + tpr_q,0,2688,0.0,0.0
id_group0/hc_o + tcr_q,0,2688,0.0,0.0
id_group1/hc_o + tcr_q,0,2688,0.0,0.0
id_group2/hc_o + tcr_q,0,2688,0.0,0.0
id_group3/hc_o + tcr_q,0,2688,0.0,0.0
id_group4/hc_o + tcr_q,0,2688,0.0,0.0
id_group5/hc_o + tcr_q,0,2688,0.0,0.0
id_group6/hc_o + tcr_q,0,2688,0.0,0.0
id_group7/hc_o + tcr_q,0,2688,0.0,0.0
id_group8/hc_o + tcr_q,0,2688,0.0,0.0
csr_group0/hc_o + tcr_q,0,2688,0.0,0.0
csr_group1/hc_o + tcr_q,0,2688,0.0,0.0
csr_group2/hc_o + tcr_q,0,2688,0.0,0.0
csr_group3/hc_o + tcr_q,0,2688,0.0,0.0
csr_group4/hc_o + tcr_q,0,2688,0.0,0.0
csr_group5/hc_o + tcr_q,0,2688,0.0,0.0
csr_group6/hc_o + tcr_q,0,2688,0.0,0.0
csr_group7/hc_o + tcr_q,0,2688,0.0,0.0
csr_group8/hc_o + tcr_q,0,2688,0.0,0.0
csr_group9/hc_o + tcr_q,0,2688,0.0,0.0
csr_group10/hc_o + tcr_q,0,2688,0.0,0.0
csr_group11/hc_o + tcr_q,0,2688,0.0,0.0
csr_group12/hc_o + tcr_q,0,2688,0.0,0.0
csr_group13/hc_o + tcr_q,0,2688,0.0,0.0
csr_group15/hc_o + tcr_q,0,2688,0.0,0.0
csr_group16/hc_o + tcr_q,0,2688,0.0,0.0
csr_group17/hc_o + tcr_q,0,2688,0.0,0.0
lsu_group1/hc_o + tcr_q,0,2688,0.0,0.0
lsu_group2/hc_o + tcr_q,0,2688,0.0,0.0
lsu_group3/hc_o + tcr_q,0,2688,0.0,0.0
lsu_group4/hc_o + tcr_q,0,2688,0.0,0.0
lsu_group5/hc_o + tcr_q,0,2688,0.0,0.0
id_group0/hc_o + tpr_q,0,2688,0.0,0.0
id_group1/hc_o + tpr_q,0,2688,0.0,0.0
id_group2/hc_o + tpr_q,0,2688,0.0,0.0
id_group3/hc_o + tpr_q,0,2688,0.0,0.0
id_group4/hc_o + tpr_q,0,2688,0.0,0.0
id_group5/hc_o + tpr_q,0,2688,0.0,0.0
id_group6/hc_o + tpr_q,0,2688,0.0,0.0
id_group7/hc_o + tpr_q,0,2688,0.0,0.0
id_group8/hc_o + tpr_q,0,2688,0.0,0.0
csr_group0/hc_o + tpr_q,0,2688,0.0,0.0
csr_group1/hc_o + tpr_q,0,2688,0.0,0.0
csr_group2/hc_o + tpr_q,0,2688,0.0,0.0
csr_group3/hc_o + tpr_q,0,2688,0.0,0.0
csr_group4/hc_o + tpr_q,0,2688,0.0,0.0
csr_group5/hc_o + tpr_q,0,2688,0.0,0.0
csr_group6/hc_o + tpr_q,0,2688,0.0,0.0
csr_group7/hc_o + tpr_q,0,2688,0.0,0.0
csr_group8/hc_o + tpr_q,0,2688,0.0,0.0
csr_group9/hc_o + tpr_q,0,2688,0.0,0.0
csr_group10/hc_o + tpr_q,0,2688,0.0,0.0
csr_group11/hc_o + tpr_q,0,2688,0.0,0.0
csr_group13/hc_o + tpr_q,0,2688,0.0,0.0
csr_group16/hc_o + tpr_q,0,2688,0.0,0.0
csr_group17/hc_o + tpr_q,0,2688,0.0,0.0
lsu_group1/hc_o + tpr_q,0,2688,0.0,0.0
lsu_group2/hc_o + tpr_q,0,2688,0.0,0.0
lsu_group3/hc_o + tpr_q,0,2688,0.0,0.0
lsu_group4/hc_o + tpr_q,0,2688,0.0,0.0
lsu_group5/hc_o + tpr_q,0,2688,0.0,0.0
sd_o_rf_tag + tcr_q,0,2240,0.0,0.0
sd_o_rf_tag + tpr_q,0,2240,0.0,0.0
data_type_q_tag + rdata_offset_q_tag/hc_o,0,2128,0.0,0.0
data_type_q_tag + data_type_q_tag/hc_o,0,2128,0.0,0.0
data_type_q_tag + rdata_q_tag/hc_o,0,2128,0.0,0.0
rdata_offset_q_tag + rdata_offset_q_tag/hc_o,0,2128,0.0,0.0
data_type_q_tag/hc_o + rdata_offset_q_tag,0,2128,0.0,0.0
rdata_offset_q_tag + rdata_q_tag/hc_o,0,2128,0.0,0.0
pc_id_o_tag/hc_o + rdata_offset_q_tag/hc_o,0,2128,0.0,0.0
data_type_q_tag/hc_o + pc_id_o_tag/hc_o,0,2128,0.0,0.0
pc_id_o_tag/hc_o + rdata_q_tag/hc_o,0,2128,0.0,0.0
rdata_offset_q_tag/hc_o + store_source_ex_o_tag/hc_o,0,2128,0.0,0.0
data_type_q_tag/hc_o + store_source_ex_o_tag/hc_o,0,2128,0.0,0.0
rdata_q_tag/hc_o + store_source_ex_o_tag/hc_o,0,2128,0.0,0.0
alu_operand_c_ex_o_tag/hc_o + rdata_offset_q_tag/hc_o,0,2128,0.0,0.0
alu_operand_c_ex_o_tag/hc_o + data_type_q_tag/hc_o,0,2128,0.0,0.0
alu_operand_c_ex_o_tag/hc_o + rdata_q_tag/hc_o,0,2128,0.0,0.0
check_s2_o_tag/hc_o + rdata_offset_q_tag/hc_o,0,2128,0.0,0.0
check_s2_o_tag/hc_o + data_type_q_tag/hc_o,0,2128,0.0,0.0
check_s2_o_tag/hc_o + rdata_q_tag/hc_o,0,2128,0.0,0.0
check_d_o_tag/hc_o + rdata_offset_q_tag/hc_o,0,2128,0.0,0.0
check_d_o_tag/hc_o + data_type_q_tag/hc_o,0,2128,0.0,0.0
check_d_o_tag/hc_o + rdata_q_tag/hc_o,0,2128,0.0,0.0
rdata_offset_q_tag/hc_o + register_set_o_tag/hc_o,0,2128,0.0,0.0
data_type_q_tag/hc_o + register_set_o_tag/hc_o,0,2128,0.0,0.0
rdata_q_tag/hc_o + register_set_o_tag/hc_o,0,2128,0.0,0.0
is_store_post_o_tag/hc_o + rdata_offset_q_tag/hc_o,0,2128,0.0,0.0
data_type_q_tag/hc_o + is_store_post_o_tag/hc_o,0,2128,0.0,0.0
is_store_post_o_tag/hc_o + rdata_q_tag/hc_o,0,2128,0.0,0.0
rdata_offset_q_tag/hc_o + rs1_o_tag/hc_o,0,2128,0.0,0.0
data_type_q_tag/hc_o + rs1_o_tag/hc_o,0,2128,0.0,0.0
rdata_q_tag/hc_o + rs1_o_tag/hc_o,0,2128,0.0,0.0
data_we_q_tag/hc_o + rdata_offset_q_tag/hc_o,0,2128,0.0,0.0
data_type_q_tag/hc_o + data_we_q_tag/hc_o,0,2128,0.0,0.0
data_we_q_tag/hc_o + rdata_q_tag/hc_o,0,2128,0.0,0.0
tpr_arith/hc_o + tpr_branch/hc_o,0,2044,0.0,0.0
tpr_arith/hc_o + tpr_jump/hc_o,0,2044,0.0,0.0
tpr_arith/hc_o + tpr_shift/hc_o,0,2044,0.0,0.0
tpr_arith/hc_o + tpr_comparison/hc_o,0,2044,0.0,0.0
tpr_arith/hc_o + tpr_logical/hc_o,0,2044,0.0,0.0
tcr_arith/hc_o + tpr_arith/hc_o,0,2044,0.0,0.0
tcr_branch/hc_o + tpr_arith/hc_o,0,2044,0.0,0.0
tcr_jump/hc_o + tpr_arith/hc_o,0,2044,0.0,0.0
tcr_shift/hc_o + tpr_arith/hc_o,0,2044,0.0,0.0
tcr_comparison/hc_o + tpr_arith/hc_o,0,2044,0.0,0.0
tcr_logical/hc_o + tpr_arith/hc_o,0,2044,0.0,0.0
rdata_offset_q_tag/hc_o + tpr_arith/hc_o,0,2044,0.0,0.0
data_type_q_tag/hc_o + tpr_arith/hc_o,0,2044,0.0,0.0
rdata_q_tag/hc_o + tpr_arith/hc_o,0,2044,0.0,0.0
tpr_branch/hc_o + tpr_jump/hc_o,0,2044,0.0,0.0
tpr_branch/hc_o + tpr_shift/hc_o,0,2044,0.0,0.0
tpr_branch/hc_o + tpr_comparison/hc_o,0,2044,0.0,0.0
tpr_branch/hc_o + tpr_logical/hc_o,0,2044,0.0,0.0
tcr_arith/hc_o + tpr_branch/hc_o,0,2044,0.0,0.0
tcr_branch/hc_o + tpr_branch/hc_o,0,2044,0.0,0.0
tcr_jump/hc_o + tpr_branch/hc_o,0,2044,0.0,0.0
tcr_shift/hc_o + tpr_branch/hc_o,0,2044,0.0,0.0
tcr_comparison/hc_o + tpr_branch/hc_o,0,2044,0.0,0.0
tcr_logical/hc_o + tpr_branch/hc_o,0,2044,0.0,0.0
rdata_offset_q_tag/hc_o + tpr_branch/hc_o,0,2044,0.0,0.0
data_type_q_tag/hc_o + tpr_branch/hc_o,0,2044,0.0,0.0
rdata_q_tag/hc_o + tpr_branch/hc_o,0,2044,0.0,0.0
tpr_jump/hc_o + tpr_shift/hc_o,0,2044,0.0,0.0
tpr_comparison/hc_o + tpr_jump/hc_o,0,2044,0.0,0.0
tpr_jump/hc_o + tpr_logical/hc_o,0,2044,0.0,0.0
tcr_arith/hc_o + tpr_jump/hc_o,0,2044,0.0,0.0
tcr_branch/hc_o + tpr_jump/hc_o,0,2044,0.0,0.0
tcr_jump/hc_o + tpr_jump/hc_o,0,2044,0.0,0.0
tcr_shift/hc_o + tpr_jump/hc_o,0,2044,0.0,0.0
tcr_comparison/hc_o + tpr_jump/hc_o,0,2044,0.0,0.0
tcr_logical/hc_o + tpr_jump/hc_o,0,2044,0.0,0.0
rdata_offset_q_tag/hc_o + tpr_jump/hc_o,0,2044,0.0,0.0
data_type_q_tag/hc_o + tpr_jump/hc_o,0,2044,0.0,0.0
rdata_q_tag/hc_o + tpr_jump/hc_o,0,2044,0.0,0.0
tpr_comparison/hc_o + tpr_shift/hc_o,0,2044,0.0,0.0
tpr_logical/hc_o + tpr_shift/hc_o,0,2044,0.0,0.0
tcr_arith/hc_o + tpr_shift/hc_o,0,2044,0.0,0.0
tcr_branch/hc_o + tpr_shift/hc_o,0,2044,0.0,0.0
tcr_jump/hc_o + tpr_shift/hc_o,0,2044,0.0,0.0
tcr_shift/hc_o + tpr_shift/hc_o,0,2044,0.0,0.0
tcr_comparison/hc_o + tpr_shift/hc_o,0,2044,0.0,0.0
tcr_logical/hc_o + tpr_shift/hc_o,0,2044,0.0,0.0
rdata_offset_q_tag/hc_o + tpr_shift/hc_o,0,2044,0.0,0.0
data_type_q_tag/hc_o + tpr_shift/hc_o,0,2044,0.0,0.0
rdata_q_tag/hc_o + tpr_shift/hc_o,0,2044,0.0,0.0
tpr_comparison/hc_o + tpr_logical/hc_o,0,2044,0.0,0.0
tcr_arith/hc_o + tpr_comparison/hc_o,0,2044,0.0,0.0
tcr_branch/hc_o + tpr_comparison/hc_o,0,2044,0.0,0.0
tcr_jump/hc_o + tpr_comparison/hc_o,0,2044,0.0,0.0
tcr_shift/hc_o + tpr_comparison/hc_o,0,2044,0.0,0.0
tcr_comparison/hc_o + tpr_comparison/hc_o,0,2044,0.0,0.0
tcr_logical/hc_o + tpr_comparison/hc_o,0,2044,0.0,0.0
rdata_offset_q_tag/hc_o + tpr_comparison/hc_o,0,2044,0.0,0.0
data_type_q_tag/hc_o + tpr_comparison/hc_o,0,2044,0.0,0.0
rdata_q_tag/hc_o + tpr_comparison/hc_o,0,2044,0.0,0.0
tcr_arith/hc_o + tpr_logical/hc_o,0,2044,0.0,0.0
tcr_branch/hc_o + tpr_logical/hc_o,0,2044,0.0,0.0
tcr_jump/hc_o + tpr_logical/hc_o,0,2044,0.0,0.0
tcr_shift/hc_o + tpr_logical/hc_o,0,2044,0.0,0.0
tcr_comparison/hc_o + tpr_logical/hc_o,0,2044,0.0,0.0
tcr_logical/hc_o + tpr_logical/hc_o,0,2044,0.0,0.0
rdata_offset_q_tag/hc_o + tpr_logical/hc_o,0,2044,0.0,0.0
data_type_q_tag/hc_o + tpr_logical/hc_o,0,2044,0.0,0.0
rdata_q_tag/hc_o + tpr_logical/hc_o,0,2044,0.0,0.0
tcr_arith/hc_o + tcr_branch/hc_o,0,2044,0.0,0.0
tcr_arith/hc_o + tcr_jump/hc_o,0,2044,0.0,0.0
tcr_arith/hc_o + tcr_shift/hc_o,0,2044,0.0,0.0
tcr_arith/hc_o + tcr_comparison/hc_o,0,2044,0.0,0.0
tcr_arith/hc_o + tcr_logical/hc_o,0,2044,0.0,0.0
rdata_offset_q_tag/hc_o + tcr_arith/hc_o,0,2044,0.0,0.0
data_type_q_tag/hc_o + tcr_arith/hc_o,0,2044,0.0,0.0
rdata_q_tag/hc_o + tcr_arith/hc_o,0,2044,0.0,0.0
tcr_branch/hc_o + tcr_jump/hc_o,0,2044,0.0,0.0
tcr_branch/hc_o + tcr_shift/hc_o,0,2044,0.0,0.0
tcr_branch/hc_o + tcr_comparison/hc_o,0,2044,0.0,0.0
tcr_branch/hc_o + tcr_logical/hc_o,0,2044,0.0,0.0
rdata_offset_q_tag/hc_o + tcr_branch/hc_o,0,2044,0.0,0.0
data_type_q_tag/hc_o + tcr_branch/hc_o,0,2044,0.0,0.0
rdata_q_tag/hc_o + tcr_branch/hc_o,0,2044,0.0,0.0
tcr_jump/hc_o + tcr_shift/hc_o,0,2044,0.0,0.0
tcr_comparison/hc_o + tcr_jump/hc_o,0,2044,0.0,0.0
tcr_jump/hc_o + tcr_logical/hc_o,0,2044,0.0,0.0
rdata_offset_q_tag/hc_o + tcr_jump/hc_o,0,2044,0.0,0.0
data_type_q_tag/hc_o + tcr_jump/hc_o,0,2044,0.0,0.0
rdata_q_tag/hc_o + tcr_jump/hc_o,0,2044,0.0,0.0
tcr_comparison/hc_o + tcr_shift/hc_o,0,2044,0.0,0.0
tcr_logical/hc_o + tcr_shift/hc_o,0,2044,0.0,0.0
rdata_offset_q_tag/hc_o + tcr_shift/hc_o,0,2044,0.0,0.0
data_type_q_tag/hc_o + tcr_shift/hc_o,0,2044,0.0,0.0
rdata_q_tag/hc_o + tcr_shift/hc_o,0,2044,0.0,0.0
tcr_comparison/hc_o + tcr_logical/hc_o,0,2044,0.0,0.0
rdata_offset_q_tag/hc_o + tcr_comparison/hc_o,0,2044,0.0,0.0
data_type_q_tag/hc_o + tcr_comparison/hc_o,0,2044,0.0,0.0
rdata_q_tag/hc_o + tcr_comparison/hc_o,0,2044,0.0,0.0
rdata_offset_q_tag/hc_o + tcr_logical/hc_o,0,2044,0.0,0.0
data_type_q_tag/hc_o + tcr_logical/hc_o,0,2044,0.0,0.0
rdata_q_tag/hc_o + tcr_logical/hc_o,0,2044,0.0,0.0
id_group6/hc_o + id_group7/hc_o,0,2044,0.0,0.0
id_group6/hc_o + id_group8/hc_o,0,2044,0.0,0.0
csr_group0/hc_o + id_group6/hc_o,0,2044,0.0,0.0
csr_group1/hc_o + id_group6/hc_o,0,2044,0.0,0.0
csr_group2/hc_o + id_group6/hc_o,0,2044,0.0,0.0
csr_group3/hc_o + id_group6/hc_o,0,2044,0.0,0.0
csr_group4/hc_o + id_group6/hc_o,0,2044,0.0,0.0
csr_group5/hc_o + id_group6/hc_o,0,2044,0.0,0.0
csr_group6/hc_o + id_group6/hc_o,0,2044,0.0,0.0
csr_group7/hc_o + id_group6/hc_o,0,2044,0.0,0.0
csr_group8/hc_o + id_group6/hc_o,0,2044,0.0,0.0
csr_group9/hc_o + id_group6/hc_o,0,2044,0.0,0.0
csr_group10/hc_o + id_group6/hc_o,0,2044,0.0,0.0
csr_group11/hc_o + id_group6/hc_o,0,2044,0.0,0.0
csr_group16/hc_o + id_group6/hc_o,0,2044,0.0,0.0
csr_group17/hc_o + id_group6/hc_o,0,2044,0.0,0.0
id_group6/hc_o + lsu_group1/hc_o,0,2044,0.0,0.0
id_group6/hc_o + lsu_group2/hc_o,0,2044,0.0,0.0
id_group6/hc_o + lsu_group3/hc_o,0,2044,0.0,0.0
id_group6/hc_o + lsu_group4/hc_o,0,2044,0.0,0.0
id_group6/hc_o + lsu_group5/hc_o,0,2044,0.0,0.0
id_group7/hc_o + id_group8/hc_o,0,2044,0.0,0.0
csr_group0/hc_o + id_group7/hc_o,0,2044,0.0,0.0
csr_group1/hc_o + id_group7/hc_o,0,2044,0.0,0.0
csr_group2/hc_o + id_group7/hc_o,0,2044,0.0,0.0
csr_group3/hc_o + id_group7/hc_o,0,2044,0.0,0.0
csr_group4/hc_o + id_group7/hc_o,0,2044,0.0,0.0
csr_group5/hc_o + id_group7/hc_o,0,2044,0.0,0.0
csr_group6/hc_o + id_group7/hc_o,0,2044,0.0,0.0
csr_group7/hc_o + id_group7/hc_o,0,2044,0.0,0.0
csr_group8/hc_o + id_group7/hc_o,0,2044,0.0,0.0
csr_group9/hc_o + id_group7/hc_o,0,2044,0.0,0.0
csr_group10/hc_o + id_group7/hc_o,0,2044,0.0,0.0
csr_group11/hc_o + id_group7/hc_o,0,2044,0.0,0.0
csr_group16/hc_o + id_group7/hc_o,0,2044,0.0,0.0
csr_group17/hc_o + id_group7/hc_o,0,2044,0.0,0.0
id_group7/hc_o + lsu_group1/hc_o,0,2044,0.0,0.0
id_group7/hc_o + lsu_group2/hc_o,0,2044,0.0,0.0
id_group7/hc_o + lsu_group3/hc_o,0,2044,0.0,0.0
id_group7/hc_o + lsu_group4/hc_o,0,2044,0.0,0.0
id_group7/hc_o + lsu_group5/hc_o,0,2044,0.0,0.0
csr_group0/hc_o + id_group8/hc_o,0,2044,0.0,0.0
csr_group1/hc_o + id_group8/hc_o,0,2044,0.0,0.0
csr_group2/hc_o + id_group8/hc_o,0,2044,0.0,0.0
csr_group3/hc_o + id_group8/hc_o,0,2044,0.0,0.0
csr_group4/hc_o + id_group8/hc_o,0,2044,0.0,0.0
csr_group5/hc_o + id_group8/hc_o,0,2044,0.0,0.0
csr_group6/hc_o + id_group8/hc_o,0,2044,0.0,0.0
csr_group7/hc_o + id_group8/hc_o,0,2044,0.0,0.0
csr_group8/hc_o + id_group8/hc_o,0,2044,0.0,0.0
csr_group9/hc_o + id_group8/hc_o,0,2044,0.0,0.0
csr_group10/hc_o + id_group8/hc_o,0,2044,0.0,0.0
csr_group11/hc_o + id_group8/hc_o,0,2044,0.0,0.0
csr_group16/hc_o + id_group8/hc_o,0,2044,0.0,0.0
csr_group17/hc_o + id_group8/hc_o,0,2044,0.0,0.0
id_group8/hc_o + lsu_group1/hc_o,0,2044,0.0,0.0
id_group8/hc_o + lsu_group2/hc_o,0,2044,0.0,0.0
id_group8/hc_o + lsu_group3/hc_o,0,2044,0.0,0.0
id_group8/hc_o + lsu_group4/hc_o,0,2044,0.0,0.0
id_group8/hc_o + lsu_group5/hc_o,0,2044,0.0,0.0
csr_group0/hc_o + csr_group1/hc_o,0,2044,0.0,0.0
csr_group0/hc_o + csr_group2/hc_o,0,2044,0.0,0.0
csr_group0/hc_o + csr_group3/hc_o,0,2044,0.0,0.0
csr_group0/hc_o + csr_group4/hc_o,0,2044,0.0,0.0
csr_group0/hc_o + csr_group5/hc_o,0,2044,0.0,0.0
csr_group0/hc_o + csr_group6/hc_o,0,2044,0.0,0.0
csr_group0/hc_o + csr_group7/hc_o,0,2044,0.0,0.0
csr_group0/hc_o + csr_group8/hc_o,0,2044,0.0,0.0
csr_group0/hc_o + csr_group9/hc_o,0,2044,0.0,0.0
csr_group0/hc_o + csr_group10/hc_o,0,2044,0.0,0.0
csr_group0/hc_o + csr_group11/hc_o,0,2044,0.0,0.0
csr_group0/hc_o + csr_group16/hc_o,0,2044,0.0,0.0
csr_group0/hc_o + csr_group17/hc_o,0,2044,0.0,0.0
csr_group0/hc_o + lsu_group1/hc_o,0,2044,0.0,0.0
csr_group0/hc_o + lsu_group2/hc_o,0,2044,0.0,0.0
csr_group0/hc_o + lsu_group3/hc_o,0,2044,0.0,0.0
csr_group0/hc_o + lsu_group4/hc_o,0,2044,0.0,0.0
csr_group0/hc_o + lsu_group5/hc_o,0,2044,0.0,0.0
csr_group1/hc_o + csr_group2/hc_o,0,2044,0.0,0.0
csr_group1/hc_o + csr_group3/hc_o,0,2044,0.0,0.0
csr_group1/hc_o + csr_group4/hc_o,0,2044,0.0,0.0
csr_group1/hc_o + csr_group5/hc_o,0,2044,0.0,0.0
csr_group1/hc_o + csr_group6/hc_o,0,2044,0.0,0.0
csr_group1/hc_o + csr_group7/hc_o,0,2044,0.0,0.0
csr_group1/hc_o + csr_group8/hc_o,0,2044,0.0,0.0
csr_group1/hc_o + csr_group9/hc_o,0,2044,0.0,0.0
csr_group1/hc_o + csr_group10/hc_o,0,2044,0.0,0.0
csr_group1/hc_o + csr_group11/hc_o,0,2044,0.0,0.0
csr_group1/hc_o + csr_group16/hc_o,0,2044,0.0,0.0
csr_group1/hc_o + csr_group17/hc_o,0,2044,0.0,0.0
csr_group1/hc_o + lsu_group1/hc_o,0,2044,0.0,0.0
csr_group1/hc_o + lsu_group2/hc_o,0,2044,0.0,0.0
csr_group1/hc_o + lsu_group3/hc_o,0,2044,0.0,0.0
csr_group1/hc_o + lsu_group4/hc_o,0,2044,0.0,0.0
csr_group1/hc_o + lsu_group5/hc_o,0,2044,0.0,0.0
csr_group2/hc_o + csr_group3/hc_o,0,2044,0.0,0.0
csr_group2/hc_o + csr_group4/hc_o,0,2044,0.0,0.0
csr_group2/hc_o + csr_group5/hc_o,0,2044,0.0,0.0
csr_group2/hc_o + csr_group6/hc_o,0,2044,0.0,0.0
csr_group2/hc_o + csr_group7/hc_o,0,2044,0.0,0.0
csr_group2/hc_o + csr_group8/hc_o,0,2044,0.0,0.0
csr_group2/hc_o + csr_group9/hc_o,0,2044,0.0,0.0
csr_group10/hc_o + csr_group2/hc_o,0,2044,0.0,0.0
csr_group11/hc_o + csr_group2/hc_o,0,2044,0.0,0.0
csr_group13/hc_o + csr_group2/hc_o,0,2044,0.0,0.0
csr_group16/hc_o + csr_group2/hc_o,0,2044,0.0,0.0
csr_group17/hc_o + csr_group2/hc_o,0,2044,0.0,0.0
csr_group2/hc_o + lsu_group1/hc_o,0,2044,0.0,0.0
csr_group2/hc_o + lsu_group2/hc_o,0,2044,0.0,0.0
csr_group2/hc_o + lsu_group3/hc_o,0,2044,0.0,0.0
csr_group2/hc_o + lsu_group4/hc_o,0,2044,0.0,0.0
csr_group2/hc_o + lsu_group5/hc_o,0,2044,0.0,0.0
csr_group3/hc_o + csr_group4/hc_o,0,2044,0.0,0.0
csr_group3/hc_o + csr_group5/hc_o,0,2044,0.0,0.0
csr_group3/hc_o + csr_group6/hc_o,0,2044,0.0,0.0
csr_group3/hc_o + csr_group7/hc_o,0,2044,0.0,0.0
csr_group3/hc_o + csr_group8/hc_o,0,2044,0.0,0.0
csr_group3/hc_o + csr_group9/hc_o,0,2044,0.0,0.0
csr_group10/hc_o + csr_group3/hc_o,0,2044,0.0,0.0
csr_group11/hc_o + csr_group3/hc_o,0,2044,0.0,0.0
csr_group13/hc_o + csr_group3/hc_o,0,2044,0.0,0.0
csr_group16/hc_o + csr_group3/hc_o,0,2044,0.0,0.0
csr_group17/hc_o + csr_group3/hc_o,0,2044,0.0,0.0
csr_group3/hc_o + lsu_group1/hc_o,0,2044,0.0,0.0
csr_group3/hc_o + lsu_group2/hc_o,0,2044,0.0,0.0
csr_group3/hc_o + lsu_group3/hc_o,0,2044,0.0,0.0
csr_group3/hc_o + lsu_group4/hc_o,0,2044,0.0,0.0
csr_group3/hc_o + lsu_group5/hc_o,0,2044,0.0,0.0
csr_group4/hc_o + csr_group5/hc_o,0,2044,0.0,0.0
csr_group4/hc_o + csr_group6/hc_o,0,2044,0.0,0.0
csr_group4/hc_o + csr_group7/hc_o,0,2044,0.0,0.0
csr_group4/hc_o + csr_group8/hc_o,0,2044,0.0,0.0
csr_group4/hc_o + csr_group9/hc_o,0,2044,0.0,0.0
csr_group10/hc_o + csr_group4/hc_o,0,2044,0.0,0.0
csr_group11/hc_o + csr_group4/hc_o,0,2044,0.0,0.0
csr_group13/hc_o + csr_group4/hc_o,0,2044,0.0,0.0
csr_group16/hc_o + csr_group4/hc_o,0,2044,0.0,0.0
csr_group17/hc_o + csr_group4/hc_o,0,2044,0.0,0.0
csr_group4/hc_o + lsu_group1/hc_o,0,2044,0.0,0.0
csr_group4/hc_o + lsu_group2/hc_o,0,2044,0.0,0.0
csr_group4/hc_o + lsu_group3/hc_o,0,2044,0.0,0.0
csr_group4/hc_o + lsu_group4/hc_o,0,2044,0.0,0.0
csr_group4/hc_o + lsu_group5/hc_o,0,2044,0.0,0.0
csr_group5/hc_o + csr_group6/hc_o,0,2044,0.0,0.0
csr_group5/hc_o + csr_group7/hc_o,0,2044,0.0,0.0
csr_group5/hc_o + csr_group8/hc_o,0,2044,0.0,0.0
csr_group5/hc_o + csr_group9/hc_o,0,2044,0.0,0.0
csr_group10/hc_o + csr_group5/hc_o,0,2044,0.0,0.0
csr_group11/hc_o + csr_group5/hc_o,0,2044,0.0,0.0
csr_group13/hc_o + csr_group5/hc_o,0,2044,0.0,0.0
csr_group16/hc_o + csr_group5/hc_o,0,2044,0.0,0.0
csr_group17/hc_o + csr_group5/hc_o,0,2044,0.0,0.0
csr_group5/hc_o + lsu_group1/hc_o,0,2044,0.0,0.0
csr_group5/hc_o + lsu_group2/hc_o,0,2044,0.0,0.0
csr_group5/hc_o + lsu_group3/hc_o,0,2044,0.0,0.0
csr_group5/hc_o + lsu_group4/hc_o,0,2044,0.0,0.0
csr_group5/hc_o + lsu_group5/hc_o,0,2044,0.0,0.0
csr_group6/hc_o + csr_group7/hc_o,0,2044,0.0,0.0
csr_group6/hc_o + csr_group8/hc_o,0,2044,0.0,0.0
csr_group6/hc_o + csr_group9/hc_o,0,2044,0.0,0.0
csr_group10/hc_o + csr_group6/hc_o,0,2044,0.0,0.0
csr_group11/hc_o + csr_group6/hc_o,0,2044,0.0,0.0
csr_group13/hc_o + csr_group6/hc_o,0,2044,0.0,0.0
csr_group16/hc_o + csr_group6/hc_o,0,2044,0.0,0.0
csr_group17/hc_o + csr_group6/hc_o,0,2044,0.0,0.0
csr_group6/hc_o + lsu_group1/hc_o,0,2044,0.0,0.0
csr_group6/hc_o + lsu_group2/hc_o,0,2044,0.0,0.0
csr_group6/hc_o + lsu_group3/hc_o,0,2044,0.0,0.0
csr_group6/hc_o + lsu_group4/hc_o,0,2044,0.0,0.0
csr_group6/hc_o + lsu_group5/hc_o,0,2044,0.0,0.0
csr_group7/hc_o + csr_group8/hc_o,0,2044,0.0,0.0
csr_group7/hc_o + csr_group9/hc_o,0,2044,0.0,0.0
csr_group10/hc_o + csr_group7/hc_o,0,2044,0.0,0.0
csr_group11/hc_o + csr_group7/hc_o,0,2044,0.0,0.0
csr_group13/hc_o + csr_group7/hc_o,0,2044,0.0,0.0
csr_group16/hc_o + csr_group7/hc_o,0,2044,0.0,0.0
csr_group17/hc_o + csr_group7/hc_o,0,2044,0.0,0.0
csr_group7/hc_o + lsu_group1/hc_o,0,2044,0.0,0.0
csr_group7/hc_o + lsu_group2/hc_o,0,2044,0.0,0.0
csr_group7/hc_o + lsu_group3/hc_o,0,2044,0.0,0.0
csr_group7/hc_o + lsu_group4/hc_o,0,2044,0.0,0.0
csr_group7/hc_o + lsu_group5/hc_o,0,2044,0.0,0.0
csr_group8/hc_o + csr_group9/hc_o,0,2044,0.0,0.0
csr_group10/hc_o + csr_group8/hc_o,0,2044,0.0,0.0
csr_group11/hc_o + csr_group8/hc_o,0,2044,0.0,0.0
csr_group13/hc_o + csr_group8/hc_o,0,2044,0.0,0.0
csr_group16/hc_o + csr_group8/hc_o,0,2044,0.0,0.0
csr_group17/hc_o + csr_group8/hc_o,0,2044,0.0,0.0
csr_group8/hc_o + lsu_group1/hc_o,0,2044,0.0,0.0
csr_group8/hc_o + lsu_group2/hc_o,0,2044,0.0,0.0
csr_group8/hc_o + lsu_group3/hc_o,0,2044,0.0,0.0
csr_group8/hc_o + lsu_group4/hc_o,0,2044,0.0,0.0
csr_group8/hc_o + lsu_group5/hc_o,0,2044,0.0,0.0
csr_group10/hc_o + csr_group9/hc_o,0,2044,0.0,0.0
csr_group11/hc_o + csr_group9/hc_o,0,2044,0.0,0.0
csr_group13/hc_o + csr_group9/hc_o,0,2044,0.0,0.0
csr_group16/hc_o + csr_group9/hc_o,0,2044,0.0,0.0
csr_group17/hc_o + csr_group9/hc_o,0,2044,0.0,0.0
csr_group9/hc_o + lsu_group1/hc_o,0,2044,0.0,0.0
csr_group9/hc_o + lsu_group2/hc_o,0,2044,0.0,0.0
csr_group9/hc_o + lsu_group3/hc_o,0,2044,0.0,0.0
csr_group9/hc_o + lsu_group4/hc_o,0,2044,0.0,0.0
csr_group9/hc_o + lsu_group5/hc_o,0,2044,0.0,0.0
csr_group10/hc_o + csr_group11/hc_o,0,2044,0.0,0.0
csr_group10/hc_o + csr_group13/hc_o,0,2044,0.0,0.0
csr_group10/hc_o + csr_group16/hc_o,0,2044,0.0,0.0
csr_group10/hc_o + csr_group17/hc_o,0,2044,0.0,0.0
csr_group10/hc_o + lsu_group1/hc_o,0,2044,0.0,0.0
csr_group10/hc_o + lsu_group2/hc_o,0,2044,0.0,0.0
csr_group10/hc_o + lsu_group3/hc_o,0,2044,0.0,0.0
csr_group10/hc_o + lsu_group4/hc_o,0,2044,0.0,0.0
csr_group10/hc_o + lsu_group5/hc_o,0,2044,0.0,0.0
csr_group11/hc_o + csr_group13/hc_o,0,2044,0.0,0.0
csr_group11/hc_o + csr_group16/hc_o,0,2044,0.0,0.0
csr_group11/hc_o + csr_group17/hc_o,0,2044,0.0,0.0
csr_group11/hc_o + lsu_group1/hc_o,0,2044,0.0,0.0
csr_group11/hc_o + lsu_group2/hc_o,0,2044,0.0,0.0
csr_group11/hc_o + lsu_group3/hc_o,0,2044,0.0,0.0
csr_group11/hc_o + lsu_group4/hc_o,0,2044,0.0,0.0
csr_group11/hc_o + lsu_group5/hc_o,0,2044,0.0,0.0
csr_group13/hc_o + csr_group16/hc_o,0,2044,0.0,0.0
csr_group13/hc_o + csr_group17/hc_o,0,2044,0.0,0.0
csr_group13/hc_o + lsu_group1/hc_o,0,2044,0.0,0.0
csr_group13/hc_o + lsu_group2/hc_o,0,2044,0.0,0.0
csr_group13/hc_o + lsu_group3/hc_o,0,2044,0.0,0.0
csr_group13/hc_o + lsu_group4/hc_o,0,2044,0.0,0.0
csr_group13/hc_o + lsu_group5/hc_o,0,2044,0.0,0.0
csr_group16/hc_o + csr_group17/hc_o,0,2044,0.0,0.0
csr_group16/hc_o + lsu_group1/hc_o,0,2044,0.0,0.0
csr_group16/hc_o + lsu_group2/hc_o,0,2044,0.0,0.0
csr_group16/hc_o + lsu_group3/hc_o,0,2044,0.0,0.0
csr_group16/hc_o + lsu_group4/hc_o,0,2044,0.0,0.0
csr_group16/hc_o + lsu_group5/hc_o,0,2044,0.0,0.0
csr_group17/hc_o + lsu_group1/hc_o,0,2044,0.0,0.0
csr_group17/hc_o + lsu_group2/hc_o,0,2044,0.0,0.0
csr_group17/hc_o + lsu_group3/hc_o,0,2044,0.0,0.0
csr_group17/hc_o + lsu_group4/hc_o,0,2044,0.0,0.0
csr_group17/hc_o + lsu_group5/hc_o,0,2044,0.0,0.0
lsu_group1/hc_o + lsu_group2/hc_o,0,2044,0.0,0.0
lsu_group1/hc_o + lsu_group3/hc_o,0,2044,0.0,0.0
lsu_group1/hc_o + lsu_group4/hc_o,0,2044,0.0,0.0
lsu_group1/hc_o + lsu_group5/hc_o,0,2044,0.0,0.0
lsu_group2/hc_o + lsu_group3/hc_o,0,2044,0.0,0.0
lsu_group2/hc_o + lsu_group4/hc_o,0,2044,0.0,0.0
lsu_group2/hc_o + lsu_group5/hc_o,0,2044,0.0,0.0
lsu_group3/hc_o + lsu_group4/hc_o,0,2044,0.0,0.0
lsu_group3/hc_o + lsu_group5/hc_o,0,2044,0.0,0.0
lsu_group4/hc_o + lsu_group5/hc_o,0,2044,0.0,0.0
ex_stage/hc_o + rdata_q_tag,0,2016,0.0,0.0
csr_group14/hc_o + rdata_q_tag,0,2016,0.0,0.0
csr_group18/hc_o + rdata_q_tag,0,2016,0.0,0.0
csr_group19/hc_o + rdata_q_tag,0,2016,0.0,0.0
if_stage/hc_o + lsu/hc_o,0,1960,0.0,0.0
pc_if_o_tag/sd_o + regfile_alu_waddr_ex_o_tag,0,1932,0.0,0.0
pc_id_o_tag/sd_o + regfile_alu_waddr_ex_o_tag,0,1932,0.0,0.0
alu_operator_o_mode/sd_o + regfile_alu_waddr_ex_o_tag,0,1932,0.0,0.0
regfile_alu_waddr_ex_o_tag + store_dest_addr_ex_o_tag/sd_o,0,1932,0.0,0.0
regfile_alu_waddr_ex_o_tag + store_source_ex_o_tag/sd_o,0,1932,0.0,0.0
regfile_alu_waddr_ex_o_tag + use_store_ops_ex_o/sd_o,0,1932,0.0,0.0
alu_operand_a_ex_o_tag/sd_o + regfile_alu_waddr_ex_o_tag,0,1932,0.0,0.0
alu_operand_b_ex_o_tag/sd_o + regfile_alu_waddr_ex_o_tag,0,1932,0.0,0.0
alu_operand_c_ex_o_tag/sd_o + regfile_alu_waddr_ex_o_tag,0,1932,0.0,0.0
check_s1_o_tag/sd_o + regfile_alu_waddr_ex_o_tag,0,1932,0.0,0.0
check_s2_o_tag/sd_o + regfile_alu_waddr_ex_o_tag,0,1932,0.0,0.0
check_d_o_tag/sd_o + regfile_alu_waddr_ex_o_tag,0,1932,0.0,0.0
regfile_alu_waddr_ex_o_tag + register_set_o_tag/sd_o,0,1932,0.0,0.0
is_store_post_o_tag/sd_o + regfile_alu_waddr_ex_o_tag,0,1932,0.0,0.0
memory_set_o_tag/sd_o + regfile_alu_waddr_ex_o_tag,0,1932,0.0,0.0
regfile_alu_waddr_ex_o_tag + rs1_o_tag/sd_o,0,1932,0.0,0.0
data_we_q_tag/sd_o + regfile_alu_waddr_ex_o_tag,0,1932,0.0,0.0
rdata_offset_q_tag/sd_o + regfile_alu_waddr_ex_o_tag,0,1932,0.0,0.0
data_type_q_tag/sd_o + regfile_alu_waddr_ex_o_tag,0,1932,0.0,0.0
rdata_q_tag/sd_o + regfile_alu_waddr_ex_o_tag,0,1932,0.0,0.0
regfile_alu_waddr_ex_o_tag + tcr_execute/sd_o,0,1932,0.0,0.0
regfile_alu_waddr_ex_o_tag + sp_o_32,0,1932,0.0,0.0
ex_stage/hc_o + tcr_q,0,1792,0.0,0.0
lsu_reg/hc_o + tcr_q,0,1792,0.0,0.0
ex_stage/hc_o + tpr_q,0,1792,0.0,0.0
lsu_reg/hc_o + tpr_q,0,1792,0.0,0.0
id_group9/hc_o + tcr_q,0,1792,0.0,0.0
csr_group14/hc_o + tcr_q,0,1792,0.0,0.0
csr_group18/hc_o + tcr_q,0,1792,0.0,0.0
csr_group19/hc_o + tcr_q,0,1792,0.0,0.0
id_group9/hc_o + tpr_q,0,1792,0.0,0.0
csr_group14/hc_o + tpr_q,0,1792,0.0,0.0
csr_group18/hc_o + tpr_q,0,1792,0.0,0.0
csr_group19/hc_o + tpr_q,0,1792,0.0,0.0
csr_group20/hc_o + tpr_q,0,1792,0.0,0.0
lsu/hc_o + tcr_q,0,1792,0.0,0.0
lsu/hc_o + tpr_q,0,1792,0.0,0.0
data_type_q_tag + pc_id_o_tag,0,1680,0.0,0.0
data_type_q_tag + rf_reg[0],0,1680,0.0,0.0
rdata_offset_q_tag + rf_reg[0],0,1680,0.0,0.0
data_type_q_tag + rf_reg[2],0,1680,0.0,0.0
rdata_offset_q_tag + rf_reg[2],0,1680,0.0,0.0
data_type_q_tag + rf_reg[3],0,1680,0.0,0.0
rdata_offset_q_tag + rf_reg[3],0,1680,0.0,0.0
data_type_q_tag + rf_reg[4],0,1680,0.0,0.0
rdata_offset_q_tag + rf_reg[4],0,1680,0.0,0.0
data_type_q_tag + rf_reg[5],0,1680,0.0,0.0
rdata_offset_q_tag + rf_reg[5],0,1680,0.0,0.0
data_type_q_tag + rf_reg[6],0,1680,0.0,0.0
rdata_offset_q_tag + rf_reg[6],0,1680,0.0,0.0
data_type_q_tag + rf_reg[7],0,1680,0.0,0.0
rdata_offset_q_tag + rf_reg[7],0,1680,0.0,0.0
data_type_q_tag + rf_reg[8],0,1680,0.0,0.0
rdata_offset_q_tag + rf_reg[8],0,1680,0.0,0.0
data_type_q_tag + rf_reg[9],0,1680,0.0,0.0
rdata_offset_q_tag + rf_reg[9],0,1680,0.0,0.0
data_type_q_tag + rf_reg[10],0,1680,0.0,0.0
rdata_offset_q_tag + rf_reg[10],0,1680,0.0,0.0
data_type_q_tag + rf_reg[11],0,1680,0.0,0.0
rdata_offset_q_tag + rf_reg[11],0,1680,0.0,0.0
data_type_q_tag + rf_reg[12],0,1680,0.0,0.0
rdata_offset_q_tag + rf_reg[12],0,1680,0.0,0.0
data_type_q_tag + rf_reg[13],0,1680,0.0,0.0
rdata_offset_q_tag + rf_reg[13],0,1680,0.0,0.0
data_type_q_tag + rf_reg[14],0,1680,0.0,0.0
rdata_offset_q_tag + rf_reg[14],0,1680,0.0,0.0
data_type_q_tag + rf_reg[16],0,1680,0.0,0.0
rdata_offset_q_tag + rf_reg[16],0,1680,0.0,0.0
data_type_q_tag + rf_reg[17],0,1680,0.0,0.0
rdata_offset_q_tag + rf_reg[17],0,1680,0.0,0.0
data_type_q_tag + rf_reg[18],0,1680,0.0,0.0
rdata_offset_q_tag + rf_reg[18],0,1680,0.0,0.0
data_type_q_tag + rf_reg[19],0,1680,0.0,0.0
rdata_offset_q_tag + rf_reg[19],0,1680,0.0,0.0
data_type_q_tag + rf_reg[20],0,1680,0.0,0.0
rdata_offset_q_tag + rf_reg[20],0,1680,0.0,0.0
data_type_q_tag + rf_reg[21],0,1680,0.0,0.0
rdata_offset_q_tag + rf_reg[21],0,1680,0.0,0.0
data_type_q_tag + rf_reg[22],0,1680,0.0,0.0
rdata_offset_q_tag + rf_reg[22],0,1680,0.0,0.0
data_type_q_tag + rf_reg[23],0,1680,0.0,0.0
rdata_offset_q_tag + rf_reg[23],0,1680,0.0,0.0
data_type_q_tag + rf_reg[24],0,1680,0.0,0.0
rdata_offset_q_tag + rf_reg[24],0,1680,0.0,0.0
data_type_q_tag + rf_reg[25],0,1680,0.0,0.0
rdata_offset_q_tag + rf_reg[25],0,1680,0.0,0.0
data_type_q_tag + rf_reg[26],0,1680,0.0,0.0
rdata_offset_q_tag + rf_reg[26],0,1680,0.0,0.0
data_type_q_tag + rf_reg[27],0,1680,0.0,0.0
rdata_offset_q_tag + rf_reg[27],0,1680,0.0,0.0
data_type_q_tag + rf_reg[28],0,1680,0.0,0.0
rdata_offset_q_tag + rf_reg[28],0,1680,0.0,0.0
data_type_q_tag + rf_reg[29],0,1680,0.0,0.0
rdata_offset_q_tag + rf_reg[29],0,1680,0.0,0.0
data_type_q_tag + rf_reg[30],0,1680,0.0,0.0
rdata_offset_q_tag + rf_reg[30],0,1680,0.0,0.0
data_type_q_tag + rf_reg[31],0,1680,0.0,0.0
rdata_offset_q_tag + rf_reg[31],0,1680,0.0,0.0
hc_o_5 + sd_o_rf_tag,0,1512,0.0,0.0
sd_o_5 + tcr_q,0,1344,0.0,0.0
tcr_q + tpr/sd_o_32,0,1344,0.0,0.0
tcr/sd_o_32 + tcr_q,0,1344,0.0,0.0
sd_o_5 + tpr_q,0,1344,0.0,0.0
tpr/sd_o_32 + tpr_q,0,1344,0.0,0.0
tcr/sd_o_32 + tpr_q,0,1344,0.0,0.0
data_type_q_tag + pc_id_o_tag/hc_o,0,1120,0.0,0.0
data_type_q_tag + store_source_ex_o_tag/hc_o,0,1120,0.0,0.0
alu_operand_c_ex_o_tag/hc_o + data_type_q_tag,0,1120,0.0,0.0
check_s2_o_tag/hc_o + data_type_q_tag,0,1120,0.0,0.0
check_d_o_tag/hc_o + data_type_q_tag,0,1120,0.0,0.0
data_type_q_tag + register_set_o_tag/hc_o,0,1120,0.0,0.0
data_type_q_tag + is_store_post_o_tag/hc_o,0,1120,0.0,0.0
data_type_q_tag + rs1_o_tag/hc_o,0,1120,0.0,0.0
data_type_q_tag + data_we_q_tag/hc_o,0,1120,0.0,0.0
pc_id_o_tag/hc_o + rdata_offset_q_tag,0,1120,0.0,0.0
rdata_offset_q_tag + store_source_ex_o_tag/hc_o,0,1120,0.0,0.0
alu_operand_c_ex_o_tag/hc_o + rdata_offset_q_tag,0,1120,0.0,0.0
check_s2_o_tag/hc_o + rdata_offset_q_tag,0,1120,0.0,0.0
check_d_o_tag/hc_o + rdata_offset_q_tag,0,1120,0.0,0.0
rdata_offset_q_tag + register_set_o_tag/hc_o,0,1120,0.0,0.0
is_store_post_o_tag/hc_o + rdata_offset_q_tag,0,1120,0.0,0.0
rdata_offset_q_tag + rs1_o_tag/hc_o,0,1120,0.0,0.0
data_we_q_tag/hc_o + rdata_offset_q_tag,0,1120,0.0,0.0
pc_id_o_tag/hc_o + store_source_ex_o_tag/hc_o,0,1120,0.0,0.0
alu_operand_c_ex_o_tag/hc_o + pc_id_o_tag/hc_o,0,1120,0.0,0.0
check_s2_o_tag/hc_o + pc_id_o_tag/hc_o,0,1120,0.0,0.0
check_d_o_tag/hc_o + pc_id_o_tag/hc_o,0,1120,0.0,0.0
pc_id_o_tag/hc_o + register_set_o_tag/hc_o,0,1120,0.0,0.0
is_store_post_o_tag/hc_o + pc_id_o_tag/hc_o,0,1120,0.0,0.0
pc_id_o_tag/hc_o + rs1_o_tag/hc_o,0,1120,0.0,0.0
data_we_q_tag/hc_o + pc_id_o_tag/hc_o,0,1120,0.0,0.0
alu_operand_c_ex_o_tag/hc_o + store_source_ex_o_tag/hc_o,0,1120,0.0,0.0
check_s2_o_tag/hc_o + store_source_ex_o_tag/hc_o,0,1120,0.0,0.0
check_d_o_tag/hc_o + store_source_ex_o_tag/hc_o,0,1120,0.0,0.0
register_set_o_tag/hc_o + store_source_ex_o_tag/hc_o,0,1120,0.0,0.0
is_store_post_o_tag/hc_o + store_source_ex_o_tag/hc_o,0,1120,0.0,0.0
rs1_o_tag/hc_o + store_source_ex_o_tag/hc_o,0,1120,0.0,0.0
data_we_q_tag/hc_o + store_source_ex_o_tag/hc_o,0,1120,0.0,0.0
alu_operand_c_ex_o_tag/hc_o + check_s2_o_tag/hc_o,0,1120,0.0,0.0
alu_operand_c_ex_o_tag/hc_o + check_d_o_tag/hc_o,0,1120,0.0,0.0
alu_operand_c_ex_o_tag/hc_o + register_set_o_tag/hc_o,0,1120,0.0,0.0
alu_operand_c_ex_o_tag/hc_o + is_store_post_o_tag/hc_o,0,1120,0.0,0.0
alu_operand_c_ex_o_tag/hc_o + rs1_o_tag/hc_o,0,1120,0.0,0.0
alu_operand_c_ex_o_tag/hc_o + data_we_q_tag/hc_o,0,1120,0.0,0.0
check_d_o_tag/hc_o + check_s2_o_tag/hc_o,0,1120,0.0,0.0
check_s2_o_tag/hc_o + register_set_o_tag/hc_o,0,1120,0.0,0.0
check_s2_o_tag/hc_o + is_store_post_o_tag/hc_o,0,1120,0.0,0.0
check_s2_o_tag/hc_o + rs1_o_tag/hc_o,0,1120,0.0,0.0
check_s2_o_tag/hc_o + data_we_q_tag/hc_o,0,1120,0.0,0.0
check_d_o_tag/hc_o + register_set_o_tag/hc_o,0,1120,0.0,0.0
check_d_o_tag/hc_o + is_store_post_o_tag/hc_o,0,1120,0.0,0.0
check_d_o_tag/hc_o + rs1_o_tag/hc_o,0,1120,0.0,0.0
check_d_o_tag/hc_o + data_we_q_tag/hc_o,0,1120,0.0,0.0
is_store_post_o_tag/hc_o + register_set_o_tag/hc_o,0,1120,0.0,0.0
register_set_o_tag/hc_o + rs1_o_tag/hc_o,0,1120,0.0,0.0
data_we_q_tag/hc_o + register_set_o_tag/hc_o,0,1120,0.0,0.0
is_store_post_o_tag/hc_o + rs1_o_tag/hc_o,0,1120,0.0,0.0
data_we_q_tag/hc_o + is_store_post_o_tag/hc_o,0,1120,0.0,0.0
data_we_q_tag/hc_o + rs1_o_tag/hc_o,0,1120,0.0,0.0
rdata_offset_q_tag/hc_o + rf_reg[4],0,1064,0.0,0.0
data_type_q_tag/hc_o + rf_reg[4],0,1064,0.0,0.0
rdata_q_tag/hc_o + rf_reg[4],0,1064,0.0,0.0
rdata_offset_q_tag/hc_o + rf_reg[5],0,1064,0.0,0.0
data_type_q_tag/hc_o + rf_reg[5],0,1064,0.0,0.0
rdata_q_tag/hc_o + rf_reg[5],0,1064,0.0,0.0
rdata_offset_q_tag/hc_o + rf_reg[6],0,1064,0.0,0.0
data_type_q_tag/hc_o + rf_reg[6],0,1064,0.0,0.0
rdata_q_tag/hc_o + rf_reg[6],0,1064,0.0,0.0
rdata_offset_q_tag/hc_o + rf_reg[7],0,1064,0.0,0.0
data_type_q_tag/hc_o + rf_reg[7],0,1064,0.0,0.0
rdata_q_tag/hc_o + rf_reg[7],0,1064,0.0,0.0
rdata_offset_q_tag/hc_o + rf_reg[8],0,1064,0.0,0.0
data_type_q_tag/hc_o + rf_reg[8],0,1064,0.0,0.0
rdata_q_tag/hc_o + rf_reg[8],0,1064,0.0,0.0
rdata_offset_q_tag/hc_o + rf_reg[9],0,1064,0.0,0.0
data_type_q_tag/hc_o + rf_reg[9],0,1064,0.0,0.0
rdata_q_tag/hc_o + rf_reg[9],0,1064,0.0,0.0
rdata_offset_q_tag/hc_o + rf_reg[10],0,1064,0.0,0.0
data_type_q_tag/hc_o + rf_reg[10],0,1064,0.0,0.0
rdata_q_tag/hc_o + rf_reg[10],0,1064,0.0,0.0
rdata_offset_q_tag/hc_o + rf_reg[11],0,1064,0.0,0.0
data_type_q_tag/hc_o + rf_reg[11],0,1064,0.0,0.0
rdata_q_tag/hc_o + rf_reg[11],0,1064,0.0,0.0
rdata_offset_q_tag/hc_o + rf_reg[12],0,1064,0.0,0.0
data_type_q_tag/hc_o + rf_reg[12],0,1064,0.0,0.0
rdata_q_tag/hc_o + rf_reg[12],0,1064,0.0,0.0
alu_operand_b_ex_o_tag + rdata_offset_q_tag/hc_o,0,1064,0.0,0.0
alu_operand_b_ex_o_tag + data_type_q_tag/hc_o,0,1064,0.0,0.0
alu_operand_b_ex_o_tag + rdata_q_tag/hc_o,0,1064,0.0,0.0
rdata_offset_q_tag/hc_o + rf_reg[13],0,1064,0.0,0.0
data_type_q_tag/hc_o + rf_reg[13],0,1064,0.0,0.0
rdata_q_tag/hc_o + rf_reg[13],0,1064,0.0,0.0
rdata_offset_q_tag/hc_o + rf_reg[14],0,1064,0.0,0.0
data_type_q_tag/hc_o + rf_reg[14],0,1064,0.0,0.0
rdata_q_tag/hc_o + rf_reg[14],0,1064,0.0,0.0
rdata_offset_q_tag/hc_o + rf_reg[15],0,1064,0.0,0.0
data_type_q_tag/hc_o + rf_reg[15],0,1064,0.0,0.0
rdata_q_tag/hc_o + rf_reg[15],0,1064,0.0,0.0
rdata_offset_q_tag/hc_o + rf_reg[16],0,1064,0.0,0.0
data_type_q_tag/hc_o + rf_reg[16],0,1064,0.0,0.0
rdata_q_tag/hc_o + rf_reg[16],0,1064,0.0,0.0
rdata_offset_q_tag/hc_o + rf_reg[17],0,1064,0.0,0.0
data_type_q_tag/hc_o + rf_reg[17],0,1064,0.0,0.0
rdata_q_tag/hc_o + rf_reg[17],0,1064,0.0,0.0
rdata_offset_q_tag/hc_o + rf_reg[18],0,1064,0.0,0.0
data_type_q_tag/hc_o + rf_reg[18],0,1064,0.0,0.0
rdata_q_tag/hc_o + rf_reg[18],0,1064,0.0,0.0
rdata_offset_q_tag/hc_o + rf_reg[19],0,1064,0.0,0.0
data_type_q_tag/hc_o + rf_reg[19],0,1064,0.0,0.0
rdata_q_tag/hc_o + rf_reg[19],0,1064,0.0,0.0
rdata_offset_q_tag/hc_o + rf_reg[20],0,1064,0.0,0.0
data_type_q_tag/hc_o + rf_reg[20],0,1064,0.0,0.0
rdata_q_tag/hc_o + rf_reg[20],0,1064,0.0,0.0
rdata_offset_q_tag/hc_o + rf_reg[21],0,1064,0.0,0.0
data_type_q_tag/hc_o + rf_reg[21],0,1064,0.0,0.0
rdata_q_tag/hc_o + rf_reg[21],0,1064,0.0,0.0
rdata_offset_q_tag/hc_o + rf_reg[22],0,1064,0.0,0.0
data_type_q_tag/hc_o + rf_reg[22],0,1064,0.0,0.0
rdata_q_tag/hc_o + rf_reg[22],0,1064,0.0,0.0
rdata_offset_q_tag/hc_o + rf_reg[23],0,1064,0.0,0.0
data_type_q_tag/hc_o + rf_reg[23],0,1064,0.0,0.0
rdata_q_tag/hc_o + rf_reg[23],0,1064,0.0,0.0
rdata_offset_q_tag/hc_o + rf_reg[24],0,1064,0.0,0.0
data_type_q_tag/hc_o + rf_reg[24],0,1064,0.0,0.0
rdata_q_tag/hc_o + rf_reg[24],0,1064,0.0,0.0
rdata_offset_q_tag/hc_o + rf_reg[25],0,1064,0.0,0.0
data_type_q_tag/hc_o + rf_reg[25],0,1064,0.0,0.0
rdata_q_tag/hc_o + rf_reg[25],0,1064,0.0,0.0
alu_operand_c_ex_o_tag + rdata_offset_q_tag/hc_o,0,1064,0.0,0.0
alu_operand_c_ex_o_tag + data_type_q_tag/hc_o,0,1064,0.0,0.0
alu_operand_c_ex_o_tag + rdata_q_tag/hc_o,0,1064,0.0,0.0
rdata_offset_q_tag/hc_o + rf_reg[26],0,1064,0.0,0.0
data_type_q_tag/hc_o + rf_reg[26],0,1064,0.0,0.0
rdata_q_tag/hc_o + rf_reg[26],0,1064,0.0,0.0
rdata_offset_q_tag/hc_o + rf_reg[27],0,1064,0.0,0.0
data_type_q_tag/hc_o + rf_reg[27],0,1064,0.0,0.0
rdata_q_tag/hc_o + rf_reg[27],0,1064,0.0,0.0
rdata_offset_q_tag/hc_o + rf_reg[28],0,1064,0.0,0.0
data_type_q_tag/hc_o + rf_reg[28],0,1064,0.0,0.0
rdata_q_tag/hc_o + rf_reg[28],0,1064,0.0,0.0
rdata_offset_q_tag/hc_o + rf_reg[29],0,1064,0.0,0.0
data_type_q_tag/hc_o + rf_reg[29],0,1064,0.0,0.0
rdata_q_tag/hc_o + rf_reg[29],0,1064,0.0,0.0
rdata_offset_q_tag/hc_o + rf_reg[30],0,1064,0.0,0.0
data_type_q_tag/hc_o + rf_reg[30],0,1064,0.0,0.0
rdata_q_tag/hc_o + rf_reg[30],0,1064,0.0,0.0
rdata_offset_q_tag/hc_o + rf_reg[31],0,1064,0.0,0.0
data_type_q_tag/hc_o + rf_reg[31],0,1064,0.0,0.0
rdata_q_tag/hc_o + rf_reg[31],0,1064,0.0,0.0
rdata_offset_q_tag/hc_o + rs1_o_tag,0,1064,0.0,0.0
data_type_q_tag/hc_o + rs1_o_tag,0,1064,0.0,0.0
rdata_q_tag/hc_o + rs1_o_tag,0,1064,0.0,0.0
data_we_q_tag + rdata_offset_q_tag/hc_o,0,1064,0.0,0.0
data_type_q_tag/hc_o + data_we_q_tag,0,1064,0.0,0.0
data_we_q_tag + rdata_q_tag/hc_o,0,1064,0.0,0.0
check_d_o_tag + rdata_offset_q_tag/hc_o,0,1064,0.0,0.0
check_d_o_tag + data_type_q_tag/hc_o,0,1064,0.0,0.0
check_d_o_tag + rdata_q_tag/hc_o,0,1064,0.0,0.0
check_s1_o_tag + rdata_offset_q_tag/hc_o,0,1064,0.0,0.0
check_s1_o_tag + data_type_q_tag/hc_o,0,1064,0.0,0.0
check_s1_o_tag + rdata_q_tag/hc_o,0,1064,0.0,0.0
pc_id_o_tag + rdata_offset_q_tag/hc_o,0,1064,0.0,0.0
data_type_q_tag/hc_o + pc_id_o_tag,0,1064,0.0,0.0
pc_id_o_tag + rdata_q_tag/hc_o,0,1064,0.0,0.0
check_s2_o_tag + rdata_offset_q_tag/hc_o,0,1064,0.0,0.0
check_s2_o_tag + data_type_q_tag/hc_o,0,1064,0.0,0.0
check_s2_o_tag + rdata_q_tag/hc_o,0,1064,0.0,0.0
is_store_post_o_tag + rdata_offset_q_tag/hc_o,0,1064,0.0,0.0
data_type_q_tag/hc_o + is_store_post_o_tag,0,1064,0.0,0.0
is_store_post_o_tag + rdata_q_tag/hc_o,0,1064,0.0,0.0
memory_set_o_tag + rdata_offset_q_tag/hc_o,0,1064,0.0,0.0
data_type_q_tag/hc_o + memory_set_o_tag,0,1064,0.0,0.0
memory_set_o_tag + rdata_q_tag/hc_o,0,1064,0.0,0.0
pc_if_o_tag + rdata_offset_q_tag/hc_o,0,1064,0.0,0.0
data_type_q_tag/hc_o + pc_if_o_tag,0,1064,0.0,0.0
pc_if_o_tag + rdata_q_tag/hc_o,0,1064,0.0,0.0
rdata_offset_q_tag/hc_o + register_set_o_tag,0,1064,0.0,0.0
data_type_q_tag/hc_o + register_set_o_tag,0,1064,0.0,0.0
rdata_q_tag/hc_o + register_set_o_tag,0,1064,0.0,0.0
rdata_offset_q_tag/hc_o + store_dest_addr_ex_o_tag,0,1064,0.0,0.0
data_type_q_tag/hc_o + store_dest_addr_ex_o_tag,0,1064,0.0,0.0
rdata_q_tag/hc_o + store_dest_addr_ex_o_tag,0,1064,0.0,0.0
rdata_offset_q_tag/hc_o + store_source_ex_o_tag,0,1064,0.0,0.0
data_type_q_tag/hc_o + store_source_ex_o_tag,0,1064,0.0,0.0
rdata_q_tag/hc_o + store_source_ex_o_tag,0,1064,0.0,0.0
rdata_offset_q_tag/hc_o + use_store_ops_ex_o,0,1064,0.0,0.0
data_type_q_tag/hc_o + use_store_ops_ex_o,0,1064,0.0,0.0
rdata_q_tag/hc_o + use_store_ops_ex_o,0,1064,0.0,0.0
alu_operand_a_ex_o_tag + rdata_offset_q_tag/hc_o,0,1064,0.0,0.0
alu_operand_a_ex_o_tag + data_type_q_tag/hc_o,0,1064,0.0,0.0
alu_operand_a_ex_o_tag + rdata_q_tag/hc_o,0,1064,0.0,0.0
rdata_offset_q_tag/hc_o + rf_reg[0],0,1064,0.0,0.0
data_type_q_tag/hc_o + rf_reg[0],0,1064,0.0,0.0
rdata_q_tag/hc_o + rf_reg[0],0,1064,0.0,0.0
rdata_offset_q_tag/hc_o + rf_reg[1],0,1064,0.0,0.0
data_type_q_tag/hc_o + rf_reg[1],0,1064,0.0,0.0
rdata_q_tag/hc_o + rf_reg[1],0,1064,0.0,0.0
rdata_offset_q_tag/hc_o + rf_reg[2],0,1064,0.0,0.0
data_type_q_tag/hc_o + rf_reg[2],0,1064,0.0,0.0
rdata_q_tag/hc_o + rf_reg[2],0,1064,0.0,0.0
rdata_offset_q_tag/hc_o + rf_reg[3],0,1064,0.0,0.0
data_type_q_tag/hc_o + rf_reg[3],0,1064,0.0,0.0
rdata_q_tag/hc_o + rf_reg[3],0,1064,0.0,0.0
data_type_q_tag + tpr_arith/hc_o,0,1064,0.0,0.0
data_type_q_tag + tpr_branch/hc_o,0,1064,0.0,0.0
data_type_q_tag + tpr_jump/hc_o,0,1064,0.0,0.0
data_type_q_tag + tpr_shift/hc_o,0,1064,0.0,0.0
data_type_q_tag + tpr_comparison/hc_o,0,1064,0.0,0.0
data_type_q_tag + tpr_logical/hc_o,0,1064,0.0,0.0
data_type_q_tag + tcr_arith/hc_o,0,1064,0.0,0.0
data_type_q_tag + tcr_branch/hc_o,0,1064,0.0,0.0
data_type_q_tag + tcr_jump/hc_o,0,1064,0.0,0.0
data_type_q_tag + tcr_shift/hc_o,0,1064,0.0,0.0
data_type_q_tag + tcr_comparison/hc_o,0,1064,0.0,0.0
data_type_q_tag + tcr_logical/hc_o,0,1064,0.0,0.0
rdata_offset_q_tag + tpr_arith/hc_o,0,1064,0.0,0.0
rdata_offset_q_tag + tpr_branch/hc_o,0,1064,0.0,0.0
rdata_offset_q_tag + tpr_jump/hc_o,0,1064,0.0,0.0
rdata_offset_q_tag + tpr_shift/hc_o,0,1064,0.0,0.0
rdata_offset_q_tag + tpr_comparison/hc_o,0,1064,0.0,0.0
rdata_offset_q_tag + tpr_logical/hc_o,0,1064,0.0,0.0
rdata_offset_q_tag + tcr_arith/hc_o,0,1064,0.0,0.0
rdata_offset_q_tag + tcr_branch/hc_o,0,1064,0.0,0.0
rdata_offset_q_tag + tcr_jump/hc_o,0,1064,0.0,0.0
rdata_offset_q_tag + tcr_shift/hc_o,0,1064,0.0,0.0
rdata_offset_q_tag + tcr_comparison/hc_o,0,1064,0.0,0.0
rdata_offset_q_tag + tcr_logical/hc_o,0,1064,0.0,0.0
pc_id_o_tag/hc_o + tpr_arith/hc_o,0,1064,0.0,0.0
pc_id_o_tag/hc_o + tpr_branch/hc_o,0,1064,0.0,0.0
pc_id_o_tag/hc_o + tpr_jump/hc_o,0,1064,0.0,0.0
pc_id_o_tag/hc_o + tpr_shift/hc_o,0,1064,0.0,0.0
pc_id_o_tag/hc_o + tpr_comparison/hc_o,0,1064,0.0,0.0
pc_id_o_tag/hc_o + tpr_logical/hc_o,0,1064,0.0,0.0
pc_id_o_tag/hc_o + tcr_arith/hc_o,0,1064,0.0,0.0
pc_id_o_tag/hc_o + tcr_branch/hc_o,0,1064,0.0,0.0
pc_id_o_tag/hc_o + tcr_jump/hc_o,0,1064,0.0,0.0
pc_id_o_tag/hc_o + tcr_shift/hc_o,0,1064,0.0,0.0
pc_id_o_tag/hc_o + tcr_comparison/hc_o,0,1064,0.0,0.0
pc_id_o_tag/hc_o + tcr_logical/hc_o,0,1064,0.0,0.0
store_source_ex_o_tag/hc_o + tpr_arith/hc_o,0,1064,0.0,0.0
store_source_ex_o_tag/hc_o + tpr_branch/hc_o,0,1064,0.0,0.0
store_source_ex_o_tag/hc_o + tpr_jump/hc_o,0,1064,0.0,0.0
store_source_ex_o_tag/hc_o + tpr_shift/hc_o,0,1064,0.0,0.0
store_source_ex_o_tag/hc_o + tpr_comparison/hc_o,0,1064,0.0,0.0
store_source_ex_o_tag/hc_o + tpr_logical/hc_o,0,1064,0.0,0.0
store_source_ex_o_tag/hc_o + tcr_arith/hc_o,0,1064,0.0,0.0
store_source_ex_o_tag/hc_o + tcr_branch/hc_o,0,1064,0.0,0.0
store_source_ex_o_tag/hc_o + tcr_jump/hc_o,0,1064,0.0,0.0
store_source_ex_o_tag/hc_o + tcr_shift/hc_o,0,1064,0.0,0.0
store_source_ex_o_tag/hc_o + tcr_comparison/hc_o,0,1064,0.0,0.0
store_source_ex_o_tag/hc_o + tcr_logical/hc_o,0,1064,0.0,0.0
alu_operand_c_ex_o_tag/hc_o + tpr_arith/hc_o,0,1064,0.0,0.0
alu_operand_c_ex_o_tag/hc_o + tpr_branch/hc_o,0,1064,0.0,0.0
alu_operand_c_ex_o_tag/hc_o + tpr_jump/hc_o,0,1064,0.0,0.0
alu_operand_c_ex_o_tag/hc_o + tpr_shift/hc_o,0,1064,0.0,0.0
alu_operand_c_ex_o_tag/hc_o + tpr_comparison/hc_o,0,1064,0.0,0.0
alu_operand_c_ex_o_tag/hc_o + tpr_logical/hc_o,0,1064,0.0,0.0
alu_operand_c_ex_o_tag/hc_o + tcr_arith/hc_o,0,1064,0.0,0.0
alu_operand_c_ex_o_tag/hc_o + tcr_branch/hc_o,0,1064,0.0,0.0
alu_operand_c_ex_o_tag/hc_o + tcr_jump/hc_o,0,1064,0.0,0.0
alu_operand_c_ex_o_tag/hc_o + tcr_shift/hc_o,0,1064,0.0,0.0
alu_operand_c_ex_o_tag/hc_o + tcr_comparison/hc_o,0,1064,0.0,0.0
alu_operand_c_ex_o_tag/hc_o + tcr_logical/hc_o,0,1064,0.0,0.0
check_s2_o_tag/hc_o + tpr_arith/hc_o,0,1064,0.0,0.0
check_s2_o_tag/hc_o + tpr_branch/hc_o,0,1064,0.0,0.0
check_s2_o_tag/hc_o + tpr_jump/hc_o,0,1064,0.0,0.0
check_s2_o_tag/hc_o + tpr_shift/hc_o,0,1064,0.0,0.0
check_s2_o_tag/hc_o + tpr_comparison/hc_o,0,1064,0.0,0.0
check_s2_o_tag/hc_o + tpr_logical/hc_o,0,1064,0.0,0.0
check_s2_o_tag/hc_o + tcr_arith/hc_o,0,1064,0.0,0.0
check_s2_o_tag/hc_o + tcr_branch/hc_o,0,1064,0.0,0.0
check_s2_o_tag/hc_o + tcr_jump/hc_o,0,1064,0.0,0.0
check_s2_o_tag/hc_o + tcr_shift/hc_o,0,1064,0.0,0.0
check_s2_o_tag/hc_o + tcr_comparison/hc_o,0,1064,0.0,0.0
check_s2_o_tag/hc_o + tcr_logical/hc_o,0,1064,0.0,0.0
check_d_o_tag/hc_o + tpr_arith/hc_o,0,1064,0.0,0.0
check_d_o_tag/hc_o + tpr_branch/hc_o,0,1064,0.0,0.0
check_d_o_tag/hc_o + tpr_jump/hc_o,0,1064,0.0,0.0
check_d_o_tag/hc_o + tpr_shift/hc_o,0,1064,0.0,0.0
check_d_o_tag/hc_o + tpr_comparison/hc_o,0,1064,0.0,0.0
check_d_o_tag/hc_o + tpr_logical/hc_o,0,1064,0.0,0.0
check_d_o_tag/hc_o + tcr_arith/hc_o,0,1064,0.0,0.0
check_d_o_tag/hc_o + tcr_branch/hc_o,0,1064,0.0,0.0
check_d_o_tag/hc_o + tcr_jump/hc_o,0,1064,0.0,0.0
check_d_o_tag/hc_o + tcr_shift/hc_o,0,1064,0.0,0.0
check_d_o_tag/hc_o + tcr_comparison/hc_o,0,1064,0.0,0.0
check_d_o_tag/hc_o + tcr_logical/hc_o,0,1064,0.0,0.0
register_set_o_tag/hc_o + tpr_arith/hc_o,0,1064,0.0,0.0
register_set_o_tag/hc_o + tpr_branch/hc_o,0,1064,0.0,0.0
register_set_o_tag/hc_o + tpr_jump/hc_o,0,1064,0.0,0.0
register_set_o_tag/hc_o + tpr_shift/hc_o,0,1064,0.0,0.0
register_set_o_tag/hc_o + tpr_comparison/hc_o,0,1064,0.0,0.0
register_set_o_tag/hc_o + tpr_logical/hc_o,0,1064,0.0,0.0
register_set_o_tag/hc_o + tcr_arith/hc_o,0,1064,0.0,0.0
register_set_o_tag/hc_o + tcr_branch/hc_o,0,1064,0.0,0.0
register_set_o_tag/hc_o + tcr_jump/hc_o,0,1064,0.0,0.0
register_set_o_tag/hc_o + tcr_shift/hc_o,0,1064,0.0,0.0
register_set_o_tag/hc_o + tcr_comparison/hc_o,0,1064,0.0,0.0
register_set_o_tag/hc_o + tcr_logical/hc_o,0,1064,0.0,0.0
is_store_post_o_tag/hc_o + tpr_arith/hc_o,0,1064,0.0,0.0
is_store_post_o_tag/hc_o + tpr_branch/hc_o,0,1064,0.0,0.0
is_store_post_o_tag/hc_o + tpr_jump/hc_o,0,1064,0.0,0.0
is_store_post_o_tag/hc_o + tpr_shift/hc_o,0,1064,0.0,0.0
is_store_post_o_tag/hc_o + tpr_comparison/hc_o,0,1064,0.0,0.0
is_store_post_o_tag/hc_o + tpr_logical/hc_o,0,1064,0.0,0.0
is_store_post_o_tag/hc_o + tcr_arith/hc_o,0,1064,0.0,0.0
is_store_post_o_tag/hc_o + tcr_branch/hc_o,0,1064,0.0,0.0
is_store_post_o_tag/hc_o + tcr_jump/hc_o,0,1064,0.0,0.0
is_store_post_o_tag/hc_o + tcr_shift/hc_o,0,1064,0.0,0.0
is_store_post_o_tag/hc_o + tcr_comparison/hc_o,0,1064,0.0,0.0
is_store_post_o_tag/hc_o + tcr_logical/hc_o,0,1064,0.0,0.0
rs1_o_tag/hc_o + tpr_arith/hc_o,0,1064,0.0,0.0
rs1_o_tag/hc_o + tpr_branch/hc_o,0,1064,0.0,0.0
rs1_o_tag/hc_o + tpr_jump/hc_o,0,1064,0.0,0.0
rs1_o_tag/hc_o + tpr_shift/hc_o,0,1064,0.0,0.0
rs1_o_tag/hc_o + tpr_comparison/hc_o,0,1064,0.0,0.0
rs1_o_tag/hc_o + tpr_logical/hc_o,0,1064,0.0,0.0
rs1_o_tag/hc_o + tcr_arith/hc_o,0,1064,0.0,0.0
rs1_o_tag/hc_o + tcr_branch/hc_o,0,1064,0.0,0.0
rs1_o_tag/hc_o + tcr_jump/hc_o,0,1064,0.0,0.0
rs1_o_tag/hc_o + tcr_shift/hc_o,0,1064,0.0,0.0
rs1_o_tag/hc_o + tcr_comparison/hc_o,0,1064,0.0,0.0
rs1_o_tag/hc_o + tcr_logical/hc_o,0,1064,0.0,0.0
data_we_q_tag/hc_o + tpr_arith/hc_o,0,1064,0.0,0.0
data_we_q_tag/hc_o + tpr_branch/hc_o,0,1064,0.0,0.0
data_we_q_tag/hc_o + tpr_jump/hc_o,0,1064,0.0,0.0
data_we_q_tag/hc_o + tpr_shift/hc_o,0,1064,0.0,0.0
data_we_q_tag/hc_o + tpr_comparison/hc_o,0,1064,0.0,0.0
data_we_q_tag/hc_o + tpr_logical/hc_o,0,1064,0.0,0.0
data_we_q_tag/hc_o + tcr_arith/hc_o,0,1064,0.0,0.0
data_we_q_tag/hc_o + tcr_branch/hc_o,0,1064,0.0,0.0
data_we_q_tag/hc_o + tcr_jump/hc_o,0,1064,0.0,0.0
data_we_q_tag/hc_o + tcr_shift/hc_o,0,1064,0.0,0.0
data_we_q_tag/hc_o + tcr_comparison/hc_o,0,1064,0.0,0.0
data_we_q_tag/hc_o + tcr_logical/hc_o,0,1064,0.0,0.0
data_type_q_tag + id_group6/hc_o,0,1064,0.0,0.0
data_type_q_tag + id_group7/hc_o,0,1064,0.0,0.0
data_type_q_tag + id_group8/hc_o,0,1064,0.0,0.0
csr_group0/hc_o + data_type_q_tag,0,1064,0.0,0.0
csr_group1/hc_o + data_type_q_tag,0,1064,0.0,0.0
csr_group2/hc_o + data_type_q_tag,0,1064,0.0,0.0
csr_group3/hc_o + data_type_q_tag,0,1064,0.0,0.0
csr_group4/hc_o + data_type_q_tag,0,1064,0.0,0.0
csr_group5/hc_o + data_type_q_tag,0,1064,0.0,0.0
csr_group6/hc_o + data_type_q_tag,0,1064,0.0,0.0
csr_group7/hc_o + data_type_q_tag,0,1064,0.0,0.0
csr_group8/hc_o + data_type_q_tag,0,1064,0.0,0.0
csr_group9/hc_o + data_type_q_tag,0,1064,0.0,0.0
csr_group10/hc_o + data_type_q_tag,0,1064,0.0,0.0
csr_group11/hc_o + data_type_q_tag,0,1064,0.0,0.0
csr_group13/hc_o + data_type_q_tag,0,1064,0.0,0.0
csr_group16/hc_o + data_type_q_tag,0,1064,0.0,0.0
csr_group17/hc_o + data_type_q_tag,0,1064,0.0,0.0
data_type_q_tag + lsu_group1/hc_o,0,1064,0.0,0.0
data_type_q_tag + lsu_group2/hc_o,0,1064,0.0,0.0
data_type_q_tag + lsu_group3/hc_o,0,1064,0.0,0.0
data_type_q_tag + lsu_group4/hc_o,0,1064,0.0,0.0
data_type_q_tag + lsu_group5/hc_o,0,1064,0.0,0.0
alu_operator_o_mode + id_group6/hc_o,0,1064,0.0,0.0
alu_operator_o_mode + id_group7/hc_o,0,1064,0.0,0.0
id_group6/hc_o + rdata_offset_q_tag,0,1064,0.0,0.0
id_group7/hc_o + rdata_offset_q_tag,0,1064,0.0,0.0
id_group8/hc_o + rdata_offset_q_tag,0,1064,0.0,0.0
csr_group0/hc_o + rdata_offset_q_tag,0,1064,0.0,0.0
csr_group1/hc_o + rdata_offset_q_tag,0,1064,0.0,0.0
csr_group2/hc_o + rdata_offset_q_tag,0,1064,0.0,0.0
csr_group3/hc_o + rdata_offset_q_tag,0,1064,0.0,0.0
csr_group4/hc_o + rdata_offset_q_tag,0,1064,0.0,0.0
csr_group5/hc_o + rdata_offset_q_tag,0,1064,0.0,0.0
csr_group6/hc_o + rdata_offset_q_tag,0,1064,0.0,0.0
csr_group7/hc_o + rdata_offset_q_tag,0,1064,0.0,0.0
csr_group8/hc_o + rdata_offset_q_tag,0,1064,0.0,0.0
csr_group9/hc_o + rdata_offset_q_tag,0,1064,0.0,0.0
csr_group10/hc_o + rdata_offset_q_tag,0,1064,0.0,0.0
csr_group11/hc_o + rdata_offset_q_tag,0,1064,0.0,0.0
csr_group13/hc_o + rdata_offset_q_tag,0,1064,0.0,0.0
csr_group16/hc_o + rdata_offset_q_tag,0,1064,0.0,0.0
csr_group17/hc_o + rdata_offset_q_tag,0,1064,0.0,0.0
lsu_group1/hc_o + rdata_offset_q_tag,0,1064,0.0,0.0
lsu_group2/hc_o + rdata_offset_q_tag,0,1064,0.0,0.0
lsu_group3/hc_o + rdata_offset_q_tag,0,1064,0.0,0.0
lsu_group4/hc_o + rdata_offset_q_tag,0,1064,0.0,0.0
lsu_group5/hc_o + rdata_offset_q_tag,0,1064,0.0,0.0
alu_operator_o_mode + id_group8/hc_o,0,1064,0.0,0.0
alu_operator_o_mode + csr_group0/hc_o,0,1064,0.0,0.0
alu_operator_o_mode + csr_group1/hc_o,0,1064,0.0,0.0
alu_operator_o_mode + csr_group2/hc_o,0,1064,0.0,0.0
alu_operator_o_mode + csr_group3/hc_o,0,1064,0.0,0.0
alu_operator_o_mode + csr_group4/hc_o,0,1064,0.0,0.0
alu_operator_o_mode + csr_group5/hc_o,0,1064,0.0,0.0
alu_operator_o_mode + csr_group6/hc_o,0,1064,0.0,0.0
alu_operator_o_mode + csr_group7/hc_o,0,1064,0.0,0.0
alu_operator_o_mode + csr_group8/hc_o,0,1064,0.0,0.0
alu_operator_o_mode + csr_group9/hc_o,0,1064,0.0,0.0
alu_operator_o_mode + csr_group10/hc_o,0,1064,0.0,0.0
alu_operator_o_mode + csr_group11/hc_o,0,1064,0.0,0.0
alu_operator_o_mode + csr_group13/hc_o,0,1064,0.0,0.0
alu_operator_o_mode + csr_group16/hc_o,0,1064,0.0,0.0
alu_operator_o_mode + csr_group17/hc_o,0,1064,0.0,0.0
alu_operator_o_mode + lsu_group1/hc_o,0,1064,0.0,0.0
alu_operator_o_mode + lsu_group2/hc_o,0,1064,0.0,0.0
alu_operator_o_mode + lsu_group3/hc_o,0,1064,0.0,0.0
alu_operator_o_mode + lsu_group4/hc_o,0,1064,0.0,0.0
alu_operator_o_mode + lsu_group5/hc_o,0,1064,0.0,0.0
csr_group14/hc_o + id_group6/hc_o,0,1064,0.0,0.0
csr_group18/hc_o + id_group6/hc_o,0,1064,0.0,0.0
csr_group19/hc_o + id_group6/hc_o,0,1064,0.0,0.0
csr_group14/hc_o + id_group7/hc_o,0,1064,0.0,0.0
csr_group18/hc_o + id_group7/hc_o,0,1064,0.0,0.0
csr_group19/hc_o + id_group7/hc_o,0,1064,0.0,0.0
csr_group14/hc_o + id_group8/hc_o,0,1064,0.0,0.0
csr_group18/hc_o + id_group8/hc_o,0,1064,0.0,0.0
csr_group19/hc_o + id_group8/hc_o,0,1064,0.0,0.0
csr_group0/hc_o + csr_group14/hc_o,0,1064,0.0,0.0
csr_group0/hc_o + csr_group18/hc_o,0,1064,0.0,0.0
csr_group0/hc_o + csr_group19/hc_o,0,1064,0.0,0.0
csr_group1/hc_o + csr_group14/hc_o,0,1064,0.0,0.0
csr_group1/hc_o + csr_group18/hc_o,0,1064,0.0,0.0
csr_group1/hc_o + csr_group19/hc_o,0,1064,0.0,0.0
csr_group14/hc_o + csr_group2/hc_o,0,1064,0.0,0.0
csr_group18/hc_o + csr_group2/hc_o,0,1064,0.0,0.0
csr_group19/hc_o + csr_group2/hc_o,0,1064,0.0,0.0
csr_group14/hc_o + csr_group3/hc_o,0,1064,0.0,0.0
csr_group18/hc_o + csr_group3/hc_o,0,1064,0.0,0.0
csr_group19/hc_o + csr_group3/hc_o,0,1064,0.0,0.0
csr_group14/hc_o + csr_group4/hc_o,0,1064,0.0,0.0
csr_group18/hc_o + csr_group4/hc_o,0,1064,0.0,0.0
csr_group19/hc_o + csr_group4/hc_o,0,1064,0.0,0.0
csr_group14/hc_o + csr_group5/hc_o,0,1064,0.0,0.0
csr_group18/hc_o + csr_group5/hc_o,0,1064,0.0,0.0
csr_group19/hc_o + csr_group5/hc_o,0,1064,0.0,0.0
csr_group14/hc_o + csr_group6/hc_o,0,1064,0.0,0.0
csr_group18/hc_o + csr_group6/hc_o,0,1064,0.0,0.0
csr_group19/hc_o + csr_group6/hc_o,0,1064,0.0,0.0
csr_group14/hc_o + csr_group7/hc_o,0,1064,0.0,0.0
csr_group18/hc_o + csr_group7/hc_o,0,1064,0.0,0.0
csr_group19/hc_o + csr_group7/hc_o,0,1064,0.0,0.0
csr_group14/hc_o + csr_group8/hc_o,0,1064,0.0,0.0
csr_group18/hc_o + csr_group8/hc_o,0,1064,0.0,0.0
csr_group19/hc_o + csr_group8/hc_o,0,1064,0.0,0.0
csr_group14/hc_o + csr_group9/hc_o,0,1064,0.0,0.0
csr_group18/hc_o + csr_group9/hc_o,0,1064,0.0,0.0
csr_group19/hc_o + csr_group9/hc_o,0,1064,0.0,0.0
csr_group10/hc_o + csr_group14/hc_o,0,1064,0.0,0.0
csr_group10/hc_o + csr_group18/hc_o,0,1064,0.0,0.0
csr_group10/hc_o + csr_group19/hc_o,0,1064,0.0,0.0
csr_group11/hc_o + csr_group14/hc_o,0,1064,0.0,0.0
csr_group11/hc_o + csr_group18/hc_o,0,1064,0.0,0.0
csr_group11/hc_o + csr_group19/hc_o,0,1064,0.0,0.0
csr_group13/hc_o + csr_group14/hc_o,0,1064,0.0,0.0
csr_group13/hc_o + csr_group19/hc_o,0,1064,0.0,0.0
csr_group14/hc_o + csr_group16/hc_o,0,1064,0.0,0.0
csr_group14/hc_o + csr_group17/hc_o,0,1064,0.0,0.0
csr_group14/hc_o + lsu_group1/hc_o,0,1064,0.0,0.0
csr_group14/hc_o + lsu_group2/hc_o,0,1064,0.0,0.0
csr_group14/hc_o + lsu_group3/hc_o,0,1064,0.0,0.0
csr_group14/hc_o + lsu_group4/hc_o,0,1064,0.0,0.0
csr_group14/hc_o + lsu_group5/hc_o,0,1064,0.0,0.0
csr_group16/hc_o + csr_group18/hc_o,0,1064,0.0,0.0
csr_group16/hc_o + csr_group19/hc_o,0,1064,0.0,0.0
csr_group17/hc_o + csr_group18/hc_o,0,1064,0.0,0.0
csr_group17/hc_o + csr_group19/hc_o,0,1064,0.0,0.0
csr_group18/hc_o + lsu_group1/hc_o,0,1064,0.0,0.0
csr_group18/hc_o + lsu_group2/hc_o,0,1064,0.0,0.0
csr_group18/hc_o + lsu_group3/hc_o,0,1064,0.0,0.0
csr_group18/hc_o + lsu_group4/hc_o,0,1064,0.0,0.0
csr_group18/hc_o + lsu_group5/hc_o,0,1064,0.0,0.0
csr_group19/hc_o + lsu_group1/hc_o,0,1064,0.0,0.0
csr_group19/hc_o + lsu_group2/hc_o,0,1064,0.0,0.0
csr_group19/hc_o + lsu_group3/hc_o,0,1064,0.0,0.0
csr_group19/hc_o + lsu_group4/hc_o,0,1064,0.0,0.0
csr_group19/hc_o + lsu_group5/hc_o,0,1064,0.0,0.0
data_type_q_tag + lsu_reg/hc_o,0,1008,0.0,0.0
lsu_reg/hc_o + rdata_offset_q_tag,0,1008,0.0,0.0
ex_stage/hc_o + lsu_reg/hc_o,0,1008,0.0,0.0
hc_o_5 + tpr/sd_o_32,0,1008,0.0,0.0
hc_o_5 + tcr/sd_o_32,0,1008,0.0,0.0
data_type_q_tag + lsu/hc_o,0,1008,0.0,0.0
lsu/hc_o + rdata_offset_q_tag,0,1008,0.0,0.0
if_stage/sd_o + rdata_q_tag,0,1008,0.0,0.0
alu_operator_o_mode + lsu/hc_o,0,1008,0.0,0.0
ex_stage/hc_o + lsu/hc_o,0,1008,0.0,0.0
pc_if_o_tag/sd_o + rdata_q_tag,0,1008,0.0,0.0
pc_id_o_tag/sd_o + rdata_q_tag,0,1008,0.0,0.0
alu_operator_o_mode/sd_o + rdata_q_tag,0,1008,0.0,0.0
rdata_q_tag + store_dest_addr_ex_o_tag/sd_o,0,1008,0.0,0.0
rdata_q_tag + store_source_ex_o_tag/sd_o,0,1008,0.0,0.0
rdata_q_tag + use_store_ops_ex_o/sd_o,0,1008,0.0,0.0
alu_operand_a_ex_o_tag/sd_o + rdata_q_tag,0,1008,0.0,0.0
alu_operand_b_ex_o_tag/sd_o + rdata_q_tag,0,1008,0.0,0.0
alu_operand_c_ex_o_tag/sd_o + rdata_q_tag,0,1008,0.0,0.0
check_s1_o_tag/sd_o + rdata_q_tag,0,1008,0.0,0.0
check_s2_o_tag/sd_o + rdata_q_tag,0,1008,0.0,0.0
check_d_o_tag/sd_o + rdata_q_tag,0,1008,0.0,0.0
rdata_q_tag + register_set_o_tag/sd_o,0,1008,0.0,0.0
is_store_post_o_tag/sd_o + rdata_q_tag,0,1008,0.0,0.0
memory_set_o_tag/sd_o + rdata_q_tag,0,1008,0.0,0.0
rdata_q_tag + rs1_o_tag/sd_o,0,1008,0.0,0.0
data_we_q_tag/sd_o + rdata_q_tag,0,1008,0.0,0.0
rdata_offset_q_tag/sd_o + rdata_q_tag,0,1008,0.0,0.0
data_type_q_tag/sd_o + rdata_q_tag,0,1008,0.0,0.0
rdata_q_tag + rdata_q_tag/sd_o,0,1008,0.0,0.0
hc_o_5 + pc_if_o_tag/sd_o,0,1008,0.0,0.0
hc_o_5 + pc_id_o_tag/sd_o,0,1008,0.0,0.0
alu_operator_o_mode/sd_o + hc_o_5,0,1008,0.0,0.0
hc_o_5 + store_dest_addr_ex_o_tag/sd_o,0,1008,0.0,0.0
hc_o_5 + store_source_ex_o_tag/sd_o,0,1008,0.0,0.0
hc_o_5 + use_store_ops_ex_o/sd_o,0,1008,0.0,0.0
alu_operand_a_ex_o_tag/sd_o + hc_o_5,0,1008,0.0,0.0
alu_operand_b_ex_o_tag/sd_o + hc_o_5,0,1008,0.0,0.0
alu_operand_c_ex_o_tag/sd_o + hc_o_5,0,1008,0.0,0.0
check_s1_o_tag/sd_o + hc_o_5,0,1008,0.0,0.0
check_s2_o_tag/sd_o + hc_o_5,0,1008,0.0,0.0
check_d_o_tag/sd_o + hc_o_5,0,1008,0.0,0.0
hc_o_5 + register_set_o_tag/sd_o,0,1008,0.0,0.0
hc_o_5 + is_store_post_o_tag/sd_o,0,1008,0.0,0.0
hc_o_5 + memory_set_o_tag/sd_o,0,1008,0.0,0.0
hc_o_5 + rs1_o_tag/sd_o,0,1008,0.0,0.0
data_we_q_tag/sd_o + hc_o_5,0,1008,0.0,0.0
hc_o_5 + rdata_offset_q_tag/sd_o,0,1008,0.0,0.0
data_type_q_tag/sd_o + hc_o_5,0,1008,0.0,0.0
hc_o_5 + rdata_q_tag/sd_o,0,1008,0.0,0.0
rdata_q_tag + tcr_execute/sd_o,0,1008,0.0,0.0
rdata_q_tag + sp_o_32,0,1008,0.0,0.0
regfile_alu_waddr_ex_o_tag + sd_o_26,0,966,0.0,0.0
regfile_alu_waddr_ex_o_tag + tcr_shift/sd_o,0,966,0.0,0.0
regfile_alu_waddr_ex_o_tag + tcr_comparison/sd_o,0,966,0.0,0.0
regfile_alu_waddr_ex_o_tag + tcr_logical/sd_o,0,966,0.0,0.0
regfile_alu_waddr_ex_o_tag + tcr_load_store/sd_o,0,966,0.0,0.0
regfile_alu_waddr_ex_o_tag + tpr_arith/sd_o,0,966,0.0,0.0
regfile_alu_waddr_ex_o_tag + tpr_branch/sd_o,0,966,0.0,0.0
regfile_alu_waddr_ex_o_tag + tpr_jump/sd_o,0,966,0.0,0.0
regfile_alu_waddr_ex_o_tag + tpr_shift/sd_o,0,966,0.0,0.0
regfile_alu_waddr_ex_o_tag + tpr_comparison/sd_o,0,966,0.0,0.0
regfile_alu_waddr_ex_o_tag + tpr_logical/sd_o,0,966,0.0,0.0
regfile_alu_waddr_ex_o_tag + tpr_load_store_mode/sd_o,0,966,0.0,0.0
regfile_alu_waddr_ex_o_tag + tpr_load_store_enable/sd_o,0,966,0.0,0.0
regfile_alu_waddr_ex_o_tag + tcr_arith/sd_o,0,966,0.0,0.0
regfile_alu_waddr_ex_o_tag + tcr_branch/sd_o,0,966,0.0,0.0
regfile_alu_waddr_ex_o_tag + tcr_jump/sd_o,0,966,0.0,0.0
csr_group12/sd_o + regfile_alu_waddr_ex_o_tag,0,966,0.0,0.0
csr_group13/sd_o + regfile_alu_waddr_ex_o_tag,0,966,0.0,0.0
csr_group14/sd_o + regfile_alu_waddr_ex_o_tag,0,966,0.0,0.0
csr_group15/sd_o + regfile_alu_waddr_ex_o_tag,0,966,0.0,0.0
csr_group16/sd_o + regfile_alu_waddr_ex_o_tag,0,966,0.0,0.0
csr_group17/sd_o + regfile_alu_waddr_ex_o_tag,0,966,0.0,0.0
csr_group18/sd_o + regfile_alu_waddr_ex_o_tag,0,966,0.0,0.0
csr_group19/sd_o + regfile_alu_waddr_ex_o_tag,0,966,0.0,0.0
csr_group20/sd_o + regfile_alu_waddr_ex_o_tag,0,966,0.0,0.0
lsu_group1/sd_o + regfile_alu_waddr_ex_o_tag,0,966,0.0,0.0
lsu_group2/sd_o + regfile_alu_waddr_ex_o_tag,0,966,0.0,0.0
lsu_group3/sd_o + regfile_alu_waddr_ex_o_tag,0,966,0.0,0.0
lsu_group4/sd_o + regfile_alu_waddr_ex_o_tag,0,966,0.0,0.0
lsu_group5/sd_o + regfile_alu_waddr_ex_o_tag,0,966,0.0,0.0
id_group0/sd_o + regfile_alu_waddr_ex_o_tag,0,966,0.0,0.0
id_group1/sd_o + regfile_alu_waddr_ex_o_tag,0,966,0.0,0.0
id_group2/sd_o + regfile_alu_waddr_ex_o_tag,0,966,0.0,0.0
id_group3/sd_o + regfile_alu_waddr_ex_o_tag,0,966,0.0,0.0
id_group4/sd_o + regfile_alu_waddr_ex_o_tag,0,966,0.0,0.0
id_group5/sd_o + regfile_alu_waddr_ex_o_tag,0,966,0.0,0.0
id_group6/sd_o + regfile_alu_waddr_ex_o_tag,0,966,0.0,0.0
id_group7/sd_o + regfile_alu_waddr_ex_o_tag,0,966,0.0,0.0
id_group8/sd_o + regfile_alu_waddr_ex_o_tag,0,966,0.0,0.0
id_group9/sd_o + regfile_alu_waddr_ex_o_tag,0,966,0.0,0.0
csr_group0/sd_o + regfile_alu_waddr_ex_o_tag,0,966,0.0,0.0
csr_group1/sd_o + regfile_alu_waddr_ex_o_tag,0,966,0.0,0.0
csr_group2/sd_o + regfile_alu_waddr_ex_o_tag,0,966,0.0,0.0
csr_group3/sd_o + regfile_alu_waddr_ex_o_tag,0,966,0.0,0.0
csr_group4/sd_o + regfile_alu_waddr_ex_o_tag,0,966,0.0,0.0
csr_group5/sd_o + regfile_alu_waddr_ex_o_tag,0,966,0.0,0.0
csr_group6/sd_o + regfile_alu_waddr_ex_o_tag,0,966,0.0,0.0
csr_group7/sd_o + regfile_alu_waddr_ex_o_tag,0,966,0.0,0.0
csr_group8/sd_o + regfile_alu_waddr_ex_o_tag,0,966,0.0,0.0
csr_group9/sd_o + regfile_alu_waddr_ex_o_tag,0,966,0.0,0.0
csr_group10/sd_o + regfile_alu_waddr_ex_o_tag,0,966,0.0,0.0
csr_group11/sd_o + regfile_alu_waddr_ex_o_tag,0,966,0.0,0.0
regfile_alu_waddr_ex_o_tag + sp_o_26,0,966,0.0,0.0
regfile_alu_waddr_ex_o_tag + sp_o_rf_tag,0,966,0.0,0.0
if_stage/sd_o + tcr_q,0,896,0.0,0.0
if_stage/sd_o + tpr_q,0,896,0.0,0.0
pc_if_o_tag/sd_o + tcr_q,0,896,0.0,0.0
pc_id_o_tag/sd_o + tcr_q,0,896,0.0,0.0
alu_operator_o_mode/sd_o + tcr_q,0,896,0.0,0.0
store_dest_addr_ex_o_tag/sd_o + tcr_q,0,896,0.0,0.0
store_source_ex_o_tag/sd_o + tcr_q,0,896,0.0,0.0
tcr_q + use_store_ops_ex_o/sd_o,0,896,0.0,0.0
alu_operand_a_ex_o_tag/sd_o + tcr_q,0,896,0.0,0.0
alu_operand_b_ex_o_tag/sd_o + tcr_q,0,896,0.0,0.0
alu_operand_c_ex_o_tag/sd_o + tcr_q,0,896,0.0,0.0
check_s1_o_tag/sd_o + tcr_q,0,896,0.0,0.0
check_s2_o_tag/sd_o + tcr_q,0,896,0.0,0.0
check_d_o_tag/sd_o + tcr_q,0,896,0.0,0.0
register_set_o_tag/sd_o + tcr_q,0,896,0.0,0.0
is_store_post_o_tag/sd_o + tcr_q,0,896,0.0,0.0
memory_set_o_tag/sd_o + tcr_q,0,896,0.0,0.0
rs1_o_tag/sd_o + tcr_q,0,896,0.0,0.0
data_we_q_tag/sd_o + tcr_q,0,896,0.0,0.0
rdata_offset_q_tag/sd_o + tcr_q,0,896,0.0,0.0
data_type_q_tag/sd_o + tcr_q,0,896,0.0,0.0
rdata_q_tag/sd_o + tcr_q,0,896,0.0,0.0
pc_if_o_tag/sd_o + tpr_q,0,896,0.0,0.0
pc_id_o_tag/sd_o + tpr_q,0,896,0.0,0.0
alu_operator_o_mode/sd_o + tpr_q,0,896,0.0,0.0
store_dest_addr_ex_o_tag/sd_o + tpr_q,0,896,0.0,0.0
store_source_ex_o_tag/sd_o + tpr_q,0,896,0.0,0.0
tpr_q + use_store_ops_ex_o/sd_o,0,896,0.0,0.0
alu_operand_a_ex_o_tag/sd_o + tpr_q,0,896,0.0,0.0
alu_operand_b_ex_o_tag/sd_o + tpr_q,0,896,0.0,0.0
alu_operand_c_ex_o_tag/sd_o + tpr_q,0,896,0.0,0.0
check_s1_o_tag/sd_o + tpr_q,0,896,0.0,0.0
check_s2_o_tag/sd_o + tpr_q,0,896,0.0,0.0
check_d_o_tag/sd_o + tpr_q,0,896,0.0,0.0
register_set_o_tag/sd_o + tpr_q,0,896,0.0,0.0
is_store_post_o_tag/sd_o + tpr_q,0,896,0.0,0.0
memory_set_o_tag/sd_o + tpr_q,0,896,0.0,0.0
rs1_o_tag/sd_o + tpr_q,0,896,0.0,0.0
data_we_q_tag/sd_o + tpr_q,0,896,0.0,0.0
rdata_offset_q_tag/sd_o + tpr_q,0,896,0.0,0.0
data_type_q_tag/sd_o + tpr_q,0,896,0.0,0.0
rdata_q_tag/sd_o + tpr_q,0,896,0.0,0.0
tcr_execute/sd_o + tcr_q,0,896,0.0,0.0
tcr_execute/sd_o + tpr_q,0,896,0.0,0.0
alu_operand_c_ex_o_tag + pc_id_o_tag,0,840,0.0,0.0
check_d_o_tag + pc_id_o_tag,0,840,0.0,0.0
check_s2_o_tag + pc_id_o_tag,0,840,0.0,0.0
is_store_post_o_tag + pc_id_o_tag,0,840,0.0,0.0
pc_id_o_tag + register_set_o_tag,0,840,0.0,0.0
pc_id_o_tag + store_source_ex_o_tag,0,840,0.0,0.0
pc_id_o_tag + rf_reg[0],0,840,0.0,0.0
pc_id_o_tag + rf_reg[2],0,840,0.0,0.0
pc_id_o_tag + rf_reg[3],0,840,0.0,0.0
pc_id_o_tag + rf_reg[4],0,840,0.0,0.0
pc_id_o_tag + rf_reg[5],0,840,0.0,0.0
pc_id_o_tag + rf_reg[6],0,840,0.0,0.0
pc_id_o_tag + rf_reg[7],0,840,0.0,0.0
pc_id_o_tag + rf_reg[8],0,840,0.0,0.0
pc_id_o_tag + rf_reg[9],0,840,0.0,0.0
pc_id_o_tag + rf_reg[10],0,840,0.0,0.0
pc_id_o_tag + rf_reg[11],0,840,0.0,0.0
pc_id_o_tag + rf_reg[12],0,840,0.0,0.0
pc_id_o_tag + rf_reg[13],0,840,0.0,0.0
pc_id_o_tag + rf_reg[14],0,840,0.0,0.0
pc_id_o_tag + rf_reg[16],0,840,0.0,0.0
pc_id_o_tag + rf_reg[17],0,840,0.0,0.0
pc_id_o_tag + rf_reg[18],0,840,0.0,0.0
pc_id_o_tag + rf_reg[19],0,840,0.0,0.0
pc_id_o_tag + rf_reg[20],0,840,0.0,0.0
pc_id_o_tag + rf_reg[21],0,840,0.0,0.0
pc_id_o_tag + rf_reg[22],0,840,0.0,0.0
pc_id_o_tag + rf_reg[23],0,840,0.0,0.0
pc_id_o_tag + rf_reg[24],0,840,0.0,0.0
pc_id_o_tag + rf_reg[25],0,840,0.0,0.0
pc_id_o_tag + rf_reg[26],0,840,0.0,0.0
pc_id_o_tag + rf_reg[27],0,840,0.0,0.0
pc_id_o_tag + rf_reg[28],0,840,0.0,0.0
pc_id_o_tag + rf_reg[29],0,840,0.0,0.0
pc_id_o_tag + rf_reg[30],0,840,0.0,0.0
pc_id_o_tag + rf_reg[31],0,840,0.0,0.0
data_we_q_tag + pc_id_o_tag,0,840,0.0,0.0
check_d_o_tag + check_s2_o_tag,0,840,0.0,0.0
check_d_o_tag + is_store_post_o_tag,0,840,0.0,0.0
check_d_o_tag + rf_reg[0],0,840,0.0,0.0
check_d_o_tag + rf_reg[2],0,840,0.0,0.0
check_d_o_tag + rf_reg[3],0,840,0.0,0.0
check_d_o_tag + rf_reg[4],0,840,0.0,0.0
check_d_o_tag + rf_reg[5],0,840,0.0,0.0
check_d_o_tag + rf_reg[6],0,840,0.0,0.0
check_d_o_tag + rf_reg[7],0,840,0.0,0.0
check_d_o_tag + rf_reg[8],0,840,0.0,0.0
check_d_o_tag + rf_reg[9],0,840,0.0,0.0
check_d_o_tag + rf_reg[10],0,840,0.0,0.0
check_d_o_tag + rf_reg[11],0,840,0.0,0.0
check_d_o_tag + rf_reg[12],0,840,0.0,0.0
check_d_o_tag + rf_reg[13],0,840,0.0,0.0
check_d_o_tag + rf_reg[14],0,840,0.0,0.0
check_d_o_tag + rf_reg[16],0,840,0.0,0.0
check_d_o_tag + rf_reg[17],0,840,0.0,0.0
check_d_o_tag + rf_reg[18],0,840,0.0,0.0
check_d_o_tag + rf_reg[19],0,840,0.0,0.0
check_d_o_tag + rf_reg[20],0,840,0.0,0.0
check_d_o_tag + rf_reg[21],0,840,0.0,0.0
check_d_o_tag + rf_reg[22],0,840,0.0,0.0
check_d_o_tag + rf_reg[23],0,840,0.0,0.0
check_d_o_tag + rf_reg[24],0,840,0.0,0.0
check_d_o_tag + rf_reg[25],0,840,0.0,0.0
check_d_o_tag + rf_reg[26],0,840,0.0,0.0
check_d_o_tag + rf_reg[27],0,840,0.0,0.0
check_d_o_tag + rf_reg[28],0,840,0.0,0.0
check_d_o_tag + rf_reg[29],0,840,0.0,0.0
check_d_o_tag + rf_reg[30],0,840,0.0,0.0
check_d_o_tag + rf_reg[31],0,840,0.0,0.0
check_d_o_tag + rs1_o_tag,0,840,0.0,0.0
check_d_o_tag + data_we_q_tag,0,840,0.0,0.0
check_s2_o_tag + register_set_o_tag,0,840,0.0,0.0
check_s2_o_tag + store_source_ex_o_tag,0,840,0.0,0.0
check_s2_o_tag + rf_reg[0],0,840,0.0,0.0
check_s2_o_tag + rf_reg[2],0,840,0.0,0.0
check_s2_o_tag + rf_reg[3],0,840,0.0,0.0
check_s2_o_tag + rf_reg[4],0,840,0.0,0.0
check_s2_o_tag + rf_reg[5],0,840,0.0,0.0
check_s2_o_tag + rf_reg[6],0,840,0.0,0.0
check_s2_o_tag + rf_reg[7],0,840,0.0,0.0
check_s2_o_tag + rf_reg[8],0,840,0.0,0.0
check_s2_o_tag + rf_reg[9],0,840,0.0,0.0
check_s2_o_tag + rf_reg[10],0,840,0.0,0.0
check_s2_o_tag + rf_reg[11],0,840,0.0,0.0
check_s2_o_tag + rf_reg[12],0,840,0.0,0.0
check_s2_o_tag + rf_reg[13],0,840,0.0,0.0
check_s2_o_tag + rf_reg[14],0,840,0.0,0.0
check_s2_o_tag + rf_reg[16],0,840,0.0,0.0
check_s2_o_tag + rf_reg[17],0,840,0.0,0.0
check_s2_o_tag + rf_reg[18],0,840,0.0,0.0
check_s2_o_tag + rf_reg[19],0,840,0.0,0.0
check_s2_o_tag + rf_reg[20],0,840,0.0,0.0
check_s2_o_tag + rf_reg[21],0,840,0.0,0.0
check_s2_o_tag + rf_reg[22],0,840,0.0,0.0
check_s2_o_tag + rf_reg[23],0,840,0.0,0.0
check_s2_o_tag + rf_reg[24],0,840,0.0,0.0
check_s2_o_tag + rf_reg[25],0,840,0.0,0.0
check_s2_o_tag + rf_reg[26],0,840,0.0,0.0
check_s2_o_tag + rf_reg[27],0,840,0.0,0.0
check_s2_o_tag + rf_reg[28],0,840,0.0,0.0
check_s2_o_tag + rf_reg[29],0,840,0.0,0.0
check_s2_o_tag + rf_reg[30],0,840,0.0,0.0
check_s2_o_tag + rf_reg[31],0,840,0.0,0.0
check_s2_o_tag + rs1_o_tag,0,840,0.0,0.0
check_s2_o_tag + data_we_q_tag,0,840,0.0,0.0
is_store_post_o_tag + store_source_ex_o_tag,0,840,0.0,0.0
is_store_post_o_tag + rf_reg[0],0,840,0.0,0.0
is_store_post_o_tag + rf_reg[2],0,840,0.0,0.0
is_store_post_o_tag + rf_reg[3],0,840,0.0,0.0
is_store_post_o_tag + rf_reg[4],0,840,0.0,0.0
is_store_post_o_tag + rf_reg[5],0,840,0.0,0.0
is_store_post_o_tag + rf_reg[6],0,840,0.0,0.0
is_store_post_o_tag + rf_reg[7],0,840,0.0,0.0
is_store_post_o_tag + rf_reg[8],0,840,0.0,0.0
is_store_post_o_tag + rf_reg[9],0,840,0.0,0.0
is_store_post_o_tag + rf_reg[10],0,840,0.0,0.0
is_store_post_o_tag + rf_reg[11],0,840,0.0,0.0
is_store_post_o_tag + rf_reg[12],0,840,0.0,0.0
is_store_post_o_tag + rf_reg[13],0,840,0.0,0.0
is_store_post_o_tag + rf_reg[14],0,840,0.0,0.0
is_store_post_o_tag + rf_reg[16],0,840,0.0,0.0
is_store_post_o_tag + rf_reg[17],0,840,0.0,0.0
is_store_post_o_tag + rf_reg[18],0,840,0.0,0.0
is_store_post_o_tag + rf_reg[19],0,840,0.0,0.0
is_store_post_o_tag + rf_reg[20],0,840,0.0,0.0
is_store_post_o_tag + rf_reg[21],0,840,0.0,0.0
is_store_post_o_tag + rf_reg[22],0,840,0.0,0.0
is_store_post_o_tag + rf_reg[23],0,840,0.0,0.0
is_store_post_o_tag + rf_reg[24],0,840,0.0,0.0
is_store_post_o_tag + rf_reg[25],0,840,0.0,0.0
is_store_post_o_tag + rf_reg[26],0,840,0.0,0.0
is_store_post_o_tag + rf_reg[27],0,840,0.0,0.0
is_store_post_o_tag + rf_reg[28],0,840,0.0,0.0
is_store_post_o_tag + rf_reg[29],0,840,0.0,0.0
is_store_post_o_tag + rf_reg[30],0,840,0.0,0.0
is_store_post_o_tag + rf_reg[31],0,840,0.0,0.0
is_store_post_o_tag + rs1_o_tag,0,840,0.0,0.0
data_we_q_tag + is_store_post_o_tag,0,840,0.0,0.0
register_set_o_tag + store_source_ex_o_tag,0,840,0.0,0.0
register_set_o_tag + rf_reg[0],0,840,0.0,0.0
register_set_o_tag + rf_reg[2],0,840,0.0,0.0
register_set_o_tag + rf_reg[3],0,840,0.0,0.0
register_set_o_tag + rf_reg[4],0,840,0.0,0.0
register_set_o_tag + rf_reg[5],0,840,0.0,0.0
register_set_o_tag + rf_reg[6],0,840,0.0,0.0
register_set_o_tag + rf_reg[7],0,840,0.0,0.0
register_set_o_tag + rf_reg[8],0,840,0.0,0.0
register_set_o_tag + rf_reg[9],0,840,0.0,0.0
register_set_o_tag + rf_reg[10],0,840,0.0,0.0
register_set_o_tag + rf_reg[11],0,840,0.0,0.0
register_set_o_tag + rf_reg[12],0,840,0.0,0.0
register_set_o_tag + rf_reg[13],0,840,0.0,0.0
register_set_o_tag + rf_reg[14],0,840,0.0,0.0
register_set_o_tag + rf_reg[16],0,840,0.0,0.0
register_set_o_tag + rf_reg[17],0,840,0.0,0.0
register_set_o_tag + rf_reg[18],0,840,0.0,0.0
register_set_o_tag + rf_reg[19],0,840,0.0,0.0
register_set_o_tag + rf_reg[20],0,840,0.0,0.0
register_set_o_tag + rf_reg[21],0,840,0.0,0.0
register_set_o_tag + rf_reg[22],0,840,0.0,0.0
register_set_o_tag + rf_reg[23],0,840,0.0,0.0
register_set_o_tag + rf_reg[24],0,840,0.0,0.0
register_set_o_tag + rf_reg[25],0,840,0.0,0.0
register_set_o_tag + rf_reg[26],0,840,0.0,0.0
register_set_o_tag + rf_reg[27],0,840,0.0,0.0
register_set_o_tag + rf_reg[28],0,840,0.0,0.0
register_set_o_tag + rf_reg[29],0,840,0.0,0.0
register_set_o_tag + rf_reg[30],0,840,0.0,0.0
register_set_o_tag + rf_reg[31],0,840,0.0,0.0
register_set_o_tag + rs1_o_tag,0,840,0.0,0.0
data_we_q_tag + register_set_o_tag,0,840,0.0,0.0
rf_reg[0] + store_source_ex_o_tag,0,840,0.0,0.0
rf_reg[2] + store_source_ex_o_tag,0,840,0.0,0.0
rf_reg[3] + store_source_ex_o_tag,0,840,0.0,0.0
rf_reg[4] + store_source_ex_o_tag,0,840,0.0,0.0
rf_reg[5] + store_source_ex_o_tag,0,840,0.0,0.0
rf_reg[6] + store_source_ex_o_tag,0,840,0.0,0.0
rf_reg[7] + store_source_ex_o_tag,0,840,0.0,0.0
rf_reg[8] + store_source_ex_o_tag,0,840,0.0,0.0
rf_reg[9] + store_source_ex_o_tag,0,840,0.0,0.0
rf_reg[10] + store_source_ex_o_tag,0,840,0.0,0.0
rf_reg[11] + store_source_ex_o_tag,0,840,0.0,0.0
rf_reg[12] + store_source_ex_o_tag,0,840,0.0,0.0
rf_reg[13] + store_source_ex_o_tag,0,840,0.0,0.0
rf_reg[14] + store_source_ex_o_tag,0,840,0.0,0.0
rf_reg[16] + store_source_ex_o_tag,0,840,0.0,0.0
rf_reg[17] + store_source_ex_o_tag,0,840,0.0,0.0
rf_reg[18] + store_source_ex_o_tag,0,840,0.0,0.0
rf_reg[19] + store_source_ex_o_tag,0,840,0.0,0.0
rf_reg[20] + store_source_ex_o_tag,0,840,0.0,0.0
rf_reg[21] + store_source_ex_o_tag,0,840,0.0,0.0
rf_reg[22] + store_source_ex_o_tag,0,840,0.0,0.0
rf_reg[23] + store_source_ex_o_tag,0,840,0.0,0.0
rf_reg[24] + store_source_ex_o_tag,0,840,0.0,0.0
rf_reg[25] + store_source_ex_o_tag,0,840,0.0,0.0
rf_reg[26] + store_source_ex_o_tag,0,840,0.0,0.0
rf_reg[27] + store_source_ex_o_tag,0,840,0.0,0.0
rf_reg[28] + store_source_ex_o_tag,0,840,0.0,0.0
rf_reg[29] + store_source_ex_o_tag,0,840,0.0,0.0
rf_reg[30] + store_source_ex_o_tag,0,840,0.0,0.0
rf_reg[31] + store_source_ex_o_tag,0,840,0.0,0.0
data_we_q_tag + store_source_ex_o_tag,0,840,0.0,0.0
rf_reg[0] + rf_reg[2],0,840,0.0,0.0
rf_reg[0] + rf_reg[3],0,840,0.0,0.0
rf_reg[0] + rf_reg[4],0,840,0.0,0.0
rf_reg[0] + rf_reg[5],0,840,0.0,0.0
rf_reg[0] + rf_reg[6],0,840,0.0,0.0
rf_reg[0] + rf_reg[7],0,840,0.0,0.0
rf_reg[0] + rf_reg[8],0,840,0.0,0.0
rf_reg[0] + rf_reg[9],0,840,0.0,0.0
rf_reg[0] + rf_reg[10],0,840,0.0,0.0
rf_reg[0] + rf_reg[11],0,840,0.0,0.0
rf_reg[0] + rf_reg[12],0,840,0.0,0.0
rf_reg[0] + rf_reg[13],0,840,0.0,0.0
rf_reg[0] + rf_reg[14],0,840,0.0,0.0
rf_reg[0] + rf_reg[17],0,840,0.0,0.0
rf_reg[0] + rf_reg[18],0,840,0.0,0.0
rf_reg[0] + rf_reg[19],0,840,0.0,0.0
rf_reg[0] + rf_reg[20],0,840,0.0,0.0
rf_reg[0] + rf_reg[21],0,840,0.0,0.0
rf_reg[0] + rf_reg[22],0,840,0.0,0.0
rf_reg[0] + rf_reg[23],0,840,0.0,0.0
rf_reg[0] + rf_reg[24],0,840,0.0,0.0
rf_reg[0] + rf_reg[25],0,840,0.0,0.0
rf_reg[0] + rf_reg[26],0,840,0.0,0.0
rf_reg[0] + rf_reg[27],0,840,0.0,0.0
rf_reg[0] + rf_reg[28],0,840,0.0,0.0
rf_reg[0] + rf_reg[29],0,840,0.0,0.0
rf_reg[0] + rf_reg[30],0,840,0.0,0.0
rf_reg[0] + rf_reg[31],0,840,0.0,0.0
rf_reg[0] + rs1_o_tag,0,840,0.0,0.0
data_we_q_tag + rf_reg[0],0,840,0.0,0.0
rf_reg[2] + rf_reg[3],0,840,0.0,0.0
rf_reg[2] + rf_reg[4],0,840,0.0,0.0
rf_reg[2] + rf_reg[5],0,840,0.0,0.0
rf_reg[2] + rf_reg[6],0,840,0.0,0.0
rf_reg[2] + rf_reg[7],0,840,0.0,0.0
rf_reg[2] + rf_reg[8],0,840,0.0,0.0
rf_reg[2] + rf_reg[9],0,840,0.0,0.0
rf_reg[10] + rf_reg[2],0,840,0.0,0.0
rf_reg[11] + rf_reg[2],0,840,0.0,0.0
rf_reg[12] + rf_reg[2],0,840,0.0,0.0
rf_reg[13] + rf_reg[2],0,840,0.0,0.0
rf_reg[14] + rf_reg[2],0,840,0.0,0.0
rf_reg[16] + rf_reg[2],0,840,0.0,0.0
rf_reg[17] + rf_reg[2],0,840,0.0,0.0
rf_reg[18] + rf_reg[2],0,840,0.0,0.0
rf_reg[19] + rf_reg[2],0,840,0.0,0.0
rf_reg[20] + rf_reg[2],0,840,0.0,0.0
rf_reg[21] + rf_reg[2],0,840,0.0,0.0
rf_reg[22] + rf_reg[2],0,840,0.0,0.0
rf_reg[23] + rf_reg[2],0,840,0.0,0.0
rf_reg[24] + rf_reg[2],0,840,0.0,0.0
rf_reg[25] + rf_reg[2],0,840,0.0,0.0
rf_reg[26] + rf_reg[2],0,840,0.0,0.0
rf_reg[27] + rf_reg[2],0,840,0.0,0.0
rf_reg[28] + rf_reg[2],0,840,0.0,0.0
rf_reg[29] + rf_reg[2],0,840,0.0,0.0
rf_reg[2] + rf_reg[30],0,840,0.0,0.0
rf_reg[2] + rf_reg[31],0,840,0.0,0.0
rf_reg[2] + rs1_o_tag,0,840,0.0,0.0
data_we_q_tag + rf_reg[2],0,840,0.0,0.0
rf_reg[3] + rf_reg[4],0,840,0.0,0.0
rf_reg[3] + rf_reg[5],0,840,0.0,0.0
rf_reg[3] + rf_reg[6],0,840,0.0,0.0
rf_reg[3] + rf_reg[7],0,840,0.0,0.0
rf_reg[3] + rf_reg[8],0,840,0.0,0.0
rf_reg[3] + rf_reg[9],0,840,0.0,0.0
rf_reg[10] + rf_reg[3],0,840,0.0,0.0
rf_reg[11] + rf_reg[3],0,840,0.0,0.0
rf_reg[13] + rf_reg[3],0,840,0.0,0.0
rf_reg[14] + rf_reg[3],0,840,0.0,0.0
rf_reg[16] + rf_reg[3],0,840,0.0,0.0
rf_reg[17] + rf_reg[3],0,840,0.0,0.0
rf_reg[18] + rf_reg[3],0,840,0.0,0.0
rf_reg[19] + rf_reg[3],0,840,0.0,0.0
rf_reg[20] + rf_reg[3],0,840,0.0,0.0
rf_reg[21] + rf_reg[3],0,840,0.0,0.0
rf_reg[22] + rf_reg[3],0,840,0.0,0.0
rf_reg[23] + rf_reg[3],0,840,0.0,0.0
rf_reg[24] + rf_reg[3],0,840,0.0,0.0
rf_reg[25] + rf_reg[3],0,840,0.0,0.0
rf_reg[26] + rf_reg[3],0,840,0.0,0.0
rf_reg[27] + rf_reg[3],0,840,0.0,0.0
rf_reg[28] + rf_reg[3],0,840,0.0,0.0
rf_reg[29] + rf_reg[3],0,840,0.0,0.0
rf_reg[30] + rf_reg[3],0,840,0.0,0.0
rf_reg[31] + rf_reg[3],0,840,0.0,0.0
rf_reg[3] + rs1_o_tag,0,840,0.0,0.0
data_we_q_tag + rf_reg[3],0,840,0.0,0.0
rf_reg[4] + rf_reg[5],0,840,0.0,0.0
rf_reg[4] + rf_reg[6],0,840,0.0,0.0
rf_reg[4] + rf_reg[8],0,840,0.0,0.0
rf_reg[4] + rf_reg[9],0,840,0.0,0.0
rf_reg[10] + rf_reg[4],0,840,0.0,0.0
rf_reg[11] + rf_reg[4],0,840,0.0,0.0
rf_reg[12] + rf_reg[4],0,840,0.0,0.0
rf_reg[13] + rf_reg[4],0,840,0.0,0.0
rf_reg[14] + rf_reg[4],0,840,0.0,0.0
rf_reg[16] + rf_reg[4],0,840,0.0,0.0
rf_reg[17] + rf_reg[4],0,840,0.0,0.0
rf_reg[18] + rf_reg[4],0,840,0.0,0.0
rf_reg[19] + rf_reg[4],0,840,0.0,0.0
rf_reg[20] + rf_reg[4],0,840,0.0,0.0
rf_reg[21] + rf_reg[4],0,840,0.0,0.0
rf_reg[23] + rf_reg[4],0,840,0.0,0.0
rf_reg[24] + rf_reg[4],0,840,0.0,0.0
rf_reg[25] + rf_reg[4],0,840,0.0,0.0
rf_reg[26] + rf_reg[4],0,840,0.0,0.0
rf_reg[27] + rf_reg[4],0,840,0.0,0.0
rf_reg[28] + rf_reg[4],0,840,0.0,0.0
rf_reg[29] + rf_reg[4],0,840,0.0,0.0
rf_reg[30] + rf_reg[4],0,840,0.0,0.0
rf_reg[31] + rf_reg[4],0,840,0.0,0.0
rf_reg[4] + rs1_o_tag,0,840,0.0,0.0
data_we_q_tag + rf_reg[4],0,840,0.0,0.0
rf_reg[5] + rf_reg[6],0,840,0.0,0.0
rf_reg[5] + rf_reg[7],0,840,0.0,0.0
rf_reg[5] + rf_reg[8],0,840,0.0,0.0
rf_reg[5] + rf_reg[9],0,840,0.0,0.0
rf_reg[11] + rf_reg[5],0,840,0.0,0.0
rf_reg[12] + rf_reg[5],0,840,0.0,0.0
rf_reg[13] + rf_reg[5],0,840,0.0,0.0
rf_reg[14] + rf_reg[5],0,840,0.0,0.0
rf_reg[16] + rf_reg[5],0,840,0.0,0.0
rf_reg[17] + rf_reg[5],0,840,0.0,0.0
rf_reg[18] + rf_reg[5],0,840,0.0,0.0
rf_reg[19] + rf_reg[5],0,840,0.0,0.0
rf_reg[20] + rf_reg[5],0,840,0.0,0.0
rf_reg[21] + rf_reg[5],0,840,0.0,0.0
rf_reg[22] + rf_reg[5],0,840,0.0,0.0
rf_reg[23] + rf_reg[5],0,840,0.0,0.0
rf_reg[24] + rf_reg[5],0,840,0.0,0.0
rf_reg[26] + rf_reg[5],0,840,0.0,0.0
rf_reg[27] + rf_reg[5],0,840,0.0,0.0
rf_reg[28] + rf_reg[5],0,840,0.0,0.0
rf_reg[29] + rf_reg[5],0,840,0.0,0.0
rf_reg[30] + rf_reg[5],0,840,0.0,0.0
rf_reg[31] + rf_reg[5],0,840,0.0,0.0
rf_reg[5] + rs1_o_tag,0,840,0.0,0.0
data_we_q_tag + rf_reg[5],0,840,0.0,0.0
rf_reg[6] + rf_reg[7],0,840,0.0,0.0
rf_reg[6] + rf_reg[8],0,840,0.0,0.0
rf_reg[10] + rf_reg[6],0,840,0.0,0.0
rf_reg[11] + rf_reg[6],0,840,0.0,0.0
rf_reg[12] + rf_reg[6],0,840,0.0,0.0
rf_reg[13] + rf_reg[6],0,840,0.0,0.0
rf_reg[14] + rf_reg[6],0,840,0.0,0.0
rf_reg[16] + rf_reg[6],0,840,0.0,0.0
rf_reg[17] + rf_reg[6],0,840,0.0,0.0
rf_reg[18] + rf_reg[6],0,840,0.0,0.0
rf_reg[19] + rf_reg[6],0,840,0.0,0.0
rf_reg[20] + rf_reg[6],0,840,0.0,0.0
rf_reg[21] + rf_reg[6],0,840,0.0,0.0
rf_reg[22] + rf_reg[6],0,840,0.0,0.0
rf_reg[23] + rf_reg[6],0,840,0.0,0.0
rf_reg[25] + rf_reg[6],0,840,0.0,0.0
rf_reg[26] + rf_reg[6],0,840,0.0,0.0
rf_reg[27] + rf_reg[6],0,840,0.0,0.0
rf_reg[28] + rf_reg[6],0,840,0.0,0.0
rf_reg[29] + rf_reg[6],0,840,0.0,0.0
rf_reg[30] + rf_reg[6],0,840,0.0,0.0
rf_reg[31] + rf_reg[6],0,840,0.0,0.0
rf_reg[6] + rs1_o_tag,0,840,0.0,0.0
data_we_q_tag + rf_reg[6],0,840,0.0,0.0
rf_reg[7] + rf_reg[8],0,840,0.0,0.0
rf_reg[7] + rf_reg[9],0,840,0.0,0.0
rf_reg[10] + rf_reg[7],0,840,0.0,0.0
rf_reg[11] + rf_reg[7],0,840,0.0,0.0
rf_reg[12] + rf_reg[7],0,840,0.0,0.0
rf_reg[13] + rf_reg[7],0,840,0.0,0.0
rf_reg[14] + rf_reg[7],0,840,0.0,0.0
rf_reg[16] + rf_reg[7],0,840,0.0,0.0
rf_reg[17] + rf_reg[7],0,840,0.0,0.0
rf_reg[18] + rf_reg[7],0,840,0.0,0.0
rf_reg[20] + rf_reg[7],0,840,0.0,0.0
rf_reg[21] + rf_reg[7],0,840,0.0,0.0
rf_reg[22] + rf_reg[7],0,840,0.0,0.0
rf_reg[23] + rf_reg[7],0,840,0.0,0.0
rf_reg[24] + rf_reg[7],0,840,0.0,0.0
rf_reg[25] + rf_reg[7],0,840,0.0,0.0
rf_reg[26] + rf_reg[7],0,840,0.0,0.0
rf_reg[27] + rf_reg[7],0,840,0.0,0.0
rf_reg[28] + rf_reg[7],0,840,0.0,0.0
rf_reg[29] + rf_reg[7],0,840,0.0,0.0
rf_reg[30] + rf_reg[7],0,840,0.0,0.0
rf_reg[31] + rf_reg[7],0,840,0.0,0.0
rf_reg[7] + rs1_o_tag,0,840,0.0,0.0
data_we_q_tag + rf_reg[7],0,840,0.0,0.0
rf_reg[8] + rf_reg[9],0,840,0.0,0.0
rf_reg[10] + rf_reg[8],0,840,0.0,0.0
rf_reg[11] + rf_reg[8],0,840,0.0,0.0
rf_reg[12] + rf_reg[8],0,840,0.0,0.0
rf_reg[13] + rf_reg[8],0,840,0.0,0.0
rf_reg[14] + rf_reg[8],0,840,0.0,0.0
rf_reg[16] + rf_reg[8],0,840,0.0,0.0
rf_reg[17] + rf_reg[8],0,840,0.0,0.0
rf_reg[19] + rf_reg[8],0,840,0.0,0.0
rf_reg[20] + rf_reg[8],0,840,0.0,0.0
rf_reg[21] + rf_reg[8],0,840,0.0,0.0
rf_reg[22] + rf_reg[8],0,840,0.0,0.0
rf_reg[23] + rf_reg[8],0,840,0.0,0.0
rf_reg[24] + rf_reg[8],0,840,0.0,0.0
rf_reg[25] + rf_reg[8],0,840,0.0,0.0
rf_reg[26] + rf_reg[8],0,840,0.0,0.0
rf_reg[27] + rf_reg[8],0,840,0.0,0.0
rf_reg[28] + rf_reg[8],0,840,0.0,0.0
rf_reg[29] + rf_reg[8],0,840,0.0,0.0
rf_reg[30] + rf_reg[8],0,840,0.0,0.0
rf_reg[31] + rf_reg[8],0,840,0.0,0.0
rf_reg[8] + rs1_o_tag,0,840,0.0,0.0
data_we_q_tag + rf_reg[8],0,840,0.0,0.0
rf_reg[10] + rf_reg[9],0,840,0.0,0.0
rf_reg[11] + rf_reg[9],0,840,0.0,0.0
rf_reg[12] + rf_reg[9],0,840,0.0,0.0
rf_reg[13] + rf_reg[9],0,840,0.0,0.0
rf_reg[14] + rf_reg[9],0,840,0.0,0.0
rf_reg[16] + rf_reg[9],0,840,0.0,0.0
rf_reg[17] + rf_reg[9],0,840,0.0,0.0
rf_reg[18] + rf_reg[9],0,840,0.0,0.0
rf_reg[19] + rf_reg[9],0,840,0.0,0.0
rf_reg[20] + rf_reg[9],0,840,0.0,0.0
rf_reg[22] + rf_reg[9],0,840,0.0,0.0
rf_reg[23] + rf_reg[9],0,840,0.0,0.0
rf_reg[24] + rf_reg[9],0,840,0.0,0.0
rf_reg[25] + rf_reg[9],0,840,0.0,0.0
rf_reg[26] + rf_reg[9],0,840,0.0,0.0
rf_reg[27] + rf_reg[9],0,840,0.0,0.0
rf_reg[28] + rf_reg[9],0,840,0.0,0.0
rf_reg[29] + rf_reg[9],0,840,0.0,0.0
rf_reg[30] + rf_reg[9],0,840,0.0,0.0
rf_reg[31] + rf_reg[9],0,840,0.0,0.0
rf_reg[9] + rs1_o_tag,0,840,0.0,0.0
data_we_q_tag + rf_reg[9],0,840,0.0,0.0
rf_reg[10] + rf_reg[11],0,840,0.0,0.0
rf_reg[10] + rf_reg[12],0,840,0.0,0.0
rf_reg[10] + rf_reg[13],0,840,0.0,0.0
rf_reg[10] + rf_reg[14],0,840,0.0,0.0
rf_reg[10] + rf_reg[16],0,840,0.0,0.0
rf_reg[10] + rf_reg[17],0,840,0.0,0.0
rf_reg[10] + rf_reg[18],0,840,0.0,0.0
rf_reg[10] + rf_reg[19],0,840,0.0,0.0
rf_reg[10] + rf_reg[21],0,840,0.0,0.0
rf_reg[10] + rf_reg[22],0,840,0.0,0.0
rf_reg[10] + rf_reg[23],0,840,0.0,0.0
rf_reg[10] + rf_reg[24],0,840,0.0,0.0
rf_reg[10] + rf_reg[25],0,840,0.0,0.0
rf_reg[10] + rf_reg[26],0,840,0.0,0.0
rf_reg[10] + rf_reg[27],0,840,0.0,0.0
rf_reg[10] + rf_reg[28],0,840,0.0,0.0
rf_reg[10] + rf_reg[29],0,840,0.0,0.0
rf_reg[10] + rf_reg[30],0,840,0.0,0.0
rf_reg[10] + rf_reg[31],0,840,0.0,0.0
rf_reg[10] + rs1_o_tag,0,840,0.0,0.0
data_we_q_tag + rf_reg[10],0,840,0.0,0.0
rf_reg[11] + rf_reg[12],0,840,0.0,0.0
rf_reg[11] + rf_reg[13],0,840,0.0,0.0
rf_reg[11] + rf_reg[16],0,840,0.0,0.0
rf_reg[11] + rf_reg[17],0,840,0.0,0.0
rf_reg[11] + rf_reg[18],0,840,0.0,0.0
rf_reg[11] + rf_reg[19],0,840,0.0,0.0
rf_reg[11] + rf_reg[20],0,840,0.0,0.0
rf_reg[11] + rf_reg[21],0,840,0.0,0.0
rf_reg[11] + rf_reg[22],0,840,0.0,0.0
rf_reg[11] + rf_reg[23],0,840,0.0,0.0
rf_reg[11] + rf_reg[24],0,840,0.0,0.0
rf_reg[11] + rf_reg[25],0,840,0.0,0.0
rf_reg[11] + rf_reg[26],0,840,0.0,0.0
rf_reg[11] + rf_reg[27],0,840,0.0,0.0
rf_reg[11] + rf_reg[28],0,840,0.0,0.0
rf_reg[11] + rf_reg[29],0,840,0.0,0.0
rf_reg[11] + rf_reg[30],0,840,0.0,0.0
rf_reg[11] + rf_reg[31],0,840,0.0,0.0
rf_reg[11] + rs1_o_tag,0,840,0.0,0.0
data_we_q_tag + rf_reg[11],0,840,0.0,0.0
rf_reg[12] + rf_reg[13],0,840,0.0,0.0
rf_reg[12] + rf_reg[14],0,840,0.0,0.0
rf_reg[12] + rf_reg[16],0,840,0.0,0.0
rf_reg[12] + rf_reg[18],0,840,0.0,0.0
rf_reg[12] + rf_reg[19],0,840,0.0,0.0
rf_reg[12] + rf_reg[20],0,840,0.0,0.0
rf_reg[12] + rf_reg[21],0,840,0.0,0.0
rf_reg[12] + rf_reg[22],0,840,0.0,0.0
rf_reg[12] + rf_reg[23],0,840,0.0,0.0
rf_reg[12] + rf_reg[24],0,840,0.0,0.0
rf_reg[12] + rf_reg[25],0,840,0.0,0.0
rf_reg[12] + rf_reg[26],0,840,0.0,0.0
rf_reg[12] + rf_reg[27],0,840,0.0,0.0
rf_reg[12] + rf_reg[28],0,840,0.0,0.0
rf_reg[12] + rf_reg[29],0,840,0.0,0.0
rf_reg[12] + rf_reg[30],0,840,0.0,0.0
rf_reg[12] + rf_reg[31],0,840,0.0,0.0
rf_reg[12] + rs1_o_tag,0,840,0.0,0.0
data_we_q_tag + rf_reg[12],0,840,0.0,0.0
rf_reg[13] + rf_reg[14],0,840,0.0,0.0
rf_reg[13] + rf_reg[17],0,840,0.0,0.0
rf_reg[13] + rf_reg[18],0,840,0.0,0.0
rf_reg[13] + rf_reg[19],0,840,0.0,0.0
rf_reg[13] + rf_reg[20],0,840,0.0,0.0
rf_reg[13] + rf_reg[21],0,840,0.0,0.0
rf_reg[13] + rf_reg[22],0,840,0.0,0.0
rf_reg[13] + rf_reg[23],0,840,0.0,0.0
rf_reg[13] + rf_reg[24],0,840,0.0,0.0
rf_reg[13] + rf_reg[25],0,840,0.0,0.0
rf_reg[13] + rf_reg[26],0,840,0.0,0.0
rf_reg[13] + rf_reg[27],0,840,0.0,0.0
rf_reg[13] + rf_reg[28],0,840,0.0,0.0
rf_reg[13] + rf_reg[29],0,840,0.0,0.0
rf_reg[13] + rf_reg[30],0,840,0.0,0.0
rf_reg[13] + rf_reg[31],0,840,0.0,0.0
rf_reg[13] + rs1_o_tag,0,840,0.0,0.0
data_we_q_tag + rf_reg[13],0,840,0.0,0.0
rf_reg[14] + rf_reg[16],0,840,0.0,0.0
rf_reg[14] + rf_reg[17],0,840,0.0,0.0
rf_reg[14] + rf_reg[18],0,840,0.0,0.0
rf_reg[14] + rf_reg[19],0,840,0.0,0.0
rf_reg[14] + rf_reg[20],0,840,0.0,0.0
rf_reg[14] + rf_reg[21],0,840,0.0,0.0
rf_reg[14] + rf_reg[22],0,840,0.0,0.0
rf_reg[14] + rf_reg[23],0,840,0.0,0.0
rf_reg[14] + rf_reg[24],0,840,0.0,0.0
rf_reg[14] + rf_reg[25],0,840,0.0,0.0
rf_reg[14] + rf_reg[26],0,840,0.0,0.0
rf_reg[14] + rf_reg[27],0,840,0.0,0.0
rf_reg[14] + rf_reg[28],0,840,0.0,0.0
rf_reg[14] + rf_reg[29],0,840,0.0,0.0
rf_reg[14] + rf_reg[30],0,840,0.0,0.0
rf_reg[14] + rf_reg[31],0,840,0.0,0.0
rf_reg[14] + rs1_o_tag,0,840,0.0,0.0
data_we_q_tag + rf_reg[14],0,840,0.0,0.0
rf_reg[16] + rf_reg[17],0,840,0.0,0.0
rf_reg[16] + rf_reg[18],0,840,0.0,0.0
rf_reg[16] + rf_reg[19],0,840,0.0,0.0
rf_reg[16] + rf_reg[20],0,840,0.0,0.0
rf_reg[16] + rf_reg[21],0,840,0.0,0.0
rf_reg[16] + rf_reg[22],0,840,0.0,0.0
rf_reg[16] + rf_reg[23],0,840,0.0,0.0
rf_reg[16] + rf_reg[24],0,840,0.0,0.0
rf_reg[16] + rf_reg[25],0,840,0.0,0.0
rf_reg[16] + rf_reg[26],0,840,0.0,0.0
rf_reg[16] + rf_reg[27],0,840,0.0,0.0
rf_reg[16] + rf_reg[28],0,840,0.0,0.0
rf_reg[16] + rf_reg[29],0,840,0.0,0.0
rf_reg[16] + rf_reg[30],0,840,0.0,0.0
rf_reg[16] + rf_reg[31],0,840,0.0,0.0
rf_reg[16] + rs1_o_tag,0,840,0.0,0.0
data_we_q_tag + rf_reg[16],0,840,0.0,0.0
rf_reg[17] + rf_reg[18],0,840,0.0,0.0
rf_reg[17] + rf_reg[19],0,840,0.0,0.0
rf_reg[17] + rf_reg[20],0,840,0.0,0.0
rf_reg[17] + rf_reg[21],0,840,0.0,0.0
rf_reg[17] + rf_reg[22],0,840,0.0,0.0
rf_reg[17] + rf_reg[23],0,840,0.0,0.0
rf_reg[17] + rf_reg[24],0,840,0.0,0.0
rf_reg[17] + rf_reg[25],0,840,0.0,0.0
rf_reg[17] + rf_reg[26],0,840,0.0,0.0
rf_reg[17] + rf_reg[27],0,840,0.0,0.0
rf_reg[17] + rf_reg[28],0,840,0.0,0.0
rf_reg[17] + rf_reg[29],0,840,0.0,0.0
rf_reg[17] + rf_reg[30],0,840,0.0,0.0
rf_reg[17] + rf_reg[31],0,840,0.0,0.0
rf_reg[17] + rs1_o_tag,0,840,0.0,0.0
data_we_q_tag + rf_reg[17],0,840,0.0,0.0
rf_reg[18] + rf_reg[19],0,840,0.0,0.0
rf_reg[18] + rf_reg[20],0,840,0.0,0.0
rf_reg[18] + rf_reg[21],0,840,0.0,0.0
rf_reg[18] + rf_reg[22],0,840,0.0,0.0
rf_reg[18] + rf_reg[24],0,840,0.0,0.0
rf_reg[18] + rf_reg[25],0,840,0.0,0.0
rf_reg[18] + rf_reg[26],0,840,0.0,0.0
rf_reg[18] + rf_reg[27],0,840,0.0,0.0
rf_reg[18] + rf_reg[28],0,840,0.0,0.0
rf_reg[18] + rf_reg[29],0,840,0.0,0.0
rf_reg[18] + rf_reg[30],0,840,0.0,0.0
rf_reg[18] + rf_reg[31],0,840,0.0,0.0
rf_reg[18] + rs1_o_tag,0,840,0.0,0.0
data_we_q_tag + rf_reg[18],0,840,0.0,0.0
rf_reg[19] + rf_reg[20],0,840,0.0,0.0
rf_reg[19] + rf_reg[21],0,840,0.0,0.0
rf_reg[19] + rf_reg[23],0,840,0.0,0.0
rf_reg[19] + rf_reg[24],0,840,0.0,0.0
rf_reg[19] + rf_reg[25],0,840,0.0,0.0
rf_reg[19] + rf_reg[26],0,840,0.0,0.0
rf_reg[19] + rf_reg[27],0,840,0.0,0.0
rf_reg[19] + rf_reg[28],0,840,0.0,0.0
rf_reg[19] + rf_reg[29],0,840,0.0,0.0
rf_reg[19] + rf_reg[30],0,840,0.0,0.0
rf_reg[19] + rf_reg[31],0,840,0.0,0.0
rf_reg[19] + rs1_o_tag,0,840,0.0,0.0
data_we_q_tag + rf_reg[19],0,840,0.0,0.0
rf_reg[20] + rf_reg[21],0,840,0.0,0.0
rf_reg[20] + rf_reg[22],0,840,0.0,0.0
rf_reg[20] + rf_reg[23],0,840,0.0,0.0
rf_reg[20] + rf_reg[24],0,840,0.0,0.0
rf_reg[20] + rf_reg[26],0,840,0.0,0.0
rf_reg[20] + rf_reg[27],0,840,0.0,0.0
rf_reg[20] + rf_reg[28],0,840,0.0,0.0
rf_reg[20] + rf_reg[29],0,840,0.0,0.0
rf_reg[20] + rf_reg[30],0,840,0.0,0.0
rf_reg[20] + rf_reg[31],0,840,0.0,0.0
rf_reg[20] + rs1_o_tag,0,840,0.0,0.0
data_we_q_tag + rf_reg[20],0,840,0.0,0.0
alu_operand_c_ex_o_tag + store_source_ex_o_tag,0,840,0.0,0.0
alu_operand_c_ex_o_tag + rf_reg[0],0,840,0.0,0.0
alu_operand_c_ex_o_tag + rf_reg[2],0,840,0.0,0.0
alu_operand_c_ex_o_tag + rf_reg[3],0,840,0.0,0.0
alu_operand_c_ex_o_tag + rf_reg[4],0,840,0.0,0.0
alu_operand_c_ex_o_tag + rf_reg[5],0,840,0.0,0.0
alu_operand_c_ex_o_tag + rf_reg[6],0,840,0.0,0.0
alu_operand_c_ex_o_tag + rf_reg[7],0,840,0.0,0.0
alu_operand_c_ex_o_tag + rf_reg[8],0,840,0.0,0.0
alu_operand_c_ex_o_tag + rf_reg[9],0,840,0.0,0.0
alu_operand_c_ex_o_tag + rf_reg[10],0,840,0.0,0.0
alu_operand_c_ex_o_tag + rf_reg[11],0,840,0.0,0.0
alu_operand_c_ex_o_tag + rf_reg[12],0,840,0.0,0.0
alu_operand_c_ex_o_tag + rf_reg[13],0,840,0.0,0.0
alu_operand_c_ex_o_tag + rf_reg[14],0,840,0.0,0.0
alu_operand_c_ex_o_tag + rf_reg[16],0,840,0.0,0.0
alu_operand_c_ex_o_tag + rf_reg[17],0,840,0.0,0.0
alu_operand_c_ex_o_tag + rf_reg[18],0,840,0.0,0.0
alu_operand_c_ex_o_tag + rf_reg[19],0,840,0.0,0.0
alu_operand_c_ex_o_tag + rf_reg[20],0,840,0.0,0.0
alu_operand_c_ex_o_tag + rf_reg[21],0,840,0.0,0.0
alu_operand_c_ex_o_tag + rf_reg[22],0,840,0.0,0.0
alu_operand_c_ex_o_tag + rf_reg[23],0,840,0.0,0.0
alu_operand_c_ex_o_tag + rf_reg[24],0,840,0.0,0.0
alu_operand_c_ex_o_tag + rf_reg[25],0,840,0.0,0.0
alu_operand_c_ex_o_tag + rf_reg[26],0,840,0.0,0.0
alu_operand_c_ex_o_tag + rf_reg[27],0,840,0.0,0.0
alu_operand_c_ex_o_tag + rf_reg[28],0,840,0.0,0.0
alu_operand_c_ex_o_tag + rf_reg[29],0,840,0.0,0.0
alu_operand_c_ex_o_tag + rf_reg[30],0,840,0.0,0.0
alu_operand_c_ex_o_tag + rf_reg[31],0,840,0.0,0.0
alu_operand_c_ex_o_tag + data_we_q_tag,0,840,0.0,0.0
rf_reg[21] + rf_reg[22],0,840,0.0,0.0
rf_reg[21] + rf_reg[23],0,840,0.0,0.0
rf_reg[21] + rf_reg[25],0,840,0.0,0.0
rf_reg[21] + rf_reg[26],0,840,0.0,0.0
rf_reg[21] + rf_reg[27],0,840,0.0,0.0
rf_reg[21] + rf_reg[28],0,840,0.0,0.0
rf_reg[21] + rf_reg[29],0,840,0.0,0.0
rf_reg[21] + rf_reg[30],0,840,0.0,0.0
rf_reg[21] + rf_reg[31],0,840,0.0,0.0
rf_reg[21] + rs1_o_tag,0,840,0.0,0.0
data_we_q_tag + rf_reg[21],0,840,0.0,0.0
rf_reg[22] + rf_reg[23],0,840,0.0,0.0
rf_reg[22] + rf_reg[24],0,840,0.0,0.0
rf_reg[22] + rf_reg[25],0,840,0.0,0.0
rf_reg[22] + rf_reg[26],0,840,0.0,0.0
rf_reg[22] + rf_reg[27],0,840,0.0,0.0
rf_reg[22] + rf_reg[28],0,840,0.0,0.0
rf_reg[22] + rf_reg[29],0,840,0.0,0.0
rf_reg[22] + rf_reg[30],0,840,0.0,0.0
rf_reg[22] + rf_reg[31],0,840,0.0,0.0
rf_reg[22] + rs1_o_tag,0,840,0.0,0.0
data_we_q_tag + rf_reg[22],0,840,0.0,0.0
rf_reg[23] + rf_reg[24],0,840,0.0,0.0
rf_reg[23] + rf_reg[25],0,840,0.0,0.0
rf_reg[23] + rf_reg[26],0,840,0.0,0.0
rf_reg[23] + rf_reg[27],0,840,0.0,0.0
rf_reg[23] + rf_reg[28],0,840,0.0,0.0
rf_reg[23] + rf_reg[29],0,840,0.0,0.0
rf_reg[23] + rf_reg[30],0,840,0.0,0.0
rf_reg[23] + rf_reg[31],0,840,0.0,0.0
rf_reg[23] + rs1_o_tag,0,840,0.0,0.0
data_we_q_tag + rf_reg[23],0,840,0.0,0.0
rf_reg[24] + rf_reg[25],0,840,0.0,0.0
rf_reg[24] + rf_reg[26],0,840,0.0,0.0
rf_reg[24] + rf_reg[27],0,840,0.0,0.0
rf_reg[24] + rf_reg[28],0,840,0.0,0.0
rf_reg[24] + rf_reg[29],0,840,0.0,0.0
rf_reg[24] + rf_reg[30],0,840,0.0,0.0
rf_reg[24] + rf_reg[31],0,840,0.0,0.0
rf_reg[24] + rs1_o_tag,0,840,0.0,0.0
data_we_q_tag + rf_reg[24],0,840,0.0,0.0
rf_reg[25] + rf_reg[26],0,840,0.0,0.0
rf_reg[25] + rf_reg[27],0,840,0.0,0.0
rf_reg[25] + rf_reg[28],0,840,0.0,0.0
rf_reg[25] + rf_reg[29],0,840,0.0,0.0
rf_reg[25] + rf_reg[30],0,840,0.0,0.0
rf_reg[25] + rf_reg[31],0,840,0.0,0.0
rf_reg[25] + rs1_o_tag,0,840,0.0,0.0
data_we_q_tag + rf_reg[25],0,840,0.0,0.0
rf_reg[26] + rf_reg[27],0,840,0.0,0.0
rf_reg[26] + rf_reg[28],0,840,0.0,0.0
rf_reg[26] + rf_reg[30],0,840,0.0,0.0
rf_reg[26] + rf_reg[31],0,840,0.0,0.0
rf_reg[26] + rs1_o_tag,0,840,0.0,0.0
data_we_q_tag + rf_reg[26],0,840,0.0,0.0
rf_reg[27] + rf_reg[28],0,840,0.0,0.0
rf_reg[27] + rf_reg[29],0,840,0.0,0.0
rf_reg[27] + rf_reg[30],0,840,0.0,0.0
rf_reg[27] + rf_reg[31],0,840,0.0,0.0
rf_reg[27] + rs1_o_tag,0,840,0.0,0.0
data_we_q_tag + rf_reg[27],0,840,0.0,0.0
rf_reg[28] + rf_reg[29],0,840,0.0,0.0
rf_reg[28] + rf_reg[30],0,840,0.0,0.0
rf_reg[28] + rs1_o_tag,0,840,0.0,0.0
data_we_q_tag + rf_reg[28],0,840,0.0,0.0
rf_reg[29] + rf_reg[30],0,840,0.0,0.0
rf_reg[29] + rf_reg[31],0,840,0.0,0.0
rf_reg[29] + rs1_o_tag,0,840,0.0,0.0
data_we_q_tag + rf_reg[29],0,840,0.0,0.0
rf_reg[30] + rf_reg[31],0,840,0.0,0.0
rf_reg[30] + rs1_o_tag,0,840,0.0,0.0
data_we_q_tag + rf_reg[30],0,840,0.0,0.0
rf_reg[31] + rs1_o_tag,0,840,0.0,0.0
data_we_q_tag + rf_reg[31],0,840,0.0,0.0
data_type_q_tag + sd_o_rf_tag,0,700,0.0,0.0
rdata_offset_q_tag + sd_o_rf_tag,0,700,0.0,0.0
alu_operator_o_mode + sd_o_rf_tag,0,700,0.0,0.0
data_type_q_tag + ex_stage/hc_o,0,560,0.0,0.0
ex_stage/hc_o + rdata_offset_q_tag,0,560,0.0,0.0
data_we_q_tag/hc_o + rf_reg[4],0,560,0.0,0.0
pc_id_o_tag/hc_o + rf_reg[5],0,560,0.0,0.0
rf_reg[5] + store_source_ex_o_tag/hc_o,0,560,0.0,0.0
alu_operand_c_ex_o_tag/hc_o + rf_reg[5],0,560,0.0,0.0
check_s2_o_tag/hc_o + rf_reg[5],0,560,0.0,0.0
check_d_o_tag/hc_o + rf_reg[5],0,560,0.0,0.0
register_set_o_tag/hc_o + rf_reg[5],0,560,0.0,0.0
is_store_post_o_tag/hc_o + rf_reg[5],0,560,0.0,0.0
rf_reg[5] + rs1_o_tag/hc_o,0,560,0.0,0.0
data_we_q_tag/hc_o + rf_reg[5],0,560,0.0,0.0
pc_id_o_tag/hc_o + rf_reg[6],0,560,0.0,0.0
rf_reg[6] + store_source_ex_o_tag/hc_o,0,560,0.0,0.0
alu_operand_c_ex_o_tag/hc_o + rf_reg[6],0,560,0.0,0.0
check_s2_o_tag/hc_o + rf_reg[6],0,560,0.0,0.0
check_d_o_tag/hc_o + rf_reg[6],0,560,0.0,0.0
register_set_o_tag/hc_o + rf_reg[6],0,560,0.0,0.0
is_store_post_o_tag/hc_o + rf_reg[6],0,560,0.0,0.0
rf_reg[6] + rs1_o_tag/hc_o,0,560,0.0,0.0
data_we_q_tag/hc_o + rf_reg[6],0,560,0.0,0.0
pc_id_o_tag/hc_o + rf_reg[7],0,560,0.0,0.0
rf_reg[7] + store_source_ex_o_tag/hc_o,0,560,0.0,0.0
alu_operand_c_ex_o_tag/hc_o + rf_reg[7],0,560,0.0,0.0
check_s2_o_tag/hc_o + rf_reg[7],0,560,0.0,0.0
check_d_o_tag/hc_o + rf_reg[7],0,560,0.0,0.0
register_set_o_tag/hc_o + rf_reg[7],0,560,0.0,0.0
is_store_post_o_tag/hc_o + rf_reg[7],0,560,0.0,0.0
rf_reg[7] + rs1_o_tag/hc_o,0,560,0.0,0.0
data_we_q_tag/hc_o + rf_reg[7],0,560,0.0,0.0
pc_id_o_tag/hc_o + rf_reg[8],0,560,0.0,0.0
rf_reg[8] + store_source_ex_o_tag/hc_o,0,560,0.0,0.0
alu_operand_c_ex_o_tag/hc_o + rf_reg[8],0,560,0.0,0.0
check_s2_o_tag/hc_o + rf_reg[8],0,560,0.0,0.0
check_d_o_tag/hc_o + rf_reg[8],0,560,0.0,0.0
register_set_o_tag/hc_o + rf_reg[8],0,560,0.0,0.0
is_store_post_o_tag/hc_o + rf_reg[8],0,560,0.0,0.0
rf_reg[8] + rs1_o_tag/hc_o,0,560,0.0,0.0
data_we_q_tag/hc_o + rf_reg[8],0,560,0.0,0.0
alu_operand_b_ex_o_tag + pc_id_o_tag/hc_o,0,560,0.0,0.0
alu_operand_b_ex_o_tag + store_source_ex_o_tag/hc_o,0,560,0.0,0.0
alu_operand_b_ex_o_tag + alu_operand_c_ex_o_tag/hc_o,0,560,0.0,0.0
alu_operand_b_ex_o_tag + check_s2_o_tag/hc_o,0,560,0.0,0.0
alu_operand_b_ex_o_tag + check_d_o_tag/hc_o,0,560,0.0,0.0
alu_operand_b_ex_o_tag + register_set_o_tag/hc_o,0,560,0.0,0.0
alu_operand_b_ex_o_tag + is_store_post_o_tag/hc_o,0,560,0.0,0.0
pc_id_o_tag/hc_o + rf_reg[9],0,560,0.0,0.0
rf_reg[9] + store_source_ex_o_tag/hc_o,0,560,0.0,0.0
alu_operand_c_ex_o_tag/hc_o + rf_reg[9],0,560,0.0,0.0
check_s2_o_tag/hc_o + rf_reg[9],0,560,0.0,0.0
check_d_o_tag/hc_o + rf_reg[9],0,560,0.0,0.0
register_set_o_tag/hc_o + rf_reg[9],0,560,0.0,0.0
is_store_post_o_tag/hc_o + rf_reg[9],0,560,0.0,0.0
rf_reg[9] + rs1_o_tag/hc_o,0,560,0.0,0.0
data_we_q_tag/hc_o + rf_reg[9],0,560,0.0,0.0
pc_id_o_tag/hc_o + rf_reg[10],0,560,0.0,0.0
rf_reg[10] + store_source_ex_o_tag/hc_o,0,560,0.0,0.0
alu_operand_c_ex_o_tag/hc_o + rf_reg[10],0,560,0.0,0.0
check_s2_o_tag/hc_o + rf_reg[10],0,560,0.0,0.0
check_d_o_tag/hc_o + rf_reg[10],0,560,0.0,0.0
register_set_o_tag/hc_o + rf_reg[10],0,560,0.0,0.0
is_store_post_o_tag/hc_o + rf_reg[10],0,560,0.0,0.0
rf_reg[10] + rs1_o_tag/hc_o,0,560,0.0,0.0
data_we_q_tag/hc_o + rf_reg[10],0,560,0.0,0.0
pc_id_o_tag/hc_o + rf_reg[11],0,560,0.0,0.0
rf_reg[11] + store_source_ex_o_tag/hc_o,0,560,0.0,0.0
alu_operand_c_ex_o_tag/hc_o + rf_reg[11],0,560,0.0,0.0
check_s2_o_tag/hc_o + rf_reg[11],0,560,0.0,0.0
check_d_o_tag/hc_o + rf_reg[11],0,560,0.0,0.0
register_set_o_tag/hc_o + rf_reg[11],0,560,0.0,0.0
is_store_post_o_tag/hc_o + rf_reg[11],0,560,0.0,0.0
rf_reg[11] + rs1_o_tag/hc_o,0,560,0.0,0.0
data_we_q_tag/hc_o + rf_reg[11],0,560,0.0,0.0
pc_id_o_tag/hc_o + rf_reg[12],0,560,0.0,0.0
rf_reg[12] + store_source_ex_o_tag/hc_o,0,560,0.0,0.0
alu_operand_c_ex_o_tag/hc_o + rf_reg[12],0,560,0.0,0.0
check_s2_o_tag/hc_o + rf_reg[12],0,560,0.0,0.0
check_d_o_tag/hc_o + rf_reg[12],0,560,0.0,0.0
register_set_o_tag/hc_o + rf_reg[12],0,560,0.0,0.0
is_store_post_o_tag/hc_o + rf_reg[12],0,560,0.0,0.0
rf_reg[12] + rs1_o_tag/hc_o,0,560,0.0,0.0
data_we_q_tag/hc_o + rf_reg[12],0,560,0.0,0.0
pc_id_o_tag/hc_o + rf_reg[13],0,560,0.0,0.0
alu_operand_b_ex_o_tag + rs1_o_tag/hc_o,0,560,0.0,0.0
alu_operand_b_ex_o_tag + data_we_q_tag/hc_o,0,560,0.0,0.0
rf_reg[13] + store_source_ex_o_tag/hc_o,0,560,0.0,0.0
alu_operand_c_ex_o_tag/hc_o + rf_reg[13],0,560,0.0,0.0
check_s2_o_tag/hc_o + rf_reg[13],0,560,0.0,0.0
check_d_o_tag/hc_o + rf_reg[13],0,560,0.0,0.0
register_set_o_tag/hc_o + rf_reg[13],0,560,0.0,0.0
is_store_post_o_tag/hc_o + rf_reg[13],0,560,0.0,0.0
rf_reg[13] + rs1_o_tag/hc_o,0,560,0.0,0.0
data_we_q_tag/hc_o + rf_reg[13],0,560,0.0,0.0
pc_id_o_tag/hc_o + rf_reg[14],0,560,0.0,0.0
rf_reg[14] + store_source_ex_o_tag/hc_o,0,560,0.0,0.0
alu_operand_c_ex_o_tag/hc_o + rf_reg[14],0,560,0.0,0.0
check_s2_o_tag/hc_o + rf_reg[14],0,560,0.0,0.0
check_d_o_tag/hc_o + rf_reg[14],0,560,0.0,0.0
register_set_o_tag/hc_o + rf_reg[14],0,560,0.0,0.0
is_store_post_o_tag/hc_o + rf_reg[14],0,560,0.0,0.0
rf_reg[14] + rs1_o_tag/hc_o,0,560,0.0,0.0
data_we_q_tag/hc_o + rf_reg[14],0,560,0.0,0.0
pc_id_o_tag/hc_o + rf_reg[15],0,560,0.0,0.0
rf_reg[15] + store_source_ex_o_tag/hc_o,0,560,0.0,0.0
alu_operand_c_ex_o_tag/hc_o + rf_reg[15],0,560,0.0,0.0
check_s2_o_tag/hc_o + rf_reg[15],0,560,0.0,0.0
check_d_o_tag/hc_o + rf_reg[15],0,560,0.0,0.0
register_set_o_tag/hc_o + rf_reg[15],0,560,0.0,0.0
is_store_post_o_tag/hc_o + rf_reg[15],0,560,0.0,0.0
rf_reg[15] + rs1_o_tag/hc_o,0,560,0.0,0.0
data_we_q_tag/hc_o + rf_reg[15],0,560,0.0,0.0
pc_id_o_tag/hc_o + rf_reg[16],0,560,0.0,0.0
rf_reg[16] + store_source_ex_o_tag/hc_o,0,560,0.0,0.0
alu_operand_c_ex_o_tag/hc_o + rf_reg[16],0,560,0.0,0.0
check_s2_o_tag/hc_o + rf_reg[16],0,560,0.0,0.0
check_d_o_tag/hc_o + rf_reg[16],0,560,0.0,0.0
register_set_o_tag/hc_o + rf_reg[16],0,560,0.0,0.0
is_store_post_o_tag/hc_o + rf_reg[16],0,560,0.0,0.0
rf_reg[16] + rs1_o_tag/hc_o,0,560,0.0,0.0
data_we_q_tag/hc_o + rf_reg[16],0,560,0.0,0.0
pc_id_o_tag/hc_o + rf_reg[17],0,560,0.0,0.0
rf_reg[17] + store_source_ex_o_tag/hc_o,0,560,0.0,0.0
alu_operand_c_ex_o_tag/hc_o + rf_reg[17],0,560,0.0,0.0
check_s2_o_tag/hc_o + rf_reg[17],0,560,0.0,0.0
check_d_o_tag/hc_o + rf_reg[17],0,560,0.0,0.0
register_set_o_tag/hc_o + rf_reg[17],0,560,0.0,0.0
is_store_post_o_tag/hc_o + rf_reg[17],0,560,0.0,0.0
rf_reg[17] + rs1_o_tag/hc_o,0,560,0.0,0.0
data_we_q_tag/hc_o + rf_reg[17],0,560,0.0,0.0
pc_id_o_tag/hc_o + rf_reg[18],0,560,0.0,0.0
rf_reg[18] + store_source_ex_o_tag/hc_o,0,560,0.0,0.0
alu_operand_c_ex_o_tag/hc_o + rf_reg[18],0,560,0.0,0.0
check_s2_o_tag/hc_o + rf_reg[18],0,560,0.0,0.0
check_d_o_tag/hc_o + rf_reg[18],0,560,0.0,0.0
register_set_o_tag/hc_o + rf_reg[18],0,560,0.0,0.0
is_store_post_o_tag/hc_o + rf_reg[18],0,560,0.0,0.0
rf_reg[18] + rs1_o_tag/hc_o,0,560,0.0,0.0
data_we_q_tag/hc_o + rf_reg[18],0,560,0.0,0.0
pc_id_o_tag/hc_o + rf_reg[19],0,560,0.0,0.0
rf_reg[19] + store_source_ex_o_tag/hc_o,0,560,0.0,0.0
alu_operand_c_ex_o_tag/hc_o + rf_reg[19],0,560,0.0,0.0
check_s2_o_tag/hc_o + rf_reg[19],0,560,0.0,0.0
check_d_o_tag/hc_o + rf_reg[19],0,560,0.0,0.0
register_set_o_tag/hc_o + rf_reg[19],0,560,0.0,0.0
is_store_post_o_tag/hc_o + rf_reg[19],0,560,0.0,0.0
rf_reg[19] + rs1_o_tag/hc_o,0,560,0.0,0.0
data_we_q_tag/hc_o + rf_reg[19],0,560,0.0,0.0
pc_id_o_tag/hc_o + rf_reg[20],0,560,0.0,0.0
rf_reg[20] + store_source_ex_o_tag/hc_o,0,560,0.0,0.0
alu_operand_c_ex_o_tag/hc_o + rf_reg[20],0,560,0.0,0.0
check_s2_o_tag/hc_o + rf_reg[20],0,560,0.0,0.0
check_d_o_tag/hc_o + rf_reg[20],0,560,0.0,0.0
register_set_o_tag/hc_o + rf_reg[20],0,560,0.0,0.0
is_store_post_o_tag/hc_o + rf_reg[20],0,560,0.0,0.0
rf_reg[20] + rs1_o_tag/hc_o,0,560,0.0,0.0
data_we_q_tag/hc_o + rf_reg[20],0,560,0.0,0.0
pc_id_o_tag/hc_o + rf_reg[21],0,560,0.0,0.0
rf_reg[21] + store_source_ex_o_tag/hc_o,0,560,0.0,0.0
alu_operand_c_ex_o_tag/hc_o + rf_reg[21],0,560,0.0,0.0
check_s2_o_tag/hc_o + rf_reg[21],0,560,0.0,0.0
check_d_o_tag/hc_o + rf_reg[21],0,560,0.0,0.0
register_set_o_tag/hc_o + rf_reg[21],0,560,0.0,0.0
is_store_post_o_tag/hc_o + rf_reg[21],0,560,0.0,0.0
rf_reg[21] + rs1_o_tag/hc_o,0,560,0.0,0.0
data_we_q_tag/hc_o + rf_reg[21],0,560,0.0,0.0
alu_operand_c_ex_o_tag + pc_id_o_tag/hc_o,0,560,0.0,0.0
alu_operand_c_ex_o_tag + store_source_ex_o_tag/hc_o,0,560,0.0,0.0
alu_operand_c_ex_o_tag + alu_operand_c_ex_o_tag/hc_o,0,560,0.0,0.0
alu_operand_c_ex_o_tag + check_s2_o_tag/hc_o,0,560,0.0,0.0
alu_operand_c_ex_o_tag + check_d_o_tag/hc_o,0,560,0.0,0.0
alu_operand_c_ex_o_tag + register_set_o_tag/hc_o,0,560,0.0,0.0
alu_operand_c_ex_o_tag + is_store_post_o_tag/hc_o,0,560,0.0,0.0
pc_id_o_tag/hc_o + rf_reg[22],0,560,0.0,0.0
rf_reg[22] + store_source_ex_o_tag/hc_o,0,560,0.0,0.0
alu_operand_c_ex_o_tag/hc_o + rf_reg[22],0,560,0.0,0.0
check_s2_o_tag/hc_o + rf_reg[22],0,560,0.0,0.0
check_d_o_tag/hc_o + rf_reg[22],0,560,0.0,0.0
register_set_o_tag/hc_o + rf_reg[22],0,560,0.0,0.0
is_store_post_o_tag/hc_o + rf_reg[22],0,560,0.0,0.0
rf_reg[22] + rs1_o_tag/hc_o,0,560,0.0,0.0
data_we_q_tag/hc_o + rf_reg[22],0,560,0.0,0.0
pc_id_o_tag/hc_o + rf_reg[23],0,560,0.0,0.0
rf_reg[23] + store_source_ex_o_tag/hc_o,0,560,0.0,0.0
alu_operand_c_ex_o_tag/hc_o + rf_reg[23],0,560,0.0,0.0
check_s2_o_tag/hc_o + rf_reg[23],0,560,0.0,0.0
check_d_o_tag/hc_o + rf_reg[23],0,560,0.0,0.0
register_set_o_tag/hc_o + rf_reg[23],0,560,0.0,0.0
is_store_post_o_tag/hc_o + rf_reg[23],0,560,0.0,0.0
rf_reg[23] + rs1_o_tag/hc_o,0,560,0.0,0.0
data_we_q_tag/hc_o + rf_reg[23],0,560,0.0,0.0
pc_id_o_tag/hc_o + rf_reg[24],0,560,0.0,0.0
rf_reg[24] + store_source_ex_o_tag/hc_o,0,560,0.0,0.0
alu_operand_c_ex_o_tag/hc_o + rf_reg[24],0,560,0.0,0.0
check_s2_o_tag/hc_o + rf_reg[24],0,560,0.0,0.0
check_d_o_tag/hc_o + rf_reg[24],0,560,0.0,0.0
register_set_o_tag/hc_o + rf_reg[24],0,560,0.0,0.0
is_store_post_o_tag/hc_o + rf_reg[24],0,560,0.0,0.0
rf_reg[24] + rs1_o_tag/hc_o,0,560,0.0,0.0
data_we_q_tag/hc_o + rf_reg[24],0,560,0.0,0.0
pc_id_o_tag/hc_o + rf_reg[25],0,560,0.0,0.0
rf_reg[25] + store_source_ex_o_tag/hc_o,0,560,0.0,0.0
alu_operand_c_ex_o_tag/hc_o + rf_reg[25],0,560,0.0,0.0
check_s2_o_tag/hc_o + rf_reg[25],0,560,0.0,0.0
check_d_o_tag/hc_o + rf_reg[25],0,560,0.0,0.0
register_set_o_tag/hc_o + rf_reg[25],0,560,0.0,0.0
is_store_post_o_tag/hc_o + rf_reg[25],0,560,0.0,0.0
rf_reg[25] + rs1_o_tag/hc_o,0,560,0.0,0.0
data_we_q_tag/hc_o + rf_reg[25],0,560,0.0,0.0
pc_id_o_tag/hc_o + rf_reg[26],0,560,0.0,0.0
rf_reg[26] + store_source_ex_o_tag/hc_o,0,560,0.0,0.0
alu_operand_c_ex_o_tag/hc_o + rf_reg[26],0,560,0.0,0.0
check_s2_o_tag/hc_o + rf_reg[26],0,560,0.0,0.0
check_d_o_tag/hc_o + rf_reg[26],0,560,0.0,0.0
register_set_o_tag/hc_o + rf_reg[26],0,560,0.0,0.0
is_store_post_o_tag/hc_o + rf_reg[26],0,560,0.0,0.0
rf_reg[26] + rs1_o_tag/hc_o,0,560,0.0,0.0
alu_operand_c_ex_o_tag + rs1_o_tag/hc_o,0,560,0.0,0.0
alu_operand_c_ex_o_tag + data_we_q_tag/hc_o,0,560,0.0,0.0
data_we_q_tag/hc_o + rf_reg[26],0,560,0.0,0.0
pc_id_o_tag/hc_o + rf_reg[27],0,560,0.0,0.0
rf_reg[27] + store_source_ex_o_tag/hc_o,0,560,0.0,0.0
alu_operand_c_ex_o_tag/hc_o + rf_reg[27],0,560,0.0,0.0
check_s2_o_tag/hc_o + rf_reg[27],0,560,0.0,0.0
check_d_o_tag/hc_o + rf_reg[27],0,560,0.0,0.0
register_set_o_tag/hc_o + rf_reg[27],0,560,0.0,0.0
is_store_post_o_tag/hc_o + rf_reg[27],0,560,0.0,0.0
rf_reg[27] + rs1_o_tag/hc_o,0,560,0.0,0.0
data_we_q_tag/hc_o + rf_reg[27],0,560,0.0,0.0
pc_id_o_tag/hc_o + rf_reg[28],0,560,0.0,0.0
rf_reg[28] + store_source_ex_o_tag/hc_o,0,560,0.0,0.0
alu_operand_c_ex_o_tag/hc_o + rf_reg[28],0,560,0.0,0.0
check_s2_o_tag/hc_o + rf_reg[28],0,560,0.0,0.0
check_d_o_tag/hc_o + rf_reg[28],0,560,0.0,0.0
register_set_o_tag/hc_o + rf_reg[28],0,560,0.0,0.0
is_store_post_o_tag/hc_o + rf_reg[28],0,560,0.0,0.0
rf_reg[28] + rs1_o_tag/hc_o,0,560,0.0,0.0
data_we_q_tag/hc_o + rf_reg[28],0,560,0.0,0.0
pc_id_o_tag/hc_o + rf_reg[29],0,560,0.0,0.0
rf_reg[29] + store_source_ex_o_tag/hc_o,0,560,0.0,0.0
alu_operand_c_ex_o_tag/hc_o + rf_reg[29],0,560,0.0,0.0
check_s2_o_tag/hc_o + rf_reg[29],0,560,0.0,0.0
check_d_o_tag/hc_o + rf_reg[29],0,560,0.0,0.0
register_set_o_tag/hc_o + rf_reg[29],0,560,0.0,0.0
is_store_post_o_tag/hc_o + rf_reg[29],0,560,0.0,0.0
rf_reg[29] + rs1_o_tag/hc_o,0,560,0.0,0.0
data_we_q_tag/hc_o + rf_reg[29],0,560,0.0,0.0
pc_id_o_tag/hc_o + rf_reg[30],0,560,0.0,0.0
rf_reg[30] + store_source_ex_o_tag/hc_o,0,560,0.0,0.0
alu_operand_c_ex_o_tag/hc_o + rf_reg[30],0,560,0.0,0.0
check_s2_o_tag/hc_o + rf_reg[30],0,560,0.0,0.0
check_d_o_tag/hc_o + rf_reg[30],0,560,0.0,0.0
register_set_o_tag/hc_o + rf_reg[30],0,560,0.0,0.0
is_store_post_o_tag/hc_o + rf_reg[30],0,560,0.0,0.0
rf_reg[30] + rs1_o_tag/hc_o,0,560,0.0,0.0
data_we_q_tag/hc_o + rf_reg[30],0,560,0.0,0.0
pc_id_o_tag/hc_o + rf_reg[31],0,560,0.0,0.0
rf_reg[31] + store_source_ex_o_tag/hc_o,0,560,0.0,0.0
alu_operand_c_ex_o_tag/hc_o + rf_reg[31],0,560,0.0,0.0
check_s2_o_tag/hc_o + rf_reg[31],0,560,0.0,0.0
check_d_o_tag/hc_o + rf_reg[31],0,560,0.0,0.0
register_set_o_tag/hc_o + rf_reg[31],0,560,0.0,0.0
is_store_post_o_tag/hc_o + rf_reg[31],0,560,0.0,0.0
rf_reg[31] + rs1_o_tag/hc_o,0,560,0.0,0.0
data_we_q_tag/hc_o + rf_reg[31],0,560,0.0,0.0
pc_id_o_tag/hc_o + rs1_o_tag,0,560,0.0,0.0
rs1_o_tag + store_source_ex_o_tag/hc_o,0,560,0.0,0.0
alu_operand_c_ex_o_tag/hc_o + rs1_o_tag,0,560,0.0,0.0
check_s2_o_tag/hc_o + rs1_o_tag,0,560,0.0,0.0
check_d_o_tag/hc_o + rs1_o_tag,0,560,0.0,0.0
register_set_o_tag/hc_o + rs1_o_tag,0,560,0.0,0.0
is_store_post_o_tag/hc_o + rs1_o_tag,0,560,0.0,0.0
rs1_o_tag + rs1_o_tag/hc_o,0,560,0.0,0.0
data_we_q_tag/hc_o + rs1_o_tag,0,560,0.0,0.0
data_we_q_tag + pc_id_o_tag/hc_o,0,560,0.0,0.0
data_we_q_tag + store_source_ex_o_tag/hc_o,0,560,0.0,0.0
alu_operand_c_ex_o_tag/hc_o + data_we_q_tag,0,560,0.0,0.0
check_s2_o_tag/hc_o + data_we_q_tag,0,560,0.0,0.0
check_d_o_tag/hc_o + data_we_q_tag,0,560,0.0,0.0
data_we_q_tag + register_set_o_tag/hc_o,0,560,0.0,0.0
data_we_q_tag + is_store_post_o_tag/hc_o,0,560,0.0,0.0
data_we_q_tag + rs1_o_tag/hc_o,0,560,0.0,0.0
data_we_q_tag + data_we_q_tag/hc_o,0,560,0.0,0.0
pc_id_o_tag + pc_id_o_tag/hc_o,0,560,0.0,0.0
pc_id_o_tag + store_source_ex_o_tag/hc_o,0,560,0.0,0.0
alu_operand_c_ex_o_tag/hc_o + pc_id_o_tag,0,560,0.0,0.0
check_s2_o_tag/hc_o + pc_id_o_tag,0,560,0.0,0.0
check_d_o_tag/hc_o + pc_id_o_tag,0,560,0.0,0.0
pc_id_o_tag + register_set_o_tag/hc_o,0,560,0.0,0.0
is_store_post_o_tag/hc_o + pc_id_o_tag,0,560,0.0,0.0
check_d_o_tag + pc_id_o_tag/hc_o,0,560,0.0,0.0
check_d_o_tag + store_source_ex_o_tag/hc_o,0,560,0.0,0.0
alu_operand_c_ex_o_tag/hc_o + check_d_o_tag,0,560,0.0,0.0
check_d_o_tag + check_s2_o_tag/hc_o,0,560,0.0,0.0
check_d_o_tag + check_d_o_tag/hc_o,0,560,0.0,0.0
check_d_o_tag + register_set_o_tag/hc_o,0,560,0.0,0.0
check_d_o_tag + is_store_post_o_tag/hc_o,0,560,0.0,0.0
check_d_o_tag + rs1_o_tag/hc_o,0,560,0.0,0.0
check_d_o_tag + data_we_q_tag/hc_o,0,560,0.0,0.0
check_s1_o_tag + pc_id_o_tag/hc_o,0,560,0.0,0.0
check_s1_o_tag + store_source_ex_o_tag/hc_o,0,560,0.0,0.0
alu_operand_c_ex_o_tag/hc_o + check_s1_o_tag,0,560,0.0,0.0
check_s1_o_tag + check_s2_o_tag/hc_o,0,560,0.0,0.0
check_d_o_tag/hc_o + check_s1_o_tag,0,560,0.0,0.0
check_s1_o_tag + register_set_o_tag/hc_o,0,560,0.0,0.0
check_s1_o_tag + is_store_post_o_tag/hc_o,0,560,0.0,0.0
check_s1_o_tag + rs1_o_tag/hc_o,0,560,0.0,0.0
check_s1_o_tag + data_we_q_tag/hc_o,0,560,0.0,0.0
check_s2_o_tag + pc_id_o_tag/hc_o,0,560,0.0,0.0
check_s2_o_tag + store_source_ex_o_tag/hc_o,0,560,0.0,0.0
alu_operand_c_ex_o_tag/hc_o + check_s2_o_tag,0,560,0.0,0.0
check_s2_o_tag + check_s2_o_tag/hc_o,0,560,0.0,0.0
check_d_o_tag/hc_o + check_s2_o_tag,0,560,0.0,0.0
check_s2_o_tag + register_set_o_tag/hc_o,0,560,0.0,0.0
check_s2_o_tag + is_store_post_o_tag/hc_o,0,560,0.0,0.0
check_s2_o_tag + rs1_o_tag/hc_o,0,560,0.0,0.0
pc_id_o_tag + rs1_o_tag/hc_o,0,560,0.0,0.0
data_we_q_tag/hc_o + pc_id_o_tag,0,560,0.0,0.0
check_s2_o_tag + data_we_q_tag/hc_o,0,560,0.0,0.0
is_store_post_o_tag + pc_id_o_tag/hc_o,0,560,0.0,0.0
is_store_post_o_tag + store_source_ex_o_tag/hc_o,0,560,0.0,0.0
alu_operand_c_ex_o_tag/hc_o + is_store_post_o_tag,0,560,0.0,0.0
check_s2_o_tag/hc_o + is_store_post_o_tag,0,560,0.0,0.0
check_d_o_tag/hc_o + is_store_post_o_tag,0,560,0.0,0.0
is_store_post_o_tag + register_set_o_tag/hc_o,0,560,0.0,0.0
is_store_post_o_tag + is_store_post_o_tag/hc_o,0,560,0.0,0.0
is_store_post_o_tag + rs1_o_tag/hc_o,0,560,0.0,0.0
data_we_q_tag/hc_o + is_store_post_o_tag,0,560,0.0,0.0
memory_set_o_tag + pc_id_o_tag/hc_o,0,560,0.0,0.0
memory_set_o_tag + store_source_ex_o_tag/hc_o,0,560,0.0,0.0
alu_operand_c_ex_o_tag/hc_o + memory_set_o_tag,0,560,0.0,0.0
check_s2_o_tag/hc_o + memory_set_o_tag,0,560,0.0,0.0
check_d_o_tag/hc_o + memory_set_o_tag,0,560,0.0,0.0
memory_set_o_tag + register_set_o_tag/hc_o,0,560,0.0,0.0
is_store_post_o_tag/hc_o + memory_set_o_tag,0,560,0.0,0.0
memory_set_o_tag + rs1_o_tag/hc_o,0,560,0.0,0.0
data_we_q_tag/hc_o + memory_set_o_tag,0,560,0.0,0.0
pc_id_o_tag/hc_o + pc_if_o_tag,0,560,0.0,0.0
pc_if_o_tag + store_source_ex_o_tag/hc_o,0,560,0.0,0.0
alu_operand_c_ex_o_tag/hc_o + pc_if_o_tag,0,560,0.0,0.0
check_s2_o_tag/hc_o + pc_if_o_tag,0,560,0.0,0.0
check_d_o_tag/hc_o + pc_if_o_tag,0,560,0.0,0.0
pc_if_o_tag + register_set_o_tag/hc_o,0,560,0.0,0.0
is_store_post_o_tag/hc_o + pc_if_o_tag,0,560,0.0,0.0
pc_if_o_tag + rs1_o_tag/hc_o,0,560,0.0,0.0
data_we_q_tag/hc_o + pc_if_o_tag,0,560,0.0,0.0
pc_id_o_tag/hc_o + register_set_o_tag,0,560,0.0,0.0
register_set_o_tag + store_source_ex_o_tag/hc_o,0,560,0.0,0.0
alu_operand_c_ex_o_tag/hc_o + register_set_o_tag,0,560,0.0,0.0
check_s2_o_tag/hc_o + register_set_o_tag,0,560,0.0,0.0
check_d_o_tag/hc_o + register_set_o_tag,0,560,0.0,0.0
register_set_o_tag + register_set_o_tag/hc_o,0,560,0.0,0.0
is_store_post_o_tag/hc_o + register_set_o_tag,0,560,0.0,0.0
register_set_o_tag + rs1_o_tag/hc_o,0,560,0.0,0.0
data_we_q_tag/hc_o + register_set_o_tag,0,560,0.0,0.0
alu_operand_a_ex_o_tag + pc_id_o_tag/hc_o,0,560,0.0,0.0
alu_operand_a_ex_o_tag + store_source_ex_o_tag/hc_o,0,560,0.0,0.0
alu_operand_a_ex_o_tag + alu_operand_c_ex_o_tag/hc_o,0,560,0.0,0.0
alu_operand_a_ex_o_tag + check_s2_o_tag/hc_o,0,560,0.0,0.0
alu_operand_a_ex_o_tag + check_d_o_tag/hc_o,0,560,0.0,0.0
alu_operand_a_ex_o_tag + register_set_o_tag/hc_o,0,560,0.0,0.0
alu_operand_a_ex_o_tag + is_store_post_o_tag/hc_o,0,560,0.0,0.0
pc_id_o_tag/hc_o + store_dest_addr_ex_o_tag,0,560,0.0,0.0
store_dest_addr_ex_o_tag + store_source_ex_o_tag/hc_o,0,560,0.0,0.0
alu_operand_c_ex_o_tag/hc_o + store_dest_addr_ex_o_tag,0,560,0.0,0.0
check_s2_o_tag/hc_o + store_dest_addr_ex_o_tag,0,560,0.0,0.0
check_d_o_tag/hc_o + store_dest_addr_ex_o_tag,0,560,0.0,0.0
register_set_o_tag/hc_o + store_dest_addr_ex_o_tag,0,560,0.0,0.0
is_store_post_o_tag/hc_o + store_dest_addr_ex_o_tag,0,560,0.0,0.0
rs1_o_tag/hc_o + store_dest_addr_ex_o_tag,0,560,0.0,0.0
data_we_q_tag/hc_o + store_dest_addr_ex_o_tag,0,560,0.0,0.0
pc_id_o_tag/hc_o + store_source_ex_o_tag,0,560,0.0,0.0
store_source_ex_o_tag + store_source_ex_o_tag/hc_o,0,560,0.0,0.0
alu_operand_c_ex_o_tag/hc_o + store_source_ex_o_tag,0,560,0.0,0.0
check_s2_o_tag/hc_o + store_source_ex_o_tag,0,560,0.0,0.0
check_d_o_tag/hc_o + store_source_ex_o_tag,0,560,0.0,0.0
register_set_o_tag/hc_o + store_source_ex_o_tag,0,560,0.0,0.0
is_store_post_o_tag/hc_o + store_source_ex_o_tag,0,560,0.0,0.0
rs1_o_tag/hc_o + store_source_ex_o_tag,0,560,0.0,0.0
data_we_q_tag/hc_o + store_source_ex_o_tag,0,560,0.0,0.0
pc_id_o_tag/hc_o + use_store_ops_ex_o,0,560,0.0,0.0
store_source_ex_o_tag/hc_o + use_store_ops_ex_o,0,560,0.0,0.0
alu_operand_c_ex_o_tag/hc_o + use_store_ops_ex_o,0,560,0.0,0.0
check_s2_o_tag/hc_o + use_store_ops_ex_o,0,560,0.0,0.0
check_d_o_tag/hc_o + use_store_ops_ex_o,0,560,0.0,0.0
register_set_o_tag/hc_o + use_store_ops_ex_o,0,560,0.0,0.0
is_store_post_o_tag/hc_o + use_store_ops_ex_o,0,560,0.0,0.0
rs1_o_tag/hc_o + use_store_ops_ex_o,0,560,0.0,0.0
data_we_q_tag/hc_o + use_store_ops_ex_o,0,560,0.0,0.0
pc_id_o_tag/hc_o + rf_reg[0],0,560,0.0,0.0
rf_reg[0] + store_source_ex_o_tag/hc_o,0,560,0.0,0.0
alu_operand_c_ex_o_tag/hc_o + rf_reg[0],0,560,0.0,0.0
check_s2_o_tag/hc_o + rf_reg[0],0,560,0.0,0.0
check_d_o_tag/hc_o + rf_reg[0],0,560,0.0,0.0
register_set_o_tag/hc_o + rf_reg[0],0,560,0.0,0.0
is_store_post_o_tag/hc_o + rf_reg[0],0,560,0.0,0.0
rf_reg[0] + rs1_o_tag/hc_o,0,560,0.0,0.0
alu_operand_a_ex_o_tag + rs1_o_tag/hc_o,0,560,0.0,0.0
alu_operand_a_ex_o_tag + data_we_q_tag/hc_o,0,560,0.0,0.0
data_we_q_tag/hc_o + rf_reg[0],0,560,0.0,0.0
pc_id_o_tag/hc_o + rf_reg[1],0,560,0.0,0.0
rf_reg[1] + store_source_ex_o_tag/hc_o,0,560,0.0,0.0
alu_operand_c_ex_o_tag/hc_o + rf_reg[1],0,560,0.0,0.0
check_s2_o_tag/hc_o + rf_reg[1],0,560,0.0,0.0
check_d_o_tag/hc_o + rf_reg[1],0,560,0.0,0.0
register_set_o_tag/hc_o + rf_reg[1],0,560,0.0,0.0
is_store_post_o_tag/hc_o + rf_reg[1],0,560,0.0,0.0
rf_reg[1] + rs1_o_tag/hc_o,0,560,0.0,0.0
data_we_q_tag/hc_o + rf_reg[1],0,560,0.0,0.0
pc_id_o_tag/hc_o + rf_reg[2],0,560,0.0,0.0
rf_reg[2] + store_source_ex_o_tag/hc_o,0,560,0.0,0.0
alu_operand_c_ex_o_tag/hc_o + rf_reg[2],0,560,0.0,0.0
check_s2_o_tag/hc_o + rf_reg[2],0,560,0.0,0.0
check_d_o_tag/hc_o + rf_reg[2],0,560,0.0,0.0
is_store_post_o_tag/hc_o + rf_reg[2],0,560,0.0,0.0
rf_reg[2] + rs1_o_tag/hc_o,0,560,0.0,0.0
data_we_q_tag/hc_o + rf_reg[2],0,560,0.0,0.0
pc_id_o_tag/hc_o + rf_reg[3],0,560,0.0,0.0
rf_reg[3] + store_source_ex_o_tag/hc_o,0,560,0.0,0.0
alu_operand_c_ex_o_tag/hc_o + rf_reg[3],0,560,0.0,0.0
check_s2_o_tag/hc_o + rf_reg[3],0,560,0.0,0.0
check_d_o_tag/hc_o + rf_reg[3],0,560,0.0,0.0
register_set_o_tag/hc_o + rf_reg[3],0,560,0.0,0.0
is_store_post_o_tag/hc_o + rf_reg[3],0,560,0.0,0.0
rf_reg[3] + rs1_o_tag/hc_o,0,560,0.0,0.0
data_we_q_tag/hc_o + rf_reg[3],0,560,0.0,0.0
pc_id_o_tag/hc_o + rf_reg[4],0,560,0.0,0.0
rf_reg[4] + store_source_ex_o_tag/hc_o,0,560,0.0,0.0
alu_operand_c_ex_o_tag/hc_o + rf_reg[4],0,560,0.0,0.0
check_s2_o_tag/hc_o + rf_reg[4],0,560,0.0,0.0
check_d_o_tag/hc_o + rf_reg[4],0,560,0.0,0.0
register_set_o_tag/hc_o + rf_reg[4],0,560,0.0,0.0
is_store_post_o_tag/hc_o + rf_reg[4],0,560,0.0,0.0
rf_reg[4] + rs1_o_tag/hc_o,0,560,0.0,0.0
csr_group14/hc_o + data_type_q_tag,0,560,0.0,0.0
csr_group18/hc_o + data_type_q_tag,0,560,0.0,0.0
csr_group19/hc_o + data_type_q_tag,0,560,0.0,0.0
csr_group14/hc_o + rdata_offset_q_tag,0,560,0.0,0.0
csr_group18/hc_o + rdata_offset_q_tag,0,560,0.0,0.0
csr_group19/hc_o + rdata_offset_q_tag,0,560,0.0,0.0
alu_operator_o_mode + csr_group14/hc_o,0,560,0.0,0.0
alu_operator_o_mode + csr_group18/hc_o,0,560,0.0,0.0
alu_operator_o_mode + csr_group19/hc_o,0,560,0.0,0.0
csr_group14/hc_o + csr_group18/hc_o,0,560,0.0,0.0
csr_group14/hc_o + csr_group19/hc_o,0,560,0.0,0.0
csr_group18/hc_o + csr_group19/hc_o,0,560,0.0,0.0
alu_operand_a_ex_o_tag + tpr_arith/hc_o,0,532,0.0,0.0
alu_operand_a_ex_o_tag + tpr_branch/hc_o,0,532,0.0,0.0
alu_operand_a_ex_o_tag + tpr_jump/hc_o,0,532,0.0,0.0
alu_operand_a_ex_o_tag + tpr_shift/hc_o,0,532,0.0,0.0
alu_operand_a_ex_o_tag + tpr_comparison/hc_o,0,532,0.0,0.0
alu_operand_a_ex_o_tag + tpr_logical/hc_o,0,532,0.0,0.0
alu_operand_a_ex_o_tag + tcr_arith/hc_o,0,532,0.0,0.0
alu_operand_a_ex_o_tag + tcr_branch/hc_o,0,532,0.0,0.0
alu_operand_a_ex_o_tag + tcr_jump/hc_o,0,532,0.0,0.0
alu_operand_a_ex_o_tag + tcr_shift/hc_o,0,532,0.0,0.0
alu_operand_a_ex_o_tag + tcr_comparison/hc_o,0,532,0.0,0.0
alu_operand_a_ex_o_tag + tcr_logical/hc_o,0,532,0.0,0.0
tpr_arith/hc_o + use_store_ops_ex_o,0,532,0.0,0.0
tpr_branch/hc_o + use_store_ops_ex_o,0,532,0.0,0.0
tpr_jump/hc_o + use_store_ops_ex_o,0,532,0.0,0.0
tpr_shift/hc_o + use_store_ops_ex_o,0,532,0.0,0.0
tpr_comparison/hc_o + use_store_ops_ex_o,0,532,0.0,0.0
tpr_logical/hc_o + use_store_ops_ex_o,0,532,0.0,0.0
tcr_arith/hc_o + use_store_ops_ex_o,0,532,0.0,0.0
tcr_branch/hc_o + use_store_ops_ex_o,0,532,0.0,0.0
tcr_jump/hc_o + use_store_ops_ex_o,0,532,0.0,0.0
tcr_shift/hc_o + use_store_ops_ex_o,0,532,0.0,0.0
tcr_comparison/hc_o + use_store_ops_ex_o,0,532,0.0,0.0
tcr_logical/hc_o + use_store_ops_ex_o,0,532,0.0,0.0
rf_reg[0] + tpr_arith/hc_o,0,532,0.0,0.0
rf_reg[0] + tpr_branch/hc_o,0,532,0.0,0.0
rf_reg[0] + tpr_jump/hc_o,0,532,0.0,0.0
rf_reg[0] + tpr_shift/hc_o,0,532,0.0,0.0
rf_reg[0] + tpr_comparison/hc_o,0,532,0.0,0.0
rf_reg[0] + tpr_logical/hc_o,0,532,0.0,0.0
rf_reg[0] + tcr_arith/hc_o,0,532,0.0,0.0
rf_reg[0] + tcr_branch/hc_o,0,532,0.0,0.0
rf_reg[0] + tcr_jump/hc_o,0,532,0.0,0.0
rf_reg[0] + tcr_shift/hc_o,0,532,0.0,0.0
rf_reg[0] + tcr_comparison/hc_o,0,532,0.0,0.0
rf_reg[0] + tcr_logical/hc_o,0,532,0.0,0.0
rf_reg[1] + tpr_arith/hc_o,0,532,0.0,0.0
rf_reg[1] + tpr_branch/hc_o,0,532,0.0,0.0
rf_reg[1] + tpr_jump/hc_o,0,532,0.0,0.0
rf_reg[1] + tpr_shift/hc_o,0,532,0.0,0.0
rf_reg[1] + tpr_comparison/hc_o,0,532,0.0,0.0
rf_reg[1] + tpr_logical/hc_o,0,532,0.0,0.0
rf_reg[1] + tcr_arith/hc_o,0,532,0.0,0.0
rf_reg[1] + tcr_branch/hc_o,0,532,0.0,0.0
rf_reg[1] + tcr_jump/hc_o,0,532,0.0,0.0
rf_reg[1] + tcr_shift/hc_o,0,532,0.0,0.0
rf_reg[1] + tcr_comparison/hc_o,0,532,0.0,0.0
rf_reg[1] + tcr_logical/hc_o,0,532,0.0,0.0
rf_reg[2] + tpr_arith/hc_o,0,532,0.0,0.0
rf_reg[2] + tpr_branch/hc_o,0,532,0.0,0.0
rf_reg[2] + tpr_jump/hc_o,0,532,0.0,0.0
rf_reg[2] + tpr_shift/hc_o,0,532,0.0,0.0
rf_reg[2] + tpr_comparison/hc_o,0,532,0.0,0.0
rf_reg[2] + tpr_logical/hc_o,0,532,0.0,0.0
rf_reg[2] + tcr_arith/hc_o,0,532,0.0,0.0
rf_reg[2] + tcr_branch/hc_o,0,532,0.0,0.0
rf_reg[2] + tcr_jump/hc_o,0,532,0.0,0.0
rf_reg[2] + tcr_shift/hc_o,0,532,0.0,0.0
rf_reg[2] + tcr_comparison/hc_o,0,532,0.0,0.0
rf_reg[2] + tcr_logical/hc_o,0,532,0.0,0.0
rf_reg[3] + tpr_arith/hc_o,0,532,0.0,0.0
rf_reg[3] + tpr_branch/hc_o,0,532,0.0,0.0
rf_reg[3] + tpr_jump/hc_o,0,532,0.0,0.0
rf_reg[3] + tpr_shift/hc_o,0,532,0.0,0.0
rf_reg[3] + tpr_comparison/hc_o,0,532,0.0,0.0
rf_reg[3] + tpr_logical/hc_o,0,532,0.0,0.0
rf_reg[3] + tcr_arith/hc_o,0,532,0.0,0.0
rf_reg[3] + tcr_branch/hc_o,0,532,0.0,0.0
rf_reg[3] + tcr_jump/hc_o,0,532,0.0,0.0
rf_reg[3] + tcr_shift/hc_o,0,532,0.0,0.0
rf_reg[3] + tcr_comparison/hc_o,0,532,0.0,0.0
rf_reg[3] + tcr_logical/hc_o,0,532,0.0,0.0
rf_reg[4] + tpr_arith/hc_o,0,532,0.0,0.0
rf_reg[4] + tpr_branch/hc_o,0,532,0.0,0.0
rf_reg[4] + tpr_jump/hc_o,0,532,0.0,0.0
rf_reg[4] + tpr_shift/hc_o,0,532,0.0,0.0
rf_reg[4] + tpr_comparison/hc_o,0,532,0.0,0.0
rf_reg[4] + tpr_logical/hc_o,0,532,0.0,0.0
rf_reg[4] + tcr_arith/hc_o,0,532,0.0,0.0
rf_reg[4] + tcr_branch/hc_o,0,532,0.0,0.0
rf_reg[4] + tcr_jump/hc_o,0,532,0.0,0.0
rf_reg[4] + tcr_shift/hc_o,0,532,0.0,0.0
rf_reg[4] + tcr_comparison/hc_o,0,532,0.0,0.0
rf_reg[4] + tcr_logical/hc_o,0,532,0.0,0.0
rf_reg[5] + tpr_arith/hc_o,0,532,0.0,0.0
rf_reg[5] + tpr_branch/hc_o,0,532,0.0,0.0
rf_reg[5] + tpr_jump/hc_o,0,532,0.0,0.0
rf_reg[5] + tpr_shift/hc_o,0,532,0.0,0.0
rf_reg[5] + tpr_comparison/hc_o,0,532,0.0,0.0
rf_reg[5] + tpr_logical/hc_o,0,532,0.0,0.0
rf_reg[5] + tcr_arith/hc_o,0,532,0.0,0.0
rf_reg[5] + tcr_branch/hc_o,0,532,0.0,0.0
rf_reg[5] + tcr_jump/hc_o,0,532,0.0,0.0
rf_reg[5] + tcr_shift/hc_o,0,532,0.0,0.0
rf_reg[5] + tcr_comparison/hc_o,0,532,0.0,0.0
rf_reg[5] + tcr_logical/hc_o,0,532,0.0,0.0
rf_reg[6] + tpr_arith/hc_o,0,532,0.0,0.0
rf_reg[6] + tpr_branch/hc_o,0,532,0.0,0.0
rf_reg[6] + tpr_jump/hc_o,0,532,0.0,0.0
rf_reg[6] + tpr_shift/hc_o,0,532,0.0,0.0
rf_reg[6] + tpr_comparison/hc_o,0,532,0.0,0.0
rf_reg[6] + tpr_logical/hc_o,0,532,0.0,0.0
rf_reg[6] + tcr_arith/hc_o,0,532,0.0,0.0
rf_reg[6] + tcr_branch/hc_o,0,532,0.0,0.0
rf_reg[6] + tcr_jump/hc_o,0,532,0.0,0.0
rf_reg[6] + tcr_shift/hc_o,0,532,0.0,0.0
rf_reg[6] + tcr_comparison/hc_o,0,532,0.0,0.0
rf_reg[6] + tcr_logical/hc_o,0,532,0.0,0.0
rf_reg[7] + tpr_arith/hc_o,0,532,0.0,0.0
rf_reg[7] + tpr_branch/hc_o,0,532,0.0,0.0
rf_reg[7] + tpr_jump/hc_o,0,532,0.0,0.0
rf_reg[7] + tpr_shift/hc_o,0,532,0.0,0.0
rf_reg[7] + tpr_comparison/hc_o,0,532,0.0,0.0
rf_reg[7] + tpr_logical/hc_o,0,532,0.0,0.0
rf_reg[7] + tcr_arith/hc_o,0,532,0.0,0.0
rf_reg[7] + tcr_branch/hc_o,0,532,0.0,0.0
rf_reg[7] + tcr_jump/hc_o,0,532,0.0,0.0
rf_reg[7] + tcr_shift/hc_o,0,532,0.0,0.0
rf_reg[7] + tcr_comparison/hc_o,0,532,0.0,0.0
rf_reg[7] + tcr_logical/hc_o,0,532,0.0,0.0
rf_reg[8] + tpr_arith/hc_o,0,532,0.0,0.0
rf_reg[8] + tpr_branch/hc_o,0,532,0.0,0.0
rf_reg[8] + tpr_jump/hc_o,0,532,0.0,0.0
rf_reg[8] + tpr_shift/hc_o,0,532,0.0,0.0
rf_reg[8] + tpr_comparison/hc_o,0,532,0.0,0.0
rf_reg[8] + tpr_logical/hc_o,0,532,0.0,0.0
rf_reg[8] + tcr_arith/hc_o,0,532,0.0,0.0
rf_reg[8] + tcr_branch/hc_o,0,532,0.0,0.0
rf_reg[8] + tcr_jump/hc_o,0,532,0.0,0.0
rf_reg[8] + tcr_shift/hc_o,0,532,0.0,0.0
rf_reg[8] + tcr_comparison/hc_o,0,532,0.0,0.0
rf_reg[8] + tcr_logical/hc_o,0,532,0.0,0.0
rf_reg[9] + tpr_arith/hc_o,0,532,0.0,0.0
rf_reg[9] + tpr_branch/hc_o,0,532,0.0,0.0
rf_reg[9] + tpr_jump/hc_o,0,532,0.0,0.0
rf_reg[9] + tpr_shift/hc_o,0,532,0.0,0.0
rf_reg[9] + tpr_comparison/hc_o,0,532,0.0,0.0
rf_reg[9] + tpr_logical/hc_o,0,532,0.0,0.0
rf_reg[9] + tcr_arith/hc_o,0,532,0.0,0.0
rf_reg[9] + tcr_branch/hc_o,0,532,0.0,0.0
rf_reg[9] + tcr_jump/hc_o,0,532,0.0,0.0
rf_reg[9] + tcr_shift/hc_o,0,532,0.0,0.0
rf_reg[9] + tcr_comparison/hc_o,0,532,0.0,0.0
rf_reg[9] + tcr_logical/hc_o,0,532,0.0,0.0
alu_operand_b_ex_o_tag + tpr_arith/hc_o,0,532,0.0,0.0
alu_operand_b_ex_o_tag + tpr_branch/hc_o,0,532,0.0,0.0
alu_operand_b_ex_o_tag + tpr_jump/hc_o,0,532,0.0,0.0
alu_operand_b_ex_o_tag + tpr_shift/hc_o,0,532,0.0,0.0
alu_operand_b_ex_o_tag + tpr_comparison/hc_o,0,532,0.0,0.0
alu_operand_b_ex_o_tag + tpr_logical/hc_o,0,532,0.0,0.0
alu_operand_b_ex_o_tag + tcr_arith/hc_o,0,532,0.0,0.0
alu_operand_b_ex_o_tag + tcr_branch/hc_o,0,532,0.0,0.0
rf_reg[10] + tpr_arith/hc_o,0,532,0.0,0.0
rf_reg[10] + tpr_branch/hc_o,0,532,0.0,0.0
rf_reg[10] + tpr_jump/hc_o,0,532,0.0,0.0
rf_reg[10] + tpr_shift/hc_o,0,532,0.0,0.0
rf_reg[10] + tpr_comparison/hc_o,0,532,0.0,0.0
rf_reg[10] + tpr_logical/hc_o,0,532,0.0,0.0
rf_reg[10] + tcr_arith/hc_o,0,532,0.0,0.0
rf_reg[10] + tcr_branch/hc_o,0,532,0.0,0.0
rf_reg[10] + tcr_jump/hc_o,0,532,0.0,0.0
rf_reg[10] + tcr_shift/hc_o,0,532,0.0,0.0
rf_reg[10] + tcr_comparison/hc_o,0,532,0.0,0.0
rf_reg[10] + tcr_logical/hc_o,0,532,0.0,0.0
rf_reg[11] + tpr_arith/hc_o,0,532,0.0,0.0
rf_reg[11] + tpr_branch/hc_o,0,532,0.0,0.0
rf_reg[11] + tpr_jump/hc_o,0,532,0.0,0.0
rf_reg[11] + tpr_shift/hc_o,0,532,0.0,0.0
rf_reg[11] + tpr_comparison/hc_o,0,532,0.0,0.0
rf_reg[11] + tpr_logical/hc_o,0,532,0.0,0.0
rf_reg[11] + tcr_arith/hc_o,0,532,0.0,0.0
rf_reg[11] + tcr_branch/hc_o,0,532,0.0,0.0
rf_reg[11] + tcr_jump/hc_o,0,532,0.0,0.0
rf_reg[11] + tcr_shift/hc_o,0,532,0.0,0.0
rf_reg[11] + tcr_comparison/hc_o,0,532,0.0,0.0
rf_reg[11] + tcr_logical/hc_o,0,532,0.0,0.0
rf_reg[12] + tpr_arith/hc_o,0,532,0.0,0.0
rf_reg[12] + tpr_branch/hc_o,0,532,0.0,0.0
rf_reg[12] + tpr_jump/hc_o,0,532,0.0,0.0
rf_reg[12] + tpr_shift/hc_o,0,532,0.0,0.0
rf_reg[12] + tpr_comparison/hc_o,0,532,0.0,0.0
rf_reg[12] + tpr_logical/hc_o,0,532,0.0,0.0
rf_reg[12] + tcr_arith/hc_o,0,532,0.0,0.0
rf_reg[12] + tcr_branch/hc_o,0,532,0.0,0.0
rf_reg[12] + tcr_jump/hc_o,0,532,0.0,0.0
rf_reg[12] + tcr_shift/hc_o,0,532,0.0,0.0
rf_reg[12] + tcr_comparison/hc_o,0,532,0.0,0.0
rf_reg[12] + tcr_logical/hc_o,0,532,0.0,0.0
rf_reg[13] + tpr_arith/hc_o,0,532,0.0,0.0
rf_reg[13] + tpr_branch/hc_o,0,532,0.0,0.0
rf_reg[13] + tpr_jump/hc_o,0,532,0.0,0.0
alu_operand_b_ex_o_tag + tcr_jump/hc_o,0,532,0.0,0.0
alu_operand_b_ex_o_tag + tcr_shift/hc_o,0,532,0.0,0.0
alu_operand_b_ex_o_tag + tcr_comparison/hc_o,0,532,0.0,0.0
alu_operand_b_ex_o_tag + tcr_logical/hc_o,0,532,0.0,0.0
rf_reg[13] + tpr_shift/hc_o,0,532,0.0,0.0
rf_reg[13] + tpr_comparison/hc_o,0,532,0.0,0.0
rf_reg[13] + tpr_logical/hc_o,0,532,0.0,0.0
rf_reg[13] + tcr_arith/hc_o,0,532,0.0,0.0
rf_reg[13] + tcr_branch/hc_o,0,532,0.0,0.0
rf_reg[13] + tcr_jump/hc_o,0,532,0.0,0.0
rf_reg[13] + tcr_shift/hc_o,0,532,0.0,0.0
rf_reg[13] + tcr_comparison/hc_o,0,532,0.0,0.0
rf_reg[13] + tcr_logical/hc_o,0,532,0.0,0.0
rf_reg[14] + tpr_arith/hc_o,0,532,0.0,0.0
rf_reg[14] + tpr_branch/hc_o,0,532,0.0,0.0
rf_reg[14] + tpr_jump/hc_o,0,532,0.0,0.0
rf_reg[14] + tpr_shift/hc_o,0,532,0.0,0.0
rf_reg[14] + tpr_comparison/hc_o,0,532,0.0,0.0
rf_reg[14] + tpr_logical/hc_o,0,532,0.0,0.0
rf_reg[14] + tcr_arith/hc_o,0,532,0.0,0.0
rf_reg[14] + tcr_branch/hc_o,0,532,0.0,0.0
rf_reg[14] + tcr_jump/hc_o,0,532,0.0,0.0
rf_reg[14] + tcr_shift/hc_o,0,532,0.0,0.0
rf_reg[14] + tcr_comparison/hc_o,0,532,0.0,0.0
rf_reg[14] + tcr_logical/hc_o,0,532,0.0,0.0
rf_reg[15] + tpr_arith/hc_o,0,532,0.0,0.0
rf_reg[15] + tpr_branch/hc_o,0,532,0.0,0.0
rf_reg[15] + tpr_jump/hc_o,0,532,0.0,0.0
rf_reg[15] + tpr_shift/hc_o,0,532,0.0,0.0
rf_reg[15] + tpr_comparison/hc_o,0,532,0.0,0.0
rf_reg[15] + tpr_logical/hc_o,0,532,0.0,0.0
rf_reg[15] + tcr_arith/hc_o,0,532,0.0,0.0
rf_reg[15] + tcr_branch/hc_o,0,532,0.0,0.0
rf_reg[15] + tcr_jump/hc_o,0,532,0.0,0.0
rf_reg[15] + tcr_shift/hc_o,0,532,0.0,0.0
rf_reg[15] + tcr_comparison/hc_o,0,532,0.0,0.0
rf_reg[15] + tcr_logical/hc_o,0,532,0.0,0.0
rf_reg[16] + tpr_arith/hc_o,0,532,0.0,0.0
rf_reg[16] + tpr_branch/hc_o,0,532,0.0,0.0
rf_reg[16] + tpr_jump/hc_o,0,532,0.0,0.0
rf_reg[16] + tpr_shift/hc_o,0,532,0.0,0.0
rf_reg[16] + tpr_comparison/hc_o,0,532,0.0,0.0
rf_reg[16] + tpr_logical/hc_o,0,532,0.0,0.0
rf_reg[16] + tcr_arith/hc_o,0,532,0.0,0.0
rf_reg[16] + tcr_branch/hc_o,0,532,0.0,0.0
rf_reg[16] + tcr_jump/hc_o,0,532,0.0,0.0
rf_reg[16] + tcr_shift/hc_o,0,532,0.0,0.0
rf_reg[16] + tcr_comparison/hc_o,0,532,0.0,0.0
rf_reg[16] + tcr_logical/hc_o,0,532,0.0,0.0
rf_reg[17] + tpr_arith/hc_o,0,532,0.0,0.0
rf_reg[17] + tpr_branch/hc_o,0,532,0.0,0.0
rf_reg[17] + tpr_jump/hc_o,0,532,0.0,0.0
rf_reg[17] + tpr_shift/hc_o,0,532,0.0,0.0
rf_reg[17] + tpr_comparison/hc_o,0,532,0.0,0.0
rf_reg[17] + tpr_logical/hc_o,0,532,0.0,0.0
rf_reg[17] + tcr_arith/hc_o,0,532,0.0,0.0
rf_reg[17] + tcr_branch/hc_o,0,532,0.0,0.0
rf_reg[17] + tcr_jump/hc_o,0,532,0.0,0.0
rf_reg[17] + tcr_shift/hc_o,0,532,0.0,0.0
rf_reg[17] + tcr_comparison/hc_o,0,532,0.0,0.0
rf_reg[17] + tcr_logical/hc_o,0,532,0.0,0.0
rf_reg[18] + tpr_arith/hc_o,0,532,0.0,0.0
rf_reg[18] + tpr_branch/hc_o,0,532,0.0,0.0
rf_reg[18] + tpr_jump/hc_o,0,532,0.0,0.0
rf_reg[18] + tpr_shift/hc_o,0,532,0.0,0.0
rf_reg[18] + tpr_comparison/hc_o,0,532,0.0,0.0
rf_reg[18] + tpr_logical/hc_o,0,532,0.0,0.0
rf_reg[18] + tcr_arith/hc_o,0,532,0.0,0.0
rf_reg[18] + tcr_branch/hc_o,0,532,0.0,0.0
rf_reg[18] + tcr_jump/hc_o,0,532,0.0,0.0
rf_reg[18] + tcr_shift/hc_o,0,532,0.0,0.0
rf_reg[18] + tcr_comparison/hc_o,0,532,0.0,0.0
rf_reg[18] + tcr_logical/hc_o,0,532,0.0,0.0
rf_reg[19] + tpr_arith/hc_o,0,532,0.0,0.0
rf_reg[19] + tpr_branch/hc_o,0,532,0.0,0.0
rf_reg[19] + tpr_jump/hc_o,0,532,0.0,0.0
rf_reg[19] + tpr_shift/hc_o,0,532,0.0,0.0
rf_reg[19] + tpr_comparison/hc_o,0,532,0.0,0.0
rf_reg[19] + tpr_logical/hc_o,0,532,0.0,0.0
rf_reg[19] + tcr_arith/hc_o,0,532,0.0,0.0
rf_reg[19] + tcr_branch/hc_o,0,532,0.0,0.0
rf_reg[19] + tcr_jump/hc_o,0,532,0.0,0.0
rf_reg[19] + tcr_shift/hc_o,0,532,0.0,0.0
rf_reg[19] + tcr_comparison/hc_o,0,532,0.0,0.0
rf_reg[19] + tcr_logical/hc_o,0,532,0.0,0.0
rf_reg[20] + tpr_arith/hc_o,0,532,0.0,0.0
rf_reg[20] + tpr_branch/hc_o,0,532,0.0,0.0
rf_reg[20] + tpr_jump/hc_o,0,532,0.0,0.0
rf_reg[20] + tpr_shift/hc_o,0,532,0.0,0.0
rf_reg[20] + tpr_comparison/hc_o,0,532,0.0,0.0
rf_reg[20] + tpr_logical/hc_o,0,532,0.0,0.0
rf_reg[20] + tcr_arith/hc_o,0,532,0.0,0.0
rf_reg[20] + tcr_branch/hc_o,0,532,0.0,0.0
rf_reg[20] + tcr_jump/hc_o,0,532,0.0,0.0
rf_reg[20] + tcr_shift/hc_o,0,532,0.0,0.0
rf_reg[20] + tcr_comparison/hc_o,0,532,0.0,0.0
rf_reg[20] + tcr_logical/hc_o,0,532,0.0,0.0
alu_operand_c_ex_o_tag + tpr_arith/hc_o,0,532,0.0,0.0
alu_operand_c_ex_o_tag + tpr_branch/hc_o,0,532,0.0,0.0
alu_operand_c_ex_o_tag + tpr_jump/hc_o,0,532,0.0,0.0
alu_operand_c_ex_o_tag + tpr_shift/hc_o,0,532,0.0,0.0
rf_reg[21] + tpr_arith/hc_o,0,532,0.0,0.0
rf_reg[21] + tpr_branch/hc_o,0,532,0.0,0.0
rf_reg[21] + tpr_jump/hc_o,0,532,0.0,0.0
rf_reg[21] + tpr_shift/hc_o,0,532,0.0,0.0
rf_reg[21] + tpr_comparison/hc_o,0,532,0.0,0.0
rf_reg[21] + tpr_logical/hc_o,0,532,0.0,0.0
rf_reg[21] + tcr_arith/hc_o,0,532,0.0,0.0
rf_reg[21] + tcr_branch/hc_o,0,532,0.0,0.0
rf_reg[21] + tcr_jump/hc_o,0,532,0.0,0.0
rf_reg[21] + tcr_shift/hc_o,0,532,0.0,0.0
rf_reg[21] + tcr_comparison/hc_o,0,532,0.0,0.0
rf_reg[21] + tcr_logical/hc_o,0,532,0.0,0.0
rf_reg[22] + tpr_arith/hc_o,0,532,0.0,0.0
rf_reg[22] + tpr_branch/hc_o,0,532,0.0,0.0
rf_reg[22] + tpr_jump/hc_o,0,532,0.0,0.0
rf_reg[22] + tpr_shift/hc_o,0,532,0.0,0.0
rf_reg[22] + tpr_comparison/hc_o,0,532,0.0,0.0
rf_reg[22] + tpr_logical/hc_o,0,532,0.0,0.0
rf_reg[22] + tcr_arith/hc_o,0,532,0.0,0.0
rf_reg[22] + tcr_branch/hc_o,0,532,0.0,0.0
rf_reg[22] + tcr_jump/hc_o,0,532,0.0,0.0
rf_reg[22] + tcr_shift/hc_o,0,532,0.0,0.0
rf_reg[22] + tcr_comparison/hc_o,0,532,0.0,0.0
rf_reg[22] + tcr_logical/hc_o,0,532,0.0,0.0
rf_reg[23] + tpr_arith/hc_o,0,532,0.0,0.0
rf_reg[23] + tpr_branch/hc_o,0,532,0.0,0.0
rf_reg[23] + tpr_jump/hc_o,0,532,0.0,0.0
rf_reg[23] + tpr_shift/hc_o,0,532,0.0,0.0
rf_reg[23] + tpr_comparison/hc_o,0,532,0.0,0.0
rf_reg[23] + tpr_logical/hc_o,0,532,0.0,0.0
rf_reg[23] + tcr_arith/hc_o,0,532,0.0,0.0
rf_reg[23] + tcr_branch/hc_o,0,532,0.0,0.0
rf_reg[23] + tcr_jump/hc_o,0,532,0.0,0.0
rf_reg[23] + tcr_shift/hc_o,0,532,0.0,0.0
rf_reg[23] + tcr_comparison/hc_o,0,532,0.0,0.0
rf_reg[23] + tcr_logical/hc_o,0,532,0.0,0.0
rf_reg[24] + tpr_arith/hc_o,0,532,0.0,0.0
rf_reg[24] + tpr_branch/hc_o,0,532,0.0,0.0
rf_reg[24] + tpr_jump/hc_o,0,532,0.0,0.0
rf_reg[24] + tpr_shift/hc_o,0,532,0.0,0.0
rf_reg[24] + tpr_comparison/hc_o,0,532,0.0,0.0
rf_reg[24] + tpr_logical/hc_o,0,532,0.0,0.0
rf_reg[24] + tcr_arith/hc_o,0,532,0.0,0.0
rf_reg[24] + tcr_branch/hc_o,0,532,0.0,0.0
rf_reg[24] + tcr_jump/hc_o,0,532,0.0,0.0
rf_reg[24] + tcr_shift/hc_o,0,532,0.0,0.0
rf_reg[24] + tcr_comparison/hc_o,0,532,0.0,0.0
rf_reg[24] + tcr_logical/hc_o,0,532,0.0,0.0
alu_operand_c_ex_o_tag + tpr_comparison/hc_o,0,532,0.0,0.0
alu_operand_c_ex_o_tag + tpr_logical/hc_o,0,532,0.0,0.0
alu_operand_c_ex_o_tag + tcr_arith/hc_o,0,532,0.0,0.0
alu_operand_c_ex_o_tag + tcr_branch/hc_o,0,532,0.0,0.0
alu_operand_c_ex_o_tag + tcr_jump/hc_o,0,532,0.0,0.0
alu_operand_c_ex_o_tag + tcr_shift/hc_o,0,532,0.0,0.0
alu_operand_c_ex_o_tag + tcr_comparison/hc_o,0,532,0.0,0.0
alu_operand_c_ex_o_tag + tcr_logical/hc_o,0,532,0.0,0.0
rf_reg[25] + tpr_arith/hc_o,0,532,0.0,0.0
rf_reg[25] + tpr_branch/hc_o,0,532,0.0,0.0
rf_reg[25] + tpr_jump/hc_o,0,532,0.0,0.0
rf_reg[25] + tpr_shift/hc_o,0,532,0.0,0.0
rf_reg[25] + tpr_comparison/hc_o,0,532,0.0,0.0
rf_reg[25] + tpr_logical/hc_o,0,532,0.0,0.0
rf_reg[25] + tcr_arith/hc_o,0,532,0.0,0.0
rf_reg[25] + tcr_branch/hc_o,0,532,0.0,0.0
rf_reg[25] + tcr_jump/hc_o,0,532,0.0,0.0
rf_reg[25] + tcr_shift/hc_o,0,532,0.0,0.0
rf_reg[25] + tcr_comparison/hc_o,0,532,0.0,0.0
rf_reg[25] + tcr_logical/hc_o,0,532,0.0,0.0
rf_reg[26] + tpr_arith/hc_o,0,532,0.0,0.0
rf_reg[26] + tpr_branch/hc_o,0,532,0.0,0.0
rf_reg[26] + tpr_jump/hc_o,0,532,0.0,0.0
rf_reg[26] + tpr_shift/hc_o,0,532,0.0,0.0
rf_reg[26] + tpr_comparison/hc_o,0,532,0.0,0.0
rf_reg[26] + tpr_logical/hc_o,0,532,0.0,0.0
rf_reg[26] + tcr_arith/hc_o,0,532,0.0,0.0
rf_reg[26] + tcr_branch/hc_o,0,532,0.0,0.0
rf_reg[26] + tcr_jump/hc_o,0,532,0.0,0.0
rf_reg[26] + tcr_shift/hc_o,0,532,0.0,0.0
rf_reg[26] + tcr_comparison/hc_o,0,532,0.0,0.0
rf_reg[26] + tcr_logical/hc_o,0,532,0.0,0.0
rf_reg[27] + tpr_arith/hc_o,0,532,0.0,0.0
rf_reg[27] + tpr_branch/hc_o,0,532,0.0,0.0
rf_reg[27] + tpr_jump/hc_o,0,532,0.0,0.0
rf_reg[27] + tpr_shift/hc_o,0,532,0.0,0.0
rf_reg[27] + tpr_comparison/hc_o,0,532,0.0,0.0
rf_reg[27] + tpr_logical/hc_o,0,532,0.0,0.0
rf_reg[27] + tcr_arith/hc_o,0,532,0.0,0.0
rf_reg[27] + tcr_branch/hc_o,0,532,0.0,0.0
rf_reg[27] + tcr_jump/hc_o,0,532,0.0,0.0
rf_reg[27] + tcr_shift/hc_o,0,532,0.0,0.0
rf_reg[27] + tcr_comparison/hc_o,0,532,0.0,0.0
rf_reg[27] + tcr_logical/hc_o,0,532,0.0,0.0
rf_reg[28] + tpr_arith/hc_o,0,532,0.0,0.0
rf_reg[28] + tpr_branch/hc_o,0,532,0.0,0.0
rf_reg[28] + tpr_jump/hc_o,0,532,0.0,0.0
rf_reg[28] + tpr_shift/hc_o,0,532,0.0,0.0
rf_reg[28] + tpr_comparison/hc_o,0,532,0.0,0.0
rf_reg[28] + tpr_logical/hc_o,0,532,0.0,0.0
rf_reg[28] + tcr_arith/hc_o,0,532,0.0,0.0
rf_reg[28] + tcr_branch/hc_o,0,532,0.0,0.0
rf_reg[28] + tcr_jump/hc_o,0,532,0.0,0.0
rf_reg[28] + tcr_shift/hc_o,0,532,0.0,0.0
rf_reg[28] + tcr_comparison/hc_o,0,532,0.0,0.0
rf_reg[28] + tcr_logical/hc_o,0,532,0.0,0.0
rf_reg[29] + tpr_arith/hc_o,0,532,0.0,0.0
rf_reg[29] + tpr_branch/hc_o,0,532,0.0,0.0
rf_reg[29] + tpr_jump/hc_o,0,532,0.0,0.0
rf_reg[29] + tpr_shift/hc_o,0,532,0.0,0.0
rf_reg[29] + tpr_comparison/hc_o,0,532,0.0,0.0
rf_reg[29] + tpr_logical/hc_o,0,532,0.0,0.0
rf_reg[29] + tcr_arith/hc_o,0,532,0.0,0.0
rf_reg[29] + tcr_branch/hc_o,0,532,0.0,0.0
rf_reg[29] + tcr_jump/hc_o,0,532,0.0,0.0
rf_reg[29] + tcr_shift/hc_o,0,532,0.0,0.0
rf_reg[29] + tcr_comparison/hc_o,0,532,0.0,0.0
rf_reg[29] + tcr_logical/hc_o,0,532,0.0,0.0
rf_reg[30] + tpr_arith/hc_o,0,532,0.0,0.0
rf_reg[30] + tpr_branch/hc_o,0,532,0.0,0.0
rf_reg[30] + tpr_jump/hc_o,0,532,0.0,0.0
rf_reg[30] + tpr_shift/hc_o,0,532,0.0,0.0
rf_reg[30] + tpr_comparison/hc_o,0,532,0.0,0.0
rf_reg[30] + tpr_logical/hc_o,0,532,0.0,0.0
rf_reg[30] + tcr_arith/hc_o,0,532,0.0,0.0
rf_reg[30] + tcr_branch/hc_o,0,532,0.0,0.0
rf_reg[30] + tcr_jump/hc_o,0,532,0.0,0.0
rf_reg[30] + tcr_shift/hc_o,0,532,0.0,0.0
rf_reg[30] + tcr_comparison/hc_o,0,532,0.0,0.0
rf_reg[30] + tcr_logical/hc_o,0,532,0.0,0.0
rf_reg[31] + tpr_arith/hc_o,0,532,0.0,0.0
rf_reg[31] + tpr_branch/hc_o,0,532,0.0,0.0
rf_reg[31] + tpr_jump/hc_o,0,532,0.0,0.0
rf_reg[31] + tpr_shift/hc_o,0,532,0.0,0.0
rf_reg[31] + tpr_comparison/hc_o,0,532,0.0,0.0
rf_reg[31] + tpr_logical/hc_o,0,532,0.0,0.0
rf_reg[31] + tcr_arith/hc_o,0,532,0.0,0.0
rf_reg[31] + tcr_branch/hc_o,0,532,0.0,0.0
rf_reg[31] + tcr_jump/hc_o,0,532,0.0,0.0
rf_reg[31] + tcr_shift/hc_o,0,532,0.0,0.0
rf_reg[31] + tcr_comparison/hc_o,0,532,0.0,0.0
rf_reg[31] + tcr_logical/hc_o,0,532,0.0,0.0
rs1_o_tag + tpr_arith/hc_o,0,532,0.0,0.0
rs1_o_tag + tpr_branch/hc_o,0,532,0.0,0.0
rs1_o_tag + tpr_jump/hc_o,0,532,0.0,0.0
rs1_o_tag + tpr_shift/hc_o,0,532,0.0,0.0
rs1_o_tag + tpr_comparison/hc_o,0,532,0.0,0.0
rs1_o_tag + tpr_logical/hc_o,0,532,0.0,0.0
rs1_o_tag + tcr_arith/hc_o,0,532,0.0,0.0
rs1_o_tag + tcr_branch/hc_o,0,532,0.0,0.0
rs1_o_tag + tcr_jump/hc_o,0,532,0.0,0.0
rs1_o_tag + tcr_shift/hc_o,0,532,0.0,0.0
rs1_o_tag + tcr_comparison/hc_o,0,532,0.0,0.0
rs1_o_tag + tcr_logical/hc_o,0,532,0.0,0.0
data_we_q_tag + tpr_arith/hc_o,0,532,0.0,0.0
data_we_q_tag + tpr_branch/hc_o,0,532,0.0,0.0
data_we_q_tag + tpr_jump/hc_o,0,532,0.0,0.0
data_we_q_tag + tpr_shift/hc_o,0,532,0.0,0.0
data_we_q_tag + tpr_comparison/hc_o,0,532,0.0,0.0
data_we_q_tag + tpr_logical/hc_o,0,532,0.0,0.0
data_we_q_tag + tcr_arith/hc_o,0,532,0.0,0.0
data_we_q_tag + tcr_branch/hc_o,0,532,0.0,0.0
data_we_q_tag + tcr_jump/hc_o,0,532,0.0,0.0
data_we_q_tag + tcr_shift/hc_o,0,532,0.0,0.0
data_we_q_tag + tcr_comparison/hc_o,0,532,0.0,0.0
data_we_q_tag + tcr_logical/hc_o,0,532,0.0,0.0
check_d_o_tag + tpr_arith/hc_o,0,532,0.0,0.0
check_d_o_tag + tpr_branch/hc_o,0,532,0.0,0.0
check_d_o_tag + tpr_jump/hc_o,0,532,0.0,0.0
check_d_o_tag + tpr_shift/hc_o,0,532,0.0,0.0
check_d_o_tag + tpr_comparison/hc_o,0,532,0.0,0.0
check_d_o_tag + tpr_logical/hc_o,0,532,0.0,0.0
check_d_o_tag + tcr_arith/hc_o,0,532,0.0,0.0
check_d_o_tag + tcr_branch/hc_o,0,532,0.0,0.0
check_d_o_tag + tcr_jump/hc_o,0,532,0.0,0.0
check_d_o_tag + tcr_shift/hc_o,0,532,0.0,0.0
check_d_o_tag + tcr_comparison/hc_o,0,532,0.0,0.0
check_d_o_tag + tcr_logical/hc_o,0,532,0.0,0.0
pc_id_o_tag + tpr_arith/hc_o,0,532,0.0,0.0
pc_id_o_tag + tpr_branch/hc_o,0,532,0.0,0.0
pc_id_o_tag + tpr_jump/hc_o,0,532,0.0,0.0
pc_id_o_tag + tpr_shift/hc_o,0,532,0.0,0.0
pc_id_o_tag + tpr_comparison/hc_o,0,532,0.0,0.0
pc_id_o_tag + tpr_logical/hc_o,0,532,0.0,0.0
pc_id_o_tag + tcr_arith/hc_o,0,532,0.0,0.0
pc_id_o_tag + tcr_branch/hc_o,0,532,0.0,0.0
pc_id_o_tag + tcr_jump/hc_o,0,532,0.0,0.0
pc_id_o_tag + tcr_shift/hc_o,0,532,0.0,0.0
check_s1_o_tag + tpr_arith/hc_o,0,532,0.0,0.0
check_s1_o_tag + tpr_branch/hc_o,0,532,0.0,0.0
check_s1_o_tag + tpr_jump/hc_o,0,532,0.0,0.0
check_s1_o_tag + tpr_shift/hc_o,0,532,0.0,0.0
check_s1_o_tag + tpr_comparison/hc_o,0,532,0.0,0.0
check_s1_o_tag + tpr_logical/hc_o,0,532,0.0,0.0
check_s1_o_tag + tcr_arith/hc_o,0,532,0.0,0.0
check_s1_o_tag + tcr_branch/hc_o,0,532,0.0,0.0
check_s1_o_tag + tcr_jump/hc_o,0,532,0.0,0.0
check_s1_o_tag + tcr_shift/hc_o,0,532,0.0,0.0
check_s1_o_tag + tcr_comparison/hc_o,0,532,0.0,0.0
check_s1_o_tag + tcr_logical/hc_o,0,532,0.0,0.0
check_s2_o_tag + tpr_arith/hc_o,0,532,0.0,0.0
check_s2_o_tag + tpr_branch/hc_o,0,532,0.0,0.0
check_s2_o_tag + tpr_jump/hc_o,0,532,0.0,0.0
check_s2_o_tag + tpr_shift/hc_o,0,532,0.0,0.0
check_s2_o_tag + tpr_comparison/hc_o,0,532,0.0,0.0
check_s2_o_tag + tpr_logical/hc_o,0,532,0.0,0.0
check_s2_o_tag + tcr_arith/hc_o,0,532,0.0,0.0
check_s2_o_tag + tcr_branch/hc_o,0,532,0.0,0.0
check_s2_o_tag + tcr_jump/hc_o,0,532,0.0,0.0
check_s2_o_tag + tcr_shift/hc_o,0,532,0.0,0.0
check_s2_o_tag + tcr_comparison/hc_o,0,532,0.0,0.0
check_s2_o_tag + tcr_logical/hc_o,0,532,0.0,0.0
is_store_post_o_tag + tpr_arith/hc_o,0,532,0.0,0.0
is_store_post_o_tag + tpr_branch/hc_o,0,532,0.0,0.0
is_store_post_o_tag + tpr_jump/hc_o,0,532,0.0,0.0
is_store_post_o_tag + tpr_shift/hc_o,0,532,0.0,0.0
is_store_post_o_tag + tpr_comparison/hc_o,0,532,0.0,0.0
is_store_post_o_tag + tpr_logical/hc_o,0,532,0.0,0.0
is_store_post_o_tag + tcr_arith/hc_o,0,532,0.0,0.0
is_store_post_o_tag + tcr_branch/hc_o,0,532,0.0,0.0
is_store_post_o_tag + tcr_jump/hc_o,0,532,0.0,0.0
is_store_post_o_tag + tcr_shift/hc_o,0,532,0.0,0.0
is_store_post_o_tag + tcr_comparison/hc_o,0,532,0.0,0.0
is_store_post_o_tag + tcr_logical/hc_o,0,532,0.0,0.0
memory_set_o_tag + tpr_arith/hc_o,0,532,0.0,0.0
memory_set_o_tag + tpr_branch/hc_o,0,532,0.0,0.0
pc_id_o_tag + tcr_comparison/hc_o,0,532,0.0,0.0
pc_id_o_tag + tcr_logical/hc_o,0,532,0.0,0.0
memory_set_o_tag + tpr_jump/hc_o,0,532,0.0,0.0
memory_set_o_tag + tpr_shift/hc_o,0,532,0.0,0.0
memory_set_o_tag + tpr_comparison/hc_o,0,532,0.0,0.0
memory_set_o_tag + tpr_logical/hc_o,0,532,0.0,0.0
memory_set_o_tag + tcr_arith/hc_o,0,532,0.0,0.0
memory_set_o_tag + tcr_branch/hc_o,0,532,0.0,0.0
memory_set_o_tag + tcr_jump/hc_o,0,532,0.0,0.0
memory_set_o_tag + tcr_shift/hc_o,0,532,0.0,0.0
memory_set_o_tag + tcr_comparison/hc_o,0,532,0.0,0.0
memory_set_o_tag + tcr_logical/hc_o,0,532,0.0,0.0
pc_if_o_tag + tpr_arith/hc_o,0,532,0.0,0.0
pc_if_o_tag + tpr_branch/hc_o,0,532,0.0,0.0
pc_if_o_tag + tpr_jump/hc_o,0,532,0.0,0.0
pc_if_o_tag + tpr_shift/hc_o,0,532,0.0,0.0
pc_if_o_tag + tpr_comparison/hc_o,0,532,0.0,0.0
pc_if_o_tag + tpr_logical/hc_o,0,532,0.0,0.0
pc_if_o_tag + tcr_arith/hc_o,0,532,0.0,0.0
pc_if_o_tag + tcr_branch/hc_o,0,532,0.0,0.0
pc_if_o_tag + tcr_jump/hc_o,0,532,0.0,0.0
pc_if_o_tag + tcr_shift/hc_o,0,532,0.0,0.0
pc_if_o_tag + tcr_comparison/hc_o,0,532,0.0,0.0
pc_if_o_tag + tcr_logical/hc_o,0,532,0.0,0.0
register_set_o_tag + tpr_arith/hc_o,0,532,0.0,0.0
register_set_o_tag + tpr_branch/hc_o,0,532,0.0,0.0
register_set_o_tag + tpr_jump/hc_o,0,532,0.0,0.0
register_set_o_tag + tpr_shift/hc_o,0,532,0.0,0.0
register_set_o_tag + tpr_comparison/hc_o,0,532,0.0,0.0
register_set_o_tag + tpr_logical/hc_o,0,532,0.0,0.0
register_set_o_tag + tcr_arith/hc_o,0,532,0.0,0.0
register_set_o_tag + tcr_branch/hc_o,0,532,0.0,0.0
register_set_o_tag + tcr_jump/hc_o,0,532,0.0,0.0
register_set_o_tag + tcr_shift/hc_o,0,532,0.0,0.0
register_set_o_tag + tcr_comparison/hc_o,0,532,0.0,0.0
register_set_o_tag + tcr_logical/hc_o,0,532,0.0,0.0
store_dest_addr_ex_o_tag + tpr_arith/hc_o,0,532,0.0,0.0
store_dest_addr_ex_o_tag + tpr_branch/hc_o,0,532,0.0,0.0
store_dest_addr_ex_o_tag + tpr_jump/hc_o,0,532,0.0,0.0
store_dest_addr_ex_o_tag + tpr_shift/hc_o,0,532,0.0,0.0
store_dest_addr_ex_o_tag + tpr_comparison/hc_o,0,532,0.0,0.0
store_dest_addr_ex_o_tag + tpr_logical/hc_o,0,532,0.0,0.0
store_dest_addr_ex_o_tag + tcr_arith/hc_o,0,532,0.0,0.0
store_dest_addr_ex_o_tag + tcr_branch/hc_o,0,532,0.0,0.0
store_dest_addr_ex_o_tag + tcr_jump/hc_o,0,532,0.0,0.0
store_dest_addr_ex_o_tag + tcr_shift/hc_o,0,532,0.0,0.0
store_dest_addr_ex_o_tag + tcr_comparison/hc_o,0,532,0.0,0.0
store_dest_addr_ex_o_tag + tcr_logical/hc_o,0,532,0.0,0.0
store_source_ex_o_tag + tpr_arith/hc_o,0,532,0.0,0.0
store_source_ex_o_tag + tpr_branch/hc_o,0,532,0.0,0.0
store_source_ex_o_tag + tpr_jump/hc_o,0,532,0.0,0.0
store_source_ex_o_tag + tpr_shift/hc_o,0,532,0.0,0.0
store_source_ex_o_tag + tpr_comparison/hc_o,0,532,0.0,0.0
store_source_ex_o_tag + tpr_logical/hc_o,0,532,0.0,0.0
store_source_ex_o_tag + tcr_arith/hc_o,0,532,0.0,0.0
store_source_ex_o_tag + tcr_branch/hc_o,0,532,0.0,0.0
store_source_ex_o_tag + tcr_jump/hc_o,0,532,0.0,0.0
store_source_ex_o_tag + tcr_shift/hc_o,0,532,0.0,0.0
store_source_ex_o_tag + tcr_comparison/hc_o,0,532,0.0,0.0
store_source_ex_o_tag + tcr_logical/hc_o,0,532,0.0,0.0
alu_operand_a_ex_o_tag + id_group6/hc_o,0,532,0.0,0.0
alu_operand_a_ex_o_tag + id_group7/hc_o,0,532,0.0,0.0
alu_operand_a_ex_o_tag + id_group8/hc_o,0,532,0.0,0.0
alu_operand_a_ex_o_tag + csr_group0/hc_o,0,532,0.0,0.0
alu_operand_a_ex_o_tag + csr_group1/hc_o,0,532,0.0,0.0
alu_operand_a_ex_o_tag + csr_group2/hc_o,0,532,0.0,0.0
id_group6/hc_o + register_set_o_tag,0,532,0.0,0.0
id_group7/hc_o + register_set_o_tag,0,532,0.0,0.0
id_group8/hc_o + register_set_o_tag,0,532,0.0,0.0
csr_group0/hc_o + register_set_o_tag,0,532,0.0,0.0
csr_group1/hc_o + register_set_o_tag,0,532,0.0,0.0
csr_group2/hc_o + register_set_o_tag,0,532,0.0,0.0
csr_group3/hc_o + register_set_o_tag,0,532,0.0,0.0
csr_group4/hc_o + register_set_o_tag,0,532,0.0,0.0
csr_group5/hc_o + register_set_o_tag,0,532,0.0,0.0
csr_group6/hc_o + register_set_o_tag,0,532,0.0,0.0
csr_group7/hc_o + register_set_o_tag,0,532,0.0,0.0
csr_group8/hc_o + register_set_o_tag,0,532,0.0,0.0
csr_group9/hc_o + register_set_o_tag,0,532,0.0,0.0
csr_group10/hc_o + register_set_o_tag,0,532,0.0,0.0
csr_group11/hc_o + register_set_o_tag,0,532,0.0,0.0
csr_group13/hc_o + register_set_o_tag,0,532,0.0,0.0
csr_group16/hc_o + register_set_o_tag,0,532,0.0,0.0
csr_group17/hc_o + register_set_o_tag,0,532,0.0,0.0
lsu_group1/hc_o + register_set_o_tag,0,532,0.0,0.0
lsu_group2/hc_o + register_set_o_tag,0,532,0.0,0.0
lsu_group3/hc_o + register_set_o_tag,0,532,0.0,0.0
lsu_group4/hc_o + register_set_o_tag,0,532,0.0,0.0
lsu_group5/hc_o + register_set_o_tag,0,532,0.0,0.0
id_group6/hc_o + store_dest_addr_ex_o_tag,0,532,0.0,0.0
id_group7/hc_o + store_dest_addr_ex_o_tag,0,532,0.0,0.0
id_group8/hc_o + store_dest_addr_ex_o_tag,0,532,0.0,0.0
csr_group0/hc_o + store_dest_addr_ex_o_tag,0,532,0.0,0.0
csr_group1/hc_o + store_dest_addr_ex_o_tag,0,532,0.0,0.0
csr_group2/hc_o + store_dest_addr_ex_o_tag,0,532,0.0,0.0
csr_group3/hc_o + store_dest_addr_ex_o_tag,0,532,0.0,0.0
csr_group4/hc_o + store_dest_addr_ex_o_tag,0,532,0.0,0.0
csr_group5/hc_o + store_dest_addr_ex_o_tag,0,532,0.0,0.0
csr_group6/hc_o + store_dest_addr_ex_o_tag,0,532,0.0,0.0
csr_group7/hc_o + store_dest_addr_ex_o_tag,0,532,0.0,0.0
csr_group8/hc_o + store_dest_addr_ex_o_tag,0,532,0.0,0.0
csr_group9/hc_o + store_dest_addr_ex_o_tag,0,532,0.0,0.0
csr_group10/hc_o + store_dest_addr_ex_o_tag,0,532,0.0,0.0
csr_group11/hc_o + store_dest_addr_ex_o_tag,0,532,0.0,0.0
csr_group13/hc_o + store_dest_addr_ex_o_tag,0,532,0.0,0.0
csr_group16/hc_o + store_dest_addr_ex_o_tag,0,532,0.0,0.0
csr_group17/hc_o + store_dest_addr_ex_o_tag,0,532,0.0,0.0
lsu_group1/hc_o + store_dest_addr_ex_o_tag,0,532,0.0,0.0
lsu_group2/hc_o + store_dest_addr_ex_o_tag,0,532,0.0,0.0
lsu_group3/hc_o + store_dest_addr_ex_o_tag,0,532,0.0,0.0
lsu_group4/hc_o + store_dest_addr_ex_o_tag,0,532,0.0,0.0
lsu_group5/hc_o + store_dest_addr_ex_o_tag,0,532,0.0,0.0
id_group6/hc_o + store_source_ex_o_tag,0,532,0.0,0.0
id_group7/hc_o + store_source_ex_o_tag,0,532,0.0,0.0
id_group8/hc_o + store_source_ex_o_tag,0,532,0.0,0.0
csr_group0/hc_o + store_source_ex_o_tag,0,532,0.0,0.0
csr_group1/hc_o + store_source_ex_o_tag,0,532,0.0,0.0
csr_group2/hc_o + store_source_ex_o_tag,0,532,0.0,0.0
csr_group3/hc_o + store_source_ex_o_tag,0,532,0.0,0.0
csr_group4/hc_o + store_source_ex_o_tag,0,532,0.0,0.0
csr_group5/hc_o + store_source_ex_o_tag,0,532,0.0,0.0
csr_group6/hc_o + store_source_ex_o_tag,0,532,0.0,0.0
csr_group7/hc_o + store_source_ex_o_tag,0,532,0.0,0.0
csr_group8/hc_o + store_source_ex_o_tag,0,532,0.0,0.0
csr_group9/hc_o + store_source_ex_o_tag,0,532,0.0,0.0
csr_group10/hc_o + store_source_ex_o_tag,0,532,0.0,0.0
csr_group11/hc_o + store_source_ex_o_tag,0,532,0.0,0.0
csr_group13/hc_o + store_source_ex_o_tag,0,532,0.0,0.0
csr_group16/hc_o + store_source_ex_o_tag,0,532,0.0,0.0
csr_group17/hc_o + store_source_ex_o_tag,0,532,0.0,0.0
lsu_group1/hc_o + store_source_ex_o_tag,0,532,0.0,0.0
lsu_group2/hc_o + store_source_ex_o_tag,0,532,0.0,0.0
lsu_group3/hc_o + store_source_ex_o_tag,0,532,0.0,0.0
lsu_group4/hc_o + store_source_ex_o_tag,0,532,0.0,0.0
lsu_group5/hc_o + store_source_ex_o_tag,0,532,0.0,0.0
alu_operand_a_ex_o_tag + csr_group3/hc_o,0,532,0.0,0.0
alu_operand_a_ex_o_tag + csr_group4/hc_o,0,532,0.0,0.0
alu_operand_a_ex_o_tag + csr_group5/hc_o,0,532,0.0,0.0
alu_operand_a_ex_o_tag + csr_group6/hc_o,0,532,0.0,0.0
alu_operand_a_ex_o_tag + csr_group7/hc_o,0,532,0.0,0.0
alu_operand_a_ex_o_tag + csr_group8/hc_o,0,532,0.0,0.0
alu_operand_a_ex_o_tag + csr_group9/hc_o,0,532,0.0,0.0
alu_operand_a_ex_o_tag + csr_group10/hc_o,0,532,0.0,0.0
alu_operand_a_ex_o_tag + csr_group11/hc_o,0,532,0.0,0.0
alu_operand_a_ex_o_tag + csr_group13/hc_o,0,532,0.0,0.0
alu_operand_a_ex_o_tag + csr_group16/hc_o,0,532,0.0,0.0
alu_operand_a_ex_o_tag + csr_group17/hc_o,0,532,0.0,0.0
id_group6/hc_o + use_store_ops_ex_o,0,532,0.0,0.0
id_group7/hc_o + use_store_ops_ex_o,0,532,0.0,0.0
id_group8/hc_o + use_store_ops_ex_o,0,532,0.0,0.0
csr_group0/hc_o + use_store_ops_ex_o,0,532,0.0,0.0
csr_group1/hc_o + use_store_ops_ex_o,0,532,0.0,0.0
csr_group2/hc_o + use_store_ops_ex_o,0,532,0.0,0.0
csr_group3/hc_o + use_store_ops_ex_o,0,532,0.0,0.0
csr_group4/hc_o + use_store_ops_ex_o,0,532,0.0,0.0
csr_group5/hc_o + use_store_ops_ex_o,0,532,0.0,0.0
csr_group6/hc_o + use_store_ops_ex_o,0,532,0.0,0.0
csr_group7/hc_o + use_store_ops_ex_o,0,532,0.0,0.0
csr_group8/hc_o + use_store_ops_ex_o,0,532,0.0,0.0
csr_group9/hc_o + use_store_ops_ex_o,0,532,0.0,0.0
csr_group10/hc_o + use_store_ops_ex_o,0,532,0.0,0.0
csr_group11/hc_o + use_store_ops_ex_o,0,532,0.0,0.0
csr_group13/hc_o + use_store_ops_ex_o,0,532,0.0,0.0
csr_group16/hc_o + use_store_ops_ex_o,0,532,0.0,0.0
csr_group17/hc_o + use_store_ops_ex_o,0,532,0.0,0.0
lsu_group1/hc_o + use_store_ops_ex_o,0,532,0.0,0.0
lsu_group2/hc_o + use_store_ops_ex_o,0,532,0.0,0.0
lsu_group3/hc_o + use_store_ops_ex_o,0,532,0.0,0.0
lsu_group4/hc_o + use_store_ops_ex_o,0,532,0.0,0.0
lsu_group5/hc_o + use_store_ops_ex_o,0,532,0.0,0.0
id_group6/hc_o + rf_reg[0],0,532,0.0,0.0
id_group7/hc_o + rf_reg[0],0,532,0.0,0.0
id_group8/hc_o + rf_reg[0],0,532,0.0,0.0
csr_group0/hc_o + rf_reg[0],0,532,0.0,0.0
csr_group1/hc_o + rf_reg[0],0,532,0.0,0.0
csr_group2/hc_o + rf_reg[0],0,532,0.0,0.0
csr_group3/hc_o + rf_reg[0],0,532,0.0,0.0
csr_group4/hc_o + rf_reg[0],0,532,0.0,0.0
csr_group5/hc_o + rf_reg[0],0,532,0.0,0.0
csr_group6/hc_o + rf_reg[0],0,532,0.0,0.0
csr_group7/hc_o + rf_reg[0],0,532,0.0,0.0
csr_group8/hc_o + rf_reg[0],0,532,0.0,0.0
csr_group9/hc_o + rf_reg[0],0,532,0.0,0.0
csr_group10/hc_o + rf_reg[0],0,532,0.0,0.0
csr_group11/hc_o + rf_reg[0],0,532,0.0,0.0
csr_group13/hc_o + rf_reg[0],0,532,0.0,0.0
csr_group16/hc_o + rf_reg[0],0,532,0.0,0.0
csr_group17/hc_o + rf_reg[0],0,532,0.0,0.0
lsu_group1/hc_o + rf_reg[0],0,532,0.0,0.0
lsu_group2/hc_o + rf_reg[0],0,532,0.0,0.0
lsu_group3/hc_o + rf_reg[0],0,532,0.0,0.0
lsu_group4/hc_o + rf_reg[0],0,532,0.0,0.0
lsu_group5/hc_o + rf_reg[0],0,532,0.0,0.0
id_group6/hc_o + rf_reg[1],0,532,0.0,0.0
id_group7/hc_o + rf_reg[1],0,532,0.0,0.0
id_group8/hc_o + rf_reg[1],0,532,0.0,0.0
csr_group0/hc_o + rf_reg[1],0,532,0.0,0.0
csr_group1/hc_o + rf_reg[1],0,532,0.0,0.0
csr_group2/hc_o + rf_reg[1],0,532,0.0,0.0
csr_group3/hc_o + rf_reg[1],0,532,0.0,0.0
csr_group4/hc_o + rf_reg[1],0,532,0.0,0.0
csr_group5/hc_o + rf_reg[1],0,532,0.0,0.0
csr_group6/hc_o + rf_reg[1],0,532,0.0,0.0
csr_group7/hc_o + rf_reg[1],0,532,0.0,0.0
csr_group8/hc_o + rf_reg[1],0,532,0.0,0.0
csr_group9/hc_o + rf_reg[1],0,532,0.0,0.0
csr_group10/hc_o + rf_reg[1],0,532,0.0,0.0
csr_group11/hc_o + rf_reg[1],0,532,0.0,0.0
csr_group13/hc_o + rf_reg[1],0,532,0.0,0.0
csr_group16/hc_o + rf_reg[1],0,532,0.0,0.0
csr_group17/hc_o + rf_reg[1],0,532,0.0,0.0
lsu_group1/hc_o + rf_reg[1],0,532,0.0,0.0
lsu_group2/hc_o + rf_reg[1],0,532,0.0,0.0
lsu_group3/hc_o + rf_reg[1],0,532,0.0,0.0
lsu_group4/hc_o + rf_reg[1],0,532,0.0,0.0
lsu_group5/hc_o + rf_reg[1],0,532,0.0,0.0
alu_operand_a_ex_o_tag + lsu_group1/hc_o,0,532,0.0,0.0
alu_operand_a_ex_o_tag + lsu_group2/hc_o,0,532,0.0,0.0
alu_operand_a_ex_o_tag + lsu_group3/hc_o,0,532,0.0,0.0
alu_operand_a_ex_o_tag + lsu_group4/hc_o,0,532,0.0,0.0
alu_operand_a_ex_o_tag + lsu_group5/hc_o,0,532,0.0,0.0
id_group6/hc_o + rf_reg[2],0,532,0.0,0.0
id_group7/hc_o + rf_reg[2],0,532,0.0,0.0
csr_group0/hc_o + rf_reg[2],0,532,0.0,0.0
csr_group1/hc_o + rf_reg[2],0,532,0.0,0.0
csr_group2/hc_o + rf_reg[2],0,532,0.0,0.0
csr_group3/hc_o + rf_reg[2],0,532,0.0,0.0
csr_group4/hc_o + rf_reg[2],0,532,0.0,0.0
csr_group5/hc_o + rf_reg[2],0,532,0.0,0.0
csr_group6/hc_o + rf_reg[2],0,532,0.0,0.0
csr_group7/hc_o + rf_reg[2],0,532,0.0,0.0
csr_group8/hc_o + rf_reg[2],0,532,0.0,0.0
csr_group9/hc_o + rf_reg[2],0,532,0.0,0.0
csr_group10/hc_o + rf_reg[2],0,532,0.0,0.0
csr_group11/hc_o + rf_reg[2],0,532,0.0,0.0
csr_group13/hc_o + rf_reg[2],0,532,0.0,0.0
csr_group16/hc_o + rf_reg[2],0,532,0.0,0.0
csr_group17/hc_o + rf_reg[2],0,532,0.0,0.0
lsu_group1/hc_o + rf_reg[2],0,532,0.0,0.0
lsu_group2/hc_o + rf_reg[2],0,532,0.0,0.0
lsu_group3/hc_o + rf_reg[2],0,532,0.0,0.0
lsu_group4/hc_o + rf_reg[2],0,532,0.0,0.0
lsu_group5/hc_o + rf_reg[2],0,532,0.0,0.0
id_group6/hc_o + rf_reg[3],0,532,0.0,0.0
id_group7/hc_o + rf_reg[3],0,532,0.0,0.0
id_group8/hc_o + rf_reg[3],0,532,0.0,0.0
csr_group0/hc_o + rf_reg[3],0,532,0.0,0.0
csr_group1/hc_o + rf_reg[3],0,532,0.0,0.0
csr_group2/hc_o + rf_reg[3],0,532,0.0,0.0
csr_group3/hc_o + rf_reg[3],0,532,0.0,0.0
csr_group4/hc_o + rf_reg[3],0,532,0.0,0.0
csr_group5/hc_o + rf_reg[3],0,532,0.0,0.0
csr_group6/hc_o + rf_reg[3],0,532,0.0,0.0
csr_group7/hc_o + rf_reg[3],0,532,0.0,0.0
csr_group8/hc_o + rf_reg[3],0,532,0.0,0.0
csr_group9/hc_o + rf_reg[3],0,532,0.0,0.0
csr_group10/hc_o + rf_reg[3],0,532,0.0,0.0
csr_group11/hc_o + rf_reg[3],0,532,0.0,0.0
csr_group13/hc_o + rf_reg[3],0,532,0.0,0.0
csr_group16/hc_o + rf_reg[3],0,532,0.0,0.0
csr_group17/hc_o + rf_reg[3],0,532,0.0,0.0
lsu_group1/hc_o + rf_reg[3],0,532,0.0,0.0
lsu_group2/hc_o + rf_reg[3],0,532,0.0,0.0
lsu_group3/hc_o + rf_reg[3],0,532,0.0,0.0
lsu_group4/hc_o + rf_reg[3],0,532,0.0,0.0
lsu_group5/hc_o + rf_reg[3],0,532,0.0,0.0
id_group6/hc_o + rf_reg[4],0,532,0.0,0.0
id_group7/hc_o + rf_reg[4],0,532,0.0,0.0
id_group8/hc_o + rf_reg[4],0,532,0.0,0.0
csr_group0/hc_o + rf_reg[4],0,532,0.0,0.0
csr_group1/hc_o + rf_reg[4],0,532,0.0,0.0
csr_group2/hc_o + rf_reg[4],0,532,0.0,0.0
csr_group3/hc_o + rf_reg[4],0,532,0.0,0.0
csr_group4/hc_o + rf_reg[4],0,532,0.0,0.0
csr_group5/hc_o + rf_reg[4],0,532,0.0,0.0
csr_group6/hc_o + rf_reg[4],0,532,0.0,0.0
csr_group7/hc_o + rf_reg[4],0,532,0.0,0.0
csr_group8/hc_o + rf_reg[4],0,532,0.0,0.0
csr_group9/hc_o + rf_reg[4],0,532,0.0,0.0
csr_group10/hc_o + rf_reg[4],0,532,0.0,0.0
csr_group11/hc_o + rf_reg[4],0,532,0.0,0.0
csr_group13/hc_o + rf_reg[4],0,532,0.0,0.0
csr_group16/hc_o + rf_reg[4],0,532,0.0,0.0
csr_group17/hc_o + rf_reg[4],0,532,0.0,0.0
lsu_group1/hc_o + rf_reg[4],0,532,0.0,0.0
lsu_group2/hc_o + rf_reg[4],0,532,0.0,0.0
lsu_group3/hc_o + rf_reg[4],0,532,0.0,0.0
lsu_group4/hc_o + rf_reg[4],0,532,0.0,0.0
lsu_group5/hc_o + rf_reg[4],0,532,0.0,0.0
alu_operand_b_ex_o_tag + id_group6/hc_o,0,532,0.0,0.0
alu_operand_b_ex_o_tag + id_group7/hc_o,0,532,0.0,0.0
id_group6/hc_o + rf_reg[5],0,532,0.0,0.0
id_group7/hc_o + rf_reg[5],0,532,0.0,0.0
id_group8/hc_o + rf_reg[5],0,532,0.0,0.0
csr_group0/hc_o + rf_reg[5],0,532,0.0,0.0
csr_group1/hc_o + rf_reg[5],0,532,0.0,0.0
csr_group2/hc_o + rf_reg[5],0,532,0.0,0.0
csr_group3/hc_o + rf_reg[5],0,532,0.0,0.0
csr_group4/hc_o + rf_reg[5],0,532,0.0,0.0
csr_group5/hc_o + rf_reg[5],0,532,0.0,0.0
csr_group6/hc_o + rf_reg[5],0,532,0.0,0.0
csr_group7/hc_o + rf_reg[5],0,532,0.0,0.0
csr_group8/hc_o + rf_reg[5],0,532,0.0,0.0
csr_group9/hc_o + rf_reg[5],0,532,0.0,0.0
csr_group10/hc_o + rf_reg[5],0,532,0.0,0.0
csr_group11/hc_o + rf_reg[5],0,532,0.0,0.0
csr_group13/hc_o + rf_reg[5],0,532,0.0,0.0
csr_group16/hc_o + rf_reg[5],0,532,0.0,0.0
csr_group17/hc_o + rf_reg[5],0,532,0.0,0.0
lsu_group1/hc_o + rf_reg[5],0,532,0.0,0.0
lsu_group2/hc_o + rf_reg[5],0,532,0.0,0.0
lsu_group3/hc_o + rf_reg[5],0,532,0.0,0.0
lsu_group4/hc_o + rf_reg[5],0,532,0.0,0.0
lsu_group5/hc_o + rf_reg[5],0,532,0.0,0.0
id_group6/hc_o + rf_reg[6],0,532,0.0,0.0
id_group7/hc_o + rf_reg[6],0,532,0.0,0.0
id_group8/hc_o + rf_reg[6],0,532,0.0,0.0
csr_group0/hc_o + rf_reg[6],0,532,0.0,0.0
csr_group1/hc_o + rf_reg[6],0,532,0.0,0.0
csr_group2/hc_o + rf_reg[6],0,532,0.0,0.0
csr_group3/hc_o + rf_reg[6],0,532,0.0,0.0
csr_group4/hc_o + rf_reg[6],0,532,0.0,0.0
csr_group5/hc_o + rf_reg[6],0,532,0.0,0.0
csr_group6/hc_o + rf_reg[6],0,532,0.0,0.0
csr_group7/hc_o + rf_reg[6],0,532,0.0,0.0
csr_group8/hc_o + rf_reg[6],0,532,0.0,0.0
csr_group9/hc_o + rf_reg[6],0,532,0.0,0.0
csr_group10/hc_o + rf_reg[6],0,532,0.0,0.0
csr_group11/hc_o + rf_reg[6],0,532,0.0,0.0
csr_group13/hc_o + rf_reg[6],0,532,0.0,0.0
csr_group16/hc_o + rf_reg[6],0,532,0.0,0.0
csr_group17/hc_o + rf_reg[6],0,532,0.0,0.0
lsu_group1/hc_o + rf_reg[6],0,532,0.0,0.0
lsu_group2/hc_o + rf_reg[6],0,532,0.0,0.0
lsu_group3/hc_o + rf_reg[6],0,532,0.0,0.0
lsu_group4/hc_o + rf_reg[6],0,532,0.0,0.0
lsu_group5/hc_o + rf_reg[6],0,532,0.0,0.0
id_group6/hc_o + rf_reg[7],0,532,0.0,0.0
id_group7/hc_o + rf_reg[7],0,532,0.0,0.0
id_group8/hc_o + rf_reg[7],0,532,0.0,0.0
csr_group0/hc_o + rf_reg[7],0,532,0.0,0.0
csr_group1/hc_o + rf_reg[7],0,532,0.0,0.0
csr_group2/hc_o + rf_reg[7],0,532,0.0,0.0
csr_group3/hc_o + rf_reg[7],0,532,0.0,0.0
csr_group4/hc_o + rf_reg[7],0,532,0.0,0.0
csr_group5/hc_o + rf_reg[7],0,532,0.0,0.0
csr_group6/hc_o + rf_reg[7],0,532,0.0,0.0
csr_group7/hc_o + rf_reg[7],0,532,0.0,0.0
csr_group8/hc_o + rf_reg[7],0,532,0.0,0.0
csr_group9/hc_o + rf_reg[7],0,532,0.0,0.0
csr_group10/hc_o + rf_reg[7],0,532,0.0,0.0
csr_group11/hc_o + rf_reg[7],0,532,0.0,0.0
csr_group13/hc_o + rf_reg[7],0,532,0.0,0.0
csr_group16/hc_o + rf_reg[7],0,532,0.0,0.0
csr_group17/hc_o + rf_reg[7],0,532,0.0,0.0
lsu_group1/hc_o + rf_reg[7],0,532,0.0,0.0
lsu_group2/hc_o + rf_reg[7],0,532,0.0,0.0
lsu_group3/hc_o + rf_reg[7],0,532,0.0,0.0
lsu_group4/hc_o + rf_reg[7],0,532,0.0,0.0
lsu_group5/hc_o + rf_reg[7],0,532,0.0,0.0
alu_operand_b_ex_o_tag + id_group8/hc_o,0,532,0.0,0.0
alu_operand_b_ex_o_tag + csr_group0/hc_o,0,532,0.0,0.0
alu_operand_b_ex_o_tag + csr_group1/hc_o,0,532,0.0,0.0
alu_operand_b_ex_o_tag + csr_group2/hc_o,0,532,0.0,0.0
alu_operand_b_ex_o_tag + csr_group3/hc_o,0,532,0.0,0.0
alu_operand_b_ex_o_tag + csr_group4/hc_o,0,532,0.0,0.0
alu_operand_b_ex_o_tag + csr_group5/hc_o,0,532,0.0,0.0
alu_operand_b_ex_o_tag + csr_group6/hc_o,0,532,0.0,0.0
id_group6/hc_o + rf_reg[8],0,532,0.0,0.0
id_group7/hc_o + rf_reg[8],0,532,0.0,0.0
id_group8/hc_o + rf_reg[8],0,532,0.0,0.0
csr_group0/hc_o + rf_reg[8],0,532,0.0,0.0
csr_group1/hc_o + rf_reg[8],0,532,0.0,0.0
csr_group2/hc_o + rf_reg[8],0,532,0.0,0.0
csr_group3/hc_o + rf_reg[8],0,532,0.0,0.0
csr_group4/hc_o + rf_reg[8],0,532,0.0,0.0
csr_group5/hc_o + rf_reg[8],0,532,0.0,0.0
csr_group6/hc_o + rf_reg[8],0,532,0.0,0.0
csr_group7/hc_o + rf_reg[8],0,532,0.0,0.0
csr_group8/hc_o + rf_reg[8],0,532,0.0,0.0
csr_group9/hc_o + rf_reg[8],0,532,0.0,0.0
csr_group10/hc_o + rf_reg[8],0,532,0.0,0.0
csr_group11/hc_o + rf_reg[8],0,532,0.0,0.0
csr_group13/hc_o + rf_reg[8],0,532,0.0,0.0
csr_group16/hc_o + rf_reg[8],0,532,0.0,0.0
csr_group17/hc_o + rf_reg[8],0,532,0.0,0.0
lsu_group1/hc_o + rf_reg[8],0,532,0.0,0.0
lsu_group2/hc_o + rf_reg[8],0,532,0.0,0.0
lsu_group3/hc_o + rf_reg[8],0,532,0.0,0.0
lsu_group4/hc_o + rf_reg[8],0,532,0.0,0.0
lsu_group5/hc_o + rf_reg[8],0,532,0.0,0.0
id_group6/hc_o + rf_reg[9],0,532,0.0,0.0
id_group7/hc_o + rf_reg[9],0,532,0.0,0.0
id_group8/hc_o + rf_reg[9],0,532,0.0,0.0
csr_group0/hc_o + rf_reg[9],0,532,0.0,0.0
csr_group1/hc_o + rf_reg[9],0,532,0.0,0.0
csr_group2/hc_o + rf_reg[9],0,532,0.0,0.0
csr_group3/hc_o + rf_reg[9],0,532,0.0,0.0
csr_group4/hc_o + rf_reg[9],0,532,0.0,0.0
csr_group5/hc_o + rf_reg[9],0,532,0.0,0.0
csr_group6/hc_o + rf_reg[9],0,532,0.0,0.0
csr_group7/hc_o + rf_reg[9],0,532,0.0,0.0
csr_group8/hc_o + rf_reg[9],0,532,0.0,0.0
csr_group9/hc_o + rf_reg[9],0,532,0.0,0.0
csr_group10/hc_o + rf_reg[9],0,532,0.0,0.0
csr_group11/hc_o + rf_reg[9],0,532,0.0,0.0
csr_group13/hc_o + rf_reg[9],0,532,0.0,0.0
csr_group16/hc_o + rf_reg[9],0,532,0.0,0.0
csr_group17/hc_o + rf_reg[9],0,532,0.0,0.0
lsu_group1/hc_o + rf_reg[9],0,532,0.0,0.0
lsu_group2/hc_o + rf_reg[9],0,532,0.0,0.0
lsu_group3/hc_o + rf_reg[9],0,532,0.0,0.0
lsu_group4/hc_o + rf_reg[9],0,532,0.0,0.0
lsu_group5/hc_o + rf_reg[9],0,532,0.0,0.0
id_group6/hc_o + rf_reg[10],0,532,0.0,0.0
id_group7/hc_o + rf_reg[10],0,532,0.0,0.0
id_group8/hc_o + rf_reg[10],0,532,0.0,0.0
csr_group0/hc_o + rf_reg[10],0,532,0.0,0.0
csr_group1/hc_o + rf_reg[10],0,532,0.0,0.0
csr_group2/hc_o + rf_reg[10],0,532,0.0,0.0
csr_group3/hc_o + rf_reg[10],0,532,0.0,0.0
csr_group4/hc_o + rf_reg[10],0,532,0.0,0.0
csr_group5/hc_o + rf_reg[10],0,532,0.0,0.0
csr_group6/hc_o + rf_reg[10],0,532,0.0,0.0
csr_group7/hc_o + rf_reg[10],0,532,0.0,0.0
csr_group8/hc_o + rf_reg[10],0,532,0.0,0.0
csr_group9/hc_o + rf_reg[10],0,532,0.0,0.0
csr_group10/hc_o + rf_reg[10],0,532,0.0,0.0
csr_group11/hc_o + rf_reg[10],0,532,0.0,0.0
csr_group13/hc_o + rf_reg[10],0,532,0.0,0.0
csr_group16/hc_o + rf_reg[10],0,532,0.0,0.0
csr_group17/hc_o + rf_reg[10],0,532,0.0,0.0
lsu_group1/hc_o + rf_reg[10],0,532,0.0,0.0
lsu_group2/hc_o + rf_reg[10],0,532,0.0,0.0
lsu_group3/hc_o + rf_reg[10],0,532,0.0,0.0
lsu_group4/hc_o + rf_reg[10],0,532,0.0,0.0
lsu_group5/hc_o + rf_reg[10],0,532,0.0,0.0
id_group6/hc_o + rf_reg[11],0,532,0.0,0.0
id_group7/hc_o + rf_reg[11],0,532,0.0,0.0
id_group8/hc_o + rf_reg[11],0,532,0.0,0.0
alu_operand_b_ex_o_tag + csr_group7/hc_o,0,532,0.0,0.0
alu_operand_b_ex_o_tag + csr_group8/hc_o,0,532,0.0,0.0
alu_operand_b_ex_o_tag + csr_group9/hc_o,0,532,0.0,0.0
alu_operand_b_ex_o_tag + csr_group10/hc_o,0,532,0.0,0.0
alu_operand_b_ex_o_tag + csr_group11/hc_o,0,532,0.0,0.0
alu_operand_b_ex_o_tag + csr_group13/hc_o,0,532,0.0,0.0
alu_operand_b_ex_o_tag + csr_group16/hc_o,0,532,0.0,0.0
alu_operand_b_ex_o_tag + csr_group17/hc_o,0,532,0.0,0.0
alu_operand_b_ex_o_tag + lsu_group1/hc_o,0,532,0.0,0.0
alu_operand_b_ex_o_tag + lsu_group2/hc_o,0,532,0.0,0.0
alu_operand_b_ex_o_tag + lsu_group3/hc_o,0,532,0.0,0.0
alu_operand_b_ex_o_tag + lsu_group4/hc_o,0,532,0.0,0.0
csr_group0/hc_o + rf_reg[11],0,532,0.0,0.0
csr_group1/hc_o + rf_reg[11],0,532,0.0,0.0
csr_group2/hc_o + rf_reg[11],0,532,0.0,0.0
csr_group3/hc_o + rf_reg[11],0,532,0.0,0.0
csr_group4/hc_o + rf_reg[11],0,532,0.0,0.0
csr_group5/hc_o + rf_reg[11],0,532,0.0,0.0
csr_group6/hc_o + rf_reg[11],0,532,0.0,0.0
csr_group7/hc_o + rf_reg[11],0,532,0.0,0.0
csr_group8/hc_o + rf_reg[11],0,532,0.0,0.0
csr_group9/hc_o + rf_reg[11],0,532,0.0,0.0
csr_group10/hc_o + rf_reg[11],0,532,0.0,0.0
csr_group11/hc_o + rf_reg[11],0,532,0.0,0.0
csr_group13/hc_o + rf_reg[11],0,532,0.0,0.0
csr_group16/hc_o + rf_reg[11],0,532,0.0,0.0
csr_group17/hc_o + rf_reg[11],0,532,0.0,0.0
lsu_group1/hc_o + rf_reg[11],0,532,0.0,0.0
lsu_group2/hc_o + rf_reg[11],0,532,0.0,0.0
lsu_group3/hc_o + rf_reg[11],0,532,0.0,0.0
lsu_group4/hc_o + rf_reg[11],0,532,0.0,0.0
lsu_group5/hc_o + rf_reg[11],0,532,0.0,0.0
id_group6/hc_o + rf_reg[12],0,532,0.0,0.0
id_group7/hc_o + rf_reg[12],0,532,0.0,0.0
id_group8/hc_o + rf_reg[12],0,532,0.0,0.0
csr_group0/hc_o + rf_reg[12],0,532,0.0,0.0
csr_group1/hc_o + rf_reg[12],0,532,0.0,0.0
csr_group2/hc_o + rf_reg[12],0,532,0.0,0.0
csr_group3/hc_o + rf_reg[12],0,532,0.0,0.0
csr_group4/hc_o + rf_reg[12],0,532,0.0,0.0
csr_group5/hc_o + rf_reg[12],0,532,0.0,0.0
csr_group6/hc_o + rf_reg[12],0,532,0.0,0.0
csr_group7/hc_o + rf_reg[12],0,532,0.0,0.0
csr_group8/hc_o + rf_reg[12],0,532,0.0,0.0
csr_group9/hc_o + rf_reg[12],0,532,0.0,0.0
csr_group10/hc_o + rf_reg[12],0,532,0.0,0.0
csr_group11/hc_o + rf_reg[12],0,532,0.0,0.0
csr_group13/hc_o + rf_reg[12],0,532,0.0,0.0
csr_group16/hc_o + rf_reg[12],0,532,0.0,0.0
csr_group17/hc_o + rf_reg[12],0,532,0.0,0.0
lsu_group1/hc_o + rf_reg[12],0,532,0.0,0.0
lsu_group2/hc_o + rf_reg[12],0,532,0.0,0.0
lsu_group3/hc_o + rf_reg[12],0,532,0.0,0.0
lsu_group4/hc_o + rf_reg[12],0,532,0.0,0.0
lsu_group5/hc_o + rf_reg[12],0,532,0.0,0.0
id_group6/hc_o + rf_reg[13],0,532,0.0,0.0
id_group7/hc_o + rf_reg[13],0,532,0.0,0.0
id_group8/hc_o + rf_reg[13],0,532,0.0,0.0
csr_group0/hc_o + rf_reg[13],0,532,0.0,0.0
csr_group1/hc_o + rf_reg[13],0,532,0.0,0.0
csr_group2/hc_o + rf_reg[13],0,532,0.0,0.0
csr_group3/hc_o + rf_reg[13],0,532,0.0,0.0
csr_group4/hc_o + rf_reg[13],0,532,0.0,0.0
csr_group5/hc_o + rf_reg[13],0,532,0.0,0.0
csr_group6/hc_o + rf_reg[13],0,532,0.0,0.0
csr_group7/hc_o + rf_reg[13],0,532,0.0,0.0
csr_group8/hc_o + rf_reg[13],0,532,0.0,0.0
csr_group9/hc_o + rf_reg[13],0,532,0.0,0.0
csr_group10/hc_o + rf_reg[13],0,532,0.0,0.0
csr_group11/hc_o + rf_reg[13],0,532,0.0,0.0
csr_group13/hc_o + rf_reg[13],0,532,0.0,0.0
csr_group16/hc_o + rf_reg[13],0,532,0.0,0.0
csr_group17/hc_o + rf_reg[13],0,532,0.0,0.0
lsu_group1/hc_o + rf_reg[13],0,532,0.0,0.0
lsu_group2/hc_o + rf_reg[13],0,532,0.0,0.0
lsu_group3/hc_o + rf_reg[13],0,532,0.0,0.0
lsu_group4/hc_o + rf_reg[13],0,532,0.0,0.0
lsu_group5/hc_o + rf_reg[13],0,532,0.0,0.0
id_group6/hc_o + rf_reg[14],0,532,0.0,0.0
id_group7/hc_o + rf_reg[14],0,532,0.0,0.0
id_group8/hc_o + rf_reg[14],0,532,0.0,0.0
csr_group0/hc_o + rf_reg[14],0,532,0.0,0.0
csr_group1/hc_o + rf_reg[14],0,532,0.0,0.0
csr_group2/hc_o + rf_reg[14],0,532,0.0,0.0
csr_group3/hc_o + rf_reg[14],0,532,0.0,0.0
csr_group4/hc_o + rf_reg[14],0,532,0.0,0.0
alu_operand_b_ex_o_tag + lsu_group5/hc_o,0,532,0.0,0.0
csr_group5/hc_o + rf_reg[14],0,532,0.0,0.0
csr_group6/hc_o + rf_reg[14],0,532,0.0,0.0
csr_group7/hc_o + rf_reg[14],0,532,0.0,0.0
csr_group8/hc_o + rf_reg[14],0,532,0.0,0.0
csr_group9/hc_o + rf_reg[14],0,532,0.0,0.0
csr_group10/hc_o + rf_reg[14],0,532,0.0,0.0
csr_group11/hc_o + rf_reg[14],0,532,0.0,0.0
csr_group13/hc_o + rf_reg[14],0,532,0.0,0.0
csr_group16/hc_o + rf_reg[14],0,532,0.0,0.0
csr_group17/hc_o + rf_reg[14],0,532,0.0,0.0
lsu_group1/hc_o + rf_reg[14],0,532,0.0,0.0
lsu_group2/hc_o + rf_reg[14],0,532,0.0,0.0
lsu_group3/hc_o + rf_reg[14],0,532,0.0,0.0
lsu_group4/hc_o + rf_reg[14],0,532,0.0,0.0
lsu_group5/hc_o + rf_reg[14],0,532,0.0,0.0
id_group6/hc_o + rf_reg[15],0,532,0.0,0.0
id_group7/hc_o + rf_reg[15],0,532,0.0,0.0
id_group8/hc_o + rf_reg[15],0,532,0.0,0.0
csr_group0/hc_o + rf_reg[15],0,532,0.0,0.0
csr_group1/hc_o + rf_reg[15],0,532,0.0,0.0
csr_group2/hc_o + rf_reg[15],0,532,0.0,0.0
csr_group3/hc_o + rf_reg[15],0,532,0.0,0.0
csr_group4/hc_o + rf_reg[15],0,532,0.0,0.0
csr_group5/hc_o + rf_reg[15],0,532,0.0,0.0
csr_group6/hc_o + rf_reg[15],0,532,0.0,0.0
csr_group7/hc_o + rf_reg[15],0,532,0.0,0.0
csr_group8/hc_o + rf_reg[15],0,532,0.0,0.0
csr_group9/hc_o + rf_reg[15],0,532,0.0,0.0
csr_group10/hc_o + rf_reg[15],0,532,0.0,0.0
csr_group11/hc_o + rf_reg[15],0,532,0.0,0.0
csr_group13/hc_o + rf_reg[15],0,532,0.0,0.0
csr_group16/hc_o + rf_reg[15],0,532,0.0,0.0
csr_group17/hc_o + rf_reg[15],0,532,0.0,0.0
lsu_group1/hc_o + rf_reg[15],0,532,0.0,0.0
lsu_group2/hc_o + rf_reg[15],0,532,0.0,0.0
lsu_group3/hc_o + rf_reg[15],0,532,0.0,0.0
lsu_group4/hc_o + rf_reg[15],0,532,0.0,0.0
lsu_group5/hc_o + rf_reg[15],0,532,0.0,0.0
id_group6/hc_o + rf_reg[16],0,532,0.0,0.0
id_group7/hc_o + rf_reg[16],0,532,0.0,0.0
id_group8/hc_o + rf_reg[16],0,532,0.0,0.0
csr_group0/hc_o + rf_reg[16],0,532,0.0,0.0
csr_group1/hc_o + rf_reg[16],0,532,0.0,0.0
csr_group2/hc_o + rf_reg[16],0,532,0.0,0.0
csr_group3/hc_o + rf_reg[16],0,532,0.0,0.0
csr_group4/hc_o + rf_reg[16],0,532,0.0,0.0
csr_group5/hc_o + rf_reg[16],0,532,0.0,0.0
csr_group6/hc_o + rf_reg[16],0,532,0.0,0.0
csr_group7/hc_o + rf_reg[16],0,532,0.0,0.0
csr_group8/hc_o + rf_reg[16],0,532,0.0,0.0
csr_group9/hc_o + rf_reg[16],0,532,0.0,0.0
csr_group10/hc_o + rf_reg[16],0,532,0.0,0.0
csr_group11/hc_o + rf_reg[16],0,532,0.0,0.0
csr_group13/hc_o + rf_reg[16],0,532,0.0,0.0
csr_group16/hc_o + rf_reg[16],0,532,0.0,0.0
csr_group17/hc_o + rf_reg[16],0,532,0.0,0.0
lsu_group1/hc_o + rf_reg[16],0,532,0.0,0.0
lsu_group2/hc_o + rf_reg[16],0,532,0.0,0.0
lsu_group3/hc_o + rf_reg[16],0,532,0.0,0.0
lsu_group4/hc_o + rf_reg[16],0,532,0.0,0.0
lsu_group5/hc_o + rf_reg[16],0,532,0.0,0.0
id_group6/hc_o + rf_reg[17],0,532,0.0,0.0
id_group7/hc_o + rf_reg[17],0,532,0.0,0.0
id_group8/hc_o + rf_reg[17],0,532,0.0,0.0
csr_group0/hc_o + rf_reg[17],0,532,0.0,0.0
csr_group1/hc_o + rf_reg[17],0,532,0.0,0.0
csr_group2/hc_o + rf_reg[17],0,532,0.0,0.0
csr_group3/hc_o + rf_reg[17],0,532,0.0,0.0
csr_group4/hc_o + rf_reg[17],0,532,0.0,0.0
csr_group5/hc_o + rf_reg[17],0,532,0.0,0.0
csr_group6/hc_o + rf_reg[17],0,532,0.0,0.0
csr_group7/hc_o + rf_reg[17],0,532,0.0,0.0
csr_group8/hc_o + rf_reg[17],0,532,0.0,0.0
csr_group9/hc_o + rf_reg[17],0,532,0.0,0.0
csr_group10/hc_o + rf_reg[17],0,532,0.0,0.0
csr_group11/hc_o + rf_reg[17],0,532,0.0,0.0
csr_group13/hc_o + rf_reg[17],0,532,0.0,0.0
csr_group16/hc_o + rf_reg[17],0,532,0.0,0.0
csr_group17/hc_o + rf_reg[17],0,532,0.0,0.0
alu_operand_c_ex_o_tag + id_group6/hc_o,0,532,0.0,0.0
alu_operand_c_ex_o_tag + id_group7/hc_o,0,532,0.0,0.0
alu_operand_c_ex_o_tag + id_group8/hc_o,0,532,0.0,0.0
lsu_group1/hc_o + rf_reg[17],0,532,0.0,0.0
lsu_group2/hc_o + rf_reg[17],0,532,0.0,0.0
lsu_group3/hc_o + rf_reg[17],0,532,0.0,0.0
lsu_group4/hc_o + rf_reg[17],0,532,0.0,0.0
lsu_group5/hc_o + rf_reg[17],0,532,0.0,0.0
id_group6/hc_o + rf_reg[18],0,532,0.0,0.0
id_group7/hc_o + rf_reg[18],0,532,0.0,0.0
id_group8/hc_o + rf_reg[18],0,532,0.0,0.0
csr_group0/hc_o + rf_reg[18],0,532,0.0,0.0
csr_group1/hc_o + rf_reg[18],0,532,0.0,0.0
csr_group2/hc_o + rf_reg[18],0,532,0.0,0.0
csr_group3/hc_o + rf_reg[18],0,532,0.0,0.0
csr_group4/hc_o + rf_reg[18],0,532,0.0,0.0
csr_group5/hc_o + rf_reg[18],0,532,0.0,0.0
csr_group6/hc_o + rf_reg[18],0,532,0.0,0.0
csr_group7/hc_o + rf_reg[18],0,532,0.0,0.0
csr_group8/hc_o + rf_reg[18],0,532,0.0,0.0
csr_group9/hc_o + rf_reg[18],0,532,0.0,0.0
csr_group10/hc_o + rf_reg[18],0,532,0.0,0.0
csr_group11/hc_o + rf_reg[18],0,532,0.0,0.0
csr_group13/hc_o + rf_reg[18],0,532,0.0,0.0
csr_group16/hc_o + rf_reg[18],0,532,0.0,0.0
csr_group17/hc_o + rf_reg[18],0,532,0.0,0.0
lsu_group1/hc_o + rf_reg[18],0,532,0.0,0.0
lsu_group2/hc_o + rf_reg[18],0,532,0.0,0.0
lsu_group3/hc_o + rf_reg[18],0,532,0.0,0.0
lsu_group4/hc_o + rf_reg[18],0,532,0.0,0.0
lsu_group5/hc_o + rf_reg[18],0,532,0.0,0.0
id_group6/hc_o + rf_reg[19],0,532,0.0,0.0
id_group7/hc_o + rf_reg[19],0,532,0.0,0.0
id_group8/hc_o + rf_reg[19],0,532,0.0,0.0
csr_group0/hc_o + rf_reg[19],0,532,0.0,0.0
csr_group1/hc_o + rf_reg[19],0,532,0.0,0.0
csr_group2/hc_o + rf_reg[19],0,532,0.0,0.0
csr_group3/hc_o + rf_reg[19],0,532,0.0,0.0
csr_group4/hc_o + rf_reg[19],0,532,0.0,0.0
csr_group5/hc_o + rf_reg[19],0,532,0.0,0.0
csr_group6/hc_o + rf_reg[19],0,532,0.0,0.0
csr_group7/hc_o + rf_reg[19],0,532,0.0,0.0
csr_group8/hc_o + rf_reg[19],0,532,0.0,0.0
csr_group9/hc_o + rf_reg[19],0,532,0.0,0.0
csr_group10/hc_o + rf_reg[19],0,532,0.0,0.0
csr_group11/hc_o + rf_reg[19],0,532,0.0,0.0
csr_group13/hc_o + rf_reg[19],0,532,0.0,0.0
csr_group16/hc_o + rf_reg[19],0,532,0.0,0.0
csr_group17/hc_o + rf_reg[19],0,532,0.0,0.0
lsu_group1/hc_o + rf_reg[19],0,532,0.0,0.0
lsu_group2/hc_o + rf_reg[19],0,532,0.0,0.0
lsu_group3/hc_o + rf_reg[19],0,532,0.0,0.0
lsu_group4/hc_o + rf_reg[19],0,532,0.0,0.0
lsu_group5/hc_o + rf_reg[19],0,532,0.0,0.0
id_group6/hc_o + rf_reg[20],0,532,0.0,0.0
id_group7/hc_o + rf_reg[20],0,532,0.0,0.0
id_group8/hc_o + rf_reg[20],0,532,0.0,0.0
csr_group0/hc_o + rf_reg[20],0,532,0.0,0.0
csr_group1/hc_o + rf_reg[20],0,532,0.0,0.0
csr_group2/hc_o + rf_reg[20],0,532,0.0,0.0
csr_group3/hc_o + rf_reg[20],0,532,0.0,0.0
csr_group4/hc_o + rf_reg[20],0,532,0.0,0.0
csr_group5/hc_o + rf_reg[20],0,532,0.0,0.0
csr_group6/hc_o + rf_reg[20],0,532,0.0,0.0
csr_group7/hc_o + rf_reg[20],0,532,0.0,0.0
csr_group8/hc_o + rf_reg[20],0,532,0.0,0.0
csr_group9/hc_o + rf_reg[20],0,532,0.0,0.0
csr_group10/hc_o + rf_reg[20],0,532,0.0,0.0
csr_group11/hc_o + rf_reg[20],0,532,0.0,0.0
csr_group13/hc_o + rf_reg[20],0,532,0.0,0.0
csr_group16/hc_o + rf_reg[20],0,532,0.0,0.0
csr_group17/hc_o + rf_reg[20],0,532,0.0,0.0
lsu_group1/hc_o + rf_reg[20],0,532,0.0,0.0
lsu_group2/hc_o + rf_reg[20],0,532,0.0,0.0
lsu_group3/hc_o + rf_reg[20],0,532,0.0,0.0
lsu_group4/hc_o + rf_reg[20],0,532,0.0,0.0
lsu_group5/hc_o + rf_reg[20],0,532,0.0,0.0
alu_operand_c_ex_o_tag + csr_group0/hc_o,0,532,0.0,0.0
alu_operand_c_ex_o_tag + csr_group1/hc_o,0,532,0.0,0.0
alu_operand_c_ex_o_tag + csr_group2/hc_o,0,532,0.0,0.0
alu_operand_c_ex_o_tag + csr_group3/hc_o,0,532,0.0,0.0
alu_operand_c_ex_o_tag + csr_group4/hc_o,0,532,0.0,0.0
alu_operand_c_ex_o_tag + csr_group5/hc_o,0,532,0.0,0.0
alu_operand_c_ex_o_tag + csr_group6/hc_o,0,532,0.0,0.0
alu_operand_c_ex_o_tag + csr_group7/hc_o,0,532,0.0,0.0
alu_operand_c_ex_o_tag + csr_group8/hc_o,0,532,0.0,0.0
alu_operand_c_ex_o_tag + csr_group9/hc_o,0,532,0.0,0.0
alu_operand_c_ex_o_tag + csr_group10/hc_o,0,532,0.0,0.0
id_group6/hc_o + rf_reg[21],0,532,0.0,0.0
id_group7/hc_o + rf_reg[21],0,532,0.0,0.0
id_group8/hc_o + rf_reg[21],0,532,0.0,0.0
csr_group0/hc_o + rf_reg[21],0,532,0.0,0.0
csr_group1/hc_o + rf_reg[21],0,532,0.0,0.0
csr_group2/hc_o + rf_reg[21],0,532,0.0,0.0
csr_group3/hc_o + rf_reg[21],0,532,0.0,0.0
csr_group4/hc_o + rf_reg[21],0,532,0.0,0.0
csr_group5/hc_o + rf_reg[21],0,532,0.0,0.0
csr_group6/hc_o + rf_reg[21],0,532,0.0,0.0
csr_group7/hc_o + rf_reg[21],0,532,0.0,0.0
csr_group8/hc_o + rf_reg[21],0,532,0.0,0.0
csr_group9/hc_o + rf_reg[21],0,532,0.0,0.0
csr_group10/hc_o + rf_reg[21],0,532,0.0,0.0
csr_group11/hc_o + rf_reg[21],0,532,0.0,0.0
csr_group13/hc_o + rf_reg[21],0,532,0.0,0.0
csr_group16/hc_o + rf_reg[21],0,532,0.0,0.0
csr_group17/hc_o + rf_reg[21],0,532,0.0,0.0
lsu_group1/hc_o + rf_reg[21],0,532,0.0,0.0
lsu_group2/hc_o + rf_reg[21],0,532,0.0,0.0
lsu_group3/hc_o + rf_reg[21],0,532,0.0,0.0
lsu_group4/hc_o + rf_reg[21],0,532,0.0,0.0
lsu_group5/hc_o + rf_reg[21],0,532,0.0,0.0
id_group6/hc_o + rf_reg[22],0,532,0.0,0.0
id_group7/hc_o + rf_reg[22],0,532,0.0,0.0
id_group8/hc_o + rf_reg[22],0,532,0.0,0.0
csr_group0/hc_o + rf_reg[22],0,532,0.0,0.0
csr_group1/hc_o + rf_reg[22],0,532,0.0,0.0
csr_group2/hc_o + rf_reg[22],0,532,0.0,0.0
csr_group3/hc_o + rf_reg[22],0,532,0.0,0.0
csr_group4/hc_o + rf_reg[22],0,532,0.0,0.0
csr_group5/hc_o + rf_reg[22],0,532,0.0,0.0
csr_group6/hc_o + rf_reg[22],0,532,0.0,0.0
csr_group7/hc_o + rf_reg[22],0,532,0.0,0.0
csr_group8/hc_o + rf_reg[22],0,532,0.0,0.0
csr_group9/hc_o + rf_reg[22],0,532,0.0,0.0
csr_group10/hc_o + rf_reg[22],0,532,0.0,0.0
csr_group11/hc_o + rf_reg[22],0,532,0.0,0.0
csr_group13/hc_o + rf_reg[22],0,532,0.0,0.0
csr_group16/hc_o + rf_reg[22],0,532,0.0,0.0
csr_group17/hc_o + rf_reg[22],0,532,0.0,0.0
lsu_group1/hc_o + rf_reg[22],0,532,0.0,0.0
lsu_group2/hc_o + rf_reg[22],0,532,0.0,0.0
lsu_group3/hc_o + rf_reg[22],0,532,0.0,0.0
lsu_group4/hc_o + rf_reg[22],0,532,0.0,0.0
lsu_group5/hc_o + rf_reg[22],0,532,0.0,0.0
id_group6/hc_o + rf_reg[23],0,532,0.0,0.0
id_group7/hc_o + rf_reg[23],0,532,0.0,0.0
id_group8/hc_o + rf_reg[23],0,532,0.0,0.0
csr_group0/hc_o + rf_reg[23],0,532,0.0,0.0
csr_group1/hc_o + rf_reg[23],0,532,0.0,0.0
csr_group2/hc_o + rf_reg[23],0,532,0.0,0.0
csr_group3/hc_o + rf_reg[23],0,532,0.0,0.0
csr_group4/hc_o + rf_reg[23],0,532,0.0,0.0
csr_group5/hc_o + rf_reg[23],0,532,0.0,0.0
csr_group6/hc_o + rf_reg[23],0,532,0.0,0.0
csr_group7/hc_o + rf_reg[23],0,532,0.0,0.0
csr_group8/hc_o + rf_reg[23],0,532,0.0,0.0
csr_group9/hc_o + rf_reg[23],0,532,0.0,0.0
csr_group10/hc_o + rf_reg[23],0,532,0.0,0.0
csr_group11/hc_o + rf_reg[23],0,532,0.0,0.0
csr_group13/hc_o + rf_reg[23],0,532,0.0,0.0
csr_group16/hc_o + rf_reg[23],0,532,0.0,0.0
csr_group17/hc_o + rf_reg[23],0,532,0.0,0.0
lsu_group1/hc_o + rf_reg[23],0,532,0.0,0.0
lsu_group2/hc_o + rf_reg[23],0,532,0.0,0.0
lsu_group3/hc_o + rf_reg[23],0,532,0.0,0.0
lsu_group4/hc_o + rf_reg[23],0,532,0.0,0.0
lsu_group5/hc_o + rf_reg[23],0,532,0.0,0.0
id_group6/hc_o + rf_reg[24],0,532,0.0,0.0
id_group7/hc_o + rf_reg[24],0,532,0.0,0.0
id_group8/hc_o + rf_reg[24],0,532,0.0,0.0
csr_group0/hc_o + rf_reg[24],0,532,0.0,0.0
csr_group1/hc_o + rf_reg[24],0,532,0.0,0.0
csr_group2/hc_o + rf_reg[24],0,532,0.0,0.0
alu_operand_c_ex_o_tag + csr_group11/hc_o,0,532,0.0,0.0
alu_operand_c_ex_o_tag + csr_group13/hc_o,0,532,0.0,0.0
alu_operand_c_ex_o_tag + csr_group16/hc_o,0,532,0.0,0.0
alu_operand_c_ex_o_tag + csr_group17/hc_o,0,532,0.0,0.0
alu_operand_c_ex_o_tag + lsu_group1/hc_o,0,532,0.0,0.0
alu_operand_c_ex_o_tag + lsu_group2/hc_o,0,532,0.0,0.0
alu_operand_c_ex_o_tag + lsu_group3/hc_o,0,532,0.0,0.0
alu_operand_c_ex_o_tag + lsu_group4/hc_o,0,532,0.0,0.0
alu_operand_c_ex_o_tag + lsu_group5/hc_o,0,532,0.0,0.0
csr_group3/hc_o + rf_reg[24],0,532,0.0,0.0
csr_group4/hc_o + rf_reg[24],0,532,0.0,0.0
csr_group5/hc_o + rf_reg[24],0,532,0.0,0.0
csr_group6/hc_o + rf_reg[24],0,532,0.0,0.0
csr_group7/hc_o + rf_reg[24],0,532,0.0,0.0
csr_group8/hc_o + rf_reg[24],0,532,0.0,0.0
csr_group9/hc_o + rf_reg[24],0,532,0.0,0.0
csr_group10/hc_o + rf_reg[24],0,532,0.0,0.0
csr_group11/hc_o + rf_reg[24],0,532,0.0,0.0
csr_group13/hc_o + rf_reg[24],0,532,0.0,0.0
csr_group16/hc_o + rf_reg[24],0,532,0.0,0.0
csr_group17/hc_o + rf_reg[24],0,532,0.0,0.0
lsu_group1/hc_o + rf_reg[24],0,532,0.0,0.0
lsu_group2/hc_o + rf_reg[24],0,532,0.0,0.0
lsu_group3/hc_o + rf_reg[24],0,532,0.0,0.0
lsu_group4/hc_o + rf_reg[24],0,532,0.0,0.0
lsu_group5/hc_o + rf_reg[24],0,532,0.0,0.0
id_group6/hc_o + rf_reg[25],0,532,0.0,0.0
id_group7/hc_o + rf_reg[25],0,532,0.0,0.0
id_group8/hc_o + rf_reg[25],0,532,0.0,0.0
csr_group0/hc_o + rf_reg[25],0,532,0.0,0.0
csr_group1/hc_o + rf_reg[25],0,532,0.0,0.0
csr_group2/hc_o + rf_reg[25],0,532,0.0,0.0
csr_group3/hc_o + rf_reg[25],0,532,0.0,0.0
csr_group4/hc_o + rf_reg[25],0,532,0.0,0.0
csr_group5/hc_o + rf_reg[25],0,532,0.0,0.0
csr_group6/hc_o + rf_reg[25],0,532,0.0,0.0
csr_group7/hc_o + rf_reg[25],0,532,0.0,0.0
csr_group8/hc_o + rf_reg[25],0,532,0.0,0.0
csr_group9/hc_o + rf_reg[25],0,532,0.0,0.0
csr_group10/hc_o + rf_reg[25],0,532,0.0,0.0
csr_group11/hc_o + rf_reg[25],0,532,0.0,0.0
csr_group13/hc_o + rf_reg[25],0,532,0.0,0.0
csr_group16/hc_o + rf_reg[25],0,532,0.0,0.0
csr_group17/hc_o + rf_reg[25],0,532,0.0,0.0
lsu_group1/hc_o + rf_reg[25],0,532,0.0,0.0
lsu_group2/hc_o + rf_reg[25],0,532,0.0,0.0
lsu_group3/hc_o + rf_reg[25],0,532,0.0,0.0
lsu_group4/hc_o + rf_reg[25],0,532,0.0,0.0
lsu_group5/hc_o + rf_reg[25],0,532,0.0,0.0
id_group6/hc_o + rf_reg[26],0,532,0.0,0.0
id_group7/hc_o + rf_reg[26],0,532,0.0,0.0
id_group8/hc_o + rf_reg[26],0,532,0.0,0.0
csr_group0/hc_o + rf_reg[26],0,532,0.0,0.0
csr_group1/hc_o + rf_reg[26],0,532,0.0,0.0
csr_group2/hc_o + rf_reg[26],0,532,0.0,0.0
csr_group3/hc_o + rf_reg[26],0,532,0.0,0.0
csr_group4/hc_o + rf_reg[26],0,532,0.0,0.0
csr_group5/hc_o + rf_reg[26],0,532,0.0,0.0
csr_group6/hc_o + rf_reg[26],0,532,0.0,0.0
csr_group7/hc_o + rf_reg[26],0,532,0.0,0.0
csr_group8/hc_o + rf_reg[26],0,532,0.0,0.0
csr_group9/hc_o + rf_reg[26],0,532,0.0,0.0
csr_group10/hc_o + rf_reg[26],0,532,0.0,0.0
csr_group11/hc_o + rf_reg[26],0,532,0.0,0.0
csr_group13/hc_o + rf_reg[26],0,532,0.0,0.0
csr_group16/hc_o + rf_reg[26],0,532,0.0,0.0
csr_group17/hc_o + rf_reg[26],0,532,0.0,0.0
lsu_group1/hc_o + rf_reg[26],0,532,0.0,0.0
lsu_group2/hc_o + rf_reg[26],0,532,0.0,0.0
lsu_group3/hc_o + rf_reg[26],0,532,0.0,0.0
lsu_group4/hc_o + rf_reg[26],0,532,0.0,0.0
lsu_group5/hc_o + rf_reg[26],0,532,0.0,0.0
id_group6/hc_o + rf_reg[27],0,532,0.0,0.0
id_group7/hc_o + rf_reg[27],0,532,0.0,0.0
id_group8/hc_o + rf_reg[27],0,532,0.0,0.0
csr_group0/hc_o + rf_reg[27],0,532,0.0,0.0
csr_group1/hc_o + rf_reg[27],0,532,0.0,0.0
csr_group2/hc_o + rf_reg[27],0,532,0.0,0.0
csr_group3/hc_o + rf_reg[27],0,532,0.0,0.0
csr_group4/hc_o + rf_reg[27],0,532,0.0,0.0
csr_group5/hc_o + rf_reg[27],0,532,0.0,0.0
csr_group6/hc_o + rf_reg[27],0,532,0.0,0.0
csr_group7/hc_o + rf_reg[27],0,532,0.0,0.0
csr_group8/hc_o + rf_reg[27],0,532,0.0,0.0
csr_group9/hc_o + rf_reg[27],0,532,0.0,0.0
csr_group10/hc_o + rf_reg[27],0,532,0.0,0.0
csr_group11/hc_o + rf_reg[27],0,532,0.0,0.0
csr_group13/hc_o + rf_reg[27],0,532,0.0,0.0
csr_group16/hc_o + rf_reg[27],0,532,0.0,0.0
csr_group17/hc_o + rf_reg[27],0,532,0.0,0.0
lsu_group1/hc_o + rf_reg[27],0,532,0.0,0.0
lsu_group2/hc_o + rf_reg[27],0,532,0.0,0.0
lsu_group3/hc_o + rf_reg[27],0,532,0.0,0.0
lsu_group4/hc_o + rf_reg[27],0,532,0.0,0.0
id_group6/hc_o + pc_id_o_tag,0,532,0.0,0.0
id_group7/hc_o + pc_id_o_tag,0,532,0.0,0.0
id_group8/hc_o + pc_id_o_tag,0,532,0.0,0.0
lsu_group5/hc_o + rf_reg[27],0,532,0.0,0.0
id_group6/hc_o + rf_reg[28],0,532,0.0,0.0
id_group7/hc_o + rf_reg[28],0,532,0.0,0.0
id_group8/hc_o + rf_reg[28],0,532,0.0,0.0
csr_group0/hc_o + rf_reg[28],0,532,0.0,0.0
csr_group1/hc_o + rf_reg[28],0,532,0.0,0.0
csr_group2/hc_o + rf_reg[28],0,532,0.0,0.0
csr_group3/hc_o + rf_reg[28],0,532,0.0,0.0
csr_group4/hc_o + rf_reg[28],0,532,0.0,0.0
csr_group5/hc_o + rf_reg[28],0,532,0.0,0.0
csr_group6/hc_o + rf_reg[28],0,532,0.0,0.0
csr_group7/hc_o + rf_reg[28],0,532,0.0,0.0
csr_group8/hc_o + rf_reg[28],0,532,0.0,0.0
csr_group9/hc_o + rf_reg[28],0,532,0.0,0.0
csr_group10/hc_o + rf_reg[28],0,532,0.0,0.0
csr_group11/hc_o + rf_reg[28],0,532,0.0,0.0
csr_group13/hc_o + rf_reg[28],0,532,0.0,0.0
csr_group16/hc_o + rf_reg[28],0,532,0.0,0.0
csr_group17/hc_o + rf_reg[28],0,532,0.0,0.0
lsu_group1/hc_o + rf_reg[28],0,532,0.0,0.0
lsu_group2/hc_o + rf_reg[28],0,532,0.0,0.0
lsu_group3/hc_o + rf_reg[28],0,532,0.0,0.0
lsu_group4/hc_o + rf_reg[28],0,532,0.0,0.0
lsu_group5/hc_o + rf_reg[28],0,532,0.0,0.0
id_group6/hc_o + rf_reg[29],0,532,0.0,0.0
id_group7/hc_o + rf_reg[29],0,532,0.0,0.0
id_group8/hc_o + rf_reg[29],0,532,0.0,0.0
csr_group0/hc_o + rf_reg[29],0,532,0.0,0.0
csr_group1/hc_o + rf_reg[29],0,532,0.0,0.0
csr_group2/hc_o + rf_reg[29],0,532,0.0,0.0
csr_group3/hc_o + rf_reg[29],0,532,0.0,0.0
csr_group4/hc_o + rf_reg[29],0,532,0.0,0.0
csr_group5/hc_o + rf_reg[29],0,532,0.0,0.0
csr_group6/hc_o + rf_reg[29],0,532,0.0,0.0
csr_group7/hc_o + rf_reg[29],0,532,0.0,0.0
csr_group8/hc_o + rf_reg[29],0,532,0.0,0.0
csr_group9/hc_o + rf_reg[29],0,532,0.0,0.0
csr_group10/hc_o + rf_reg[29],0,532,0.0,0.0
csr_group11/hc_o + rf_reg[29],0,532,0.0,0.0
csr_group13/hc_o + rf_reg[29],0,532,0.0,0.0
csr_group16/hc_o + rf_reg[29],0,532,0.0,0.0
csr_group17/hc_o + rf_reg[29],0,532,0.0,0.0
lsu_group1/hc_o + rf_reg[29],0,532,0.0,0.0
lsu_group2/hc_o + rf_reg[29],0,532,0.0,0.0
lsu_group3/hc_o + rf_reg[29],0,532,0.0,0.0
lsu_group4/hc_o + rf_reg[29],0,532,0.0,0.0
lsu_group5/hc_o + rf_reg[29],0,532,0.0,0.0
id_group6/hc_o + rf_reg[30],0,532,0.0,0.0
id_group7/hc_o + rf_reg[30],0,532,0.0,0.0
id_group8/hc_o + rf_reg[30],0,532,0.0,0.0
csr_group0/hc_o + rf_reg[30],0,532,0.0,0.0
csr_group1/hc_o + rf_reg[30],0,532,0.0,0.0
csr_group2/hc_o + rf_reg[30],0,532,0.0,0.0
csr_group3/hc_o + rf_reg[30],0,532,0.0,0.0
csr_group4/hc_o + rf_reg[30],0,532,0.0,0.0
csr_group5/hc_o + rf_reg[30],0,532,0.0,0.0
csr_group6/hc_o + rf_reg[30],0,532,0.0,0.0
csr_group7/hc_o + rf_reg[30],0,532,0.0,0.0
csr_group8/hc_o + rf_reg[30],0,532,0.0,0.0
csr_group9/hc_o + rf_reg[30],0,532,0.0,0.0
csr_group10/hc_o + rf_reg[30],0,532,0.0,0.0
csr_group11/hc_o + rf_reg[30],0,532,0.0,0.0
csr_group13/hc_o + rf_reg[30],0,532,0.0,0.0
csr_group16/hc_o + rf_reg[30],0,532,0.0,0.0
csr_group17/hc_o + rf_reg[30],0,532,0.0,0.0
lsu_group1/hc_o + rf_reg[30],0,532,0.0,0.0
lsu_group2/hc_o + rf_reg[30],0,532,0.0,0.0
lsu_group3/hc_o + rf_reg[30],0,532,0.0,0.0
lsu_group4/hc_o + rf_reg[30],0,532,0.0,0.0
lsu_group5/hc_o + rf_reg[30],0,532,0.0,0.0
id_group6/hc_o + rf_reg[31],0,532,0.0,0.0
id_group7/hc_o + rf_reg[31],0,532,0.0,0.0
id_group8/hc_o + rf_reg[31],0,532,0.0,0.0
csr_group0/hc_o + rf_reg[31],0,532,0.0,0.0
csr_group1/hc_o + rf_reg[31],0,532,0.0,0.0
csr_group2/hc_o + rf_reg[31],0,532,0.0,0.0
csr_group3/hc_o + rf_reg[31],0,532,0.0,0.0
csr_group4/hc_o + rf_reg[31],0,532,0.0,0.0
csr_group5/hc_o + rf_reg[31],0,532,0.0,0.0
csr_group6/hc_o + rf_reg[31],0,532,0.0,0.0
csr_group7/hc_o + rf_reg[31],0,532,0.0,0.0
csr_group8/hc_o + rf_reg[31],0,532,0.0,0.0
csr_group9/hc_o + rf_reg[31],0,532,0.0,0.0
csr_group10/hc_o + rf_reg[31],0,532,0.0,0.0
csr_group11/hc_o + rf_reg[31],0,532,0.0,0.0
csr_group13/hc_o + rf_reg[31],0,532,0.0,0.0
csr_group16/hc_o + rf_reg[31],0,532,0.0,0.0
csr_group17/hc_o + rf_reg[31],0,532,0.0,0.0
lsu_group1/hc_o + rf_reg[31],0,532,0.0,0.0
lsu_group2/hc_o + rf_reg[31],0,532,0.0,0.0
lsu_group3/hc_o + rf_reg[31],0,532,0.0,0.0
lsu_group4/hc_o + rf_reg[31],0,532,0.0,0.0
lsu_group5/hc_o + rf_reg[31],0,532,0.0,0.0
id_group6/hc_o + rs1_o_tag,0,532,0.0,0.0
id_group7/hc_o + rs1_o_tag,0,532,0.0,0.0
id_group8/hc_o + rs1_o_tag,0,532,0.0,0.0
csr_group0/hc_o + rs1_o_tag,0,532,0.0,0.0
csr_group1/hc_o + rs1_o_tag,0,532,0.0,0.0
csr_group2/hc_o + rs1_o_tag,0,532,0.0,0.0
csr_group3/hc_o + rs1_o_tag,0,532,0.0,0.0
csr_group4/hc_o + rs1_o_tag,0,532,0.0,0.0
csr_group5/hc_o + rs1_o_tag,0,532,0.0,0.0
csr_group6/hc_o + rs1_o_tag,0,532,0.0,0.0
csr_group7/hc_o + rs1_o_tag,0,532,0.0,0.0
csr_group8/hc_o + rs1_o_tag,0,532,0.0,0.0
csr_group9/hc_o + rs1_o_tag,0,532,0.0,0.0
csr_group10/hc_o + rs1_o_tag,0,532,0.0,0.0
csr_group11/hc_o + rs1_o_tag,0,532,0.0,0.0
csr_group13/hc_o + rs1_o_tag,0,532,0.0,0.0
csr_group16/hc_o + rs1_o_tag,0,532,0.0,0.0
csr_group17/hc_o + rs1_o_tag,0,532,0.0,0.0
lsu_group1/hc_o + rs1_o_tag,0,532,0.0,0.0
lsu_group2/hc_o + rs1_o_tag,0,532,0.0,0.0
lsu_group3/hc_o + rs1_o_tag,0,532,0.0,0.0
lsu_group4/hc_o + rs1_o_tag,0,532,0.0,0.0
lsu_group5/hc_o + rs1_o_tag,0,532,0.0,0.0
data_we_q_tag + id_group6/hc_o,0,532,0.0,0.0
data_we_q_tag + id_group7/hc_o,0,532,0.0,0.0
data_we_q_tag + id_group8/hc_o,0,532,0.0,0.0
csr_group0/hc_o + data_we_q_tag,0,532,0.0,0.0
csr_group1/hc_o + data_we_q_tag,0,532,0.0,0.0
csr_group2/hc_o + data_we_q_tag,0,532,0.0,0.0
csr_group3/hc_o + data_we_q_tag,0,532,0.0,0.0
csr_group4/hc_o + data_we_q_tag,0,532,0.0,0.0
csr_group5/hc_o + data_we_q_tag,0,532,0.0,0.0
csr_group6/hc_o + data_we_q_tag,0,532,0.0,0.0
csr_group7/hc_o + data_we_q_tag,0,532,0.0,0.0
csr_group8/hc_o + data_we_q_tag,0,532,0.0,0.0
csr_group9/hc_o + data_we_q_tag,0,532,0.0,0.0
csr_group10/hc_o + data_we_q_tag,0,532,0.0,0.0
csr_group11/hc_o + data_we_q_tag,0,532,0.0,0.0
csr_group13/hc_o + data_we_q_tag,0,532,0.0,0.0
csr_group16/hc_o + data_we_q_tag,0,532,0.0,0.0
csr_group17/hc_o + data_we_q_tag,0,532,0.0,0.0
data_we_q_tag + lsu_group1/hc_o,0,532,0.0,0.0
data_we_q_tag + lsu_group2/hc_o,0,532,0.0,0.0
data_we_q_tag + lsu_group3/hc_o,0,532,0.0,0.0
data_we_q_tag + lsu_group4/hc_o,0,532,0.0,0.0
data_we_q_tag + lsu_group5/hc_o,0,532,0.0,0.0
check_d_o_tag + id_group6/hc_o,0,532,0.0,0.0
check_d_o_tag + id_group7/hc_o,0,532,0.0,0.0
check_d_o_tag + id_group8/hc_o,0,532,0.0,0.0
check_d_o_tag + csr_group0/hc_o,0,532,0.0,0.0
check_d_o_tag + csr_group1/hc_o,0,532,0.0,0.0
check_d_o_tag + csr_group2/hc_o,0,532,0.0,0.0
check_d_o_tag + csr_group3/hc_o,0,532,0.0,0.0
check_d_o_tag + csr_group4/hc_o,0,532,0.0,0.0
check_d_o_tag + csr_group5/hc_o,0,532,0.0,0.0
check_d_o_tag + csr_group6/hc_o,0,532,0.0,0.0
check_d_o_tag + csr_group7/hc_o,0,532,0.0,0.0
check_d_o_tag + csr_group8/hc_o,0,532,0.0,0.0
csr_group0/hc_o + pc_id_o_tag,0,532,0.0,0.0
csr_group1/hc_o + pc_id_o_tag,0,532,0.0,0.0
csr_group2/hc_o + pc_id_o_tag,0,532,0.0,0.0
csr_group3/hc_o + pc_id_o_tag,0,532,0.0,0.0
csr_group4/hc_o + pc_id_o_tag,0,532,0.0,0.0
csr_group5/hc_o + pc_id_o_tag,0,532,0.0,0.0
csr_group6/hc_o + pc_id_o_tag,0,532,0.0,0.0
csr_group7/hc_o + pc_id_o_tag,0,532,0.0,0.0
csr_group8/hc_o + pc_id_o_tag,0,532,0.0,0.0
csr_group9/hc_o + pc_id_o_tag,0,532,0.0,0.0
csr_group10/hc_o + pc_id_o_tag,0,532,0.0,0.0
csr_group11/hc_o + pc_id_o_tag,0,532,0.0,0.0
check_d_o_tag + csr_group9/hc_o,0,532,0.0,0.0
check_d_o_tag + csr_group10/hc_o,0,532,0.0,0.0
check_d_o_tag + csr_group11/hc_o,0,532,0.0,0.0
check_d_o_tag + csr_group13/hc_o,0,532,0.0,0.0
check_d_o_tag + csr_group16/hc_o,0,532,0.0,0.0
check_d_o_tag + csr_group17/hc_o,0,532,0.0,0.0
check_d_o_tag + lsu_group1/hc_o,0,532,0.0,0.0
check_d_o_tag + lsu_group2/hc_o,0,532,0.0,0.0
check_d_o_tag + lsu_group3/hc_o,0,532,0.0,0.0
check_d_o_tag + lsu_group4/hc_o,0,532,0.0,0.0
check_d_o_tag + lsu_group5/hc_o,0,532,0.0,0.0
check_s1_o_tag + id_group6/hc_o,0,532,0.0,0.0
check_s1_o_tag + id_group7/hc_o,0,532,0.0,0.0
check_s1_o_tag + id_group8/hc_o,0,532,0.0,0.0
check_s1_o_tag + csr_group0/hc_o,0,532,0.0,0.0
check_s1_o_tag + csr_group1/hc_o,0,532,0.0,0.0
check_s1_o_tag + csr_group2/hc_o,0,532,0.0,0.0
check_s1_o_tag + csr_group3/hc_o,0,532,0.0,0.0
check_s1_o_tag + csr_group4/hc_o,0,532,0.0,0.0
check_s1_o_tag + csr_group5/hc_o,0,532,0.0,0.0
check_s1_o_tag + csr_group6/hc_o,0,532,0.0,0.0
check_s1_o_tag + csr_group7/hc_o,0,532,0.0,0.0
check_s1_o_tag + csr_group8/hc_o,0,532,0.0,0.0
check_s1_o_tag + csr_group9/hc_o,0,532,0.0,0.0
check_s1_o_tag + csr_group10/hc_o,0,532,0.0,0.0
check_s1_o_tag + csr_group11/hc_o,0,532,0.0,0.0
check_s1_o_tag + csr_group13/hc_o,0,532,0.0,0.0
check_s1_o_tag + csr_group16/hc_o,0,532,0.0,0.0
check_s1_o_tag + csr_group17/hc_o,0,532,0.0,0.0
check_s1_o_tag + lsu_group1/hc_o,0,532,0.0,0.0
check_s1_o_tag + lsu_group2/hc_o,0,532,0.0,0.0
check_s1_o_tag + lsu_group3/hc_o,0,532,0.0,0.0
check_s1_o_tag + lsu_group4/hc_o,0,532,0.0,0.0
check_s1_o_tag + lsu_group5/hc_o,0,532,0.0,0.0
check_s2_o_tag + id_group6/hc_o,0,532,0.0,0.0
check_s2_o_tag + id_group7/hc_o,0,532,0.0,0.0
check_s2_o_tag + id_group8/hc_o,0,532,0.0,0.0
check_s2_o_tag + csr_group0/hc_o,0,532,0.0,0.0
check_s2_o_tag + csr_group1/hc_o,0,532,0.0,0.0
check_s2_o_tag + csr_group2/hc_o,0,532,0.0,0.0
check_s2_o_tag + csr_group3/hc_o,0,532,0.0,0.0
check_s2_o_tag + csr_group4/hc_o,0,532,0.0,0.0
check_s2_o_tag + csr_group5/hc_o,0,532,0.0,0.0
check_s2_o_tag + csr_group6/hc_o,0,532,0.0,0.0
check_s2_o_tag + csr_group7/hc_o,0,532,0.0,0.0
check_s2_o_tag + csr_group8/hc_o,0,532,0.0,0.0
check_s2_o_tag + csr_group9/hc_o,0,532,0.0,0.0
check_s2_o_tag + csr_group10/hc_o,0,532,0.0,0.0
check_s2_o_tag + csr_group11/hc_o,0,532,0.0,0.0
check_s2_o_tag + csr_group13/hc_o,0,532,0.0,0.0
check_s2_o_tag + csr_group16/hc_o,0,532,0.0,0.0
check_s2_o_tag + csr_group17/hc_o,0,532,0.0,0.0
check_s2_o_tag + lsu_group1/hc_o,0,532,0.0,0.0
check_s2_o_tag + lsu_group2/hc_o,0,532,0.0,0.0
check_s2_o_tag + lsu_group3/hc_o,0,532,0.0,0.0
check_s2_o_tag + lsu_group4/hc_o,0,532,0.0,0.0
check_s2_o_tag + lsu_group5/hc_o,0,532,0.0,0.0
id_group6/hc_o + is_store_post_o_tag,0,532,0.0,0.0
id_group7/hc_o + is_store_post_o_tag,0,532,0.0,0.0
id_group8/hc_o + is_store_post_o_tag,0,532,0.0,0.0
csr_group13/hc_o + pc_id_o_tag,0,532,0.0,0.0
csr_group16/hc_o + pc_id_o_tag,0,532,0.0,0.0
csr_group17/hc_o + pc_id_o_tag,0,532,0.0,0.0
lsu_group1/hc_o + pc_id_o_tag,0,532,0.0,0.0
lsu_group2/hc_o + pc_id_o_tag,0,532,0.0,0.0
lsu_group3/hc_o + pc_id_o_tag,0,532,0.0,0.0
lsu_group4/hc_o + pc_id_o_tag,0,532,0.0,0.0
lsu_group5/hc_o + pc_id_o_tag,0,532,0.0,0.0
csr_group0/hc_o + is_store_post_o_tag,0,532,0.0,0.0
csr_group1/hc_o + is_store_post_o_tag,0,532,0.0,0.0
csr_group2/hc_o + is_store_post_o_tag,0,532,0.0,0.0
csr_group3/hc_o + is_store_post_o_tag,0,532,0.0,0.0
csr_group4/hc_o + is_store_post_o_tag,0,532,0.0,0.0
csr_group5/hc_o + is_store_post_o_tag,0,532,0.0,0.0
csr_group6/hc_o + is_store_post_o_tag,0,532,0.0,0.0
csr_group7/hc_o + is_store_post_o_tag,0,532,0.0,0.0
csr_group8/hc_o + is_store_post_o_tag,0,532,0.0,0.0
csr_group9/hc_o + is_store_post_o_tag,0,532,0.0,0.0
csr_group10/hc_o + is_store_post_o_tag,0,532,0.0,0.0
csr_group11/hc_o + is_store_post_o_tag,0,532,0.0,0.0
csr_group13/hc_o + is_store_post_o_tag,0,532,0.0,0.0
csr_group16/hc_o + is_store_post_o_tag,0,532,0.0,0.0
csr_group17/hc_o + is_store_post_o_tag,0,532,0.0,0.0
is_store_post_o_tag + lsu_group1/hc_o,0,532,0.0,0.0
is_store_post_o_tag + lsu_group2/hc_o,0,532,0.0,0.0
is_store_post_o_tag + lsu_group3/hc_o,0,532,0.0,0.0
is_store_post_o_tag + lsu_group4/hc_o,0,532,0.0,0.0
is_store_post_o_tag + lsu_group5/hc_o,0,532,0.0,0.0
id_group6/hc_o + memory_set_o_tag,0,532,0.0,0.0
id_group7/hc_o + memory_set_o_tag,0,532,0.0,0.0
id_group8/hc_o + memory_set_o_tag,0,532,0.0,0.0
csr_group0/hc_o + memory_set_o_tag,0,532,0.0,0.0
csr_group1/hc_o + memory_set_o_tag,0,532,0.0,0.0
csr_group2/hc_o + memory_set_o_tag,0,532,0.0,0.0
csr_group3/hc_o + memory_set_o_tag,0,532,0.0,0.0
csr_group4/hc_o + memory_set_o_tag,0,532,0.0,0.0
csr_group5/hc_o + memory_set_o_tag,0,532,0.0,0.0
csr_group6/hc_o + memory_set_o_tag,0,532,0.0,0.0
csr_group7/hc_o + memory_set_o_tag,0,532,0.0,0.0
csr_group8/hc_o + memory_set_o_tag,0,532,0.0,0.0
csr_group9/hc_o + memory_set_o_tag,0,532,0.0,0.0
csr_group10/hc_o + memory_set_o_tag,0,532,0.0,0.0
csr_group11/hc_o + memory_set_o_tag,0,532,0.0,0.0
csr_group13/hc_o + memory_set_o_tag,0,532,0.0,0.0
csr_group16/hc_o + memory_set_o_tag,0,532,0.0,0.0
csr_group17/hc_o + memory_set_o_tag,0,532,0.0,0.0
lsu_group1/hc_o + memory_set_o_tag,0,532,0.0,0.0
lsu_group2/hc_o + memory_set_o_tag,0,532,0.0,0.0
lsu_group3/hc_o + memory_set_o_tag,0,532,0.0,0.0
lsu_group4/hc_o + memory_set_o_tag,0,532,0.0,0.0
lsu_group5/hc_o + memory_set_o_tag,0,532,0.0,0.0
id_group6/hc_o + pc_if_o_tag,0,532,0.0,0.0
id_group7/hc_o + pc_if_o_tag,0,532,0.0,0.0
id_group8/hc_o + pc_if_o_tag,0,532,0.0,0.0
csr_group0/hc_o + pc_if_o_tag,0,532,0.0,0.0
csr_group1/hc_o + pc_if_o_tag,0,532,0.0,0.0
csr_group2/hc_o + pc_if_o_tag,0,532,0.0,0.0
csr_group3/hc_o + pc_if_o_tag,0,532,0.0,0.0
csr_group4/hc_o + pc_if_o_tag,0,532,0.0,0.0
csr_group5/hc_o + pc_if_o_tag,0,532,0.0,0.0
csr_group6/hc_o + pc_if_o_tag,0,532,0.0,0.0
csr_group7/hc_o + pc_if_o_tag,0,532,0.0,0.0
csr_group8/hc_o + pc_if_o_tag,0,532,0.0,0.0
csr_group9/hc_o + pc_if_o_tag,0,532,0.0,0.0
csr_group10/hc_o + pc_if_o_tag,0,532,0.0,0.0
csr_group11/hc_o + pc_if_o_tag,0,532,0.0,0.0
csr_group13/hc_o + pc_if_o_tag,0,532,0.0,0.0
csr_group16/hc_o + pc_if_o_tag,0,532,0.0,0.0
csr_group17/hc_o + pc_if_o_tag,0,532,0.0,0.0
lsu_group1/hc_o + pc_if_o_tag,0,532,0.0,0.0
lsu_group2/hc_o + pc_if_o_tag,0,532,0.0,0.0
lsu_group3/hc_o + pc_if_o_tag,0,532,0.0,0.0
lsu_group4/hc_o + pc_if_o_tag,0,532,0.0,0.0
lsu_group5/hc_o + pc_if_o_tag,0,532,0.0,0.0
if_stage/hc_o + sd_o_rf_tag,0,532,0.0,0.0
alu_operator_o_mode/hc_o + pc_if_o_tag/sd_o,0,532,0.0,0.0
pc_if_o_tag/sd_o + rdata_offset_q_tag/hc_o,0,532,0.0,0.0
data_type_q_tag/hc_o + pc_if_o_tag/sd_o,0,532,0.0,0.0
pc_if_o_tag/sd_o + rdata_q_tag/hc_o,0,532,0.0,0.0
alu_operator_o_mode/hc_o + pc_id_o_tag/sd_o,0,532,0.0,0.0
pc_id_o_tag/sd_o + rdata_offset_q_tag/hc_o,0,532,0.0,0.0
data_type_q_tag/hc_o + pc_id_o_tag/sd_o,0,532,0.0,0.0
pc_id_o_tag/sd_o + rdata_q_tag/hc_o,0,532,0.0,0.0
alu_operator_o_mode/hc_o + sd_o_5,0,532,0.0,0.0
rdata_offset_q_tag/hc_o + sd_o_5,0,532,0.0,0.0
data_type_q_tag/hc_o + sd_o_5,0,532,0.0,0.0
rdata_q_tag/hc_o + sd_o_5,0,532,0.0,0.0
alu_operator_o_mode/hc_o + store_dest_addr_ex_o_tag/sd_o,0,532,0.0,0.0
alu_operator_o_mode/hc_o + store_source_ex_o_tag/sd_o,0,532,0.0,0.0
alu_operator_o_mode/hc_o + use_store_ops_ex_o/sd_o,0,532,0.0,0.0
alu_operand_a_ex_o_tag/sd_o + alu_operator_o_mode/hc_o,0,532,0.0,0.0
alu_operand_b_ex_o_tag/sd_o + alu_operator_o_mode/hc_o,0,532,0.0,0.0
alu_operand_c_ex_o_tag/sd_o + alu_operator_o_mode/hc_o,0,532,0.0,0.0
alu_operator_o_mode/hc_o + check_s1_o_tag/sd_o,0,532,0.0,0.0
alu_operator_o_mode/hc_o + check_s2_o_tag/sd_o,0,532,0.0,0.0
alu_operator_o_mode/hc_o + check_d_o_tag/sd_o,0,532,0.0,0.0
alu_operator_o_mode/hc_o + register_set_o_tag/sd_o,0,532,0.0,0.0
alu_operator_o_mode/hc_o + is_store_post_o_tag/sd_o,0,532,0.0,0.0
alu_operator_o_mode/hc_o + memory_set_o_tag/sd_o,0,532,0.0,0.0
alu_operator_o_mode/hc_o + sd_o_rf_tag,0,532,0.0,0.0
alu_operator_o_mode/hc_o + rs1_o_tag/sd_o,0,532,0.0,0.0
alu_operator_o_mode/hc_o + data_we_q_tag/sd_o,0,532,0.0,0.0
alu_operator_o_mode/hc_o + rdata_offset_q_tag/sd_o,0,532,0.0,0.0
alu_operator_o_mode/hc_o + data_type_q_tag/sd_o,0,532,0.0,0.0
alu_operator_o_mode/hc_o + rdata_q_tag/sd_o,0,532,0.0,0.0
alu_operator_o_mode/sd_o + rdata_offset_q_tag/hc_o,0,532,0.0,0.0
alu_operator_o_mode/sd_o + data_type_q_tag/hc_o,0,532,0.0,0.0
alu_operator_o_mode/sd_o + rdata_q_tag/hc_o,0,532,0.0,0.0
rdata_offset_q_tag/hc_o + store_dest_addr_ex_o_tag/sd_o,0,532,0.0,0.0
data_type_q_tag/hc_o + store_dest_addr_ex_o_tag/sd_o,0,532,0.0,0.0
rdata_q_tag/hc_o + store_dest_addr_ex_o_tag/sd_o,0,532,0.0,0.0
rdata_offset_q_tag/hc_o + store_source_ex_o_tag/sd_o,0,532,0.0,0.0
data_type_q_tag/hc_o + store_source_ex_o_tag/sd_o,0,532,0.0,0.0
rdata_q_tag/hc_o + store_source_ex_o_tag/sd_o,0,532,0.0,0.0
rdata_offset_q_tag/hc_o + use_store_ops_ex_o/sd_o,0,532,0.0,0.0
data_type_q_tag/hc_o + use_store_ops_ex_o/sd_o,0,532,0.0,0.0
rdata_q_tag/hc_o + use_store_ops_ex_o/sd_o,0,532,0.0,0.0
alu_operand_a_ex_o_tag/sd_o + rdata_offset_q_tag/hc_o,0,532,0.0,0.0
alu_operand_a_ex_o_tag/sd_o + data_type_q_tag/hc_o,0,532,0.0,0.0
alu_operand_a_ex_o_tag/sd_o + rdata_q_tag/hc_o,0,532,0.0,0.0
alu_operand_b_ex_o_tag/sd_o + rdata_offset_q_tag/hc_o,0,532,0.0,0.0
alu_operand_b_ex_o_tag/sd_o + data_type_q_tag/hc_o,0,532,0.0,0.0
alu_operand_b_ex_o_tag/sd_o + rdata_q_tag/hc_o,0,532,0.0,0.0
alu_operand_c_ex_o_tag/sd_o + rdata_offset_q_tag/hc_o,0,532,0.0,0.0
alu_operand_c_ex_o_tag/sd_o + data_type_q_tag/hc_o,0,532,0.0,0.0
alu_operand_c_ex_o_tag/sd_o + rdata_q_tag/hc_o,0,532,0.0,0.0
check_s1_o_tag/sd_o + rdata_offset_q_tag/hc_o,0,532,0.0,0.0
check_s1_o_tag/sd_o + data_type_q_tag/hc_o,0,532,0.0,0.0
check_s1_o_tag/sd_o + rdata_q_tag/hc_o,0,532,0.0,0.0
check_s2_o_tag/sd_o + rdata_offset_q_tag/hc_o,0,532,0.0,0.0
check_s2_o_tag/sd_o + data_type_q_tag/hc_o,0,532,0.0,0.0
check_s2_o_tag/sd_o + rdata_q_tag/hc_o,0,532,0.0,0.0
check_d_o_tag/sd_o + rdata_offset_q_tag/hc_o,0,532,0.0,0.0
check_d_o_tag/sd_o + data_type_q_tag/hc_o,0,532,0.0,0.0
check_d_o_tag/sd_o + rdata_q_tag/hc_o,0,532,0.0,0.0
rdata_offset_q_tag/hc_o + register_set_o_tag/sd_o,0,532,0.0,0.0
data_type_q_tag/hc_o + register_set_o_tag/sd_o,0,532,0.0,0.0
rdata_q_tag/hc_o + register_set_o_tag/sd_o,0,532,0.0,0.0
is_store_post_o_tag/sd_o + rdata_offset_q_tag/hc_o,0,532,0.0,0.0
data_type_q_tag/hc_o + is_store_post_o_tag/sd_o,0,532,0.0,0.0
is_store_post_o_tag/sd_o + rdata_q_tag/hc_o,0,532,0.0,0.0
memory_set_o_tag/sd_o + rdata_offset_q_tag/hc_o,0,532,0.0,0.0
data_type_q_tag/hc_o + memory_set_o_tag/sd_o,0,532,0.0,0.0
memory_set_o_tag/sd_o + rdata_q_tag/hc_o,0,532,0.0,0.0
rdata_offset_q_tag/hc_o + sd_o_rf_tag,0,532,0.0,0.0
data_type_q_tag/hc_o + sd_o_rf_tag,0,532,0.0,0.0
rdata_q_tag/hc_o + sd_o_rf_tag,0,532,0.0,0.0
rdata_offset_q_tag/hc_o + rs1_o_tag/sd_o,0,532,0.0,0.0
data_type_q_tag/hc_o + rs1_o_tag/sd_o,0,532,0.0,0.0
rdata_q_tag/hc_o + rs1_o_tag/sd_o,0,532,0.0,0.0
data_we_q_tag/sd_o + rdata_offset_q_tag/hc_o,0,532,0.0,0.0
data_type_q_tag/hc_o + data_we_q_tag/sd_o,0,532,0.0,0.0
data_we_q_tag/sd_o + rdata_q_tag/hc_o,0,532,0.0,0.0
rdata_offset_q_tag/hc_o + rdata_offset_q_tag/sd_o,0,532,0.0,0.0
data_type_q_tag/sd_o + rdata_offset_q_tag/hc_o,0,532,0.0,0.0
rdata_offset_q_tag/hc_o + rdata_q_tag/sd_o,0,532,0.0,0.0
data_type_q_tag/hc_o + rdata_offset_q_tag/sd_o,0,532,0.0,0.0
rdata_offset_q_tag/sd_o + rdata_q_tag/hc_o,0,532,0.0,0.0
data_type_q_tag/hc_o + data_type_q_tag/sd_o,0,532,0.0,0.0
data_type_q_tag/hc_o + rdata_q_tag/sd_o,0,532,0.0,0.0
data_type_q_tag/sd_o + rdata_q_tag/hc_o,0,532,0.0,0.0
rdata_q_tag/hc_o + rdata_q_tag/sd_o,0,532,0.0,0.0
alu_operand_c_ex_o_tag + lsu_reg/hc_o,0,504,0.0,0.0
data_we_q_tag + lsu_reg/hc_o,0,504,0.0,0.0
check_d_o_tag + lsu_reg/hc_o,0,504,0.0,0.0
check_s1_o_tag + lsu_reg/hc_o,0,504,0.0,0.0
check_s2_o_tag + lsu_reg/hc_o,0,504,0.0,0.0
lsu_reg/hc_o + pc_id_o_tag,0,504,0.0,0.0
is_store_post_o_tag + lsu_reg/hc_o,0,504,0.0,0.0
lsu_reg/hc_o + memory_set_o_tag,0,504,0.0,0.0
lsu_reg/hc_o + pc_if_o_tag,0,504,0.0,0.0
lsu_reg/hc_o + register_set_o_tag,0,504,0.0,0.0
lsu_reg/hc_o + store_dest_addr_ex_o_tag,0,504,0.0,0.0
lsu_reg/hc_o + store_source_ex_o_tag,0,504,0.0,0.0
lsu_reg/hc_o + use_store_ops_ex_o,0,504,0.0,0.0
lsu_reg/hc_o + rf_reg[0],0,504,0.0,0.0
lsu_reg/hc_o + rf_reg[1],0,504,0.0,0.0
lsu_reg/hc_o + rf_reg[2],0,504,0.0,0.0
alu_operand_a_ex_o_tag + lsu_reg/hc_o,0,504,0.0,0.0
lsu_reg/hc_o + rf_reg[3],0,504,0.0,0.0
lsu_reg/hc_o + rf_reg[4],0,504,0.0,0.0
lsu_reg/hc_o + rf_reg[5],0,504,0.0,0.0
lsu_reg/hc_o + rf_reg[6],0,504,0.0,0.0
lsu_reg/hc_o + rf_reg[7],0,504,0.0,0.0
lsu_reg/hc_o + rf_reg[8],0,504,0.0,0.0
lsu_reg/hc_o + rf_reg[9],0,504,0.0,0.0
lsu_reg/hc_o + rf_reg[10],0,504,0.0,0.0
lsu_reg/hc_o + rf_reg[11],0,504,0.0,0.0
lsu_reg/hc_o + rf_reg[12],0,504,0.0,0.0
lsu_reg/hc_o + rf_reg[13],0,504,0.0,0.0
lsu_reg/hc_o + rf_reg[14],0,504,0.0,0.0
lsu_reg/hc_o + rf_reg[15],0,504,0.0,0.0
lsu_reg/hc_o + rf_reg[16],0,504,0.0,0.0
alu_operand_b_ex_o_tag + lsu_reg/hc_o,0,504,0.0,0.0
lsu_reg/hc_o + rf_reg[17],0,504,0.0,0.0
lsu_reg/hc_o + rf_reg[18],0,504,0.0,0.0
lsu_reg/hc_o + rf_reg[19],0,504,0.0,0.0
lsu_reg/hc_o + rf_reg[20],0,504,0.0,0.0
lsu_reg/hc_o + rf_reg[21],0,504,0.0,0.0
lsu_reg/hc_o + rf_reg[22],0,504,0.0,0.0
lsu_reg/hc_o + rf_reg[23],0,504,0.0,0.0
lsu_reg/hc_o + rf_reg[24],0,504,0.0,0.0
lsu_reg/hc_o + rf_reg[25],0,504,0.0,0.0
lsu_reg/hc_o + rf_reg[26],0,504,0.0,0.0
lsu_reg/hc_o + rf_reg[27],0,504,0.0,0.0
lsu_reg/hc_o + rf_reg[28],0,504,0.0,0.0
lsu_reg/hc_o + rf_reg[29],0,504,0.0,0.0
lsu_reg/hc_o + rf_reg[30],0,504,0.0,0.0
lsu_reg/hc_o + rf_reg[31],0,504,0.0,0.0
lsu_reg/hc_o + rs1_o_tag,0,504,0.0,0.0
hc_o_5 + sd_o_26,0,504,0.0,0.0
lsu/hc_o + rf_reg[9],0,504,0.0,0.0
lsu/hc_o + rf_reg[10],0,504,0.0,0.0
lsu/hc_o + rf_reg[11],0,504,0.0,0.0
lsu/hc_o + rf_reg[12],0,504,0.0,0.0
lsu/hc_o + rf_reg[13],0,504,0.0,0.0
alu_operand_b_ex_o_tag + lsu/hc_o,0,504,0.0,0.0
lsu/hc_o + rf_reg[14],0,504,0.0,0.0
lsu/hc_o + rf_reg[15],0,504,0.0,0.0
lsu/hc_o + rf_reg[16],0,504,0.0,0.0
lsu/hc_o + rf_reg[17],0,504,0.0,0.0
lsu/hc_o + rf_reg[18],0,504,0.0,0.0
lsu/hc_o + rf_reg[19],0,504,0.0,0.0
lsu/hc_o + rf_reg[20],0,504,0.0,0.0
lsu/hc_o + rf_reg[21],0,504,0.0,0.0
lsu/hc_o + rf_reg[22],0,504,0.0,0.0
lsu/hc_o + rf_reg[23],0,504,0.0,0.0
lsu/hc_o + rf_reg[24],0,504,0.0,0.0
lsu/hc_o + rf_reg[25],0,504,0.0,0.0
lsu/hc_o + rf_reg[26],0,504,0.0,0.0
lsu/hc_o + rf_reg[27],0,504,0.0,0.0
lsu/hc_o + rf_reg[28],0,504,0.0,0.0
alu_operand_c_ex_o_tag + lsu/hc_o,0,504,0.0,0.0
lsu/hc_o + rf_reg[29],0,504,0.0,0.0
lsu/hc_o + rf_reg[30],0,504,0.0,0.0
lsu/hc_o + rf_reg[31],0,504,0.0,0.0
lsu/hc_o + rs1_o_tag,0,504,0.0,0.0
data_we_q_tag + lsu/hc_o,0,504,0.0,0.0
id_stage/sd_o + rdata_q_tag,0,504,0.0,0.0
ex_stage/sd_o + rdata_q_tag,0,504,0.0,0.0
lsu/sd_o + rdata_q_tag,0,504,0.0,0.0
if_stage/sd_o + lsu/hc_o,0,504,0.0,0.0
id_stage/sd_o + lsu/hc_o,0,504,0.0,0.0
lsu/hc_o + sd_o_rf_tag,0,504,0.0,0.0
check_d_o_tag + lsu/hc_o,0,504,0.0,0.0
ex_stage/sd_o + lsu/hc_o,0,504,0.0,0.0
lsu/hc_o + tpr/sd_o_32,0,504,0.0,0.0
lsu/hc_o + tcr/sd_o_32,0,504,0.0,0.0
lsu/hc_o + lsu/sd_o,0,504,0.0,0.0
check_s1_o_tag + lsu/hc_o,0,504,0.0,0.0
check_s2_o_tag + lsu/hc_o,0,504,0.0,0.0
lsu/hc_o + pc_id_o_tag,0,504,0.0,0.0
is_store_post_o_tag + lsu/hc_o,0,504,0.0,0.0
lsu/hc_o + memory_set_o_tag,0,504,0.0,0.0
lsu/hc_o + pc_if_o_tag,0,504,0.0,0.0
lsu/hc_o + register_set_o_tag,0,504,0.0,0.0
lsu/hc_o + store_dest_addr_ex_o_tag,0,504,0.0,0.0
lsu/hc_o + store_source_ex_o_tag,0,504,0.0,0.0
lsu/hc_o + use_store_ops_ex_o,0,504,0.0,0.0
lsu/hc_o + rf_reg[0],0,504,0.0,0.0
lsu/hc_o + rf_reg[1],0,504,0.0,0.0
lsu/hc_o + rf_reg[2],0,504,0.0,0.0
lsu/hc_o + rf_reg[3],0,504,0.0,0.0
alu_operand_a_ex_o_tag + lsu/hc_o,0,504,0.0,0.0
lsu/hc_o + rf_reg[4],0,504,0.0,0.0
lsu/hc_o + rf_reg[5],0,504,0.0,0.0
lsu/hc_o + rf_reg[6],0,504,0.0,0.0
lsu/hc_o + rf_reg[7],0,504,0.0,0.0
lsu/hc_o + rf_reg[8],0,504,0.0,0.0
rdata_q_tag + tpr_arith/sd_o,0,504,0.0,0.0
rdata_q_tag + tpr_branch/sd_o,0,504,0.0,0.0
rdata_q_tag + tpr_jump/sd_o,0,504,0.0,0.0
rdata_q_tag + tpr_shift/sd_o,0,504,0.0,0.0
rdata_q_tag + tpr_comparison/sd_o,0,504,0.0,0.0
rdata_q_tag + tpr_logical/sd_o,0,504,0.0,0.0
rdata_q_tag + tpr_load_store_mode/sd_o,0,504,0.0,0.0
rdata_q_tag + tpr_load_store_enable/sd_o,0,504,0.0,0.0
rdata_q_tag + tcr_arith/sd_o,0,504,0.0,0.0
rdata_q_tag + tcr_branch/sd_o,0,504,0.0,0.0
rdata_q_tag + tcr_jump/sd_o,0,504,0.0,0.0
rdata_q_tag + tcr_shift/sd_o,0,504,0.0,0.0
rdata_q_tag + tcr_comparison/sd_o,0,504,0.0,0.0
rdata_q_tag + tcr_logical/sd_o,0,504,0.0,0.0
rdata_q_tag + tcr_load_store/sd_o,0,504,0.0,0.0
hc_o_5 + tpr_arith/sd_o,0,504,0.0,0.0
hc_o_5 + tpr_branch/sd_o,0,504,0.0,0.0
hc_o_5 + tpr_jump/sd_o,0,504,0.0,0.0
hc_o_5 + tpr_shift/sd_o,0,504,0.0,0.0
hc_o_5 + tpr_comparison/sd_o,0,504,0.0,0.0
hc_o_5 + tpr_logical/sd_o,0,504,0.0,0.0
hc_o_5 + tpr_load_store_mode/sd_o,0,504,0.0,0.0
hc_o_5 + tpr_load_store_enable/sd_o,0,504,0.0,0.0
hc_o_5 + tcr_arith/sd_o,0,504,0.0,0.0
hc_o_5 + tcr_branch/sd_o,0,504,0.0,0.0
hc_o_5 + tcr_jump/sd_o,0,504,0.0,0.0
hc_o_5 + tcr_shift/sd_o,0,504,0.0,0.0
hc_o_5 + tcr_comparison/sd_o,0,504,0.0,0.0
hc_o_5 + tcr_logical/sd_o,0,504,0.0,0.0
hc_o_5 + tcr_load_store/sd_o,0,504,0.0,0.0
hc_o_5 + tcr_execute/sd_o,0,504,0.0,0.0
id_group0/sd_o + rdata_q_tag,0,504,0.0,0.0
id_group1/sd_o + rdata_q_tag,0,504,0.0,0.0
id_group2/sd_o + rdata_q_tag,0,504,0.0,0.0
id_group3/sd_o + rdata_q_tag,0,504,0.0,0.0
id_group4/sd_o + rdata_q_tag,0,504,0.0,0.0
id_group5/sd_o + rdata_q_tag,0,504,0.0,0.0
id_group6/sd_o + rdata_q_tag,0,504,0.0,0.0
id_group7/sd_o + rdata_q_tag,0,504,0.0,0.0
id_group8/sd_o + rdata_q_tag,0,504,0.0,0.0
id_group9/sd_o + rdata_q_tag,0,504,0.0,0.0
csr_group0/sd_o + rdata_q_tag,0,504,0.0,0.0
csr_group1/sd_o + rdata_q_tag,0,504,0.0,0.0
csr_group2/sd_o + rdata_q_tag,0,504,0.0,0.0
csr_group3/sd_o + rdata_q_tag,0,504,0.0,0.0
csr_group4/sd_o + rdata_q_tag,0,504,0.0,0.0
csr_group5/sd_o + rdata_q_tag,0,504,0.0,0.0
csr_group6/sd_o + rdata_q_tag,0,504,0.0,0.0
csr_group7/sd_o + rdata_q_tag,0,504,0.0,0.0
csr_group8/sd_o + rdata_q_tag,0,504,0.0,0.0
csr_group9/sd_o + rdata_q_tag,0,504,0.0,0.0
csr_group10/sd_o + rdata_q_tag,0,504,0.0,0.0
csr_group11/sd_o + rdata_q_tag,0,504,0.0,0.0
csr_group12/sd_o + rdata_q_tag,0,504,0.0,0.0
csr_group13/sd_o + rdata_q_tag,0,504,0.0,0.0
csr_group14/sd_o + rdata_q_tag,0,504,0.0,0.0
csr_group15/sd_o + rdata_q_tag,0,504,0.0,0.0
csr_group16/sd_o + rdata_q_tag,0,504,0.0,0.0
csr_group17/sd_o + rdata_q_tag,0,504,0.0,0.0
csr_group18/sd_o + rdata_q_tag,0,504,0.0,0.0
csr_group19/sd_o + rdata_q_tag,0,504,0.0,0.0
csr_group20/sd_o + rdata_q_tag,0,504,0.0,0.0
lsu_group1/sd_o + rdata_q_tag,0,504,0.0,0.0
lsu_group2/sd_o + rdata_q_tag,0,504,0.0,0.0
lsu_group3/sd_o + rdata_q_tag,0,504,0.0,0.0
lsu_group4/sd_o + rdata_q_tag,0,504,0.0,0.0
lsu_group5/sd_o + rdata_q_tag,0,504,0.0,0.0
rdata_q_tag + sp_o_5,0,504,0.0,0.0
rdata_q_tag + sp_o_26,0,504,0.0,0.0
rdata_q_tag + sp_o_rf_tag,0,504,0.0,0.0
sd_o_26 + tcr_q,0,448,0.0,0.0
sd_o_26 + tpr_q,0,448,0.0,0.0
id_stage/sd_o + tcr_q,0,448,0.0,0.0
ex_stage/sd_o + tcr_q,0,448,0.0,0.0
lsu/sd_o + tcr_q,0,448,0.0,0.0
id_stage/sd_o + tpr_q,0,448,0.0,0.0
ex_stage/sd_o + tpr_q,0,448,0.0,0.0
lsu/sd_o + tpr_q,0,448,0.0,0.0
tcr_q + tpr_arith/sd_o,0,448,0.0,0.0
tcr_q + tpr_branch/sd_o,0,448,0.0,0.0
tcr_q + tpr_jump/sd_o,0,448,0.0,0.0
tcr_q + tpr_shift/sd_o,0,448,0.0,0.0
tcr_q + tpr_comparison/sd_o,0,448,0.0,0.0
tcr_q + tpr_logical/sd_o,0,448,0.0,0.0
tcr_q + tpr_load_store_mode/sd_o,0,448,0.0,0.0
tcr_q + tpr_load_store_enable/sd_o,0,448,0.0,0.0
tcr_arith/sd_o + tcr_q,0,448,0.0,0.0
tcr_branch/sd_o + tcr_q,0,448,0.0,0.0
tcr_jump/sd_o + tcr_q,0,448,0.0,0.0
tcr_q + tcr_shift/sd_o,0,448,0.0,0.0
tcr_comparison/sd_o + tcr_q,0,448,0.0,0.0
tcr_logical/sd_o + tcr_q,0,448,0.0,0.0
tcr_load_store/sd_o + tcr_q,0,448,0.0,0.0
tpr_arith/sd_o + tpr_q,0,448,0.0,0.0
tpr_branch/sd_o + tpr_q,0,448,0.0,0.0
tpr_jump/sd_o + tpr_q,0,448,0.0,0.0
tpr_q + tpr_shift/sd_o,0,448,0.0,0.0
tpr_comparison/sd_o + tpr_q,0,448,0.0,0.0
tpr_logical/sd_o + tpr_q,0,448,0.0,0.0
tpr_load_store_mode/sd_o + tpr_q,0,448,0.0,0.0
tpr_load_store_enable/sd_o + tpr_q,0,448,0.0,0.0
tcr_arith/sd_o + tpr_q,0,448,0.0,0.0
tcr_branch/sd_o + tpr_q,0,448,0.0,0.0
tcr_jump/sd_o + tpr_q,0,448,0.0,0.0
tcr_shift/sd_o + tpr_q,0,448,0.0,0.0
tcr_comparison/sd_o + tpr_q,0,448,0.0,0.0
tcr_logical/sd_o + tpr_q,0,448,0.0,0.0
tcr_load_store/sd_o + tpr_q,0,448,0.0,0.0
id_group0/sd_o + tcr_q,0,448,0.0,0.0
id_group1/sd_o + tcr_q,0,448,0.0,0.0
id_group2/sd_o + tcr_q,0,448,0.0,0.0
id_group3/sd_o + tcr_q,0,448,0.0,0.0
id_group4/sd_o + tcr_q,0,448,0.0,0.0
id_group5/sd_o + tcr_q,0,448,0.0,0.0
id_group6/sd_o + tcr_q,0,448,0.0,0.0
id_group7/sd_o + tcr_q,0,448,0.0,0.0
id_group8/sd_o + tcr_q,0,448,0.0,0.0
id_group9/sd_o + tcr_q,0,448,0.0,0.0
csr_group0/sd_o + tcr_q,0,448,0.0,0.0
csr_group1/sd_o + tcr_q,0,448,0.0,0.0
csr_group2/sd_o + tcr_q,0,448,0.0,0.0
csr_group3/sd_o + tcr_q,0,448,0.0,0.0
csr_group4/sd_o + tcr_q,0,448,0.0,0.0
csr_group5/sd_o + tcr_q,0,448,0.0,0.0
csr_group6/sd_o + tcr_q,0,448,0.0,0.0
csr_group7/sd_o + tcr_q,0,448,0.0,0.0
csr_group8/sd_o + tcr_q,0,448,0.0,0.0
csr_group9/sd_o + tcr_q,0,448,0.0,0.0
csr_group10/sd_o + tcr_q,0,448,0.0,0.0
csr_group11/sd_o + tcr_q,0,448,0.0,0.0
csr_group12/sd_o + tcr_q,0,448,0.0,0.0
csr_group13/sd_o + tcr_q,0,448,0.0,0.0
csr_group14/sd_o + tcr_q,0,448,0.0,0.0
csr_group15/sd_o + tcr_q,0,448,0.0,0.0
csr_group16/sd_o + tcr_q,0,448,0.0,0.0
csr_group17/sd_o + tcr_q,0,448,0.0,0.0
csr_group18/sd_o + tcr_q,0,448,0.0,0.0
csr_group19/sd_o + tcr_q,0,448,0.0,0.0
csr_group20/sd_o + tcr_q,0,448,0.0,0.0
lsu_group1/sd_o + tcr_q,0,448,0.0,0.0
lsu_group2/sd_o + tcr_q,0,448,0.0,0.0
lsu_group3/sd_o + tcr_q,0,448,0.0,0.0
lsu_group4/sd_o + tcr_q,0,448,0.0,0.0
lsu_group5/sd_o + tcr_q,0,448,0.0,0.0
id_group0/sd_o + tpr_q,0,448,0.0,0.0
id_group1/sd_o + tpr_q,0,448,0.0,0.0
id_group2/sd_o + tpr_q,0,448,0.0,0.0
id_group3/sd_o + tpr_q,0,448,0.0,0.0
id_group4/sd_o + tpr_q,0,448,0.0,0.0
id_group5/sd_o + tpr_q,0,448,0.0,0.0
id_group6/sd_o + tpr_q,0,448,0.0,0.0
id_group7/sd_o + tpr_q,0,448,0.0,0.0
id_group8/sd_o + tpr_q,0,448,0.0,0.0
id_group9/sd_o + tpr_q,0,448,0.0,0.0
csr_group0/sd_o + tpr_q,0,448,0.0,0.0
csr_group1/sd_o + tpr_q,0,448,0.0,0.0
csr_group2/sd_o + tpr_q,0,448,0.0,0.0
csr_group3/sd_o + tpr_q,0,448,0.0,0.0
csr_group4/sd_o + tpr_q,0,448,0.0,0.0
csr_group5/sd_o + tpr_q,0,448,0.0,0.0
csr_group6/sd_o + tpr_q,0,448,0.0,0.0
csr_group7/sd_o + tpr_q,0,448,0.0,0.0
csr_group8/sd_o + tpr_q,0,448,0.0,0.0
csr_group9/sd_o + tpr_q,0,448,0.0,0.0
csr_group10/sd_o + tpr_q,0,448,0.0,0.0
csr_group11/sd_o + tpr_q,0,448,0.0,0.0
csr_group12/sd_o + tpr_q,0,448,0.0,0.0
csr_group13/sd_o + tpr_q,0,448,0.0,0.0
csr_group14/sd_o + tpr_q,0,448,0.0,0.0
csr_group15/sd_o + tpr_q,0,448,0.0,0.0
csr_group16/sd_o + tpr_q,0,448,0.0,0.0
csr_group17/sd_o + tpr_q,0,448,0.0,0.0
csr_group18/sd_o + tpr_q,0,448,0.0,0.0
csr_group19/sd_o + tpr_q,0,448,0.0,0.0
csr_group20/sd_o + tpr_q,0,448,0.0,0.0
lsu_group1/sd_o + tpr_q,0,448,0.0,0.0
lsu_group2/sd_o + tpr_q,0,448,0.0,0.0
lsu_group3/sd_o + tpr_q,0,448,0.0,0.0
lsu_group4/sd_o + tpr_q,0,448,0.0,0.0
lsu_group5/sd_o + tpr_q,0,448,0.0,0.0
sp_o_5 + tcr_q,0,448,0.0,0.0
sp_o_26 + tcr_q,0,448,0.0,0.0
sp_o_rf_tag + tcr_q,0,448,0.0,0.0
sp_o_5 + tpr_q,0,448,0.0,0.0
sp_o_26 + tpr_q,0,448,0.0,0.0
sp_o_rf_tag + tpr_q,0,448,0.0,0.0
data_type_q_tag + sd_o_5,0,420,0.0,0.0
data_type_q_tag + tpr/sd_o_32,0,420,0.0,0.0
data_type_q_tag + tcr/sd_o_32,0,420,0.0,0.0
rdata_offset_q_tag + sd_o_5,0,420,0.0,0.0
rdata_offset_q_tag + tpr/sd_o_32,0,420,0.0,0.0
rdata_offset_q_tag + tcr/sd_o_32,0,420,0.0,0.0
alu_operator_o_mode + sd_o_5,0,420,0.0,0.0
alu_operator_o_mode + tpr/sd_o_32,0,420,0.0,0.0
alu_operator_o_mode + tcr/sd_o_32,0,420,0.0,0.0
alu_operand_b_ex_o_tag + sd_o_rf_tag,0,350,0.0,0.0
rf_reg[12] + sd_o_rf_tag,0,350,0.0,0.0
rf_reg[13] + sd_o_rf_tag,0,350,0.0,0.0
rf_reg[14] + sd_o_rf_tag,0,350,0.0,0.0
rf_reg[15] + sd_o_rf_tag,0,350,0.0,0.0
rf_reg[16] + sd_o_rf_tag,0,350,0.0,0.0
rf_reg[17] + sd_o_rf_tag,0,350,0.0,0.0
rf_reg[18] + sd_o_rf_tag,0,350,0.0,0.0
rf_reg[19] + sd_o_rf_tag,0,350,0.0,0.0
rf_reg[20] + sd_o_rf_tag,0,350,0.0,0.0
rf_reg[21] + sd_o_rf_tag,0,350,0.0,0.0
rf_reg[22] + sd_o_rf_tag,0,350,0.0,0.0
rf_reg[23] + sd_o_rf_tag,0,350,0.0,0.0
rf_reg[24] + sd_o_rf_tag,0,350,0.0,0.0
rf_reg[25] + sd_o_rf_tag,0,350,0.0,0.0
rf_reg[26] + sd_o_rf_tag,0,350,0.0,0.0
rf_reg[27] + sd_o_rf_tag,0,350,0.0,0.0
rf_reg[28] + sd_o_rf_tag,0,350,0.0,0.0
alu_operand_c_ex_o_tag + sd_o_rf_tag,0,350,0.0,0.0
rf_reg[29] + sd_o_rf_tag,0,350,0.0,0.0
rf_reg[30] + sd_o_rf_tag,0,350,0.0,0.0
rf_reg[31] + sd_o_rf_tag,0,350,0.0,0.0
rs1_o_tag + sd_o_rf_tag,0,350,0.0,0.0
data_we_q_tag + sd_o_rf_tag,0,350,0.0,0.0
check_d_o_tag + sd_o_rf_tag,0,350,0.0,0.0
check_s1_o_tag + sd_o_rf_tag,0,350,0.0,0.0
check_s2_o_tag + sd_o_rf_tag,0,350,0.0,0.0
is_store_post_o_tag + sd_o_rf_tag,0,350,0.0,0.0
pc_id_o_tag + sd_o_rf_tag,0,350,0.0,0.0
memory_set_o_tag + sd_o_rf_tag,0,350,0.0,0.0
pc_if_o_tag + sd_o_rf_tag,0,350,0.0,0.0
register_set_o_tag + sd_o_rf_tag,0,350,0.0,0.0
sd_o_rf_tag + store_dest_addr_ex_o_tag,0,350,0.0,0.0
sd_o_rf_tag + store_source_ex_o_tag,0,350,0.0,0.0
sd_o_rf_tag + use_store_ops_ex_o,0,350,0.0,0.0
rf_reg[0] + sd_o_rf_tag,0,350,0.0,0.0
rf_reg[1] + sd_o_rf_tag,0,350,0.0,0.0
alu_operand_a_ex_o_tag + sd_o_rf_tag,0,350,0.0,0.0
rf_reg[2] + sd_o_rf_tag,0,350,0.0,0.0
rf_reg[3] + sd_o_rf_tag,0,350,0.0,0.0
rf_reg[4] + sd_o_rf_tag,0,350,0.0,0.0
rf_reg[5] + sd_o_rf_tag,0,350,0.0,0.0
rf_reg[6] + sd_o_rf_tag,0,350,0.0,0.0
rf_reg[7] + sd_o_rf_tag,0,350,0.0,0.0
rf_reg[8] + sd_o_rf_tag,0,350,0.0,0.0
rf_reg[9] + sd_o_rf_tag,0,350,0.0,0.0
rf_reg[10] + sd_o_rf_tag,0,350,0.0,0.0
rf_reg[11] + sd_o_rf_tag,0,350,0.0,0.0
data_we_q_tag + ex_stage/hc_o,0,280,0.0,0.0
check_d_o_tag + ex_stage/hc_o,0,280,0.0,0.0
check_s1_o_tag + ex_stage/hc_o,0,280,0.0,0.0
check_s2_o_tag + ex_stage/hc_o,0,280,0.0,0.0
ex_stage/hc_o + pc_id_o_tag,0,280,0.0,0.0
ex_stage/hc_o + is_store_post_o_tag,0,280,0.0,0.0
ex_stage/hc_o + memory_set_o_tag,0,280,0.0,0.0
ex_stage/hc_o + pc_if_o_tag,0,280,0.0,0.0
ex_stage/hc_o + register_set_o_tag,0,280,0.0,0.0
ex_stage/hc_o + store_dest_addr_ex_o_tag,0,280,0.0,0.0
ex_stage/hc_o + store_source_ex_o_tag,0,280,0.0,0.0
ex_stage/hc_o + use_store_ops_ex_o,0,280,0.0,0.0
ex_stage/hc_o + rf_reg[0],0,280,0.0,0.0
ex_stage/hc_o + rf_reg[1],0,280,0.0,0.0
ex_stage/hc_o + rf_reg[2],0,280,0.0,0.0
alu_operand_a_ex_o_tag + ex_stage/hc_o,0,280,0.0,0.0
ex_stage/hc_o + rf_reg[3],0,280,0.0,0.0
ex_stage/hc_o + rf_reg[4],0,280,0.0,0.0
ex_stage/hc_o + rf_reg[5],0,280,0.0,0.0
ex_stage/hc_o + rf_reg[6],0,280,0.0,0.0
ex_stage/hc_o + rf_reg[7],0,280,0.0,0.0
ex_stage/hc_o + rf_reg[8],0,280,0.0,0.0
ex_stage/hc_o + rf_reg[9],0,280,0.0,0.0
ex_stage/hc_o + rf_reg[10],0,280,0.0,0.0
ex_stage/hc_o + rf_reg[11],0,280,0.0,0.0
ex_stage/hc_o + rf_reg[12],0,280,0.0,0.0
ex_stage/hc_o + rf_reg[13],0,280,0.0,0.0
ex_stage/hc_o + rf_reg[14],0,280,0.0,0.0
ex_stage/hc_o + rf_reg[15],0,280,0.0,0.0
ex_stage/hc_o + rf_reg[16],0,280,0.0,0.0
alu_operand_b_ex_o_tag + ex_stage/hc_o,0,280,0.0,0.0
ex_stage/hc_o + rf_reg[17],0,280,0.0,0.0
ex_stage/hc_o + rf_reg[18],0,280,0.0,0.0
ex_stage/hc_o + rf_reg[19],0,280,0.0,0.0
ex_stage/hc_o + rf_reg[20],0,280,0.0,0.0
ex_stage/hc_o + rf_reg[21],0,280,0.0,0.0
ex_stage/hc_o + rf_reg[22],0,280,0.0,0.0
ex_stage/hc_o + rf_reg[23],0,280,0.0,0.0
ex_stage/hc_o + rf_reg[24],0,280,0.0,0.0
alu_operand_c_ex_o_tag + ex_stage/hc_o,0,280,0.0,0.0
ex_stage/hc_o + rf_reg[25],0,280,0.0,0.0
ex_stage/hc_o + rf_reg[26],0,280,0.0,0.0
ex_stage/hc_o + rf_reg[27],0,280,0.0,0.0
ex_stage/hc_o + rf_reg[28],0,280,0.0,0.0
ex_stage/hc_o + rf_reg[29],0,280,0.0,0.0
ex_stage/hc_o + rf_reg[30],0,280,0.0,0.0
ex_stage/hc_o + rf_reg[31],0,280,0.0,0.0
ex_stage/hc_o + rs1_o_tag,0,280,0.0,0.0
csr_group14/hc_o + register_set_o_tag,0,280,0.0,0.0
csr_group18/hc_o + register_set_o_tag,0,280,0.0,0.0
csr_group19/hc_o + register_set_o_tag,0,280,0.0,0.0
csr_group14/hc_o + store_dest_addr_ex_o_tag,0,280,0.0,0.0
csr_group18/hc_o + store_dest_addr_ex_o_tag,0,280,0.0,0.0
csr_group19/hc_o + store_dest_addr_ex_o_tag,0,280,0.0,0.0
csr_group14/hc_o + store_source_ex_o_tag,0,280,0.0,0.0
csr_group18/hc_o + store_source_ex_o_tag,0,280,0.0,0.0
csr_group19/hc_o + store_source_ex_o_tag,0,280,0.0,0.0
alu_operand_a_ex_o_tag + csr_group14/hc_o,0,280,0.0,0.0
alu_operand_a_ex_o_tag + csr_group18/hc_o,0,280,0.0,0.0
alu_operand_a_ex_o_tag + csr_group19/hc_o,0,280,0.0,0.0
csr_group14/hc_o + use_store_ops_ex_o,0,280,0.0,0.0
csr_group18/hc_o + use_store_ops_ex_o,0,280,0.0,0.0
csr_group19/hc_o + use_store_ops_ex_o,0,280,0.0,0.0
csr_group14/hc_o + rf_reg[0],0,280,0.0,0.0
csr_group18/hc_o + rf_reg[0],0,280,0.0,0.0
csr_group19/hc_o + rf_reg[0],0,280,0.0,0.0
csr_group14/hc_o + rf_reg[1],0,280,0.0,0.0
csr_group18/hc_o + rf_reg[1],0,280,0.0,0.0
csr_group19/hc_o + rf_reg[1],0,280,0.0,0.0
csr_group14/hc_o + rf_reg[2],0,280,0.0,0.0
csr_group18/hc_o + rf_reg[2],0,280,0.0,0.0
csr_group19/hc_o + rf_reg[2],0,280,0.0,0.0
csr_group14/hc_o + rf_reg[3],0,280,0.0,0.0
csr_group18/hc_o + rf_reg[3],0,280,0.0,0.0
csr_group19/hc_o + rf_reg[3],0,280,0.0,0.0
csr_group14/hc_o + rf_reg[4],0,280,0.0,0.0
csr_group18/hc_o + rf_reg[4],0,280,0.0,0.0
csr_group19/hc_o + rf_reg[4],0,280,0.0,0.0
csr_group14/hc_o + rf_reg[5],0,280,0.0,0.0
csr_group18/hc_o + rf_reg[5],0,280,0.0,0.0
csr_group19/hc_o + rf_reg[5],0,280,0.0,0.0
csr_group14/hc_o + rf_reg[6],0,280,0.0,0.0
csr_group18/hc_o + rf_reg[6],0,280,0.0,0.0
csr_group19/hc_o + rf_reg[6],0,280,0.0,0.0
csr_group14/hc_o + rf_reg[7],0,280,0.0,0.0
csr_group18/hc_o + rf_reg[7],0,280,0.0,0.0
csr_group19/hc_o + rf_reg[7],0,280,0.0,0.0
csr_group14/hc_o + rf_reg[8],0,280,0.0,0.0
csr_group18/hc_o + rf_reg[8],0,280,0.0,0.0
csr_group19/hc_o + rf_reg[8],0,280,0.0,0.0
csr_group14/hc_o + rf_reg[9],0,280,0.0,0.0
csr_group18/hc_o + rf_reg[9],0,280,0.0,0.0
csr_group19/hc_o + rf_reg[9],0,280,0.0,0.0
csr_group14/hc_o + rf_reg[10],0,280,0.0,0.0
csr_group18/hc_o + rf_reg[10],0,280,0.0,0.0
csr_group19/hc_o + rf_reg[10],0,280,0.0,0.0
alu_operand_b_ex_o_tag + csr_group14/hc_o,0,280,0.0,0.0
alu_operand_b_ex_o_tag + csr_group18/hc_o,0,280,0.0,0.0
alu_operand_b_ex_o_tag + csr_group19/hc_o,0,280,0.0,0.0
csr_group14/hc_o + rf_reg[11],0,280,0.0,0.0
csr_group18/hc_o + rf_reg[11],0,280,0.0,0.0
csr_group19/hc_o + rf_reg[11],0,280,0.0,0.0
csr_group14/hc_o + rf_reg[12],0,280,0.0,0.0
csr_group18/hc_o + rf_reg[12],0,280,0.0,0.0
csr_group19/hc_o + rf_reg[12],0,280,0.0,0.0
csr_group14/hc_o + rf_reg[13],0,280,0.0,0.0
csr_group18/hc_o + rf_reg[13],0,280,0.0,0.0
csr_group19/hc_o + rf_reg[13],0,280,0.0,0.0
csr_group14/hc_o + rf_reg[14],0,280,0.0,0.0
csr_group18/hc_o + rf_reg[14],0,280,0.0,0.0
csr_group19/hc_o + rf_reg[14],0,280,0.0,0.0
csr_group14/hc_o + rf_reg[15],0,280,0.0,0.0
csr_group18/hc_o + rf_reg[15],0,280,0.0,0.0
csr_group19/hc_o + rf_reg[15],0,280,0.0,0.0
csr_group14/hc_o + rf_reg[16],0,280,0.0,0.0
csr_group18/hc_o + rf_reg[16],0,280,0.0,0.0
csr_group19/hc_o + rf_reg[16],0,280,0.0,0.0
csr_group14/hc_o + rf_reg[17],0,280,0.0,0.0
csr_group18/hc_o + rf_reg[17],0,280,0.0,0.0
csr_group19/hc_o + rf_reg[17],0,280,0.0,0.0
csr_group14/hc_o + rf_reg[18],0,280,0.0,0.0
csr_group18/hc_o + rf_reg[18],0,280,0.0,0.0
csr_group19/hc_o + rf_reg[18],0,280,0.0,0.0
csr_group14/hc_o + rf_reg[19],0,280,0.0,0.0
csr_group18/hc_o + rf_reg[19],0,280,0.0,0.0
csr_group19/hc_o + rf_reg[19],0,280,0.0,0.0
csr_group14/hc_o + rf_reg[20],0,280,0.0,0.0
csr_group18/hc_o + rf_reg[20],0,280,0.0,0.0
csr_group19/hc_o + rf_reg[20],0,280,0.0,0.0
csr_group14/hc_o + rf_reg[21],0,280,0.0,0.0
csr_group18/hc_o + rf_reg[21],0,280,0.0,0.0
csr_group19/hc_o + rf_reg[21],0,280,0.0,0.0
csr_group14/hc_o + rf_reg[22],0,280,0.0,0.0
csr_group18/hc_o + rf_reg[22],0,280,0.0,0.0
csr_group19/hc_o + rf_reg[22],0,280,0.0,0.0
csr_group14/hc_o + rf_reg[23],0,280,0.0,0.0
csr_group18/hc_o + rf_reg[23],0,280,0.0,0.0
csr_group19/hc_o + rf_reg[23],0,280,0.0,0.0
alu_operand_c_ex_o_tag + csr_group14/hc_o,0,280,0.0,0.0
alu_operand_c_ex_o_tag + csr_group18/hc_o,0,280,0.0,0.0
alu_operand_c_ex_o_tag + csr_group19/hc_o,0,280,0.0,0.0
csr_group14/hc_o + rf_reg[24],0,280,0.0,0.0
csr_group18/hc_o + rf_reg[24],0,280,0.0,0.0
csr_group19/hc_o + rf_reg[24],0,280,0.0,0.0
csr_group14/hc_o + rf_reg[25],0,280,0.0,0.0
csr_group18/hc_o + rf_reg[25],0,280,0.0,0.0
csr_group19/hc_o + rf_reg[25],0,280,0.0,0.0
csr_group14/hc_o + rf_reg[26],0,280,0.0,0.0
csr_group18/hc_o + rf_reg[26],0,280,0.0,0.0
csr_group19/hc_o + rf_reg[26],0,280,0.0,0.0
csr_group14/hc_o + rf_reg[27],0,280,0.0,0.0
csr_group18/hc_o + rf_reg[27],0,280,0.0,0.0
csr_group19/hc_o + rf_reg[27],0,280,0.0,0.0
csr_group14/hc_o + rf_reg[28],0,280,0.0,0.0
csr_group18/hc_o + rf_reg[28],0,280,0.0,0.0
csr_group19/hc_o + rf_reg[28],0,280,0.0,0.0
csr_group14/hc_o + rf_reg[29],0,280,0.0,0.0
csr_group18/hc_o + rf_reg[29],0,280,0.0,0.0
csr_group19/hc_o + rf_reg[29],0,280,0.0,0.0
csr_group14/hc_o + rf_reg[30],0,280,0.0,0.0
csr_group18/hc_o + rf_reg[30],0,280,0.0,0.0
csr_group19/hc_o + rf_reg[30],0,280,0.0,0.0
csr_group14/hc_o + rf_reg[31],0,280,0.0,0.0
csr_group18/hc_o + rf_reg[31],0,280,0.0,0.0
csr_group19/hc_o + rf_reg[31],0,280,0.0,0.0
csr_group14/hc_o + rs1_o_tag,0,280,0.0,0.0
csr_group18/hc_o + rs1_o_tag,0,280,0.0,0.0
csr_group19/hc_o + rs1_o_tag,0,280,0.0,0.0
csr_group14/hc_o + data_we_q_tag,0,280,0.0,0.0
csr_group18/hc_o + data_we_q_tag,0,280,0.0,0.0
csr_group19/hc_o + data_we_q_tag,0,280,0.0,0.0
check_d_o_tag + csr_group14/hc_o,0,280,0.0,0.0
check_d_o_tag + csr_group18/hc_o,0,280,0.0,0.0
check_d_o_tag + csr_group19/hc_o,0,280,0.0,0.0
check_s1_o_tag + csr_group14/hc_o,0,280,0.0,0.0
check_s1_o_tag + csr_group18/hc_o,0,280,0.0,0.0
check_s1_o_tag + csr_group19/hc_o,0,280,0.0,0.0
check_s2_o_tag + csr_group14/hc_o,0,280,0.0,0.0
check_s2_o_tag + csr_group18/hc_o,0,280,0.0,0.0
check_s2_o_tag + csr_group19/hc_o,0,280,0.0,0.0
csr_group14/hc_o + pc_id_o_tag,0,280,0.0,0.0
csr_group18/hc_o + pc_id_o_tag,0,280,0.0,0.0
csr_group19/hc_o + pc_id_o_tag,0,280,0.0,0.0
csr_group14/hc_o + is_store_post_o_tag,0,280,0.0,0.0
csr_group18/hc_o + is_store_post_o_tag,0,280,0.0,0.0
csr_group19/hc_o + is_store_post_o_tag,0,280,0.0,0.0
csr_group14/hc_o + memory_set_o_tag,0,280,0.0,0.0
csr_group18/hc_o + memory_set_o_tag,0,280,0.0,0.0
csr_group19/hc_o + memory_set_o_tag,0,280,0.0,0.0
csr_group14/hc_o + pc_if_o_tag,0,280,0.0,0.0
csr_group18/hc_o + pc_if_o_tag,0,280,0.0,0.0
csr_group19/hc_o + pc_if_o_tag,0,280,0.0,0.0
data_type_q_tag + if_stage/sd_o,0,280,0.0,0.0
if_stage/sd_o + rdata_offset_q_tag,0,280,0.0,0.0
alu_operator_o_mode + if_stage/sd_o,0,280,0.0,0.0
data_type_q_tag + pc_if_o_tag/sd_o,0,280,0.0,0.0
data_type_q_tag + pc_id_o_tag/sd_o,0,280,0.0,0.0
alu_operator_o_mode/sd_o + data_type_q_tag,0,280,0.0,0.0
data_type_q_tag + store_dest_addr_ex_o_tag/sd_o,0,280,0.0,0.0
data_type_q_tag + store_source_ex_o_tag/sd_o,0,280,0.0,0.0
data_type_q_tag + use_store_ops_ex_o/sd_o,0,280,0.0,0.0
alu_operand_a_ex_o_tag/sd_o + data_type_q_tag,0,280,0.0,0.0
alu_operand_b_ex_o_tag/sd_o + data_type_q_tag,0,280,0.0,0.0
alu_operand_c_ex_o_tag/sd_o + data_type_q_tag,0,280,0.0,0.0
check_s1_o_tag/sd_o + data_type_q_tag,0,280,0.0,0.0
check_s2_o_tag/sd_o + data_type_q_tag,0,280,0.0,0.0
check_d_o_tag/sd_o + data_type_q_tag,0,280,0.0,0.0
data_type_q_tag + register_set_o_tag/sd_o,0,280,0.0,0.0
data_type_q_tag + is_store_post_o_tag/sd_o,0,280,0.0,0.0
data_type_q_tag + memory_set_o_tag/sd_o,0,280,0.0,0.0
data_type_q_tag + rs1_o_tag/sd_o,0,280,0.0,0.0
data_type_q_tag + data_we_q_tag/sd_o,0,280,0.0,0.0
data_type_q_tag + rdata_offset_q_tag/sd_o,0,280,0.0,0.0
data_type_q_tag + data_type_q_tag/sd_o,0,280,0.0,0.0
data_type_q_tag + rdata_q_tag/sd_o,0,280,0.0,0.0
alu_operator_o_mode + pc_if_o_tag/sd_o,0,280,0.0,0.0
alu_operator_o_mode + pc_id_o_tag/sd_o,0,280,0.0,0.0
pc_if_o_tag/sd_o + rdata_offset_q_tag,0,280,0.0,0.0
pc_id_o_tag/sd_o + rdata_offset_q_tag,0,280,0.0,0.0
alu_operator_o_mode/sd_o + rdata_offset_q_tag,0,280,0.0,0.0
rdata_offset_q_tag + store_dest_addr_ex_o_tag/sd_o,0,280,0.0,0.0
rdata_offset_q_tag + store_source_ex_o_tag/sd_o,0,280,0.0,0.0
rdata_offset_q_tag + use_store_ops_ex_o/sd_o,0,280,0.0,0.0
alu_operand_a_ex_o_tag/sd_o + rdata_offset_q_tag,0,280,0.0,0.0
alu_operand_b_ex_o_tag/sd_o + rdata_offset_q_tag,0,280,0.0,0.0
alu_operand_c_ex_o_tag/sd_o + rdata_offset_q_tag,0,280,0.0,0.0
check_s1_o_tag/sd_o + rdata_offset_q_tag,0,280,0.0,0.0
check_s2_o_tag/sd_o + rdata_offset_q_tag,0,280,0.0,0.0
check_d_o_tag/sd_o + rdata_offset_q_tag,0,280,0.0,0.0
rdata_offset_q_tag + register_set_o_tag/sd_o,0,280,0.0,0.0
is_store_post_o_tag/sd_o + rdata_offset_q_tag,0,280,0.0,0.0
memory_set_o_tag/sd_o + rdata_offset_q_tag,0,280,0.0,0.0
rdata_offset_q_tag + rs1_o_tag/sd_o,0,280,0.0,0.0
data_we_q_tag/sd_o + rdata_offset_q_tag,0,280,0.0,0.0
rdata_offset_q_tag + rdata_offset_q_tag/sd_o,0,280,0.0,0.0
data_type_q_tag/sd_o + rdata_offset_q_tag,0,280,0.0,0.0
rdata_offset_q_tag + rdata_q_tag/sd_o,0,280,0.0,0.0
alu_operator_o_mode + store_dest_addr_ex_o_tag/sd_o,0,280,0.0,0.0
alu_operator_o_mode + store_source_ex_o_tag/sd_o,0,280,0.0,0.0
alu_operator_o_mode + use_store_ops_ex_o/sd_o,0,280,0.0,0.0
alu_operand_a_ex_o_tag/sd_o + alu_operator_o_mode,0,280,0.0,0.0
alu_operand_b_ex_o_tag/sd_o + alu_operator_o_mode,0,280,0.0,0.0
alu_operand_c_ex_o_tag/sd_o + alu_operator_o_mode,0,280,0.0,0.0
alu_operator_o_mode + check_s1_o_tag/sd_o,0,280,0.0,0.0
alu_operator_o_mode + check_s2_o_tag/sd_o,0,280,0.0,0.0
alu_operator_o_mode + check_d_o_tag/sd_o,0,280,0.0,0.0
alu_operator_o_mode + register_set_o_tag/sd_o,0,280,0.0,0.0
alu_operator_o_mode + is_store_post_o_tag/sd_o,0,280,0.0,0.0
alu_operator_o_mode + memory_set_o_tag/sd_o,0,280,0.0,0.0
pc_id_o_tag/sd_o + pc_if_o_tag/hc_o,0,280,0.0,0.0
pc_if_o_tag/hc_o + sd_o_5,0,280,0.0,0.0
alu_operator_o_mode/sd_o + pc_if_o_tag/hc_o,0,280,0.0,0.0
pc_if_o_tag/hc_o + store_dest_addr_ex_o_tag/sd_o,0,280,0.0,0.0
pc_if_o_tag/hc_o + store_source_ex_o_tag/sd_o,0,280,0.0,0.0
pc_if_o_tag/hc_o + use_store_ops_ex_o/sd_o,0,280,0.0,0.0
alu_operand_a_ex_o_tag/sd_o + pc_if_o_tag/hc_o,0,280,0.0,0.0
alu_operand_b_ex_o_tag/sd_o + pc_if_o_tag/hc_o,0,280,0.0,0.0
alu_operand_c_ex_o_tag/sd_o + pc_if_o_tag/hc_o,0,280,0.0,0.0
check_s1_o_tag/sd_o + pc_if_o_tag/hc_o,0,280,0.0,0.0
check_s2_o_tag/sd_o + pc_if_o_tag/hc_o,0,280,0.0,0.0
check_d_o_tag/sd_o + pc_if_o_tag/hc_o,0,280,0.0,0.0
pc_if_o_tag/hc_o + register_set_o_tag/sd_o,0,280,0.0,0.0
is_store_post_o_tag/sd_o + pc_if_o_tag/hc_o,0,280,0.0,0.0
memory_set_o_tag/sd_o + pc_if_o_tag/hc_o,0,280,0.0,0.0
pc_if_o_tag/hc_o + sd_o_rf_tag,0,280,0.0,0.0
pc_if_o_tag/hc_o + rs1_o_tag/sd_o,0,280,0.0,0.0
data_we_q_tag/sd_o + pc_if_o_tag/hc_o,0,280,0.0,0.0
pc_if_o_tag/hc_o + rdata_offset_q_tag/sd_o,0,280,0.0,0.0
data_type_q_tag/sd_o + pc_if_o_tag/hc_o,0,280,0.0,0.0
pc_if_o_tag/hc_o + rdata_q_tag/sd_o,0,280,0.0,0.0
pc_id_o_tag/hc_o + pc_if_o_tag/sd_o,0,280,0.0,0.0
pc_if_o_tag/sd_o + store_dest_addr_ex_o_tag/hc_o,0,280,0.0,0.0
pc_if_o_tag/sd_o + store_source_ex_o_tag/hc_o,0,280,0.0,0.0
pc_if_o_tag/sd_o + use_store_ops_ex_o/hc_o,0,280,0.0,0.0
alu_operand_a_ex_o_tag/hc_o + pc_if_o_tag/sd_o,0,280,0.0,0.0
alu_operand_b_ex_o_tag/hc_o + pc_if_o_tag/sd_o,0,280,0.0,0.0
alu_operand_c_ex_o_tag/hc_o + pc_if_o_tag/sd_o,0,280,0.0,0.0
check_s1_o_tag/hc_o + pc_if_o_tag/sd_o,0,280,0.0,0.0
check_s2_o_tag/hc_o + pc_if_o_tag/sd_o,0,280,0.0,0.0
check_d_o_tag/hc_o + pc_if_o_tag/sd_o,0,280,0.0,0.0
pc_if_o_tag/sd_o + register_set_o_tag/hc_o,0,280,0.0,0.0
is_store_post_o_tag/hc_o + pc_if_o_tag/sd_o,0,280,0.0,0.0
memory_set_o_tag/hc_o + pc_if_o_tag/sd_o,0,280,0.0,0.0
pc_if_o_tag/sd_o + rs1_o_tag/hc_o,0,280,0.0,0.0
alu_operator_o_mode + rs1_o_tag/sd_o,0,280,0.0,0.0
data_we_q_tag/hc_o + pc_if_o_tag/sd_o,0,280,0.0,0.0
pc_id_o_tag/hc_o + pc_id_o_tag/sd_o,0,280,0.0,0.0
pc_id_o_tag/hc_o + sd_o_5,0,280,0.0,0.0
alu_operator_o_mode/sd_o + pc_id_o_tag/hc_o,0,280,0.0,0.0
pc_id_o_tag/hc_o + store_dest_addr_ex_o_tag/sd_o,0,280,0.0,0.0
pc_id_o_tag/hc_o + store_source_ex_o_tag/sd_o,0,280,0.0,0.0
pc_id_o_tag/hc_o + use_store_ops_ex_o/sd_o,0,280,0.0,0.0
alu_operand_a_ex_o_tag/sd_o + pc_id_o_tag/hc_o,0,280,0.0,0.0
alu_operand_b_ex_o_tag/sd_o + pc_id_o_tag/hc_o,0,280,0.0,0.0
alu_operand_c_ex_o_tag/sd_o + pc_id_o_tag/hc_o,0,280,0.0,0.0
check_s1_o_tag/sd_o + pc_id_o_tag/hc_o,0,280,0.0,0.0
check_s2_o_tag/sd_o + pc_id_o_tag/hc_o,0,280,0.0,0.0
check_d_o_tag/sd_o + pc_id_o_tag/hc_o,0,280,0.0,0.0
pc_id_o_tag/hc_o + register_set_o_tag/sd_o,0,280,0.0,0.0
is_store_post_o_tag/sd_o + pc_id_o_tag/hc_o,0,280,0.0,0.0
memory_set_o_tag/sd_o + pc_id_o_tag/hc_o,0,280,0.0,0.0
pc_id_o_tag/hc_o + sd_o_rf_tag,0,280,0.0,0.0
pc_id_o_tag/hc_o + rs1_o_tag/sd_o,0,280,0.0,0.0
data_we_q_tag/sd_o + pc_id_o_tag/hc_o,0,280,0.0,0.0
pc_id_o_tag/hc_o + rdata_offset_q_tag/sd_o,0,280,0.0,0.0
data_type_q_tag/sd_o + pc_id_o_tag/hc_o,0,280,0.0,0.0
pc_id_o_tag/hc_o + rdata_q_tag/sd_o,0,280,0.0,0.0
pc_id_o_tag/sd_o + store_dest_addr_ex_o_tag/hc_o,0,280,0.0,0.0
pc_id_o_tag/sd_o + store_source_ex_o_tag/hc_o,0,280,0.0,0.0
pc_id_o_tag/sd_o + use_store_ops_ex_o/hc_o,0,280,0.0,0.0
alu_operand_a_ex_o_tag/hc_o + pc_id_o_tag/sd_o,0,280,0.0,0.0
alu_operand_b_ex_o_tag/hc_o + pc_id_o_tag/sd_o,0,280,0.0,0.0
alu_operand_c_ex_o_tag/hc_o + pc_id_o_tag/sd_o,0,280,0.0,0.0
check_s1_o_tag/hc_o + pc_id_o_tag/sd_o,0,280,0.0,0.0
check_s2_o_tag/hc_o + pc_id_o_tag/sd_o,0,280,0.0,0.0
check_d_o_tag/hc_o + pc_id_o_tag/sd_o,0,280,0.0,0.0
pc_id_o_tag/sd_o + register_set_o_tag/hc_o,0,280,0.0,0.0
is_store_post_o_tag/hc_o + pc_id_o_tag/sd_o,0,280,0.0,0.0
memory_set_o_tag/hc_o + pc_id_o_tag/sd_o,0,280,0.0,0.0
pc_id_o_tag/sd_o + rs1_o_tag/hc_o,0,280,0.0,0.0
data_we_q_tag/hc_o + pc_id_o_tag/sd_o,0,280,0.0,0.0
alu_operator_o_mode + data_we_q_tag/sd_o,0,280,0.0,0.0
alu_operator_o_mode + rdata_offset_q_tag/sd_o,0,280,0.0,0.0
alu_operator_o_mode + data_type_q_tag/sd_o,0,280,0.0,0.0
alu_operator_o_mode + rdata_q_tag/sd_o,0,280,0.0,0.0
sd_o_5 + store_dest_addr_ex_o_tag/hc_o,0,280,0.0,0.0
sd_o_5 + store_source_ex_o_tag/hc_o,0,280,0.0,0.0
sd_o_5 + use_store_ops_ex_o/hc_o,0,280,0.0,0.0
alu_operand_a_ex_o_tag/hc_o + sd_o_5,0,280,0.0,0.0
alu_operand_b_ex_o_tag/hc_o + sd_o_5,0,280,0.0,0.0
alu_operand_c_ex_o_tag/hc_o + sd_o_5,0,280,0.0,0.0
check_s1_o_tag/hc_o + sd_o_5,0,280,0.0,0.0
check_s2_o_tag/hc_o + sd_o_5,0,280,0.0,0.0
check_d_o_tag/hc_o + sd_o_5,0,280,0.0,0.0
register_set_o_tag/hc_o + sd_o_5,0,280,0.0,0.0
is_store_post_o_tag/hc_o + sd_o_5,0,280,0.0,0.0
memory_set_o_tag/hc_o + sd_o_5,0,280,0.0,0.0
rs1_o_tag/hc_o + sd_o_5,0,280,0.0,0.0
data_we_q_tag/hc_o + sd_o_5,0,280,0.0,0.0
alu_operator_o_mode/sd_o + store_dest_addr_ex_o_tag/hc_o,0,280,0.0,0.0
alu_operator_o_mode/sd_o + store_source_ex_o_tag/hc_o,0,280,0.0,0.0
alu_operator_o_mode/sd_o + use_store_ops_ex_o/hc_o,0,280,0.0,0.0
alu_operand_a_ex_o_tag/hc_o + alu_operator_o_mode/sd_o,0,280,0.0,0.0
alu_operand_b_ex_o_tag/hc_o + alu_operator_o_mode/sd_o,0,280,0.0,0.0
alu_operand_c_ex_o_tag/hc_o + alu_operator_o_mode/sd_o,0,280,0.0,0.0
alu_operator_o_mode/sd_o + check_s1_o_tag/hc_o,0,280,0.0,0.0
alu_operator_o_mode/sd_o + check_s2_o_tag/hc_o,0,280,0.0,0.0
alu_operator_o_mode/sd_o + check_d_o_tag/hc_o,0,280,0.0,0.0
alu_operator_o_mode/sd_o + register_set_o_tag/hc_o,0,280,0.0,0.0
alu_operator_o_mode/sd_o + is_store_post_o_tag/hc_o,0,280,0.0,0.0
alu_operator_o_mode/sd_o + memory_set_o_tag/hc_o,0,280,0.0,0.0
alu_operator_o_mode/sd_o + rs1_o_tag/hc_o,0,280,0.0,0.0
alu_operator_o_mode/sd_o + data_we_q_tag/hc_o,0,280,0.0,0.0
store_dest_addr_ex_o_tag/hc_o + store_source_ex_o_tag/sd_o,0,280,0.0,0.0
store_dest_addr_ex_o_tag/hc_o + use_store_ops_ex_o/sd_o,0,280,0.0,0.0
alu_operand_a_ex_o_tag/sd_o + store_dest_addr_ex_o_tag/hc_o,0,280,0.0,0.0
alu_operand_b_ex_o_tag/sd_o + store_dest_addr_ex_o_tag/hc_o,0,280,0.0,0.0
alu_operand_c_ex_o_tag/sd_o + store_dest_addr_ex_o_tag/hc_o,0,280,0.0,0.0
check_s1_o_tag/sd_o + store_dest_addr_ex_o_tag/hc_o,0,280,0.0,0.0
check_s2_o_tag/sd_o + store_dest_addr_ex_o_tag/hc_o,0,280,0.0,0.0
check_d_o_tag/sd_o + store_dest_addr_ex_o_tag/hc_o,0,280,0.0,0.0
register_set_o_tag/sd_o + store_dest_addr_ex_o_tag/hc_o,0,280,0.0,0.0
is_store_post_o_tag/sd_o + store_dest_addr_ex_o_tag/hc_o,0,280,0.0,0.0
memory_set_o_tag/sd_o + store_dest_addr_ex_o_tag/hc_o,0,280,0.0,0.0
sd_o_rf_tag + store_dest_addr_ex_o_tag/hc_o,0,280,0.0,0.0
rs1_o_tag/sd_o + store_dest_addr_ex_o_tag/hc_o,0,280,0.0,0.0
data_we_q_tag/sd_o + store_dest_addr_ex_o_tag/hc_o,0,280,0.0,0.0
rdata_offset_q_tag/sd_o + store_dest_addr_ex_o_tag/hc_o,0,280,0.0,0.0
data_type_q_tag/sd_o + store_dest_addr_ex_o_tag/hc_o,0,280,0.0,0.0
rdata_q_tag/sd_o + store_dest_addr_ex_o_tag/hc_o,0,280,0.0,0.0
store_dest_addr_ex_o_tag/sd_o + store_source_ex_o_tag/hc_o,0,280,0.0,0.0
store_dest_addr_ex_o_tag/sd_o + use_store_ops_ex_o/hc_o,0,280,0.0,0.0
alu_operand_a_ex_o_tag/hc_o + store_dest_addr_ex_o_tag/sd_o,0,280,0.0,0.0
alu_operand_b_ex_o_tag/hc_o + store_dest_addr_ex_o_tag/sd_o,0,280,0.0,0.0
alu_operand_c_ex_o_tag/hc_o + store_dest_addr_ex_o_tag/sd_o,0,280,0.0,0.0
check_s1_o_tag/hc_o + store_dest_addr_ex_o_tag/sd_o,0,280,0.0,0.0
check_s2_o_tag/hc_o + store_dest_addr_ex_o_tag/sd_o,0,280,0.0,0.0
check_d_o_tag/hc_o + store_dest_addr_ex_o_tag/sd_o,0,280,0.0,0.0
register_set_o_tag/hc_o + store_dest_addr_ex_o_tag/sd_o,0,280,0.0,0.0
is_store_post_o_tag/hc_o + store_dest_addr_ex_o_tag/sd_o,0,280,0.0,0.0
memory_set_o_tag/hc_o + store_dest_addr_ex_o_tag/sd_o,0,280,0.0,0.0
rs1_o_tag/hc_o + store_dest_addr_ex_o_tag/sd_o,0,280,0.0,0.0
data_we_q_tag/hc_o + store_dest_addr_ex_o_tag/sd_o,0,280,0.0,0.0
store_source_ex_o_tag/hc_o + store_source_ex_o_tag/sd_o,0,280,0.0,0.0
store_source_ex_o_tag/hc_o + use_store_ops_ex_o/sd_o,0,280,0.0,0.0
alu_operand_a_ex_o_tag/sd_o + store_source_ex_o_tag/hc_o,0,280,0.0,0.0
alu_operand_b_ex_o_tag/sd_o + store_source_ex_o_tag/hc_o,0,280,0.0,0.0
alu_operand_c_ex_o_tag/sd_o + store_source_ex_o_tag/hc_o,0,280,0.0,0.0
check_s1_o_tag/sd_o + store_source_ex_o_tag/hc_o,0,280,0.0,0.0
check_s2_o_tag/sd_o + store_source_ex_o_tag/hc_o,0,280,0.0,0.0
check_d_o_tag/sd_o + store_source_ex_o_tag/hc_o,0,280,0.0,0.0
register_set_o_tag/sd_o + store_source_ex_o_tag/hc_o,0,280,0.0,0.0
is_store_post_o_tag/sd_o + store_source_ex_o_tag/hc_o,0,280,0.0,0.0
memory_set_o_tag/sd_o + store_source_ex_o_tag/hc_o,0,280,0.0,0.0
sd_o_rf_tag + store_source_ex_o_tag/hc_o,0,280,0.0,0.0
rs1_o_tag/sd_o + store_source_ex_o_tag/hc_o,0,280,0.0,0.0
data_we_q_tag/sd_o + store_source_ex_o_tag/hc_o,0,280,0.0,0.0
rdata_offset_q_tag/sd_o + store_source_ex_o_tag/hc_o,0,280,0.0,0.0
data_type_q_tag/sd_o + store_source_ex_o_tag/hc_o,0,280,0.0,0.0
rdata_q_tag/sd_o + store_source_ex_o_tag/hc_o,0,280,0.0,0.0
store_source_ex_o_tag/sd_o + use_store_ops_ex_o/hc_o,0,280,0.0,0.0
alu_operand_a_ex_o_tag/hc_o + store_source_ex_o_tag/sd_o,0,280,0.0,0.0
alu_operand_b_ex_o_tag/hc_o + store_source_ex_o_tag/sd_o,0,280,0.0,0.0
alu_operand_c_ex_o_tag/hc_o + store_source_ex_o_tag/sd_o,0,280,0.0,0.0
check_s1_o_tag/hc_o + store_source_ex_o_tag/sd_o,0,280,0.0,0.0
check_s2_o_tag/hc_o + store_source_ex_o_tag/sd_o,0,280,0.0,0.0
check_d_o_tag/hc_o + store_source_ex_o_tag/sd_o,0,280,0.0,0.0
register_set_o_tag/hc_o + store_source_ex_o_tag/sd_o,0,280,0.0,0.0
is_store_post_o_tag/hc_o + store_source_ex_o_tag/sd_o,0,280,0.0,0.0
memory_set_o_tag/hc_o + store_source_ex_o_tag/sd_o,0,280,0.0,0.0
rs1_o_tag/hc_o + store_source_ex_o_tag/sd_o,0,280,0.0,0.0
data_we_q_tag/hc_o + store_source_ex_o_tag/sd_o,0,280,0.0,0.0
alu_operand_a_ex_o_tag/sd_o + use_store_ops_ex_o/hc_o,0,280,0.0,0.0
alu_operand_b_ex_o_tag/sd_o + use_store_ops_ex_o/hc_o,0,280,0.0,0.0
alu_operand_c_ex_o_tag/sd_o + use_store_ops_ex_o/hc_o,0,280,0.0,0.0
check_s1_o_tag/sd_o + use_store_ops_ex_o/hc_o,0,280,0.0,0.0
check_s2_o_tag/sd_o + use_store_ops_ex_o/hc_o,0,280,0.0,0.0
check_d_o_tag/sd_o + use_store_ops_ex_o/hc_o,0,280,0.0,0.0
register_set_o_tag/sd_o + use_store_ops_ex_o/hc_o,0,280,0.0,0.0
is_store_post_o_tag/sd_o + use_store_ops_ex_o/hc_o,0,280,0.0,0.0
memory_set_o_tag/sd_o + use_store_ops_ex_o/hc_o,0,280,0.0,0.0
sd_o_rf_tag + use_store_ops_ex_o/hc_o,0,280,0.0,0.0
rs1_o_tag/sd_o + use_store_ops_ex_o/hc_o,0,280,0.0,0.0
data_we_q_tag/sd_o + use_store_ops_ex_o/hc_o,0,280,0.0,0.0
rdata_offset_q_tag/sd_o + use_store_ops_ex_o/hc_o,0,280,0.0,0.0
data_type_q_tag/sd_o + use_store_ops_ex_o/hc_o,0,280,0.0,0.0
rdata_q_tag/sd_o + use_store_ops_ex_o/hc_o,0,280,0.0,0.0
alu_operand_a_ex_o_tag/hc_o + use_store_ops_ex_o/sd_o,0,280,0.0,0.0
alu_operand_b_ex_o_tag/hc_o + use_store_ops_ex_o/sd_o,0,280,0.0,0.0
alu_operand_c_ex_o_tag/hc_o + use_store_ops_ex_o/sd_o,0,280,0.0,0.0
check_s1_o_tag/hc_o + use_store_ops_ex_o/sd_o,0,280,0.0,0.0
check_s2_o_tag/hc_o + use_store_ops_ex_o/sd_o,0,280,0.0,0.0
check_d_o_tag/hc_o + use_store_ops_ex_o/sd_o,0,280,0.0,0.0
register_set_o_tag/hc_o + use_store_ops_ex_o/sd_o,0,280,0.0,0.0
is_store_post_o_tag/hc_o + use_store_ops_ex_o/sd_o,0,280,0.0,0.0
memory_set_o_tag/hc_o + use_store_ops_ex_o/sd_o,0,280,0.0,0.0
rs1_o_tag/hc_o + use_store_ops_ex_o/sd_o,0,280,0.0,0.0
data_we_q_tag/hc_o + use_store_ops_ex_o/sd_o,0,280,0.0,0.0
alu_operand_a_ex_o_tag/hc_o + alu_operand_b_ex_o_tag/sd_o,0,280,0.0,0.0
alu_operand_a_ex_o_tag/hc_o + alu_operand_c_ex_o_tag/sd_o,0,280,0.0,0.0
alu_operand_a_ex_o_tag/hc_o + check_s1_o_tag/sd_o,0,280,0.0,0.0
alu_operand_a_ex_o_tag/hc_o + check_s2_o_tag/sd_o,0,280,0.0,0.0
alu_operand_a_ex_o_tag/hc_o + check_d_o_tag/sd_o,0,280,0.0,0.0
alu_operand_a_ex_o_tag/hc_o + register_set_o_tag/sd_o,0,280,0.0,0.0
alu_operand_a_ex_o_tag/hc_o + is_store_post_o_tag/sd_o,0,280,0.0,0.0
alu_operand_a_ex_o_tag/hc_o + memory_set_o_tag/sd_o,0,280,0.0,0.0
alu_operand_a_ex_o_tag/hc_o + sd_o_rf_tag,0,280,0.0,0.0
alu_operand_a_ex_o_tag/hc_o + rs1_o_tag/sd_o,0,280,0.0,0.0
alu_operand_a_ex_o_tag/hc_o + data_we_q_tag/sd_o,0,280,0.0,0.0
alu_operand_a_ex_o_tag/hc_o + rdata_offset_q_tag/sd_o,0,280,0.0,0.0
alu_operand_a_ex_o_tag/hc_o + data_type_q_tag/sd_o,0,280,0.0,0.0
alu_operand_a_ex_o_tag/hc_o + rdata_q_tag/sd_o,0,280,0.0,0.0
alu_operand_a_ex_o_tag/sd_o + alu_operand_b_ex_o_tag/hc_o,0,280,0.0,0.0
alu_operand_a_ex_o_tag/sd_o + alu_operand_c_ex_o_tag/hc_o,0,280,0.0,0.0
alu_operand_a_ex_o_tag/sd_o + check_s1_o_tag/hc_o,0,280,0.0,0.0
alu_operand_a_ex_o_tag/sd_o + check_s2_o_tag/hc_o,0,280,0.0,0.0
alu_operand_a_ex_o_tag/sd_o + check_d_o_tag/hc_o,0,280,0.0,0.0
alu_operand_a_ex_o_tag/sd_o + register_set_o_tag/hc_o,0,280,0.0,0.0
alu_operand_a_ex_o_tag/sd_o + is_store_post_o_tag/hc_o,0,280,0.0,0.0
alu_operand_a_ex_o_tag/sd_o + memory_set_o_tag/hc_o,0,280,0.0,0.0
alu_operand_a_ex_o_tag/sd_o + rs1_o_tag/hc_o,0,280,0.0,0.0
alu_operand_a_ex_o_tag/sd_o + data_we_q_tag/hc_o,0,280,0.0,0.0
alu_operand_b_ex_o_tag/hc_o + alu_operand_c_ex_o_tag/sd_o,0,280,0.0,0.0
alu_operand_b_ex_o_tag/hc_o + check_s1_o_tag/sd_o,0,280,0.0,0.0
alu_operand_b_ex_o_tag/hc_o + check_s2_o_tag/sd_o,0,280,0.0,0.0
alu_operand_b_ex_o_tag/hc_o + check_d_o_tag/sd_o,0,280,0.0,0.0
alu_operand_b_ex_o_tag/hc_o + register_set_o_tag/sd_o,0,280,0.0,0.0
alu_operand_b_ex_o_tag/hc_o + is_store_post_o_tag/sd_o,0,280,0.0,0.0
alu_operand_b_ex_o_tag/hc_o + memory_set_o_tag/sd_o,0,280,0.0,0.0
alu_operand_b_ex_o_tag/hc_o + sd_o_rf_tag,0,280,0.0,0.0
alu_operand_b_ex_o_tag/hc_o + rs1_o_tag/sd_o,0,280,0.0,0.0
alu_operand_b_ex_o_tag/hc_o + data_we_q_tag/sd_o,0,280,0.0,0.0
alu_operand_b_ex_o_tag/hc_o + rdata_offset_q_tag/sd_o,0,280,0.0,0.0
alu_operand_b_ex_o_tag/hc_o + data_type_q_tag/sd_o,0,280,0.0,0.0
alu_operand_b_ex_o_tag/hc_o + rdata_q_tag/sd_o,0,280,0.0,0.0
alu_operand_b_ex_o_tag/sd_o + alu_operand_c_ex_o_tag/hc_o,0,280,0.0,0.0
alu_operand_b_ex_o_tag/sd_o + check_s1_o_tag/hc_o,0,280,0.0,0.0
alu_operand_b_ex_o_tag/sd_o + check_s2_o_tag/hc_o,0,280,0.0,0.0
alu_operand_b_ex_o_tag/sd_o + check_d_o_tag/hc_o,0,280,0.0,0.0
alu_operand_b_ex_o_tag/sd_o + register_set_o_tag/hc_o,0,280,0.0,0.0
alu_operand_b_ex_o_tag/sd_o + is_store_post_o_tag/hc_o,0,280,0.0,0.0
alu_operand_b_ex_o_tag/sd_o + memory_set_o_tag/hc_o,0,280,0.0,0.0
alu_operand_b_ex_o_tag/sd_o + rs1_o_tag/hc_o,0,280,0.0,0.0
alu_operand_b_ex_o_tag/sd_o + data_we_q_tag/hc_o,0,280,0.0,0.0
alu_operand_c_ex_o_tag/hc_o + alu_operand_c_ex_o_tag/sd_o,0,280,0.0,0.0
alu_operand_c_ex_o_tag/hc_o + check_s1_o_tag/sd_o,0,280,0.0,0.0
alu_operand_c_ex_o_tag/hc_o + check_s2_o_tag/sd_o,0,280,0.0,0.0
alu_operand_c_ex_o_tag/hc_o + check_d_o_tag/sd_o,0,280,0.0,0.0
alu_operand_c_ex_o_tag/hc_o + register_set_o_tag/sd_o,0,280,0.0,0.0
alu_operand_c_ex_o_tag/hc_o + is_store_post_o_tag/sd_o,0,280,0.0,0.0
alu_operand_c_ex_o_tag/hc_o + memory_set_o_tag/sd_o,0,280,0.0,0.0
alu_operand_c_ex_o_tag/hc_o + sd_o_rf_tag,0,280,0.0,0.0
alu_operand_c_ex_o_tag/hc_o + rs1_o_tag/sd_o,0,280,0.0,0.0
alu_operand_c_ex_o_tag/hc_o + data_we_q_tag/sd_o,0,280,0.0,0.0
alu_operand_c_ex_o_tag/hc_o + rdata_offset_q_tag/sd_o,0,280,0.0,0.0
alu_operand_c_ex_o_tag/hc_o + data_type_q_tag/sd_o,0,280,0.0,0.0
alu_operand_c_ex_o_tag/hc_o + rdata_q_tag/sd_o,0,280,0.0,0.0
alu_operand_c_ex_o_tag/sd_o + check_s1_o_tag/hc_o,0,280,0.0,0.0
alu_operand_c_ex_o_tag/sd_o + check_s2_o_tag/hc_o,0,280,0.0,0.0
alu_operand_c_ex_o_tag/sd_o + check_d_o_tag/hc_o,0,280,0.0,0.0
alu_operand_c_ex_o_tag/sd_o + register_set_o_tag/hc_o,0,280,0.0,0.0
alu_operand_c_ex_o_tag/sd_o + is_store_post_o_tag/hc_o,0,280,0.0,0.0
alu_operand_c_ex_o_tag/sd_o + memory_set_o_tag/hc_o,0,280,0.0,0.0
alu_operand_c_ex_o_tag/sd_o + rs1_o_tag/hc_o,0,280,0.0,0.0
alu_operand_c_ex_o_tag/sd_o + data_we_q_tag/hc_o,0,280,0.0,0.0
check_s1_o_tag/hc_o + check_s2_o_tag/sd_o,0,280,0.0,0.0
check_d_o_tag/sd_o + check_s1_o_tag/hc_o,0,280,0.0,0.0
check_s1_o_tag/hc_o + register_set_o_tag/sd_o,0,280,0.0,0.0
check_s1_o_tag/hc_o + is_store_post_o_tag/sd_o,0,280,0.0,0.0
check_s1_o_tag/hc_o + memory_set_o_tag/sd_o,0,280,0.0,0.0
check_s1_o_tag/hc_o + sd_o_rf_tag,0,280,0.0,0.0
check_s1_o_tag/hc_o + rs1_o_tag/sd_o,0,280,0.0,0.0
check_s1_o_tag/hc_o + data_we_q_tag/sd_o,0,280,0.0,0.0
check_s1_o_tag/hc_o + rdata_offset_q_tag/sd_o,0,280,0.0,0.0
check_s1_o_tag/hc_o + data_type_q_tag/sd_o,0,280,0.0,0.0
check_s1_o_tag/hc_o + rdata_q_tag/sd_o,0,280,0.0,0.0
check_s1_o_tag/sd_o + check_s2_o_tag/hc_o,0,280,0.0,0.0
check_d_o_tag/hc_o + check_s1_o_tag/sd_o,0,280,0.0,0.0
check_s1_o_tag/sd_o + register_set_o_tag/hc_o,0,280,0.0,0.0
check_s1_o_tag/sd_o + is_store_post_o_tag/hc_o,0,280,0.0,0.0
check_s1_o_tag/sd_o + memory_set_o_tag/hc_o,0,280,0.0,0.0
check_s1_o_tag/sd_o + rs1_o_tag/hc_o,0,280,0.0,0.0
check_s1_o_tag/sd_o + data_we_q_tag/hc_o,0,280,0.0,0.0
check_s2_o_tag/hc_o + check_s2_o_tag/sd_o,0,280,0.0,0.0
check_d_o_tag/sd_o + check_s2_o_tag/hc_o,0,280,0.0,0.0
check_s2_o_tag/hc_o + register_set_o_tag/sd_o,0,280,0.0,0.0
check_s2_o_tag/hc_o + is_store_post_o_tag/sd_o,0,280,0.0,0.0
check_s2_o_tag/hc_o + memory_set_o_tag/sd_o,0,280,0.0,0.0
check_s2_o_tag/hc_o + sd_o_rf_tag,0,280,0.0,0.0
check_s2_o_tag/hc_o + rs1_o_tag/sd_o,0,280,0.0,0.0
check_s2_o_tag/hc_o + data_we_q_tag/sd_o,0,280,0.0,0.0
check_s2_o_tag/hc_o + rdata_offset_q_tag/sd_o,0,280,0.0,0.0
check_s2_o_tag/hc_o + data_type_q_tag/sd_o,0,280,0.0,0.0
check_s2_o_tag/hc_o + rdata_q_tag/sd_o,0,280,0.0,0.0
check_d_o_tag/hc_o + check_s2_o_tag/sd_o,0,280,0.0,0.0
check_s2_o_tag/sd_o + register_set_o_tag/hc_o,0,280,0.0,0.0
check_s2_o_tag/sd_o + is_store_post_o_tag/hc_o,0,280,0.0,0.0
check_s2_o_tag/sd_o + memory_set_o_tag/hc_o,0,280,0.0,0.0
check_s2_o_tag/sd_o + rs1_o_tag/hc_o,0,280,0.0,0.0
check_s2_o_tag/sd_o + data_we_q_tag/hc_o,0,280,0.0,0.0
check_d_o_tag/hc_o + check_d_o_tag/sd_o,0,280,0.0,0.0
check_d_o_tag/hc_o + register_set_o_tag/sd_o,0,280,0.0,0.0
check_d_o_tag/hc_o + is_store_post_o_tag/sd_o,0,280,0.0,0.0
check_d_o_tag/hc_o + memory_set_o_tag/sd_o,0,280,0.0,0.0
check_d_o_tag/hc_o + sd_o_rf_tag,0,280,0.0,0.0
check_d_o_tag/hc_o + rs1_o_tag/sd_o,0,280,0.0,0.0
check_d_o_tag/hc_o + data_we_q_tag/sd_o,0,280,0.0,0.0
check_d_o_tag/hc_o + rdata_offset_q_tag/sd_o,0,280,0.0,0.0
check_d_o_tag/hc_o + data_type_q_tag/sd_o,0,280,0.0,0.0
check_d_o_tag/hc_o + rdata_q_tag/sd_o,0,280,0.0,0.0
check_d_o_tag/sd_o + register_set_o_tag/hc_o,0,280,0.0,0.0
check_d_o_tag/sd_o + is_store_post_o_tag/hc_o,0,280,0.0,0.0
check_d_o_tag/sd_o + memory_set_o_tag/hc_o,0,280,0.0,0.0
check_d_o_tag/sd_o + rs1_o_tag/hc_o,0,280,0.0,0.0
check_d_o_tag/sd_o + data_we_q_tag/hc_o,0,280,0.0,0.0
register_set_o_tag/hc_o + register_set_o_tag/sd_o,0,280,0.0,0.0
is_store_post_o_tag/sd_o + register_set_o_tag/hc_o,0,280,0.0,0.0
memory_set_o_tag/sd_o + register_set_o_tag/hc_o,0,280,0.0,0.0
register_set_o_tag/hc_o + sd_o_rf_tag,0,280,0.0,0.0
register_set_o_tag/hc_o + rs1_o_tag/sd_o,0,280,0.0,0.0
data_we_q_tag/sd_o + register_set_o_tag/hc_o,0,280,0.0,0.0
rdata_offset_q_tag/sd_o + register_set_o_tag/hc_o,0,280,0.0,0.0
data_type_q_tag/sd_o + register_set_o_tag/hc_o,0,280,0.0,0.0
rdata_q_tag/sd_o + register_set_o_tag/hc_o,0,280,0.0,0.0
is_store_post_o_tag/hc_o + register_set_o_tag/sd_o,0,280,0.0,0.0
memory_set_o_tag/hc_o + register_set_o_tag/sd_o,0,280,0.0,0.0
register_set_o_tag/sd_o + rs1_o_tag/hc_o,0,280,0.0,0.0
data_we_q_tag/hc_o + register_set_o_tag/sd_o,0,280,0.0,0.0
is_store_post_o_tag/hc_o + is_store_post_o_tag/sd_o,0,280,0.0,0.0
is_store_post_o_tag/hc_o + memory_set_o_tag/sd_o,0,280,0.0,0.0
is_store_post_o_tag/hc_o + sd_o_rf_tag,0,280,0.0,0.0
is_store_post_o_tag/hc_o + rs1_o_tag/sd_o,0,280,0.0,0.0
data_we_q_tag/sd_o + is_store_post_o_tag/hc_o,0,280,0.0,0.0
is_store_post_o_tag/hc_o + rdata_offset_q_tag/sd_o,0,280,0.0,0.0
data_type_q_tag/sd_o + is_store_post_o_tag/hc_o,0,280,0.0,0.0
is_store_post_o_tag/hc_o + rdata_q_tag/sd_o,0,280,0.0,0.0
is_store_post_o_tag/sd_o + memory_set_o_tag/hc_o,0,280,0.0,0.0
is_store_post_o_tag/sd_o + rs1_o_tag/hc_o,0,280,0.0,0.0
data_we_q_tag/hc_o + is_store_post_o_tag/sd_o,0,280,0.0,0.0
memory_set_o_tag/hc_o + sd_o_rf_tag,0,280,0.0,0.0
memory_set_o_tag/hc_o + rs1_o_tag/sd_o,0,280,0.0,0.0
data_we_q_tag/sd_o + memory_set_o_tag/hc_o,0,280,0.0,0.0
memory_set_o_tag/hc_o + rdata_offset_q_tag/sd_o,0,280,0.0,0.0
data_type_q_tag/sd_o + memory_set_o_tag/hc_o,0,280,0.0,0.0
memory_set_o_tag/hc_o + rdata_q_tag/sd_o,0,280,0.0,0.0
memory_set_o_tag/sd_o + rs1_o_tag/hc_o,0,280,0.0,0.0
data_we_q_tag/hc_o + memory_set_o_tag/sd_o,0,280,0.0,0.0
rs1_o_tag/hc_o + sd_o_rf_tag,0,280,0.0,0.0
data_we_q_tag/hc_o + sd_o_rf_tag,0,280,0.0,0.0
rs1_o_tag/hc_o + rs1_o_tag/sd_o,0,280,0.0,0.0
data_we_q_tag/sd_o + rs1_o_tag/hc_o,0,280,0.0,0.0
rdata_offset_q_tag/sd_o + rs1_o_tag/hc_o,0,280,0.0,0.0
data_type_q_tag/sd_o + rs1_o_tag/hc_o,0,280,0.0,0.0
rdata_q_tag/sd_o + rs1_o_tag/hc_o,0,280,0.0,0.0
data_we_q_tag/hc_o + rs1_o_tag/sd_o,0,280,0.0,0.0
data_we_q_tag/hc_o + data_we_q_tag/sd_o,0,280,0.0,0.0
data_we_q_tag/hc_o + rdata_offset_q_tag/sd_o,0,280,0.0,0.0
data_type_q_tag/sd_o + data_we_q_tag/hc_o,0,280,0.0,0.0
data_we_q_tag/hc_o + rdata_q_tag/sd_o,0,280,0.0,0.0
data_type_q_tag + tcr_execute/sd_o,0,280,0.0,0.0
rdata_offset_q_tag + tcr_execute/sd_o,0,280,0.0,0.0
alu_operator_o_mode + tcr_execute/sd_o,0,280,0.0,0.0
sd_o_rf_tag + tcr_execute/hc_o,0,280,0.0,0.0
data_type_q_tag + sp_o_32,0,280,0.0,0.0
rdata_offset_q_tag + sp_o_32,0,280,0.0,0.0
id_stage/sd_o + if_stage/hc_o,0,266,0.0,0.0
ex_stage/sd_o + if_stage/hc_o,0,266,0.0,0.0
if_stage/hc_o + tpr/sd_o_32,0,266,0.0,0.0
if_stage/hc_o + tcr/sd_o_32,0,266,0.0,0.0
if_stage/hc_o + lsu/sd_o,0,266,0.0,0.0
alu_operator_o_mode/hc_o + tpr/sd_o_32,0,266,0.0,0.0
alu_operator_o_mode/hc_o + tcr/sd_o_32,0,266,0.0,0.0
rdata_offset_q_tag/hc_o + tpr/sd_o_32,0,266,0.0,0.0
data_type_q_tag/hc_o + tpr/sd_o_32,0,266,0.0,0.0
rdata_q_tag/hc_o + tpr/sd_o_32,0,266,0.0,0.0
rdata_offset_q_tag/hc_o + tcr/sd_o_32,0,266,0.0,0.0
data_type_q_tag/hc_o + tcr/sd_o_32,0,266,0.0,0.0
rdata_q_tag/hc_o + tcr/sd_o_32,0,266,0.0,0.0
pc_if_o_tag/sd_o + tpr_arith/hc_o,0,266,0.0,0.0
pc_if_o_tag/sd_o + tpr_branch/hc_o,0,266,0.0,0.0
pc_if_o_tag/sd_o + tpr_jump/hc_o,0,266,0.0,0.0
pc_if_o_tag/sd_o + tpr_shift/hc_o,0,266,0.0,0.0
pc_if_o_tag/sd_o + tpr_comparison/hc_o,0,266,0.0,0.0
pc_if_o_tag/sd_o + tpr_logical/hc_o,0,266,0.0,0.0
pc_if_o_tag/sd_o + tpr_load_store_mode/hc_o,0,266,0.0,0.0
pc_if_o_tag/sd_o + tpr_load_store_enable/hc_o,0,266,0.0,0.0
pc_if_o_tag/sd_o + tcr_arith/hc_o,0,266,0.0,0.0
pc_if_o_tag/sd_o + tcr_branch/hc_o,0,266,0.0,0.0
pc_if_o_tag/sd_o + tcr_jump/hc_o,0,266,0.0,0.0
pc_if_o_tag/sd_o + tcr_shift/hc_o,0,266,0.0,0.0
pc_if_o_tag/sd_o + tcr_comparison/hc_o,0,266,0.0,0.0
pc_if_o_tag/sd_o + tcr_logical/hc_o,0,266,0.0,0.0
pc_id_o_tag/sd_o + tpr_arith/hc_o,0,266,0.0,0.0
pc_id_o_tag/sd_o + tpr_branch/hc_o,0,266,0.0,0.0
pc_id_o_tag/sd_o + tpr_jump/hc_o,0,266,0.0,0.0
pc_id_o_tag/sd_o + tpr_shift/hc_o,0,266,0.0,0.0
pc_id_o_tag/sd_o + tpr_comparison/hc_o,0,266,0.0,0.0
pc_id_o_tag/sd_o + tpr_logical/hc_o,0,266,0.0,0.0
pc_id_o_tag/sd_o + tpr_load_store_mode/hc_o,0,266,0.0,0.0
pc_id_o_tag/sd_o + tpr_load_store_enable/hc_o,0,266,0.0,0.0
pc_id_o_tag/sd_o + tcr_arith/hc_o,0,266,0.0,0.0
pc_id_o_tag/sd_o + tcr_branch/hc_o,0,266,0.0,0.0
pc_id_o_tag/sd_o + tcr_jump/hc_o,0,266,0.0,0.0
pc_id_o_tag/sd_o + tcr_shift/hc_o,0,266,0.0,0.0
pc_id_o_tag/sd_o + tcr_comparison/hc_o,0,266,0.0,0.0
pc_id_o_tag/sd_o + tcr_logical/hc_o,0,266,0.0,0.0
sd_o_5 + tpr_arith/hc_o,0,266,0.0,0.0
sd_o_5 + tpr_branch/hc_o,0,266,0.0,0.0
sd_o_5 + tpr_jump/hc_o,0,266,0.0,0.0
sd_o_5 + tpr_shift/hc_o,0,266,0.0,0.0
sd_o_5 + tpr_comparison/hc_o,0,266,0.0,0.0
sd_o_5 + tpr_logical/hc_o,0,266,0.0,0.0
sd_o_5 + tpr_load_store_mode/hc_o,0,266,0.0,0.0
sd_o_5 + tpr_load_store_enable/hc_o,0,266,0.0,0.0
sd_o_5 + tcr_arith/hc_o,0,266,0.0,0.0
sd_o_5 + tcr_branch/hc_o,0,266,0.0,0.0
sd_o_5 + tcr_jump/hc_o,0,266,0.0,0.0
sd_o_5 + tcr_shift/hc_o,0,266,0.0,0.0
sd_o_5 + tcr_comparison/hc_o,0,266,0.0,0.0
sd_o_5 + tcr_logical/hc_o,0,266,0.0,0.0
alu_operator_o_mode/hc_o + tpr_arith/sd_o,0,266,0.0,0.0
alu_operator_o_mode/hc_o + tpr_branch/sd_o,0,266,0.0,0.0
alu_operator_o_mode/hc_o + tpr_jump/sd_o,0,266,0.0,0.0
alu_operator_o_mode/hc_o + tpr_shift/sd_o,0,266,0.0,0.0
alu_operator_o_mode/hc_o + tpr_comparison/sd_o,0,266,0.0,0.0
alu_operator_o_mode/hc_o + tpr_logical/sd_o,0,266,0.0,0.0
alu_operator_o_mode/hc_o + tpr_load_store_mode/sd_o,0,266,0.0,0.0
alu_operator_o_mode/hc_o + tpr_load_store_enable/sd_o,0,266,0.0,0.0
alu_operator_o_mode/hc_o + tcr_arith/sd_o,0,266,0.0,0.0
alu_operator_o_mode/hc_o + tcr_branch/sd_o,0,266,0.0,0.0
alu_operator_o_mode/hc_o + tcr_jump/sd_o,0,266,0.0,0.0
alu_operator_o_mode/hc_o + tcr_shift/sd_o,0,266,0.0,0.0
alu_operator_o_mode/hc_o + tcr_comparison/sd_o,0,266,0.0,0.0
alu_operator_o_mode/hc_o + tcr_logical/sd_o,0,266,0.0,0.0
alu_operator_o_mode/hc_o + tcr_load_store/sd_o,0,266,0.0,0.0
alu_operator_o_mode/hc_o + tcr_execute/sd_o,0,266,0.0,0.0
alu_operator_o_mode/sd_o + tpr_arith/hc_o,0,266,0.0,0.0
alu_operator_o_mode/sd_o + tpr_branch/hc_o,0,266,0.0,0.0
alu_operator_o_mode/sd_o + tpr_jump/hc_o,0,266,0.0,0.0
alu_operator_o_mode/sd_o + tpr_shift/hc_o,0,266,0.0,0.0
alu_operator_o_mode/sd_o + tpr_comparison/hc_o,0,266,0.0,0.0
alu_operator_o_mode/sd_o + tpr_logical/hc_o,0,266,0.0,0.0
alu_operator_o_mode/sd_o + tpr_load_store_mode/hc_o,0,266,0.0,0.0
alu_operator_o_mode/sd_o + tpr_load_store_enable/hc_o,0,266,0.0,0.0
alu_operator_o_mode/sd_o + tcr_arith/hc_o,0,266,0.0,0.0
alu_operator_o_mode/sd_o + tcr_branch/hc_o,0,266,0.0,0.0
alu_operator_o_mode/sd_o + tcr_jump/hc_o,0,266,0.0,0.0
alu_operator_o_mode/sd_o + tcr_shift/hc_o,0,266,0.0,0.0
alu_operator_o_mode/sd_o + tcr_comparison/hc_o,0,266,0.0,0.0
alu_operator_o_mode/sd_o + tcr_logical/hc_o,0,266,0.0,0.0
store_dest_addr_ex_o_tag/sd_o + tpr_arith/hc_o,0,266,0.0,0.0
store_dest_addr_ex_o_tag/sd_o + tpr_branch/hc_o,0,266,0.0,0.0
store_dest_addr_ex_o_tag/sd_o + tpr_jump/hc_o,0,266,0.0,0.0
store_dest_addr_ex_o_tag/sd_o + tpr_shift/hc_o,0,266,0.0,0.0
store_dest_addr_ex_o_tag/sd_o + tpr_comparison/hc_o,0,266,0.0,0.0
store_dest_addr_ex_o_tag/sd_o + tpr_logical/hc_o,0,266,0.0,0.0
store_dest_addr_ex_o_tag/sd_o + tpr_load_store_mode/hc_o,0,266,0.0,0.0
store_dest_addr_ex_o_tag/sd_o + tpr_load_store_enable/hc_o,0,266,0.0,0.0
store_dest_addr_ex_o_tag/sd_o + tcr_arith/hc_o,0,266,0.0,0.0
store_dest_addr_ex_o_tag/sd_o + tcr_branch/hc_o,0,266,0.0,0.0
store_dest_addr_ex_o_tag/sd_o + tcr_jump/hc_o,0,266,0.0,0.0
store_dest_addr_ex_o_tag/sd_o + tcr_shift/hc_o,0,266,0.0,0.0
store_dest_addr_ex_o_tag/sd_o + tcr_comparison/hc_o,0,266,0.0,0.0
store_dest_addr_ex_o_tag/sd_o + tcr_logical/hc_o,0,266,0.0,0.0
store_source_ex_o_tag/sd_o + tpr_arith/hc_o,0,266,0.0,0.0
store_source_ex_o_tag/sd_o + tpr_branch/hc_o,0,266,0.0,0.0
store_source_ex_o_tag/sd_o + tpr_jump/hc_o,0,266,0.0,0.0
store_source_ex_o_tag/sd_o + tpr_shift/hc_o,0,266,0.0,0.0
store_source_ex_o_tag/sd_o + tpr_comparison/hc_o,0,266,0.0,0.0
store_source_ex_o_tag/sd_o + tpr_logical/hc_o,0,266,0.0,0.0
store_source_ex_o_tag/sd_o + tpr_load_store_mode/hc_o,0,266,0.0,0.0
store_source_ex_o_tag/sd_o + tpr_load_store_enable/hc_o,0,266,0.0,0.0
store_source_ex_o_tag/sd_o + tcr_arith/hc_o,0,266,0.0,0.0
store_source_ex_o_tag/sd_o + tcr_branch/hc_o,0,266,0.0,0.0
store_source_ex_o_tag/sd_o + tcr_jump/hc_o,0,266,0.0,0.0
store_source_ex_o_tag/sd_o + tcr_shift/hc_o,0,266,0.0,0.0
store_source_ex_o_tag/sd_o + tcr_comparison/hc_o,0,266,0.0,0.0
store_source_ex_o_tag/sd_o + tcr_logical/hc_o,0,266,0.0,0.0
tpr_arith/hc_o + use_store_ops_ex_o/sd_o,0,266,0.0,0.0
tpr_branch/hc_o + use_store_ops_ex_o/sd_o,0,266,0.0,0.0
tpr_jump/hc_o + use_store_ops_ex_o/sd_o,0,266,0.0,0.0
tpr_shift/hc_o + use_store_ops_ex_o/sd_o,0,266,0.0,0.0
tpr_comparison/hc_o + use_store_ops_ex_o/sd_o,0,266,0.0,0.0
tpr_logical/hc_o + use_store_ops_ex_o/sd_o,0,266,0.0,0.0
tpr_load_store_mode/hc_o + use_store_ops_ex_o/sd_o,0,266,0.0,0.0
tpr_load_store_enable/hc_o + use_store_ops_ex_o/sd_o,0,266,0.0,0.0
tcr_arith/hc_o + use_store_ops_ex_o/sd_o,0,266,0.0,0.0
tcr_branch/hc_o + use_store_ops_ex_o/sd_o,0,266,0.0,0.0
tcr_jump/hc_o + use_store_ops_ex_o/sd_o,0,266,0.0,0.0
tcr_shift/hc_o + use_store_ops_ex_o/sd_o,0,266,0.0,0.0
tcr_comparison/hc_o + use_store_ops_ex_o/sd_o,0,266,0.0,0.0
tcr_logical/hc_o + use_store_ops_ex_o/sd_o,0,266,0.0,0.0
alu_operand_a_ex_o_tag/sd_o + tpr_arith/hc_o,0,266,0.0,0.0
alu_operand_a_ex_o_tag/sd_o + tpr_branch/hc_o,0,266,0.0,0.0
alu_operand_a_ex_o_tag/sd_o + tpr_jump/hc_o,0,266,0.0,0.0
alu_operand_a_ex_o_tag/sd_o + tpr_shift/hc_o,0,266,0.0,0.0
alu_operand_a_ex_o_tag/sd_o + tpr_comparison/hc_o,0,266,0.0,0.0
alu_operand_a_ex_o_tag/sd_o + tpr_logical/hc_o,0,266,0.0,0.0
alu_operand_a_ex_o_tag/sd_o + tpr_load_store_mode/hc_o,0,266,0.0,0.0
alu_operand_a_ex_o_tag/sd_o + tpr_load_store_enable/hc_o,0,266,0.0,0.0
alu_operand_a_ex_o_tag/sd_o + tcr_arith/hc_o,0,266,0.0,0.0
alu_operand_a_ex_o_tag/sd_o + tcr_branch/hc_o,0,266,0.0,0.0
alu_operand_a_ex_o_tag/sd_o + tcr_jump/hc_o,0,266,0.0,0.0
alu_operand_a_ex_o_tag/sd_o + tcr_shift/hc_o,0,266,0.0,0.0
alu_operand_a_ex_o_tag/sd_o + tcr_comparison/hc_o,0,266,0.0,0.0
alu_operand_a_ex_o_tag/sd_o + tcr_logical/hc_o,0,266,0.0,0.0
alu_operand_b_ex_o_tag/sd_o + tpr_arith/hc_o,0,266,0.0,0.0
alu_operand_b_ex_o_tag/sd_o + tpr_branch/hc_o,0,266,0.0,0.0
alu_operand_b_ex_o_tag/sd_o + tpr_jump/hc_o,0,266,0.0,0.0
alu_operand_b_ex_o_tag/sd_o + tpr_shift/hc_o,0,266,0.0,0.0
alu_operand_b_ex_o_tag/sd_o + tpr_comparison/hc_o,0,266,0.0,0.0
alu_operand_b_ex_o_tag/sd_o + tpr_logical/hc_o,0,266,0.0,0.0
alu_operand_b_ex_o_tag/sd_o + tpr_load_store_mode/hc_o,0,266,0.0,0.0
alu_operand_b_ex_o_tag/sd_o + tpr_load_store_enable/hc_o,0,266,0.0,0.0
alu_operand_b_ex_o_tag/sd_o + tcr_arith/hc_o,0,266,0.0,0.0
alu_operand_b_ex_o_tag/sd_o + tcr_branch/hc_o,0,266,0.0,0.0
alu_operand_b_ex_o_tag/sd_o + tcr_jump/hc_o,0,266,0.0,0.0
alu_operand_b_ex_o_tag/sd_o + tcr_shift/hc_o,0,266,0.0,0.0
alu_operand_b_ex_o_tag/sd_o + tcr_comparison/hc_o,0,266,0.0,0.0
alu_operand_b_ex_o_tag/sd_o + tcr_logical/hc_o,0,266,0.0,0.0
alu_operand_c_ex_o_tag/sd_o + tpr_arith/hc_o,0,266,0.0,0.0
alu_operand_c_ex_o_tag/sd_o + tpr_branch/hc_o,0,266,0.0,0.0
alu_operand_c_ex_o_tag/sd_o + tpr_jump/hc_o,0,266,0.0,0.0
alu_operand_c_ex_o_tag/sd_o + tpr_shift/hc_o,0,266,0.0,0.0
alu_operand_c_ex_o_tag/sd_o + tpr_comparison/hc_o,0,266,0.0,0.0
alu_operand_c_ex_o_tag/sd_o + tpr_logical/hc_o,0,266,0.0,0.0
alu_operand_c_ex_o_tag/sd_o + tpr_load_store_mode/hc_o,0,266,0.0,0.0
alu_operand_c_ex_o_tag/sd_o + tpr_load_store_enable/hc_o,0,266,0.0,0.0
alu_operand_c_ex_o_tag/sd_o + tcr_arith/hc_o,0,266,0.0,0.0
alu_operand_c_ex_o_tag/sd_o + tcr_branch/hc_o,0,266,0.0,0.0
alu_operand_c_ex_o_tag/sd_o + tcr_jump/hc_o,0,266,0.0,0.0
alu_operand_c_ex_o_tag/sd_o + tcr_shift/hc_o,0,266,0.0,0.0
alu_operand_c_ex_o_tag/sd_o + tcr_comparison/hc_o,0,266,0.0,0.0
alu_operand_c_ex_o_tag/sd_o + tcr_logical/hc_o,0,266,0.0,0.0
check_s1_o_tag/sd_o + tpr_arith/hc_o,0,266,0.0,0.0
check_s1_o_tag/sd_o + tpr_branch/hc_o,0,266,0.0,0.0
check_s1_o_tag/sd_o + tpr_jump/hc_o,0,266,0.0,0.0
check_s1_o_tag/sd_o + tpr_shift/hc_o,0,266,0.0,0.0
check_s1_o_tag/sd_o + tpr_comparison/hc_o,0,266,0.0,0.0
check_s1_o_tag/sd_o + tpr_logical/hc_o,0,266,0.0,0.0
check_s1_o_tag/sd_o + tpr_load_store_mode/hc_o,0,266,0.0,0.0
check_s1_o_tag/sd_o + tpr_load_store_enable/hc_o,0,266,0.0,0.0
check_s1_o_tag/sd_o + tcr_arith/hc_o,0,266,0.0,0.0
check_s1_o_tag/sd_o + tcr_branch/hc_o,0,266,0.0,0.0
check_s1_o_tag/sd_o + tcr_jump/hc_o,0,266,0.0,0.0
check_s1_o_tag/sd_o + tcr_shift/hc_o,0,266,0.0,0.0
check_s1_o_tag/sd_o + tcr_comparison/hc_o,0,266,0.0,0.0
check_s1_o_tag/sd_o + tcr_logical/hc_o,0,266,0.0,0.0
check_s2_o_tag/sd_o + tpr_arith/hc_o,0,266,0.0,0.0
check_s2_o_tag/sd_o + tpr_branch/hc_o,0,266,0.0,0.0
check_s2_o_tag/sd_o + tpr_jump/hc_o,0,266,0.0,0.0
check_s2_o_tag/sd_o + tpr_shift/hc_o,0,266,0.0,0.0
check_s2_o_tag/sd_o + tpr_comparison/hc_o,0,266,0.0,0.0
check_s2_o_tag/sd_o + tpr_logical/hc_o,0,266,0.0,0.0
check_s2_o_tag/sd_o + tpr_load_store_mode/hc_o,0,266,0.0,0.0
check_s2_o_tag/sd_o + tpr_load_store_enable/hc_o,0,266,0.0,0.0
check_s2_o_tag/sd_o + tcr_arith/hc_o,0,266,0.0,0.0
check_s2_o_tag/sd_o + tcr_branch/hc_o,0,266,0.0,0.0
check_s2_o_tag/sd_o + tcr_jump/hc_o,0,266,0.0,0.0
check_s2_o_tag/sd_o + tcr_shift/hc_o,0,266,0.0,0.0
check_s2_o_tag/sd_o + tcr_comparison/hc_o,0,266,0.0,0.0
check_s2_o_tag/sd_o + tcr_logical/hc_o,0,266,0.0,0.0
check_d_o_tag/sd_o + tpr_arith/hc_o,0,266,0.0,0.0
check_d_o_tag/sd_o + tpr_branch/hc_o,0,266,0.0,0.0
check_d_o_tag/sd_o + tpr_jump/hc_o,0,266,0.0,0.0
check_d_o_tag/sd_o + tpr_shift/hc_o,0,266,0.0,0.0
check_d_o_tag/sd_o + tpr_comparison/hc_o,0,266,0.0,0.0
check_d_o_tag/sd_o + tpr_logical/hc_o,0,266,0.0,0.0
check_d_o_tag/sd_o + tpr_load_store_mode/hc_o,0,266,0.0,0.0
check_d_o_tag/sd_o + tpr_load_store_enable/hc_o,0,266,0.0,0.0
check_d_o_tag/sd_o + tcr_arith/hc_o,0,266,0.0,0.0
check_d_o_tag/sd_o + tcr_branch/hc_o,0,266,0.0,0.0
check_d_o_tag/sd_o + tcr_jump/hc_o,0,266,0.0,0.0
check_d_o_tag/sd_o + tcr_shift/hc_o,0,266,0.0,0.0
check_d_o_tag/sd_o + tcr_comparison/hc_o,0,266,0.0,0.0
check_d_o_tag/sd_o + tcr_logical/hc_o,0,266,0.0,0.0
register_set_o_tag/sd_o + tpr_arith/hc_o,0,266,0.0,0.0
register_set_o_tag/sd_o + tpr_branch/hc_o,0,266,0.0,0.0
register_set_o_tag/sd_o + tpr_jump/hc_o,0,266,0.0,0.0
register_set_o_tag/sd_o + tpr_shift/hc_o,0,266,0.0,0.0
register_set_o_tag/sd_o + tpr_comparison/hc_o,0,266,0.0,0.0
register_set_o_tag/sd_o + tpr_logical/hc_o,0,266,0.0,0.0
register_set_o_tag/sd_o + tpr_load_store_mode/hc_o,0,266,0.0,0.0
register_set_o_tag/sd_o + tpr_load_store_enable/hc_o,0,266,0.0,0.0
register_set_o_tag/sd_o + tcr_arith/hc_o,0,266,0.0,0.0
register_set_o_tag/sd_o + tcr_branch/hc_o,0,266,0.0,0.0
register_set_o_tag/sd_o + tcr_jump/hc_o,0,266,0.0,0.0
register_set_o_tag/sd_o + tcr_shift/hc_o,0,266,0.0,0.0
register_set_o_tag/sd_o + tcr_comparison/hc_o,0,266,0.0,0.0
register_set_o_tag/sd_o + tcr_logical/hc_o,0,266,0.0,0.0
is_store_post_o_tag/sd_o + tpr_arith/hc_o,0,266,0.0,0.0
is_store_post_o_tag/sd_o + tpr_branch/hc_o,0,266,0.0,0.0
is_store_post_o_tag/sd_o + tpr_jump/hc_o,0,266,0.0,0.0
is_store_post_o_tag/sd_o + tpr_shift/hc_o,0,266,0.0,0.0
is_store_post_o_tag/sd_o + tpr_comparison/hc_o,0,266,0.0,0.0
is_store_post_o_tag/sd_o + tpr_logical/hc_o,0,266,0.0,0.0
is_store_post_o_tag/sd_o + tpr_load_store_mode/hc_o,0,266,0.0,0.0
is_store_post_o_tag/sd_o + tpr_load_store_enable/hc_o,0,266,0.0,0.0
is_store_post_o_tag/sd_o + tcr_arith/hc_o,0,266,0.0,0.0
is_store_post_o_tag/sd_o + tcr_branch/hc_o,0,266,0.0,0.0
is_store_post_o_tag/sd_o + tcr_jump/hc_o,0,266,0.0,0.0
is_store_post_o_tag/sd_o + tcr_shift/hc_o,0,266,0.0,0.0
is_store_post_o_tag/sd_o + tcr_comparison/hc_o,0,266,0.0,0.0
is_store_post_o_tag/sd_o + tcr_logical/hc_o,0,266,0.0,0.0
memory_set_o_tag/sd_o + tpr_arith/hc_o,0,266,0.0,0.0
memory_set_o_tag/sd_o + tpr_branch/hc_o,0,266,0.0,0.0
memory_set_o_tag/sd_o + tpr_jump/hc_o,0,266,0.0,0.0
memory_set_o_tag/sd_o + tpr_shift/hc_o,0,266,0.0,0.0
memory_set_o_tag/sd_o + tpr_comparison/hc_o,0,266,0.0,0.0
memory_set_o_tag/sd_o + tpr_logical/hc_o,0,266,0.0,0.0
memory_set_o_tag/sd_o + tpr_load_store_mode/hc_o,0,266,0.0,0.0
memory_set_o_tag/sd_o + tpr_load_store_enable/hc_o,0,266,0.0,0.0
memory_set_o_tag/sd_o + tcr_arith/hc_o,0,266,0.0,0.0
memory_set_o_tag/sd_o + tcr_branch/hc_o,0,266,0.0,0.0
memory_set_o_tag/sd_o + tcr_jump/hc_o,0,266,0.0,0.0
memory_set_o_tag/sd_o + tcr_shift/hc_o,0,266,0.0,0.0
memory_set_o_tag/sd_o + tcr_comparison/hc_o,0,266,0.0,0.0
memory_set_o_tag/sd_o + tcr_logical/hc_o,0,266,0.0,0.0
sd_o_rf_tag + tpr_arith/hc_o,0,266,0.0,0.0
sd_o_rf_tag + tpr_branch/hc_o,0,266,0.0,0.0
sd_o_rf_tag + tpr_jump/hc_o,0,266,0.0,0.0
sd_o_rf_tag + tpr_shift/hc_o,0,266,0.0,0.0
sd_o_rf_tag + tpr_comparison/hc_o,0,266,0.0,0.0
sd_o_rf_tag + tpr_logical/hc_o,0,266,0.0,0.0
sd_o_rf_tag + tpr_load_store_mode/hc_o,0,266,0.0,0.0
sd_o_rf_tag + tpr_load_store_enable/hc_o,0,266,0.0,0.0
sd_o_rf_tag + tcr_arith/hc_o,0,266,0.0,0.0
sd_o_rf_tag + tcr_branch/hc_o,0,266,0.0,0.0
sd_o_rf_tag + tcr_jump/hc_o,0,266,0.0,0.0
sd_o_rf_tag + tcr_shift/hc_o,0,266,0.0,0.0
sd_o_rf_tag + tcr_comparison/hc_o,0,266,0.0,0.0
sd_o_rf_tag + tcr_logical/hc_o,0,266,0.0,0.0
rs1_o_tag/sd_o + tpr_arith/hc_o,0,266,0.0,0.0
rs1_o_tag/sd_o + tpr_branch/hc_o,0,266,0.0,0.0
rs1_o_tag/sd_o + tpr_jump/hc_o,0,266,0.0,0.0
rs1_o_tag/sd_o + tpr_shift/hc_o,0,266,0.0,0.0
rs1_o_tag/sd_o + tpr_comparison/hc_o,0,266,0.0,0.0
rs1_o_tag/sd_o + tpr_logical/hc_o,0,266,0.0,0.0
rs1_o_tag/sd_o + tpr_load_store_mode/hc_o,0,266,0.0,0.0
rs1_o_tag/sd_o + tpr_load_store_enable/hc_o,0,266,0.0,0.0
rs1_o_tag/sd_o + tcr_arith/hc_o,0,266,0.0,0.0
rs1_o_tag/sd_o + tcr_branch/hc_o,0,266,0.0,0.0
rs1_o_tag/sd_o + tcr_jump/hc_o,0,266,0.0,0.0
rs1_o_tag/sd_o + tcr_shift/hc_o,0,266,0.0,0.0
rs1_o_tag/sd_o + tcr_comparison/hc_o,0,266,0.0,0.0
rs1_o_tag/sd_o + tcr_logical/hc_o,0,266,0.0,0.0
tpr_arith/hc_o + tpr_arith/sd_o,0,266,0.0,0.0
tpr_arith/hc_o + tpr_branch/sd_o,0,266,0.0,0.0
tpr_arith/hc_o + tpr_jump/sd_o,0,266,0.0,0.0
tpr_arith/hc_o + tpr_shift/sd_o,0,266,0.0,0.0
tpr_arith/hc_o + tpr_comparison/sd_o,0,266,0.0,0.0
tpr_arith/hc_o + tpr_logical/sd_o,0,266,0.0,0.0
tpr_arith/hc_o + tpr_load_store_mode/sd_o,0,266,0.0,0.0
tpr_arith/hc_o + tpr_load_store_enable/sd_o,0,266,0.0,0.0
tcr_arith/sd_o + tpr_arith/hc_o,0,266,0.0,0.0
tcr_branch/sd_o + tpr_arith/hc_o,0,266,0.0,0.0
tcr_jump/sd_o + tpr_arith/hc_o,0,266,0.0,0.0
tcr_shift/sd_o + tpr_arith/hc_o,0,266,0.0,0.0
tcr_comparison/sd_o + tpr_arith/hc_o,0,266,0.0,0.0
tcr_logical/sd_o + tpr_arith/hc_o,0,266,0.0,0.0
tcr_load_store/sd_o + tpr_arith/hc_o,0,266,0.0,0.0
tcr_execute/sd_o + tpr_arith/hc_o,0,266,0.0,0.0
data_we_q_tag/sd_o + tpr_arith/hc_o,0,266,0.0,0.0
rdata_offset_q_tag/sd_o + tpr_arith/hc_o,0,266,0.0,0.0
data_type_q_tag/sd_o + tpr_arith/hc_o,0,266,0.0,0.0
rdata_q_tag/sd_o + tpr_arith/hc_o,0,266,0.0,0.0
tpr_arith/sd_o + tpr_branch/hc_o,0,266,0.0,0.0
tpr_arith/sd_o + tpr_jump/hc_o,0,266,0.0,0.0
tpr_arith/sd_o + tpr_shift/hc_o,0,266,0.0,0.0
tpr_arith/sd_o + tpr_comparison/hc_o,0,266,0.0,0.0
tpr_arith/sd_o + tpr_logical/hc_o,0,266,0.0,0.0
tpr_arith/sd_o + tpr_load_store_mode/hc_o,0,266,0.0,0.0
tpr_arith/sd_o + tpr_load_store_enable/hc_o,0,266,0.0,0.0
tcr_arith/hc_o + tpr_arith/sd_o,0,266,0.0,0.0
tcr_branch/hc_o + tpr_arith/sd_o,0,266,0.0,0.0
tcr_jump/hc_o + tpr_arith/sd_o,0,266,0.0,0.0
tcr_shift/hc_o + tpr_arith/sd_o,0,266,0.0,0.0
tcr_comparison/hc_o + tpr_arith/sd_o,0,266,0.0,0.0
tcr_logical/hc_o + tpr_arith/sd_o,0,266,0.0,0.0
rdata_offset_q_tag/hc_o + tpr_arith/sd_o,0,266,0.0,0.0
data_type_q_tag/hc_o + tpr_arith/sd_o,0,266,0.0,0.0
rdata_q_tag/hc_o + tpr_arith/sd_o,0,266,0.0,0.0
tpr_branch/hc_o + tpr_branch/sd_o,0,266,0.0,0.0
tpr_branch/hc_o + tpr_jump/sd_o,0,266,0.0,0.0
tpr_branch/hc_o + tpr_shift/sd_o,0,266,0.0,0.0
tpr_branch/hc_o + tpr_comparison/sd_o,0,266,0.0,0.0
tpr_branch/hc_o + tpr_logical/sd_o,0,266,0.0,0.0
tpr_branch/hc_o + tpr_load_store_mode/sd_o,0,266,0.0,0.0
tpr_branch/hc_o + tpr_load_store_enable/sd_o,0,266,0.0,0.0
tcr_arith/sd_o + tpr_branch/hc_o,0,266,0.0,0.0
tcr_branch/sd_o + tpr_branch/hc_o,0,266,0.0,0.0
tcr_jump/sd_o + tpr_branch/hc_o,0,266,0.0,0.0
tcr_shift/sd_o + tpr_branch/hc_o,0,266,0.0,0.0
tcr_comparison/sd_o + tpr_branch/hc_o,0,266,0.0,0.0
tcr_logical/sd_o + tpr_branch/hc_o,0,266,0.0,0.0
tcr_load_store/sd_o + tpr_branch/hc_o,0,266,0.0,0.0
tcr_execute/sd_o + tpr_branch/hc_o,0,266,0.0,0.0
data_we_q_tag/sd_o + tpr_branch/hc_o,0,266,0.0,0.0
rdata_offset_q_tag/sd_o + tpr_branch/hc_o,0,266,0.0,0.0
data_type_q_tag/sd_o + tpr_branch/hc_o,0,266,0.0,0.0
rdata_q_tag/sd_o + tpr_branch/hc_o,0,266,0.0,0.0
tpr_branch/sd_o + tpr_jump/hc_o,0,266,0.0,0.0
tpr_branch/sd_o + tpr_shift/hc_o,0,266,0.0,0.0
tpr_branch/sd_o + tpr_comparison/hc_o,0,266,0.0,0.0
tpr_branch/sd_o + tpr_logical/hc_o,0,266,0.0,0.0
tpr_branch/sd_o + tpr_load_store_mode/hc_o,0,266,0.0,0.0
tpr_branch/sd_o + tpr_load_store_enable/hc_o,0,266,0.0,0.0
tcr_arith/hc_o + tpr_branch/sd_o,0,266,0.0,0.0
tcr_branch/hc_o + tpr_branch/sd_o,0,266,0.0,0.0
tcr_jump/hc_o + tpr_branch/sd_o,0,266,0.0,0.0
tcr_shift/hc_o + tpr_branch/sd_o,0,266,0.0,0.0
tcr_comparison/hc_o + tpr_branch/sd_o,0,266,0.0,0.0
tcr_logical/hc_o + tpr_branch/sd_o,0,266,0.0,0.0
rdata_offset_q_tag/hc_o + tpr_branch/sd_o,0,266,0.0,0.0
data_type_q_tag/hc_o + tpr_branch/sd_o,0,266,0.0,0.0
rdata_q_tag/hc_o + tpr_branch/sd_o,0,266,0.0,0.0
tpr_jump/hc_o + tpr_jump/sd_o,0,266,0.0,0.0
tpr_jump/hc_o + tpr_shift/sd_o,0,266,0.0,0.0
tpr_comparison/sd_o + tpr_jump/hc_o,0,266,0.0,0.0
tpr_jump/hc_o + tpr_logical/sd_o,0,266,0.0,0.0
tpr_jump/hc_o + tpr_load_store_mode/sd_o,0,266,0.0,0.0
tpr_jump/hc_o + tpr_load_store_enable/sd_o,0,266,0.0,0.0
tcr_arith/sd_o + tpr_jump/hc_o,0,266,0.0,0.0
tcr_branch/sd_o + tpr_jump/hc_o,0,266,0.0,0.0
tcr_jump/sd_o + tpr_jump/hc_o,0,266,0.0,0.0
tcr_shift/sd_o + tpr_jump/hc_o,0,266,0.0,0.0
tcr_comparison/sd_o + tpr_jump/hc_o,0,266,0.0,0.0
tcr_logical/sd_o + tpr_jump/hc_o,0,266,0.0,0.0
tcr_load_store/sd_o + tpr_jump/hc_o,0,266,0.0,0.0
tcr_execute/sd_o + tpr_jump/hc_o,0,266,0.0,0.0
data_we_q_tag/sd_o + tpr_jump/hc_o,0,266,0.0,0.0
rdata_offset_q_tag/sd_o + tpr_jump/hc_o,0,266,0.0,0.0
data_type_q_tag/sd_o + tpr_jump/hc_o,0,266,0.0,0.0
rdata_q_tag/sd_o + tpr_jump/hc_o,0,266,0.0,0.0
tpr_jump/sd_o + tpr_shift/hc_o,0,266,0.0,0.0
tpr_comparison/hc_o + tpr_jump/sd_o,0,266,0.0,0.0
tpr_jump/sd_o + tpr_logical/hc_o,0,266,0.0,0.0
tpr_jump/sd_o + tpr_load_store_mode/hc_o,0,266,0.0,0.0
tpr_jump/sd_o + tpr_load_store_enable/hc_o,0,266,0.0,0.0
tcr_arith/hc_o + tpr_jump/sd_o,0,266,0.0,0.0
tcr_branch/hc_o + tpr_jump/sd_o,0,266,0.0,0.0
tcr_jump/hc_o + tpr_jump/sd_o,0,266,0.0,0.0
tcr_shift/hc_o + tpr_jump/sd_o,0,266,0.0,0.0
tcr_comparison/hc_o + tpr_jump/sd_o,0,266,0.0,0.0
tcr_logical/hc_o + tpr_jump/sd_o,0,266,0.0,0.0
rdata_offset_q_tag/hc_o + tpr_jump/sd_o,0,266,0.0,0.0
data_type_q_tag/hc_o + tpr_jump/sd_o,0,266,0.0,0.0
rdata_q_tag/hc_o + tpr_jump/sd_o,0,266,0.0,0.0
tpr_shift/hc_o + tpr_shift/sd_o,0,266,0.0,0.0
tpr_comparison/sd_o + tpr_shift/hc_o,0,266,0.0,0.0
tpr_logical/sd_o + tpr_shift/hc_o,0,266,0.0,0.0
tpr_load_store_mode/sd_o + tpr_shift/hc_o,0,266,0.0,0.0
tpr_load_store_enable/sd_o + tpr_shift/hc_o,0,266,0.0,0.0
tcr_arith/sd_o + tpr_shift/hc_o,0,266,0.0,0.0
tcr_branch/sd_o + tpr_shift/hc_o,0,266,0.0,0.0
tcr_jump/sd_o + tpr_shift/hc_o,0,266,0.0,0.0
tcr_shift/sd_o + tpr_shift/hc_o,0,266,0.0,0.0
tcr_comparison/sd_o + tpr_shift/hc_o,0,266,0.0,0.0
tcr_logical/sd_o + tpr_shift/hc_o,0,266,0.0,0.0
tcr_load_store/sd_o + tpr_shift/hc_o,0,266,0.0,0.0
tcr_execute/sd_o + tpr_shift/hc_o,0,266,0.0,0.0
data_we_q_tag/sd_o + tpr_shift/hc_o,0,266,0.0,0.0
rdata_offset_q_tag/sd_o + tpr_shift/hc_o,0,266,0.0,0.0
data_type_q_tag/sd_o + tpr_shift/hc_o,0,266,0.0,0.0
rdata_q_tag/sd_o + tpr_shift/hc_o,0,266,0.0,0.0
tpr_comparison/hc_o + tpr_shift/sd_o,0,266,0.0,0.0
tpr_logical/hc_o + tpr_shift/sd_o,0,266,0.0,0.0
tpr_load_store_mode/hc_o + tpr_shift/sd_o,0,266,0.0,0.0
tpr_load_store_enable/hc_o + tpr_shift/sd_o,0,266,0.0,0.0
tcr_arith/hc_o + tpr_shift/sd_o,0,266,0.0,0.0
tcr_branch/hc_o + tpr_shift/sd_o,0,266,0.0,0.0
tcr_jump/hc_o + tpr_shift/sd_o,0,266,0.0,0.0
tcr_shift/hc_o + tpr_shift/sd_o,0,266,0.0,0.0
tcr_comparison/hc_o + tpr_shift/sd_o,0,266,0.0,0.0
tcr_logical/hc_o + tpr_shift/sd_o,0,266,0.0,0.0
rdata_offset_q_tag/hc_o + tpr_shift/sd_o,0,266,0.0,0.0
data_type_q_tag/hc_o + tpr_shift/sd_o,0,266,0.0,0.0
rdata_q_tag/hc_o + tpr_shift/sd_o,0,266,0.0,0.0
tpr_comparison/hc_o + tpr_comparison/sd_o,0,266,0.0,0.0
tpr_comparison/hc_o + tpr_logical/sd_o,0,266,0.0,0.0
tpr_comparison/hc_o + tpr_load_store_mode/sd_o,0,266,0.0,0.0
tpr_comparison/hc_o + tpr_load_store_enable/sd_o,0,266,0.0,0.0
tcr_arith/sd_o + tpr_comparison/hc_o,0,266,0.0,0.0
tcr_branch/sd_o + tpr_comparison/hc_o,0,266,0.0,0.0
tcr_jump/sd_o + tpr_comparison/hc_o,0,266,0.0,0.0
tcr_shift/sd_o + tpr_comparison/hc_o,0,266,0.0,0.0
tcr_comparison/sd_o + tpr_comparison/hc_o,0,266,0.0,0.0
tcr_logical/sd_o + tpr_comparison/hc_o,0,266,0.0,0.0
tcr_load_store/sd_o + tpr_comparison/hc_o,0,266,0.0,0.0
tcr_execute/sd_o + tpr_comparison/hc_o,0,266,0.0,0.0
data_we_q_tag/sd_o + tpr_comparison/hc_o,0,266,0.0,0.0
rdata_offset_q_tag/sd_o + tpr_comparison/hc_o,0,266,0.0,0.0
data_type_q_tag/sd_o + tpr_comparison/hc_o,0,266,0.0,0.0
rdata_q_tag/sd_o + tpr_comparison/hc_o,0,266,0.0,0.0
tpr_comparison/sd_o + tpr_logical/hc_o,0,266,0.0,0.0
tpr_comparison/sd_o + tpr_load_store_mode/hc_o,0,266,0.0,0.0
tpr_comparison/sd_o + tpr_load_store_enable/hc_o,0,266,0.0,0.0
tcr_arith/hc_o + tpr_comparison/sd_o,0,266,0.0,0.0
tcr_branch/hc_o + tpr_comparison/sd_o,0,266,0.0,0.0
tcr_jump/hc_o + tpr_comparison/sd_o,0,266,0.0,0.0
tcr_shift/hc_o + tpr_comparison/sd_o,0,266,0.0,0.0
tcr_comparison/hc_o + tpr_comparison/sd_o,0,266,0.0,0.0
tcr_logical/hc_o + tpr_comparison/sd_o,0,266,0.0,0.0
rdata_offset_q_tag/hc_o + tpr_comparison/sd_o,0,266,0.0,0.0
data_type_q_tag/hc_o + tpr_comparison/sd_o,0,266,0.0,0.0
rdata_q_tag/hc_o + tpr_comparison/sd_o,0,266,0.0,0.0
tpr_logical/hc_o + tpr_logical/sd_o,0,266,0.0,0.0
tpr_load_store_mode/sd_o + tpr_logical/hc_o,0,266,0.0,0.0
tpr_load_store_enable/sd_o + tpr_logical/hc_o,0,266,0.0,0.0
tcr_arith/sd_o + tpr_logical/hc_o,0,266,0.0,0.0
tcr_branch/sd_o + tpr_logical/hc_o,0,266,0.0,0.0
tcr_jump/sd_o + tpr_logical/hc_o,0,266,0.0,0.0
tcr_shift/sd_o + tpr_logical/hc_o,0,266,0.0,0.0
tcr_comparison/sd_o + tpr_logical/hc_o,0,266,0.0,0.0
tcr_logical/sd_o + tpr_logical/hc_o,0,266,0.0,0.0
tcr_load_store/sd_o + tpr_logical/hc_o,0,266,0.0,0.0
tcr_execute/sd_o + tpr_logical/hc_o,0,266,0.0,0.0
data_we_q_tag/sd_o + tpr_logical/hc_o,0,266,0.0,0.0
rdata_offset_q_tag/sd_o + tpr_logical/hc_o,0,266,0.0,0.0
data_type_q_tag/sd_o + tpr_logical/hc_o,0,266,0.0,0.0
rdata_q_tag/sd_o + tpr_logical/hc_o,0,266,0.0,0.0
tpr_load_store_mode/hc_o + tpr_logical/sd_o,0,266,0.0,0.0
tpr_load_store_enable/hc_o + tpr_logical/sd_o,0,266,0.0,0.0
tcr_arith/hc_o + tpr_logical/sd_o,0,266,0.0,0.0
tcr_branch/hc_o + tpr_logical/sd_o,0,266,0.0,0.0
tcr_jump/hc_o + tpr_logical/sd_o,0,266,0.0,0.0
tcr_shift/hc_o + tpr_logical/sd_o,0,266,0.0,0.0
tcr_comparison/hc_o + tpr_logical/sd_o,0,266,0.0,0.0
tcr_logical/hc_o + tpr_logical/sd_o,0,266,0.0,0.0
rdata_offset_q_tag/hc_o + tpr_logical/sd_o,0,266,0.0,0.0
data_type_q_tag/hc_o + tpr_logical/sd_o,0,266,0.0,0.0
rdata_q_tag/hc_o + tpr_logical/sd_o,0,266,0.0,0.0
tpr_load_store_enable/sd_o + tpr_load_store_mode/hc_o,0,266,0.0,0.0
tcr_arith/sd_o + tpr_load_store_mode/hc_o,0,266,0.0,0.0
tcr_branch/sd_o + tpr_load_store_mode/hc_o,0,266,0.0,0.0
tcr_jump/sd_o + tpr_load_store_mode/hc_o,0,266,0.0,0.0
tcr_shift/sd_o + tpr_load_store_mode/hc_o,0,266,0.0,0.0
tcr_comparison/sd_o + tpr_load_store_mode/hc_o,0,266,0.0,0.0
tcr_logical/sd_o + tpr_load_store_mode/hc_o,0,266,0.0,0.0
tcr_load_store/sd_o + tpr_load_store_mode/hc_o,0,266,0.0,0.0
tcr_execute/sd_o + tpr_load_store_mode/hc_o,0,266,0.0,0.0
data_we_q_tag/sd_o + tpr_load_store_mode/hc_o,0,266,0.0,0.0
rdata_offset_q_tag/sd_o + tpr_load_store_mode/hc_o,0,266,0.0,0.0
data_type_q_tag/sd_o + tpr_load_store_mode/hc_o,0,266,0.0,0.0
rdata_q_tag/sd_o + tpr_load_store_mode/hc_o,0,266,0.0,0.0
tpr_load_store_enable/hc_o + tpr_load_store_mode/sd_o,0,266,0.0,0.0
tcr_arith/hc_o + tpr_load_store_mode/sd_o,0,266,0.0,0.0
tcr_branch/hc_o + tpr_load_store_mode/sd_o,0,266,0.0,0.0
tcr_jump/hc_o + tpr_load_store_mode/sd_o,0,266,0.0,0.0
tcr_shift/hc_o + tpr_load_store_mode/sd_o,0,266,0.0,0.0
tcr_comparison/hc_o + tpr_load_store_mode/sd_o,0,266,0.0,0.0
tcr_logical/hc_o + tpr_load_store_mode/sd_o,0,266,0.0,0.0
rdata_offset_q_tag/hc_o + tpr_load_store_mode/sd_o,0,266,0.0,0.0
data_type_q_tag/hc_o + tpr_load_store_mode/sd_o,0,266,0.0,0.0
rdata_q_tag/hc_o + tpr_load_store_mode/sd_o,0,266,0.0,0.0
tcr_arith/sd_o + tpr_load_store_enable/hc_o,0,266,0.0,0.0
tcr_branch/sd_o + tpr_load_store_enable/hc_o,0,266,0.0,0.0
tcr_jump/sd_o + tpr_load_store_enable/hc_o,0,266,0.0,0.0
tcr_shift/sd_o + tpr_load_store_enable/hc_o,0,266,0.0,0.0
tcr_comparison/sd_o + tpr_load_store_enable/hc_o,0,266,0.0,0.0
tcr_logical/sd_o + tpr_load_store_enable/hc_o,0,266,0.0,0.0
tcr_load_store/sd_o + tpr_load_store_enable/hc_o,0,266,0.0,0.0
tcr_execute/sd_o + tpr_load_store_enable/hc_o,0,266,0.0,0.0
data_we_q_tag/sd_o + tpr_load_store_enable/hc_o,0,266,0.0,0.0
rdata_offset_q_tag/sd_o + tpr_load_store_enable/hc_o,0,266,0.0,0.0
data_type_q_tag/sd_o + tpr_load_store_enable/hc_o,0,266,0.0,0.0
rdata_q_tag/sd_o + tpr_load_store_enable/hc_o,0,266,0.0,0.0
tcr_arith/hc_o + tpr_load_store_enable/sd_o,0,266,0.0,0.0
tcr_branch/hc_o + tpr_load_store_enable/sd_o,0,266,0.0,0.0
tcr_jump/hc_o + tpr_load_store_enable/sd_o,0,266,0.0,0.0
tcr_shift/hc_o + tpr_load_store_enable/sd_o,0,266,0.0,0.0
tcr_comparison/hc_o + tpr_load_store_enable/sd_o,0,266,0.0,0.0
tcr_logical/hc_o + tpr_load_store_enable/sd_o,0,266,0.0,0.0
rdata_offset_q_tag/hc_o + tpr_load_store_enable/sd_o,0,266,0.0,0.0
data_type_q_tag/hc_o + tpr_load_store_enable/sd_o,0,266,0.0,0.0
rdata_q_tag/hc_o + tpr_load_store_enable/sd_o,0,266,0.0,0.0
tcr_arith/hc_o + tcr_arith/sd_o,0,266,0.0,0.0
tcr_arith/hc_o + tcr_branch/sd_o,0,266,0.0,0.0
tcr_arith/hc_o + tcr_jump/sd_o,0,266,0.0,0.0
tcr_arith/hc_o + tcr_shift/sd_o,0,266,0.0,0.0
tcr_arith/hc_o + tcr_comparison/sd_o,0,266,0.0,0.0
tcr_arith/hc_o + tcr_logical/sd_o,0,266,0.0,0.0
tcr_arith/hc_o + tcr_load_store/sd_o,0,266,0.0,0.0
tcr_arith/hc_o + tcr_execute/sd_o,0,266,0.0,0.0
data_we_q_tag/sd_o + tcr_arith/hc_o,0,266,0.0,0.0
rdata_offset_q_tag/sd_o + tcr_arith/hc_o,0,266,0.0,0.0
data_type_q_tag/sd_o + tcr_arith/hc_o,0,266,0.0,0.0
rdata_q_tag/sd_o + tcr_arith/hc_o,0,266,0.0,0.0
tcr_arith/sd_o + tcr_branch/hc_o,0,266,0.0,0.0
tcr_arith/sd_o + tcr_jump/hc_o,0,266,0.0,0.0
tcr_arith/sd_o + tcr_shift/hc_o,0,266,0.0,0.0
tcr_arith/sd_o + tcr_comparison/hc_o,0,266,0.0,0.0
tcr_arith/sd_o + tcr_logical/hc_o,0,266,0.0,0.0
rdata_offset_q_tag/hc_o + tcr_arith/sd_o,0,266,0.0,0.0
data_type_q_tag/hc_o + tcr_arith/sd_o,0,266,0.0,0.0
rdata_q_tag/hc_o + tcr_arith/sd_o,0,266,0.0,0.0
tcr_branch/hc_o + tcr_branch/sd_o,0,266,0.0,0.0
tcr_branch/hc_o + tcr_jump/sd_o,0,266,0.0,0.0
tcr_branch/hc_o + tcr_shift/sd_o,0,266,0.0,0.0
tcr_branch/hc_o + tcr_comparison/sd_o,0,266,0.0,0.0
tcr_branch/hc_o + tcr_logical/sd_o,0,266,0.0,0.0
tcr_branch/hc_o + tcr_load_store/sd_o,0,266,0.0,0.0
tcr_branch/hc_o + tcr_execute/sd_o,0,266,0.0,0.0
data_we_q_tag/sd_o + tcr_branch/hc_o,0,266,0.0,0.0
rdata_offset_q_tag/sd_o + tcr_branch/hc_o,0,266,0.0,0.0
data_type_q_tag/sd_o + tcr_branch/hc_o,0,266,0.0,0.0
rdata_q_tag/sd_o + tcr_branch/hc_o,0,266,0.0,0.0
tcr_branch/sd_o + tcr_jump/hc_o,0,266,0.0,0.0
tcr_branch/sd_o + tcr_shift/hc_o,0,266,0.0,0.0
tcr_branch/sd_o + tcr_comparison/hc_o,0,266,0.0,0.0
tcr_branch/sd_o + tcr_logical/hc_o,0,266,0.0,0.0
rdata_offset_q_tag/hc_o + tcr_branch/sd_o,0,266,0.0,0.0
data_type_q_tag/hc_o + tcr_branch/sd_o,0,266,0.0,0.0
rdata_q_tag/hc_o + tcr_branch/sd_o,0,266,0.0,0.0
tcr_jump/hc_o + tcr_jump/sd_o,0,266,0.0,0.0
tcr_jump/hc_o + tcr_shift/sd_o,0,266,0.0,0.0
tcr_comparison/sd_o + tcr_jump/hc_o,0,266,0.0,0.0
tcr_jump/hc_o + tcr_logical/sd_o,0,266,0.0,0.0
tcr_jump/hc_o + tcr_load_store/sd_o,0,266,0.0,0.0
tcr_execute/sd_o + tcr_jump/hc_o,0,266,0.0,0.0
data_we_q_tag/sd_o + tcr_jump/hc_o,0,266,0.0,0.0
rdata_offset_q_tag/sd_o + tcr_jump/hc_o,0,266,0.0,0.0
data_type_q_tag/sd_o + tcr_jump/hc_o,0,266,0.0,0.0
rdata_q_tag/sd_o + tcr_jump/hc_o,0,266,0.0,0.0
tcr_jump/sd_o + tcr_shift/hc_o,0,266,0.0,0.0
tcr_comparison/hc_o + tcr_jump/sd_o,0,266,0.0,0.0
tcr_jump/sd_o + tcr_logical/hc_o,0,266,0.0,0.0
rdata_offset_q_tag/hc_o + tcr_jump/sd_o,0,266,0.0,0.0
data_type_q_tag/hc_o + tcr_jump/sd_o,0,266,0.0,0.0
rdata_q_tag/hc_o + tcr_jump/sd_o,0,266,0.0,0.0
tcr_shift/hc_o + tcr_shift/sd_o,0,266,0.0,0.0
tcr_comparison/sd_o + tcr_shift/hc_o,0,266,0.0,0.0
tcr_logical/sd_o + tcr_shift/hc_o,0,266,0.0,0.0
tcr_load_store/sd_o + tcr_shift/hc_o,0,266,0.0,0.0
tcr_execute/sd_o + tcr_shift/hc_o,0,266,0.0,0.0
data_we_q_tag/sd_o + tcr_shift/hc_o,0,266,0.0,0.0
rdata_offset_q_tag/sd_o + tcr_shift/hc_o,0,266,0.0,0.0
data_type_q_tag/sd_o + tcr_shift/hc_o,0,266,0.0,0.0
rdata_q_tag/sd_o + tcr_shift/hc_o,0,266,0.0,0.0
tcr_comparison/hc_o + tcr_shift/sd_o,0,266,0.0,0.0
tcr_logical/hc_o + tcr_shift/sd_o,0,266,0.0,0.0
rdata_offset_q_tag/hc_o + tcr_shift/sd_o,0,266,0.0,0.0
data_type_q_tag/hc_o + tcr_shift/sd_o,0,266,0.0,0.0
rdata_q_tag/hc_o + tcr_shift/sd_o,0,266,0.0,0.0
tcr_comparison/hc_o + tcr_comparison/sd_o,0,266,0.0,0.0
tcr_comparison/hc_o + tcr_logical/sd_o,0,266,0.0,0.0
tcr_comparison/hc_o + tcr_load_store/sd_o,0,266,0.0,0.0
tcr_comparison/hc_o + tcr_execute/sd_o,0,266,0.0,0.0
data_we_q_tag/sd_o + tcr_comparison/hc_o,0,266,0.0,0.0
rdata_offset_q_tag/sd_o + tcr_comparison/hc_o,0,266,0.0,0.0
data_type_q_tag/sd_o + tcr_comparison/hc_o,0,266,0.0,0.0
rdata_q_tag/sd_o + tcr_comparison/hc_o,0,266,0.0,0.0
tcr_comparison/sd_o + tcr_logical/hc_o,0,266,0.0,0.0
rdata_offset_q_tag/hc_o + tcr_comparison/sd_o,0,266,0.0,0.0
data_type_q_tag/hc_o + tcr_comparison/sd_o,0,266,0.0,0.0
rdata_q_tag/hc_o + tcr_comparison/sd_o,0,266,0.0,0.0
tcr_logical/hc_o + tcr_logical/sd_o,0,266,0.0,0.0
tcr_load_store/sd_o + tcr_logical/hc_o,0,266,0.0,0.0
tcr_execute/sd_o + tcr_logical/hc_o,0,266,0.0,0.0
data_we_q_tag/sd_o + tcr_logical/hc_o,0,266,0.0,0.0
rdata_offset_q_tag/sd_o + tcr_logical/hc_o,0,266,0.0,0.0
data_type_q_tag/sd_o + tcr_logical/hc_o,0,266,0.0,0.0
rdata_q_tag/sd_o + tcr_logical/hc_o,0,266,0.0,0.0
rdata_offset_q_tag/hc_o + tcr_logical/sd_o,0,266,0.0,0.0
data_type_q_tag/hc_o + tcr_logical/sd_o,0,266,0.0,0.0
rdata_q_tag/hc_o + tcr_logical/sd_o,0,266,0.0,0.0
rdata_offset_q_tag/hc_o + tcr_load_store/sd_o,0,266,0.0,0.0
data_type_q_tag/hc_o + tcr_load_store/sd_o,0,266,0.0,0.0
rdata_q_tag/hc_o + tcr_load_store/sd_o,0,266,0.0,0.0
rdata_offset_q_tag/hc_o + tcr_execute/sd_o,0,266,0.0,0.0
data_type_q_tag/hc_o + tcr_execute/sd_o,0,266,0.0,0.0
rdata_q_tag/hc_o + tcr_execute/sd_o,0,266,0.0,0.0
id_group0/sd_o + if_stage/hc_o,0,266,0.0,0.0
id_group1/sd_o + if_stage/hc_o,0,266,0.0,0.0
id_group2/sd_o + if_stage/hc_o,0,266,0.0,0.0
id_group3/sd_o + if_stage/hc_o,0,266,0.0,0.0
id_group4/sd_o + if_stage/hc_o,0,266,0.0,0.0
id_group5/sd_o + if_stage/hc_o,0,266,0.0,0.0
id_group6/sd_o + if_stage/hc_o,0,266,0.0,0.0
id_group7/sd_o + if_stage/hc_o,0,266,0.0,0.0
id_group8/sd_o + if_stage/hc_o,0,266,0.0,0.0
id_group9/sd_o + if_stage/hc_o,0,266,0.0,0.0
csr_group0/sd_o + if_stage/hc_o,0,266,0.0,0.0
csr_group1/sd_o + if_stage/hc_o,0,266,0.0,0.0
csr_group2/sd_o + if_stage/hc_o,0,266,0.0,0.0
csr_group3/sd_o + if_stage/hc_o,0,266,0.0,0.0
csr_group4/sd_o + if_stage/hc_o,0,266,0.0,0.0
csr_group5/sd_o + if_stage/hc_o,0,266,0.0,0.0
csr_group6/sd_o + if_stage/hc_o,0,266,0.0,0.0
csr_group7/sd_o + if_stage/hc_o,0,266,0.0,0.0
csr_group8/sd_o + if_stage/hc_o,0,266,0.0,0.0
csr_group9/sd_o + if_stage/hc_o,0,266,0.0,0.0
csr_group10/sd_o + if_stage/hc_o,0,266,0.0,0.0
csr_group11/sd_o + if_stage/hc_o,0,266,0.0,0.0
csr_group12/sd_o + if_stage/hc_o,0,266,0.0,0.0
csr_group13/sd_o + if_stage/hc_o,0,266,0.0,0.0
csr_group14/sd_o + if_stage/hc_o,0,266,0.0,0.0
csr_group15/sd_o + if_stage/hc_o,0,266,0.0,0.0
csr_group16/sd_o + if_stage/hc_o,0,266,0.0,0.0
csr_group17/sd_o + if_stage/hc_o,0,266,0.0,0.0
csr_group18/sd_o + if_stage/hc_o,0,266,0.0,0.0
csr_group19/sd_o + if_stage/hc_o,0,266,0.0,0.0
csr_group20/sd_o + if_stage/hc_o,0,266,0.0,0.0
if_stage/hc_o + tcr_execute/sd_o,0,266,0.0,0.0
if_stage/hc_o + lsu_group1/sd_o,0,266,0.0,0.0
if_stage/hc_o + lsu_group2/sd_o,0,266,0.0,0.0
if_stage/hc_o + lsu_group3/sd_o,0,266,0.0,0.0
if_stage/hc_o + lsu_group4/sd_o,0,266,0.0,0.0
if_stage/hc_o + lsu_group5/sd_o,0,266,0.0,0.0
id_group0/hc_o + if_stage/sd_o,0,266,0.0,0.0
id_group1/hc_o + if_stage/sd_o,0,266,0.0,0.0
id_group2/hc_o + if_stage/sd_o,0,266,0.0,0.0
id_group3/hc_o + if_stage/sd_o,0,266,0.0,0.0
id_group4/hc_o + if_stage/sd_o,0,266,0.0,0.0
id_group5/hc_o + if_stage/sd_o,0,266,0.0,0.0
id_group6/hc_o + if_stage/sd_o,0,266,0.0,0.0
id_group7/hc_o + if_stage/sd_o,0,266,0.0,0.0
id_group8/hc_o + if_stage/sd_o,0,266,0.0,0.0
csr_group0/hc_o + if_stage/sd_o,0,266,0.0,0.0
csr_group1/hc_o + if_stage/sd_o,0,266,0.0,0.0
csr_group2/hc_o + if_stage/sd_o,0,266,0.0,0.0
csr_group3/hc_o + if_stage/sd_o,0,266,0.0,0.0
csr_group4/hc_o + if_stage/sd_o,0,266,0.0,0.0
csr_group5/hc_o + if_stage/sd_o,0,266,0.0,0.0
csr_group6/hc_o + if_stage/sd_o,0,266,0.0,0.0
csr_group7/hc_o + if_stage/sd_o,0,266,0.0,0.0
csr_group8/hc_o + if_stage/sd_o,0,266,0.0,0.0
csr_group9/hc_o + if_stage/sd_o,0,266,0.0,0.0
csr_group10/hc_o + if_stage/sd_o,0,266,0.0,0.0
csr_group11/hc_o + if_stage/sd_o,0,266,0.0,0.0
csr_group12/hc_o + if_stage/sd_o,0,266,0.0,0.0
csr_group13/hc_o + if_stage/sd_o,0,266,0.0,0.0
csr_group15/hc_o + if_stage/sd_o,0,266,0.0,0.0
csr_group16/hc_o + if_stage/sd_o,0,266,0.0,0.0
csr_group17/hc_o + if_stage/sd_o,0,266,0.0,0.0
if_stage/sd_o + lsu_group1/hc_o,0,266,0.0,0.0
if_stage/sd_o + lsu_group2/hc_o,0,266,0.0,0.0
if_stage/sd_o + lsu_group3/hc_o,0,266,0.0,0.0
if_stage/sd_o + lsu_group4/hc_o,0,266,0.0,0.0
if_stage/sd_o + lsu_group5/hc_o,0,266,0.0,0.0
id_group0/hc_o + id_group1/sd_o,0,266,0.0,0.0
id_group0/hc_o + id_group2/sd_o,0,266,0.0,0.0
id_group0/hc_o + id_group3/sd_o,0,266,0.0,0.0
id_group0/hc_o + id_group4/sd_o,0,266,0.0,0.0
id_group0/hc_o + id_group5/sd_o,0,266,0.0,0.0
id_group0/hc_o + id_group6/sd_o,0,266,0.0,0.0
id_group0/hc_o + id_group7/sd_o,0,266,0.0,0.0
id_group0/hc_o + id_group8/sd_o,0,266,0.0,0.0
id_group0/hc_o + id_group9/sd_o,0,266,0.0,0.0
id_group0/hc_o + sd_o_rf_tag,0,266,0.0,0.0
csr_group0/sd_o + id_group0/hc_o,0,266,0.0,0.0
csr_group1/sd_o + id_group0/hc_o,0,266,0.0,0.0
csr_group2/sd_o + id_group0/hc_o,0,266,0.0,0.0
csr_group3/sd_o + id_group0/hc_o,0,266,0.0,0.0
csr_group4/sd_o + id_group0/hc_o,0,266,0.0,0.0
csr_group5/sd_o + id_group0/hc_o,0,266,0.0,0.0
csr_group6/sd_o + id_group0/hc_o,0,266,0.0,0.0
csr_group7/sd_o + id_group0/hc_o,0,266,0.0,0.0
csr_group8/sd_o + id_group0/hc_o,0,266,0.0,0.0
csr_group9/sd_o + id_group0/hc_o,0,266,0.0,0.0
csr_group10/sd_o + id_group0/hc_o,0,266,0.0,0.0
csr_group11/sd_o + id_group0/hc_o,0,266,0.0,0.0
csr_group12/sd_o + id_group0/hc_o,0,266,0.0,0.0
csr_group13/sd_o + id_group0/hc_o,0,266,0.0,0.0
csr_group14/sd_o + id_group0/hc_o,0,266,0.0,0.0
csr_group15/sd_o + id_group0/hc_o,0,266,0.0,0.0
csr_group16/sd_o + id_group0/hc_o,0,266,0.0,0.0
csr_group17/sd_o + id_group0/hc_o,0,266,0.0,0.0
csr_group18/sd_o + id_group0/hc_o,0,266,0.0,0.0
csr_group19/sd_o + id_group0/hc_o,0,266,0.0,0.0
csr_group20/sd_o + id_group0/hc_o,0,266,0.0,0.0
id_group0/hc_o + tcr_execute/sd_o,0,266,0.0,0.0
id_group0/hc_o + lsu_group1/sd_o,0,266,0.0,0.0
id_group0/hc_o + lsu_group2/sd_o,0,266,0.0,0.0
id_group0/hc_o + lsu_group3/sd_o,0,266,0.0,0.0
id_group0/hc_o + lsu_group4/sd_o,0,266,0.0,0.0
id_group0/hc_o + lsu_group5/sd_o,0,266,0.0,0.0
id_group0/sd_o + id_group1/hc_o,0,266,0.0,0.0
id_group0/sd_o + id_group2/hc_o,0,266,0.0,0.0
id_group0/sd_o + id_group3/hc_o,0,266,0.0,0.0
id_group0/sd_o + id_group4/hc_o,0,266,0.0,0.0
id_group0/sd_o + id_group5/hc_o,0,266,0.0,0.0
id_group0/sd_o + id_group6/hc_o,0,266,0.0,0.0
id_group0/sd_o + id_group7/hc_o,0,266,0.0,0.0
id_group0/sd_o + id_group8/hc_o,0,266,0.0,0.0
csr_group0/hc_o + id_group0/sd_o,0,266,0.0,0.0
csr_group1/hc_o + id_group0/sd_o,0,266,0.0,0.0
csr_group2/hc_o + id_group0/sd_o,0,266,0.0,0.0
csr_group3/hc_o + id_group0/sd_o,0,266,0.0,0.0
csr_group4/hc_o + id_group0/sd_o,0,266,0.0,0.0
csr_group5/hc_o + id_group0/sd_o,0,266,0.0,0.0
csr_group6/hc_o + id_group0/sd_o,0,266,0.0,0.0
csr_group7/hc_o + id_group0/sd_o,0,266,0.0,0.0
csr_group8/hc_o + id_group0/sd_o,0,266,0.0,0.0
csr_group9/hc_o + id_group0/sd_o,0,266,0.0,0.0
csr_group10/hc_o + id_group0/sd_o,0,266,0.0,0.0
csr_group11/hc_o + id_group0/sd_o,0,266,0.0,0.0
csr_group12/hc_o + id_group0/sd_o,0,266,0.0,0.0
csr_group13/hc_o + id_group0/sd_o,0,266,0.0,0.0
csr_group15/hc_o + id_group0/sd_o,0,266,0.0,0.0
csr_group16/hc_o + id_group0/sd_o,0,266,0.0,0.0
csr_group17/hc_o + id_group0/sd_o,0,266,0.0,0.0
id_group0/sd_o + lsu_group1/hc_o,0,266,0.0,0.0
id_group0/sd_o + lsu_group2/hc_o,0,266,0.0,0.0
id_group0/sd_o + lsu_group3/hc_o,0,266,0.0,0.0
id_group0/sd_o + lsu_group4/hc_o,0,266,0.0,0.0
id_group0/sd_o + lsu_group5/hc_o,0,266,0.0,0.0
id_group1/hc_o + id_group2/sd_o,0,266,0.0,0.0
id_group1/hc_o + id_group3/sd_o,0,266,0.0,0.0
id_group1/hc_o + id_group4/sd_o,0,266,0.0,0.0
id_group1/hc_o + id_group5/sd_o,0,266,0.0,0.0
id_group1/hc_o + id_group6/sd_o,0,266,0.0,0.0
id_group1/hc_o + id_group7/sd_o,0,266,0.0,0.0
id_group1/hc_o + id_group8/sd_o,0,266,0.0,0.0
id_group1/hc_o + id_group9/sd_o,0,266,0.0,0.0
id_group1/hc_o + sd_o_rf_tag,0,266,0.0,0.0
csr_group0/sd_o + id_group1/hc_o,0,266,0.0,0.0
csr_group1/sd_o + id_group1/hc_o,0,266,0.0,0.0
csr_group2/sd_o + id_group1/hc_o,0,266,0.0,0.0
csr_group3/sd_o + id_group1/hc_o,0,266,0.0,0.0
csr_group4/sd_o + id_group1/hc_o,0,266,0.0,0.0
csr_group5/sd_o + id_group1/hc_o,0,266,0.0,0.0
csr_group6/sd_o + id_group1/hc_o,0,266,0.0,0.0
csr_group7/sd_o + id_group1/hc_o,0,266,0.0,0.0
csr_group8/sd_o + id_group1/hc_o,0,266,0.0,0.0
csr_group9/sd_o + id_group1/hc_o,0,266,0.0,0.0
csr_group10/sd_o + id_group1/hc_o,0,266,0.0,0.0
csr_group11/sd_o + id_group1/hc_o,0,266,0.0,0.0
csr_group12/sd_o + id_group1/hc_o,0,266,0.0,0.0
csr_group13/sd_o + id_group1/hc_o,0,266,0.0,0.0
csr_group14/sd_o + id_group1/hc_o,0,266,0.0,0.0
csr_group15/sd_o + id_group1/hc_o,0,266,0.0,0.0
csr_group16/sd_o + id_group1/hc_o,0,266,0.0,0.0
csr_group17/sd_o + id_group1/hc_o,0,266,0.0,0.0
csr_group18/sd_o + id_group1/hc_o,0,266,0.0,0.0
csr_group19/sd_o + id_group1/hc_o,0,266,0.0,0.0
csr_group20/sd_o + id_group1/hc_o,0,266,0.0,0.0
id_group1/hc_o + tcr_execute/sd_o,0,266,0.0,0.0
id_group1/hc_o + lsu_group1/sd_o,0,266,0.0,0.0
id_group1/hc_o + lsu_group2/sd_o,0,266,0.0,0.0
id_group1/hc_o + lsu_group3/sd_o,0,266,0.0,0.0
id_group1/hc_o + lsu_group4/sd_o,0,266,0.0,0.0
id_group1/hc_o + lsu_group5/sd_o,0,266,0.0,0.0
id_group1/sd_o + id_group2/hc_o,0,266,0.0,0.0
id_group1/sd_o + id_group3/hc_o,0,266,0.0,0.0
id_group1/sd_o + id_group4/hc_o,0,266,0.0,0.0
id_group1/sd_o + id_group5/hc_o,0,266,0.0,0.0
id_group1/sd_o + id_group6/hc_o,0,266,0.0,0.0
id_group1/sd_o + id_group7/hc_o,0,266,0.0,0.0
id_group1/sd_o + id_group8/hc_o,0,266,0.0,0.0
csr_group0/hc_o + id_group1/sd_o,0,266,0.0,0.0
csr_group1/hc_o + id_group1/sd_o,0,266,0.0,0.0
csr_group2/hc_o + id_group1/sd_o,0,266,0.0,0.0
csr_group3/hc_o + id_group1/sd_o,0,266,0.0,0.0
csr_group4/hc_o + id_group1/sd_o,0,266,0.0,0.0
csr_group5/hc_o + id_group1/sd_o,0,266,0.0,0.0
csr_group6/hc_o + id_group1/sd_o,0,266,0.0,0.0
csr_group7/hc_o + id_group1/sd_o,0,266,0.0,0.0
csr_group8/hc_o + id_group1/sd_o,0,266,0.0,0.0
csr_group9/hc_o + id_group1/sd_o,0,266,0.0,0.0
csr_group10/hc_o + id_group1/sd_o,0,266,0.0,0.0
csr_group11/hc_o + id_group1/sd_o,0,266,0.0,0.0
csr_group12/hc_o + id_group1/sd_o,0,266,0.0,0.0
csr_group13/hc_o + id_group1/sd_o,0,266,0.0,0.0
csr_group15/hc_o + id_group1/sd_o,0,266,0.0,0.0
csr_group16/hc_o + id_group1/sd_o,0,266,0.0,0.0
csr_group17/hc_o + id_group1/sd_o,0,266,0.0,0.0
id_group1/sd_o + lsu_group1/hc_o,0,266,0.0,0.0
id_group1/sd_o + lsu_group2/hc_o,0,266,0.0,0.0
id_group1/sd_o + lsu_group3/hc_o,0,266,0.0,0.0
id_group1/sd_o + lsu_group4/hc_o,0,266,0.0,0.0
id_group1/sd_o + lsu_group5/hc_o,0,266,0.0,0.0
id_group2/hc_o + id_group3/sd_o,0,266,0.0,0.0
id_group2/hc_o + id_group4/sd_o,0,266,0.0,0.0
id_group2/hc_o + id_group5/sd_o,0,266,0.0,0.0
id_group2/hc_o + id_group6/sd_o,0,266,0.0,0.0
id_group2/hc_o + id_group7/sd_o,0,266,0.0,0.0
id_group2/hc_o + id_group8/sd_o,0,266,0.0,0.0
id_group2/hc_o + id_group9/sd_o,0,266,0.0,0.0
id_group2/hc_o + sd_o_rf_tag,0,266,0.0,0.0
csr_group0/sd_o + id_group2/hc_o,0,266,0.0,0.0
csr_group1/sd_o + id_group2/hc_o,0,266,0.0,0.0
csr_group2/sd_o + id_group2/hc_o,0,266,0.0,0.0
csr_group3/sd_o + id_group2/hc_o,0,266,0.0,0.0
csr_group4/sd_o + id_group2/hc_o,0,266,0.0,0.0
csr_group5/sd_o + id_group2/hc_o,0,266,0.0,0.0
csr_group6/sd_o + id_group2/hc_o,0,266,0.0,0.0
csr_group7/sd_o + id_group2/hc_o,0,266,0.0,0.0
csr_group8/sd_o + id_group2/hc_o,0,266,0.0,0.0
csr_group9/sd_o + id_group2/hc_o,0,266,0.0,0.0
csr_group10/sd_o + id_group2/hc_o,0,266,0.0,0.0
csr_group11/sd_o + id_group2/hc_o,0,266,0.0,0.0
csr_group12/sd_o + id_group2/hc_o,0,266,0.0,0.0
csr_group13/sd_o + id_group2/hc_o,0,266,0.0,0.0
csr_group14/sd_o + id_group2/hc_o,0,266,0.0,0.0
csr_group15/sd_o + id_group2/hc_o,0,266,0.0,0.0
csr_group16/sd_o + id_group2/hc_o,0,266,0.0,0.0
csr_group17/sd_o + id_group2/hc_o,0,266,0.0,0.0
csr_group18/sd_o + id_group2/hc_o,0,266,0.0,0.0
csr_group19/sd_o + id_group2/hc_o,0,266,0.0,0.0
csr_group20/sd_o + id_group2/hc_o,0,266,0.0,0.0
id_group2/hc_o + tcr_execute/sd_o,0,266,0.0,0.0
id_group2/hc_o + lsu_group1/sd_o,0,266,0.0,0.0
id_group2/hc_o + lsu_group2/sd_o,0,266,0.0,0.0
id_group2/hc_o + lsu_group3/sd_o,0,266,0.0,0.0
id_group2/hc_o + lsu_group4/sd_o,0,266,0.0,0.0
id_group2/hc_o + lsu_group5/sd_o,0,266,0.0,0.0
id_group2/sd_o + id_group3/hc_o,0,266,0.0,0.0
id_group2/sd_o + id_group4/hc_o,0,266,0.0,0.0
id_group2/sd_o + id_group5/hc_o,0,266,0.0,0.0
id_group2/sd_o + id_group6/hc_o,0,266,0.0,0.0
id_group2/sd_o + id_group7/hc_o,0,266,0.0,0.0
id_group2/sd_o + id_group8/hc_o,0,266,0.0,0.0
csr_group0/hc_o + id_group2/sd_o,0,266,0.0,0.0
csr_group1/hc_o + id_group2/sd_o,0,266,0.0,0.0
csr_group2/hc_o + id_group2/sd_o,0,266,0.0,0.0
csr_group3/hc_o + id_group2/sd_o,0,266,0.0,0.0
csr_group4/hc_o + id_group2/sd_o,0,266,0.0,0.0
csr_group5/hc_o + id_group2/sd_o,0,266,0.0,0.0
csr_group6/hc_o + id_group2/sd_o,0,266,0.0,0.0
csr_group7/hc_o + id_group2/sd_o,0,266,0.0,0.0
csr_group8/hc_o + id_group2/sd_o,0,266,0.0,0.0
csr_group9/hc_o + id_group2/sd_o,0,266,0.0,0.0
csr_group10/hc_o + id_group2/sd_o,0,266,0.0,0.0
csr_group11/hc_o + id_group2/sd_o,0,266,0.0,0.0
csr_group12/hc_o + id_group2/sd_o,0,266,0.0,0.0
csr_group13/hc_o + id_group2/sd_o,0,266,0.0,0.0
csr_group15/hc_o + id_group2/sd_o,0,266,0.0,0.0
csr_group16/hc_o + id_group2/sd_o,0,266,0.0,0.0
csr_group17/hc_o + id_group2/sd_o,0,266,0.0,0.0
id_group2/sd_o + lsu_group1/hc_o,0,266,0.0,0.0
id_group2/sd_o + lsu_group2/hc_o,0,266,0.0,0.0
id_group2/sd_o + lsu_group3/hc_o,0,266,0.0,0.0
id_group2/sd_o + lsu_group4/hc_o,0,266,0.0,0.0
id_group2/sd_o + lsu_group5/hc_o,0,266,0.0,0.0
id_group3/hc_o + id_group4/sd_o,0,266,0.0,0.0
id_group3/hc_o + id_group5/sd_o,0,266,0.0,0.0
id_group3/hc_o + id_group6/sd_o,0,266,0.0,0.0
id_group3/hc_o + id_group7/sd_o,0,266,0.0,0.0
id_group3/hc_o + id_group8/sd_o,0,266,0.0,0.0
id_group3/hc_o + id_group9/sd_o,0,266,0.0,0.0
id_group3/hc_o + sd_o_rf_tag,0,266,0.0,0.0
csr_group0/sd_o + id_group3/hc_o,0,266,0.0,0.0
csr_group1/sd_o + id_group3/hc_o,0,266,0.0,0.0
csr_group2/sd_o + id_group3/hc_o,0,266,0.0,0.0
csr_group3/sd_o + id_group3/hc_o,0,266,0.0,0.0
csr_group4/sd_o + id_group3/hc_o,0,266,0.0,0.0
csr_group5/sd_o + id_group3/hc_o,0,266,0.0,0.0
csr_group6/sd_o + id_group3/hc_o,0,266,0.0,0.0
csr_group7/sd_o + id_group3/hc_o,0,266,0.0,0.0
csr_group8/sd_o + id_group3/hc_o,0,266,0.0,0.0
csr_group9/sd_o + id_group3/hc_o,0,266,0.0,0.0
csr_group10/sd_o + id_group3/hc_o,0,266,0.0,0.0
csr_group11/sd_o + id_group3/hc_o,0,266,0.0,0.0
csr_group12/sd_o + id_group3/hc_o,0,266,0.0,0.0
csr_group13/sd_o + id_group3/hc_o,0,266,0.0,0.0
csr_group14/sd_o + id_group3/hc_o,0,266,0.0,0.0
csr_group15/sd_o + id_group3/hc_o,0,266,0.0,0.0
csr_group16/sd_o + id_group3/hc_o,0,266,0.0,0.0
csr_group17/sd_o + id_group3/hc_o,0,266,0.0,0.0
csr_group18/sd_o + id_group3/hc_o,0,266,0.0,0.0
csr_group19/sd_o + id_group3/hc_o,0,266,0.0,0.0
csr_group20/sd_o + id_group3/hc_o,0,266,0.0,0.0
id_group3/hc_o + tcr_execute/sd_o,0,266,0.0,0.0
id_group3/hc_o + lsu_group1/sd_o,0,266,0.0,0.0
id_group3/hc_o + lsu_group2/sd_o,0,266,0.0,0.0
id_group3/hc_o + lsu_group3/sd_o,0,266,0.0,0.0
id_group3/hc_o + lsu_group4/sd_o,0,266,0.0,0.0
id_group3/hc_o + lsu_group5/sd_o,0,266,0.0,0.0
id_group3/sd_o + id_group4/hc_o,0,266,0.0,0.0
id_group3/sd_o + id_group5/hc_o,0,266,0.0,0.0
id_group3/sd_o + id_group6/hc_o,0,266,0.0,0.0
id_group3/sd_o + id_group7/hc_o,0,266,0.0,0.0
id_group3/sd_o + id_group8/hc_o,0,266,0.0,0.0
csr_group0/hc_o + id_group3/sd_o,0,266,0.0,0.0
csr_group1/hc_o + id_group3/sd_o,0,266,0.0,0.0
csr_group2/hc_o + id_group3/sd_o,0,266,0.0,0.0
csr_group3/hc_o + id_group3/sd_o,0,266,0.0,0.0
csr_group4/hc_o + id_group3/sd_o,0,266,0.0,0.0
csr_group5/hc_o + id_group3/sd_o,0,266,0.0,0.0
csr_group6/hc_o + id_group3/sd_o,0,266,0.0,0.0
csr_group7/hc_o + id_group3/sd_o,0,266,0.0,0.0
csr_group8/hc_o + id_group3/sd_o,0,266,0.0,0.0
csr_group9/hc_o + id_group3/sd_o,0,266,0.0,0.0
csr_group10/hc_o + id_group3/sd_o,0,266,0.0,0.0
csr_group11/hc_o + id_group3/sd_o,0,266,0.0,0.0
csr_group12/hc_o + id_group3/sd_o,0,266,0.0,0.0
csr_group13/hc_o + id_group3/sd_o,0,266,0.0,0.0
csr_group15/hc_o + id_group3/sd_o,0,266,0.0,0.0
csr_group16/hc_o + id_group3/sd_o,0,266,0.0,0.0
csr_group17/hc_o + id_group3/sd_o,0,266,0.0,0.0
id_group3/sd_o + lsu_group1/hc_o,0,266,0.0,0.0
id_group3/sd_o + lsu_group2/hc_o,0,266,0.0,0.0
id_group3/sd_o + lsu_group3/hc_o,0,266,0.0,0.0
id_group3/sd_o + lsu_group4/hc_o,0,266,0.0,0.0
id_group3/sd_o + lsu_group5/hc_o,0,266,0.0,0.0
id_group4/hc_o + id_group5/sd_o,0,266,0.0,0.0
id_group4/hc_o + id_group6/sd_o,0,266,0.0,0.0
id_group4/hc_o + id_group7/sd_o,0,266,0.0,0.0
id_group4/hc_o + id_group8/sd_o,0,266,0.0,0.0
id_group4/hc_o + id_group9/sd_o,0,266,0.0,0.0
id_group4/hc_o + sd_o_rf_tag,0,266,0.0,0.0
csr_group0/sd_o + id_group4/hc_o,0,266,0.0,0.0
csr_group1/sd_o + id_group4/hc_o,0,266,0.0,0.0
csr_group2/sd_o + id_group4/hc_o,0,266,0.0,0.0
csr_group3/sd_o + id_group4/hc_o,0,266,0.0,0.0
csr_group4/sd_o + id_group4/hc_o,0,266,0.0,0.0
csr_group5/sd_o + id_group4/hc_o,0,266,0.0,0.0
csr_group6/sd_o + id_group4/hc_o,0,266,0.0,0.0
csr_group7/sd_o + id_group4/hc_o,0,266,0.0,0.0
csr_group8/sd_o + id_group4/hc_o,0,266,0.0,0.0
csr_group9/sd_o + id_group4/hc_o,0,266,0.0,0.0
csr_group10/sd_o + id_group4/hc_o,0,266,0.0,0.0
csr_group11/sd_o + id_group4/hc_o,0,266,0.0,0.0
csr_group12/sd_o + id_group4/hc_o,0,266,0.0,0.0
csr_group13/sd_o + id_group4/hc_o,0,266,0.0,0.0
csr_group14/sd_o + id_group4/hc_o,0,266,0.0,0.0
csr_group15/sd_o + id_group4/hc_o,0,266,0.0,0.0
csr_group16/sd_o + id_group4/hc_o,0,266,0.0,0.0
csr_group17/sd_o + id_group4/hc_o,0,266,0.0,0.0
csr_group18/sd_o + id_group4/hc_o,0,266,0.0,0.0
csr_group19/sd_o + id_group4/hc_o,0,266,0.0,0.0
csr_group20/sd_o + id_group4/hc_o,0,266,0.0,0.0
id_group4/hc_o + tcr_execute/sd_o,0,266,0.0,0.0
id_group4/hc_o + lsu_group1/sd_o,0,266,0.0,0.0
id_group4/hc_o + lsu_group2/sd_o,0,266,0.0,0.0
id_group4/hc_o + lsu_group3/sd_o,0,266,0.0,0.0
id_group4/hc_o + lsu_group4/sd_o,0,266,0.0,0.0
id_group4/hc_o + lsu_group5/sd_o,0,266,0.0,0.0
id_group4/sd_o + id_group5/hc_o,0,266,0.0,0.0
id_group4/sd_o + id_group6/hc_o,0,266,0.0,0.0
id_group4/sd_o + id_group7/hc_o,0,266,0.0,0.0
id_group4/sd_o + id_group8/hc_o,0,266,0.0,0.0
csr_group0/hc_o + id_group4/sd_o,0,266,0.0,0.0
csr_group1/hc_o + id_group4/sd_o,0,266,0.0,0.0
csr_group2/hc_o + id_group4/sd_o,0,266,0.0,0.0
csr_group3/hc_o + id_group4/sd_o,0,266,0.0,0.0
csr_group4/hc_o + id_group4/sd_o,0,266,0.0,0.0
csr_group5/hc_o + id_group4/sd_o,0,266,0.0,0.0
csr_group6/hc_o + id_group4/sd_o,0,266,0.0,0.0
csr_group7/hc_o + id_group4/sd_o,0,266,0.0,0.0
csr_group8/hc_o + id_group4/sd_o,0,266,0.0,0.0
csr_group9/hc_o + id_group4/sd_o,0,266,0.0,0.0
csr_group10/hc_o + id_group4/sd_o,0,266,0.0,0.0
csr_group11/hc_o + id_group4/sd_o,0,266,0.0,0.0
csr_group12/hc_o + id_group4/sd_o,0,266,0.0,0.0
csr_group13/hc_o + id_group4/sd_o,0,266,0.0,0.0
csr_group15/hc_o + id_group4/sd_o,0,266,0.0,0.0
csr_group16/hc_o + id_group4/sd_o,0,266,0.0,0.0
csr_group17/hc_o + id_group4/sd_o,0,266,0.0,0.0
id_group4/sd_o + lsu_group1/hc_o,0,266,0.0,0.0
id_group4/sd_o + lsu_group2/hc_o,0,266,0.0,0.0
id_group4/sd_o + lsu_group3/hc_o,0,266,0.0,0.0
id_group4/sd_o + lsu_group4/hc_o,0,266,0.0,0.0
id_group4/sd_o + lsu_group5/hc_o,0,266,0.0,0.0
id_group5/hc_o + id_group6/sd_o,0,266,0.0,0.0
id_group5/hc_o + id_group7/sd_o,0,266,0.0,0.0
id_group5/hc_o + id_group8/sd_o,0,266,0.0,0.0
id_group5/hc_o + id_group9/sd_o,0,266,0.0,0.0
id_group5/hc_o + sd_o_rf_tag,0,266,0.0,0.0
csr_group0/sd_o + id_group5/hc_o,0,266,0.0,0.0
csr_group1/sd_o + id_group5/hc_o,0,266,0.0,0.0
csr_group2/sd_o + id_group5/hc_o,0,266,0.0,0.0
csr_group3/sd_o + id_group5/hc_o,0,266,0.0,0.0
csr_group4/sd_o + id_group5/hc_o,0,266,0.0,0.0
csr_group5/sd_o + id_group5/hc_o,0,266,0.0,0.0
csr_group6/sd_o + id_group5/hc_o,0,266,0.0,0.0
csr_group7/sd_o + id_group5/hc_o,0,266,0.0,0.0
csr_group8/sd_o + id_group5/hc_o,0,266,0.0,0.0
csr_group9/sd_o + id_group5/hc_o,0,266,0.0,0.0
csr_group10/sd_o + id_group5/hc_o,0,266,0.0,0.0
csr_group11/sd_o + id_group5/hc_o,0,266,0.0,0.0
csr_group12/sd_o + id_group5/hc_o,0,266,0.0,0.0
csr_group13/sd_o + id_group5/hc_o,0,266,0.0,0.0
csr_group14/sd_o + id_group5/hc_o,0,266,0.0,0.0
csr_group15/sd_o + id_group5/hc_o,0,266,0.0,0.0
csr_group16/sd_o + id_group5/hc_o,0,266,0.0,0.0
csr_group17/sd_o + id_group5/hc_o,0,266,0.0,0.0
csr_group18/sd_o + id_group5/hc_o,0,266,0.0,0.0
csr_group19/sd_o + id_group5/hc_o,0,266,0.0,0.0
csr_group20/sd_o + id_group5/hc_o,0,266,0.0,0.0
id_group5/hc_o + tcr_execute/sd_o,0,266,0.0,0.0
id_group5/hc_o + lsu_group1/sd_o,0,266,0.0,0.0
id_group5/hc_o + lsu_group2/sd_o,0,266,0.0,0.0
id_group5/hc_o + lsu_group3/sd_o,0,266,0.0,0.0
id_group5/hc_o + lsu_group4/sd_o,0,266,0.0,0.0
id_group5/hc_o + lsu_group5/sd_o,0,266,0.0,0.0
id_group5/sd_o + id_group6/hc_o,0,266,0.0,0.0
id_group5/sd_o + id_group7/hc_o,0,266,0.0,0.0
id_group5/sd_o + id_group8/hc_o,0,266,0.0,0.0
csr_group0/hc_o + id_group5/sd_o,0,266,0.0,0.0
csr_group1/hc_o + id_group5/sd_o,0,266,0.0,0.0
csr_group2/hc_o + id_group5/sd_o,0,266,0.0,0.0
csr_group3/hc_o + id_group5/sd_o,0,266,0.0,0.0
csr_group4/hc_o + id_group5/sd_o,0,266,0.0,0.0
csr_group5/hc_o + id_group5/sd_o,0,266,0.0,0.0
csr_group6/hc_o + id_group5/sd_o,0,266,0.0,0.0
csr_group7/hc_o + id_group5/sd_o,0,266,0.0,0.0
csr_group8/hc_o + id_group5/sd_o,0,266,0.0,0.0
csr_group9/hc_o + id_group5/sd_o,0,266,0.0,0.0
csr_group10/hc_o + id_group5/sd_o,0,266,0.0,0.0
csr_group11/hc_o + id_group5/sd_o,0,266,0.0,0.0
csr_group12/hc_o + id_group5/sd_o,0,266,0.0,0.0
csr_group13/hc_o + id_group5/sd_o,0,266,0.0,0.0
csr_group15/hc_o + id_group5/sd_o,0,266,0.0,0.0
csr_group16/hc_o + id_group5/sd_o,0,266,0.0,0.0
csr_group17/hc_o + id_group5/sd_o,0,266,0.0,0.0
id_group5/sd_o + lsu_group1/hc_o,0,266,0.0,0.0
id_group5/sd_o + lsu_group2/hc_o,0,266,0.0,0.0
id_group5/sd_o + lsu_group3/hc_o,0,266,0.0,0.0
id_group5/sd_o + lsu_group4/hc_o,0,266,0.0,0.0
id_group5/sd_o + lsu_group5/hc_o,0,266,0.0,0.0
id_group6/hc_o + id_group6/sd_o,0,266,0.0,0.0
id_group6/hc_o + id_group7/sd_o,0,266,0.0,0.0
id_group6/hc_o + id_group8/sd_o,0,266,0.0,0.0
id_group6/hc_o + id_group9/sd_o,0,266,0.0,0.0
id_group6/hc_o + sd_o_rf_tag,0,266,0.0,0.0
csr_group0/sd_o + id_group6/hc_o,0,266,0.0,0.0
csr_group1/sd_o + id_group6/hc_o,0,266,0.0,0.0
csr_group2/sd_o + id_group6/hc_o,0,266,0.0,0.0
csr_group3/sd_o + id_group6/hc_o,0,266,0.0,0.0
csr_group4/sd_o + id_group6/hc_o,0,266,0.0,0.0
csr_group5/sd_o + id_group6/hc_o,0,266,0.0,0.0
csr_group6/sd_o + id_group6/hc_o,0,266,0.0,0.0
csr_group7/sd_o + id_group6/hc_o,0,266,0.0,0.0
csr_group8/sd_o + id_group6/hc_o,0,266,0.0,0.0
csr_group9/sd_o + id_group6/hc_o,0,266,0.0,0.0
csr_group10/sd_o + id_group6/hc_o,0,266,0.0,0.0
csr_group11/sd_o + id_group6/hc_o,0,266,0.0,0.0
csr_group12/sd_o + id_group6/hc_o,0,266,0.0,0.0
csr_group13/sd_o + id_group6/hc_o,0,266,0.0,0.0
csr_group14/sd_o + id_group6/hc_o,0,266,0.0,0.0
csr_group15/sd_o + id_group6/hc_o,0,266,0.0,0.0
csr_group16/sd_o + id_group6/hc_o,0,266,0.0,0.0
csr_group17/sd_o + id_group6/hc_o,0,266,0.0,0.0
csr_group18/sd_o + id_group6/hc_o,0,266,0.0,0.0
csr_group19/sd_o + id_group6/hc_o,0,266,0.0,0.0
csr_group20/sd_o + id_group6/hc_o,0,266,0.0,0.0
id_group6/hc_o + tcr_execute/sd_o,0,266,0.0,0.0
id_group6/hc_o + lsu_group1/sd_o,0,266,0.0,0.0
id_group6/hc_o + lsu_group2/sd_o,0,266,0.0,0.0
id_group6/hc_o + lsu_group3/sd_o,0,266,0.0,0.0
id_group6/hc_o + lsu_group4/sd_o,0,266,0.0,0.0
id_group6/hc_o + lsu_group5/sd_o,0,266,0.0,0.0
id_group6/sd_o + id_group7/hc_o,0,266,0.0,0.0
id_group6/sd_o + id_group8/hc_o,0,266,0.0,0.0
csr_group0/hc_o + id_group6/sd_o,0,266,0.0,0.0
csr_group1/hc_o + id_group6/sd_o,0,266,0.0,0.0
csr_group2/hc_o + id_group6/sd_o,0,266,0.0,0.0
csr_group3/hc_o + id_group6/sd_o,0,266,0.0,0.0
csr_group4/hc_o + id_group6/sd_o,0,266,0.0,0.0
csr_group5/hc_o + id_group6/sd_o,0,266,0.0,0.0
csr_group6/hc_o + id_group6/sd_o,0,266,0.0,0.0
csr_group7/hc_o + id_group6/sd_o,0,266,0.0,0.0
csr_group8/hc_o + id_group6/sd_o,0,266,0.0,0.0
csr_group9/hc_o + id_group6/sd_o,0,266,0.0,0.0
csr_group10/hc_o + id_group6/sd_o,0,266,0.0,0.0
csr_group11/hc_o + id_group6/sd_o,0,266,0.0,0.0
csr_group12/hc_o + id_group6/sd_o,0,266,0.0,0.0
csr_group13/hc_o + id_group6/sd_o,0,266,0.0,0.0
csr_group15/hc_o + id_group6/sd_o,0,266,0.0,0.0
csr_group16/hc_o + id_group6/sd_o,0,266,0.0,0.0
csr_group17/hc_o + id_group6/sd_o,0,266,0.0,0.0
id_group6/sd_o + lsu_group1/hc_o,0,266,0.0,0.0
id_group6/sd_o + lsu_group2/hc_o,0,266,0.0,0.0
id_group6/sd_o + lsu_group3/hc_o,0,266,0.0,0.0
id_group6/sd_o + lsu_group4/hc_o,0,266,0.0,0.0
id_group6/sd_o + lsu_group5/hc_o,0,266,0.0,0.0
id_group7/hc_o + id_group7/sd_o,0,266,0.0,0.0
id_group7/hc_o + id_group8/sd_o,0,266,0.0,0.0
id_group7/hc_o + id_group9/sd_o,0,266,0.0,0.0
id_group7/hc_o + sd_o_rf_tag,0,266,0.0,0.0
csr_group0/sd_o + id_group7/hc_o,0,266,0.0,0.0
csr_group1/sd_o + id_group7/hc_o,0,266,0.0,0.0
csr_group2/sd_o + id_group7/hc_o,0,266,0.0,0.0
csr_group3/sd_o + id_group7/hc_o,0,266,0.0,0.0
csr_group4/sd_o + id_group7/hc_o,0,266,0.0,0.0
csr_group5/sd_o + id_group7/hc_o,0,266,0.0,0.0
csr_group6/sd_o + id_group7/hc_o,0,266,0.0,0.0
csr_group7/sd_o + id_group7/hc_o,0,266,0.0,0.0
csr_group8/sd_o + id_group7/hc_o,0,266,0.0,0.0
csr_group9/sd_o + id_group7/hc_o,0,266,0.0,0.0
csr_group10/sd_o + id_group7/hc_o,0,266,0.0,0.0
csr_group11/sd_o + id_group7/hc_o,0,266,0.0,0.0
csr_group12/sd_o + id_group7/hc_o,0,266,0.0,0.0
csr_group13/sd_o + id_group7/hc_o,0,266,0.0,0.0
csr_group14/sd_o + id_group7/hc_o,0,266,0.0,0.0
csr_group15/sd_o + id_group7/hc_o,0,266,0.0,0.0
csr_group16/sd_o + id_group7/hc_o,0,266,0.0,0.0
csr_group17/sd_o + id_group7/hc_o,0,266,0.0,0.0
csr_group18/sd_o + id_group7/hc_o,0,266,0.0,0.0
csr_group19/sd_o + id_group7/hc_o,0,266,0.0,0.0
csr_group20/sd_o + id_group7/hc_o,0,266,0.0,0.0
id_group7/hc_o + tcr_execute/sd_o,0,266,0.0,0.0
id_group7/hc_o + lsu_group1/sd_o,0,266,0.0,0.0
id_group7/hc_o + lsu_group2/sd_o,0,266,0.0,0.0
id_group7/hc_o + lsu_group3/sd_o,0,266,0.0,0.0
id_group7/hc_o + lsu_group4/sd_o,0,266,0.0,0.0
id_group7/hc_o + lsu_group5/sd_o,0,266,0.0,0.0
id_group7/sd_o + id_group8/hc_o,0,266,0.0,0.0
csr_group0/hc_o + id_group7/sd_o,0,266,0.0,0.0
csr_group1/hc_o + id_group7/sd_o,0,266,0.0,0.0
csr_group2/hc_o + id_group7/sd_o,0,266,0.0,0.0
csr_group3/hc_o + id_group7/sd_o,0,266,0.0,0.0
csr_group4/hc_o + id_group7/sd_o,0,266,0.0,0.0
csr_group5/hc_o + id_group7/sd_o,0,266,0.0,0.0
csr_group6/hc_o + id_group7/sd_o,0,266,0.0,0.0
csr_group7/hc_o + id_group7/sd_o,0,266,0.0,0.0
csr_group8/hc_o + id_group7/sd_o,0,266,0.0,0.0
csr_group9/hc_o + id_group7/sd_o,0,266,0.0,0.0
csr_group10/hc_o + id_group7/sd_o,0,266,0.0,0.0
csr_group11/hc_o + id_group7/sd_o,0,266,0.0,0.0
csr_group12/hc_o + id_group7/sd_o,0,266,0.0,0.0
csr_group13/hc_o + id_group7/sd_o,0,266,0.0,0.0
csr_group15/hc_o + id_group7/sd_o,0,266,0.0,0.0
csr_group16/hc_o + id_group7/sd_o,0,266,0.0,0.0
csr_group17/hc_o + id_group7/sd_o,0,266,0.0,0.0
id_group7/sd_o + lsu_group1/hc_o,0,266,0.0,0.0
id_group7/sd_o + lsu_group2/hc_o,0,266,0.0,0.0
id_group7/sd_o + lsu_group3/hc_o,0,266,0.0,0.0
id_group7/sd_o + lsu_group4/hc_o,0,266,0.0,0.0
id_group7/sd_o + lsu_group5/hc_o,0,266,0.0,0.0
id_group8/hc_o + id_group8/sd_o,0,266,0.0,0.0
id_group8/hc_o + id_group9/sd_o,0,266,0.0,0.0
id_group8/hc_o + sd_o_rf_tag,0,266,0.0,0.0
csr_group0/sd_o + id_group8/hc_o,0,266,0.0,0.0
csr_group1/sd_o + id_group8/hc_o,0,266,0.0,0.0
csr_group2/sd_o + id_group8/hc_o,0,266,0.0,0.0
csr_group3/sd_o + id_group8/hc_o,0,266,0.0,0.0
csr_group4/sd_o + id_group8/hc_o,0,266,0.0,0.0
csr_group5/sd_o + id_group8/hc_o,0,266,0.0,0.0
csr_group6/sd_o + id_group8/hc_o,0,266,0.0,0.0
csr_group7/sd_o + id_group8/hc_o,0,266,0.0,0.0
csr_group8/sd_o + id_group8/hc_o,0,266,0.0,0.0
csr_group9/sd_o + id_group8/hc_o,0,266,0.0,0.0
csr_group10/sd_o + id_group8/hc_o,0,266,0.0,0.0
csr_group11/sd_o + id_group8/hc_o,0,266,0.0,0.0
csr_group12/sd_o + id_group8/hc_o,0,266,0.0,0.0
csr_group13/sd_o + id_group8/hc_o,0,266,0.0,0.0
csr_group14/sd_o + id_group8/hc_o,0,266,0.0,0.0
csr_group15/sd_o + id_group8/hc_o,0,266,0.0,0.0
csr_group16/sd_o + id_group8/hc_o,0,266,0.0,0.0
csr_group17/sd_o + id_group8/hc_o,0,266,0.0,0.0
csr_group18/sd_o + id_group8/hc_o,0,266,0.0,0.0
csr_group19/sd_o + id_group8/hc_o,0,266,0.0,0.0
csr_group20/sd_o + id_group8/hc_o,0,266,0.0,0.0
id_group8/hc_o + tcr_execute/sd_o,0,266,0.0,0.0
id_group8/hc_o + lsu_group1/sd_o,0,266,0.0,0.0
id_group8/hc_o + lsu_group2/sd_o,0,266,0.0,0.0
id_group8/hc_o + lsu_group3/sd_o,0,266,0.0,0.0
id_group8/hc_o + lsu_group4/sd_o,0,266,0.0,0.0
id_group8/hc_o + lsu_group5/sd_o,0,266,0.0,0.0
csr_group0/hc_o + id_group8/sd_o,0,266,0.0,0.0
csr_group1/hc_o + id_group8/sd_o,0,266,0.0,0.0
csr_group2/hc_o + id_group8/sd_o,0,266,0.0,0.0
csr_group3/hc_o + id_group8/sd_o,0,266,0.0,0.0
csr_group4/hc_o + id_group8/sd_o,0,266,0.0,0.0
csr_group5/hc_o + id_group8/sd_o,0,266,0.0,0.0
csr_group6/hc_o + id_group8/sd_o,0,266,0.0,0.0
csr_group7/hc_o + id_group8/sd_o,0,266,0.0,0.0
csr_group8/hc_o + id_group8/sd_o,0,266,0.0,0.0
csr_group9/hc_o + id_group8/sd_o,0,266,0.0,0.0
csr_group10/hc_o + id_group8/sd_o,0,266,0.0,0.0
csr_group11/hc_o + id_group8/sd_o,0,266,0.0,0.0
csr_group12/hc_o + id_group8/sd_o,0,266,0.0,0.0
csr_group13/hc_o + id_group8/sd_o,0,266,0.0,0.0
csr_group15/hc_o + id_group8/sd_o,0,266,0.0,0.0
csr_group16/hc_o + id_group8/sd_o,0,266,0.0,0.0
csr_group17/hc_o + id_group8/sd_o,0,266,0.0,0.0
id_group8/sd_o + lsu_group1/hc_o,0,266,0.0,0.0
id_group8/sd_o + lsu_group2/hc_o,0,266,0.0,0.0
id_group8/sd_o + lsu_group3/hc_o,0,266,0.0,0.0
id_group8/sd_o + lsu_group4/hc_o,0,266,0.0,0.0
id_group8/sd_o + lsu_group5/hc_o,0,266,0.0,0.0
csr_group0/hc_o + id_group9/sd_o,0,266,0.0,0.0
csr_group1/hc_o + id_group9/sd_o,0,266,0.0,0.0
csr_group2/hc_o + id_group9/sd_o,0,266,0.0,0.0
csr_group3/hc_o + id_group9/sd_o,0,266,0.0,0.0
csr_group4/hc_o + id_group9/sd_o,0,266,0.0,0.0
csr_group5/hc_o + id_group9/sd_o,0,266,0.0,0.0
csr_group6/hc_o + id_group9/sd_o,0,266,0.0,0.0
csr_group7/hc_o + id_group9/sd_o,0,266,0.0,0.0
csr_group8/hc_o + id_group9/sd_o,0,266,0.0,0.0
csr_group9/hc_o + id_group9/sd_o,0,266,0.0,0.0
csr_group10/hc_o + id_group9/sd_o,0,266,0.0,0.0
csr_group11/hc_o + id_group9/sd_o,0,266,0.0,0.0
csr_group12/hc_o + id_group9/sd_o,0,266,0.0,0.0
csr_group13/hc_o + id_group9/sd_o,0,266,0.0,0.0
csr_group15/hc_o + id_group9/sd_o,0,266,0.0,0.0
csr_group16/hc_o + id_group9/sd_o,0,266,0.0,0.0
csr_group17/hc_o + id_group9/sd_o,0,266,0.0,0.0
id_group9/sd_o + lsu_group1/hc_o,0,266,0.0,0.0
id_group9/sd_o + lsu_group2/hc_o,0,266,0.0,0.0
id_group9/sd_o + lsu_group3/hc_o,0,266,0.0,0.0
id_group9/sd_o + lsu_group4/hc_o,0,266,0.0,0.0
id_group9/sd_o + lsu_group5/hc_o,0,266,0.0,0.0
csr_group0/hc_o + sd_o_rf_tag,0,266,0.0,0.0
csr_group1/hc_o + sd_o_rf_tag,0,266,0.0,0.0
csr_group2/hc_o + sd_o_rf_tag,0,266,0.0,0.0
csr_group3/hc_o + sd_o_rf_tag,0,266,0.0,0.0
csr_group4/hc_o + sd_o_rf_tag,0,266,0.0,0.0
csr_group5/hc_o + sd_o_rf_tag,0,266,0.0,0.0
csr_group6/hc_o + sd_o_rf_tag,0,266,0.0,0.0
csr_group7/hc_o + sd_o_rf_tag,0,266,0.0,0.0
csr_group8/hc_o + sd_o_rf_tag,0,266,0.0,0.0
csr_group9/hc_o + sd_o_rf_tag,0,266,0.0,0.0
csr_group10/hc_o + sd_o_rf_tag,0,266,0.0,0.0
csr_group11/hc_o + sd_o_rf_tag,0,266,0.0,0.0
csr_group12/hc_o + sd_o_rf_tag,0,266,0.0,0.0
csr_group13/hc_o + sd_o_rf_tag,0,266,0.0,0.0
csr_group15/hc_o + sd_o_rf_tag,0,266,0.0,0.0
csr_group16/hc_o + sd_o_rf_tag,0,266,0.0,0.0
csr_group17/hc_o + sd_o_rf_tag,0,266,0.0,0.0
lsu_group1/hc_o + sd_o_rf_tag,0,266,0.0,0.0
lsu_group2/hc_o + sd_o_rf_tag,0,266,0.0,0.0
lsu_group3/hc_o + sd_o_rf_tag,0,266,0.0,0.0
lsu_group4/hc_o + sd_o_rf_tag,0,266,0.0,0.0
lsu_group5/hc_o + sd_o_rf_tag,0,266,0.0,0.0
csr_group0/hc_o + csr_group0/sd_o,0,266,0.0,0.0
csr_group0/hc_o + csr_group1/sd_o,0,266,0.0,0.0
csr_group0/hc_o + csr_group2/sd_o,0,266,0.0,0.0
csr_group0/hc_o + csr_group3/sd_o,0,266,0.0,0.0
csr_group0/hc_o + csr_group4/sd_o,0,266,0.0,0.0
csr_group0/hc_o + csr_group5/sd_o,0,266,0.0,0.0
csr_group0/hc_o + csr_group6/sd_o,0,266,0.0,0.0
csr_group0/hc_o + csr_group7/sd_o,0,266,0.0,0.0
csr_group0/hc_o + csr_group8/sd_o,0,266,0.0,0.0
csr_group0/hc_o + csr_group9/sd_o,0,266,0.0,0.0
csr_group0/hc_o + csr_group10/sd_o,0,266,0.0,0.0
csr_group0/hc_o + csr_group11/sd_o,0,266,0.0,0.0
csr_group0/hc_o + csr_group12/sd_o,0,266,0.0,0.0
csr_group0/hc_o + csr_group13/sd_o,0,266,0.0,0.0
csr_group0/hc_o + csr_group14/sd_o,0,266,0.0,0.0
csr_group0/hc_o + csr_group15/sd_o,0,266,0.0,0.0
csr_group0/hc_o + csr_group16/sd_o,0,266,0.0,0.0
csr_group0/hc_o + csr_group17/sd_o,0,266,0.0,0.0
csr_group0/hc_o + csr_group18/sd_o,0,266,0.0,0.0
csr_group0/hc_o + csr_group19/sd_o,0,266,0.0,0.0
csr_group0/hc_o + csr_group20/sd_o,0,266,0.0,0.0
csr_group0/hc_o + tcr_execute/sd_o,0,266,0.0,0.0
csr_group0/hc_o + lsu_group1/sd_o,0,266,0.0,0.0
csr_group0/hc_o + lsu_group2/sd_o,0,266,0.0,0.0
csr_group0/hc_o + lsu_group3/sd_o,0,266,0.0,0.0
csr_group0/hc_o + lsu_group4/sd_o,0,266,0.0,0.0
csr_group0/hc_o + lsu_group5/sd_o,0,266,0.0,0.0
csr_group0/sd_o + csr_group1/hc_o,0,266,0.0,0.0
csr_group0/sd_o + csr_group2/hc_o,0,266,0.0,0.0
csr_group0/sd_o + csr_group3/hc_o,0,266,0.0,0.0
csr_group0/sd_o + csr_group4/hc_o,0,266,0.0,0.0
csr_group0/sd_o + csr_group5/hc_o,0,266,0.0,0.0
csr_group0/sd_o + csr_group6/hc_o,0,266,0.0,0.0
csr_group0/sd_o + csr_group7/hc_o,0,266,0.0,0.0
csr_group0/sd_o + csr_group8/hc_o,0,266,0.0,0.0
csr_group0/sd_o + csr_group9/hc_o,0,266,0.0,0.0
csr_group0/sd_o + csr_group10/hc_o,0,266,0.0,0.0
csr_group0/sd_o + csr_group11/hc_o,0,266,0.0,0.0
csr_group0/sd_o + csr_group12/hc_o,0,266,0.0,0.0
csr_group0/sd_o + csr_group13/hc_o,0,266,0.0,0.0
csr_group0/sd_o + csr_group15/hc_o,0,266,0.0,0.0
csr_group0/sd_o + csr_group16/hc_o,0,266,0.0,0.0
csr_group0/sd_o + csr_group17/hc_o,0,266,0.0,0.0
csr_group0/sd_o + lsu_group1/hc_o,0,266,0.0,0.0
csr_group0/sd_o + lsu_group2/hc_o,0,266,0.0,0.0
csr_group0/sd_o + lsu_group3/hc_o,0,266,0.0,0.0
csr_group0/sd_o + lsu_group4/hc_o,0,266,0.0,0.0
csr_group0/sd_o + lsu_group5/hc_o,0,266,0.0,0.0
csr_group1/hc_o + csr_group1/sd_o,0,266,0.0,0.0
csr_group1/hc_o + csr_group2/sd_o,0,266,0.0,0.0
csr_group1/hc_o + csr_group3/sd_o,0,266,0.0,0.0
csr_group1/hc_o + csr_group4/sd_o,0,266,0.0,0.0
csr_group1/hc_o + csr_group5/sd_o,0,266,0.0,0.0
csr_group1/hc_o + csr_group6/sd_o,0,266,0.0,0.0
csr_group1/hc_o + csr_group7/sd_o,0,266,0.0,0.0
csr_group1/hc_o + csr_group8/sd_o,0,266,0.0,0.0
csr_group1/hc_o + csr_group9/sd_o,0,266,0.0,0.0
csr_group1/hc_o + csr_group10/sd_o,0,266,0.0,0.0
csr_group1/hc_o + csr_group11/sd_o,0,266,0.0,0.0
csr_group1/hc_o + csr_group12/sd_o,0,266,0.0,0.0
csr_group1/hc_o + csr_group13/sd_o,0,266,0.0,0.0
csr_group1/hc_o + csr_group14/sd_o,0,266,0.0,0.0
csr_group1/hc_o + csr_group15/sd_o,0,266,0.0,0.0
csr_group1/hc_o + csr_group16/sd_o,0,266,0.0,0.0
csr_group1/hc_o + csr_group17/sd_o,0,266,0.0,0.0
csr_group1/hc_o + csr_group18/sd_o,0,266,0.0,0.0
csr_group1/hc_o + csr_group19/sd_o,0,266,0.0,0.0
csr_group1/hc_o + csr_group20/sd_o,0,266,0.0,0.0
csr_group1/hc_o + tcr_execute/sd_o,0,266,0.0,0.0
csr_group1/hc_o + lsu_group1/sd_o,0,266,0.0,0.0
csr_group1/hc_o + lsu_group2/sd_o,0,266,0.0,0.0
csr_group1/hc_o + lsu_group3/sd_o,0,266,0.0,0.0
csr_group1/hc_o + lsu_group4/sd_o,0,266,0.0,0.0
csr_group1/hc_o + lsu_group5/sd_o,0,266,0.0,0.0
csr_group1/sd_o + csr_group2/hc_o,0,266,0.0,0.0
csr_group1/sd_o + csr_group3/hc_o,0,266,0.0,0.0
csr_group1/sd_o + csr_group4/hc_o,0,266,0.0,0.0
csr_group1/sd_o + csr_group5/hc_o,0,266,0.0,0.0
csr_group1/sd_o + csr_group6/hc_o,0,266,0.0,0.0
csr_group1/sd_o + csr_group7/hc_o,0,266,0.0,0.0
csr_group1/sd_o + csr_group8/hc_o,0,266,0.0,0.0
csr_group1/sd_o + csr_group9/hc_o,0,266,0.0,0.0
csr_group1/sd_o + csr_group10/hc_o,0,266,0.0,0.0
csr_group1/sd_o + csr_group11/hc_o,0,266,0.0,0.0
csr_group1/sd_o + csr_group12/hc_o,0,266,0.0,0.0
csr_group1/sd_o + csr_group13/hc_o,0,266,0.0,0.0
csr_group1/sd_o + csr_group15/hc_o,0,266,0.0,0.0
csr_group1/sd_o + csr_group16/hc_o,0,266,0.0,0.0
csr_group1/sd_o + csr_group17/hc_o,0,266,0.0,0.0
csr_group1/sd_o + lsu_group1/hc_o,0,266,0.0,0.0
csr_group1/sd_o + lsu_group2/hc_o,0,266,0.0,0.0
csr_group1/sd_o + lsu_group3/hc_o,0,266,0.0,0.0
csr_group1/sd_o + lsu_group4/hc_o,0,266,0.0,0.0
csr_group1/sd_o + lsu_group5/hc_o,0,266,0.0,0.0
csr_group2/hc_o + csr_group2/sd_o,0,266,0.0,0.0
csr_group2/hc_o + csr_group3/sd_o,0,266,0.0,0.0
csr_group2/hc_o + csr_group4/sd_o,0,266,0.0,0.0
csr_group2/hc_o + csr_group5/sd_o,0,266,0.0,0.0
csr_group2/hc_o + csr_group6/sd_o,0,266,0.0,0.0
csr_group2/hc_o + csr_group7/sd_o,0,266,0.0,0.0
csr_group2/hc_o + csr_group8/sd_o,0,266,0.0,0.0
csr_group2/hc_o + csr_group9/sd_o,0,266,0.0,0.0
csr_group10/sd_o + csr_group2/hc_o,0,266,0.0,0.0
csr_group11/sd_o + csr_group2/hc_o,0,266,0.0,0.0
csr_group12/sd_o + csr_group2/hc_o,0,266,0.0,0.0
csr_group13/sd_o + csr_group2/hc_o,0,266,0.0,0.0
csr_group14/sd_o + csr_group2/hc_o,0,266,0.0,0.0
csr_group15/sd_o + csr_group2/hc_o,0,266,0.0,0.0
csr_group16/sd_o + csr_group2/hc_o,0,266,0.0,0.0
csr_group17/sd_o + csr_group2/hc_o,0,266,0.0,0.0
csr_group18/sd_o + csr_group2/hc_o,0,266,0.0,0.0
csr_group19/sd_o + csr_group2/hc_o,0,266,0.0,0.0
csr_group2/hc_o + csr_group20/sd_o,0,266,0.0,0.0
csr_group2/hc_o + tcr_execute/sd_o,0,266,0.0,0.0
csr_group2/hc_o + lsu_group1/sd_o,0,266,0.0,0.0
csr_group2/hc_o + lsu_group2/sd_o,0,266,0.0,0.0
csr_group2/hc_o + lsu_group3/sd_o,0,266,0.0,0.0
csr_group2/hc_o + lsu_group4/sd_o,0,266,0.0,0.0
csr_group2/hc_o + lsu_group5/sd_o,0,266,0.0,0.0
csr_group2/sd_o + csr_group3/hc_o,0,266,0.0,0.0
csr_group2/sd_o + csr_group4/hc_o,0,266,0.0,0.0
csr_group2/sd_o + csr_group5/hc_o,0,266,0.0,0.0
csr_group2/sd_o + csr_group6/hc_o,0,266,0.0,0.0
csr_group2/sd_o + csr_group7/hc_o,0,266,0.0,0.0
csr_group2/sd_o + csr_group8/hc_o,0,266,0.0,0.0
csr_group2/sd_o + csr_group9/hc_o,0,266,0.0,0.0
csr_group10/hc_o + csr_group2/sd_o,0,266,0.0,0.0
csr_group11/hc_o + csr_group2/sd_o,0,266,0.0,0.0
csr_group12/hc_o + csr_group2/sd_o,0,266,0.0,0.0
csr_group13/hc_o + csr_group2/sd_o,0,266,0.0,0.0
csr_group15/hc_o + csr_group2/sd_o,0,266,0.0,0.0
csr_group16/hc_o + csr_group2/sd_o,0,266,0.0,0.0
csr_group17/hc_o + csr_group2/sd_o,0,266,0.0,0.0
csr_group2/sd_o + lsu_group1/hc_o,0,266,0.0,0.0
csr_group2/sd_o + lsu_group2/hc_o,0,266,0.0,0.0
csr_group2/sd_o + lsu_group3/hc_o,0,266,0.0,0.0
csr_group2/sd_o + lsu_group4/hc_o,0,266,0.0,0.0
csr_group2/sd_o + lsu_group5/hc_o,0,266,0.0,0.0
csr_group3/hc_o + csr_group3/sd_o,0,266,0.0,0.0
csr_group3/hc_o + csr_group4/sd_o,0,266,0.0,0.0
csr_group3/hc_o + csr_group5/sd_o,0,266,0.0,0.0
csr_group3/hc_o + csr_group6/sd_o,0,266,0.0,0.0
csr_group3/hc_o + csr_group7/sd_o,0,266,0.0,0.0
csr_group3/hc_o + csr_group8/sd_o,0,266,0.0,0.0
csr_group3/hc_o + csr_group9/sd_o,0,266,0.0,0.0
csr_group10/sd_o + csr_group3/hc_o,0,266,0.0,0.0
csr_group11/sd_o + csr_group3/hc_o,0,266,0.0,0.0
csr_group12/sd_o + csr_group3/hc_o,0,266,0.0,0.0
csr_group13/sd_o + csr_group3/hc_o,0,266,0.0,0.0
csr_group14/sd_o + csr_group3/hc_o,0,266,0.0,0.0
csr_group15/sd_o + csr_group3/hc_o,0,266,0.0,0.0
csr_group16/sd_o + csr_group3/hc_o,0,266,0.0,0.0
csr_group17/sd_o + csr_group3/hc_o,0,266,0.0,0.0
csr_group18/sd_o + csr_group3/hc_o,0,266,0.0,0.0
csr_group19/sd_o + csr_group3/hc_o,0,266,0.0,0.0
csr_group20/sd_o + csr_group3/hc_o,0,266,0.0,0.0
csr_group3/hc_o + tcr_execute/sd_o,0,266,0.0,0.0
csr_group3/hc_o + lsu_group1/sd_o,0,266,0.0,0.0
csr_group3/hc_o + lsu_group2/sd_o,0,266,0.0,0.0
csr_group3/hc_o + lsu_group3/sd_o,0,266,0.0,0.0
csr_group3/hc_o + lsu_group4/sd_o,0,266,0.0,0.0
csr_group3/hc_o + lsu_group5/sd_o,0,266,0.0,0.0
csr_group3/sd_o + csr_group4/hc_o,0,266,0.0,0.0
csr_group3/sd_o + csr_group5/hc_o,0,266,0.0,0.0
csr_group3/sd_o + csr_group6/hc_o,0,266,0.0,0.0
csr_group3/sd_o + csr_group7/hc_o,0,266,0.0,0.0
csr_group3/sd_o + csr_group8/hc_o,0,266,0.0,0.0
csr_group3/sd_o + csr_group9/hc_o,0,266,0.0,0.0
csr_group10/hc_o + csr_group3/sd_o,0,266,0.0,0.0
csr_group11/hc_o + csr_group3/sd_o,0,266,0.0,0.0
csr_group12/hc_o + csr_group3/sd_o,0,266,0.0,0.0
csr_group13/hc_o + csr_group3/sd_o,0,266,0.0,0.0
csr_group15/hc_o + csr_group3/sd_o,0,266,0.0,0.0
csr_group16/hc_o + csr_group3/sd_o,0,266,0.0,0.0
csr_group17/hc_o + csr_group3/sd_o,0,266,0.0,0.0
csr_group3/sd_o + lsu_group1/hc_o,0,266,0.0,0.0
csr_group3/sd_o + lsu_group2/hc_o,0,266,0.0,0.0
csr_group3/sd_o + lsu_group3/hc_o,0,266,0.0,0.0
csr_group3/sd_o + lsu_group4/hc_o,0,266,0.0,0.0
csr_group3/sd_o + lsu_group5/hc_o,0,266,0.0,0.0
csr_group4/hc_o + csr_group4/sd_o,0,266,0.0,0.0
csr_group4/hc_o + csr_group5/sd_o,0,266,0.0,0.0
csr_group4/hc_o + csr_group6/sd_o,0,266,0.0,0.0
csr_group4/hc_o + csr_group7/sd_o,0,266,0.0,0.0
csr_group4/hc_o + csr_group8/sd_o,0,266,0.0,0.0
csr_group4/hc_o + csr_group9/sd_o,0,266,0.0,0.0
csr_group10/sd_o + csr_group4/hc_o,0,266,0.0,0.0
csr_group11/sd_o + csr_group4/hc_o,0,266,0.0,0.0
csr_group12/sd_o + csr_group4/hc_o,0,266,0.0,0.0
csr_group13/sd_o + csr_group4/hc_o,0,266,0.0,0.0
csr_group14/sd_o + csr_group4/hc_o,0,266,0.0,0.0
csr_group15/sd_o + csr_group4/hc_o,0,266,0.0,0.0
csr_group16/sd_o + csr_group4/hc_o,0,266,0.0,0.0
csr_group17/sd_o + csr_group4/hc_o,0,266,0.0,0.0
csr_group18/sd_o + csr_group4/hc_o,0,266,0.0,0.0
csr_group19/sd_o + csr_group4/hc_o,0,266,0.0,0.0
csr_group20/sd_o + csr_group4/hc_o,0,266,0.0,0.0
csr_group4/hc_o + tcr_execute/sd_o,0,266,0.0,0.0
csr_group4/hc_o + lsu_group1/sd_o,0,266,0.0,0.0
csr_group4/hc_o + lsu_group2/sd_o,0,266,0.0,0.0
csr_group4/hc_o + lsu_group3/sd_o,0,266,0.0,0.0
csr_group4/hc_o + lsu_group4/sd_o,0,266,0.0,0.0
csr_group4/hc_o + lsu_group5/sd_o,0,266,0.0,0.0
csr_group4/sd_o + csr_group5/hc_o,0,266,0.0,0.0
csr_group4/sd_o + csr_group6/hc_o,0,266,0.0,0.0
csr_group4/sd_o + csr_group7/hc_o,0,266,0.0,0.0
csr_group4/sd_o + csr_group8/hc_o,0,266,0.0,0.0
csr_group4/sd_o + csr_group9/hc_o,0,266,0.0,0.0
csr_group10/hc_o + csr_group4/sd_o,0,266,0.0,0.0
csr_group11/hc_o + csr_group4/sd_o,0,266,0.0,0.0
csr_group12/hc_o + csr_group4/sd_o,0,266,0.0,0.0
csr_group13/hc_o + csr_group4/sd_o,0,266,0.0,0.0
csr_group15/hc_o + csr_group4/sd_o,0,266,0.0,0.0
csr_group16/hc_o + csr_group4/sd_o,0,266,0.0,0.0
csr_group17/hc_o + csr_group4/sd_o,0,266,0.0,0.0
csr_group4/sd_o + lsu_group1/hc_o,0,266,0.0,0.0
csr_group4/sd_o + lsu_group2/hc_o,0,266,0.0,0.0
csr_group4/sd_o + lsu_group3/hc_o,0,266,0.0,0.0
csr_group4/sd_o + lsu_group4/hc_o,0,266,0.0,0.0
csr_group4/sd_o + lsu_group5/hc_o,0,266,0.0,0.0
csr_group5/hc_o + csr_group5/sd_o,0,266,0.0,0.0
csr_group5/hc_o + csr_group6/sd_o,0,266,0.0,0.0
csr_group5/hc_o + csr_group7/sd_o,0,266,0.0,0.0
csr_group5/hc_o + csr_group8/sd_o,0,266,0.0,0.0
csr_group5/hc_o + csr_group9/sd_o,0,266,0.0,0.0
csr_group10/sd_o + csr_group5/hc_o,0,266,0.0,0.0
csr_group11/sd_o + csr_group5/hc_o,0,266,0.0,0.0
csr_group12/sd_o + csr_group5/hc_o,0,266,0.0,0.0
csr_group13/sd_o + csr_group5/hc_o,0,266,0.0,0.0
csr_group14/sd_o + csr_group5/hc_o,0,266,0.0,0.0
csr_group15/sd_o + csr_group5/hc_o,0,266,0.0,0.0
csr_group16/sd_o + csr_group5/hc_o,0,266,0.0,0.0
csr_group17/sd_o + csr_group5/hc_o,0,266,0.0,0.0
csr_group18/sd_o + csr_group5/hc_o,0,266,0.0,0.0
csr_group19/sd_o + csr_group5/hc_o,0,266,0.0,0.0
csr_group20/sd_o + csr_group5/hc_o,0,266,0.0,0.0
csr_group5/hc_o + tcr_execute/sd_o,0,266,0.0,0.0
csr_group5/hc_o + lsu_group1/sd_o,0,266,0.0,0.0
csr_group5/hc_o + lsu_group2/sd_o,0,266,0.0,0.0
csr_group5/hc_o + lsu_group3/sd_o,0,266,0.0,0.0
csr_group5/hc_o + lsu_group4/sd_o,0,266,0.0,0.0
csr_group5/hc_o + lsu_group5/sd_o,0,266,0.0,0.0
csr_group5/sd_o + csr_group6/hc_o,0,266,0.0,0.0
csr_group5/sd_o + csr_group7/hc_o,0,266,0.0,0.0
csr_group5/sd_o + csr_group8/hc_o,0,266,0.0,0.0
csr_group5/sd_o + csr_group9/hc_o,0,266,0.0,0.0
csr_group10/hc_o + csr_group5/sd_o,0,266,0.0,0.0
csr_group11/hc_o + csr_group5/sd_o,0,266,0.0,0.0
csr_group12/hc_o + csr_group5/sd_o,0,266,0.0,0.0
csr_group13/hc_o + csr_group5/sd_o,0,266,0.0,0.0
csr_group15/hc_o + csr_group5/sd_o,0,266,0.0,0.0
csr_group16/hc_o + csr_group5/sd_o,0,266,0.0,0.0
csr_group17/hc_o + csr_group5/sd_o,0,266,0.0,0.0
csr_group5/sd_o + lsu_group1/hc_o,0,266,0.0,0.0
csr_group5/sd_o + lsu_group2/hc_o,0,266,0.0,0.0
csr_group5/sd_o + lsu_group3/hc_o,0,266,0.0,0.0
csr_group5/sd_o + lsu_group4/hc_o,0,266,0.0,0.0
csr_group5/sd_o + lsu_group5/hc_o,0,266,0.0,0.0
csr_group6/hc_o + csr_group6/sd_o,0,266,0.0,0.0
csr_group6/hc_o + csr_group7/sd_o,0,266,0.0,0.0
csr_group6/hc_o + csr_group8/sd_o,0,266,0.0,0.0
csr_group6/hc_o + csr_group9/sd_o,0,266,0.0,0.0
csr_group10/sd_o + csr_group6/hc_o,0,266,0.0,0.0
csr_group11/sd_o + csr_group6/hc_o,0,266,0.0,0.0
csr_group12/sd_o + csr_group6/hc_o,0,266,0.0,0.0
csr_group13/sd_o + csr_group6/hc_o,0,266,0.0,0.0
csr_group14/sd_o + csr_group6/hc_o,0,266,0.0,0.0
csr_group15/sd_o + csr_group6/hc_o,0,266,0.0,0.0
csr_group16/sd_o + csr_group6/hc_o,0,266,0.0,0.0
csr_group17/sd_o + csr_group6/hc_o,0,266,0.0,0.0
csr_group18/sd_o + csr_group6/hc_o,0,266,0.0,0.0
csr_group19/sd_o + csr_group6/hc_o,0,266,0.0,0.0
csr_group20/sd_o + csr_group6/hc_o,0,266,0.0,0.0
csr_group6/hc_o + tcr_execute/sd_o,0,266,0.0,0.0
csr_group6/hc_o + lsu_group1/sd_o,0,266,0.0,0.0
csr_group6/hc_o + lsu_group2/sd_o,0,266,0.0,0.0
csr_group6/hc_o + lsu_group3/sd_o,0,266,0.0,0.0
csr_group6/hc_o + lsu_group4/sd_o,0,266,0.0,0.0
csr_group6/hc_o + lsu_group5/sd_o,0,266,0.0,0.0
csr_group6/sd_o + csr_group7/hc_o,0,266,0.0,0.0
csr_group6/sd_o + csr_group8/hc_o,0,266,0.0,0.0
csr_group6/sd_o + csr_group9/hc_o,0,266,0.0,0.0
csr_group10/hc_o + csr_group6/sd_o,0,266,0.0,0.0
csr_group11/hc_o + csr_group6/sd_o,0,266,0.0,0.0
csr_group12/hc_o + csr_group6/sd_o,0,266,0.0,0.0
csr_group13/hc_o + csr_group6/sd_o,0,266,0.0,0.0
csr_group15/hc_o + csr_group6/sd_o,0,266,0.0,0.0
csr_group16/hc_o + csr_group6/sd_o,0,266,0.0,0.0
csr_group17/hc_o + csr_group6/sd_o,0,266,0.0,0.0
csr_group6/sd_o + lsu_group1/hc_o,0,266,0.0,0.0
csr_group6/sd_o + lsu_group2/hc_o,0,266,0.0,0.0
csr_group6/sd_o + lsu_group3/hc_o,0,266,0.0,0.0
csr_group6/sd_o + lsu_group4/hc_o,0,266,0.0,0.0
csr_group6/sd_o + lsu_group5/hc_o,0,266,0.0,0.0
csr_group7/hc_o + csr_group7/sd_o,0,266,0.0,0.0
csr_group7/hc_o + csr_group8/sd_o,0,266,0.0,0.0
csr_group7/hc_o + csr_group9/sd_o,0,266,0.0,0.0
csr_group10/sd_o + csr_group7/hc_o,0,266,0.0,0.0
csr_group11/sd_o + csr_group7/hc_o,0,266,0.0,0.0
csr_group12/sd_o + csr_group7/hc_o,0,266,0.0,0.0
csr_group13/sd_o + csr_group7/hc_o,0,266,0.0,0.0
csr_group14/sd_o + csr_group7/hc_o,0,266,0.0,0.0
csr_group15/sd_o + csr_group7/hc_o,0,266,0.0,0.0
csr_group16/sd_o + csr_group7/hc_o,0,266,0.0,0.0
csr_group17/sd_o + csr_group7/hc_o,0,266,0.0,0.0
csr_group18/sd_o + csr_group7/hc_o,0,266,0.0,0.0
csr_group19/sd_o + csr_group7/hc_o,0,266,0.0,0.0
csr_group20/sd_o + csr_group7/hc_o,0,266,0.0,0.0
csr_group7/hc_o + tcr_execute/sd_o,0,266,0.0,0.0
csr_group7/hc_o + lsu_group1/sd_o,0,266,0.0,0.0
csr_group7/hc_o + lsu_group2/sd_o,0,266,0.0,0.0
csr_group7/hc_o + lsu_group3/sd_o,0,266,0.0,0.0
csr_group7/hc_o + lsu_group4/sd_o,0,266,0.0,0.0
csr_group7/hc_o + lsu_group5/sd_o,0,266,0.0,0.0
csr_group7/sd_o + csr_group8/hc_o,0,266,0.0,0.0
csr_group7/sd_o + csr_group9/hc_o,0,266,0.0,0.0
csr_group10/hc_o + csr_group7/sd_o,0,266,0.0,0.0
csr_group11/hc_o + csr_group7/sd_o,0,266,0.0,0.0
csr_group12/hc_o + csr_group7/sd_o,0,266,0.0,0.0
csr_group13/hc_o + csr_group7/sd_o,0,266,0.0,0.0
csr_group15/hc_o + csr_group7/sd_o,0,266,0.0,0.0
csr_group16/hc_o + csr_group7/sd_o,0,266,0.0,0.0
csr_group17/hc_o + csr_group7/sd_o,0,266,0.0,0.0
csr_group7/sd_o + lsu_group1/hc_o,0,266,0.0,0.0
csr_group7/sd_o + lsu_group2/hc_o,0,266,0.0,0.0
csr_group7/sd_o + lsu_group3/hc_o,0,266,0.0,0.0
csr_group7/sd_o + lsu_group4/hc_o,0,266,0.0,0.0
csr_group7/sd_o + lsu_group5/hc_o,0,266,0.0,0.0
csr_group8/hc_o + csr_group8/sd_o,0,266,0.0,0.0
csr_group8/hc_o + csr_group9/sd_o,0,266,0.0,0.0
csr_group10/sd_o + csr_group8/hc_o,0,266,0.0,0.0
csr_group11/sd_o + csr_group8/hc_o,0,266,0.0,0.0
csr_group12/sd_o + csr_group8/hc_o,0,266,0.0,0.0
csr_group13/sd_o + csr_group8/hc_o,0,266,0.0,0.0
csr_group14/sd_o + csr_group8/hc_o,0,266,0.0,0.0
csr_group15/sd_o + csr_group8/hc_o,0,266,0.0,0.0
csr_group16/sd_o + csr_group8/hc_o,0,266,0.0,0.0
csr_group17/sd_o + csr_group8/hc_o,0,266,0.0,0.0
csr_group18/sd_o + csr_group8/hc_o,0,266,0.0,0.0
csr_group19/sd_o + csr_group8/hc_o,0,266,0.0,0.0
csr_group20/sd_o + csr_group8/hc_o,0,266,0.0,0.0
csr_group8/hc_o + tcr_execute/sd_o,0,266,0.0,0.0
csr_group8/hc_o + lsu_group1/sd_o,0,266,0.0,0.0
csr_group8/hc_o + lsu_group2/sd_o,0,266,0.0,0.0
csr_group8/hc_o + lsu_group3/sd_o,0,266,0.0,0.0
csr_group8/hc_o + lsu_group4/sd_o,0,266,0.0,0.0
csr_group8/hc_o + lsu_group5/sd_o,0,266,0.0,0.0
csr_group8/sd_o + csr_group9/hc_o,0,266,0.0,0.0
csr_group10/hc_o + csr_group8/sd_o,0,266,0.0,0.0
csr_group11/hc_o + csr_group8/sd_o,0,266,0.0,0.0
csr_group12/hc_o + csr_group8/sd_o,0,266,0.0,0.0
csr_group13/hc_o + csr_group8/sd_o,0,266,0.0,0.0
csr_group15/hc_o + csr_group8/sd_o,0,266,0.0,0.0
csr_group16/hc_o + csr_group8/sd_o,0,266,0.0,0.0
csr_group17/hc_o + csr_group8/sd_o,0,266,0.0,0.0
csr_group8/sd_o + lsu_group1/hc_o,0,266,0.0,0.0
csr_group8/sd_o + lsu_group2/hc_o,0,266,0.0,0.0
csr_group8/sd_o + lsu_group3/hc_o,0,266,0.0,0.0
csr_group8/sd_o + lsu_group4/hc_o,0,266,0.0,0.0
csr_group8/sd_o + lsu_group5/hc_o,0,266,0.0,0.0
csr_group9/hc_o + csr_group9/sd_o,0,266,0.0,0.0
csr_group10/sd_o + csr_group9/hc_o,0,266,0.0,0.0
csr_group11/sd_o + csr_group9/hc_o,0,266,0.0,0.0
csr_group12/sd_o + csr_group9/hc_o,0,266,0.0,0.0
csr_group13/sd_o + csr_group9/hc_o,0,266,0.0,0.0
csr_group14/sd_o + csr_group9/hc_o,0,266,0.0,0.0
csr_group15/sd_o + csr_group9/hc_o,0,266,0.0,0.0
csr_group16/sd_o + csr_group9/hc_o,0,266,0.0,0.0
csr_group17/sd_o + csr_group9/hc_o,0,266,0.0,0.0
csr_group18/sd_o + csr_group9/hc_o,0,266,0.0,0.0
csr_group19/sd_o + csr_group9/hc_o,0,266,0.0,0.0
csr_group20/sd_o + csr_group9/hc_o,0,266,0.0,0.0
csr_group9/hc_o + tcr_execute/sd_o,0,266,0.0,0.0
csr_group9/hc_o + lsu_group1/sd_o,0,266,0.0,0.0
csr_group9/hc_o + lsu_group2/sd_o,0,266,0.0,0.0
csr_group9/hc_o + lsu_group3/sd_o,0,266,0.0,0.0
csr_group9/hc_o + lsu_group4/sd_o,0,266,0.0,0.0
csr_group9/hc_o + lsu_group5/sd_o,0,266,0.0,0.0
csr_group10/hc_o + csr_group9/sd_o,0,266,0.0,0.0
csr_group11/hc_o + csr_group9/sd_o,0,266,0.0,0.0
csr_group12/hc_o + csr_group9/sd_o,0,266,0.0,0.0
csr_group13/hc_o + csr_group9/sd_o,0,266,0.0,0.0
csr_group15/hc_o + csr_group9/sd_o,0,266,0.0,0.0
csr_group16/hc_o + csr_group9/sd_o,0,266,0.0,0.0
csr_group17/hc_o + csr_group9/sd_o,0,266,0.0,0.0
csr_group9/sd_o + lsu_group1/hc_o,0,266,0.0,0.0
csr_group9/sd_o + lsu_group2/hc_o,0,266,0.0,0.0
csr_group9/sd_o + lsu_group3/hc_o,0,266,0.0,0.0
csr_group9/sd_o + lsu_group4/hc_o,0,266,0.0,0.0
csr_group9/sd_o + lsu_group5/hc_o,0,266,0.0,0.0
csr_group10/hc_o + csr_group10/sd_o,0,266,0.0,0.0
csr_group10/hc_o + csr_group11/sd_o,0,266,0.0,0.0
csr_group10/hc_o + csr_group12/sd_o,0,266,0.0,0.0
csr_group10/hc_o + csr_group13/sd_o,0,266,0.0,0.0
csr_group10/hc_o + csr_group14/sd_o,0,266,0.0,0.0
csr_group10/hc_o + csr_group15/sd_o,0,266,0.0,0.0
csr_group10/hc_o + csr_group16/sd_o,0,266,0.0,0.0
csr_group10/hc_o + csr_group17/sd_o,0,266,0.0,0.0
csr_group10/hc_o + csr_group18/sd_o,0,266,0.0,0.0
csr_group10/hc_o + csr_group19/sd_o,0,266,0.0,0.0
csr_group10/hc_o + csr_group20/sd_o,0,266,0.0,0.0
csr_group10/hc_o + tcr_execute/sd_o,0,266,0.0,0.0
csr_group10/hc_o + lsu_group1/sd_o,0,266,0.0,0.0
csr_group10/hc_o + lsu_group2/sd_o,0,266,0.0,0.0
csr_group10/hc_o + lsu_group3/sd_o,0,266,0.0,0.0
csr_group10/hc_o + lsu_group4/sd_o,0,266,0.0,0.0
csr_group10/hc_o + lsu_group5/sd_o,0,266,0.0,0.0
csr_group10/sd_o + csr_group11/hc_o,0,266,0.0,0.0
csr_group10/sd_o + csr_group12/hc_o,0,266,0.0,0.0
csr_group10/sd_o + csr_group13/hc_o,0,266,0.0,0.0
csr_group10/sd_o + csr_group15/hc_o,0,266,0.0,0.0
csr_group10/sd_o + csr_group16/hc_o,0,266,0.0,0.0
csr_group10/sd_o + csr_group17/hc_o,0,266,0.0,0.0
csr_group10/sd_o + lsu_group1/hc_o,0,266,0.0,0.0
csr_group10/sd_o + lsu_group2/hc_o,0,266,0.0,0.0
csr_group10/sd_o + lsu_group3/hc_o,0,266,0.0,0.0
csr_group10/sd_o + lsu_group4/hc_o,0,266,0.0,0.0
csr_group10/sd_o + lsu_group5/hc_o,0,266,0.0,0.0
csr_group11/hc_o + csr_group11/sd_o,0,266,0.0,0.0
csr_group11/hc_o + csr_group12/sd_o,0,266,0.0,0.0
csr_group11/hc_o + csr_group13/sd_o,0,266,0.0,0.0
csr_group11/hc_o + csr_group14/sd_o,0,266,0.0,0.0
csr_group11/hc_o + csr_group15/sd_o,0,266,0.0,0.0
csr_group11/hc_o + csr_group16/sd_o,0,266,0.0,0.0
csr_group11/hc_o + csr_group17/sd_o,0,266,0.0,0.0
csr_group11/hc_o + csr_group18/sd_o,0,266,0.0,0.0
csr_group11/hc_o + csr_group19/sd_o,0,266,0.0,0.0
csr_group11/hc_o + csr_group20/sd_o,0,266,0.0,0.0
csr_group11/hc_o + tcr_execute/sd_o,0,266,0.0,0.0
csr_group11/hc_o + lsu_group1/sd_o,0,266,0.0,0.0
csr_group11/hc_o + lsu_group2/sd_o,0,266,0.0,0.0
csr_group11/hc_o + lsu_group3/sd_o,0,266,0.0,0.0
csr_group11/hc_o + lsu_group4/sd_o,0,266,0.0,0.0
csr_group11/hc_o + lsu_group5/sd_o,0,266,0.0,0.0
csr_group11/sd_o + csr_group12/hc_o,0,266,0.0,0.0
csr_group11/sd_o + csr_group13/hc_o,0,266,0.0,0.0
csr_group11/sd_o + csr_group15/hc_o,0,266,0.0,0.0
csr_group11/sd_o + csr_group16/hc_o,0,266,0.0,0.0
csr_group11/sd_o + csr_group17/hc_o,0,266,0.0,0.0
csr_group11/sd_o + lsu_group1/hc_o,0,266,0.0,0.0
csr_group11/sd_o + lsu_group2/hc_o,0,266,0.0,0.0
csr_group11/sd_o + lsu_group3/hc_o,0,266,0.0,0.0
csr_group11/sd_o + lsu_group4/hc_o,0,266,0.0,0.0
csr_group11/sd_o + lsu_group5/hc_o,0,266,0.0,0.0
csr_group12/hc_o + csr_group13/sd_o,0,266,0.0,0.0
csr_group12/hc_o + csr_group14/sd_o,0,266,0.0,0.0
csr_group12/hc_o + csr_group15/sd_o,0,266,0.0,0.0
csr_group12/hc_o + csr_group16/sd_o,0,266,0.0,0.0
csr_group12/hc_o + csr_group17/sd_o,0,266,0.0,0.0
csr_group12/hc_o + csr_group18/sd_o,0,266,0.0,0.0
csr_group12/hc_o + csr_group19/sd_o,0,266,0.0,0.0
csr_group12/hc_o + csr_group20/sd_o,0,266,0.0,0.0
csr_group12/hc_o + tcr_execute/sd_o,0,266,0.0,0.0
csr_group12/hc_o + lsu_group1/sd_o,0,266,0.0,0.0
csr_group12/hc_o + lsu_group2/sd_o,0,266,0.0,0.0
csr_group12/hc_o + lsu_group3/sd_o,0,266,0.0,0.0
csr_group12/hc_o + lsu_group4/sd_o,0,266,0.0,0.0
csr_group12/hc_o + lsu_group5/sd_o,0,266,0.0,0.0
csr_group12/sd_o + csr_group13/hc_o,0,266,0.0,0.0
csr_group12/sd_o + csr_group15/hc_o,0,266,0.0,0.0
csr_group12/sd_o + csr_group16/hc_o,0,266,0.0,0.0
csr_group12/sd_o + csr_group17/hc_o,0,266,0.0,0.0
csr_group12/sd_o + lsu_group1/hc_o,0,266,0.0,0.0
csr_group12/sd_o + lsu_group2/hc_o,0,266,0.0,0.0
csr_group12/sd_o + lsu_group3/hc_o,0,266,0.0,0.0
csr_group12/sd_o + lsu_group4/hc_o,0,266,0.0,0.0
csr_group12/sd_o + lsu_group5/hc_o,0,266,0.0,0.0
csr_group13/hc_o + csr_group13/sd_o,0,266,0.0,0.0
csr_group13/hc_o + csr_group14/sd_o,0,266,0.0,0.0
csr_group13/hc_o + csr_group15/sd_o,0,266,0.0,0.0
csr_group13/hc_o + csr_group16/sd_o,0,266,0.0,0.0
csr_group13/hc_o + csr_group17/sd_o,0,266,0.0,0.0
csr_group13/hc_o + csr_group18/sd_o,0,266,0.0,0.0
csr_group13/hc_o + csr_group19/sd_o,0,266,0.0,0.0
csr_group13/hc_o + csr_group20/sd_o,0,266,0.0,0.0
csr_group13/hc_o + tcr_execute/sd_o,0,266,0.0,0.0
csr_group13/hc_o + lsu_group1/sd_o,0,266,0.0,0.0
csr_group13/hc_o + lsu_group2/sd_o,0,266,0.0,0.0
csr_group13/hc_o + lsu_group3/sd_o,0,266,0.0,0.0
csr_group13/hc_o + lsu_group4/sd_o,0,266,0.0,0.0
csr_group13/hc_o + lsu_group5/sd_o,0,266,0.0,0.0
csr_group13/sd_o + csr_group15/hc_o,0,266,0.0,0.0
csr_group13/sd_o + csr_group16/hc_o,0,266,0.0,0.0
csr_group13/sd_o + csr_group17/hc_o,0,266,0.0,0.0
csr_group13/sd_o + lsu_group1/hc_o,0,266,0.0,0.0
csr_group13/sd_o + lsu_group2/hc_o,0,266,0.0,0.0
csr_group13/sd_o + lsu_group3/hc_o,0,266,0.0,0.0
csr_group13/sd_o + lsu_group4/hc_o,0,266,0.0,0.0
csr_group13/sd_o + lsu_group5/hc_o,0,266,0.0,0.0
csr_group14/sd_o + csr_group15/hc_o,0,266,0.0,0.0
csr_group14/sd_o + csr_group16/hc_o,0,266,0.0,0.0
csr_group14/sd_o + csr_group17/hc_o,0,266,0.0,0.0
csr_group14/sd_o + lsu_group1/hc_o,0,266,0.0,0.0
csr_group14/sd_o + lsu_group2/hc_o,0,266,0.0,0.0
csr_group14/sd_o + lsu_group3/hc_o,0,266,0.0,0.0
csr_group14/sd_o + lsu_group4/hc_o,0,266,0.0,0.0
csr_group14/sd_o + lsu_group5/hc_o,0,266,0.0,0.0
csr_group15/hc_o + csr_group16/sd_o,0,266,0.0,0.0
csr_group15/hc_o + csr_group17/sd_o,0,266,0.0,0.0
csr_group15/hc_o + csr_group18/sd_o,0,266,0.0,0.0
csr_group15/hc_o + csr_group19/sd_o,0,266,0.0,0.0
csr_group15/hc_o + csr_group20/sd_o,0,266,0.0,0.0
csr_group15/hc_o + tcr_execute/sd_o,0,266,0.0,0.0
csr_group15/hc_o + lsu_group1/sd_o,0,266,0.0,0.0
csr_group15/hc_o + lsu_group2/sd_o,0,266,0.0,0.0
csr_group15/hc_o + lsu_group3/sd_o,0,266,0.0,0.0
csr_group15/hc_o + lsu_group4/sd_o,0,266,0.0,0.0
csr_group15/hc_o + lsu_group5/sd_o,0,266,0.0,0.0
csr_group15/sd_o + csr_group16/hc_o,0,266,0.0,0.0
csr_group15/sd_o + csr_group17/hc_o,0,266,0.0,0.0
csr_group15/sd_o + lsu_group1/hc_o,0,266,0.0,0.0
csr_group15/sd_o + lsu_group2/hc_o,0,266,0.0,0.0
csr_group15/sd_o + lsu_group3/hc_o,0,266,0.0,0.0
csr_group15/sd_o + lsu_group4/hc_o,0,266,0.0,0.0
csr_group15/sd_o + lsu_group5/hc_o,0,266,0.0,0.0
csr_group16/hc_o + csr_group16/sd_o,0,266,0.0,0.0
csr_group16/hc_o + csr_group17/sd_o,0,266,0.0,0.0
csr_group16/hc_o + csr_group18/sd_o,0,266,0.0,0.0
csr_group16/hc_o + csr_group19/sd_o,0,266,0.0,0.0
csr_group16/hc_o + csr_group20/sd_o,0,266,0.0,0.0
csr_group16/hc_o + tcr_execute/sd_o,0,266,0.0,0.0
csr_group16/hc_o + lsu_group1/sd_o,0,266,0.0,0.0
csr_group16/hc_o + lsu_group2/sd_o,0,266,0.0,0.0
csr_group16/hc_o + lsu_group3/sd_o,0,266,0.0,0.0
csr_group16/hc_o + lsu_group4/sd_o,0,266,0.0,0.0
csr_group16/hc_o + lsu_group5/sd_o,0,266,0.0,0.0
csr_group16/sd_o + csr_group17/hc_o,0,266,0.0,0.0
csr_group16/sd_o + lsu_group1/hc_o,0,266,0.0,0.0
csr_group16/sd_o + lsu_group2/hc_o,0,266,0.0,0.0
csr_group16/sd_o + lsu_group3/hc_o,0,266,0.0,0.0
csr_group16/sd_o + lsu_group4/hc_o,0,266,0.0,0.0
csr_group16/sd_o + lsu_group5/hc_o,0,266,0.0,0.0
csr_group17/hc_o + csr_group17/sd_o,0,266,0.0,0.0
csr_group17/hc_o + csr_group18/sd_o,0,266,0.0,0.0
csr_group17/hc_o + csr_group19/sd_o,0,266,0.0,0.0
csr_group17/hc_o + csr_group20/sd_o,0,266,0.0,0.0
csr_group17/hc_o + tcr_execute/sd_o,0,266,0.0,0.0
csr_group17/hc_o + lsu_group1/sd_o,0,266,0.0,0.0
csr_group17/hc_o + lsu_group2/sd_o,0,266,0.0,0.0
csr_group17/hc_o + lsu_group3/sd_o,0,266,0.0,0.0
csr_group17/hc_o + lsu_group4/sd_o,0,266,0.0,0.0
csr_group17/hc_o + lsu_group5/sd_o,0,266,0.0,0.0
csr_group17/sd_o + lsu_group1/hc_o,0,266,0.0,0.0
csr_group17/sd_o + lsu_group2/hc_o,0,266,0.0,0.0
csr_group17/sd_o + lsu_group3/hc_o,0,266,0.0,0.0
csr_group17/sd_o + lsu_group4/hc_o,0,266,0.0,0.0
csr_group17/sd_o + lsu_group5/hc_o,0,266,0.0,0.0
csr_group18/sd_o + lsu_group1/hc_o,0,266,0.0,0.0
csr_group18/sd_o + lsu_group2/hc_o,0,266,0.0,0.0
csr_group18/sd_o + lsu_group3/hc_o,0,266,0.0,0.0
csr_group18/sd_o + lsu_group4/hc_o,0,266,0.0,0.0
csr_group18/sd_o + lsu_group5/hc_o,0,266,0.0,0.0
csr_group19/sd_o + lsu_group1/hc_o,0,266,0.0,0.0
csr_group19/sd_o + lsu_group2/hc_o,0,266,0.0,0.0
csr_group19/sd_o + lsu_group3/hc_o,0,266,0.0,0.0
csr_group19/sd_o + lsu_group4/hc_o,0,266,0.0,0.0
csr_group19/sd_o + lsu_group5/hc_o,0,266,0.0,0.0
csr_group20/sd_o + lsu_group1/hc_o,0,266,0.0,0.0
csr_group20/sd_o + lsu_group2/hc_o,0,266,0.0,0.0
csr_group20/sd_o + lsu_group3/hc_o,0,266,0.0,0.0
csr_group20/sd_o + lsu_group4/hc_o,0,266,0.0,0.0
csr_group20/sd_o + lsu_group5/hc_o,0,266,0.0,0.0
lsu_group1/hc_o + tcr_execute/sd_o,0,266,0.0,0.0
lsu_group2/hc_o + tcr_execute/sd_o,0,266,0.0,0.0
lsu_group3/hc_o + tcr_execute/sd_o,0,266,0.0,0.0
lsu_group4/hc_o + tcr_execute/sd_o,0,266,0.0,0.0
lsu_group5/hc_o + tcr_execute/sd_o,0,266,0.0,0.0
lsu_group1/hc_o + lsu_group1/sd_o,0,266,0.0,0.0
lsu_group1/hc_o + lsu_group2/sd_o,0,266,0.0,0.0
lsu_group1/hc_o + lsu_group3/sd_o,0,266,0.0,0.0
lsu_group1/hc_o + lsu_group4/sd_o,0,266,0.0,0.0
lsu_group1/hc_o + lsu_group5/sd_o,0,266,0.0,0.0
lsu_group1/sd_o + lsu_group2/hc_o,0,266,0.0,0.0
lsu_group1/sd_o + lsu_group3/hc_o,0,266,0.0,0.0
lsu_group1/sd_o + lsu_group4/hc_o,0,266,0.0,0.0
lsu_group1/sd_o + lsu_group5/hc_o,0,266,0.0,0.0
lsu_group2/hc_o + lsu_group2/sd_o,0,266,0.0,0.0
lsu_group2/hc_o + lsu_group3/sd_o,0,266,0.0,0.0
lsu_group2/hc_o + lsu_group4/sd_o,0,266,0.0,0.0
lsu_group2/hc_o + lsu_group5/sd_o,0,266,0.0,0.0
lsu_group2/sd_o + lsu_group3/hc_o,0,266,0.0,0.0
lsu_group2/sd_o + lsu_group4/hc_o,0,266,0.0,0.0
lsu_group2/sd_o + lsu_group5/hc_o,0,266,0.0,0.0
lsu_group3/hc_o + lsu_group3/sd_o,0,266,0.0,0.0
lsu_group3/hc_o + lsu_group4/sd_o,0,266,0.0,0.0
lsu_group3/hc_o + lsu_group5/sd_o,0,266,0.0,0.0
lsu_group3/sd_o + lsu_group4/hc_o,0,266,0.0,0.0
lsu_group3/sd_o + lsu_group5/hc_o,0,266,0.0,0.0
lsu_group4/hc_o + lsu_group4/sd_o,0,266,0.0,0.0
lsu_group4/hc_o + lsu_group5/sd_o,0,266,0.0,0.0
lsu_group4/sd_o + lsu_group5/hc_o,0,266,0.0,0.0
lsu_group5/hc_o + lsu_group5/sd_o,0,266,0.0,0.0
alu_operand_b_ex_o_tag + sd_o_5,0,210,0.0,0.0
rf_reg[12] + tpr/sd_o_32,0,210,0.0,0.0
rf_reg[12] + tcr/sd_o_32,0,210,0.0,0.0
rf_reg[13] + sd_o_5,0,210,0.0,0.0
rf_reg[13] + tpr/sd_o_32,0,210,0.0,0.0
rf_reg[13] + tcr/sd_o_32,0,210,0.0,0.0
rf_reg[14] + sd_o_5,0,210,0.0,0.0
rf_reg[14] + tpr/sd_o_32,0,210,0.0,0.0
rf_reg[14] + tcr/sd_o_32,0,210,0.0,0.0
rf_reg[15] + sd_o_5,0,210,0.0,0.0
rf_reg[15] + tpr/sd_o_32,0,210,0.0,0.0
rf_reg[15] + tcr/sd_o_32,0,210,0.0,0.0
rf_reg[16] + sd_o_5,0,210,0.0,0.0
rf_reg[16] + tpr/sd_o_32,0,210,0.0,0.0
rf_reg[16] + tcr/sd_o_32,0,210,0.0,0.0
rf_reg[17] + sd_o_5,0,210,0.0,0.0
rf_reg[17] + tpr/sd_o_32,0,210,0.0,0.0
alu_operand_b_ex_o_tag + tpr/sd_o_32,0,210,0.0,0.0
alu_operand_b_ex_o_tag + tcr/sd_o_32,0,210,0.0,0.0
rf_reg[17] + tcr/sd_o_32,0,210,0.0,0.0
rf_reg[18] + sd_o_5,0,210,0.0,0.0
rf_reg[18] + tpr/sd_o_32,0,210,0.0,0.0
rf_reg[18] + tcr/sd_o_32,0,210,0.0,0.0
rf_reg[19] + sd_o_5,0,210,0.0,0.0
rf_reg[19] + tpr/sd_o_32,0,210,0.0,0.0
rf_reg[19] + tcr/sd_o_32,0,210,0.0,0.0
rf_reg[20] + sd_o_5,0,210,0.0,0.0
rf_reg[20] + tpr/sd_o_32,0,210,0.0,0.0
rf_reg[20] + tcr/sd_o_32,0,210,0.0,0.0
rf_reg[21] + sd_o_5,0,210,0.0,0.0
rf_reg[21] + tpr/sd_o_32,0,210,0.0,0.0
rf_reg[21] + tcr/sd_o_32,0,210,0.0,0.0
rf_reg[22] + sd_o_5,0,210,0.0,0.0
rf_reg[22] + tpr/sd_o_32,0,210,0.0,0.0
rf_reg[22] + tcr/sd_o_32,0,210,0.0,0.0
rf_reg[23] + sd_o_5,0,210,0.0,0.0
alu_operand_c_ex_o_tag + sd_o_5,0,210,0.0,0.0
rf_reg[23] + tpr/sd_o_32,0,210,0.0,0.0
rf_reg[23] + tcr/sd_o_32,0,210,0.0,0.0
rf_reg[24] + sd_o_5,0,210,0.0,0.0
rf_reg[24] + tpr/sd_o_32,0,210,0.0,0.0
rf_reg[24] + tcr/sd_o_32,0,210,0.0,0.0
rf_reg[25] + sd_o_5,0,210,0.0,0.0
rf_reg[25] + tpr/sd_o_32,0,210,0.0,0.0
rf_reg[25] + tcr/sd_o_32,0,210,0.0,0.0
rf_reg[26] + sd_o_5,0,210,0.0,0.0
rf_reg[26] + tpr/sd_o_32,0,210,0.0,0.0
rf_reg[26] + tcr/sd_o_32,0,210,0.0,0.0
rf_reg[27] + sd_o_5,0,210,0.0,0.0
rf_reg[27] + tpr/sd_o_32,0,210,0.0,0.0
rf_reg[27] + tcr/sd_o_32,0,210,0.0,0.0
rf_reg[28] + sd_o_5,0,210,0.0,0.0
rf_reg[28] + tpr/sd_o_32,0,210,0.0,0.0
rf_reg[28] + tcr/sd_o_32,0,210,0.0,0.0
rf_reg[29] + sd_o_5,0,210,0.0,0.0
alu_operand_c_ex_o_tag + tpr/sd_o_32,0,210,0.0,0.0
alu_operand_c_ex_o_tag + tcr/sd_o_32,0,210,0.0,0.0
rf_reg[29] + tpr/sd_o_32,0,210,0.0,0.0
rf_reg[29] + tcr/sd_o_32,0,210,0.0,0.0
rf_reg[30] + sd_o_5,0,210,0.0,0.0
rf_reg[30] + tpr/sd_o_32,0,210,0.0,0.0
rf_reg[30] + tcr/sd_o_32,0,210,0.0,0.0
rf_reg[31] + sd_o_5,0,210,0.0,0.0
rf_reg[31] + tpr/sd_o_32,0,210,0.0,0.0
rf_reg[31] + tcr/sd_o_32,0,210,0.0,0.0
rs1_o_tag + sd_o_5,0,210,0.0,0.0
rs1_o_tag + tpr/sd_o_32,0,210,0.0,0.0
rs1_o_tag + tcr/sd_o_32,0,210,0.0,0.0
data_we_q_tag + sd_o_5,0,210,0.0,0.0
data_we_q_tag + tpr/sd_o_32,0,210,0.0,0.0
data_we_q_tag + tcr/sd_o_32,0,210,0.0,0.0
sd_o_5 + sd_o_rf_tag,0,210,0.0,0.0
pc_id_o_tag + sd_o_5,0,210,0.0,0.0
check_d_o_tag + sd_o_5,0,210,0.0,0.0
sd_o_rf_tag + tpr/sd_o_32,0,210,0.0,0.0
sd_o_rf_tag + tcr/sd_o_32,0,210,0.0,0.0
tcr/sd_o_32 + tpr/sd_o_32,0,210,0.0,0.0
check_d_o_tag + tpr/sd_o_32,0,210,0.0,0.0
check_d_o_tag + tcr/sd_o_32,0,210,0.0,0.0
check_s1_o_tag + sd_o_5,0,210,0.0,0.0
check_s1_o_tag + tpr/sd_o_32,0,210,0.0,0.0
check_s1_o_tag + tcr/sd_o_32,0,210,0.0,0.0
check_s2_o_tag + sd_o_5,0,210,0.0,0.0
check_s2_o_tag + tpr/sd_o_32,0,210,0.0,0.0
check_s2_o_tag + tcr/sd_o_32,0,210,0.0,0.0
is_store_post_o_tag + sd_o_5,0,210,0.0,0.0
is_store_post_o_tag + tpr/sd_o_32,0,210,0.0,0.0
is_store_post_o_tag + tcr/sd_o_32,0,210,0.0,0.0
memory_set_o_tag + sd_o_5,0,210,0.0,0.0
pc_id_o_tag + tpr/sd_o_32,0,210,0.0,0.0
pc_id_o_tag + tcr/sd_o_32,0,210,0.0,0.0
memory_set_o_tag + tpr/sd_o_32,0,210,0.0,0.0
memory_set_o_tag + tcr/sd_o_32,0,210,0.0,0.0
pc_if_o_tag + sd_o_5,0,210,0.0,0.0
pc_if_o_tag + tpr/sd_o_32,0,210,0.0,0.0
pc_if_o_tag + tcr/sd_o_32,0,210,0.0,0.0
register_set_o_tag + sd_o_5,0,210,0.0,0.0
register_set_o_tag + tpr/sd_o_32,0,210,0.0,0.0
register_set_o_tag + tcr/sd_o_32,0,210,0.0,0.0
sd_o_5 + store_dest_addr_ex_o_tag,0,210,0.0,0.0
alu_operand_a_ex_o_tag + sd_o_5,0,210,0.0,0.0
store_dest_addr_ex_o_tag + tpr/sd_o_32,0,210,0.0,0.0
store_dest_addr_ex_o_tag + tcr/sd_o_32,0,210,0.0,0.0
sd_o_5 + store_source_ex_o_tag,0,210,0.0,0.0
store_source_ex_o_tag + tpr/sd_o_32,0,210,0.0,0.0
store_source_ex_o_tag + tcr/sd_o_32,0,210,0.0,0.0
sd_o_5 + use_store_ops_ex_o,0,210,0.0,0.0
tpr/sd_o_32 + use_store_ops_ex_o,0,210,0.0,0.0
tcr/sd_o_32 + use_store_ops_ex_o,0,210,0.0,0.0
rf_reg[0] + sd_o_5,0,210,0.0,0.0
rf_reg[0] + tpr/sd_o_32,0,210,0.0,0.0
rf_reg[0] + tcr/sd_o_32,0,210,0.0,0.0
rf_reg[1] + sd_o_5,0,210,0.0,0.0
rf_reg[1] + tpr/sd_o_32,0,210,0.0,0.0
rf_reg[1] + tcr/sd_o_32,0,210,0.0,0.0
rf_reg[2] + sd_o_5,0,210,0.0,0.0
alu_operand_a_ex_o_tag + tpr/sd_o_32,0,210,0.0,0.0
alu_operand_a_ex_o_tag + tcr/sd_o_32,0,210,0.0,0.0
rf_reg[2] + tpr/sd_o_32,0,210,0.0,0.0
rf_reg[2] + tcr/sd_o_32,0,210,0.0,0.0
rf_reg[3] + sd_o_5,0,210,0.0,0.0
rf_reg[3] + tpr/sd_o_32,0,210,0.0,0.0
rf_reg[3] + tcr/sd_o_32,0,210,0.0,0.0
rf_reg[4] + sd_o_5,0,210,0.0,0.0
rf_reg[4] + tpr/sd_o_32,0,210,0.0,0.0
rf_reg[4] + tcr/sd_o_32,0,210,0.0,0.0
rf_reg[5] + sd_o_5,0,210,0.0,0.0
rf_reg[5] + tpr/sd_o_32,0,210,0.0,0.0
rf_reg[5] + tcr/sd_o_32,0,210,0.0,0.0
rf_reg[6] + sd_o_5,0,210,0.0,0.0
rf_reg[6] + tpr/sd_o_32,0,210,0.0,0.0
rf_reg[6] + tcr/sd_o_32,0,210,0.0,0.0
rf_reg[7] + sd_o_5,0,210,0.0,0.0
rf_reg[7] + tpr/sd_o_32,0,210,0.0,0.0
rf_reg[7] + tcr/sd_o_32,0,210,0.0,0.0
rf_reg[8] + sd_o_5,0,210,0.0,0.0
rf_reg[8] + tpr/sd_o_32,0,210,0.0,0.0
rf_reg[8] + tcr/sd_o_32,0,210,0.0,0.0
rf_reg[9] + sd_o_5,0,210,0.0,0.0
rf_reg[9] + tpr/sd_o_32,0,210,0.0,0.0
rf_reg[9] + tcr/sd_o_32,0,210,0.0,0.0
rf_reg[10] + sd_o_5,0,210,0.0,0.0
rf_reg[10] + tpr/sd_o_32,0,210,0.0,0.0
rf_reg[10] + tcr/sd_o_32,0,210,0.0,0.0
rf_reg[11] + sd_o_5,0,210,0.0,0.0
rf_reg[11] + tpr/sd_o_32,0,210,0.0,0.0
rf_reg[11] + tcr/sd_o_32,0,210,0.0,0.0
rf_reg[12] + sd_o_5,0,210,0.0,0.0
data_type_q_tag + sd_o_26,0,140,0.0,0.0
rdata_offset_q_tag + sd_o_26,0,140,0.0,0.0
sd_o_5 + tpr/sd_o_32,0,140,0.0,0.0
sd_o_5 + tcr/sd_o_32,0,140,0.0,0.0
alu_operand_b_ex_o_tag + if_stage/sd_o,0,140,0.0,0.0
if_stage/sd_o + rf_reg[9],0,140,0.0,0.0
if_stage/sd_o + rf_reg[10],0,140,0.0,0.0
if_stage/sd_o + rf_reg[11],0,140,0.0,0.0
if_stage/sd_o + rf_reg[12],0,140,0.0,0.0
if_stage/sd_o + rf_reg[13],0,140,0.0,0.0
if_stage/sd_o + rf_reg[14],0,140,0.0,0.0
if_stage/sd_o + rf_reg[15],0,140,0.0,0.0
if_stage/sd_o + rf_reg[16],0,140,0.0,0.0
if_stage/sd_o + rf_reg[17],0,140,0.0,0.0
if_stage/sd_o + rf_reg[18],0,140,0.0,0.0
if_stage/sd_o + rf_reg[19],0,140,0.0,0.0
if_stage/sd_o + rf_reg[20],0,140,0.0,0.0
if_stage/sd_o + rf_reg[21],0,140,0.0,0.0
if_stage/sd_o + rf_reg[22],0,140,0.0,0.0
if_stage/sd_o + rf_reg[23],0,140,0.0,0.0
alu_operand_c_ex_o_tag + if_stage/sd_o,0,140,0.0,0.0
if_stage/sd_o + rf_reg[24],0,140,0.0,0.0
if_stage/sd_o + rf_reg[25],0,140,0.0,0.0
if_stage/sd_o + rf_reg[26],0,140,0.0,0.0
if_stage/sd_o + rf_reg[27],0,140,0.0,0.0
if_stage/sd_o + rf_reg[28],0,140,0.0,0.0
if_stage/sd_o + rf_reg[29],0,140,0.0,0.0
if_stage/sd_o + rf_reg[30],0,140,0.0,0.0
if_stage/sd_o + rf_reg[31],0,140,0.0,0.0
if_stage/sd_o + rs1_o_tag,0,140,0.0,0.0
data_type_q_tag + id_stage/sd_o,0,140,0.0,0.0
data_type_q_tag + ex_stage/sd_o,0,140,0.0,0.0
data_type_q_tag + lsu/sd_o,0,140,0.0,0.0
data_we_q_tag + if_stage/sd_o,0,140,0.0,0.0
id_stage/sd_o + rdata_offset_q_tag,0,140,0.0,0.0
ex_stage/sd_o + rdata_offset_q_tag,0,140,0.0,0.0
lsu/sd_o + rdata_offset_q_tag,0,140,0.0,0.0
if_stage/sd_o + sd_o_rf_tag,0,140,0.0,0.0
ex_stage/hc_o + if_stage/sd_o,0,140,0.0,0.0
alu_operator_o_mode + ex_stage/sd_o,0,140,0.0,0.0
alu_operator_o_mode + lsu/sd_o,0,140,0.0,0.0
ex_stage/hc_o + id_stage/sd_o,0,140,0.0,0.0
if_stage/sd_o + pc_id_o_tag,0,140,0.0,0.0
check_d_o_tag + if_stage/sd_o,0,140,0.0,0.0
ex_stage/hc_o + sd_o_rf_tag,0,140,0.0,0.0
ex_stage/hc_o + ex_stage/sd_o,0,140,0.0,0.0
ex_stage/hc_o + tpr/sd_o_32,0,140,0.0,0.0
ex_stage/hc_o + tcr/sd_o_32,0,140,0.0,0.0
ex_stage/hc_o + lsu/sd_o,0,140,0.0,0.0
check_s1_o_tag + if_stage/sd_o,0,140,0.0,0.0
check_s2_o_tag + if_stage/sd_o,0,140,0.0,0.0
if_stage/sd_o + is_store_post_o_tag,0,140,0.0,0.0
if_stage/sd_o + memory_set_o_tag,0,140,0.0,0.0
if_stage/sd_o + pc_if_o_tag,0,140,0.0,0.0
alu_operand_a_ex_o_tag + if_stage/sd_o,0,140,0.0,0.0
if_stage/sd_o + register_set_o_tag,0,140,0.0,0.0
if_stage/sd_o + store_dest_addr_ex_o_tag,0,140,0.0,0.0
if_stage/sd_o + store_source_ex_o_tag,0,140,0.0,0.0
if_stage/sd_o + use_store_ops_ex_o,0,140,0.0,0.0
if_stage/sd_o + rf_reg[0],0,140,0.0,0.0
if_stage/sd_o + rf_reg[1],0,140,0.0,0.0
if_stage/sd_o + rf_reg[2],0,140,0.0,0.0
if_stage/sd_o + rf_reg[3],0,140,0.0,0.0
if_stage/sd_o + rf_reg[4],0,140,0.0,0.0
if_stage/sd_o + rf_reg[5],0,140,0.0,0.0
if_stage/sd_o + rf_reg[6],0,140,0.0,0.0
if_stage/sd_o + rf_reg[7],0,140,0.0,0.0
if_stage/sd_o + rf_reg[8],0,140,0.0,0.0
alu_operand_a_ex_o_tag + rs1_o_tag/sd_o,0,140,0.0,0.0
alu_operand_a_ex_o_tag + data_we_q_tag/sd_o,0,140,0.0,0.0
alu_operand_a_ex_o_tag + rdata_offset_q_tag/sd_o,0,140,0.0,0.0
alu_operand_a_ex_o_tag + data_type_q_tag/sd_o,0,140,0.0,0.0
alu_operand_a_ex_o_tag + rdata_q_tag/sd_o,0,140,0.0,0.0
check_s1_o_tag/sd_o + rf_reg[0],0,140,0.0,0.0
check_s2_o_tag/sd_o + rf_reg[0],0,140,0.0,0.0
check_d_o_tag/sd_o + rf_reg[0],0,140,0.0,0.0
register_set_o_tag/sd_o + rf_reg[0],0,140,0.0,0.0
is_store_post_o_tag/sd_o + rf_reg[0],0,140,0.0,0.0
memory_set_o_tag/sd_o + rf_reg[0],0,140,0.0,0.0
rf_reg[0] + rs1_o_tag/sd_o,0,140,0.0,0.0
data_we_q_tag/sd_o + rf_reg[0],0,140,0.0,0.0
rdata_offset_q_tag/sd_o + rf_reg[0],0,140,0.0,0.0
data_type_q_tag/sd_o + rf_reg[0],0,140,0.0,0.0
rdata_q_tag/sd_o + rf_reg[0],0,140,0.0,0.0
pc_if_o_tag/sd_o + rf_reg[1],0,140,0.0,0.0
pc_id_o_tag/sd_o + rf_reg[1],0,140,0.0,0.0
alu_operator_o_mode/sd_o + rf_reg[1],0,140,0.0,0.0
rf_reg[1] + store_dest_addr_ex_o_tag/sd_o,0,140,0.0,0.0
rf_reg[1] + store_source_ex_o_tag/sd_o,0,140,0.0,0.0
rf_reg[1] + use_store_ops_ex_o/sd_o,0,140,0.0,0.0
alu_operand_a_ex_o_tag/sd_o + rf_reg[1],0,140,0.0,0.0
alu_operand_b_ex_o_tag/sd_o + rf_reg[1],0,140,0.0,0.0
alu_operand_c_ex_o_tag/sd_o + rf_reg[1],0,140,0.0,0.0
check_s1_o_tag/sd_o + rf_reg[1],0,140,0.0,0.0
check_s2_o_tag/sd_o + rf_reg[1],0,140,0.0,0.0
check_d_o_tag/sd_o + rf_reg[1],0,140,0.0,0.0
register_set_o_tag/sd_o + rf_reg[1],0,140,0.0,0.0
is_store_post_o_tag/sd_o + rf_reg[1],0,140,0.0,0.0
memory_set_o_tag/sd_o + rf_reg[1],0,140,0.0,0.0
rf_reg[1] + rs1_o_tag/sd_o,0,140,0.0,0.0
data_we_q_tag/sd_o + rf_reg[1],0,140,0.0,0.0
rdata_offset_q_tag/sd_o + rf_reg[1],0,140,0.0,0.0
data_type_q_tag/sd_o + rf_reg[1],0,140,0.0,0.0
rdata_q_tag/sd_o + rf_reg[1],0,140,0.0,0.0
pc_if_o_tag/sd_o + rf_reg[2],0,140,0.0,0.0
pc_id_o_tag/sd_o + rf_reg[2],0,140,0.0,0.0
alu_operator_o_mode/sd_o + rf_reg[2],0,140,0.0,0.0
rf_reg[2] + store_dest_addr_ex_o_tag/sd_o,0,140,0.0,0.0
rf_reg[2] + store_source_ex_o_tag/sd_o,0,140,0.0,0.0
rf_reg[2] + use_store_ops_ex_o/sd_o,0,140,0.0,0.0
alu_operand_a_ex_o_tag/sd_o + rf_reg[2],0,140,0.0,0.0
alu_operand_b_ex_o_tag/sd_o + rf_reg[2],0,140,0.0,0.0
alu_operand_c_ex_o_tag/sd_o + rf_reg[2],0,140,0.0,0.0
check_s1_o_tag/sd_o + rf_reg[2],0,140,0.0,0.0
check_s2_o_tag/sd_o + rf_reg[2],0,140,0.0,0.0
check_d_o_tag/sd_o + rf_reg[2],0,140,0.0,0.0
register_set_o_tag/sd_o + rf_reg[2],0,140,0.0,0.0
is_store_post_o_tag/sd_o + rf_reg[2],0,140,0.0,0.0
memory_set_o_tag/sd_o + rf_reg[2],0,140,0.0,0.0
rf_reg[2] + rs1_o_tag/sd_o,0,140,0.0,0.0
data_we_q_tag/sd_o + rf_reg[2],0,140,0.0,0.0
rdata_offset_q_tag/sd_o + rf_reg[2],0,140,0.0,0.0
data_type_q_tag/sd_o + rf_reg[2],0,140,0.0,0.0
rdata_q_tag/sd_o + rf_reg[2],0,140,0.0,0.0
pc_if_o_tag/sd_o + rf_reg[3],0,140,0.0,0.0
pc_id_o_tag/sd_o + rf_reg[3],0,140,0.0,0.0
alu_operator_o_mode/sd_o + rf_reg[3],0,140,0.0,0.0
rf_reg[3] + store_dest_addr_ex_o_tag/sd_o,0,140,0.0,0.0
rf_reg[3] + store_source_ex_o_tag/sd_o,0,140,0.0,0.0
rf_reg[3] + use_store_ops_ex_o/sd_o,0,140,0.0,0.0
alu_operand_a_ex_o_tag/sd_o + rf_reg[3],0,140,0.0,0.0
alu_operand_b_ex_o_tag/sd_o + rf_reg[3],0,140,0.0,0.0
alu_operand_c_ex_o_tag/sd_o + rf_reg[3],0,140,0.0,0.0
check_s1_o_tag/sd_o + rf_reg[3],0,140,0.0,0.0
check_s2_o_tag/sd_o + rf_reg[3],0,140,0.0,0.0
check_d_o_tag/sd_o + rf_reg[3],0,140,0.0,0.0
register_set_o_tag/sd_o + rf_reg[3],0,140,0.0,0.0
is_store_post_o_tag/sd_o + rf_reg[3],0,140,0.0,0.0
memory_set_o_tag/sd_o + rf_reg[3],0,140,0.0,0.0
rf_reg[3] + rs1_o_tag/sd_o,0,140,0.0,0.0
data_we_q_tag/sd_o + rf_reg[3],0,140,0.0,0.0
rdata_offset_q_tag/sd_o + rf_reg[3],0,140,0.0,0.0
data_type_q_tag/sd_o + rf_reg[3],0,140,0.0,0.0
rdata_q_tag/sd_o + rf_reg[3],0,140,0.0,0.0
pc_if_o_tag/sd_o + rf_reg[4],0,140,0.0,0.0
pc_id_o_tag/sd_o + rf_reg[4],0,140,0.0,0.0
alu_operator_o_mode/sd_o + rf_reg[4],0,140,0.0,0.0
rf_reg[4] + store_dest_addr_ex_o_tag/sd_o,0,140,0.0,0.0
rf_reg[4] + store_source_ex_o_tag/sd_o,0,140,0.0,0.0
rf_reg[4] + use_store_ops_ex_o/sd_o,0,140,0.0,0.0
alu_operand_a_ex_o_tag/sd_o + rf_reg[4],0,140,0.0,0.0
alu_operand_b_ex_o_tag/sd_o + rf_reg[4],0,140,0.0,0.0
alu_operand_c_ex_o_tag/sd_o + rf_reg[4],0,140,0.0,0.0
check_s1_o_tag/sd_o + rf_reg[4],0,140,0.0,0.0
check_s2_o_tag/sd_o + rf_reg[4],0,140,0.0,0.0
check_d_o_tag/sd_o + rf_reg[4],0,140,0.0,0.0
register_set_o_tag/sd_o + rf_reg[4],0,140,0.0,0.0
is_store_post_o_tag/sd_o + rf_reg[4],0,140,0.0,0.0
memory_set_o_tag/sd_o + rf_reg[4],0,140,0.0,0.0
rf_reg[4] + rs1_o_tag/sd_o,0,140,0.0,0.0
data_we_q_tag/sd_o + rf_reg[4],0,140,0.0,0.0
rdata_offset_q_tag/sd_o + rf_reg[4],0,140,0.0,0.0
data_type_q_tag/sd_o + rf_reg[4],0,140,0.0,0.0
rdata_q_tag/sd_o + rf_reg[4],0,140,0.0,0.0
pc_if_o_tag/sd_o + rf_reg[5],0,140,0.0,0.0
pc_id_o_tag/sd_o + rf_reg[5],0,140,0.0,0.0
alu_operator_o_mode/sd_o + rf_reg[5],0,140,0.0,0.0
rf_reg[5] + store_dest_addr_ex_o_tag/sd_o,0,140,0.0,0.0
rf_reg[5] + store_source_ex_o_tag/sd_o,0,140,0.0,0.0
rf_reg[5] + use_store_ops_ex_o/sd_o,0,140,0.0,0.0
alu_operand_a_ex_o_tag/sd_o + rf_reg[5],0,140,0.0,0.0
alu_operand_b_ex_o_tag/sd_o + rf_reg[5],0,140,0.0,0.0
alu_operand_c_ex_o_tag/sd_o + rf_reg[5],0,140,0.0,0.0
check_s1_o_tag/sd_o + rf_reg[5],0,140,0.0,0.0
check_s2_o_tag/sd_o + rf_reg[5],0,140,0.0,0.0
check_d_o_tag/sd_o + rf_reg[5],0,140,0.0,0.0
register_set_o_tag/sd_o + rf_reg[5],0,140,0.0,0.0
is_store_post_o_tag/sd_o + rf_reg[5],0,140,0.0,0.0
memory_set_o_tag/sd_o + rf_reg[5],0,140,0.0,0.0
rf_reg[5] + rs1_o_tag/sd_o,0,140,0.0,0.0
data_we_q_tag/sd_o + rf_reg[5],0,140,0.0,0.0
rdata_offset_q_tag/sd_o + rf_reg[5],0,140,0.0,0.0
data_type_q_tag/sd_o + rf_reg[5],0,140,0.0,0.0
rdata_q_tag/sd_o + rf_reg[5],0,140,0.0,0.0
pc_if_o_tag/sd_o + rf_reg[6],0,140,0.0,0.0
pc_id_o_tag/sd_o + rf_reg[6],0,140,0.0,0.0
alu_operator_o_mode/sd_o + rf_reg[6],0,140,0.0,0.0
rf_reg[6] + store_dest_addr_ex_o_tag/sd_o,0,140,0.0,0.0
rf_reg[6] + store_source_ex_o_tag/sd_o,0,140,0.0,0.0
rf_reg[6] + use_store_ops_ex_o/sd_o,0,140,0.0,0.0
alu_operand_a_ex_o_tag/sd_o + rf_reg[6],0,140,0.0,0.0
alu_operand_b_ex_o_tag/sd_o + rf_reg[6],0,140,0.0,0.0
alu_operand_c_ex_o_tag/sd_o + rf_reg[6],0,140,0.0,0.0
check_s1_o_tag/sd_o + rf_reg[6],0,140,0.0,0.0
check_s2_o_tag/sd_o + rf_reg[6],0,140,0.0,0.0
check_d_o_tag/sd_o + rf_reg[6],0,140,0.0,0.0
register_set_o_tag/sd_o + rf_reg[6],0,140,0.0,0.0
is_store_post_o_tag/sd_o + rf_reg[6],0,140,0.0,0.0
memory_set_o_tag/sd_o + rf_reg[6],0,140,0.0,0.0
rf_reg[6] + rs1_o_tag/sd_o,0,140,0.0,0.0
data_we_q_tag/sd_o + rf_reg[6],0,140,0.0,0.0
rdata_offset_q_tag/sd_o + rf_reg[6],0,140,0.0,0.0
data_type_q_tag/sd_o + rf_reg[6],0,140,0.0,0.0
rdata_q_tag/sd_o + rf_reg[6],0,140,0.0,0.0
pc_if_o_tag/sd_o + rf_reg[7],0,140,0.0,0.0
pc_id_o_tag/sd_o + rf_reg[7],0,140,0.0,0.0
alu_operator_o_mode/sd_o + rf_reg[7],0,140,0.0,0.0
rf_reg[7] + store_dest_addr_ex_o_tag/sd_o,0,140,0.0,0.0
rf_reg[7] + store_source_ex_o_tag/sd_o,0,140,0.0,0.0
rf_reg[7] + use_store_ops_ex_o/sd_o,0,140,0.0,0.0
alu_operand_a_ex_o_tag/sd_o + rf_reg[7],0,140,0.0,0.0
alu_operand_b_ex_o_tag/sd_o + rf_reg[7],0,140,0.0,0.0
alu_operand_c_ex_o_tag/sd_o + rf_reg[7],0,140,0.0,0.0
check_s1_o_tag/sd_o + rf_reg[7],0,140,0.0,0.0
check_s2_o_tag/sd_o + rf_reg[7],0,140,0.0,0.0
check_d_o_tag/sd_o + rf_reg[7],0,140,0.0,0.0
register_set_o_tag/sd_o + rf_reg[7],0,140,0.0,0.0
is_store_post_o_tag/sd_o + rf_reg[7],0,140,0.0,0.0
memory_set_o_tag/sd_o + rf_reg[7],0,140,0.0,0.0
alu_operand_b_ex_o_tag + pc_if_o_tag/sd_o,0,140,0.0,0.0
alu_operand_b_ex_o_tag + pc_id_o_tag/sd_o,0,140,0.0,0.0
alu_operand_b_ex_o_tag + alu_operator_o_mode/sd_o,0,140,0.0,0.0
alu_operand_b_ex_o_tag + store_dest_addr_ex_o_tag/sd_o,0,140,0.0,0.0
alu_operand_b_ex_o_tag + store_source_ex_o_tag/sd_o,0,140,0.0,0.0
alu_operand_b_ex_o_tag + use_store_ops_ex_o/sd_o,0,140,0.0,0.0
alu_operand_a_ex_o_tag/sd_o + alu_operand_b_ex_o_tag,0,140,0.0,0.0
alu_operand_b_ex_o_tag + alu_operand_b_ex_o_tag/sd_o,0,140,0.0,0.0
alu_operand_b_ex_o_tag + alu_operand_c_ex_o_tag/sd_o,0,140,0.0,0.0
alu_operand_b_ex_o_tag + check_s1_o_tag/sd_o,0,140,0.0,0.0
alu_operand_b_ex_o_tag + check_s2_o_tag/sd_o,0,140,0.0,0.0
alu_operand_b_ex_o_tag + check_d_o_tag/sd_o,0,140,0.0,0.0
alu_operand_b_ex_o_tag + register_set_o_tag/sd_o,0,140,0.0,0.0
alu_operand_b_ex_o_tag + is_store_post_o_tag/sd_o,0,140,0.0,0.0
alu_operand_b_ex_o_tag + memory_set_o_tag/sd_o,0,140,0.0,0.0
rf_reg[7] + rs1_o_tag/sd_o,0,140,0.0,0.0
data_we_q_tag/sd_o + rf_reg[7],0,140,0.0,0.0
rdata_offset_q_tag/sd_o + rf_reg[7],0,140,0.0,0.0
data_type_q_tag/sd_o + rf_reg[7],0,140,0.0,0.0
rdata_q_tag/sd_o + rf_reg[7],0,140,0.0,0.0
pc_if_o_tag/sd_o + rf_reg[8],0,140,0.0,0.0
pc_id_o_tag/sd_o + rf_reg[8],0,140,0.0,0.0
alu_operator_o_mode/sd_o + rf_reg[8],0,140,0.0,0.0
rf_reg[8] + store_dest_addr_ex_o_tag/sd_o,0,140,0.0,0.0
rf_reg[8] + store_source_ex_o_tag/sd_o,0,140,0.0,0.0
rf_reg[8] + use_store_ops_ex_o/sd_o,0,140,0.0,0.0
alu_operand_a_ex_o_tag/sd_o + rf_reg[8],0,140,0.0,0.0
alu_operand_b_ex_o_tag/sd_o + rf_reg[8],0,140,0.0,0.0
alu_operand_c_ex_o_tag/sd_o + rf_reg[8],0,140,0.0,0.0
check_s1_o_tag/sd_o + rf_reg[8],0,140,0.0,0.0
check_s2_o_tag/sd_o + rf_reg[8],0,140,0.0,0.0
check_d_o_tag/sd_o + rf_reg[8],0,140,0.0,0.0
register_set_o_tag/sd_o + rf_reg[8],0,140,0.0,0.0
is_store_post_o_tag/sd_o + rf_reg[8],0,140,0.0,0.0
memory_set_o_tag/sd_o + rf_reg[8],0,140,0.0,0.0
rf_reg[8] + rs1_o_tag/sd_o,0,140,0.0,0.0
data_we_q_tag/sd_o + rf_reg[8],0,140,0.0,0.0
rdata_offset_q_tag/sd_o + rf_reg[8],0,140,0.0,0.0
data_type_q_tag/sd_o + rf_reg[8],0,140,0.0,0.0
rdata_q_tag/sd_o + rf_reg[8],0,140,0.0,0.0
pc_if_o_tag/sd_o + rf_reg[9],0,140,0.0,0.0
pc_id_o_tag/sd_o + rf_reg[9],0,140,0.0,0.0
alu_operator_o_mode/sd_o + rf_reg[9],0,140,0.0,0.0
rf_reg[9] + store_dest_addr_ex_o_tag/sd_o,0,140,0.0,0.0
rf_reg[9] + store_source_ex_o_tag/sd_o,0,140,0.0,0.0
rf_reg[9] + use_store_ops_ex_o/sd_o,0,140,0.0,0.0
alu_operand_a_ex_o_tag/sd_o + rf_reg[9],0,140,0.0,0.0
alu_operand_b_ex_o_tag/sd_o + rf_reg[9],0,140,0.0,0.0
alu_operand_c_ex_o_tag/sd_o + rf_reg[9],0,140,0.0,0.0
check_s1_o_tag/sd_o + rf_reg[9],0,140,0.0,0.0
check_s2_o_tag/sd_o + rf_reg[9],0,140,0.0,0.0
check_d_o_tag/sd_o + rf_reg[9],0,140,0.0,0.0
register_set_o_tag/sd_o + rf_reg[9],0,140,0.0,0.0
is_store_post_o_tag/sd_o + rf_reg[9],0,140,0.0,0.0
memory_set_o_tag/sd_o + rf_reg[9],0,140,0.0,0.0
rf_reg[9] + rs1_o_tag/sd_o,0,140,0.0,0.0
data_we_q_tag/sd_o + rf_reg[9],0,140,0.0,0.0
rdata_offset_q_tag/sd_o + rf_reg[9],0,140,0.0,0.0
data_type_q_tag/sd_o + rf_reg[9],0,140,0.0,0.0
rdata_q_tag/sd_o + rf_reg[9],0,140,0.0,0.0
pc_if_o_tag/sd_o + rf_reg[10],0,140,0.0,0.0
pc_id_o_tag/sd_o + rf_reg[10],0,140,0.0,0.0
alu_operator_o_mode/sd_o + rf_reg[10],0,140,0.0,0.0
rf_reg[10] + store_dest_addr_ex_o_tag/sd_o,0,140,0.0,0.0
rf_reg[10] + store_source_ex_o_tag/sd_o,0,140,0.0,0.0
rf_reg[10] + use_store_ops_ex_o/sd_o,0,140,0.0,0.0
alu_operand_a_ex_o_tag/sd_o + rf_reg[10],0,140,0.0,0.0
alu_operand_b_ex_o_tag/sd_o + rf_reg[10],0,140,0.0,0.0
alu_operand_c_ex_o_tag/sd_o + rf_reg[10],0,140,0.0,0.0
check_s1_o_tag/sd_o + rf_reg[10],0,140,0.0,0.0
check_s2_o_tag/sd_o + rf_reg[10],0,140,0.0,0.0
check_d_o_tag/sd_o + rf_reg[10],0,140,0.0,0.0
register_set_o_tag/sd_o + rf_reg[10],0,140,0.0,0.0
is_store_post_o_tag/sd_o + rf_reg[10],0,140,0.0,0.0
memory_set_o_tag/sd_o + rf_reg[10],0,140,0.0,0.0
rf_reg[10] + rs1_o_tag/sd_o,0,140,0.0,0.0
data_we_q_tag/sd_o + rf_reg[10],0,140,0.0,0.0
rdata_offset_q_tag/sd_o + rf_reg[10],0,140,0.0,0.0
data_type_q_tag/sd_o + rf_reg[10],0,140,0.0,0.0
rdata_q_tag/sd_o + rf_reg[10],0,140,0.0,0.0
pc_if_o_tag/sd_o + rf_reg[11],0,140,0.0,0.0
pc_id_o_tag/sd_o + rf_reg[11],0,140,0.0,0.0
alu_operand_b_ex_o_tag + rs1_o_tag/sd_o,0,140,0.0,0.0
alu_operator_o_mode/sd_o + rf_reg[11],0,140,0.0,0.0
rf_reg[11] + store_dest_addr_ex_o_tag/sd_o,0,140,0.0,0.0
rf_reg[11] + store_source_ex_o_tag/sd_o,0,140,0.0,0.0
rf_reg[11] + use_store_ops_ex_o/sd_o,0,140,0.0,0.0
alu_operand_a_ex_o_tag/sd_o + rf_reg[11],0,140,0.0,0.0
alu_operand_b_ex_o_tag/sd_o + rf_reg[11],0,140,0.0,0.0
alu_operand_c_ex_o_tag/sd_o + rf_reg[11],0,140,0.0,0.0
check_s1_o_tag/sd_o + rf_reg[11],0,140,0.0,0.0
check_s2_o_tag/sd_o + rf_reg[11],0,140,0.0,0.0
check_d_o_tag/sd_o + rf_reg[11],0,140,0.0,0.0
register_set_o_tag/sd_o + rf_reg[11],0,140,0.0,0.0
is_store_post_o_tag/sd_o + rf_reg[11],0,140,0.0,0.0
memory_set_o_tag/sd_o + rf_reg[11],0,140,0.0,0.0
rf_reg[11] + rs1_o_tag/sd_o,0,140,0.0,0.0
data_we_q_tag/sd_o + rf_reg[11],0,140,0.0,0.0
rdata_offset_q_tag/sd_o + rf_reg[11],0,140,0.0,0.0
data_type_q_tag/sd_o + rf_reg[11],0,140,0.0,0.0
rdata_q_tag/sd_o + rf_reg[11],0,140,0.0,0.0
pc_if_o_tag/sd_o + rf_reg[12],0,140,0.0,0.0
pc_id_o_tag/sd_o + rf_reg[12],0,140,0.0,0.0
alu_operator_o_mode/sd_o + rf_reg[12],0,140,0.0,0.0
rf_reg[12] + store_dest_addr_ex_o_tag/sd_o,0,140,0.0,0.0
rf_reg[12] + store_source_ex_o_tag/sd_o,0,140,0.0,0.0
rf_reg[12] + use_store_ops_ex_o/sd_o,0,140,0.0,0.0
alu_operand_a_ex_o_tag/sd_o + rf_reg[12],0,140,0.0,0.0
alu_operand_b_ex_o_tag/sd_o + rf_reg[12],0,140,0.0,0.0
alu_operand_c_ex_o_tag/sd_o + rf_reg[12],0,140,0.0,0.0
check_s1_o_tag/sd_o + rf_reg[12],0,140,0.0,0.0
check_s2_o_tag/sd_o + rf_reg[12],0,140,0.0,0.0
check_d_o_tag/sd_o + rf_reg[12],0,140,0.0,0.0
register_set_o_tag/sd_o + rf_reg[12],0,140,0.0,0.0
is_store_post_o_tag/sd_o + rf_reg[12],0,140,0.0,0.0
memory_set_o_tag/sd_o + rf_reg[12],0,140,0.0,0.0
rf_reg[12] + rs1_o_tag/sd_o,0,140,0.0,0.0
data_we_q_tag/sd_o + rf_reg[12],0,140,0.0,0.0
rdata_offset_q_tag/sd_o + rf_reg[12],0,140,0.0,0.0
data_type_q_tag/sd_o + rf_reg[12],0,140,0.0,0.0
rdata_q_tag/sd_o + rf_reg[12],0,140,0.0,0.0
pc_if_o_tag/sd_o + rf_reg[13],0,140,0.0,0.0
pc_id_o_tag/sd_o + rf_reg[13],0,140,0.0,0.0
alu_operator_o_mode/sd_o + rf_reg[13],0,140,0.0,0.0
rf_reg[13] + store_dest_addr_ex_o_tag/sd_o,0,140,0.0,0.0
rf_reg[13] + store_source_ex_o_tag/sd_o,0,140,0.0,0.0
rf_reg[13] + use_store_ops_ex_o/sd_o,0,140,0.0,0.0
alu_operand_a_ex_o_tag/sd_o + rf_reg[13],0,140,0.0,0.0
alu_operand_b_ex_o_tag/sd_o + rf_reg[13],0,140,0.0,0.0
alu_operand_c_ex_o_tag/sd_o + rf_reg[13],0,140,0.0,0.0
check_s1_o_tag/sd_o + rf_reg[13],0,140,0.0,0.0
check_s2_o_tag/sd_o + rf_reg[13],0,140,0.0,0.0
check_d_o_tag/sd_o + rf_reg[13],0,140,0.0,0.0
register_set_o_tag/sd_o + rf_reg[13],0,140,0.0,0.0
is_store_post_o_tag/sd_o + rf_reg[13],0,140,0.0,0.0
memory_set_o_tag/sd_o + rf_reg[13],0,140,0.0,0.0
rf_reg[13] + rs1_o_tag/sd_o,0,140,0.0,0.0
data_we_q_tag/sd_o + rf_reg[13],0,140,0.0,0.0
rdata_offset_q_tag/sd_o + rf_reg[13],0,140,0.0,0.0
data_type_q_tag/sd_o + rf_reg[13],0,140,0.0,0.0
rdata_q_tag/sd_o + rf_reg[13],0,140,0.0,0.0
pc_if_o_tag/sd_o + rf_reg[14],0,140,0.0,0.0
pc_id_o_tag/sd_o + rf_reg[14],0,140,0.0,0.0
alu_operator_o_mode/sd_o + rf_reg[14],0,140,0.0,0.0
rf_reg[14] + store_dest_addr_ex_o_tag/sd_o,0,140,0.0,0.0
rf_reg[14] + store_source_ex_o_tag/sd_o,0,140,0.0,0.0
rf_reg[14] + use_store_ops_ex_o/sd_o,0,140,0.0,0.0
alu_operand_a_ex_o_tag/sd_o + rf_reg[14],0,140,0.0,0.0
alu_operand_b_ex_o_tag/sd_o + rf_reg[14],0,140,0.0,0.0
alu_operand_c_ex_o_tag/sd_o + rf_reg[14],0,140,0.0,0.0
check_s1_o_tag/sd_o + rf_reg[14],0,140,0.0,0.0
check_s2_o_tag/sd_o + rf_reg[14],0,140,0.0,0.0
check_d_o_tag/sd_o + rf_reg[14],0,140,0.0,0.0
register_set_o_tag/sd_o + rf_reg[14],0,140,0.0,0.0
is_store_post_o_tag/sd_o + rf_reg[14],0,140,0.0,0.0
memory_set_o_tag/sd_o + rf_reg[14],0,140,0.0,0.0
rf_reg[14] + rs1_o_tag/sd_o,0,140,0.0,0.0
data_we_q_tag/sd_o + rf_reg[14],0,140,0.0,0.0
rdata_offset_q_tag/sd_o + rf_reg[14],0,140,0.0,0.0
data_type_q_tag/sd_o + rf_reg[14],0,140,0.0,0.0
alu_operand_b_ex_o_tag + data_we_q_tag/sd_o,0,140,0.0,0.0
alu_operand_b_ex_o_tag + rdata_offset_q_tag/sd_o,0,140,0.0,0.0
alu_operand_b_ex_o_tag + data_type_q_tag/sd_o,0,140,0.0,0.0
alu_operand_b_ex_o_tag + rdata_q_tag/sd_o,0,140,0.0,0.0
rdata_q_tag/sd_o + rf_reg[14],0,140,0.0,0.0
pc_if_o_tag/sd_o + rf_reg[15],0,140,0.0,0.0
pc_id_o_tag/sd_o + rf_reg[15],0,140,0.0,0.0
alu_operator_o_mode/sd_o + rf_reg[15],0,140,0.0,0.0
rf_reg[15] + store_dest_addr_ex_o_tag/sd_o,0,140,0.0,0.0
rf_reg[15] + store_source_ex_o_tag/sd_o,0,140,0.0,0.0
rf_reg[15] + use_store_ops_ex_o/sd_o,0,140,0.0,0.0
alu_operand_a_ex_o_tag/sd_o + rf_reg[15],0,140,0.0,0.0
alu_operand_b_ex_o_tag/sd_o + rf_reg[15],0,140,0.0,0.0
alu_operand_c_ex_o_tag/sd_o + rf_reg[15],0,140,0.0,0.0
check_s1_o_tag/sd_o + rf_reg[15],0,140,0.0,0.0
check_s2_o_tag/sd_o + rf_reg[15],0,140,0.0,0.0
check_d_o_tag/sd_o + rf_reg[15],0,140,0.0,0.0
register_set_o_tag/sd_o + rf_reg[15],0,140,0.0,0.0
is_store_post_o_tag/sd_o + rf_reg[15],0,140,0.0,0.0
memory_set_o_tag/sd_o + rf_reg[15],0,140,0.0,0.0
rf_reg[15] + rs1_o_tag/sd_o,0,140,0.0,0.0
data_we_q_tag/sd_o + rf_reg[15],0,140,0.0,0.0
rdata_offset_q_tag/sd_o + rf_reg[15],0,140,0.0,0.0
data_type_q_tag/sd_o + rf_reg[15],0,140,0.0,0.0
rdata_q_tag/sd_o + rf_reg[15],0,140,0.0,0.0
pc_if_o_tag/sd_o + rf_reg[16],0,140,0.0,0.0
pc_id_o_tag/sd_o + rf_reg[16],0,140,0.0,0.0
alu_operator_o_mode/sd_o + rf_reg[16],0,140,0.0,0.0
rf_reg[16] + store_dest_addr_ex_o_tag/sd_o,0,140,0.0,0.0
rf_reg[16] + store_source_ex_o_tag/sd_o,0,140,0.0,0.0
rf_reg[16] + use_store_ops_ex_o/sd_o,0,140,0.0,0.0
alu_operand_a_ex_o_tag/sd_o + rf_reg[16],0,140,0.0,0.0
alu_operand_b_ex_o_tag/sd_o + rf_reg[16],0,140,0.0,0.0
alu_operand_c_ex_o_tag/sd_o + rf_reg[16],0,140,0.0,0.0
check_s1_o_tag/sd_o + rf_reg[16],0,140,0.0,0.0
check_s2_o_tag/sd_o + rf_reg[16],0,140,0.0,0.0
check_d_o_tag/sd_o + rf_reg[16],0,140,0.0,0.0
register_set_o_tag/sd_o + rf_reg[16],0,140,0.0,0.0
is_store_post_o_tag/sd_o + rf_reg[16],0,140,0.0,0.0
memory_set_o_tag/sd_o + rf_reg[16],0,140,0.0,0.0
rf_reg[16] + rs1_o_tag/sd_o,0,140,0.0,0.0
data_we_q_tag/sd_o + rf_reg[16],0,140,0.0,0.0
rdata_offset_q_tag/sd_o + rf_reg[16],0,140,0.0,0.0
data_type_q_tag/sd_o + rf_reg[16],0,140,0.0,0.0
rdata_q_tag/sd_o + rf_reg[16],0,140,0.0,0.0
pc_if_o_tag/sd_o + rf_reg[17],0,140,0.0,0.0
pc_id_o_tag/sd_o + rf_reg[17],0,140,0.0,0.0
alu_operator_o_mode/sd_o + rf_reg[17],0,140,0.0,0.0
rf_reg[17] + store_dest_addr_ex_o_tag/sd_o,0,140,0.0,0.0
rf_reg[17] + store_source_ex_o_tag/sd_o,0,140,0.0,0.0
rf_reg[17] + use_store_ops_ex_o/sd_o,0,140,0.0,0.0
alu_operand_a_ex_o_tag/sd_o + rf_reg[17],0,140,0.0,0.0
alu_operand_b_ex_o_tag/sd_o + rf_reg[17],0,140,0.0,0.0
alu_operand_c_ex_o_tag/sd_o + rf_reg[17],0,140,0.0,0.0
check_s1_o_tag/sd_o + rf_reg[17],0,140,0.0,0.0
check_s2_o_tag/sd_o + rf_reg[17],0,140,0.0,0.0
check_d_o_tag/sd_o + rf_reg[17],0,140,0.0,0.0
register_set_o_tag/sd_o + rf_reg[17],0,140,0.0,0.0
is_store_post_o_tag/sd_o + rf_reg[17],0,140,0.0,0.0
memory_set_o_tag/sd_o + rf_reg[17],0,140,0.0,0.0
rf_reg[17] + rs1_o_tag/sd_o,0,140,0.0,0.0
data_we_q_tag/sd_o + rf_reg[17],0,140,0.0,0.0
rdata_offset_q_tag/sd_o + rf_reg[17],0,140,0.0,0.0
data_type_q_tag/sd_o + rf_reg[17],0,140,0.0,0.0
rdata_q_tag/sd_o + rf_reg[17],0,140,0.0,0.0
pc_if_o_tag/sd_o + rf_reg[18],0,140,0.0,0.0
pc_id_o_tag/sd_o + rf_reg[18],0,140,0.0,0.0
alu_operator_o_mode/sd_o + rf_reg[18],0,140,0.0,0.0
rf_reg[18] + store_dest_addr_ex_o_tag/sd_o,0,140,0.0,0.0
rf_reg[18] + store_source_ex_o_tag/sd_o,0,140,0.0,0.0
rf_reg[18] + use_store_ops_ex_o/sd_o,0,140,0.0,0.0
alu_operand_a_ex_o_tag/sd_o + rf_reg[18],0,140,0.0,0.0
alu_operand_b_ex_o_tag/sd_o + rf_reg[18],0,140,0.0,0.0
alu_operand_c_ex_o_tag/sd_o + rf_reg[18],0,140,0.0,0.0
check_s1_o_tag/sd_o + rf_reg[18],0,140,0.0,0.0
check_s2_o_tag/sd_o + rf_reg[18],0,140,0.0,0.0
check_d_o_tag/sd_o + rf_reg[18],0,140,0.0,0.0
register_set_o_tag/sd_o + rf_reg[18],0,140,0.0,0.0
is_store_post_o_tag/sd_o + rf_reg[18],0,140,0.0,0.0
memory_set_o_tag/sd_o + rf_reg[18],0,140,0.0,0.0
rf_reg[18] + rs1_o_tag/sd_o,0,140,0.0,0.0
alu_operand_c_ex_o_tag + pc_if_o_tag/sd_o,0,140,0.0,0.0
alu_operand_c_ex_o_tag + pc_id_o_tag/sd_o,0,140,0.0,0.0
alu_operand_c_ex_o_tag + alu_operator_o_mode/sd_o,0,140,0.0,0.0
alu_operand_c_ex_o_tag + store_dest_addr_ex_o_tag/sd_o,0,140,0.0,0.0
alu_operand_c_ex_o_tag + store_source_ex_o_tag/sd_o,0,140,0.0,0.0
alu_operand_c_ex_o_tag + use_store_ops_ex_o/sd_o,0,140,0.0,0.0
alu_operand_a_ex_o_tag/sd_o + alu_operand_c_ex_o_tag,0,140,0.0,0.0
alu_operand_b_ex_o_tag/sd_o + alu_operand_c_ex_o_tag,0,140,0.0,0.0
alu_operand_c_ex_o_tag + alu_operand_c_ex_o_tag/sd_o,0,140,0.0,0.0
data_we_q_tag/sd_o + rf_reg[18],0,140,0.0,0.0
rdata_offset_q_tag/sd_o + rf_reg[18],0,140,0.0,0.0
data_type_q_tag/sd_o + rf_reg[18],0,140,0.0,0.0
rdata_q_tag/sd_o + rf_reg[18],0,140,0.0,0.0
pc_if_o_tag/sd_o + rf_reg[19],0,140,0.0,0.0
pc_id_o_tag/sd_o + rf_reg[19],0,140,0.0,0.0
alu_operator_o_mode/sd_o + rf_reg[19],0,140,0.0,0.0
rf_reg[19] + store_dest_addr_ex_o_tag/sd_o,0,140,0.0,0.0
rf_reg[19] + store_source_ex_o_tag/sd_o,0,140,0.0,0.0
rf_reg[19] + use_store_ops_ex_o/sd_o,0,140,0.0,0.0
alu_operand_a_ex_o_tag/sd_o + rf_reg[19],0,140,0.0,0.0
alu_operand_b_ex_o_tag/sd_o + rf_reg[19],0,140,0.0,0.0
alu_operand_c_ex_o_tag/sd_o + rf_reg[19],0,140,0.0,0.0
check_s1_o_tag/sd_o + rf_reg[19],0,140,0.0,0.0
check_s2_o_tag/sd_o + rf_reg[19],0,140,0.0,0.0
check_d_o_tag/sd_o + rf_reg[19],0,140,0.0,0.0
register_set_o_tag/sd_o + rf_reg[19],0,140,0.0,0.0
is_store_post_o_tag/sd_o + rf_reg[19],0,140,0.0,0.0
memory_set_o_tag/sd_o + rf_reg[19],0,140,0.0,0.0
rf_reg[19] + rs1_o_tag/sd_o,0,140,0.0,0.0
data_we_q_tag/sd_o + rf_reg[19],0,140,0.0,0.0
rdata_offset_q_tag/sd_o + rf_reg[19],0,140,0.0,0.0
data_type_q_tag/sd_o + rf_reg[19],0,140,0.0,0.0
rdata_q_tag/sd_o + rf_reg[19],0,140,0.0,0.0
pc_if_o_tag/sd_o + rf_reg[20],0,140,0.0,0.0
pc_id_o_tag/sd_o + rf_reg[20],0,140,0.0,0.0
alu_operator_o_mode/sd_o + rf_reg[20],0,140,0.0,0.0
rf_reg[20] + store_dest_addr_ex_o_tag/sd_o,0,140,0.0,0.0
rf_reg[20] + store_source_ex_o_tag/sd_o,0,140,0.0,0.0
rf_reg[20] + use_store_ops_ex_o/sd_o,0,140,0.0,0.0
alu_operand_a_ex_o_tag/sd_o + rf_reg[20],0,140,0.0,0.0
alu_operand_b_ex_o_tag/sd_o + rf_reg[20],0,140,0.0,0.0
alu_operand_c_ex_o_tag/sd_o + rf_reg[20],0,140,0.0,0.0
check_s1_o_tag/sd_o + rf_reg[20],0,140,0.0,0.0
check_s2_o_tag/sd_o + rf_reg[20],0,140,0.0,0.0
check_d_o_tag/sd_o + rf_reg[20],0,140,0.0,0.0
register_set_o_tag/sd_o + rf_reg[20],0,140,0.0,0.0
is_store_post_o_tag/sd_o + rf_reg[20],0,140,0.0,0.0
memory_set_o_tag/sd_o + rf_reg[20],0,140,0.0,0.0
rf_reg[20] + rs1_o_tag/sd_o,0,140,0.0,0.0
data_we_q_tag/sd_o + rf_reg[20],0,140,0.0,0.0
rdata_offset_q_tag/sd_o + rf_reg[20],0,140,0.0,0.0
data_type_q_tag/sd_o + rf_reg[20],0,140,0.0,0.0
rdata_q_tag/sd_o + rf_reg[20],0,140,0.0,0.0
pc_if_o_tag/sd_o + rf_reg[21],0,140,0.0,0.0
pc_id_o_tag/sd_o + rf_reg[21],0,140,0.0,0.0
alu_operator_o_mode/sd_o + rf_reg[21],0,140,0.0,0.0
rf_reg[21] + store_dest_addr_ex_o_tag/sd_o,0,140,0.0,0.0
rf_reg[21] + store_source_ex_o_tag/sd_o,0,140,0.0,0.0
rf_reg[21] + use_store_ops_ex_o/sd_o,0,140,0.0,0.0
alu_operand_a_ex_o_tag/sd_o + rf_reg[21],0,140,0.0,0.0
alu_operand_b_ex_o_tag/sd_o + rf_reg[21],0,140,0.0,0.0
alu_operand_c_ex_o_tag/sd_o + rf_reg[21],0,140,0.0,0.0
check_s1_o_tag/sd_o + rf_reg[21],0,140,0.0,0.0
check_s2_o_tag/sd_o + rf_reg[21],0,140,0.0,0.0
check_d_o_tag/sd_o + rf_reg[21],0,140,0.0,0.0
register_set_o_tag/sd_o + rf_reg[21],0,140,0.0,0.0
is_store_post_o_tag/sd_o + rf_reg[21],0,140,0.0,0.0
memory_set_o_tag/sd_o + rf_reg[21],0,140,0.0,0.0
rf_reg[21] + rs1_o_tag/sd_o,0,140,0.0,0.0
data_we_q_tag/sd_o + rf_reg[21],0,140,0.0,0.0
rdata_offset_q_tag/sd_o + rf_reg[21],0,140,0.0,0.0
data_type_q_tag/sd_o + rf_reg[21],0,140,0.0,0.0
rdata_q_tag/sd_o + rf_reg[21],0,140,0.0,0.0
pc_if_o_tag/sd_o + rf_reg[22],0,140,0.0,0.0
pc_id_o_tag/sd_o + rf_reg[22],0,140,0.0,0.0
alu_operator_o_mode/sd_o + rf_reg[22],0,140,0.0,0.0
rf_reg[22] + store_dest_addr_ex_o_tag/sd_o,0,140,0.0,0.0
rf_reg[22] + store_source_ex_o_tag/sd_o,0,140,0.0,0.0
rf_reg[22] + use_store_ops_ex_o/sd_o,0,140,0.0,0.0
alu_operand_a_ex_o_tag/sd_o + rf_reg[22],0,140,0.0,0.0
alu_operand_b_ex_o_tag/sd_o + rf_reg[22],0,140,0.0,0.0
alu_operand_c_ex_o_tag/sd_o + rf_reg[22],0,140,0.0,0.0
check_s1_o_tag/sd_o + rf_reg[22],0,140,0.0,0.0
check_s2_o_tag/sd_o + rf_reg[22],0,140,0.0,0.0
check_d_o_tag/sd_o + rf_reg[22],0,140,0.0,0.0
register_set_o_tag/sd_o + rf_reg[22],0,140,0.0,0.0
is_store_post_o_tag/sd_o + rf_reg[22],0,140,0.0,0.0
memory_set_o_tag/sd_o + rf_reg[22],0,140,0.0,0.0
rf_reg[22] + rs1_o_tag/sd_o,0,140,0.0,0.0
alu_operand_c_ex_o_tag + check_s1_o_tag/sd_o,0,140,0.0,0.0
alu_operand_c_ex_o_tag + check_s2_o_tag/sd_o,0,140,0.0,0.0
alu_operand_c_ex_o_tag + check_d_o_tag/sd_o,0,140,0.0,0.0
alu_operand_c_ex_o_tag + register_set_o_tag/sd_o,0,140,0.0,0.0
alu_operand_c_ex_o_tag + is_store_post_o_tag/sd_o,0,140,0.0,0.0
alu_operand_c_ex_o_tag + memory_set_o_tag/sd_o,0,140,0.0,0.0
alu_operand_c_ex_o_tag + rs1_o_tag/sd_o,0,140,0.0,0.0
data_we_q_tag/sd_o + rf_reg[22],0,140,0.0,0.0
rdata_offset_q_tag/sd_o + rf_reg[22],0,140,0.0,0.0
data_type_q_tag/sd_o + rf_reg[22],0,140,0.0,0.0
rdata_q_tag/sd_o + rf_reg[22],0,140,0.0,0.0
pc_if_o_tag/sd_o + rf_reg[23],0,140,0.0,0.0
pc_id_o_tag/sd_o + rf_reg[23],0,140,0.0,0.0
alu_operator_o_mode/sd_o + rf_reg[23],0,140,0.0,0.0
rf_reg[23] + store_dest_addr_ex_o_tag/sd_o,0,140,0.0,0.0
rf_reg[23] + store_source_ex_o_tag/sd_o,0,140,0.0,0.0
rf_reg[23] + use_store_ops_ex_o/sd_o,0,140,0.0,0.0
alu_operand_a_ex_o_tag/sd_o + rf_reg[23],0,140,0.0,0.0
alu_operand_b_ex_o_tag/sd_o + rf_reg[23],0,140,0.0,0.0
alu_operand_c_ex_o_tag/sd_o + rf_reg[23],0,140,0.0,0.0
check_s1_o_tag/sd_o + rf_reg[23],0,140,0.0,0.0
check_s2_o_tag/sd_o + rf_reg[23],0,140,0.0,0.0
check_d_o_tag/sd_o + rf_reg[23],0,140,0.0,0.0
register_set_o_tag/sd_o + rf_reg[23],0,140,0.0,0.0
is_store_post_o_tag/sd_o + rf_reg[23],0,140,0.0,0.0
memory_set_o_tag/sd_o + rf_reg[23],0,140,0.0,0.0
rf_reg[23] + rs1_o_tag/sd_o,0,140,0.0,0.0
data_we_q_tag/sd_o + rf_reg[23],0,140,0.0,0.0
rdata_offset_q_tag/sd_o + rf_reg[23],0,140,0.0,0.0
data_type_q_tag/sd_o + rf_reg[23],0,140,0.0,0.0
rdata_q_tag/sd_o + rf_reg[23],0,140,0.0,0.0
pc_if_o_tag/sd_o + rf_reg[24],0,140,0.0,0.0
pc_id_o_tag/sd_o + rf_reg[24],0,140,0.0,0.0
alu_operator_o_mode/sd_o + rf_reg[24],0,140,0.0,0.0
rf_reg[24] + store_dest_addr_ex_o_tag/sd_o,0,140,0.0,0.0
rf_reg[24] + store_source_ex_o_tag/sd_o,0,140,0.0,0.0
rf_reg[24] + use_store_ops_ex_o/sd_o,0,140,0.0,0.0
alu_operand_a_ex_o_tag/sd_o + rf_reg[24],0,140,0.0,0.0
alu_operand_b_ex_o_tag/sd_o + rf_reg[24],0,140,0.0,0.0
alu_operand_c_ex_o_tag/sd_o + rf_reg[24],0,140,0.0,0.0
check_s1_o_tag/sd_o + rf_reg[24],0,140,0.0,0.0
check_s2_o_tag/sd_o + rf_reg[24],0,140,0.0,0.0
check_d_o_tag/sd_o + rf_reg[24],0,140,0.0,0.0
register_set_o_tag/sd_o + rf_reg[24],0,140,0.0,0.0
is_store_post_o_tag/sd_o + rf_reg[24],0,140,0.0,0.0
memory_set_o_tag/sd_o + rf_reg[24],0,140,0.0,0.0
rf_reg[24] + rs1_o_tag/sd_o,0,140,0.0,0.0
data_we_q_tag/sd_o + rf_reg[24],0,140,0.0,0.0
rdata_offset_q_tag/sd_o + rf_reg[24],0,140,0.0,0.0
data_type_q_tag/sd_o + rf_reg[24],0,140,0.0,0.0
rdata_q_tag/sd_o + rf_reg[24],0,140,0.0,0.0
pc_if_o_tag/sd_o + rf_reg[25],0,140,0.0,0.0
pc_id_o_tag/sd_o + rf_reg[25],0,140,0.0,0.0
alu_operator_o_mode/sd_o + rf_reg[25],0,140,0.0,0.0
rf_reg[25] + store_dest_addr_ex_o_tag/sd_o,0,140,0.0,0.0
rf_reg[25] + store_source_ex_o_tag/sd_o,0,140,0.0,0.0
rf_reg[25] + use_store_ops_ex_o/sd_o,0,140,0.0,0.0
alu_operand_a_ex_o_tag/sd_o + rf_reg[25],0,140,0.0,0.0
alu_operand_b_ex_o_tag/sd_o + rf_reg[25],0,140,0.0,0.0
alu_operand_c_ex_o_tag/sd_o + rf_reg[25],0,140,0.0,0.0
check_s1_o_tag/sd_o + rf_reg[25],0,140,0.0,0.0
check_s2_o_tag/sd_o + rf_reg[25],0,140,0.0,0.0
check_d_o_tag/sd_o + rf_reg[25],0,140,0.0,0.0
register_set_o_tag/sd_o + rf_reg[25],0,140,0.0,0.0
is_store_post_o_tag/sd_o + rf_reg[25],0,140,0.0,0.0
memory_set_o_tag/sd_o + rf_reg[25],0,140,0.0,0.0
rf_reg[25] + rs1_o_tag/sd_o,0,140,0.0,0.0
data_we_q_tag/sd_o + rf_reg[25],0,140,0.0,0.0
rdata_offset_q_tag/sd_o + rf_reg[25],0,140,0.0,0.0
data_type_q_tag/sd_o + rf_reg[25],0,140,0.0,0.0
rdata_q_tag/sd_o + rf_reg[25],0,140,0.0,0.0
pc_if_o_tag/sd_o + rf_reg[26],0,140,0.0,0.0
pc_id_o_tag/sd_o + rf_reg[26],0,140,0.0,0.0
alu_operator_o_mode/sd_o + rf_reg[26],0,140,0.0,0.0
rf_reg[26] + store_dest_addr_ex_o_tag/sd_o,0,140,0.0,0.0
rf_reg[26] + store_source_ex_o_tag/sd_o,0,140,0.0,0.0
rf_reg[26] + use_store_ops_ex_o/sd_o,0,140,0.0,0.0
alu_operand_a_ex_o_tag/sd_o + rf_reg[26],0,140,0.0,0.0
alu_operand_b_ex_o_tag/sd_o + rf_reg[26],0,140,0.0,0.0
alu_operand_c_ex_o_tag/sd_o + rf_reg[26],0,140,0.0,0.0
check_s1_o_tag/sd_o + rf_reg[26],0,140,0.0,0.0
check_s2_o_tag/sd_o + rf_reg[26],0,140,0.0,0.0
check_d_o_tag/sd_o + rf_reg[26],0,140,0.0,0.0
register_set_o_tag/sd_o + rf_reg[26],0,140,0.0,0.0
is_store_post_o_tag/sd_o + rf_reg[26],0,140,0.0,0.0
memory_set_o_tag/sd_o + rf_reg[26],0,140,0.0,0.0
rf_reg[26] + rs1_o_tag/sd_o,0,140,0.0,0.0
alu_operand_c_ex_o_tag + data_we_q_tag/sd_o,0,140,0.0,0.0
alu_operand_c_ex_o_tag + rdata_offset_q_tag/sd_o,0,140,0.0,0.0
alu_operand_c_ex_o_tag + data_type_q_tag/sd_o,0,140,0.0,0.0
alu_operand_c_ex_o_tag + rdata_q_tag/sd_o,0,140,0.0,0.0
data_we_q_tag/sd_o + rf_reg[26],0,140,0.0,0.0
rdata_offset_q_tag/sd_o + rf_reg[26],0,140,0.0,0.0
data_type_q_tag/sd_o + rf_reg[26],0,140,0.0,0.0
rdata_q_tag/sd_o + rf_reg[26],0,140,0.0,0.0
pc_if_o_tag/sd_o + rf_reg[27],0,140,0.0,0.0
pc_id_o_tag/sd_o + rf_reg[27],0,140,0.0,0.0
alu_operator_o_mode/sd_o + rf_reg[27],0,140,0.0,0.0
rf_reg[27] + store_dest_addr_ex_o_tag/sd_o,0,140,0.0,0.0
rf_reg[27] + store_source_ex_o_tag/sd_o,0,140,0.0,0.0
rf_reg[27] + use_store_ops_ex_o/sd_o,0,140,0.0,0.0
alu_operand_a_ex_o_tag/sd_o + rf_reg[27],0,140,0.0,0.0
alu_operand_b_ex_o_tag/sd_o + rf_reg[27],0,140,0.0,0.0
alu_operand_c_ex_o_tag/sd_o + rf_reg[27],0,140,0.0,0.0
check_s1_o_tag/sd_o + rf_reg[27],0,140,0.0,0.0
check_s2_o_tag/sd_o + rf_reg[27],0,140,0.0,0.0
check_d_o_tag/sd_o + rf_reg[27],0,140,0.0,0.0
register_set_o_tag/sd_o + rf_reg[27],0,140,0.0,0.0
is_store_post_o_tag/sd_o + rf_reg[27],0,140,0.0,0.0
memory_set_o_tag/sd_o + rf_reg[27],0,140,0.0,0.0
rf_reg[27] + rs1_o_tag/sd_o,0,140,0.0,0.0
data_we_q_tag/sd_o + rf_reg[27],0,140,0.0,0.0
rdata_offset_q_tag/sd_o + rf_reg[27],0,140,0.0,0.0
data_type_q_tag/sd_o + rf_reg[27],0,140,0.0,0.0
rdata_q_tag/sd_o + rf_reg[27],0,140,0.0,0.0
pc_if_o_tag/sd_o + rf_reg[28],0,140,0.0,0.0
pc_id_o_tag/sd_o + rf_reg[28],0,140,0.0,0.0
alu_operator_o_mode/sd_o + rf_reg[28],0,140,0.0,0.0
rf_reg[28] + store_dest_addr_ex_o_tag/sd_o,0,140,0.0,0.0
rf_reg[28] + store_source_ex_o_tag/sd_o,0,140,0.0,0.0
rf_reg[28] + use_store_ops_ex_o/sd_o,0,140,0.0,0.0
alu_operand_a_ex_o_tag/sd_o + rf_reg[28],0,140,0.0,0.0
alu_operand_b_ex_o_tag/sd_o + rf_reg[28],0,140,0.0,0.0
alu_operand_c_ex_o_tag/sd_o + rf_reg[28],0,140,0.0,0.0
check_s1_o_tag/sd_o + rf_reg[28],0,140,0.0,0.0
check_s2_o_tag/sd_o + rf_reg[28],0,140,0.0,0.0
check_d_o_tag/sd_o + rf_reg[28],0,140,0.0,0.0
register_set_o_tag/sd_o + rf_reg[28],0,140,0.0,0.0
is_store_post_o_tag/sd_o + rf_reg[28],0,140,0.0,0.0
memory_set_o_tag/sd_o + rf_reg[28],0,140,0.0,0.0
rf_reg[28] + rs1_o_tag/sd_o,0,140,0.0,0.0
data_we_q_tag/sd_o + rf_reg[28],0,140,0.0,0.0
rdata_offset_q_tag/sd_o + rf_reg[28],0,140,0.0,0.0
data_type_q_tag/sd_o + rf_reg[28],0,140,0.0,0.0
rdata_q_tag/sd_o + rf_reg[28],0,140,0.0,0.0
pc_if_o_tag/sd_o + rf_reg[29],0,140,0.0,0.0
pc_id_o_tag/sd_o + rf_reg[29],0,140,0.0,0.0
alu_operator_o_mode/sd_o + rf_reg[29],0,140,0.0,0.0
rf_reg[29] + store_dest_addr_ex_o_tag/sd_o,0,140,0.0,0.0
rf_reg[29] + store_source_ex_o_tag/sd_o,0,140,0.0,0.0
rf_reg[29] + use_store_ops_ex_o/sd_o,0,140,0.0,0.0
alu_operand_a_ex_o_tag/sd_o + rf_reg[29],0,140,0.0,0.0
alu_operand_b_ex_o_tag/sd_o + rf_reg[29],0,140,0.0,0.0
alu_operand_c_ex_o_tag/sd_o + rf_reg[29],0,140,0.0,0.0
check_s1_o_tag/sd_o + rf_reg[29],0,140,0.0,0.0
check_s2_o_tag/sd_o + rf_reg[29],0,140,0.0,0.0
check_d_o_tag/sd_o + rf_reg[29],0,140,0.0,0.0
register_set_o_tag/sd_o + rf_reg[29],0,140,0.0,0.0
is_store_post_o_tag/sd_o + rf_reg[29],0,140,0.0,0.0
memory_set_o_tag/sd_o + rf_reg[29],0,140,0.0,0.0
rf_reg[29] + rs1_o_tag/sd_o,0,140,0.0,0.0
data_we_q_tag/sd_o + rf_reg[29],0,140,0.0,0.0
rdata_offset_q_tag/sd_o + rf_reg[29],0,140,0.0,0.0
data_type_q_tag/sd_o + rf_reg[29],0,140,0.0,0.0
rdata_q_tag/sd_o + rf_reg[29],0,140,0.0,0.0
pc_if_o_tag/sd_o + rf_reg[30],0,140,0.0,0.0
pc_id_o_tag/sd_o + rf_reg[30],0,140,0.0,0.0
alu_operator_o_mode/sd_o + rf_reg[30],0,140,0.0,0.0
rf_reg[30] + store_dest_addr_ex_o_tag/sd_o,0,140,0.0,0.0
rf_reg[30] + store_source_ex_o_tag/sd_o,0,140,0.0,0.0
rf_reg[30] + use_store_ops_ex_o/sd_o,0,140,0.0,0.0
alu_operand_a_ex_o_tag/sd_o + rf_reg[30],0,140,0.0,0.0
alu_operand_b_ex_o_tag/sd_o + rf_reg[30],0,140,0.0,0.0
alu_operand_c_ex_o_tag/sd_o + rf_reg[30],0,140,0.0,0.0
check_s1_o_tag/sd_o + rf_reg[30],0,140,0.0,0.0
check_s2_o_tag/sd_o + rf_reg[30],0,140,0.0,0.0
check_d_o_tag/sd_o + rf_reg[30],0,140,0.0,0.0
register_set_o_tag/sd_o + rf_reg[30],0,140,0.0,0.0
is_store_post_o_tag/sd_o + rf_reg[30],0,140,0.0,0.0
memory_set_o_tag/sd_o + rf_reg[30],0,140,0.0,0.0
rf_reg[30] + rs1_o_tag/sd_o,0,140,0.0,0.0
data_we_q_tag/sd_o + rf_reg[30],0,140,0.0,0.0
rdata_offset_q_tag/sd_o + rf_reg[30],0,140,0.0,0.0
data_type_q_tag/sd_o + rf_reg[30],0,140,0.0,0.0
rdata_q_tag/sd_o + rf_reg[30],0,140,0.0,0.0
pc_if_o_tag/sd_o + rf_reg[31],0,140,0.0,0.0
pc_id_o_tag/sd_o + rf_reg[31],0,140,0.0,0.0
alu_operator_o_mode/sd_o + rf_reg[31],0,140,0.0,0.0
rf_reg[31] + store_dest_addr_ex_o_tag/sd_o,0,140,0.0,0.0
rf_reg[31] + store_source_ex_o_tag/sd_o,0,140,0.0,0.0
rf_reg[31] + use_store_ops_ex_o/sd_o,0,140,0.0,0.0
alu_operand_a_ex_o_tag/sd_o + rf_reg[31],0,140,0.0,0.0
alu_operand_b_ex_o_tag/sd_o + rf_reg[31],0,140,0.0,0.0
alu_operand_c_ex_o_tag/sd_o + rf_reg[31],0,140,0.0,0.0
check_s1_o_tag/sd_o + rf_reg[31],0,140,0.0,0.0
check_s2_o_tag/sd_o + rf_reg[31],0,140,0.0,0.0
check_d_o_tag/sd_o + rf_reg[31],0,140,0.0,0.0
register_set_o_tag/sd_o + rf_reg[31],0,140,0.0,0.0
is_store_post_o_tag/sd_o + rf_reg[31],0,140,0.0,0.0
memory_set_o_tag/sd_o + rf_reg[31],0,140,0.0,0.0
rf_reg[31] + rs1_o_tag/sd_o,0,140,0.0,0.0
data_we_q_tag/sd_o + rf_reg[31],0,140,0.0,0.0
rdata_offset_q_tag/sd_o + rf_reg[31],0,140,0.0,0.0
data_type_q_tag/sd_o + rf_reg[31],0,140,0.0,0.0
rdata_q_tag/sd_o + rf_reg[31],0,140,0.0,0.0
pc_if_o_tag/sd_o + rs1_o_tag,0,140,0.0,0.0
pc_id_o_tag/sd_o + rs1_o_tag,0,140,0.0,0.0
alu_operator_o_mode/sd_o + rs1_o_tag,0,140,0.0,0.0
rs1_o_tag + store_dest_addr_ex_o_tag/sd_o,0,140,0.0,0.0
rs1_o_tag + store_source_ex_o_tag/sd_o,0,140,0.0,0.0
rs1_o_tag + use_store_ops_ex_o/sd_o,0,140,0.0,0.0
alu_operand_a_ex_o_tag/sd_o + rs1_o_tag,0,140,0.0,0.0
alu_operand_b_ex_o_tag/sd_o + rs1_o_tag,0,140,0.0,0.0
alu_operand_c_ex_o_tag/sd_o + rs1_o_tag,0,140,0.0,0.0
check_s1_o_tag/sd_o + rs1_o_tag,0,140,0.0,0.0
check_s2_o_tag/sd_o + rs1_o_tag,0,140,0.0,0.0
check_d_o_tag/sd_o + rs1_o_tag,0,140,0.0,0.0
register_set_o_tag/sd_o + rs1_o_tag,0,140,0.0,0.0
is_store_post_o_tag/sd_o + rs1_o_tag,0,140,0.0,0.0
memory_set_o_tag/sd_o + rs1_o_tag,0,140,0.0,0.0
rs1_o_tag + rs1_o_tag/sd_o,0,140,0.0,0.0
data_we_q_tag/sd_o + rs1_o_tag,0,140,0.0,0.0
rdata_offset_q_tag/sd_o + rs1_o_tag,0,140,0.0,0.0
data_type_q_tag/sd_o + rs1_o_tag,0,140,0.0,0.0
rdata_q_tag/sd_o + rs1_o_tag,0,140,0.0,0.0
data_we_q_tag + pc_if_o_tag/sd_o,0,140,0.0,0.0
data_we_q_tag + pc_id_o_tag/sd_o,0,140,0.0,0.0
alu_operator_o_mode/sd_o + data_we_q_tag,0,140,0.0,0.0
data_we_q_tag + store_dest_addr_ex_o_tag/sd_o,0,140,0.0,0.0
data_we_q_tag + store_source_ex_o_tag/sd_o,0,140,0.0,0.0
data_we_q_tag + use_store_ops_ex_o/sd_o,0,140,0.0,0.0
alu_operand_a_ex_o_tag/sd_o + data_we_q_tag,0,140,0.0,0.0
alu_operand_b_ex_o_tag/sd_o + data_we_q_tag,0,140,0.0,0.0
alu_operand_c_ex_o_tag/sd_o + data_we_q_tag,0,140,0.0,0.0
check_s1_o_tag/sd_o + data_we_q_tag,0,140,0.0,0.0
check_s2_o_tag/sd_o + data_we_q_tag,0,140,0.0,0.0
check_d_o_tag/sd_o + data_we_q_tag,0,140,0.0,0.0
data_we_q_tag + register_set_o_tag/sd_o,0,140,0.0,0.0
data_we_q_tag + is_store_post_o_tag/sd_o,0,140,0.0,0.0
data_we_q_tag + memory_set_o_tag/sd_o,0,140,0.0,0.0
data_we_q_tag + rs1_o_tag/sd_o,0,140,0.0,0.0
data_we_q_tag + data_we_q_tag/sd_o,0,140,0.0,0.0
data_we_q_tag + rdata_offset_q_tag/sd_o,0,140,0.0,0.0
data_type_q_tag/sd_o + data_we_q_tag,0,140,0.0,0.0
data_we_q_tag + rdata_q_tag/sd_o,0,140,0.0,0.0
pc_id_o_tag + pc_if_o_tag/sd_o,0,140,0.0,0.0
pc_id_o_tag + pc_id_o_tag/sd_o,0,140,0.0,0.0
alu_operator_o_mode/sd_o + pc_id_o_tag,0,140,0.0,0.0
pc_id_o_tag + store_dest_addr_ex_o_tag/sd_o,0,140,0.0,0.0
pc_id_o_tag + store_source_ex_o_tag/sd_o,0,140,0.0,0.0
pc_id_o_tag + use_store_ops_ex_o/sd_o,0,140,0.0,0.0
alu_operand_a_ex_o_tag/sd_o + pc_id_o_tag,0,140,0.0,0.0
alu_operand_b_ex_o_tag/sd_o + pc_id_o_tag,0,140,0.0,0.0
alu_operand_c_ex_o_tag/sd_o + pc_id_o_tag,0,140,0.0,0.0
check_s1_o_tag/sd_o + pc_id_o_tag,0,140,0.0,0.0
check_s2_o_tag/sd_o + pc_id_o_tag,0,140,0.0,0.0
check_d_o_tag/sd_o + pc_id_o_tag,0,140,0.0,0.0
pc_id_o_tag + register_set_o_tag/sd_o,0,140,0.0,0.0
is_store_post_o_tag/sd_o + pc_id_o_tag,0,140,0.0,0.0
memory_set_o_tag/sd_o + pc_id_o_tag,0,140,0.0,0.0
pc_if_o_tag/hc_o + tpr/sd_o_32,0,140,0.0,0.0
pc_if_o_tag/hc_o + tcr/sd_o_32,0,140,0.0,0.0
pc_id_o_tag/sd_o + pc_if_o_tag/sd_o,0,140,0.0,0.0
pc_if_o_tag/sd_o + sd_o_5,0,140,0.0,0.0
alu_operator_o_mode/sd_o + pc_if_o_tag/sd_o,0,140,0.0,0.0
pc_if_o_tag/sd_o + store_dest_addr_ex_o_tag/sd_o,0,140,0.0,0.0
pc_if_o_tag/sd_o + store_source_ex_o_tag/sd_o,0,140,0.0,0.0
pc_if_o_tag/sd_o + use_store_ops_ex_o/sd_o,0,140,0.0,0.0
alu_operand_a_ex_o_tag/sd_o + pc_if_o_tag/sd_o,0,140,0.0,0.0
alu_operand_b_ex_o_tag/sd_o + pc_if_o_tag/sd_o,0,140,0.0,0.0
alu_operand_c_ex_o_tag/sd_o + pc_if_o_tag/sd_o,0,140,0.0,0.0
check_s1_o_tag/sd_o + pc_if_o_tag/sd_o,0,140,0.0,0.0
check_s2_o_tag/sd_o + pc_if_o_tag/sd_o,0,140,0.0,0.0
check_d_o_tag/sd_o + pc_if_o_tag/sd_o,0,140,0.0,0.0
pc_if_o_tag/sd_o + register_set_o_tag/sd_o,0,140,0.0,0.0
is_store_post_o_tag/sd_o + pc_if_o_tag/sd_o,0,140,0.0,0.0
memory_set_o_tag/sd_o + pc_if_o_tag/sd_o,0,140,0.0,0.0
pc_if_o_tag/sd_o + sd_o_rf_tag,0,140,0.0,0.0
pc_if_o_tag/sd_o + rs1_o_tag/sd_o,0,140,0.0,0.0
data_we_q_tag/sd_o + pc_if_o_tag/sd_o,0,140,0.0,0.0
pc_if_o_tag/sd_o + rdata_offset_q_tag/sd_o,0,140,0.0,0.0
data_type_q_tag/sd_o + pc_if_o_tag/sd_o,0,140,0.0,0.0
pc_if_o_tag/sd_o + rdata_q_tag/sd_o,0,140,0.0,0.0
pc_id_o_tag/hc_o + tpr/sd_o_32,0,140,0.0,0.0
pc_id_o_tag/hc_o + tcr/sd_o_32,0,140,0.0,0.0
pc_id_o_tag/sd_o + sd_o_5,0,140,0.0,0.0
alu_operator_o_mode/sd_o + pc_id_o_tag/sd_o,0,140,0.0,0.0
pc_id_o_tag/sd_o + store_dest_addr_ex_o_tag/sd_o,0,140,0.0,0.0
pc_id_o_tag/sd_o + store_source_ex_o_tag/sd_o,0,140,0.0,0.0
pc_id_o_tag/sd_o + use_store_ops_ex_o/sd_o,0,140,0.0,0.0
alu_operand_a_ex_o_tag/sd_o + pc_id_o_tag/sd_o,0,140,0.0,0.0
alu_operand_b_ex_o_tag/sd_o + pc_id_o_tag/sd_o,0,140,0.0,0.0
alu_operand_c_ex_o_tag/sd_o + pc_id_o_tag/sd_o,0,140,0.0,0.0
check_s1_o_tag/sd_o + pc_id_o_tag/sd_o,0,140,0.0,0.0
check_s2_o_tag/sd_o + pc_id_o_tag/sd_o,0,140,0.0,0.0
check_d_o_tag/sd_o + pc_id_o_tag/sd_o,0,140,0.0,0.0
pc_id_o_tag/sd_o + register_set_o_tag/sd_o,0,140,0.0,0.0
is_store_post_o_tag/sd_o + pc_id_o_tag/sd_o,0,140,0.0,0.0
memory_set_o_tag/sd_o + pc_id_o_tag/sd_o,0,140,0.0,0.0
pc_id_o_tag/sd_o + sd_o_rf_tag,0,140,0.0,0.0
pc_id_o_tag/sd_o + rs1_o_tag/sd_o,0,140,0.0,0.0
data_we_q_tag/sd_o + pc_id_o_tag/sd_o,0,140,0.0,0.0
pc_id_o_tag/sd_o + rdata_offset_q_tag/sd_o,0,140,0.0,0.0
data_type_q_tag/sd_o + pc_id_o_tag/sd_o,0,140,0.0,0.0
pc_id_o_tag/sd_o + rdata_q_tag/sd_o,0,140,0.0,0.0
alu_operator_o_mode/sd_o + sd_o_5,0,140,0.0,0.0
sd_o_5 + store_dest_addr_ex_o_tag/sd_o,0,140,0.0,0.0
sd_o_5 + store_source_ex_o_tag/sd_o,0,140,0.0,0.0
sd_o_5 + use_store_ops_ex_o/sd_o,0,140,0.0,0.0
alu_operand_a_ex_o_tag/sd_o + sd_o_5,0,140,0.0,0.0
alu_operand_b_ex_o_tag/sd_o + sd_o_5,0,140,0.0,0.0
alu_operand_c_ex_o_tag/sd_o + sd_o_5,0,140,0.0,0.0
check_s1_o_tag/sd_o + sd_o_5,0,140,0.0,0.0
check_s2_o_tag/sd_o + sd_o_5,0,140,0.0,0.0
check_d_o_tag/sd_o + sd_o_5,0,140,0.0,0.0
register_set_o_tag/sd_o + sd_o_5,0,140,0.0,0.0
is_store_post_o_tag/sd_o + sd_o_5,0,140,0.0,0.0
memory_set_o_tag/sd_o + sd_o_5,0,140,0.0,0.0
rs1_o_tag/sd_o + sd_o_5,0,140,0.0,0.0
data_we_q_tag/sd_o + sd_o_5,0,140,0.0,0.0
rdata_offset_q_tag/sd_o + sd_o_5,0,140,0.0,0.0
data_type_q_tag/sd_o + sd_o_5,0,140,0.0,0.0
rdata_q_tag/sd_o + sd_o_5,0,140,0.0,0.0
check_d_o_tag + pc_if_o_tag/sd_o,0,140,0.0,0.0
check_d_o_tag + pc_id_o_tag/sd_o,0,140,0.0,0.0
alu_operator_o_mode/sd_o + check_d_o_tag,0,140,0.0,0.0
check_d_o_tag + store_dest_addr_ex_o_tag/sd_o,0,140,0.0,0.0
check_d_o_tag + store_source_ex_o_tag/sd_o,0,140,0.0,0.0
check_d_o_tag + use_store_ops_ex_o/sd_o,0,140,0.0,0.0
alu_operand_a_ex_o_tag/sd_o + check_d_o_tag,0,140,0.0,0.0
alu_operand_b_ex_o_tag/sd_o + check_d_o_tag,0,140,0.0,0.0
alu_operand_c_ex_o_tag/sd_o + check_d_o_tag,0,140,0.0,0.0
check_d_o_tag + check_s1_o_tag/sd_o,0,140,0.0,0.0
check_d_o_tag + check_s2_o_tag/sd_o,0,140,0.0,0.0
check_d_o_tag + check_d_o_tag/sd_o,0,140,0.0,0.0
check_d_o_tag + register_set_o_tag/sd_o,0,140,0.0,0.0
check_d_o_tag + is_store_post_o_tag/sd_o,0,140,0.0,0.0
check_d_o_tag + memory_set_o_tag/sd_o,0,140,0.0,0.0
alu_operator_o_mode/sd_o + store_dest_addr_ex_o_tag/sd_o,0,140,0.0,0.0
alu_operator_o_mode/sd_o + store_source_ex_o_tag/sd_o,0,140,0.0,0.0
alu_operator_o_mode/sd_o + use_store_ops_ex_o/sd_o,0,140,0.0,0.0
alu_operand_a_ex_o_tag/sd_o + alu_operator_o_mode/sd_o,0,140,0.0,0.0
alu_operand_b_ex_o_tag/sd_o + alu_operator_o_mode/sd_o,0,140,0.0,0.0
alu_operand_c_ex_o_tag/sd_o + alu_operator_o_mode/sd_o,0,140,0.0,0.0
alu_operator_o_mode/sd_o + check_s1_o_tag/sd_o,0,140,0.0,0.0
alu_operator_o_mode/sd_o + check_s2_o_tag/sd_o,0,140,0.0,0.0
alu_operator_o_mode/sd_o + check_d_o_tag/sd_o,0,140,0.0,0.0
alu_operator_o_mode/sd_o + register_set_o_tag/sd_o,0,140,0.0,0.0
alu_operator_o_mode/sd_o + is_store_post_o_tag/sd_o,0,140,0.0,0.0
alu_operator_o_mode/sd_o + memory_set_o_tag/sd_o,0,140,0.0,0.0
alu_operator_o_mode/sd_o + sd_o_rf_tag,0,140,0.0,0.0
alu_operator_o_mode/sd_o + rs1_o_tag/sd_o,0,140,0.0,0.0
alu_operator_o_mode/sd_o + data_we_q_tag/sd_o,0,140,0.0,0.0
alu_operator_o_mode/sd_o + rdata_offset_q_tag/sd_o,0,140,0.0,0.0
alu_operator_o_mode/sd_o + data_type_q_tag/sd_o,0,140,0.0,0.0
alu_operator_o_mode/sd_o + rdata_q_tag/sd_o,0,140,0.0,0.0
store_dest_addr_ex_o_tag/hc_o + tpr/sd_o_32,0,140,0.0,0.0
store_dest_addr_ex_o_tag/hc_o + tcr/sd_o_32,0,140,0.0,0.0
store_dest_addr_ex_o_tag/sd_o + store_source_ex_o_tag/sd_o,0,140,0.0,0.0
store_dest_addr_ex_o_tag/sd_o + use_store_ops_ex_o/sd_o,0,140,0.0,0.0
alu_operand_a_ex_o_tag/sd_o + store_dest_addr_ex_o_tag/sd_o,0,140,0.0,0.0
alu_operand_b_ex_o_tag/sd_o + store_dest_addr_ex_o_tag/sd_o,0,140,0.0,0.0
alu_operand_c_ex_o_tag/sd_o + store_dest_addr_ex_o_tag/sd_o,0,140,0.0,0.0
check_s1_o_tag/sd_o + store_dest_addr_ex_o_tag/sd_o,0,140,0.0,0.0
check_s2_o_tag/sd_o + store_dest_addr_ex_o_tag/sd_o,0,140,0.0,0.0
check_d_o_tag/sd_o + store_dest_addr_ex_o_tag/sd_o,0,140,0.0,0.0
register_set_o_tag/sd_o + store_dest_addr_ex_o_tag/sd_o,0,140,0.0,0.0
is_store_post_o_tag/sd_o + store_dest_addr_ex_o_tag/sd_o,0,140,0.0,0.0
memory_set_o_tag/sd_o + store_dest_addr_ex_o_tag/sd_o,0,140,0.0,0.0
sd_o_rf_tag + store_dest_addr_ex_o_tag/sd_o,0,140,0.0,0.0
rs1_o_tag/sd_o + store_dest_addr_ex_o_tag/sd_o,0,140,0.0,0.0
data_we_q_tag/sd_o + store_dest_addr_ex_o_tag/sd_o,0,140,0.0,0.0
rdata_offset_q_tag/sd_o + store_dest_addr_ex_o_tag/sd_o,0,140,0.0,0.0
data_type_q_tag/sd_o + store_dest_addr_ex_o_tag/sd_o,0,140,0.0,0.0
rdata_q_tag/sd_o + store_dest_addr_ex_o_tag/sd_o,0,140,0.0,0.0
check_d_o_tag + rs1_o_tag/sd_o,0,140,0.0,0.0
store_source_ex_o_tag/hc_o + tpr/sd_o_32,0,140,0.0,0.0
store_source_ex_o_tag/hc_o + tcr/sd_o_32,0,140,0.0,0.0
store_source_ex_o_tag/sd_o + use_store_ops_ex_o/sd_o,0,140,0.0,0.0
alu_operand_a_ex_o_tag/sd_o + store_source_ex_o_tag/sd_o,0,140,0.0,0.0
alu_operand_b_ex_o_tag/sd_o + store_source_ex_o_tag/sd_o,0,140,0.0,0.0
alu_operand_c_ex_o_tag/sd_o + store_source_ex_o_tag/sd_o,0,140,0.0,0.0
check_s1_o_tag/sd_o + store_source_ex_o_tag/sd_o,0,140,0.0,0.0
check_s2_o_tag/sd_o + store_source_ex_o_tag/sd_o,0,140,0.0,0.0
check_d_o_tag/sd_o + store_source_ex_o_tag/sd_o,0,140,0.0,0.0
register_set_o_tag/sd_o + store_source_ex_o_tag/sd_o,0,140,0.0,0.0
is_store_post_o_tag/sd_o + store_source_ex_o_tag/sd_o,0,140,0.0,0.0
memory_set_o_tag/sd_o + store_source_ex_o_tag/sd_o,0,140,0.0,0.0
sd_o_rf_tag + store_source_ex_o_tag/sd_o,0,140,0.0,0.0
rs1_o_tag/sd_o + store_source_ex_o_tag/sd_o,0,140,0.0,0.0
data_we_q_tag/sd_o + store_source_ex_o_tag/sd_o,0,140,0.0,0.0
rdata_offset_q_tag/sd_o + store_source_ex_o_tag/sd_o,0,140,0.0,0.0
data_type_q_tag/sd_o + store_source_ex_o_tag/sd_o,0,140,0.0,0.0
rdata_q_tag/sd_o + store_source_ex_o_tag/sd_o,0,140,0.0,0.0
tpr/sd_o_32 + use_store_ops_ex_o/hc_o,0,140,0.0,0.0
tcr/sd_o_32 + use_store_ops_ex_o/hc_o,0,140,0.0,0.0
alu_operand_a_ex_o_tag/sd_o + use_store_ops_ex_o/sd_o,0,140,0.0,0.0
alu_operand_b_ex_o_tag/sd_o + use_store_ops_ex_o/sd_o,0,140,0.0,0.0
alu_operand_c_ex_o_tag/sd_o + use_store_ops_ex_o/sd_o,0,140,0.0,0.0
check_s1_o_tag/sd_o + use_store_ops_ex_o/sd_o,0,140,0.0,0.0
check_s2_o_tag/sd_o + use_store_ops_ex_o/sd_o,0,140,0.0,0.0
check_d_o_tag/sd_o + use_store_ops_ex_o/sd_o,0,140,0.0,0.0
register_set_o_tag/sd_o + use_store_ops_ex_o/sd_o,0,140,0.0,0.0
is_store_post_o_tag/sd_o + use_store_ops_ex_o/sd_o,0,140,0.0,0.0
memory_set_o_tag/sd_o + use_store_ops_ex_o/sd_o,0,140,0.0,0.0
sd_o_rf_tag + use_store_ops_ex_o/sd_o,0,140,0.0,0.0
rs1_o_tag/sd_o + use_store_ops_ex_o/sd_o,0,140,0.0,0.0
check_d_o_tag + data_we_q_tag/sd_o,0,140,0.0,0.0
check_d_o_tag + rdata_offset_q_tag/sd_o,0,140,0.0,0.0
check_d_o_tag + data_type_q_tag/sd_o,0,140,0.0,0.0
check_d_o_tag + rdata_q_tag/sd_o,0,140,0.0,0.0
data_we_q_tag/sd_o + use_store_ops_ex_o/sd_o,0,140,0.0,0.0
rdata_offset_q_tag/sd_o + use_store_ops_ex_o/sd_o,0,140,0.0,0.0
data_type_q_tag/sd_o + use_store_ops_ex_o/sd_o,0,140,0.0,0.0
rdata_q_tag/sd_o + use_store_ops_ex_o/sd_o,0,140,0.0,0.0
alu_operand_a_ex_o_tag/hc_o + tpr/sd_o_32,0,140,0.0,0.0
alu_operand_a_ex_o_tag/hc_o + tcr/sd_o_32,0,140,0.0,0.0
alu_operand_a_ex_o_tag/sd_o + alu_operand_b_ex_o_tag/sd_o,0,140,0.0,0.0
alu_operand_a_ex_o_tag/sd_o + alu_operand_c_ex_o_tag/sd_o,0,140,0.0,0.0
alu_operand_a_ex_o_tag/sd_o + check_s1_o_tag/sd_o,0,140,0.0,0.0
alu_operand_a_ex_o_tag/sd_o + check_s2_o_tag/sd_o,0,140,0.0,0.0
alu_operand_a_ex_o_tag/sd_o + check_d_o_tag/sd_o,0,140,0.0,0.0
alu_operand_a_ex_o_tag/sd_o + register_set_o_tag/sd_o,0,140,0.0,0.0
alu_operand_a_ex_o_tag/sd_o + is_store_post_o_tag/sd_o,0,140,0.0,0.0
alu_operand_a_ex_o_tag/sd_o + memory_set_o_tag/sd_o,0,140,0.0,0.0
alu_operand_a_ex_o_tag/sd_o + sd_o_rf_tag,0,140,0.0,0.0
alu_operand_a_ex_o_tag/sd_o + rs1_o_tag/sd_o,0,140,0.0,0.0
alu_operand_a_ex_o_tag/sd_o + data_we_q_tag/sd_o,0,140,0.0,0.0
alu_operand_a_ex_o_tag/sd_o + rdata_offset_q_tag/sd_o,0,140,0.0,0.0
alu_operand_a_ex_o_tag/sd_o + data_type_q_tag/sd_o,0,140,0.0,0.0
alu_operand_a_ex_o_tag/sd_o + rdata_q_tag/sd_o,0,140,0.0,0.0
alu_operand_b_ex_o_tag/hc_o + tpr/sd_o_32,0,140,0.0,0.0
alu_operand_b_ex_o_tag/hc_o + tcr/sd_o_32,0,140,0.0,0.0
alu_operand_b_ex_o_tag/sd_o + alu_operand_c_ex_o_tag/sd_o,0,140,0.0,0.0
alu_operand_b_ex_o_tag/sd_o + check_s1_o_tag/sd_o,0,140,0.0,0.0
alu_operand_b_ex_o_tag/sd_o + check_s2_o_tag/sd_o,0,140,0.0,0.0
alu_operand_b_ex_o_tag/sd_o + check_d_o_tag/sd_o,0,140,0.0,0.0
alu_operand_b_ex_o_tag/sd_o + register_set_o_tag/sd_o,0,140,0.0,0.0
alu_operand_b_ex_o_tag/sd_o + is_store_post_o_tag/sd_o,0,140,0.0,0.0
alu_operand_b_ex_o_tag/sd_o + memory_set_o_tag/sd_o,0,140,0.0,0.0
alu_operand_b_ex_o_tag/sd_o + sd_o_rf_tag,0,140,0.0,0.0
alu_operand_b_ex_o_tag/sd_o + rs1_o_tag/sd_o,0,140,0.0,0.0
check_s1_o_tag + pc_if_o_tag/sd_o,0,140,0.0,0.0
check_s1_o_tag + pc_id_o_tag/sd_o,0,140,0.0,0.0
alu_operator_o_mode/sd_o + check_s1_o_tag,0,140,0.0,0.0
check_s1_o_tag + store_dest_addr_ex_o_tag/sd_o,0,140,0.0,0.0
check_s1_o_tag + store_source_ex_o_tag/sd_o,0,140,0.0,0.0
check_s1_o_tag + use_store_ops_ex_o/sd_o,0,140,0.0,0.0
alu_operand_a_ex_o_tag/sd_o + check_s1_o_tag,0,140,0.0,0.0
alu_operand_b_ex_o_tag/sd_o + check_s1_o_tag,0,140,0.0,0.0
alu_operand_c_ex_o_tag/sd_o + check_s1_o_tag,0,140,0.0,0.0
check_s1_o_tag + check_s1_o_tag/sd_o,0,140,0.0,0.0
alu_operand_b_ex_o_tag/sd_o + data_we_q_tag/sd_o,0,140,0.0,0.0
alu_operand_b_ex_o_tag/sd_o + rdata_offset_q_tag/sd_o,0,140,0.0,0.0
alu_operand_b_ex_o_tag/sd_o + data_type_q_tag/sd_o,0,140,0.0,0.0
alu_operand_b_ex_o_tag/sd_o + rdata_q_tag/sd_o,0,140,0.0,0.0
alu_operand_c_ex_o_tag/hc_o + tpr/sd_o_32,0,140,0.0,0.0
alu_operand_c_ex_o_tag/hc_o + tcr/sd_o_32,0,140,0.0,0.0
alu_operand_c_ex_o_tag/sd_o + check_s1_o_tag/sd_o,0,140,0.0,0.0
alu_operand_c_ex_o_tag/sd_o + check_s2_o_tag/sd_o,0,140,0.0,0.0
alu_operand_c_ex_o_tag/sd_o + check_d_o_tag/sd_o,0,140,0.0,0.0
alu_operand_c_ex_o_tag/sd_o + register_set_o_tag/sd_o,0,140,0.0,0.0
alu_operand_c_ex_o_tag/sd_o + is_store_post_o_tag/sd_o,0,140,0.0,0.0
alu_operand_c_ex_o_tag/sd_o + memory_set_o_tag/sd_o,0,140,0.0,0.0
alu_operand_c_ex_o_tag/sd_o + sd_o_rf_tag,0,140,0.0,0.0
alu_operand_c_ex_o_tag/sd_o + rs1_o_tag/sd_o,0,140,0.0,0.0
alu_operand_c_ex_o_tag/sd_o + data_we_q_tag/sd_o,0,140,0.0,0.0
alu_operand_c_ex_o_tag/sd_o + rdata_offset_q_tag/sd_o,0,140,0.0,0.0
alu_operand_c_ex_o_tag/sd_o + data_type_q_tag/sd_o,0,140,0.0,0.0
alu_operand_c_ex_o_tag/sd_o + rdata_q_tag/sd_o,0,140,0.0,0.0
check_s1_o_tag/hc_o + tpr/sd_o_32,0,140,0.0,0.0
check_s1_o_tag/hc_o + tcr/sd_o_32,0,140,0.0,0.0
check_s1_o_tag/sd_o + check_s2_o_tag/sd_o,0,140,0.0,0.0
check_d_o_tag/sd_o + check_s1_o_tag/sd_o,0,140,0.0,0.0
check_s1_o_tag/sd_o + register_set_o_tag/sd_o,0,140,0.0,0.0
check_s1_o_tag/sd_o + is_store_post_o_tag/sd_o,0,140,0.0,0.0
check_s1_o_tag/sd_o + memory_set_o_tag/sd_o,0,140,0.0,0.0
check_s1_o_tag/sd_o + sd_o_rf_tag,0,140,0.0,0.0
check_s1_o_tag/sd_o + rs1_o_tag/sd_o,0,140,0.0,0.0
check_s1_o_tag/sd_o + data_we_q_tag/sd_o,0,140,0.0,0.0
check_s1_o_tag/sd_o + rdata_offset_q_tag/sd_o,0,140,0.0,0.0
check_s1_o_tag/sd_o + data_type_q_tag/sd_o,0,140,0.0,0.0
check_s1_o_tag/sd_o + rdata_q_tag/sd_o,0,140,0.0,0.0
check_s1_o_tag + check_s2_o_tag/sd_o,0,140,0.0,0.0
check_d_o_tag/sd_o + check_s1_o_tag,0,140,0.0,0.0
check_s1_o_tag + register_set_o_tag/sd_o,0,140,0.0,0.0
check_s1_o_tag + is_store_post_o_tag/sd_o,0,140,0.0,0.0
check_s1_o_tag + memory_set_o_tag/sd_o,0,140,0.0,0.0
check_s1_o_tag + rs1_o_tag/sd_o,0,140,0.0,0.0
check_s2_o_tag/hc_o + tpr/sd_o_32,0,140,0.0,0.0
check_s2_o_tag/hc_o + tcr/sd_o_32,0,140,0.0,0.0
check_d_o_tag/sd_o + check_s2_o_tag/sd_o,0,140,0.0,0.0
check_s2_o_tag/sd_o + register_set_o_tag/sd_o,0,140,0.0,0.0
check_s2_o_tag/sd_o + is_store_post_o_tag/sd_o,0,140,0.0,0.0
check_s2_o_tag/sd_o + memory_set_o_tag/sd_o,0,140,0.0,0.0
check_s2_o_tag/sd_o + sd_o_rf_tag,0,140,0.0,0.0
check_s2_o_tag/sd_o + rs1_o_tag/sd_o,0,140,0.0,0.0
check_s2_o_tag/sd_o + data_we_q_tag/sd_o,0,140,0.0,0.0
check_s2_o_tag/sd_o + rdata_offset_q_tag/sd_o,0,140,0.0,0.0
check_s2_o_tag/sd_o + data_type_q_tag/sd_o,0,140,0.0,0.0
check_s2_o_tag/sd_o + rdata_q_tag/sd_o,0,140,0.0,0.0
check_d_o_tag/hc_o + tpr/sd_o_32,0,140,0.0,0.0
check_d_o_tag/hc_o + tcr/sd_o_32,0,140,0.0,0.0
check_d_o_tag/sd_o + register_set_o_tag/sd_o,0,140,0.0,0.0
check_d_o_tag/sd_o + is_store_post_o_tag/sd_o,0,140,0.0,0.0
check_d_o_tag/sd_o + memory_set_o_tag/sd_o,0,140,0.0,0.0
check_d_o_tag/sd_o + sd_o_rf_tag,0,140,0.0,0.0
check_d_o_tag/sd_o + rs1_o_tag/sd_o,0,140,0.0,0.0
check_d_o_tag/sd_o + data_we_q_tag/sd_o,0,140,0.0,0.0
check_d_o_tag/sd_o + rdata_offset_q_tag/sd_o,0,140,0.0,0.0
check_d_o_tag/sd_o + data_type_q_tag/sd_o,0,140,0.0,0.0
check_d_o_tag/sd_o + rdata_q_tag/sd_o,0,140,0.0,0.0
pc_id_o_tag + rs1_o_tag/sd_o,0,140,0.0,0.0
check_s1_o_tag + data_we_q_tag/sd_o,0,140,0.0,0.0
check_s1_o_tag + rdata_offset_q_tag/sd_o,0,140,0.0,0.0
check_s1_o_tag + data_type_q_tag/sd_o,0,140,0.0,0.0
check_s1_o_tag + rdata_q_tag/sd_o,0,140,0.0,0.0
register_set_o_tag/hc_o + tpr/sd_o_32,0,140,0.0,0.0
register_set_o_tag/hc_o + tcr/sd_o_32,0,140,0.0,0.0
is_store_post_o_tag/sd_o + register_set_o_tag/sd_o,0,140,0.0,0.0
memory_set_o_tag/sd_o + register_set_o_tag/sd_o,0,140,0.0,0.0
register_set_o_tag/sd_o + sd_o_rf_tag,0,140,0.0,0.0
register_set_o_tag/sd_o + rs1_o_tag/sd_o,0,140,0.0,0.0
data_we_q_tag/sd_o + register_set_o_tag/sd_o,0,140,0.0,0.0
rdata_offset_q_tag/sd_o + register_set_o_tag/sd_o,0,140,0.0,0.0
data_type_q_tag/sd_o + register_set_o_tag/sd_o,0,140,0.0,0.0
rdata_q_tag/sd_o + register_set_o_tag/sd_o,0,140,0.0,0.0
is_store_post_o_tag/hc_o + tpr/sd_o_32,0,140,0.0,0.0
is_store_post_o_tag/hc_o + tcr/sd_o_32,0,140,0.0,0.0
is_store_post_o_tag/sd_o + memory_set_o_tag/sd_o,0,140,0.0,0.0
is_store_post_o_tag/sd_o + sd_o_rf_tag,0,140,0.0,0.0
is_store_post_o_tag/sd_o + rs1_o_tag/sd_o,0,140,0.0,0.0
data_we_q_tag/sd_o + is_store_post_o_tag/sd_o,0,140,0.0,0.0
is_store_post_o_tag/sd_o + rdata_offset_q_tag/sd_o,0,140,0.0,0.0
data_type_q_tag/sd_o + is_store_post_o_tag/sd_o,0,140,0.0,0.0
is_store_post_o_tag/sd_o + rdata_q_tag/sd_o,0,140,0.0,0.0
memory_set_o_tag/hc_o + tpr/sd_o_32,0,140,0.0,0.0
memory_set_o_tag/hc_o + tcr/sd_o_32,0,140,0.0,0.0
check_s2_o_tag + pc_if_o_tag/sd_o,0,140,0.0,0.0
check_s2_o_tag + pc_id_o_tag/sd_o,0,140,0.0,0.0
alu_operator_o_mode/sd_o + check_s2_o_tag,0,140,0.0,0.0
check_s2_o_tag + store_dest_addr_ex_o_tag/sd_o,0,140,0.0,0.0
check_s2_o_tag + store_source_ex_o_tag/sd_o,0,140,0.0,0.0
memory_set_o_tag/sd_o + sd_o_rf_tag,0,140,0.0,0.0
memory_set_o_tag/sd_o + rs1_o_tag/sd_o,0,140,0.0,0.0
data_we_q_tag/sd_o + memory_set_o_tag/sd_o,0,140,0.0,0.0
memory_set_o_tag/sd_o + rdata_offset_q_tag/sd_o,0,140,0.0,0.0
data_type_q_tag/sd_o + memory_set_o_tag/sd_o,0,140,0.0,0.0
memory_set_o_tag/sd_o + rdata_q_tag/sd_o,0,140,0.0,0.0
check_s2_o_tag + use_store_ops_ex_o/sd_o,0,140,0.0,0.0
alu_operand_a_ex_o_tag/sd_o + check_s2_o_tag,0,140,0.0,0.0
alu_operand_b_ex_o_tag/sd_o + check_s2_o_tag,0,140,0.0,0.0
alu_operand_c_ex_o_tag/sd_o + check_s2_o_tag,0,140,0.0,0.0
check_s1_o_tag/sd_o + check_s2_o_tag,0,140,0.0,0.0
check_s2_o_tag + check_s2_o_tag/sd_o,0,140,0.0,0.0
check_d_o_tag/sd_o + check_s2_o_tag,0,140,0.0,0.0
check_s2_o_tag + register_set_o_tag/sd_o,0,140,0.0,0.0
check_s2_o_tag + is_store_post_o_tag/sd_o,0,140,0.0,0.0
check_s2_o_tag + memory_set_o_tag/sd_o,0,140,0.0,0.0
check_s2_o_tag + rs1_o_tag/sd_o,0,140,0.0,0.0
check_s2_o_tag + data_we_q_tag/sd_o,0,140,0.0,0.0
check_s2_o_tag + rdata_offset_q_tag/sd_o,0,140,0.0,0.0
check_s2_o_tag + data_type_q_tag/sd_o,0,140,0.0,0.0
check_s2_o_tag + rdata_q_tag/sd_o,0,140,0.0,0.0
rs1_o_tag/sd_o + sd_o_rf_tag,0,140,0.0,0.0
data_we_q_tag/sd_o + sd_o_rf_tag,0,140,0.0,0.0
rdata_offset_q_tag/sd_o + sd_o_rf_tag,0,140,0.0,0.0
data_type_q_tag/sd_o + sd_o_rf_tag,0,140,0.0,0.0
rdata_q_tag/sd_o + sd_o_rf_tag,0,140,0.0,0.0
rs1_o_tag/hc_o + tpr/sd_o_32,0,140,0.0,0.0
is_store_post_o_tag + pc_if_o_tag/sd_o,0,140,0.0,0.0
is_store_post_o_tag + pc_id_o_tag/sd_o,0,140,0.0,0.0
rs1_o_tag/hc_o + tcr/sd_o_32,0,140,0.0,0.0
data_we_q_tag/sd_o + rs1_o_tag/sd_o,0,140,0.0,0.0
rdata_offset_q_tag/sd_o + rs1_o_tag/sd_o,0,140,0.0,0.0
data_type_q_tag/sd_o + rs1_o_tag/sd_o,0,140,0.0,0.0
rdata_q_tag/sd_o + rs1_o_tag/sd_o,0,140,0.0,0.0
alu_operator_o_mode/sd_o + is_store_post_o_tag,0,140,0.0,0.0
is_store_post_o_tag + store_dest_addr_ex_o_tag/sd_o,0,140,0.0,0.0
is_store_post_o_tag + store_source_ex_o_tag/sd_o,0,140,0.0,0.0
is_store_post_o_tag + use_store_ops_ex_o/sd_o,0,140,0.0,0.0
alu_operand_a_ex_o_tag/sd_o + is_store_post_o_tag,0,140,0.0,0.0
alu_operand_b_ex_o_tag/sd_o + is_store_post_o_tag,0,140,0.0,0.0
alu_operand_c_ex_o_tag/sd_o + is_store_post_o_tag,0,140,0.0,0.0
check_s1_o_tag/sd_o + is_store_post_o_tag,0,140,0.0,0.0
check_s2_o_tag/sd_o + is_store_post_o_tag,0,140,0.0,0.0
check_d_o_tag/sd_o + is_store_post_o_tag,0,140,0.0,0.0
is_store_post_o_tag + register_set_o_tag/sd_o,0,140,0.0,0.0
is_store_post_o_tag + is_store_post_o_tag/sd_o,0,140,0.0,0.0
is_store_post_o_tag + memory_set_o_tag/sd_o,0,140,0.0,0.0
data_we_q_tag/hc_o + tpr/sd_o_32,0,140,0.0,0.0
data_we_q_tag/hc_o + tcr/sd_o_32,0,140,0.0,0.0
data_we_q_tag/sd_o + rdata_offset_q_tag/sd_o,0,140,0.0,0.0
data_type_q_tag/sd_o + data_we_q_tag/sd_o,0,140,0.0,0.0
data_we_q_tag/sd_o + rdata_q_tag/sd_o,0,140,0.0,0.0
data_type_q_tag/sd_o + rdata_offset_q_tag/sd_o,0,140,0.0,0.0
rdata_offset_q_tag/sd_o + rdata_q_tag/sd_o,0,140,0.0,0.0
data_type_q_tag/sd_o + rdata_q_tag/sd_o,0,140,0.0,0.0
is_store_post_o_tag + rs1_o_tag/sd_o,0,140,0.0,0.0
data_we_q_tag/sd_o + is_store_post_o_tag,0,140,0.0,0.0
is_store_post_o_tag + rdata_offset_q_tag/sd_o,0,140,0.0,0.0
data_type_q_tag/sd_o + is_store_post_o_tag,0,140,0.0,0.0
is_store_post_o_tag + rdata_q_tag/sd_o,0,140,0.0,0.0
memory_set_o_tag + pc_if_o_tag/sd_o,0,140,0.0,0.0
memory_set_o_tag + pc_id_o_tag/sd_o,0,140,0.0,0.0
alu_operator_o_mode/sd_o + memory_set_o_tag,0,140,0.0,0.0
memory_set_o_tag + store_dest_addr_ex_o_tag/sd_o,0,140,0.0,0.0
memory_set_o_tag + store_source_ex_o_tag/sd_o,0,140,0.0,0.0
memory_set_o_tag + use_store_ops_ex_o/sd_o,0,140,0.0,0.0
alu_operand_a_ex_o_tag/sd_o + memory_set_o_tag,0,140,0.0,0.0
alu_operand_b_ex_o_tag/sd_o + memory_set_o_tag,0,140,0.0,0.0
alu_operand_c_ex_o_tag/sd_o + memory_set_o_tag,0,140,0.0,0.0
check_s1_o_tag/sd_o + memory_set_o_tag,0,140,0.0,0.0
check_s2_o_tag/sd_o + memory_set_o_tag,0,140,0.0,0.0
check_d_o_tag/sd_o + memory_set_o_tag,0,140,0.0,0.0
memory_set_o_tag + register_set_o_tag/sd_o,0,140,0.0,0.0
is_store_post_o_tag/sd_o + memory_set_o_tag,0,140,0.0,0.0
memory_set_o_tag + memory_set_o_tag/sd_o,0,140,0.0,0.0
memory_set_o_tag + rs1_o_tag/sd_o,0,140,0.0,0.0
data_we_q_tag/sd_o + memory_set_o_tag,0,140,0.0,0.0
memory_set_o_tag + rdata_offset_q_tag/sd_o,0,140,0.0,0.0
data_we_q_tag/sd_o + pc_id_o_tag,0,140,0.0,0.0
pc_id_o_tag + rdata_offset_q_tag/sd_o,0,140,0.0,0.0
data_type_q_tag/sd_o + pc_id_o_tag,0,140,0.0,0.0
pc_id_o_tag + rdata_q_tag/sd_o,0,140,0.0,0.0
data_type_q_tag/sd_o + memory_set_o_tag,0,140,0.0,0.0
memory_set_o_tag + rdata_q_tag/sd_o,0,140,0.0,0.0
pc_if_o_tag + pc_if_o_tag/sd_o,0,140,0.0,0.0
pc_id_o_tag/sd_o + pc_if_o_tag,0,140,0.0,0.0
alu_operator_o_mode/sd_o + pc_if_o_tag,0,140,0.0,0.0
pc_if_o_tag + store_dest_addr_ex_o_tag/sd_o,0,140,0.0,0.0
pc_if_o_tag + store_source_ex_o_tag/sd_o,0,140,0.0,0.0
pc_if_o_tag + use_store_ops_ex_o/sd_o,0,140,0.0,0.0
alu_operand_a_ex_o_tag/sd_o + pc_if_o_tag,0,140,0.0,0.0
alu_operand_b_ex_o_tag/sd_o + pc_if_o_tag,0,140,0.0,0.0
alu_operand_c_ex_o_tag/sd_o + pc_if_o_tag,0,140,0.0,0.0
check_s1_o_tag/sd_o + pc_if_o_tag,0,140,0.0,0.0
check_s2_o_tag/sd_o + pc_if_o_tag,0,140,0.0,0.0
check_d_o_tag/sd_o + pc_if_o_tag,0,140,0.0,0.0
pc_if_o_tag + register_set_o_tag/sd_o,0,140,0.0,0.0
is_store_post_o_tag/sd_o + pc_if_o_tag,0,140,0.0,0.0
memory_set_o_tag/sd_o + pc_if_o_tag,0,140,0.0,0.0
pc_if_o_tag + rs1_o_tag/sd_o,0,140,0.0,0.0
data_we_q_tag/sd_o + pc_if_o_tag,0,140,0.0,0.0
pc_if_o_tag + rdata_offset_q_tag/sd_o,0,140,0.0,0.0
data_type_q_tag/sd_o + pc_if_o_tag,0,140,0.0,0.0
pc_if_o_tag + rdata_q_tag/sd_o,0,140,0.0,0.0
alu_operand_a_ex_o_tag + pc_if_o_tag/sd_o,0,140,0.0,0.0
alu_operand_a_ex_o_tag + pc_id_o_tag/sd_o,0,140,0.0,0.0
pc_if_o_tag/sd_o + register_set_o_tag,0,140,0.0,0.0
pc_id_o_tag/sd_o + register_set_o_tag,0,140,0.0,0.0
alu_operator_o_mode/sd_o + register_set_o_tag,0,140,0.0,0.0
register_set_o_tag + store_dest_addr_ex_o_tag/sd_o,0,140,0.0,0.0
register_set_o_tag + store_source_ex_o_tag/sd_o,0,140,0.0,0.0
register_set_o_tag + use_store_ops_ex_o/sd_o,0,140,0.0,0.0
alu_operand_a_ex_o_tag/sd_o + register_set_o_tag,0,140,0.0,0.0
alu_operand_b_ex_o_tag/sd_o + register_set_o_tag,0,140,0.0,0.0
alu_operand_c_ex_o_tag/sd_o + register_set_o_tag,0,140,0.0,0.0
check_s1_o_tag/sd_o + register_set_o_tag,0,140,0.0,0.0
check_s2_o_tag/sd_o + register_set_o_tag,0,140,0.0,0.0
check_d_o_tag/sd_o + register_set_o_tag,0,140,0.0,0.0
register_set_o_tag + register_set_o_tag/sd_o,0,140,0.0,0.0
is_store_post_o_tag/sd_o + register_set_o_tag,0,140,0.0,0.0
memory_set_o_tag/sd_o + register_set_o_tag,0,140,0.0,0.0
register_set_o_tag + rs1_o_tag/sd_o,0,140,0.0,0.0
data_we_q_tag/sd_o + register_set_o_tag,0,140,0.0,0.0
rdata_offset_q_tag/sd_o + register_set_o_tag,0,140,0.0,0.0
data_type_q_tag/sd_o + register_set_o_tag,0,140,0.0,0.0
alu_operand_a_ex_o_tag + alu_operator_o_mode/sd_o,0,140,0.0,0.0
alu_operand_a_ex_o_tag + store_dest_addr_ex_o_tag/sd_o,0,140,0.0,0.0
alu_operand_a_ex_o_tag + store_source_ex_o_tag/sd_o,0,140,0.0,0.0
alu_operand_a_ex_o_tag + use_store_ops_ex_o/sd_o,0,140,0.0,0.0
alu_operand_a_ex_o_tag + alu_operand_a_ex_o_tag/sd_o,0,140,0.0,0.0
alu_operand_a_ex_o_tag + alu_operand_b_ex_o_tag/sd_o,0,140,0.0,0.0
alu_operand_a_ex_o_tag + alu_operand_c_ex_o_tag/sd_o,0,140,0.0,0.0
alu_operand_a_ex_o_tag + check_s1_o_tag/sd_o,0,140,0.0,0.0
alu_operand_a_ex_o_tag + check_s2_o_tag/sd_o,0,140,0.0,0.0
alu_operand_a_ex_o_tag + check_d_o_tag/sd_o,0,140,0.0,0.0
alu_operand_a_ex_o_tag + register_set_o_tag/sd_o,0,140,0.0,0.0
alu_operand_a_ex_o_tag + is_store_post_o_tag/sd_o,0,140,0.0,0.0
alu_operand_a_ex_o_tag + memory_set_o_tag/sd_o,0,140,0.0,0.0
rdata_q_tag/sd_o + register_set_o_tag,0,140,0.0,0.0
pc_if_o_tag/sd_o + store_dest_addr_ex_o_tag,0,140,0.0,0.0
pc_id_o_tag/sd_o + store_dest_addr_ex_o_tag,0,140,0.0,0.0
alu_operator_o_mode/sd_o + store_dest_addr_ex_o_tag,0,140,0.0,0.0
store_dest_addr_ex_o_tag + store_dest_addr_ex_o_tag/sd_o,0,140,0.0,0.0
store_dest_addr_ex_o_tag + store_source_ex_o_tag/sd_o,0,140,0.0,0.0
store_dest_addr_ex_o_tag + use_store_ops_ex_o/sd_o,0,140,0.0,0.0
alu_operand_a_ex_o_tag/sd_o + store_dest_addr_ex_o_tag,0,140,0.0,0.0
alu_operand_b_ex_o_tag/sd_o + store_dest_addr_ex_o_tag,0,140,0.0,0.0
alu_operand_c_ex_o_tag/sd_o + store_dest_addr_ex_o_tag,0,140,0.0,0.0
check_s1_o_tag/sd_o + store_dest_addr_ex_o_tag,0,140,0.0,0.0
check_s2_o_tag/sd_o + store_dest_addr_ex_o_tag,0,140,0.0,0.0
check_d_o_tag/sd_o + store_dest_addr_ex_o_tag,0,140,0.0,0.0
register_set_o_tag/sd_o + store_dest_addr_ex_o_tag,0,140,0.0,0.0
is_store_post_o_tag/sd_o + store_dest_addr_ex_o_tag,0,140,0.0,0.0
memory_set_o_tag/sd_o + store_dest_addr_ex_o_tag,0,140,0.0,0.0
rs1_o_tag/sd_o + store_dest_addr_ex_o_tag,0,140,0.0,0.0
data_we_q_tag/sd_o + store_dest_addr_ex_o_tag,0,140,0.0,0.0
rdata_offset_q_tag/sd_o + store_dest_addr_ex_o_tag,0,140,0.0,0.0
data_type_q_tag/sd_o + store_dest_addr_ex_o_tag,0,140,0.0,0.0
rdata_q_tag/sd_o + store_dest_addr_ex_o_tag,0,140,0.0,0.0
pc_if_o_tag/sd_o + store_source_ex_o_tag,0,140,0.0,0.0
pc_id_o_tag/sd_o + store_source_ex_o_tag,0,140,0.0,0.0
alu_operator_o_mode/sd_o + store_source_ex_o_tag,0,140,0.0,0.0
store_dest_addr_ex_o_tag/sd_o + store_source_ex_o_tag,0,140,0.0,0.0
store_source_ex_o_tag + store_source_ex_o_tag/sd_o,0,140,0.0,0.0
store_source_ex_o_tag + use_store_ops_ex_o/sd_o,0,140,0.0,0.0
alu_operand_a_ex_o_tag/sd_o + store_source_ex_o_tag,0,140,0.0,0.0
alu_operand_b_ex_o_tag/sd_o + store_source_ex_o_tag,0,140,0.0,0.0
alu_operand_c_ex_o_tag/sd_o + store_source_ex_o_tag,0,140,0.0,0.0
check_s1_o_tag/sd_o + store_source_ex_o_tag,0,140,0.0,0.0
check_s2_o_tag/sd_o + store_source_ex_o_tag,0,140,0.0,0.0
check_d_o_tag/sd_o + store_source_ex_o_tag,0,140,0.0,0.0
register_set_o_tag/sd_o + store_source_ex_o_tag,0,140,0.0,0.0
is_store_post_o_tag/sd_o + store_source_ex_o_tag,0,140,0.0,0.0
memory_set_o_tag/sd_o + store_source_ex_o_tag,0,140,0.0,0.0
rs1_o_tag/sd_o + store_source_ex_o_tag,0,140,0.0,0.0
data_we_q_tag/sd_o + store_source_ex_o_tag,0,140,0.0,0.0
rdata_offset_q_tag/sd_o + store_source_ex_o_tag,0,140,0.0,0.0
data_type_q_tag/sd_o + store_source_ex_o_tag,0,140,0.0,0.0
rdata_q_tag/sd_o + store_source_ex_o_tag,0,140,0.0,0.0
pc_if_o_tag/sd_o + use_store_ops_ex_o,0,140,0.0,0.0
pc_id_o_tag/sd_o + use_store_ops_ex_o,0,140,0.0,0.0
alu_operator_o_mode/sd_o + use_store_ops_ex_o,0,140,0.0,0.0
store_dest_addr_ex_o_tag/sd_o + use_store_ops_ex_o,0,140,0.0,0.0
store_source_ex_o_tag/sd_o + use_store_ops_ex_o,0,140,0.0,0.0
use_store_ops_ex_o + use_store_ops_ex_o/sd_o,0,140,0.0,0.0
alu_operand_a_ex_o_tag/sd_o + use_store_ops_ex_o,0,140,0.0,0.0
alu_operand_b_ex_o_tag/sd_o + use_store_ops_ex_o,0,140,0.0,0.0
alu_operand_c_ex_o_tag/sd_o + use_store_ops_ex_o,0,140,0.0,0.0
check_s1_o_tag/sd_o + use_store_ops_ex_o,0,140,0.0,0.0
check_s2_o_tag/sd_o + use_store_ops_ex_o,0,140,0.0,0.0
check_d_o_tag/sd_o + use_store_ops_ex_o,0,140,0.0,0.0
register_set_o_tag/sd_o + use_store_ops_ex_o,0,140,0.0,0.0
is_store_post_o_tag/sd_o + use_store_ops_ex_o,0,140,0.0,0.0
memory_set_o_tag/sd_o + use_store_ops_ex_o,0,140,0.0,0.0
rs1_o_tag/sd_o + use_store_ops_ex_o,0,140,0.0,0.0
data_we_q_tag/sd_o + use_store_ops_ex_o,0,140,0.0,0.0
rdata_offset_q_tag/sd_o + use_store_ops_ex_o,0,140,0.0,0.0
data_type_q_tag/sd_o + use_store_ops_ex_o,0,140,0.0,0.0
rdata_q_tag/sd_o + use_store_ops_ex_o,0,140,0.0,0.0
pc_if_o_tag/sd_o + rf_reg[0],0,140,0.0,0.0
pc_id_o_tag/sd_o + rf_reg[0],0,140,0.0,0.0
alu_operator_o_mode/sd_o + rf_reg[0],0,140,0.0,0.0
rf_reg[0] + store_dest_addr_ex_o_tag/sd_o,0,140,0.0,0.0
rf_reg[0] + store_source_ex_o_tag/sd_o,0,140,0.0,0.0
rf_reg[0] + use_store_ops_ex_o/sd_o,0,140,0.0,0.0
alu_operand_a_ex_o_tag/sd_o + rf_reg[0],0,140,0.0,0.0
alu_operand_b_ex_o_tag/sd_o + rf_reg[0],0,140,0.0,0.0
alu_operand_c_ex_o_tag/sd_o + rf_reg[0],0,140,0.0,0.0
register_set_o_tag + tcr_execute/sd_o,0,140,0.0,0.0
store_dest_addr_ex_o_tag + tcr_execute/sd_o,0,140,0.0,0.0
store_source_ex_o_tag + tcr_execute/sd_o,0,140,0.0,0.0
tcr_execute/sd_o + use_store_ops_ex_o,0,140,0.0,0.0
rf_reg[0] + tcr_execute/sd_o,0,140,0.0,0.0
alu_operand_a_ex_o_tag + tcr_execute/sd_o,0,140,0.0,0.0
rf_reg[1] + tcr_execute/sd_o,0,140,0.0,0.0
rf_reg[2] + tcr_execute/sd_o,0,140,0.0,0.0
rf_reg[3] + tcr_execute/sd_o,0,140,0.0,0.0
rf_reg[4] + tcr_execute/sd_o,0,140,0.0,0.0
rf_reg[5] + tcr_execute/sd_o,0,140,0.0,0.0
rf_reg[6] + tcr_execute/sd_o,0,140,0.0,0.0
rf_reg[7] + tcr_execute/sd_o,0,140,0.0,0.0
rf_reg[8] + tcr_execute/sd_o,0,140,0.0,0.0
rf_reg[9] + tcr_execute/sd_o,0,140,0.0,0.0
rf_reg[10] + tcr_execute/sd_o,0,140,0.0,0.0
rf_reg[11] + tcr_execute/sd_o,0,140,0.0,0.0
alu_operand_b_ex_o_tag + tcr_execute/sd_o,0,140,0.0,0.0
rf_reg[12] + tcr_execute/sd_o,0,140,0.0,0.0
rf_reg[13] + tcr_execute/sd_o,0,140,0.0,0.0
rf_reg[14] + tcr_execute/sd_o,0,140,0.0,0.0
rf_reg[15] + tcr_execute/sd_o,0,140,0.0,0.0
rf_reg[16] + tcr_execute/sd_o,0,140,0.0,0.0
rf_reg[17] + tcr_execute/sd_o,0,140,0.0,0.0
rf_reg[18] + tcr_execute/sd_o,0,140,0.0,0.0
rf_reg[19] + tcr_execute/sd_o,0,140,0.0,0.0
rf_reg[20] + tcr_execute/sd_o,0,140,0.0,0.0
rf_reg[21] + tcr_execute/sd_o,0,140,0.0,0.0
rf_reg[22] + tcr_execute/sd_o,0,140,0.0,0.0
rf_reg[23] + tcr_execute/sd_o,0,140,0.0,0.0
alu_operand_c_ex_o_tag + tcr_execute/sd_o,0,140,0.0,0.0
rf_reg[24] + tcr_execute/sd_o,0,140,0.0,0.0
rf_reg[25] + tcr_execute/sd_o,0,140,0.0,0.0
rf_reg[26] + tcr_execute/sd_o,0,140,0.0,0.0
rf_reg[27] + tcr_execute/sd_o,0,140,0.0,0.0
rf_reg[28] + tcr_execute/sd_o,0,140,0.0,0.0
rf_reg[29] + tcr_execute/sd_o,0,140,0.0,0.0
rf_reg[30] + tcr_execute/sd_o,0,140,0.0,0.0
rf_reg[31] + tcr_execute/sd_o,0,140,0.0,0.0
rs1_o_tag + tcr_execute/sd_o,0,140,0.0,0.0
data_type_q_tag + tpr_arith/sd_o,0,140,0.0,0.0
data_type_q_tag + tpr_branch/sd_o,0,140,0.0,0.0
data_type_q_tag + tpr_jump/sd_o,0,140,0.0,0.0
data_type_q_tag + tpr_shift/sd_o,0,140,0.0,0.0
data_type_q_tag + tpr_comparison/sd_o,0,140,0.0,0.0
data_type_q_tag + tpr_logical/sd_o,0,140,0.0,0.0
data_type_q_tag + tpr_load_store_mode/sd_o,0,140,0.0,0.0
data_type_q_tag + tpr_load_store_enable/sd_o,0,140,0.0,0.0
data_type_q_tag + tcr_arith/sd_o,0,140,0.0,0.0
data_type_q_tag + tcr_branch/sd_o,0,140,0.0,0.0
data_type_q_tag + tcr_jump/sd_o,0,140,0.0,0.0
data_type_q_tag + tcr_shift/sd_o,0,140,0.0,0.0
data_type_q_tag + tcr_comparison/sd_o,0,140,0.0,0.0
data_type_q_tag + tcr_logical/sd_o,0,140,0.0,0.0
data_type_q_tag + tcr_load_store/sd_o,0,140,0.0,0.0
data_we_q_tag + tcr_execute/sd_o,0,140,0.0,0.0
rdata_offset_q_tag + tpr_arith/sd_o,0,140,0.0,0.0
rdata_offset_q_tag + tpr_branch/sd_o,0,140,0.0,0.0
rdata_offset_q_tag + tpr_jump/sd_o,0,140,0.0,0.0
rdata_offset_q_tag + tpr_shift/sd_o,0,140,0.0,0.0
rdata_offset_q_tag + tpr_comparison/sd_o,0,140,0.0,0.0
rdata_offset_q_tag + tpr_logical/sd_o,0,140,0.0,0.0
rdata_offset_q_tag + tpr_load_store_mode/sd_o,0,140,0.0,0.0
rdata_offset_q_tag + tpr_load_store_enable/sd_o,0,140,0.0,0.0
rdata_offset_q_tag + tcr_arith/sd_o,0,140,0.0,0.0
rdata_offset_q_tag + tcr_branch/sd_o,0,140,0.0,0.0
rdata_offset_q_tag + tcr_jump/sd_o,0,140,0.0,0.0
rdata_offset_q_tag + tcr_shift/sd_o,0,140,0.0,0.0
rdata_offset_q_tag + tcr_comparison/sd_o,0,140,0.0,0.0
rdata_offset_q_tag + tcr_logical/sd_o,0,140,0.0,0.0
rdata_offset_q_tag + tcr_load_store/sd_o,0,140,0.0,0.0
alu_operator_o_mode + tpr_arith/sd_o,0,140,0.0,0.0
alu_operator_o_mode + tpr_branch/sd_o,0,140,0.0,0.0
alu_operator_o_mode + tpr_jump/sd_o,0,140,0.0,0.0
alu_operator_o_mode + tpr_shift/sd_o,0,140,0.0,0.0
alu_operator_o_mode + tpr_comparison/sd_o,0,140,0.0,0.0
alu_operator_o_mode + tpr_logical/sd_o,0,140,0.0,0.0
alu_operator_o_mode + tpr_load_store_mode/sd_o,0,140,0.0,0.0
pc_if_o_tag/hc_o + tpr_arith/sd_o,0,140,0.0,0.0
pc_if_o_tag/hc_o + tpr_branch/sd_o,0,140,0.0,0.0
pc_if_o_tag/hc_o + tpr_jump/sd_o,0,140,0.0,0.0
alu_operator_o_mode + tpr_load_store_enable/sd_o,0,140,0.0,0.0
alu_operator_o_mode + tcr_arith/sd_o,0,140,0.0,0.0
alu_operator_o_mode + tcr_branch/sd_o,0,140,0.0,0.0
alu_operator_o_mode + tcr_jump/sd_o,0,140,0.0,0.0
alu_operator_o_mode + tcr_shift/sd_o,0,140,0.0,0.0
alu_operator_o_mode + tcr_comparison/sd_o,0,140,0.0,0.0
alu_operator_o_mode + tcr_logical/sd_o,0,140,0.0,0.0
pc_if_o_tag/hc_o + tpr_shift/sd_o,0,140,0.0,0.0
pc_if_o_tag/hc_o + tpr_comparison/sd_o,0,140,0.0,0.0
pc_if_o_tag/hc_o + tpr_logical/sd_o,0,140,0.0,0.0
pc_if_o_tag/hc_o + tpr_load_store_mode/sd_o,0,140,0.0,0.0
pc_if_o_tag/hc_o + tpr_load_store_enable/sd_o,0,140,0.0,0.0
pc_if_o_tag/hc_o + tcr_arith/sd_o,0,140,0.0,0.0
pc_if_o_tag/hc_o + tcr_branch/sd_o,0,140,0.0,0.0
pc_if_o_tag/hc_o + tcr_jump/sd_o,0,140,0.0,0.0
pc_if_o_tag/hc_o + tcr_shift/sd_o,0,140,0.0,0.0
pc_if_o_tag/hc_o + tcr_comparison/sd_o,0,140,0.0,0.0
pc_if_o_tag/hc_o + tcr_logical/sd_o,0,140,0.0,0.0
pc_if_o_tag/hc_o + tcr_load_store/sd_o,0,140,0.0,0.0
pc_if_o_tag/hc_o + tcr_execute/sd_o,0,140,0.0,0.0
pc_if_o_tag/sd_o + tcr_execute/hc_o,0,140,0.0,0.0
pc_id_o_tag/hc_o + tpr_arith/sd_o,0,140,0.0,0.0
pc_id_o_tag/hc_o + tpr_branch/sd_o,0,140,0.0,0.0
pc_id_o_tag/hc_o + tpr_jump/sd_o,0,140,0.0,0.0
pc_id_o_tag/hc_o + tpr_shift/sd_o,0,140,0.0,0.0
pc_id_o_tag/hc_o + tpr_comparison/sd_o,0,140,0.0,0.0
pc_id_o_tag/hc_o + tpr_logical/sd_o,0,140,0.0,0.0
pc_id_o_tag/hc_o + tpr_load_store_mode/sd_o,0,140,0.0,0.0
pc_id_o_tag/hc_o + tpr_load_store_enable/sd_o,0,140,0.0,0.0
pc_id_o_tag/hc_o + tcr_arith/sd_o,0,140,0.0,0.0
pc_id_o_tag/hc_o + tcr_branch/sd_o,0,140,0.0,0.0
pc_id_o_tag/hc_o + tcr_jump/sd_o,0,140,0.0,0.0
alu_operator_o_mode + tcr_load_store/sd_o,0,140,0.0,0.0
pc_id_o_tag/hc_o + tcr_shift/sd_o,0,140,0.0,0.0
pc_id_o_tag/hc_o + tcr_comparison/sd_o,0,140,0.0,0.0
pc_id_o_tag/hc_o + tcr_logical/sd_o,0,140,0.0,0.0
pc_id_o_tag/hc_o + tcr_load_store/sd_o,0,140,0.0,0.0
pc_id_o_tag/hc_o + tcr_execute/sd_o,0,140,0.0,0.0
pc_id_o_tag/sd_o + tcr_execute/hc_o,0,140,0.0,0.0
sd_o_5 + tcr_execute/hc_o,0,140,0.0,0.0
check_d_o_tag + tcr_execute/sd_o,0,140,0.0,0.0
alu_operator_o_mode/sd_o + tcr_execute/hc_o,0,140,0.0,0.0
store_dest_addr_ex_o_tag/hc_o + tpr_arith/sd_o,0,140,0.0,0.0
store_dest_addr_ex_o_tag/hc_o + tpr_branch/sd_o,0,140,0.0,0.0
store_dest_addr_ex_o_tag/hc_o + tpr_jump/sd_o,0,140,0.0,0.0
store_dest_addr_ex_o_tag/hc_o + tpr_shift/sd_o,0,140,0.0,0.0
store_dest_addr_ex_o_tag/hc_o + tpr_comparison/sd_o,0,140,0.0,0.0
store_dest_addr_ex_o_tag/hc_o + tpr_logical/sd_o,0,140,0.0,0.0
store_dest_addr_ex_o_tag/hc_o + tpr_load_store_mode/sd_o,0,140,0.0,0.0
store_dest_addr_ex_o_tag/hc_o + tpr_load_store_enable/sd_o,0,140,0.0,0.0
store_dest_addr_ex_o_tag/hc_o + tcr_arith/sd_o,0,140,0.0,0.0
store_dest_addr_ex_o_tag/hc_o + tcr_branch/sd_o,0,140,0.0,0.0
store_dest_addr_ex_o_tag/hc_o + tcr_jump/sd_o,0,140,0.0,0.0
store_dest_addr_ex_o_tag/hc_o + tcr_shift/sd_o,0,140,0.0,0.0
store_dest_addr_ex_o_tag/hc_o + tcr_comparison/sd_o,0,140,0.0,0.0
store_dest_addr_ex_o_tag/hc_o + tcr_logical/sd_o,0,140,0.0,0.0
store_dest_addr_ex_o_tag/hc_o + tcr_load_store/sd_o,0,140,0.0,0.0
store_dest_addr_ex_o_tag/hc_o + tcr_execute/sd_o,0,140,0.0,0.0
store_dest_addr_ex_o_tag/sd_o + tcr_execute/hc_o,0,140,0.0,0.0
store_source_ex_o_tag/hc_o + tpr_arith/sd_o,0,140,0.0,0.0
store_source_ex_o_tag/hc_o + tpr_branch/sd_o,0,140,0.0,0.0
store_source_ex_o_tag/hc_o + tpr_jump/sd_o,0,140,0.0,0.0
store_source_ex_o_tag/hc_o + tpr_shift/sd_o,0,140,0.0,0.0
store_source_ex_o_tag/hc_o + tpr_comparison/sd_o,0,140,0.0,0.0
store_source_ex_o_tag/hc_o + tpr_logical/sd_o,0,140,0.0,0.0
store_source_ex_o_tag/hc_o + tpr_load_store_mode/sd_o,0,140,0.0,0.0
store_source_ex_o_tag/hc_o + tpr_load_store_enable/sd_o,0,140,0.0,0.0
store_source_ex_o_tag/hc_o + tcr_arith/sd_o,0,140,0.0,0.0
store_source_ex_o_tag/hc_o + tcr_branch/sd_o,0,140,0.0,0.0
store_source_ex_o_tag/hc_o + tcr_jump/sd_o,0,140,0.0,0.0
store_source_ex_o_tag/hc_o + tcr_shift/sd_o,0,140,0.0,0.0
store_source_ex_o_tag/hc_o + tcr_comparison/sd_o,0,140,0.0,0.0
store_source_ex_o_tag/hc_o + tcr_logical/sd_o,0,140,0.0,0.0
store_source_ex_o_tag/hc_o + tcr_load_store/sd_o,0,140,0.0,0.0
store_source_ex_o_tag/hc_o + tcr_execute/sd_o,0,140,0.0,0.0
store_source_ex_o_tag/sd_o + tcr_execute/hc_o,0,140,0.0,0.0
tpr_arith/sd_o + use_store_ops_ex_o/hc_o,0,140,0.0,0.0
tpr_branch/sd_o + use_store_ops_ex_o/hc_o,0,140,0.0,0.0
tpr_jump/sd_o + use_store_ops_ex_o/hc_o,0,140,0.0,0.0
tpr_shift/sd_o + use_store_ops_ex_o/hc_o,0,140,0.0,0.0
tpr_comparison/sd_o + use_store_ops_ex_o/hc_o,0,140,0.0,0.0
tpr_logical/sd_o + use_store_ops_ex_o/hc_o,0,140,0.0,0.0
tpr_load_store_mode/sd_o + use_store_ops_ex_o/hc_o,0,140,0.0,0.0
tpr_load_store_enable/sd_o + use_store_ops_ex_o/hc_o,0,140,0.0,0.0
tcr_arith/sd_o + use_store_ops_ex_o/hc_o,0,140,0.0,0.0
tcr_branch/sd_o + use_store_ops_ex_o/hc_o,0,140,0.0,0.0
tcr_jump/sd_o + use_store_ops_ex_o/hc_o,0,140,0.0,0.0
tcr_shift/sd_o + use_store_ops_ex_o/hc_o,0,140,0.0,0.0
tcr_comparison/sd_o + use_store_ops_ex_o/hc_o,0,140,0.0,0.0
tcr_logical/sd_o + use_store_ops_ex_o/hc_o,0,140,0.0,0.0
tcr_load_store/sd_o + use_store_ops_ex_o/hc_o,0,140,0.0,0.0
tcr_execute/sd_o + use_store_ops_ex_o/hc_o,0,140,0.0,0.0
tcr_execute/hc_o + use_store_ops_ex_o/sd_o,0,140,0.0,0.0
alu_operand_a_ex_o_tag/hc_o + tpr_arith/sd_o,0,140,0.0,0.0
alu_operand_a_ex_o_tag/hc_o + tpr_branch/sd_o,0,140,0.0,0.0
alu_operand_a_ex_o_tag/hc_o + tpr_jump/sd_o,0,140,0.0,0.0
alu_operand_a_ex_o_tag/hc_o + tpr_shift/sd_o,0,140,0.0,0.0
alu_operand_a_ex_o_tag/hc_o + tpr_comparison/sd_o,0,140,0.0,0.0
alu_operand_a_ex_o_tag/hc_o + tpr_logical/sd_o,0,140,0.0,0.0
alu_operand_a_ex_o_tag/hc_o + tpr_load_store_mode/sd_o,0,140,0.0,0.0
alu_operand_a_ex_o_tag/hc_o + tpr_load_store_enable/sd_o,0,140,0.0,0.0
alu_operand_a_ex_o_tag/hc_o + tcr_arith/sd_o,0,140,0.0,0.0
alu_operand_a_ex_o_tag/hc_o + tcr_branch/sd_o,0,140,0.0,0.0
alu_operand_a_ex_o_tag/hc_o + tcr_jump/sd_o,0,140,0.0,0.0
alu_operand_a_ex_o_tag/hc_o + tcr_shift/sd_o,0,140,0.0,0.0
alu_operand_a_ex_o_tag/hc_o + tcr_comparison/sd_o,0,140,0.0,0.0
alu_operand_a_ex_o_tag/hc_o + tcr_logical/sd_o,0,140,0.0,0.0
alu_operand_a_ex_o_tag/hc_o + tcr_load_store/sd_o,0,140,0.0,0.0
alu_operand_a_ex_o_tag/hc_o + tcr_execute/sd_o,0,140,0.0,0.0
alu_operand_a_ex_o_tag/sd_o + tcr_execute/hc_o,0,140,0.0,0.0
alu_operand_b_ex_o_tag/hc_o + tpr_arith/sd_o,0,140,0.0,0.0
alu_operand_b_ex_o_tag/hc_o + tpr_branch/sd_o,0,140,0.0,0.0
alu_operand_b_ex_o_tag/hc_o + tpr_jump/sd_o,0,140,0.0,0.0
alu_operand_b_ex_o_tag/hc_o + tpr_shift/sd_o,0,140,0.0,0.0
alu_operand_b_ex_o_tag/hc_o + tpr_comparison/sd_o,0,140,0.0,0.0
alu_operand_b_ex_o_tag/hc_o + tpr_logical/sd_o,0,140,0.0,0.0
alu_operand_b_ex_o_tag/hc_o + tpr_load_store_mode/sd_o,0,140,0.0,0.0
alu_operand_b_ex_o_tag/hc_o + tpr_load_store_enable/sd_o,0,140,0.0,0.0
alu_operand_b_ex_o_tag/hc_o + tcr_arith/sd_o,0,140,0.0,0.0
alu_operand_b_ex_o_tag/hc_o + tcr_branch/sd_o,0,140,0.0,0.0
alu_operand_b_ex_o_tag/hc_o + tcr_jump/sd_o,0,140,0.0,0.0
alu_operand_b_ex_o_tag/hc_o + tcr_shift/sd_o,0,140,0.0,0.0
alu_operand_b_ex_o_tag/hc_o + tcr_comparison/sd_o,0,140,0.0,0.0
alu_operand_b_ex_o_tag/hc_o + tcr_logical/sd_o,0,140,0.0,0.0
alu_operand_b_ex_o_tag/hc_o + tcr_load_store/sd_o,0,140,0.0,0.0
alu_operand_b_ex_o_tag/hc_o + tcr_execute/sd_o,0,140,0.0,0.0
alu_operand_b_ex_o_tag/sd_o + tcr_execute/hc_o,0,140,0.0,0.0
check_s1_o_tag + tcr_execute/sd_o,0,140,0.0,0.0
alu_operand_c_ex_o_tag/hc_o + tpr_arith/sd_o,0,140,0.0,0.0
alu_operand_c_ex_o_tag/hc_o + tpr_branch/sd_o,0,140,0.0,0.0
alu_operand_c_ex_o_tag/hc_o + tpr_jump/sd_o,0,140,0.0,0.0
alu_operand_c_ex_o_tag/hc_o + tpr_shift/sd_o,0,140,0.0,0.0
alu_operand_c_ex_o_tag/hc_o + tpr_comparison/sd_o,0,140,0.0,0.0
alu_operand_c_ex_o_tag/hc_o + tpr_logical/sd_o,0,140,0.0,0.0
alu_operand_c_ex_o_tag/hc_o + tpr_load_store_mode/sd_o,0,140,0.0,0.0
alu_operand_c_ex_o_tag/hc_o + tpr_load_store_enable/sd_o,0,140,0.0,0.0
alu_operand_c_ex_o_tag/hc_o + tcr_arith/sd_o,0,140,0.0,0.0
alu_operand_c_ex_o_tag/hc_o + tcr_branch/sd_o,0,140,0.0,0.0
alu_operand_c_ex_o_tag/hc_o + tcr_jump/sd_o,0,140,0.0,0.0
alu_operand_c_ex_o_tag/hc_o + tcr_shift/sd_o,0,140,0.0,0.0
alu_operand_c_ex_o_tag/hc_o + tcr_comparison/sd_o,0,140,0.0,0.0
alu_operand_c_ex_o_tag/hc_o + tcr_logical/sd_o,0,140,0.0,0.0
alu_operand_c_ex_o_tag/hc_o + tcr_load_store/sd_o,0,140,0.0,0.0
alu_operand_c_ex_o_tag/hc_o + tcr_execute/sd_o,0,140,0.0,0.0
alu_operand_c_ex_o_tag/sd_o + tcr_execute/hc_o,0,140,0.0,0.0
check_s1_o_tag/hc_o + tpr_arith/sd_o,0,140,0.0,0.0
check_s1_o_tag/hc_o + tpr_branch/sd_o,0,140,0.0,0.0
check_s1_o_tag/hc_o + tpr_jump/sd_o,0,140,0.0,0.0
check_s1_o_tag/hc_o + tpr_shift/sd_o,0,140,0.0,0.0
check_s1_o_tag/hc_o + tpr_comparison/sd_o,0,140,0.0,0.0
check_s1_o_tag/hc_o + tpr_logical/sd_o,0,140,0.0,0.0
check_s1_o_tag/hc_o + tpr_load_store_mode/sd_o,0,140,0.0,0.0
check_s1_o_tag/hc_o + tpr_load_store_enable/sd_o,0,140,0.0,0.0
check_s1_o_tag/hc_o + tcr_arith/sd_o,0,140,0.0,0.0
check_s1_o_tag/hc_o + tcr_branch/sd_o,0,140,0.0,0.0
check_s1_o_tag/hc_o + tcr_jump/sd_o,0,140,0.0,0.0
check_s1_o_tag/hc_o + tcr_shift/sd_o,0,140,0.0,0.0
check_s1_o_tag/hc_o + tcr_comparison/sd_o,0,140,0.0,0.0
check_s1_o_tag/hc_o + tcr_logical/sd_o,0,140,0.0,0.0
check_s1_o_tag/hc_o + tcr_load_store/sd_o,0,140,0.0,0.0
check_s1_o_tag/hc_o + tcr_execute/sd_o,0,140,0.0,0.0
check_s1_o_tag/sd_o + tcr_execute/hc_o,0,140,0.0,0.0
check_s2_o_tag/hc_o + tpr_arith/sd_o,0,140,0.0,0.0
check_s2_o_tag/hc_o + tpr_branch/sd_o,0,140,0.0,0.0
check_s2_o_tag/hc_o + tpr_jump/sd_o,0,140,0.0,0.0
check_s2_o_tag/hc_o + tpr_shift/sd_o,0,140,0.0,0.0
check_s2_o_tag/hc_o + tpr_comparison/sd_o,0,140,0.0,0.0
check_s2_o_tag/hc_o + tpr_logical/sd_o,0,140,0.0,0.0
check_s2_o_tag/hc_o + tpr_load_store_mode/sd_o,0,140,0.0,0.0
check_s2_o_tag/hc_o + tpr_load_store_enable/sd_o,0,140,0.0,0.0
check_s2_o_tag/hc_o + tcr_arith/sd_o,0,140,0.0,0.0
check_s2_o_tag/hc_o + tcr_branch/sd_o,0,140,0.0,0.0
check_s2_o_tag/hc_o + tcr_jump/sd_o,0,140,0.0,0.0
check_s2_o_tag/hc_o + tcr_shift/sd_o,0,140,0.0,0.0
check_s2_o_tag/hc_o + tcr_comparison/sd_o,0,140,0.0,0.0
check_s2_o_tag/hc_o + tcr_logical/sd_o,0,140,0.0,0.0
check_s2_o_tag/hc_o + tcr_load_store/sd_o,0,140,0.0,0.0
check_s2_o_tag/hc_o + tcr_execute/sd_o,0,140,0.0,0.0
check_s2_o_tag/sd_o + tcr_execute/hc_o,0,140,0.0,0.0
check_d_o_tag/hc_o + tpr_arith/sd_o,0,140,0.0,0.0
check_d_o_tag/hc_o + tpr_branch/sd_o,0,140,0.0,0.0
check_d_o_tag/hc_o + tpr_jump/sd_o,0,140,0.0,0.0
check_d_o_tag/hc_o + tpr_shift/sd_o,0,140,0.0,0.0
check_d_o_tag/hc_o + tpr_comparison/sd_o,0,140,0.0,0.0
check_d_o_tag/hc_o + tpr_logical/sd_o,0,140,0.0,0.0
check_d_o_tag/hc_o + tpr_load_store_mode/sd_o,0,140,0.0,0.0
check_d_o_tag/hc_o + tpr_load_store_enable/sd_o,0,140,0.0,0.0
check_d_o_tag/hc_o + tcr_arith/sd_o,0,140,0.0,0.0
check_d_o_tag/hc_o + tcr_branch/sd_o,0,140,0.0,0.0
check_d_o_tag/hc_o + tcr_jump/sd_o,0,140,0.0,0.0
check_d_o_tag/hc_o + tcr_shift/sd_o,0,140,0.0,0.0
check_d_o_tag/hc_o + tcr_comparison/sd_o,0,140,0.0,0.0
check_d_o_tag/hc_o + tcr_logical/sd_o,0,140,0.0,0.0
check_d_o_tag/hc_o + tcr_load_store/sd_o,0,140,0.0,0.0
check_d_o_tag/hc_o + tcr_execute/sd_o,0,140,0.0,0.0
check_d_o_tag/sd_o + tcr_execute/hc_o,0,140,0.0,0.0
register_set_o_tag/hc_o + tpr_arith/sd_o,0,140,0.0,0.0
register_set_o_tag/hc_o + tpr_branch/sd_o,0,140,0.0,0.0
register_set_o_tag/hc_o + tpr_jump/sd_o,0,140,0.0,0.0
register_set_o_tag/hc_o + tpr_shift/sd_o,0,140,0.0,0.0
register_set_o_tag/hc_o + tpr_comparison/sd_o,0,140,0.0,0.0
register_set_o_tag/hc_o + tpr_logical/sd_o,0,140,0.0,0.0
register_set_o_tag/hc_o + tpr_load_store_mode/sd_o,0,140,0.0,0.0
register_set_o_tag/hc_o + tpr_load_store_enable/sd_o,0,140,0.0,0.0
register_set_o_tag/hc_o + tcr_arith/sd_o,0,140,0.0,0.0
pc_id_o_tag + tcr_execute/sd_o,0,140,0.0,0.0
register_set_o_tag/hc_o + tcr_branch/sd_o,0,140,0.0,0.0
register_set_o_tag/hc_o + tcr_jump/sd_o,0,140,0.0,0.0
register_set_o_tag/hc_o + tcr_shift/sd_o,0,140,0.0,0.0
register_set_o_tag/hc_o + tcr_comparison/sd_o,0,140,0.0,0.0
register_set_o_tag/hc_o + tcr_logical/sd_o,0,140,0.0,0.0
register_set_o_tag/hc_o + tcr_load_store/sd_o,0,140,0.0,0.0
register_set_o_tag/hc_o + tcr_execute/sd_o,0,140,0.0,0.0
register_set_o_tag/sd_o + tcr_execute/hc_o,0,140,0.0,0.0
is_store_post_o_tag/hc_o + tpr_arith/sd_o,0,140,0.0,0.0
is_store_post_o_tag/hc_o + tpr_branch/sd_o,0,140,0.0,0.0
is_store_post_o_tag/hc_o + tpr_jump/sd_o,0,140,0.0,0.0
is_store_post_o_tag/hc_o + tpr_shift/sd_o,0,140,0.0,0.0
is_store_post_o_tag/hc_o + tpr_comparison/sd_o,0,140,0.0,0.0
is_store_post_o_tag/hc_o + tpr_logical/sd_o,0,140,0.0,0.0
is_store_post_o_tag/hc_o + tpr_load_store_mode/sd_o,0,140,0.0,0.0
is_store_post_o_tag/hc_o + tpr_load_store_enable/sd_o,0,140,0.0,0.0
is_store_post_o_tag/hc_o + tcr_arith/sd_o,0,140,0.0,0.0
is_store_post_o_tag/hc_o + tcr_branch/sd_o,0,140,0.0,0.0
is_store_post_o_tag/hc_o + tcr_jump/sd_o,0,140,0.0,0.0
is_store_post_o_tag/hc_o + tcr_shift/sd_o,0,140,0.0,0.0
is_store_post_o_tag/hc_o + tcr_comparison/sd_o,0,140,0.0,0.0
is_store_post_o_tag/hc_o + tcr_logical/sd_o,0,140,0.0,0.0
is_store_post_o_tag/hc_o + tcr_load_store/sd_o,0,140,0.0,0.0
is_store_post_o_tag/hc_o + tcr_execute/sd_o,0,140,0.0,0.0
is_store_post_o_tag/sd_o + tcr_execute/hc_o,0,140,0.0,0.0
check_s2_o_tag + tcr_execute/sd_o,0,140,0.0,0.0
memory_set_o_tag/hc_o + tpr_arith/sd_o,0,140,0.0,0.0
memory_set_o_tag/hc_o + tpr_branch/sd_o,0,140,0.0,0.0
memory_set_o_tag/hc_o + tpr_jump/sd_o,0,140,0.0,0.0
memory_set_o_tag/hc_o + tpr_shift/sd_o,0,140,0.0,0.0
memory_set_o_tag/hc_o + tpr_comparison/sd_o,0,140,0.0,0.0
memory_set_o_tag/hc_o + tpr_logical/sd_o,0,140,0.0,0.0
memory_set_o_tag/hc_o + tpr_load_store_mode/sd_o,0,140,0.0,0.0
memory_set_o_tag/hc_o + tpr_load_store_enable/sd_o,0,140,0.0,0.0
memory_set_o_tag/hc_o + tcr_arith/sd_o,0,140,0.0,0.0
memory_set_o_tag/hc_o + tcr_branch/sd_o,0,140,0.0,0.0
memory_set_o_tag/hc_o + tcr_jump/sd_o,0,140,0.0,0.0
memory_set_o_tag/hc_o + tcr_shift/sd_o,0,140,0.0,0.0
memory_set_o_tag/hc_o + tcr_comparison/sd_o,0,140,0.0,0.0
memory_set_o_tag/hc_o + tcr_logical/sd_o,0,140,0.0,0.0
memory_set_o_tag/hc_o + tcr_load_store/sd_o,0,140,0.0,0.0
memory_set_o_tag/hc_o + tcr_execute/sd_o,0,140,0.0,0.0
memory_set_o_tag/sd_o + tcr_execute/hc_o,0,140,0.0,0.0
is_store_post_o_tag + tcr_execute/sd_o,0,140,0.0,0.0
sd_o_rf_tag + tcr_execute/sd_o,0,140,0.0,0.0
rs1_o_tag/hc_o + tpr_arith/sd_o,0,140,0.0,0.0
rs1_o_tag/hc_o + tpr_branch/sd_o,0,140,0.0,0.0
rs1_o_tag/hc_o + tpr_jump/sd_o,0,140,0.0,0.0
rs1_o_tag/hc_o + tpr_shift/sd_o,0,140,0.0,0.0
rs1_o_tag/hc_o + tpr_comparison/sd_o,0,140,0.0,0.0
rs1_o_tag/hc_o + tpr_logical/sd_o,0,140,0.0,0.0
rs1_o_tag/hc_o + tpr_load_store_mode/sd_o,0,140,0.0,0.0
rs1_o_tag/hc_o + tpr_load_store_enable/sd_o,0,140,0.0,0.0
rs1_o_tag/hc_o + tcr_arith/sd_o,0,140,0.0,0.0
rs1_o_tag/hc_o + tcr_branch/sd_o,0,140,0.0,0.0
rs1_o_tag/hc_o + tcr_jump/sd_o,0,140,0.0,0.0
rs1_o_tag/hc_o + tcr_shift/sd_o,0,140,0.0,0.0
rs1_o_tag/hc_o + tcr_comparison/sd_o,0,140,0.0,0.0
rs1_o_tag/hc_o + tcr_logical/sd_o,0,140,0.0,0.0
rs1_o_tag/hc_o + tcr_load_store/sd_o,0,140,0.0,0.0
rs1_o_tag/hc_o + tcr_execute/sd_o,0,140,0.0,0.0
rs1_o_tag/sd_o + tcr_execute/hc_o,0,140,0.0,0.0
tcr_execute/hc_o + tpr_arith/sd_o,0,140,0.0,0.0
data_we_q_tag/hc_o + tpr_arith/sd_o,0,140,0.0,0.0
tcr_execute/hc_o + tpr_branch/sd_o,0,140,0.0,0.0
data_we_q_tag/hc_o + tpr_branch/sd_o,0,140,0.0,0.0
memory_set_o_tag + tcr_execute/sd_o,0,140,0.0,0.0
tcr_execute/hc_o + tpr_jump/sd_o,0,140,0.0,0.0
data_we_q_tag/hc_o + tpr_jump/sd_o,0,140,0.0,0.0
tcr_execute/hc_o + tpr_shift/sd_o,0,140,0.0,0.0
data_we_q_tag/hc_o + tpr_shift/sd_o,0,140,0.0,0.0
tcr_execute/hc_o + tpr_comparison/sd_o,0,140,0.0,0.0
data_we_q_tag/hc_o + tpr_comparison/sd_o,0,140,0.0,0.0
tcr_execute/hc_o + tpr_logical/sd_o,0,140,0.0,0.0
data_we_q_tag/hc_o + tpr_logical/sd_o,0,140,0.0,0.0
tcr_execute/hc_o + tpr_load_store_mode/sd_o,0,140,0.0,0.0
data_we_q_tag/hc_o + tpr_load_store_mode/sd_o,0,140,0.0,0.0
tcr_execute/hc_o + tpr_load_store_enable/sd_o,0,140,0.0,0.0
data_we_q_tag/hc_o + tpr_load_store_enable/sd_o,0,140,0.0,0.0
tcr_arith/sd_o + tcr_execute/hc_o,0,140,0.0,0.0
data_we_q_tag/hc_o + tcr_arith/sd_o,0,140,0.0,0.0
tcr_branch/sd_o + tcr_execute/hc_o,0,140,0.0,0.0
data_we_q_tag/hc_o + tcr_branch/sd_o,0,140,0.0,0.0
tcr_execute/hc_o + tcr_jump/sd_o,0,140,0.0,0.0
data_we_q_tag/hc_o + tcr_jump/sd_o,0,140,0.0,0.0
tcr_execute/hc_o + tcr_shift/sd_o,0,140,0.0,0.0
data_we_q_tag/hc_o + tcr_shift/sd_o,0,140,0.0,0.0
tcr_comparison/sd_o + tcr_execute/hc_o,0,140,0.0,0.0
data_we_q_tag/hc_o + tcr_comparison/sd_o,0,140,0.0,0.0
tcr_execute/hc_o + tcr_logical/sd_o,0,140,0.0,0.0
data_we_q_tag/hc_o + tcr_logical/sd_o,0,140,0.0,0.0
tcr_execute/hc_o + tcr_load_store/sd_o,0,140,0.0,0.0
data_we_q_tag/hc_o + tcr_load_store/sd_o,0,140,0.0,0.0
data_we_q_tag/sd_o + tcr_execute/hc_o,0,140,0.0,0.0
rdata_offset_q_tag/sd_o + tcr_execute/hc_o,0,140,0.0,0.0
data_type_q_tag/sd_o + tcr_execute/hc_o,0,140,0.0,0.0
rdata_q_tag/sd_o + tcr_execute/hc_o,0,140,0.0,0.0
data_we_q_tag/hc_o + tcr_execute/sd_o,0,140,0.0,0.0
pc_if_o_tag + tcr_execute/sd_o,0,140,0.0,0.0
alu_operator_o_mode + id_group0/sd_o,0,140,0.0,0.0
alu_operator_o_mode + id_group1/sd_o,0,140,0.0,0.0
alu_operator_o_mode + id_group2/sd_o,0,140,0.0,0.0
alu_operator_o_mode + id_group3/sd_o,0,140,0.0,0.0
alu_operator_o_mode + id_group4/sd_o,0,140,0.0,0.0
alu_operator_o_mode + id_group5/sd_o,0,140,0.0,0.0
alu_operator_o_mode + id_group6/sd_o,0,140,0.0,0.0
data_type_q_tag + id_group0/sd_o,0,140,0.0,0.0
data_type_q_tag + id_group1/sd_o,0,140,0.0,0.0
data_type_q_tag + id_group2/sd_o,0,140,0.0,0.0
data_type_q_tag + id_group3/sd_o,0,140,0.0,0.0
data_type_q_tag + id_group4/sd_o,0,140,0.0,0.0
data_type_q_tag + id_group5/sd_o,0,140,0.0,0.0
data_type_q_tag + id_group6/sd_o,0,140,0.0,0.0
data_type_q_tag + id_group7/sd_o,0,140,0.0,0.0
data_type_q_tag + id_group8/sd_o,0,140,0.0,0.0
data_type_q_tag + id_group9/sd_o,0,140,0.0,0.0
csr_group0/sd_o + data_type_q_tag,0,140,0.0,0.0
csr_group1/sd_o + data_type_q_tag,0,140,0.0,0.0
csr_group2/sd_o + data_type_q_tag,0,140,0.0,0.0
csr_group3/sd_o + data_type_q_tag,0,140,0.0,0.0
csr_group4/sd_o + data_type_q_tag,0,140,0.0,0.0
csr_group5/sd_o + data_type_q_tag,0,140,0.0,0.0
csr_group6/sd_o + data_type_q_tag,0,140,0.0,0.0
csr_group7/sd_o + data_type_q_tag,0,140,0.0,0.0
csr_group8/sd_o + data_type_q_tag,0,140,0.0,0.0
csr_group9/sd_o + data_type_q_tag,0,140,0.0,0.0
csr_group10/sd_o + data_type_q_tag,0,140,0.0,0.0
csr_group11/sd_o + data_type_q_tag,0,140,0.0,0.0
csr_group12/sd_o + data_type_q_tag,0,140,0.0,0.0
csr_group13/sd_o + data_type_q_tag,0,140,0.0,0.0
csr_group14/sd_o + data_type_q_tag,0,140,0.0,0.0
csr_group15/sd_o + data_type_q_tag,0,140,0.0,0.0
csr_group16/sd_o + data_type_q_tag,0,140,0.0,0.0
csr_group17/sd_o + data_type_q_tag,0,140,0.0,0.0
csr_group18/sd_o + data_type_q_tag,0,140,0.0,0.0
csr_group19/sd_o + data_type_q_tag,0,140,0.0,0.0
csr_group20/sd_o + data_type_q_tag,0,140,0.0,0.0
data_type_q_tag + lsu_group1/sd_o,0,140,0.0,0.0
data_type_q_tag + lsu_group2/sd_o,0,140,0.0,0.0
data_type_q_tag + lsu_group3/sd_o,0,140,0.0,0.0
data_type_q_tag + lsu_group4/sd_o,0,140,0.0,0.0
data_type_q_tag + lsu_group5/sd_o,0,140,0.0,0.0
alu_operator_o_mode + id_group7/sd_o,0,140,0.0,0.0
alu_operator_o_mode + id_group8/sd_o,0,140,0.0,0.0
alu_operator_o_mode + id_group9/sd_o,0,140,0.0,0.0
id_group0/sd_o + rdata_offset_q_tag,0,140,0.0,0.0
id_group1/sd_o + rdata_offset_q_tag,0,140,0.0,0.0
id_group2/sd_o + rdata_offset_q_tag,0,140,0.0,0.0
id_group3/sd_o + rdata_offset_q_tag,0,140,0.0,0.0
id_group4/sd_o + rdata_offset_q_tag,0,140,0.0,0.0
id_group5/sd_o + rdata_offset_q_tag,0,140,0.0,0.0
id_group6/sd_o + rdata_offset_q_tag,0,140,0.0,0.0
id_group7/sd_o + rdata_offset_q_tag,0,140,0.0,0.0
id_group8/sd_o + rdata_offset_q_tag,0,140,0.0,0.0
id_group9/sd_o + rdata_offset_q_tag,0,140,0.0,0.0
csr_group0/sd_o + rdata_offset_q_tag,0,140,0.0,0.0
csr_group1/sd_o + rdata_offset_q_tag,0,140,0.0,0.0
csr_group2/sd_o + rdata_offset_q_tag,0,140,0.0,0.0
csr_group3/sd_o + rdata_offset_q_tag,0,140,0.0,0.0
csr_group4/sd_o + rdata_offset_q_tag,0,140,0.0,0.0
csr_group5/sd_o + rdata_offset_q_tag,0,140,0.0,0.0
csr_group6/sd_o + rdata_offset_q_tag,0,140,0.0,0.0
csr_group7/sd_o + rdata_offset_q_tag,0,140,0.0,0.0
csr_group8/sd_o + rdata_offset_q_tag,0,140,0.0,0.0
csr_group9/sd_o + rdata_offset_q_tag,0,140,0.0,0.0
csr_group10/sd_o + rdata_offset_q_tag,0,140,0.0,0.0
csr_group11/sd_o + rdata_offset_q_tag,0,140,0.0,0.0
csr_group12/sd_o + rdata_offset_q_tag,0,140,0.0,0.0
csr_group13/sd_o + rdata_offset_q_tag,0,140,0.0,0.0
csr_group14/sd_o + rdata_offset_q_tag,0,140,0.0,0.0
csr_group15/sd_o + rdata_offset_q_tag,0,140,0.0,0.0
csr_group16/sd_o + rdata_offset_q_tag,0,140,0.0,0.0
csr_group17/sd_o + rdata_offset_q_tag,0,140,0.0,0.0
csr_group18/sd_o + rdata_offset_q_tag,0,140,0.0,0.0
csr_group19/sd_o + rdata_offset_q_tag,0,140,0.0,0.0
csr_group20/sd_o + rdata_offset_q_tag,0,140,0.0,0.0
lsu_group1/sd_o + rdata_offset_q_tag,0,140,0.0,0.0
lsu_group2/sd_o + rdata_offset_q_tag,0,140,0.0,0.0
lsu_group3/sd_o + rdata_offset_q_tag,0,140,0.0,0.0
lsu_group4/sd_o + rdata_offset_q_tag,0,140,0.0,0.0
lsu_group5/sd_o + rdata_offset_q_tag,0,140,0.0,0.0
alu_operator_o_mode + csr_group0/sd_o,0,140,0.0,0.0
alu_operator_o_mode + csr_group1/sd_o,0,140,0.0,0.0
alu_operator_o_mode + csr_group2/sd_o,0,140,0.0,0.0
alu_operator_o_mode + csr_group3/sd_o,0,140,0.0,0.0
alu_operator_o_mode + csr_group4/sd_o,0,140,0.0,0.0
alu_operator_o_mode + csr_group5/sd_o,0,140,0.0,0.0
alu_operator_o_mode + csr_group6/sd_o,0,140,0.0,0.0
alu_operator_o_mode + csr_group7/sd_o,0,140,0.0,0.0
alu_operator_o_mode + csr_group8/sd_o,0,140,0.0,0.0
alu_operator_o_mode + csr_group9/sd_o,0,140,0.0,0.0
alu_operator_o_mode + csr_group10/sd_o,0,140,0.0,0.0
alu_operator_o_mode + csr_group11/sd_o,0,140,0.0,0.0
alu_operator_o_mode + csr_group12/sd_o,0,140,0.0,0.0
alu_operator_o_mode + csr_group13/sd_o,0,140,0.0,0.0
alu_operator_o_mode + csr_group14/sd_o,0,140,0.0,0.0
alu_operator_o_mode + csr_group15/sd_o,0,140,0.0,0.0
alu_operator_o_mode + csr_group16/sd_o,0,140,0.0,0.0
alu_operator_o_mode + csr_group17/sd_o,0,140,0.0,0.0
alu_operator_o_mode + csr_group18/sd_o,0,140,0.0,0.0
alu_operator_o_mode + csr_group19/sd_o,0,140,0.0,0.0
alu_operator_o_mode + csr_group20/sd_o,0,140,0.0,0.0
alu_operator_o_mode + lsu_group1/sd_o,0,140,0.0,0.0
alu_operator_o_mode + lsu_group2/sd_o,0,140,0.0,0.0
alu_operator_o_mode + lsu_group3/sd_o,0,140,0.0,0.0
alu_operator_o_mode + lsu_group4/sd_o,0,140,0.0,0.0
id_group9/hc_o + if_stage/sd_o,0,140,0.0,0.0
csr_group14/hc_o + if_stage/sd_o,0,140,0.0,0.0
csr_group18/hc_o + if_stage/sd_o,0,140,0.0,0.0
csr_group19/hc_o + if_stage/sd_o,0,140,0.0,0.0
csr_group20/hc_o + if_stage/sd_o,0,140,0.0,0.0
if_stage/sd_o + tcr_execute/hc_o,0,140,0.0,0.0
alu_operator_o_mode + lsu_group5/sd_o,0,140,0.0,0.0
id_group0/sd_o + id_group9/hc_o,0,140,0.0,0.0
csr_group14/hc_o + id_group0/sd_o,0,140,0.0,0.0
csr_group18/hc_o + id_group0/sd_o,0,140,0.0,0.0
csr_group19/hc_o + id_group0/sd_o,0,140,0.0,0.0
csr_group20/hc_o + id_group0/sd_o,0,140,0.0,0.0
id_group0/sd_o + tcr_execute/hc_o,0,140,0.0,0.0
id_group1/sd_o + id_group9/hc_o,0,140,0.0,0.0
csr_group14/hc_o + id_group1/sd_o,0,140,0.0,0.0
csr_group18/hc_o + id_group1/sd_o,0,140,0.0,0.0
csr_group19/hc_o + id_group1/sd_o,0,140,0.0,0.0
csr_group20/hc_o + id_group1/sd_o,0,140,0.0,0.0
id_group1/sd_o + tcr_execute/hc_o,0,140,0.0,0.0
id_group2/sd_o + id_group9/hc_o,0,140,0.0,0.0
csr_group14/hc_o + id_group2/sd_o,0,140,0.0,0.0
csr_group18/hc_o + id_group2/sd_o,0,140,0.0,0.0
csr_group19/hc_o + id_group2/sd_o,0,140,0.0,0.0
csr_group20/hc_o + id_group2/sd_o,0,140,0.0,0.0
id_group2/sd_o + tcr_execute/hc_o,0,140,0.0,0.0
id_group3/sd_o + id_group9/hc_o,0,140,0.0,0.0
csr_group14/hc_o + id_group3/sd_o,0,140,0.0,0.0
csr_group18/hc_o + id_group3/sd_o,0,140,0.0,0.0
csr_group19/hc_o + id_group3/sd_o,0,140,0.0,0.0
csr_group20/hc_o + id_group3/sd_o,0,140,0.0,0.0
id_group3/sd_o + tcr_execute/hc_o,0,140,0.0,0.0
id_group4/sd_o + id_group9/hc_o,0,140,0.0,0.0
csr_group14/hc_o + id_group4/sd_o,0,140,0.0,0.0
csr_group18/hc_o + id_group4/sd_o,0,140,0.0,0.0
csr_group19/hc_o + id_group4/sd_o,0,140,0.0,0.0
csr_group20/hc_o + id_group4/sd_o,0,140,0.0,0.0
id_group4/sd_o + tcr_execute/hc_o,0,140,0.0,0.0
id_group5/sd_o + id_group9/hc_o,0,140,0.0,0.0
csr_group14/hc_o + id_group5/sd_o,0,140,0.0,0.0
csr_group18/hc_o + id_group5/sd_o,0,140,0.0,0.0
csr_group19/hc_o + id_group5/sd_o,0,140,0.0,0.0
csr_group20/hc_o + id_group5/sd_o,0,140,0.0,0.0
id_group5/sd_o + tcr_execute/hc_o,0,140,0.0,0.0
id_group6/sd_o + id_group9/hc_o,0,140,0.0,0.0
csr_group14/hc_o + id_group6/sd_o,0,140,0.0,0.0
csr_group18/hc_o + id_group6/sd_o,0,140,0.0,0.0
csr_group19/hc_o + id_group6/sd_o,0,140,0.0,0.0
csr_group20/hc_o + id_group6/sd_o,0,140,0.0,0.0
id_group6/sd_o + tcr_execute/hc_o,0,140,0.0,0.0
id_group7/sd_o + id_group9/hc_o,0,140,0.0,0.0
csr_group14/hc_o + id_group7/sd_o,0,140,0.0,0.0
csr_group18/hc_o + id_group7/sd_o,0,140,0.0,0.0
csr_group19/hc_o + id_group7/sd_o,0,140,0.0,0.0
csr_group20/hc_o + id_group7/sd_o,0,140,0.0,0.0
id_group7/sd_o + tcr_execute/hc_o,0,140,0.0,0.0
id_group8/sd_o + id_group9/hc_o,0,140,0.0,0.0
csr_group14/hc_o + id_group8/sd_o,0,140,0.0,0.0
csr_group18/hc_o + id_group8/sd_o,0,140,0.0,0.0
csr_group19/hc_o + id_group8/sd_o,0,140,0.0,0.0
csr_group20/hc_o + id_group8/sd_o,0,140,0.0,0.0
id_group8/sd_o + tcr_execute/hc_o,0,140,0.0,0.0
id_group9/hc_o + sd_o_rf_tag,0,140,0.0,0.0
csr_group0/sd_o + id_group9/hc_o,0,140,0.0,0.0
csr_group1/sd_o + id_group9/hc_o,0,140,0.0,0.0
csr_group2/sd_o + id_group9/hc_o,0,140,0.0,0.0
csr_group3/sd_o + id_group9/hc_o,0,140,0.0,0.0
csr_group4/sd_o + id_group9/hc_o,0,140,0.0,0.0
csr_group5/sd_o + id_group9/hc_o,0,140,0.0,0.0
csr_group6/sd_o + id_group9/hc_o,0,140,0.0,0.0
csr_group7/sd_o + id_group9/hc_o,0,140,0.0,0.0
csr_group8/sd_o + id_group9/hc_o,0,140,0.0,0.0
csr_group9/sd_o + id_group9/hc_o,0,140,0.0,0.0
csr_group10/sd_o + id_group9/hc_o,0,140,0.0,0.0
csr_group11/sd_o + id_group9/hc_o,0,140,0.0,0.0
csr_group12/sd_o + id_group9/hc_o,0,140,0.0,0.0
csr_group13/sd_o + id_group9/hc_o,0,140,0.0,0.0
csr_group14/sd_o + id_group9/hc_o,0,140,0.0,0.0
csr_group15/sd_o + id_group9/hc_o,0,140,0.0,0.0
csr_group16/sd_o + id_group9/hc_o,0,140,0.0,0.0
csr_group17/sd_o + id_group9/hc_o,0,140,0.0,0.0
csr_group18/sd_o + id_group9/hc_o,0,140,0.0,0.0
csr_group19/sd_o + id_group9/hc_o,0,140,0.0,0.0
csr_group20/sd_o + id_group9/hc_o,0,140,0.0,0.0
id_group9/hc_o + tcr_execute/sd_o,0,140,0.0,0.0
id_group9/hc_o + lsu_group1/sd_o,0,140,0.0,0.0
id_group9/hc_o + lsu_group2/sd_o,0,140,0.0,0.0
id_group9/hc_o + lsu_group3/sd_o,0,140,0.0,0.0
id_group9/hc_o + lsu_group4/sd_o,0,140,0.0,0.0
id_group9/hc_o + lsu_group5/sd_o,0,140,0.0,0.0
csr_group14/hc_o + id_group9/sd_o,0,140,0.0,0.0
csr_group18/hc_o + id_group9/sd_o,0,140,0.0,0.0
csr_group19/hc_o + id_group9/sd_o,0,140,0.0,0.0
csr_group20/hc_o + id_group9/sd_o,0,140,0.0,0.0
id_group9/sd_o + tcr_execute/hc_o,0,140,0.0,0.0
csr_group14/hc_o + sd_o_rf_tag,0,140,0.0,0.0
csr_group18/hc_o + sd_o_rf_tag,0,140,0.0,0.0
csr_group19/hc_o + sd_o_rf_tag,0,140,0.0,0.0
csr_group20/hc_o + sd_o_rf_tag,0,140,0.0,0.0
csr_group0/sd_o + csr_group14/hc_o,0,140,0.0,0.0
csr_group0/sd_o + csr_group18/hc_o,0,140,0.0,0.0
csr_group0/sd_o + csr_group19/hc_o,0,140,0.0,0.0
csr_group0/sd_o + csr_group20/hc_o,0,140,0.0,0.0
csr_group0/sd_o + tcr_execute/hc_o,0,140,0.0,0.0
csr_group1/sd_o + csr_group14/hc_o,0,140,0.0,0.0
csr_group1/sd_o + csr_group18/hc_o,0,140,0.0,0.0
csr_group1/sd_o + csr_group19/hc_o,0,140,0.0,0.0
csr_group1/sd_o + csr_group20/hc_o,0,140,0.0,0.0
csr_group1/sd_o + tcr_execute/hc_o,0,140,0.0,0.0
csr_group14/hc_o + csr_group2/sd_o,0,140,0.0,0.0
csr_group18/hc_o + csr_group2/sd_o,0,140,0.0,0.0
csr_group19/hc_o + csr_group2/sd_o,0,140,0.0,0.0
csr_group2/sd_o + csr_group20/hc_o,0,140,0.0,0.0
csr_group2/sd_o + tcr_execute/hc_o,0,140,0.0,0.0
csr_group14/hc_o + csr_group3/sd_o,0,140,0.0,0.0
csr_group18/hc_o + csr_group3/sd_o,0,140,0.0,0.0
csr_group19/hc_o + csr_group3/sd_o,0,140,0.0,0.0
csr_group20/hc_o + csr_group3/sd_o,0,140,0.0,0.0
csr_group3/sd_o + tcr_execute/hc_o,0,140,0.0,0.0
csr_group14/hc_o + csr_group4/sd_o,0,140,0.0,0.0
csr_group18/hc_o + csr_group4/sd_o,0,140,0.0,0.0
csr_group19/hc_o + csr_group4/sd_o,0,140,0.0,0.0
csr_group20/hc_o + csr_group4/sd_o,0,140,0.0,0.0
csr_group4/sd_o + tcr_execute/hc_o,0,140,0.0,0.0
csr_group14/hc_o + csr_group5/sd_o,0,140,0.0,0.0
csr_group18/hc_o + csr_group5/sd_o,0,140,0.0,0.0
csr_group19/hc_o + csr_group5/sd_o,0,140,0.0,0.0
csr_group20/hc_o + csr_group5/sd_o,0,140,0.0,0.0
csr_group5/sd_o + tcr_execute/hc_o,0,140,0.0,0.0
csr_group14/hc_o + csr_group6/sd_o,0,140,0.0,0.0
csr_group18/hc_o + csr_group6/sd_o,0,140,0.0,0.0
csr_group19/hc_o + csr_group6/sd_o,0,140,0.0,0.0
csr_group20/hc_o + csr_group6/sd_o,0,140,0.0,0.0
csr_group6/sd_o + tcr_execute/hc_o,0,140,0.0,0.0
csr_group14/hc_o + csr_group7/sd_o,0,140,0.0,0.0
csr_group18/hc_o + csr_group7/sd_o,0,140,0.0,0.0
csr_group19/hc_o + csr_group7/sd_o,0,140,0.0,0.0
csr_group20/hc_o + csr_group7/sd_o,0,140,0.0,0.0
csr_group7/sd_o + tcr_execute/hc_o,0,140,0.0,0.0
csr_group14/hc_o + csr_group8/sd_o,0,140,0.0,0.0
csr_group18/hc_o + csr_group8/sd_o,0,140,0.0,0.0
csr_group19/hc_o + csr_group8/sd_o,0,140,0.0,0.0
csr_group20/hc_o + csr_group8/sd_o,0,140,0.0,0.0
csr_group8/sd_o + tcr_execute/hc_o,0,140,0.0,0.0
csr_group14/hc_o + csr_group9/sd_o,0,140,0.0,0.0
csr_group18/hc_o + csr_group9/sd_o,0,140,0.0,0.0
csr_group19/hc_o + csr_group9/sd_o,0,140,0.0,0.0
csr_group20/hc_o + csr_group9/sd_o,0,140,0.0,0.0
csr_group9/sd_o + tcr_execute/hc_o,0,140,0.0,0.0
csr_group10/sd_o + csr_group14/hc_o,0,140,0.0,0.0
csr_group10/sd_o + csr_group18/hc_o,0,140,0.0,0.0
csr_group10/sd_o + csr_group19/hc_o,0,140,0.0,0.0
csr_group10/sd_o + csr_group20/hc_o,0,140,0.0,0.0
csr_group10/sd_o + tcr_execute/hc_o,0,140,0.0,0.0
csr_group11/sd_o + csr_group14/hc_o,0,140,0.0,0.0
csr_group11/sd_o + csr_group18/hc_o,0,140,0.0,0.0
csr_group11/sd_o + csr_group19/hc_o,0,140,0.0,0.0
csr_group11/sd_o + csr_group20/hc_o,0,140,0.0,0.0
csr_group11/sd_o + tcr_execute/hc_o,0,140,0.0,0.0
csr_group12/sd_o + csr_group14/hc_o,0,140,0.0,0.0
csr_group12/sd_o + csr_group18/hc_o,0,140,0.0,0.0
csr_group12/sd_o + csr_group19/hc_o,0,140,0.0,0.0
csr_group12/sd_o + csr_group20/hc_o,0,140,0.0,0.0
csr_group12/sd_o + tcr_execute/hc_o,0,140,0.0,0.0
csr_group13/sd_o + csr_group14/hc_o,0,140,0.0,0.0
csr_group13/sd_o + csr_group18/hc_o,0,140,0.0,0.0
csr_group13/sd_o + csr_group19/hc_o,0,140,0.0,0.0
csr_group13/sd_o + csr_group20/hc_o,0,140,0.0,0.0
csr_group13/sd_o + tcr_execute/hc_o,0,140,0.0,0.0
csr_group14/hc_o + csr_group14/sd_o,0,140,0.0,0.0
csr_group14/hc_o + csr_group15/sd_o,0,140,0.0,0.0
csr_group14/hc_o + csr_group16/sd_o,0,140,0.0,0.0
csr_group14/hc_o + csr_group17/sd_o,0,140,0.0,0.0
csr_group14/hc_o + csr_group18/sd_o,0,140,0.0,0.0
csr_group14/hc_o + csr_group19/sd_o,0,140,0.0,0.0
csr_group14/hc_o + csr_group20/sd_o,0,140,0.0,0.0
csr_group14/hc_o + tcr_execute/sd_o,0,140,0.0,0.0
csr_group14/hc_o + lsu_group1/sd_o,0,140,0.0,0.0
csr_group14/hc_o + lsu_group2/sd_o,0,140,0.0,0.0
csr_group14/hc_o + lsu_group3/sd_o,0,140,0.0,0.0
csr_group14/hc_o + lsu_group4/sd_o,0,140,0.0,0.0
csr_group14/hc_o + lsu_group5/sd_o,0,140,0.0,0.0
csr_group14/sd_o + csr_group18/hc_o,0,140,0.0,0.0
csr_group14/sd_o + csr_group19/hc_o,0,140,0.0,0.0
csr_group14/sd_o + csr_group20/hc_o,0,140,0.0,0.0
csr_group14/sd_o + tcr_execute/hc_o,0,140,0.0,0.0
csr_group15/sd_o + csr_group18/hc_o,0,140,0.0,0.0
csr_group15/sd_o + csr_group19/hc_o,0,140,0.0,0.0
csr_group15/sd_o + csr_group20/hc_o,0,140,0.0,0.0
csr_group15/sd_o + tcr_execute/hc_o,0,140,0.0,0.0
csr_group16/sd_o + csr_group18/hc_o,0,140,0.0,0.0
csr_group16/sd_o + csr_group19/hc_o,0,140,0.0,0.0
csr_group16/sd_o + csr_group20/hc_o,0,140,0.0,0.0
csr_group16/sd_o + tcr_execute/hc_o,0,140,0.0,0.0
csr_group17/sd_o + csr_group18/hc_o,0,140,0.0,0.0
csr_group17/sd_o + csr_group19/hc_o,0,140,0.0,0.0
csr_group17/sd_o + csr_group20/hc_o,0,140,0.0,0.0
csr_group17/sd_o + tcr_execute/hc_o,0,140,0.0,0.0
csr_group18/hc_o + csr_group18/sd_o,0,140,0.0,0.0
csr_group18/hc_o + csr_group19/sd_o,0,140,0.0,0.0
csr_group18/hc_o + csr_group20/sd_o,0,140,0.0,0.0
csr_group18/hc_o + tcr_execute/sd_o,0,140,0.0,0.0
csr_group18/hc_o + lsu_group1/sd_o,0,140,0.0,0.0
csr_group18/hc_o + lsu_group2/sd_o,0,140,0.0,0.0
csr_group18/hc_o + lsu_group3/sd_o,0,140,0.0,0.0
csr_group18/hc_o + lsu_group4/sd_o,0,140,0.0,0.0
csr_group18/hc_o + lsu_group5/sd_o,0,140,0.0,0.0
csr_group18/sd_o + csr_group19/hc_o,0,140,0.0,0.0
csr_group18/sd_o + csr_group20/hc_o,0,140,0.0,0.0
csr_group18/sd_o + tcr_execute/hc_o,0,140,0.0,0.0
csr_group19/hc_o + csr_group19/sd_o,0,140,0.0,0.0
csr_group19/hc_o + csr_group20/sd_o,0,140,0.0,0.0
csr_group19/hc_o + tcr_execute/sd_o,0,140,0.0,0.0
csr_group19/hc_o + lsu_group1/sd_o,0,140,0.0,0.0
csr_group19/hc_o + lsu_group2/sd_o,0,140,0.0,0.0
csr_group19/hc_o + lsu_group3/sd_o,0,140,0.0,0.0
csr_group19/hc_o + lsu_group4/sd_o,0,140,0.0,0.0
csr_group19/hc_o + lsu_group5/sd_o,0,140,0.0,0.0
csr_group19/sd_o + csr_group20/hc_o,0,140,0.0,0.0
csr_group19/sd_o + tcr_execute/hc_o,0,140,0.0,0.0
csr_group20/hc_o + tcr_execute/sd_o,0,140,0.0,0.0
csr_group20/hc_o + lsu_group1/sd_o,0,140,0.0,0.0
csr_group20/hc_o + lsu_group2/sd_o,0,140,0.0,0.0
csr_group20/hc_o + lsu_group3/sd_o,0,140,0.0,0.0
csr_group20/hc_o + lsu_group4/sd_o,0,140,0.0,0.0
csr_group20/hc_o + lsu_group5/sd_o,0,140,0.0,0.0
csr_group20/sd_o + tcr_execute/hc_o,0,140,0.0,0.0
lsu_group1/sd_o + tcr_execute/hc_o,0,140,0.0,0.0
lsu_group2/sd_o + tcr_execute/hc_o,0,140,0.0,0.0
lsu_group3/sd_o + tcr_execute/hc_o,0,140,0.0,0.0
lsu_group4/sd_o + tcr_execute/hc_o,0,140,0.0,0.0
lsu_group5/sd_o + tcr_execute/hc_o,0,140,0.0,0.0
pc_id_o_tag + sp_o_32,0,140,0.0,0.0
is_store_post_o_tag + sp_o_32,0,140,0.0,0.0
memory_set_o_tag + sp_o_32,0,140,0.0,0.0
pc_if_o_tag + sp_o_32,0,140,0.0,0.0
register_set_o_tag + sp_o_32,0,140,0.0,0.0
sp_o_32 + store_dest_addr_ex_o_tag,0,140,0.0,0.0
sp_o_32 + store_source_ex_o_tag,0,140,0.0,0.0
sp_o_32 + use_store_ops_ex_o,0,140,0.0,0.0
rf_reg[0] + sp_o_32,0,140,0.0,0.0
rf_reg[1] + sp_o_32,0,140,0.0,0.0
rf_reg[2] + sp_o_32,0,140,0.0,0.0
rf_reg[3] + sp_o_32,0,140,0.0,0.0
rf_reg[4] + sp_o_32,0,140,0.0,0.0
rf_reg[5] + sp_o_32,0,140,0.0,0.0
rf_reg[6] + sp_o_32,0,140,0.0,0.0
rf_reg[7] + sp_o_32,0,140,0.0,0.0
rf_reg[8] + sp_o_32,0,140,0.0,0.0
rf_reg[9] + sp_o_32,0,140,0.0,0.0
rf_reg[10] + sp_o_32,0,140,0.0,0.0
rf_reg[11] + sp_o_32,0,140,0.0,0.0
rf_reg[12] + sp_o_32,0,140,0.0,0.0
rf_reg[13] + sp_o_32,0,140,0.0,0.0
alu_operand_a_ex_o_tag + sp_o_32,0,140,0.0,0.0
rf_reg[14] + sp_o_32,0,140,0.0,0.0
rf_reg[15] + sp_o_32,0,140,0.0,0.0
rf_reg[16] + sp_o_32,0,140,0.0,0.0
rf_reg[17] + sp_o_32,0,140,0.0,0.0
rf_reg[18] + sp_o_32,0,140,0.0,0.0
rf_reg[19] + sp_o_32,0,140,0.0,0.0
rf_reg[20] + sp_o_32,0,140,0.0,0.0
rf_reg[21] + sp_o_32,0,140,0.0,0.0
rf_reg[22] + sp_o_32,0,140,0.0,0.0
rf_reg[23] + sp_o_32,0,140,0.0,0.0
rf_reg[24] + sp_o_32,0,140,0.0,0.0
rf_reg[25] + sp_o_32,0,140,0.0,0.0
rf_reg[26] + sp_o_32,0,140,0.0,0.0
rf_reg[27] + sp_o_32,0,140,0.0,0.0
rf_reg[28] + sp_o_32,0,140,0.0,0.0
rf_reg[29] + sp_o_32,0,140,0.0,0.0
rf_reg[30] + sp_o_32,0,140,0.0,0.0
rf_reg[31] + sp_o_32,0,140,0.0,0.0
rs1_o_tag + sp_o_32,0,140,0.0,0.0
data_type_q_tag + sp_o_5,0,140,0.0,0.0
data_type_q_tag + sp_o_26,0,140,0.0,0.0
data_type_q_tag + sp_o_rf_tag,0,140,0.0,0.0
data_we_q_tag + sp_o_32,0,140,0.0,0.0
rdata_offset_q_tag + sp_o_5,0,140,0.0,0.0
rdata_offset_q_tag + sp_o_26,0,140,0.0,0.0
rdata_offset_q_tag + sp_o_rf_tag,0,140,0.0,0.0
sp_o_32 + sp_o_5,0,140,0.0,0.0
sp_o_26 + sp_o_32,0,140,0.0,0.0
sp_o_32 + sp_o_rf_tag,0,140,0.0,0.0
alu_operand_b_ex_o_tag + sp_o_32,0,140,0.0,0.0
alu_operand_c_ex_o_tag + sp_o_32,0,140,0.0,0.0
check_d_o_tag + sp_o_32,0,140,0.0,0.0
check_s1_o_tag + sp_o_32,0,140,0.0,0.0
check_s2_o_tag + sp_o_32,0,140,0.0,0.0
alu_operand_b_ex_o_tag + sd_o_26,0,70,0.0,0.0
rf_reg[13] + sd_o_26,0,70,0.0,0.0
rf_reg[14] + sd_o_26,0,70,0.0,0.0
rf_reg[15] + sd_o_26,0,70,0.0,0.0
rf_reg[16] + sd_o_26,0,70,0.0,0.0
rf_reg[17] + sd_o_26,0,70,0.0,0.0
rf_reg[18] + sd_o_26,0,70,0.0,0.0
rf_reg[19] + sd_o_26,0,70,0.0,0.0
rf_reg[20] + sd_o_26,0,70,0.0,0.0
rf_reg[21] + sd_o_26,0,70,0.0,0.0
rf_reg[22] + sd_o_26,0,70,0.0,0.0
rf_reg[23] + sd_o_26,0,70,0.0,0.0
alu_operand_c_ex_o_tag + sd_o_26,0,70,0.0,0.0
rf_reg[24] + sd_o_26,0,70,0.0,0.0
rf_reg[25] + sd_o_26,0,70,0.0,0.0
rf_reg[26] + sd_o_26,0,70,0.0,0.0
rf_reg[27] + sd_o_26,0,70,0.0,0.0
rf_reg[28] + sd_o_26,0,70,0.0,0.0
rf_reg[29] + sd_o_26,0,70,0.0,0.0
rf_reg[30] + sd_o_26,0,70,0.0,0.0
rf_reg[31] + sd_o_26,0,70,0.0,0.0
rs1_o_tag + sd_o_26,0,70,0.0,0.0
data_we_q_tag + sd_o_26,0,70,0.0,0.0
sd_o_26 + sd_o_5,0,70,0.0,0.0
sd_o_26 + sd_o_rf_tag,0,70,0.0,0.0
sd_o_26 + tpr/sd_o_32,0,70,0.0,0.0
sd_o_26 + tcr/sd_o_32,0,70,0.0,0.0
pc_id_o_tag + sd_o_26,0,70,0.0,0.0
check_d_o_tag + sd_o_26,0,70,0.0,0.0
check_s1_o_tag + sd_o_26,0,70,0.0,0.0
check_s2_o_tag + sd_o_26,0,70,0.0,0.0
is_store_post_o_tag + sd_o_26,0,70,0.0,0.0
memory_set_o_tag + sd_o_26,0,70,0.0,0.0
pc_if_o_tag + sd_o_26,0,70,0.0,0.0
register_set_o_tag + sd_o_26,0,70,0.0,0.0
sd_o_26 + store_dest_addr_ex_o_tag,0,70,0.0,0.0
alu_operand_a_ex_o_tag + sd_o_26,0,70,0.0,0.0
sd_o_26 + store_source_ex_o_tag,0,70,0.0,0.0
sd_o_26 + use_store_ops_ex_o,0,70,0.0,0.0
rf_reg[0] + sd_o_26,0,70,0.0,0.0
rf_reg[1] + sd_o_26,0,70,0.0,0.0
rf_reg[2] + sd_o_26,0,70,0.0,0.0
rf_reg[3] + sd_o_26,0,70,0.0,0.0
rf_reg[4] + sd_o_26,0,70,0.0,0.0
rf_reg[5] + sd_o_26,0,70,0.0,0.0
rf_reg[6] + sd_o_26,0,70,0.0,0.0
rf_reg[7] + sd_o_26,0,70,0.0,0.0
rf_reg[8] + sd_o_26,0,70,0.0,0.0
rf_reg[9] + sd_o_26,0,70,0.0,0.0
rf_reg[10] + sd_o_26,0,70,0.0,0.0
rf_reg[11] + sd_o_26,0,70,0.0,0.0
rf_reg[12] + sd_o_26,0,70,0.0,0.0
alu_operand_b_ex_o_tag + id_stage/sd_o,0,70,0.0,0.0
id_stage/sd_o + rf_reg[9],0,70,0.0,0.0
ex_stage/sd_o + rf_reg[9],0,70,0.0,0.0
lsu/sd_o + rf_reg[9],0,70,0.0,0.0
id_stage/sd_o + rf_reg[10],0,70,0.0,0.0
ex_stage/sd_o + rf_reg[10],0,70,0.0,0.0
lsu/sd_o + rf_reg[10],0,70,0.0,0.0
id_stage/sd_o + rf_reg[11],0,70,0.0,0.0
ex_stage/sd_o + rf_reg[11],0,70,0.0,0.0
lsu/sd_o + rf_reg[11],0,70,0.0,0.0
id_stage/sd_o + rf_reg[12],0,70,0.0,0.0
ex_stage/sd_o + rf_reg[12],0,70,0.0,0.0
lsu/sd_o + rf_reg[12],0,70,0.0,0.0
id_stage/sd_o + rf_reg[13],0,70,0.0,0.0
ex_stage/sd_o + rf_reg[13],0,70,0.0,0.0
alu_operand_b_ex_o_tag + ex_stage/sd_o,0,70,0.0,0.0
alu_operand_b_ex_o_tag + lsu/sd_o,0,70,0.0,0.0
lsu/sd_o + rf_reg[13],0,70,0.0,0.0
id_stage/sd_o + rf_reg[14],0,70,0.0,0.0
ex_stage/sd_o + rf_reg[14],0,70,0.0,0.0
lsu/sd_o + rf_reg[14],0,70,0.0,0.0
id_stage/sd_o + rf_reg[15],0,70,0.0,0.0
ex_stage/sd_o + rf_reg[15],0,70,0.0,0.0
lsu/sd_o + rf_reg[15],0,70,0.0,0.0
id_stage/sd_o + rf_reg[16],0,70,0.0,0.0
ex_stage/sd_o + rf_reg[16],0,70,0.0,0.0
lsu/sd_o + rf_reg[16],0,70,0.0,0.0
id_stage/sd_o + rf_reg[17],0,70,0.0,0.0
ex_stage/sd_o + rf_reg[17],0,70,0.0,0.0
lsu/sd_o + rf_reg[17],0,70,0.0,0.0
id_stage/sd_o + rf_reg[18],0,70,0.0,0.0
ex_stage/sd_o + rf_reg[18],0,70,0.0,0.0
lsu/sd_o + rf_reg[18],0,70,0.0,0.0
id_stage/sd_o + rf_reg[19],0,70,0.0,0.0
ex_stage/sd_o + rf_reg[19],0,70,0.0,0.0
lsu/sd_o + rf_reg[19],0,70,0.0,0.0
id_stage/sd_o + rf_reg[20],0,70,0.0,0.0
ex_stage/sd_o + rf_reg[20],0,70,0.0,0.0
lsu/sd_o + rf_reg[20],0,70,0.0,0.0
id_stage/sd_o + rf_reg[21],0,70,0.0,0.0
ex_stage/sd_o + rf_reg[21],0,70,0.0,0.0
lsu/sd_o + rf_reg[21],0,70,0.0,0.0
id_stage/sd_o + rf_reg[22],0,70,0.0,0.0
ex_stage/sd_o + rf_reg[22],0,70,0.0,0.0
lsu/sd_o + rf_reg[22],0,70,0.0,0.0
id_stage/sd_o + rf_reg[23],0,70,0.0,0.0
ex_stage/sd_o + rf_reg[23],0,70,0.0,0.0
lsu/sd_o + rf_reg[23],0,70,0.0,0.0
alu_operand_c_ex_o_tag + id_stage/sd_o,0,70,0.0,0.0
alu_operand_c_ex_o_tag + ex_stage/sd_o,0,70,0.0,0.0
id_stage/sd_o + rf_reg[24],0,70,0.0,0.0
ex_stage/sd_o + rf_reg[24],0,70,0.0,0.0
lsu/sd_o + rf_reg[24],0,70,0.0,0.0
id_stage/sd_o + rf_reg[25],0,70,0.0,0.0
ex_stage/sd_o + rf_reg[25],0,70,0.0,0.0
lsu/sd_o + rf_reg[25],0,70,0.0,0.0
id_stage/sd_o + rf_reg[26],0,70,0.0,0.0
ex_stage/sd_o + rf_reg[26],0,70,0.0,0.0
lsu/sd_o + rf_reg[26],0,70,0.0,0.0
id_stage/sd_o + rf_reg[27],0,70,0.0,0.0
ex_stage/sd_o + rf_reg[27],0,70,0.0,0.0
lsu/sd_o + rf_reg[27],0,70,0.0,0.0
id_stage/sd_o + rf_reg[28],0,70,0.0,0.0
ex_stage/sd_o + rf_reg[28],0,70,0.0,0.0
lsu/sd_o + rf_reg[28],0,70,0.0,0.0
id_stage/sd_o + rf_reg[29],0,70,0.0,0.0
alu_operand_c_ex_o_tag + lsu/sd_o,0,70,0.0,0.0
ex_stage/sd_o + rf_reg[29],0,70,0.0,0.0
lsu/sd_o + rf_reg[29],0,70,0.0,0.0
id_stage/sd_o + rf_reg[30],0,70,0.0,0.0
ex_stage/sd_o + rf_reg[30],0,70,0.0,0.0
lsu/sd_o + rf_reg[30],0,70,0.0,0.0
id_stage/sd_o + rf_reg[31],0,70,0.0,0.0
ex_stage/sd_o + rf_reg[31],0,70,0.0,0.0
lsu/sd_o + rf_reg[31],0,70,0.0,0.0
id_stage/sd_o + rs1_o_tag,0,70,0.0,0.0
ex_stage/sd_o + rs1_o_tag,0,70,0.0,0.0
lsu/sd_o + rs1_o_tag,0,70,0.0,0.0
data_we_q_tag + id_stage/sd_o,0,70,0.0,0.0
data_we_q_tag + ex_stage/sd_o,0,70,0.0,0.0
data_we_q_tag + lsu/sd_o,0,70,0.0,0.0
id_stage/sd_o + if_stage/sd_o,0,70,0.0,0.0
ex_stage/sd_o + if_stage/sd_o,0,70,0.0,0.0
if_stage/sd_o + tpr/sd_o_32,0,70,0.0,0.0
if_stage/sd_o + tcr/sd_o_32,0,70,0.0,0.0
if_stage/sd_o + lsu/sd_o,0,70,0.0,0.0
id_stage/sd_o + sd_o_rf_tag,0,70,0.0,0.0
ex_stage/sd_o + id_stage/sd_o,0,70,0.0,0.0
id_stage/sd_o + tpr/sd_o_32,0,70,0.0,0.0
id_stage/sd_o + tcr/sd_o_32,0,70,0.0,0.0
id_stage/sd_o + lsu/sd_o,0,70,0.0,0.0
id_stage/sd_o + pc_id_o_tag,0,70,0.0,0.0
check_d_o_tag + id_stage/sd_o,0,70,0.0,0.0
check_d_o_tag + ex_stage/sd_o,0,70,0.0,0.0
ex_stage/sd_o + sd_o_rf_tag,0,70,0.0,0.0
check_d_o_tag + lsu/sd_o,0,70,0.0,0.0
lsu/sd_o + sd_o_rf_tag,0,70,0.0,0.0
ex_stage/sd_o + tpr/sd_o_32,0,70,0.0,0.0
ex_stage/sd_o + tcr/sd_o_32,0,70,0.0,0.0
ex_stage/sd_o + lsu/sd_o,0,70,0.0,0.0
lsu/sd_o + tpr/sd_o_32,0,70,0.0,0.0
lsu/sd_o + tcr/sd_o_32,0,70,0.0,0.0
check_s1_o_tag + id_stage/sd_o,0,70,0.0,0.0
check_s1_o_tag + ex_stage/sd_o,0,70,0.0,0.0
check_s1_o_tag + lsu/sd_o,0,70,0.0,0.0
check_s2_o_tag + id_stage/sd_o,0,70,0.0,0.0
check_s2_o_tag + ex_stage/sd_o,0,70,0.0,0.0
check_s2_o_tag + lsu/sd_o,0,70,0.0,0.0
id_stage/sd_o + is_store_post_o_tag,0,70,0.0,0.0
ex_stage/sd_o + is_store_post_o_tag,0,70,0.0,0.0
ex_stage/sd_o + pc_id_o_tag,0,70,0.0,0.0
lsu/sd_o + pc_id_o_tag,0,70,0.0,0.0
is_store_post_o_tag + lsu/sd_o,0,70,0.0,0.0
id_stage/sd_o + memory_set_o_tag,0,70,0.0,0.0
ex_stage/sd_o + memory_set_o_tag,0,70,0.0,0.0
lsu/sd_o + memory_set_o_tag,0,70,0.0,0.0
id_stage/sd_o + pc_if_o_tag,0,70,0.0,0.0
ex_stage/sd_o + pc_if_o_tag,0,70,0.0,0.0
lsu/sd_o + pc_if_o_tag,0,70,0.0,0.0
alu_operand_a_ex_o_tag + id_stage/sd_o,0,70,0.0,0.0
id_stage/sd_o + register_set_o_tag,0,70,0.0,0.0
ex_stage/sd_o + register_set_o_tag,0,70,0.0,0.0
lsu/sd_o + register_set_o_tag,0,70,0.0,0.0
id_stage/sd_o + store_dest_addr_ex_o_tag,0,70,0.0,0.0
ex_stage/sd_o + store_dest_addr_ex_o_tag,0,70,0.0,0.0
lsu/sd_o + store_dest_addr_ex_o_tag,0,70,0.0,0.0
id_stage/sd_o + store_source_ex_o_tag,0,70,0.0,0.0
ex_stage/sd_o + store_source_ex_o_tag,0,70,0.0,0.0
lsu/sd_o + store_source_ex_o_tag,0,70,0.0,0.0
id_stage/sd_o + use_store_ops_ex_o,0,70,0.0,0.0
ex_stage/sd_o + use_store_ops_ex_o,0,70,0.0,0.0
lsu/sd_o + use_store_ops_ex_o,0,70,0.0,0.0
alu_operand_a_ex_o_tag + ex_stage/sd_o,0,70,0.0,0.0
id_stage/sd_o + rf_reg[0],0,70,0.0,0.0
ex_stage/sd_o + rf_reg[0],0,70,0.0,0.0
lsu/sd_o + rf_reg[0],0,70,0.0,0.0
id_stage/sd_o + rf_reg[1],0,70,0.0,0.0
ex_stage/sd_o + rf_reg[1],0,70,0.0,0.0
lsu/sd_o + rf_reg[1],0,70,0.0,0.0
id_stage/sd_o + rf_reg[2],0,70,0.0,0.0
ex_stage/sd_o + rf_reg[2],0,70,0.0,0.0
lsu/sd_o + rf_reg[2],0,70,0.0,0.0
id_stage/sd_o + rf_reg[3],0,70,0.0,0.0
ex_stage/sd_o + rf_reg[3],0,70,0.0,0.0
lsu/sd_o + rf_reg[3],0,70,0.0,0.0
id_stage/sd_o + rf_reg[4],0,70,0.0,0.0
alu_operand_a_ex_o_tag + lsu/sd_o,0,70,0.0,0.0
ex_stage/sd_o + rf_reg[4],0,70,0.0,0.0
lsu/sd_o + rf_reg[4],0,70,0.0,0.0
id_stage/sd_o + rf_reg[5],0,70,0.0,0.0
ex_stage/sd_o + rf_reg[5],0,70,0.0,0.0
lsu/sd_o + rf_reg[5],0,70,0.0,0.0
id_stage/sd_o + rf_reg[6],0,70,0.0,0.0
ex_stage/sd_o + rf_reg[6],0,70,0.0,0.0
lsu/sd_o + rf_reg[6],0,70,0.0,0.0
id_stage/sd_o + rf_reg[7],0,70,0.0,0.0
ex_stage/sd_o + rf_reg[7],0,70,0.0,0.0
lsu/sd_o + rf_reg[7],0,70,0.0,0.0
id_stage/sd_o + rf_reg[8],0,70,0.0,0.0
ex_stage/sd_o + rf_reg[8],0,70,0.0,0.0
lsu/sd_o + rf_reg[8],0,70,0.0,0.0
pc_if_o_tag/sd_o + tpr/sd_o_32,0,70,0.0,0.0
pc_if_o_tag/sd_o + tcr/sd_o_32,0,70,0.0,0.0
pc_id_o_tag/sd_o + tpr/sd_o_32,0,70,0.0,0.0
pc_id_o_tag/sd_o + tcr/sd_o_32,0,70,0.0,0.0
alu_operator_o_mode/sd_o + tpr/sd_o_32,0,70,0.0,0.0
alu_operator_o_mode/sd_o + tcr/sd_o_32,0,70,0.0,0.0
store_dest_addr_ex_o_tag/sd_o + tpr/sd_o_32,0,70,0.0,0.0
store_dest_addr_ex_o_tag/sd_o + tcr/sd_o_32,0,70,0.0,0.0
store_source_ex_o_tag/sd_o + tpr/sd_o_32,0,70,0.0,0.0
store_source_ex_o_tag/sd_o + tcr/sd_o_32,0,70,0.0,0.0
tpr/sd_o_32 + use_store_ops_ex_o/sd_o,0,70,0.0,0.0
tcr/sd_o_32 + use_store_ops_ex_o/sd_o,0,70,0.0,0.0
alu_operand_a_ex_o_tag/sd_o + tpr/sd_o_32,0,70,0.0,0.0
alu_operand_a_ex_o_tag/sd_o + tcr/sd_o_32,0,70,0.0,0.0
alu_operand_b_ex_o_tag/sd_o + tpr/sd_o_32,0,70,0.0,0.0
alu_operand_b_ex_o_tag/sd_o + tcr/sd_o_32,0,70,0.0,0.0
alu_operand_c_ex_o_tag/sd_o + tpr/sd_o_32,0,70,0.0,0.0
alu_operand_c_ex_o_tag/sd_o + tcr/sd_o_32,0,70,0.0,0.0
check_s1_o_tag/sd_o + tpr/sd_o_32,0,70,0.0,0.0
check_s1_o_tag/sd_o + tcr/sd_o_32,0,70,0.0,0.0
check_s2_o_tag/sd_o + tpr/sd_o_32,0,70,0.0,0.0
check_s2_o_tag/sd_o + tcr/sd_o_32,0,70,0.0,0.0
check_d_o_tag/sd_o + tpr/sd_o_32,0,70,0.0,0.0
check_d_o_tag/sd_o + tcr/sd_o_32,0,70,0.0,0.0
register_set_o_tag/sd_o + tpr/sd_o_32,0,70,0.0,0.0
register_set_o_tag/sd_o + tcr/sd_o_32,0,70,0.0,0.0
is_store_post_o_tag/sd_o + tpr/sd_o_32,0,70,0.0,0.0
is_store_post_o_tag/sd_o + tcr/sd_o_32,0,70,0.0,0.0
memory_set_o_tag/sd_o + tpr/sd_o_32,0,70,0.0,0.0
memory_set_o_tag/sd_o + tcr/sd_o_32,0,70,0.0,0.0
rs1_o_tag/sd_o + tpr/sd_o_32,0,70,0.0,0.0
rs1_o_tag/sd_o + tcr/sd_o_32,0,70,0.0,0.0
data_we_q_tag/sd_o + tpr/sd_o_32,0,70,0.0,0.0
rdata_offset_q_tag/sd_o + tpr/sd_o_32,0,70,0.0,0.0
data_type_q_tag/sd_o + tpr/sd_o_32,0,70,0.0,0.0
rdata_q_tag/sd_o + tpr/sd_o_32,0,70,0.0,0.0
data_we_q_tag/sd_o + tcr/sd_o_32,0,70,0.0,0.0
rdata_offset_q_tag/sd_o + tcr/sd_o_32,0,70,0.0,0.0
data_type_q_tag/sd_o + tcr/sd_o_32,0,70,0.0,0.0
rdata_q_tag/sd_o + tcr/sd_o_32,0,70,0.0,0.0
register_set_o_tag + tpr_arith/sd_o,0,70,0.0,0.0
register_set_o_tag + tpr_branch/sd_o,0,70,0.0,0.0
register_set_o_tag + tpr_jump/sd_o,0,70,0.0,0.0
register_set_o_tag + tpr_shift/sd_o,0,70,0.0,0.0
register_set_o_tag + tpr_comparison/sd_o,0,70,0.0,0.0
register_set_o_tag + tpr_logical/sd_o,0,70,0.0,0.0
register_set_o_tag + tpr_load_store_mode/sd_o,0,70,0.0,0.0
register_set_o_tag + tpr_load_store_enable/sd_o,0,70,0.0,0.0
register_set_o_tag + tcr_arith/sd_o,0,70,0.0,0.0
register_set_o_tag + tcr_branch/sd_o,0,70,0.0,0.0
register_set_o_tag + tcr_jump/sd_o,0,70,0.0,0.0
register_set_o_tag + tcr_shift/sd_o,0,70,0.0,0.0
register_set_o_tag + tcr_comparison/sd_o,0,70,0.0,0.0
register_set_o_tag + tcr_logical/sd_o,0,70,0.0,0.0
register_set_o_tag + tcr_load_store/sd_o,0,70,0.0,0.0
store_dest_addr_ex_o_tag + tpr_arith/sd_o,0,70,0.0,0.0
store_dest_addr_ex_o_tag + tpr_branch/sd_o,0,70,0.0,0.0
store_dest_addr_ex_o_tag + tpr_jump/sd_o,0,70,0.0,0.0
store_dest_addr_ex_o_tag + tpr_shift/sd_o,0,70,0.0,0.0
store_dest_addr_ex_o_tag + tpr_comparison/sd_o,0,70,0.0,0.0
store_dest_addr_ex_o_tag + tpr_logical/sd_o,0,70,0.0,0.0
store_dest_addr_ex_o_tag + tpr_load_store_mode/sd_o,0,70,0.0,0.0
store_dest_addr_ex_o_tag + tpr_load_store_enable/sd_o,0,70,0.0,0.0
store_dest_addr_ex_o_tag + tcr_arith/sd_o,0,70,0.0,0.0
store_dest_addr_ex_o_tag + tcr_branch/sd_o,0,70,0.0,0.0
store_dest_addr_ex_o_tag + tcr_jump/sd_o,0,70,0.0,0.0
store_dest_addr_ex_o_tag + tcr_shift/sd_o,0,70,0.0,0.0
store_dest_addr_ex_o_tag + tcr_comparison/sd_o,0,70,0.0,0.0
store_dest_addr_ex_o_tag + tcr_logical/sd_o,0,70,0.0,0.0
store_dest_addr_ex_o_tag + tcr_load_store/sd_o,0,70,0.0,0.0
store_source_ex_o_tag + tpr_arith/sd_o,0,70,0.0,0.0
store_source_ex_o_tag + tpr_branch/sd_o,0,70,0.0,0.0
store_source_ex_o_tag + tpr_jump/sd_o,0,70,0.0,0.0
store_source_ex_o_tag + tpr_shift/sd_o,0,70,0.0,0.0
store_source_ex_o_tag + tpr_comparison/sd_o,0,70,0.0,0.0
alu_operand_a_ex_o_tag + tpr_arith/sd_o,0,70,0.0,0.0
alu_operand_a_ex_o_tag + tpr_branch/sd_o,0,70,0.0,0.0
alu_operand_a_ex_o_tag + tpr_jump/sd_o,0,70,0.0,0.0
alu_operand_a_ex_o_tag + tpr_shift/sd_o,0,70,0.0,0.0
alu_operand_a_ex_o_tag + tpr_comparison/sd_o,0,70,0.0,0.0
alu_operand_a_ex_o_tag + tpr_logical/sd_o,0,70,0.0,0.0
alu_operand_a_ex_o_tag + tpr_load_store_mode/sd_o,0,70,0.0,0.0
alu_operand_a_ex_o_tag + tpr_load_store_enable/sd_o,0,70,0.0,0.0
alu_operand_a_ex_o_tag + tcr_arith/sd_o,0,70,0.0,0.0
alu_operand_a_ex_o_tag + tcr_branch/sd_o,0,70,0.0,0.0
alu_operand_a_ex_o_tag + tcr_jump/sd_o,0,70,0.0,0.0
alu_operand_a_ex_o_tag + tcr_shift/sd_o,0,70,0.0,0.0
alu_operand_a_ex_o_tag + tcr_comparison/sd_o,0,70,0.0,0.0
store_source_ex_o_tag + tpr_logical/sd_o,0,70,0.0,0.0
store_source_ex_o_tag + tpr_load_store_mode/sd_o,0,70,0.0,0.0
store_source_ex_o_tag + tpr_load_store_enable/sd_o,0,70,0.0,0.0
store_source_ex_o_tag + tcr_arith/sd_o,0,70,0.0,0.0
store_source_ex_o_tag + tcr_branch/sd_o,0,70,0.0,0.0
store_source_ex_o_tag + tcr_jump/sd_o,0,70,0.0,0.0
store_source_ex_o_tag + tcr_shift/sd_o,0,70,0.0,0.0
store_source_ex_o_tag + tcr_comparison/sd_o,0,70,0.0,0.0
store_source_ex_o_tag + tcr_logical/sd_o,0,70,0.0,0.0
store_source_ex_o_tag + tcr_load_store/sd_o,0,70,0.0,0.0
tpr_arith/sd_o + use_store_ops_ex_o,0,70,0.0,0.0
tpr_branch/sd_o + use_store_ops_ex_o,0,70,0.0,0.0
tpr_jump/sd_o + use_store_ops_ex_o,0,70,0.0,0.0
tpr_shift/sd_o + use_store_ops_ex_o,0,70,0.0,0.0
tpr_comparison/sd_o + use_store_ops_ex_o,0,70,0.0,0.0
tpr_logical/sd_o + use_store_ops_ex_o,0,70,0.0,0.0
tpr_load_store_mode/sd_o + use_store_ops_ex_o,0,70,0.0,0.0
tpr_load_store_enable/sd_o + use_store_ops_ex_o,0,70,0.0,0.0
tcr_arith/sd_o + use_store_ops_ex_o,0,70,0.0,0.0
tcr_branch/sd_o + use_store_ops_ex_o,0,70,0.0,0.0
tcr_jump/sd_o + use_store_ops_ex_o,0,70,0.0,0.0
tcr_shift/sd_o + use_store_ops_ex_o,0,70,0.0,0.0
tcr_comparison/sd_o + use_store_ops_ex_o,0,70,0.0,0.0
tcr_logical/sd_o + use_store_ops_ex_o,0,70,0.0,0.0
tcr_load_store/sd_o + use_store_ops_ex_o,0,70,0.0,0.0
rf_reg[0] + tpr_arith/sd_o,0,70,0.0,0.0
rf_reg[0] + tpr_branch/sd_o,0,70,0.0,0.0
rf_reg[0] + tpr_jump/sd_o,0,70,0.0,0.0
rf_reg[0] + tpr_shift/sd_o,0,70,0.0,0.0
rf_reg[0] + tpr_comparison/sd_o,0,70,0.0,0.0
rf_reg[0] + tpr_logical/sd_o,0,70,0.0,0.0
rf_reg[0] + tpr_load_store_mode/sd_o,0,70,0.0,0.0
rf_reg[0] + tpr_load_store_enable/sd_o,0,70,0.0,0.0
rf_reg[0] + tcr_arith/sd_o,0,70,0.0,0.0
rf_reg[0] + tcr_branch/sd_o,0,70,0.0,0.0
rf_reg[0] + tcr_jump/sd_o,0,70,0.0,0.0
rf_reg[0] + tcr_shift/sd_o,0,70,0.0,0.0
rf_reg[0] + tcr_comparison/sd_o,0,70,0.0,0.0
rf_reg[0] + tcr_logical/sd_o,0,70,0.0,0.0
rf_reg[0] + tcr_load_store/sd_o,0,70,0.0,0.0
alu_operand_a_ex_o_tag + tcr_logical/sd_o,0,70,0.0,0.0
alu_operand_a_ex_o_tag + tcr_load_store/sd_o,0,70,0.0,0.0
rf_reg[1] + tpr_arith/sd_o,0,70,0.0,0.0
rf_reg[1] + tpr_branch/sd_o,0,70,0.0,0.0
rf_reg[1] + tpr_jump/sd_o,0,70,0.0,0.0
rf_reg[1] + tpr_shift/sd_o,0,70,0.0,0.0
rf_reg[1] + tpr_comparison/sd_o,0,70,0.0,0.0
rf_reg[1] + tpr_logical/sd_o,0,70,0.0,0.0
rf_reg[1] + tpr_load_store_mode/sd_o,0,70,0.0,0.0
rf_reg[1] + tpr_load_store_enable/sd_o,0,70,0.0,0.0
rf_reg[1] + tcr_arith/sd_o,0,70,0.0,0.0
rf_reg[1] + tcr_branch/sd_o,0,70,0.0,0.0
rf_reg[1] + tcr_jump/sd_o,0,70,0.0,0.0
rf_reg[1] + tcr_shift/sd_o,0,70,0.0,0.0
rf_reg[1] + tcr_comparison/sd_o,0,70,0.0,0.0
rf_reg[1] + tcr_logical/sd_o,0,70,0.0,0.0
rf_reg[1] + tcr_load_store/sd_o,0,70,0.0,0.0
rf_reg[2] + tpr_arith/sd_o,0,70,0.0,0.0
rf_reg[2] + tpr_branch/sd_o,0,70,0.0,0.0
rf_reg[2] + tpr_jump/sd_o,0,70,0.0,0.0
rf_reg[2] + tpr_shift/sd_o,0,70,0.0,0.0
rf_reg[2] + tpr_comparison/sd_o,0,70,0.0,0.0
rf_reg[2] + tpr_logical/sd_o,0,70,0.0,0.0
rf_reg[2] + tpr_load_store_mode/sd_o,0,70,0.0,0.0
rf_reg[2] + tpr_load_store_enable/sd_o,0,70,0.0,0.0
rf_reg[2] + tcr_arith/sd_o,0,70,0.0,0.0
rf_reg[2] + tcr_branch/sd_o,0,70,0.0,0.0
rf_reg[2] + tcr_jump/sd_o,0,70,0.0,0.0
rf_reg[2] + tcr_shift/sd_o,0,70,0.0,0.0
rf_reg[2] + tcr_comparison/sd_o,0,70,0.0,0.0
rf_reg[2] + tcr_logical/sd_o,0,70,0.0,0.0
rf_reg[2] + tcr_load_store/sd_o,0,70,0.0,0.0
rf_reg[3] + tpr_arith/sd_o,0,70,0.0,0.0
rf_reg[3] + tpr_branch/sd_o,0,70,0.0,0.0
rf_reg[3] + tpr_jump/sd_o,0,70,0.0,0.0
rf_reg[3] + tpr_shift/sd_o,0,70,0.0,0.0
rf_reg[3] + tpr_comparison/sd_o,0,70,0.0,0.0
rf_reg[3] + tpr_logical/sd_o,0,70,0.0,0.0
rf_reg[3] + tpr_load_store_mode/sd_o,0,70,0.0,0.0
rf_reg[3] + tpr_load_store_enable/sd_o,0,70,0.0,0.0
rf_reg[3] + tcr_arith/sd_o,0,70,0.0,0.0
rf_reg[3] + tcr_branch/sd_o,0,70,0.0,0.0
rf_reg[3] + tcr_jump/sd_o,0,70,0.0,0.0
rf_reg[3] + tcr_shift/sd_o,0,70,0.0,0.0
rf_reg[3] + tcr_comparison/sd_o,0,70,0.0,0.0
rf_reg[3] + tcr_logical/sd_o,0,70,0.0,0.0
rf_reg[3] + tcr_load_store/sd_o,0,70,0.0,0.0
rf_reg[4] + tpr_arith/sd_o,0,70,0.0,0.0
rf_reg[4] + tpr_branch/sd_o,0,70,0.0,0.0
rf_reg[4] + tpr_jump/sd_o,0,70,0.0,0.0
rf_reg[4] + tpr_shift/sd_o,0,70,0.0,0.0
rf_reg[4] + tpr_comparison/sd_o,0,70,0.0,0.0
rf_reg[4] + tpr_logical/sd_o,0,70,0.0,0.0
rf_reg[4] + tpr_load_store_mode/sd_o,0,70,0.0,0.0
rf_reg[4] + tpr_load_store_enable/sd_o,0,70,0.0,0.0
rf_reg[4] + tcr_arith/sd_o,0,70,0.0,0.0
rf_reg[4] + tcr_branch/sd_o,0,70,0.0,0.0
rf_reg[4] + tcr_jump/sd_o,0,70,0.0,0.0
rf_reg[4] + tcr_shift/sd_o,0,70,0.0,0.0
rf_reg[4] + tcr_comparison/sd_o,0,70,0.0,0.0
rf_reg[4] + tcr_logical/sd_o,0,70,0.0,0.0
rf_reg[4] + tcr_load_store/sd_o,0,70,0.0,0.0
rf_reg[5] + tpr_arith/sd_o,0,70,0.0,0.0
rf_reg[5] + tpr_branch/sd_o,0,70,0.0,0.0
rf_reg[5] + tpr_jump/sd_o,0,70,0.0,0.0
rf_reg[5] + tpr_shift/sd_o,0,70,0.0,0.0
rf_reg[5] + tpr_comparison/sd_o,0,70,0.0,0.0
rf_reg[5] + tpr_logical/sd_o,0,70,0.0,0.0
rf_reg[5] + tpr_load_store_mode/sd_o,0,70,0.0,0.0
rf_reg[5] + tpr_load_store_enable/sd_o,0,70,0.0,0.0
rf_reg[5] + tcr_arith/sd_o,0,70,0.0,0.0
rf_reg[5] + tcr_branch/sd_o,0,70,0.0,0.0
rf_reg[5] + tcr_jump/sd_o,0,70,0.0,0.0
rf_reg[5] + tcr_shift/sd_o,0,70,0.0,0.0
rf_reg[5] + tcr_comparison/sd_o,0,70,0.0,0.0
rf_reg[5] + tcr_logical/sd_o,0,70,0.0,0.0
rf_reg[5] + tcr_load_store/sd_o,0,70,0.0,0.0
rf_reg[6] + tpr_arith/sd_o,0,70,0.0,0.0
rf_reg[6] + tpr_branch/sd_o,0,70,0.0,0.0
rf_reg[6] + tpr_jump/sd_o,0,70,0.0,0.0
rf_reg[6] + tpr_shift/sd_o,0,70,0.0,0.0
rf_reg[6] + tpr_comparison/sd_o,0,70,0.0,0.0
rf_reg[6] + tpr_logical/sd_o,0,70,0.0,0.0
rf_reg[6] + tpr_load_store_mode/sd_o,0,70,0.0,0.0
rf_reg[6] + tpr_load_store_enable/sd_o,0,70,0.0,0.0
rf_reg[6] + tcr_arith/sd_o,0,70,0.0,0.0
rf_reg[6] + tcr_branch/sd_o,0,70,0.0,0.0
rf_reg[6] + tcr_jump/sd_o,0,70,0.0,0.0
rf_reg[6] + tcr_shift/sd_o,0,70,0.0,0.0
rf_reg[6] + tcr_comparison/sd_o,0,70,0.0,0.0
rf_reg[6] + tcr_logical/sd_o,0,70,0.0,0.0
rf_reg[6] + tcr_load_store/sd_o,0,70,0.0,0.0
rf_reg[7] + tpr_arith/sd_o,0,70,0.0,0.0
rf_reg[7] + tpr_branch/sd_o,0,70,0.0,0.0
rf_reg[7] + tpr_jump/sd_o,0,70,0.0,0.0
rf_reg[7] + tpr_shift/sd_o,0,70,0.0,0.0
rf_reg[7] + tpr_comparison/sd_o,0,70,0.0,0.0
rf_reg[7] + tpr_logical/sd_o,0,70,0.0,0.0
rf_reg[7] + tpr_load_store_mode/sd_o,0,70,0.0,0.0
rf_reg[7] + tpr_load_store_enable/sd_o,0,70,0.0,0.0
rf_reg[7] + tcr_arith/sd_o,0,70,0.0,0.0
rf_reg[7] + tcr_branch/sd_o,0,70,0.0,0.0
rf_reg[7] + tcr_jump/sd_o,0,70,0.0,0.0
rf_reg[7] + tcr_shift/sd_o,0,70,0.0,0.0
rf_reg[7] + tcr_comparison/sd_o,0,70,0.0,0.0
rf_reg[7] + tcr_logical/sd_o,0,70,0.0,0.0
rf_reg[7] + tcr_load_store/sd_o,0,70,0.0,0.0
rf_reg[8] + tpr_arith/sd_o,0,70,0.0,0.0
rf_reg[8] + tpr_branch/sd_o,0,70,0.0,0.0
rf_reg[8] + tpr_jump/sd_o,0,70,0.0,0.0
rf_reg[8] + tpr_shift/sd_o,0,70,0.0,0.0
rf_reg[8] + tpr_comparison/sd_o,0,70,0.0,0.0
rf_reg[8] + tpr_logical/sd_o,0,70,0.0,0.0
rf_reg[8] + tpr_load_store_mode/sd_o,0,70,0.0,0.0
rf_reg[8] + tpr_load_store_enable/sd_o,0,70,0.0,0.0
rf_reg[8] + tcr_arith/sd_o,0,70,0.0,0.0
rf_reg[8] + tcr_branch/sd_o,0,70,0.0,0.0
rf_reg[8] + tcr_jump/sd_o,0,70,0.0,0.0
rf_reg[8] + tcr_shift/sd_o,0,70,0.0,0.0
rf_reg[8] + tcr_comparison/sd_o,0,70,0.0,0.0
rf_reg[8] + tcr_logical/sd_o,0,70,0.0,0.0
rf_reg[8] + tcr_load_store/sd_o,0,70,0.0,0.0
rf_reg[9] + tpr_arith/sd_o,0,70,0.0,0.0
rf_reg[9] + tpr_branch/sd_o,0,70,0.0,0.0
rf_reg[9] + tpr_jump/sd_o,0,70,0.0,0.0
rf_reg[9] + tpr_shift/sd_o,0,70,0.0,0.0
rf_reg[9] + tpr_comparison/sd_o,0,70,0.0,0.0
rf_reg[9] + tpr_logical/sd_o,0,70,0.0,0.0
rf_reg[9] + tpr_load_store_mode/sd_o,0,70,0.0,0.0
rf_reg[9] + tpr_load_store_enable/sd_o,0,70,0.0,0.0
rf_reg[9] + tcr_arith/sd_o,0,70,0.0,0.0
rf_reg[9] + tcr_branch/sd_o,0,70,0.0,0.0
alu_operand_b_ex_o_tag + tpr_arith/sd_o,0,70,0.0,0.0
alu_operand_b_ex_o_tag + tpr_branch/sd_o,0,70,0.0,0.0
alu_operand_b_ex_o_tag + tpr_jump/sd_o,0,70,0.0,0.0
alu_operand_b_ex_o_tag + tpr_shift/sd_o,0,70,0.0,0.0
alu_operand_b_ex_o_tag + tpr_comparison/sd_o,0,70,0.0,0.0
alu_operand_b_ex_o_tag + tpr_logical/sd_o,0,70,0.0,0.0
alu_operand_b_ex_o_tag + tpr_load_store_mode/sd_o,0,70,0.0,0.0
alu_operand_b_ex_o_tag + tpr_load_store_enable/sd_o,0,70,0.0,0.0
alu_operand_b_ex_o_tag + tcr_arith/sd_o,0,70,0.0,0.0
alu_operand_b_ex_o_tag + tcr_branch/sd_o,0,70,0.0,0.0
alu_operand_b_ex_o_tag + tcr_jump/sd_o,0,70,0.0,0.0
rf_reg[9] + tcr_jump/sd_o,0,70,0.0,0.0
rf_reg[9] + tcr_shift/sd_o,0,70,0.0,0.0
rf_reg[9] + tcr_comparison/sd_o,0,70,0.0,0.0
rf_reg[9] + tcr_logical/sd_o,0,70,0.0,0.0
rf_reg[9] + tcr_load_store/sd_o,0,70,0.0,0.0
rf_reg[10] + tpr_arith/sd_o,0,70,0.0,0.0
rf_reg[10] + tpr_branch/sd_o,0,70,0.0,0.0
rf_reg[10] + tpr_jump/sd_o,0,70,0.0,0.0
rf_reg[10] + tpr_shift/sd_o,0,70,0.0,0.0
rf_reg[10] + tpr_comparison/sd_o,0,70,0.0,0.0
rf_reg[10] + tpr_logical/sd_o,0,70,0.0,0.0
rf_reg[10] + tpr_load_store_mode/sd_o,0,70,0.0,0.0
rf_reg[10] + tpr_load_store_enable/sd_o,0,70,0.0,0.0
rf_reg[10] + tcr_arith/sd_o,0,70,0.0,0.0
rf_reg[10] + tcr_branch/sd_o,0,70,0.0,0.0
rf_reg[10] + tcr_jump/sd_o,0,70,0.0,0.0
rf_reg[10] + tcr_shift/sd_o,0,70,0.0,0.0
rf_reg[10] + tcr_comparison/sd_o,0,70,0.0,0.0
rf_reg[10] + tcr_logical/sd_o,0,70,0.0,0.0
rf_reg[10] + tcr_load_store/sd_o,0,70,0.0,0.0
rf_reg[11] + tpr_arith/sd_o,0,70,0.0,0.0
rf_reg[11] + tpr_branch/sd_o,0,70,0.0,0.0
rf_reg[11] + tpr_jump/sd_o,0,70,0.0,0.0
rf_reg[11] + tpr_shift/sd_o,0,70,0.0,0.0
rf_reg[11] + tpr_comparison/sd_o,0,70,0.0,0.0
rf_reg[11] + tpr_logical/sd_o,0,70,0.0,0.0
rf_reg[11] + tpr_load_store_mode/sd_o,0,70,0.0,0.0
rf_reg[11] + tpr_load_store_enable/sd_o,0,70,0.0,0.0
rf_reg[11] + tcr_arith/sd_o,0,70,0.0,0.0
rf_reg[11] + tcr_branch/sd_o,0,70,0.0,0.0
rf_reg[11] + tcr_jump/sd_o,0,70,0.0,0.0
rf_reg[11] + tcr_shift/sd_o,0,70,0.0,0.0
rf_reg[11] + tcr_comparison/sd_o,0,70,0.0,0.0
rf_reg[11] + tcr_logical/sd_o,0,70,0.0,0.0
rf_reg[11] + tcr_load_store/sd_o,0,70,0.0,0.0
rf_reg[12] + tpr_arith/sd_o,0,70,0.0,0.0
rf_reg[12] + tpr_branch/sd_o,0,70,0.0,0.0
rf_reg[12] + tpr_jump/sd_o,0,70,0.0,0.0
rf_reg[12] + tpr_shift/sd_o,0,70,0.0,0.0
alu_operand_b_ex_o_tag + tcr_shift/sd_o,0,70,0.0,0.0
alu_operand_b_ex_o_tag + tcr_comparison/sd_o,0,70,0.0,0.0
alu_operand_b_ex_o_tag + tcr_logical/sd_o,0,70,0.0,0.0
alu_operand_b_ex_o_tag + tcr_load_store/sd_o,0,70,0.0,0.0
rf_reg[12] + tpr_comparison/sd_o,0,70,0.0,0.0
rf_reg[12] + tpr_logical/sd_o,0,70,0.0,0.0
rf_reg[12] + tpr_load_store_mode/sd_o,0,70,0.0,0.0
rf_reg[12] + tpr_load_store_enable/sd_o,0,70,0.0,0.0
rf_reg[12] + tcr_arith/sd_o,0,70,0.0,0.0
rf_reg[12] + tcr_branch/sd_o,0,70,0.0,0.0
rf_reg[12] + tcr_jump/sd_o,0,70,0.0,0.0
rf_reg[12] + tcr_shift/sd_o,0,70,0.0,0.0
rf_reg[12] + tcr_comparison/sd_o,0,70,0.0,0.0
rf_reg[12] + tcr_logical/sd_o,0,70,0.0,0.0
rf_reg[12] + tcr_load_store/sd_o,0,70,0.0,0.0
rf_reg[13] + tpr_arith/sd_o,0,70,0.0,0.0
rf_reg[13] + tpr_branch/sd_o,0,70,0.0,0.0
rf_reg[13] + tpr_jump/sd_o,0,70,0.0,0.0
rf_reg[13] + tpr_shift/sd_o,0,70,0.0,0.0
rf_reg[13] + tpr_comparison/sd_o,0,70,0.0,0.0
rf_reg[13] + tpr_logical/sd_o,0,70,0.0,0.0
rf_reg[13] + tpr_load_store_mode/sd_o,0,70,0.0,0.0
rf_reg[13] + tpr_load_store_enable/sd_o,0,70,0.0,0.0
rf_reg[13] + tcr_arith/sd_o,0,70,0.0,0.0
rf_reg[13] + tcr_branch/sd_o,0,70,0.0,0.0
rf_reg[13] + tcr_jump/sd_o,0,70,0.0,0.0
rf_reg[13] + tcr_shift/sd_o,0,70,0.0,0.0
rf_reg[13] + tcr_comparison/sd_o,0,70,0.0,0.0
rf_reg[13] + tcr_logical/sd_o,0,70,0.0,0.0
rf_reg[13] + tcr_load_store/sd_o,0,70,0.0,0.0
rf_reg[14] + tpr_arith/sd_o,0,70,0.0,0.0
rf_reg[14] + tpr_branch/sd_o,0,70,0.0,0.0
rf_reg[14] + tpr_jump/sd_o,0,70,0.0,0.0
rf_reg[14] + tpr_shift/sd_o,0,70,0.0,0.0
rf_reg[14] + tpr_comparison/sd_o,0,70,0.0,0.0
rf_reg[14] + tpr_logical/sd_o,0,70,0.0,0.0
rf_reg[14] + tpr_load_store_mode/sd_o,0,70,0.0,0.0
rf_reg[14] + tpr_load_store_enable/sd_o,0,70,0.0,0.0
rf_reg[14] + tcr_arith/sd_o,0,70,0.0,0.0
rf_reg[14] + tcr_branch/sd_o,0,70,0.0,0.0
rf_reg[14] + tcr_jump/sd_o,0,70,0.0,0.0
rf_reg[14] + tcr_shift/sd_o,0,70,0.0,0.0
rf_reg[14] + tcr_comparison/sd_o,0,70,0.0,0.0
rf_reg[14] + tcr_logical/sd_o,0,70,0.0,0.0
rf_reg[14] + tcr_load_store/sd_o,0,70,0.0,0.0
rf_reg[15] + tpr_arith/sd_o,0,70,0.0,0.0
rf_reg[15] + tpr_branch/sd_o,0,70,0.0,0.0
rf_reg[15] + tpr_jump/sd_o,0,70,0.0,0.0
rf_reg[15] + tpr_shift/sd_o,0,70,0.0,0.0
rf_reg[15] + tpr_comparison/sd_o,0,70,0.0,0.0
rf_reg[15] + tpr_logical/sd_o,0,70,0.0,0.0
rf_reg[15] + tpr_load_store_mode/sd_o,0,70,0.0,0.0
rf_reg[15] + tpr_load_store_enable/sd_o,0,70,0.0,0.0
rf_reg[15] + tcr_arith/sd_o,0,70,0.0,0.0
rf_reg[15] + tcr_branch/sd_o,0,70,0.0,0.0
rf_reg[15] + tcr_jump/sd_o,0,70,0.0,0.0
rf_reg[15] + tcr_shift/sd_o,0,70,0.0,0.0
rf_reg[15] + tcr_comparison/sd_o,0,70,0.0,0.0
rf_reg[15] + tcr_logical/sd_o,0,70,0.0,0.0
rf_reg[15] + tcr_load_store/sd_o,0,70,0.0,0.0
rf_reg[16] + tpr_arith/sd_o,0,70,0.0,0.0
rf_reg[16] + tpr_branch/sd_o,0,70,0.0,0.0
rf_reg[16] + tpr_jump/sd_o,0,70,0.0,0.0
rf_reg[16] + tpr_shift/sd_o,0,70,0.0,0.0
rf_reg[16] + tpr_comparison/sd_o,0,70,0.0,0.0
rf_reg[16] + tpr_logical/sd_o,0,70,0.0,0.0
rf_reg[16] + tpr_load_store_mode/sd_o,0,70,0.0,0.0
rf_reg[16] + tpr_load_store_enable/sd_o,0,70,0.0,0.0
rf_reg[16] + tcr_arith/sd_o,0,70,0.0,0.0
rf_reg[16] + tcr_branch/sd_o,0,70,0.0,0.0
rf_reg[16] + tcr_jump/sd_o,0,70,0.0,0.0
rf_reg[16] + tcr_shift/sd_o,0,70,0.0,0.0
rf_reg[16] + tcr_comparison/sd_o,0,70,0.0,0.0
rf_reg[16] + tcr_logical/sd_o,0,70,0.0,0.0
rf_reg[16] + tcr_load_store/sd_o,0,70,0.0,0.0
rf_reg[17] + tpr_arith/sd_o,0,70,0.0,0.0
rf_reg[17] + tpr_branch/sd_o,0,70,0.0,0.0
rf_reg[17] + tpr_jump/sd_o,0,70,0.0,0.0
rf_reg[17] + tpr_shift/sd_o,0,70,0.0,0.0
rf_reg[17] + tpr_comparison/sd_o,0,70,0.0,0.0
rf_reg[17] + tpr_logical/sd_o,0,70,0.0,0.0
rf_reg[17] + tpr_load_store_mode/sd_o,0,70,0.0,0.0
rf_reg[17] + tpr_load_store_enable/sd_o,0,70,0.0,0.0
rf_reg[17] + tcr_arith/sd_o,0,70,0.0,0.0
rf_reg[17] + tcr_branch/sd_o,0,70,0.0,0.0
rf_reg[17] + tcr_jump/sd_o,0,70,0.0,0.0
rf_reg[17] + tcr_shift/sd_o,0,70,0.0,0.0
rf_reg[17] + tcr_comparison/sd_o,0,70,0.0,0.0
rf_reg[17] + tcr_logical/sd_o,0,70,0.0,0.0
rf_reg[17] + tcr_load_store/sd_o,0,70,0.0,0.0
rf_reg[18] + tpr_arith/sd_o,0,70,0.0,0.0
rf_reg[18] + tpr_branch/sd_o,0,70,0.0,0.0
rf_reg[18] + tpr_jump/sd_o,0,70,0.0,0.0
rf_reg[18] + tpr_shift/sd_o,0,70,0.0,0.0
rf_reg[18] + tpr_comparison/sd_o,0,70,0.0,0.0
rf_reg[18] + tpr_logical/sd_o,0,70,0.0,0.0
rf_reg[18] + tpr_load_store_mode/sd_o,0,70,0.0,0.0
rf_reg[18] + tpr_load_store_enable/sd_o,0,70,0.0,0.0
rf_reg[18] + tcr_arith/sd_o,0,70,0.0,0.0
rf_reg[18] + tcr_branch/sd_o,0,70,0.0,0.0
rf_reg[18] + tcr_jump/sd_o,0,70,0.0,0.0
rf_reg[18] + tcr_shift/sd_o,0,70,0.0,0.0
rf_reg[18] + tcr_comparison/sd_o,0,70,0.0,0.0
rf_reg[18] + tcr_logical/sd_o,0,70,0.0,0.0
rf_reg[18] + tcr_load_store/sd_o,0,70,0.0,0.0
rf_reg[19] + tpr_arith/sd_o,0,70,0.0,0.0
rf_reg[19] + tpr_branch/sd_o,0,70,0.0,0.0
rf_reg[19] + tpr_jump/sd_o,0,70,0.0,0.0
rf_reg[19] + tpr_shift/sd_o,0,70,0.0,0.0
rf_reg[19] + tpr_comparison/sd_o,0,70,0.0,0.0
rf_reg[19] + tpr_logical/sd_o,0,70,0.0,0.0
rf_reg[19] + tpr_load_store_mode/sd_o,0,70,0.0,0.0
rf_reg[19] + tpr_load_store_enable/sd_o,0,70,0.0,0.0
rf_reg[19] + tcr_arith/sd_o,0,70,0.0,0.0
rf_reg[19] + tcr_branch/sd_o,0,70,0.0,0.0
rf_reg[19] + tcr_jump/sd_o,0,70,0.0,0.0
rf_reg[19] + tcr_shift/sd_o,0,70,0.0,0.0
rf_reg[19] + tcr_comparison/sd_o,0,70,0.0,0.0
rf_reg[19] + tcr_logical/sd_o,0,70,0.0,0.0
rf_reg[19] + tcr_load_store/sd_o,0,70,0.0,0.0
rf_reg[20] + tpr_arith/sd_o,0,70,0.0,0.0
rf_reg[20] + tpr_branch/sd_o,0,70,0.0,0.0
rf_reg[20] + tpr_jump/sd_o,0,70,0.0,0.0
rf_reg[20] + tpr_shift/sd_o,0,70,0.0,0.0
rf_reg[20] + tpr_comparison/sd_o,0,70,0.0,0.0
rf_reg[20] + tpr_logical/sd_o,0,70,0.0,0.0
rf_reg[20] + tpr_load_store_mode/sd_o,0,70,0.0,0.0
rf_reg[20] + tpr_load_store_enable/sd_o,0,70,0.0,0.0
rf_reg[20] + tcr_arith/sd_o,0,70,0.0,0.0
rf_reg[20] + tcr_branch/sd_o,0,70,0.0,0.0
rf_reg[20] + tcr_jump/sd_o,0,70,0.0,0.0
rf_reg[20] + tcr_shift/sd_o,0,70,0.0,0.0
rf_reg[20] + tcr_comparison/sd_o,0,70,0.0,0.0
rf_reg[20] + tcr_logical/sd_o,0,70,0.0,0.0
rf_reg[20] + tcr_load_store/sd_o,0,70,0.0,0.0
alu_operand_c_ex_o_tag + tpr_arith/sd_o,0,70,0.0,0.0
alu_operand_c_ex_o_tag + tpr_branch/sd_o,0,70,0.0,0.0
alu_operand_c_ex_o_tag + tpr_jump/sd_o,0,70,0.0,0.0
alu_operand_c_ex_o_tag + tpr_shift/sd_o,0,70,0.0,0.0
alu_operand_c_ex_o_tag + tpr_comparison/sd_o,0,70,0.0,0.0
alu_operand_c_ex_o_tag + tpr_logical/sd_o,0,70,0.0,0.0
alu_operand_c_ex_o_tag + tpr_load_store_mode/sd_o,0,70,0.0,0.0
alu_operand_c_ex_o_tag + tpr_load_store_enable/sd_o,0,70,0.0,0.0
alu_operand_c_ex_o_tag + tcr_arith/sd_o,0,70,0.0,0.0
alu_operand_c_ex_o_tag + tcr_branch/sd_o,0,70,0.0,0.0
rf_reg[21] + tpr_arith/sd_o,0,70,0.0,0.0
rf_reg[21] + tpr_branch/sd_o,0,70,0.0,0.0
rf_reg[21] + tpr_jump/sd_o,0,70,0.0,0.0
rf_reg[21] + tpr_shift/sd_o,0,70,0.0,0.0
rf_reg[21] + tpr_comparison/sd_o,0,70,0.0,0.0
rf_reg[21] + tpr_logical/sd_o,0,70,0.0,0.0
rf_reg[21] + tpr_load_store_mode/sd_o,0,70,0.0,0.0
rf_reg[21] + tpr_load_store_enable/sd_o,0,70,0.0,0.0
rf_reg[21] + tcr_arith/sd_o,0,70,0.0,0.0
rf_reg[21] + tcr_branch/sd_o,0,70,0.0,0.0
rf_reg[21] + tcr_jump/sd_o,0,70,0.0,0.0
rf_reg[21] + tcr_shift/sd_o,0,70,0.0,0.0
rf_reg[21] + tcr_comparison/sd_o,0,70,0.0,0.0
rf_reg[21] + tcr_logical/sd_o,0,70,0.0,0.0
rf_reg[21] + tcr_load_store/sd_o,0,70,0.0,0.0
rf_reg[22] + tpr_arith/sd_o,0,70,0.0,0.0
rf_reg[22] + tpr_branch/sd_o,0,70,0.0,0.0
rf_reg[22] + tpr_jump/sd_o,0,70,0.0,0.0
rf_reg[22] + tpr_shift/sd_o,0,70,0.0,0.0
rf_reg[22] + tpr_comparison/sd_o,0,70,0.0,0.0
rf_reg[22] + tpr_logical/sd_o,0,70,0.0,0.0
rf_reg[22] + tpr_load_store_mode/sd_o,0,70,0.0,0.0
rf_reg[22] + tpr_load_store_enable/sd_o,0,70,0.0,0.0
rf_reg[22] + tcr_arith/sd_o,0,70,0.0,0.0
rf_reg[22] + tcr_branch/sd_o,0,70,0.0,0.0
rf_reg[22] + tcr_jump/sd_o,0,70,0.0,0.0
rf_reg[22] + tcr_shift/sd_o,0,70,0.0,0.0
rf_reg[22] + tcr_comparison/sd_o,0,70,0.0,0.0
rf_reg[22] + tcr_logical/sd_o,0,70,0.0,0.0
rf_reg[22] + tcr_load_store/sd_o,0,70,0.0,0.0
rf_reg[23] + tpr_arith/sd_o,0,70,0.0,0.0
rf_reg[23] + tpr_branch/sd_o,0,70,0.0,0.0
rf_reg[23] + tpr_jump/sd_o,0,70,0.0,0.0
rf_reg[23] + tpr_shift/sd_o,0,70,0.0,0.0
rf_reg[23] + tpr_comparison/sd_o,0,70,0.0,0.0
rf_reg[23] + tpr_logical/sd_o,0,70,0.0,0.0
rf_reg[23] + tpr_load_store_mode/sd_o,0,70,0.0,0.0
rf_reg[23] + tpr_load_store_enable/sd_o,0,70,0.0,0.0
rf_reg[23] + tcr_arith/sd_o,0,70,0.0,0.0
rf_reg[23] + tcr_branch/sd_o,0,70,0.0,0.0
rf_reg[23] + tcr_jump/sd_o,0,70,0.0,0.0
rf_reg[23] + tcr_shift/sd_o,0,70,0.0,0.0
rf_reg[23] + tcr_comparison/sd_o,0,70,0.0,0.0
rf_reg[23] + tcr_logical/sd_o,0,70,0.0,0.0
rf_reg[23] + tcr_load_store/sd_o,0,70,0.0,0.0
alu_operand_c_ex_o_tag + tcr_jump/sd_o,0,70,0.0,0.0
alu_operand_c_ex_o_tag + tcr_shift/sd_o,0,70,0.0,0.0
alu_operand_c_ex_o_tag + tcr_comparison/sd_o,0,70,0.0,0.0
alu_operand_c_ex_o_tag + tcr_logical/sd_o,0,70,0.0,0.0
alu_operand_c_ex_o_tag + tcr_load_store/sd_o,0,70,0.0,0.0
rf_reg[24] + tpr_arith/sd_o,0,70,0.0,0.0
rf_reg[24] + tpr_branch/sd_o,0,70,0.0,0.0
rf_reg[24] + tpr_jump/sd_o,0,70,0.0,0.0
rf_reg[24] + tpr_shift/sd_o,0,70,0.0,0.0
rf_reg[24] + tpr_comparison/sd_o,0,70,0.0,0.0
rf_reg[24] + tpr_logical/sd_o,0,70,0.0,0.0
rf_reg[24] + tpr_load_store_mode/sd_o,0,70,0.0,0.0
rf_reg[24] + tpr_load_store_enable/sd_o,0,70,0.0,0.0
rf_reg[24] + tcr_arith/sd_o,0,70,0.0,0.0
rf_reg[24] + tcr_branch/sd_o,0,70,0.0,0.0
rf_reg[24] + tcr_jump/sd_o,0,70,0.0,0.0
rf_reg[24] + tcr_shift/sd_o,0,70,0.0,0.0
rf_reg[24] + tcr_comparison/sd_o,0,70,0.0,0.0
rf_reg[24] + tcr_logical/sd_o,0,70,0.0,0.0
rf_reg[24] + tcr_load_store/sd_o,0,70,0.0,0.0
rf_reg[25] + tpr_arith/sd_o,0,70,0.0,0.0
rf_reg[25] + tpr_branch/sd_o,0,70,0.0,0.0
rf_reg[25] + tpr_jump/sd_o,0,70,0.0,0.0
rf_reg[25] + tpr_shift/sd_o,0,70,0.0,0.0
rf_reg[25] + tpr_comparison/sd_o,0,70,0.0,0.0
rf_reg[25] + tpr_logical/sd_o,0,70,0.0,0.0
rf_reg[25] + tpr_load_store_mode/sd_o,0,70,0.0,0.0
rf_reg[25] + tpr_load_store_enable/sd_o,0,70,0.0,0.0
rf_reg[25] + tcr_arith/sd_o,0,70,0.0,0.0
rf_reg[25] + tcr_branch/sd_o,0,70,0.0,0.0
rf_reg[25] + tcr_jump/sd_o,0,70,0.0,0.0
rf_reg[25] + tcr_shift/sd_o,0,70,0.0,0.0
rf_reg[25] + tcr_comparison/sd_o,0,70,0.0,0.0
rf_reg[25] + tcr_logical/sd_o,0,70,0.0,0.0
rf_reg[25] + tcr_load_store/sd_o,0,70,0.0,0.0
rf_reg[26] + tpr_arith/sd_o,0,70,0.0,0.0
rf_reg[26] + tpr_branch/sd_o,0,70,0.0,0.0
rf_reg[26] + tpr_jump/sd_o,0,70,0.0,0.0
rf_reg[26] + tpr_shift/sd_o,0,70,0.0,0.0
rf_reg[26] + tpr_comparison/sd_o,0,70,0.0,0.0
rf_reg[26] + tpr_logical/sd_o,0,70,0.0,0.0
rf_reg[26] + tpr_load_store_mode/sd_o,0,70,0.0,0.0
rf_reg[26] + tpr_load_store_enable/sd_o,0,70,0.0,0.0
rf_reg[26] + tcr_arith/sd_o,0,70,0.0,0.0
rf_reg[26] + tcr_branch/sd_o,0,70,0.0,0.0
rf_reg[26] + tcr_jump/sd_o,0,70,0.0,0.0
rf_reg[26] + tcr_shift/sd_o,0,70,0.0,0.0
rf_reg[26] + tcr_comparison/sd_o,0,70,0.0,0.0
rf_reg[26] + tcr_logical/sd_o,0,70,0.0,0.0
rf_reg[26] + tcr_load_store/sd_o,0,70,0.0,0.0
rf_reg[27] + tpr_arith/sd_o,0,70,0.0,0.0
rf_reg[27] + tpr_branch/sd_o,0,70,0.0,0.0
rf_reg[27] + tpr_jump/sd_o,0,70,0.0,0.0
rf_reg[27] + tpr_shift/sd_o,0,70,0.0,0.0
rf_reg[27] + tpr_comparison/sd_o,0,70,0.0,0.0
rf_reg[27] + tpr_logical/sd_o,0,70,0.0,0.0
rf_reg[27] + tpr_load_store_mode/sd_o,0,70,0.0,0.0
rf_reg[27] + tpr_load_store_enable/sd_o,0,70,0.0,0.0
rf_reg[27] + tcr_arith/sd_o,0,70,0.0,0.0
rf_reg[27] + tcr_branch/sd_o,0,70,0.0,0.0
rf_reg[27] + tcr_jump/sd_o,0,70,0.0,0.0
rf_reg[27] + tcr_shift/sd_o,0,70,0.0,0.0
rf_reg[27] + tcr_comparison/sd_o,0,70,0.0,0.0
rf_reg[27] + tcr_logical/sd_o,0,70,0.0,0.0
rf_reg[27] + tcr_load_store/sd_o,0,70,0.0,0.0
rf_reg[28] + tpr_arith/sd_o,0,70,0.0,0.0
rf_reg[28] + tpr_branch/sd_o,0,70,0.0,0.0
rf_reg[28] + tpr_jump/sd_o,0,70,0.0,0.0
rf_reg[28] + tpr_shift/sd_o,0,70,0.0,0.0
rf_reg[28] + tpr_comparison/sd_o,0,70,0.0,0.0
rf_reg[28] + tpr_logical/sd_o,0,70,0.0,0.0
rf_reg[28] + tpr_load_store_mode/sd_o,0,70,0.0,0.0
rf_reg[28] + tpr_load_store_enable/sd_o,0,70,0.0,0.0
rf_reg[28] + tcr_arith/sd_o,0,70,0.0,0.0
rf_reg[28] + tcr_branch/sd_o,0,70,0.0,0.0
rf_reg[28] + tcr_jump/sd_o,0,70,0.0,0.0
rf_reg[28] + tcr_shift/sd_o,0,70,0.0,0.0
rf_reg[28] + tcr_comparison/sd_o,0,70,0.0,0.0
rf_reg[28] + tcr_logical/sd_o,0,70,0.0,0.0
rf_reg[28] + tcr_load_store/sd_o,0,70,0.0,0.0
rf_reg[29] + tpr_arith/sd_o,0,70,0.0,0.0
rf_reg[29] + tpr_branch/sd_o,0,70,0.0,0.0
rf_reg[29] + tpr_jump/sd_o,0,70,0.0,0.0
rf_reg[29] + tpr_shift/sd_o,0,70,0.0,0.0
rf_reg[29] + tpr_comparison/sd_o,0,70,0.0,0.0
rf_reg[29] + tpr_logical/sd_o,0,70,0.0,0.0
rf_reg[29] + tpr_load_store_mode/sd_o,0,70,0.0,0.0
rf_reg[29] + tpr_load_store_enable/sd_o,0,70,0.0,0.0
rf_reg[29] + tcr_arith/sd_o,0,70,0.0,0.0
rf_reg[29] + tcr_branch/sd_o,0,70,0.0,0.0
rf_reg[29] + tcr_jump/sd_o,0,70,0.0,0.0
rf_reg[29] + tcr_shift/sd_o,0,70,0.0,0.0
rf_reg[29] + tcr_comparison/sd_o,0,70,0.0,0.0
rf_reg[29] + tcr_logical/sd_o,0,70,0.0,0.0
rf_reg[29] + tcr_load_store/sd_o,0,70,0.0,0.0
rf_reg[30] + tpr_arith/sd_o,0,70,0.0,0.0
rf_reg[30] + tpr_branch/sd_o,0,70,0.0,0.0
rf_reg[30] + tpr_jump/sd_o,0,70,0.0,0.0
rf_reg[30] + tpr_shift/sd_o,0,70,0.0,0.0
rf_reg[30] + tpr_comparison/sd_o,0,70,0.0,0.0
rf_reg[30] + tpr_logical/sd_o,0,70,0.0,0.0
rf_reg[30] + tpr_load_store_mode/sd_o,0,70,0.0,0.0
rf_reg[30] + tpr_load_store_enable/sd_o,0,70,0.0,0.0
rf_reg[30] + tcr_arith/sd_o,0,70,0.0,0.0
rf_reg[30] + tcr_branch/sd_o,0,70,0.0,0.0
rf_reg[30] + tcr_jump/sd_o,0,70,0.0,0.0
rf_reg[30] + tcr_shift/sd_o,0,70,0.0,0.0
rf_reg[30] + tcr_comparison/sd_o,0,70,0.0,0.0
rf_reg[30] + tcr_logical/sd_o,0,70,0.0,0.0
rf_reg[30] + tcr_load_store/sd_o,0,70,0.0,0.0
rf_reg[31] + tpr_arith/sd_o,0,70,0.0,0.0
rf_reg[31] + tpr_branch/sd_o,0,70,0.0,0.0
rf_reg[31] + tpr_jump/sd_o,0,70,0.0,0.0
rf_reg[31] + tpr_shift/sd_o,0,70,0.0,0.0
rf_reg[31] + tpr_comparison/sd_o,0,70,0.0,0.0
rf_reg[31] + tpr_logical/sd_o,0,70,0.0,0.0
rf_reg[31] + tpr_load_store_mode/sd_o,0,70,0.0,0.0
rf_reg[31] + tpr_load_store_enable/sd_o,0,70,0.0,0.0
rf_reg[31] + tcr_arith/sd_o,0,70,0.0,0.0
rf_reg[31] + tcr_branch/sd_o,0,70,0.0,0.0
rf_reg[31] + tcr_jump/sd_o,0,70,0.0,0.0
rf_reg[31] + tcr_shift/sd_o,0,70,0.0,0.0
rf_reg[31] + tcr_comparison/sd_o,0,70,0.0,0.0
rf_reg[31] + tcr_logical/sd_o,0,70,0.0,0.0
rf_reg[31] + tcr_load_store/sd_o,0,70,0.0,0.0
rs1_o_tag + tpr_arith/sd_o,0,70,0.0,0.0
rs1_o_tag + tpr_branch/sd_o,0,70,0.0,0.0
rs1_o_tag + tpr_jump/sd_o,0,70,0.0,0.0
rs1_o_tag + tpr_shift/sd_o,0,70,0.0,0.0
rs1_o_tag + tpr_comparison/sd_o,0,70,0.0,0.0
rs1_o_tag + tpr_logical/sd_o,0,70,0.0,0.0
rs1_o_tag + tpr_load_store_mode/sd_o,0,70,0.0,0.0
rs1_o_tag + tpr_load_store_enable/sd_o,0,70,0.0,0.0
rs1_o_tag + tcr_arith/sd_o,0,70,0.0,0.0
rs1_o_tag + tcr_branch/sd_o,0,70,0.0,0.0
rs1_o_tag + tcr_jump/sd_o,0,70,0.0,0.0
rs1_o_tag + tcr_shift/sd_o,0,70,0.0,0.0
rs1_o_tag + tcr_comparison/sd_o,0,70,0.0,0.0
rs1_o_tag + tcr_logical/sd_o,0,70,0.0,0.0
rs1_o_tag + tcr_load_store/sd_o,0,70,0.0,0.0
data_we_q_tag + tpr_arith/sd_o,0,70,0.0,0.0
data_we_q_tag + tpr_branch/sd_o,0,70,0.0,0.0
data_we_q_tag + tpr_jump/sd_o,0,70,0.0,0.0
data_we_q_tag + tpr_shift/sd_o,0,70,0.0,0.0
data_we_q_tag + tpr_comparison/sd_o,0,70,0.0,0.0
data_we_q_tag + tpr_logical/sd_o,0,70,0.0,0.0
data_we_q_tag + tpr_load_store_mode/sd_o,0,70,0.0,0.0
data_we_q_tag + tpr_load_store_enable/sd_o,0,70,0.0,0.0
data_we_q_tag + tcr_arith/sd_o,0,70,0.0,0.0
data_we_q_tag + tcr_branch/sd_o,0,70,0.0,0.0
data_we_q_tag + tcr_jump/sd_o,0,70,0.0,0.0
data_we_q_tag + tcr_shift/sd_o,0,70,0.0,0.0
data_we_q_tag + tcr_comparison/sd_o,0,70,0.0,0.0
data_we_q_tag + tcr_logical/sd_o,0,70,0.0,0.0
data_we_q_tag + tcr_load_store/sd_o,0,70,0.0,0.0
pc_if_o_tag/sd_o + tpr_arith/sd_o,0,70,0.0,0.0
pc_if_o_tag/sd_o + tpr_branch/sd_o,0,70,0.0,0.0
pc_if_o_tag/sd_o + tpr_jump/sd_o,0,70,0.0,0.0
pc_if_o_tag/sd_o + tpr_shift/sd_o,0,70,0.0,0.0
pc_if_o_tag/sd_o + tpr_comparison/sd_o,0,70,0.0,0.0
pc_if_o_tag/sd_o + tpr_logical/sd_o,0,70,0.0,0.0
pc_if_o_tag/sd_o + tpr_load_store_mode/sd_o,0,70,0.0,0.0
pc_if_o_tag/sd_o + tpr_load_store_enable/sd_o,0,70,0.0,0.0
pc_if_o_tag/sd_o + tcr_arith/sd_o,0,70,0.0,0.0
pc_if_o_tag/sd_o + tcr_branch/sd_o,0,70,0.0,0.0
pc_if_o_tag/sd_o + tcr_jump/sd_o,0,70,0.0,0.0
pc_if_o_tag/sd_o + tcr_shift/sd_o,0,70,0.0,0.0
pc_if_o_tag/sd_o + tcr_comparison/sd_o,0,70,0.0,0.0
pc_if_o_tag/sd_o + tcr_logical/sd_o,0,70,0.0,0.0
pc_if_o_tag/sd_o + tcr_load_store/sd_o,0,70,0.0,0.0
pc_if_o_tag/sd_o + tcr_execute/sd_o,0,70,0.0,0.0
pc_id_o_tag/sd_o + tpr_arith/sd_o,0,70,0.0,0.0
pc_id_o_tag/sd_o + tpr_branch/sd_o,0,70,0.0,0.0
pc_id_o_tag/sd_o + tpr_jump/sd_o,0,70,0.0,0.0
pc_id_o_tag/sd_o + tpr_shift/sd_o,0,70,0.0,0.0
pc_id_o_tag/sd_o + tpr_comparison/sd_o,0,70,0.0,0.0
pc_id_o_tag/sd_o + tpr_logical/sd_o,0,70,0.0,0.0
pc_id_o_tag/sd_o + tpr_load_store_mode/sd_o,0,70,0.0,0.0
pc_id_o_tag/sd_o + tpr_load_store_enable/sd_o,0,70,0.0,0.0
pc_id_o_tag/sd_o + tcr_arith/sd_o,0,70,0.0,0.0
pc_id_o_tag/sd_o + tcr_branch/sd_o,0,70,0.0,0.0
pc_id_o_tag/sd_o + tcr_jump/sd_o,0,70,0.0,0.0
pc_id_o_tag/sd_o + tcr_shift/sd_o,0,70,0.0,0.0
pc_id_o_tag/sd_o + tcr_comparison/sd_o,0,70,0.0,0.0
pc_id_o_tag/sd_o + tcr_logical/sd_o,0,70,0.0,0.0
pc_id_o_tag/sd_o + tcr_load_store/sd_o,0,70,0.0,0.0
pc_id_o_tag/sd_o + tcr_execute/sd_o,0,70,0.0,0.0
pc_id_o_tag + tpr_arith/sd_o,0,70,0.0,0.0
pc_id_o_tag + tpr_branch/sd_o,0,70,0.0,0.0
pc_id_o_tag + tpr_jump/sd_o,0,70,0.0,0.0
pc_id_o_tag + tpr_shift/sd_o,0,70,0.0,0.0
sd_o_5 + tpr_arith/sd_o,0,70,0.0,0.0
sd_o_5 + tpr_branch/sd_o,0,70,0.0,0.0
sd_o_5 + tpr_jump/sd_o,0,70,0.0,0.0
sd_o_5 + tpr_shift/sd_o,0,70,0.0,0.0
sd_o_5 + tpr_comparison/sd_o,0,70,0.0,0.0
sd_o_5 + tpr_logical/sd_o,0,70,0.0,0.0
sd_o_5 + tpr_load_store_mode/sd_o,0,70,0.0,0.0
sd_o_5 + tpr_load_store_enable/sd_o,0,70,0.0,0.0
sd_o_5 + tcr_arith/sd_o,0,70,0.0,0.0
sd_o_5 + tcr_branch/sd_o,0,70,0.0,0.0
sd_o_5 + tcr_jump/sd_o,0,70,0.0,0.0
sd_o_5 + tcr_shift/sd_o,0,70,0.0,0.0
sd_o_5 + tcr_comparison/sd_o,0,70,0.0,0.0
sd_o_5 + tcr_logical/sd_o,0,70,0.0,0.0
sd_o_5 + tcr_load_store/sd_o,0,70,0.0,0.0
sd_o_5 + tcr_execute/sd_o,0,70,0.0,0.0
check_d_o_tag + tpr_arith/sd_o,0,70,0.0,0.0
check_d_o_tag + tpr_branch/sd_o,0,70,0.0,0.0
check_d_o_tag + tpr_jump/sd_o,0,70,0.0,0.0
check_d_o_tag + tpr_shift/sd_o,0,70,0.0,0.0
check_d_o_tag + tpr_comparison/sd_o,0,70,0.0,0.0
check_d_o_tag + tpr_logical/sd_o,0,70,0.0,0.0
check_d_o_tag + tpr_load_store_mode/sd_o,0,70,0.0,0.0
check_d_o_tag + tpr_load_store_enable/sd_o,0,70,0.0,0.0
check_d_o_tag + tcr_arith/sd_o,0,70,0.0,0.0
check_d_o_tag + tcr_branch/sd_o,0,70,0.0,0.0
check_d_o_tag + tcr_jump/sd_o,0,70,0.0,0.0
check_d_o_tag + tcr_shift/sd_o,0,70,0.0,0.0
check_d_o_tag + tcr_comparison/sd_o,0,70,0.0,0.0
check_d_o_tag + tcr_logical/sd_o,0,70,0.0,0.0
check_d_o_tag + tcr_load_store/sd_o,0,70,0.0,0.0
alu_operator_o_mode/sd_o + tpr_arith/sd_o,0,70,0.0,0.0
alu_operator_o_mode/sd_o + tpr_branch/sd_o,0,70,0.0,0.0
alu_operator_o_mode/sd_o + tpr_jump/sd_o,0,70,0.0,0.0
alu_operator_o_mode/sd_o + tpr_shift/sd_o,0,70,0.0,0.0
alu_operator_o_mode/sd_o + tpr_comparison/sd_o,0,70,0.0,0.0
alu_operator_o_mode/sd_o + tpr_logical/sd_o,0,70,0.0,0.0
alu_operator_o_mode/sd_o + tpr_load_store_mode/sd_o,0,70,0.0,0.0
alu_operator_o_mode/sd_o + tpr_load_store_enable/sd_o,0,70,0.0,0.0
alu_operator_o_mode/sd_o + tcr_arith/sd_o,0,70,0.0,0.0
alu_operator_o_mode/sd_o + tcr_branch/sd_o,0,70,0.0,0.0
alu_operator_o_mode/sd_o + tcr_jump/sd_o,0,70,0.0,0.0
alu_operator_o_mode/sd_o + tcr_shift/sd_o,0,70,0.0,0.0
alu_operator_o_mode/sd_o + tcr_comparison/sd_o,0,70,0.0,0.0
alu_operator_o_mode/sd_o + tcr_logical/sd_o,0,70,0.0,0.0
alu_operator_o_mode/sd_o + tcr_load_store/sd_o,0,70,0.0,0.0
alu_operator_o_mode/sd_o + tcr_execute/sd_o,0,70,0.0,0.0
store_dest_addr_ex_o_tag/sd_o + tpr_arith/sd_o,0,70,0.0,0.0
store_dest_addr_ex_o_tag/sd_o + tpr_branch/sd_o,0,70,0.0,0.0
store_dest_addr_ex_o_tag/sd_o + tpr_jump/sd_o,0,70,0.0,0.0
store_dest_addr_ex_o_tag/sd_o + tpr_shift/sd_o,0,70,0.0,0.0
store_dest_addr_ex_o_tag/sd_o + tpr_comparison/sd_o,0,70,0.0,0.0
store_dest_addr_ex_o_tag/sd_o + tpr_logical/sd_o,0,70,0.0,0.0
store_dest_addr_ex_o_tag/sd_o + tpr_load_store_mode/sd_o,0,70,0.0,0.0
store_dest_addr_ex_o_tag/sd_o + tpr_load_store_enable/sd_o,0,70,0.0,0.0
store_dest_addr_ex_o_tag/sd_o + tcr_arith/sd_o,0,70,0.0,0.0
store_dest_addr_ex_o_tag/sd_o + tcr_branch/sd_o,0,70,0.0,0.0
store_dest_addr_ex_o_tag/sd_o + tcr_jump/sd_o,0,70,0.0,0.0
store_dest_addr_ex_o_tag/sd_o + tcr_shift/sd_o,0,70,0.0,0.0
store_dest_addr_ex_o_tag/sd_o + tcr_comparison/sd_o,0,70,0.0,0.0
store_dest_addr_ex_o_tag/sd_o + tcr_logical/sd_o,0,70,0.0,0.0
store_dest_addr_ex_o_tag/sd_o + tcr_load_store/sd_o,0,70,0.0,0.0
store_dest_addr_ex_o_tag/sd_o + tcr_execute/sd_o,0,70,0.0,0.0
store_source_ex_o_tag/sd_o + tpr_arith/sd_o,0,70,0.0,0.0
store_source_ex_o_tag/sd_o + tpr_branch/sd_o,0,70,0.0,0.0
store_source_ex_o_tag/sd_o + tpr_jump/sd_o,0,70,0.0,0.0
store_source_ex_o_tag/sd_o + tpr_shift/sd_o,0,70,0.0,0.0
store_source_ex_o_tag/sd_o + tpr_comparison/sd_o,0,70,0.0,0.0
store_source_ex_o_tag/sd_o + tpr_logical/sd_o,0,70,0.0,0.0
store_source_ex_o_tag/sd_o + tpr_load_store_mode/sd_o,0,70,0.0,0.0
store_source_ex_o_tag/sd_o + tpr_load_store_enable/sd_o,0,70,0.0,0.0
store_source_ex_o_tag/sd_o + tcr_arith/sd_o,0,70,0.0,0.0
store_source_ex_o_tag/sd_o + tcr_branch/sd_o,0,70,0.0,0.0
store_source_ex_o_tag/sd_o + tcr_jump/sd_o,0,70,0.0,0.0
store_source_ex_o_tag/sd_o + tcr_shift/sd_o,0,70,0.0,0.0
store_source_ex_o_tag/sd_o + tcr_comparison/sd_o,0,70,0.0,0.0
store_source_ex_o_tag/sd_o + tcr_logical/sd_o,0,70,0.0,0.0
store_source_ex_o_tag/sd_o + tcr_load_store/sd_o,0,70,0.0,0.0
store_source_ex_o_tag/sd_o + tcr_execute/sd_o,0,70,0.0,0.0
tpr_arith/sd_o + use_store_ops_ex_o/sd_o,0,70,0.0,0.0
tpr_branch/sd_o + use_store_ops_ex_o/sd_o,0,70,0.0,0.0
tpr_jump/sd_o + use_store_ops_ex_o/sd_o,0,70,0.0,0.0
tpr_shift/sd_o + use_store_ops_ex_o/sd_o,0,70,0.0,0.0
tpr_comparison/sd_o + use_store_ops_ex_o/sd_o,0,70,0.0,0.0
tpr_logical/sd_o + use_store_ops_ex_o/sd_o,0,70,0.0,0.0
tpr_load_store_mode/sd_o + use_store_ops_ex_o/sd_o,0,70,0.0,0.0
tpr_load_store_enable/sd_o + use_store_ops_ex_o/sd_o,0,70,0.0,0.0
tcr_arith/sd_o + use_store_ops_ex_o/sd_o,0,70,0.0,0.0
tcr_branch/sd_o + use_store_ops_ex_o/sd_o,0,70,0.0,0.0
tcr_jump/sd_o + use_store_ops_ex_o/sd_o,0,70,0.0,0.0
tcr_shift/sd_o + use_store_ops_ex_o/sd_o,0,70,0.0,0.0
tcr_comparison/sd_o + use_store_ops_ex_o/sd_o,0,70,0.0,0.0
tcr_logical/sd_o + use_store_ops_ex_o/sd_o,0,70,0.0,0.0
tcr_load_store/sd_o + use_store_ops_ex_o/sd_o,0,70,0.0,0.0
tcr_execute/sd_o + use_store_ops_ex_o/sd_o,0,70,0.0,0.0
check_s1_o_tag + tpr_arith/sd_o,0,70,0.0,0.0
check_s1_o_tag + tpr_branch/sd_o,0,70,0.0,0.0
check_s1_o_tag + tpr_jump/sd_o,0,70,0.0,0.0
check_s1_o_tag + tpr_shift/sd_o,0,70,0.0,0.0
check_s1_o_tag + tpr_comparison/sd_o,0,70,0.0,0.0
check_s1_o_tag + tpr_logical/sd_o,0,70,0.0,0.0
check_s1_o_tag + tpr_load_store_mode/sd_o,0,70,0.0,0.0
alu_operand_a_ex_o_tag/sd_o + tpr_arith/sd_o,0,70,0.0,0.0
alu_operand_a_ex_o_tag/sd_o + tpr_branch/sd_o,0,70,0.0,0.0
alu_operand_a_ex_o_tag/sd_o + tpr_jump/sd_o,0,70,0.0,0.0
alu_operand_a_ex_o_tag/sd_o + tpr_shift/sd_o,0,70,0.0,0.0
alu_operand_a_ex_o_tag/sd_o + tpr_comparison/sd_o,0,70,0.0,0.0
alu_operand_a_ex_o_tag/sd_o + tpr_logical/sd_o,0,70,0.0,0.0
alu_operand_a_ex_o_tag/sd_o + tpr_load_store_mode/sd_o,0,70,0.0,0.0
alu_operand_a_ex_o_tag/sd_o + tpr_load_store_enable/sd_o,0,70,0.0,0.0
alu_operand_a_ex_o_tag/sd_o + tcr_arith/sd_o,0,70,0.0,0.0
alu_operand_a_ex_o_tag/sd_o + tcr_branch/sd_o,0,70,0.0,0.0
alu_operand_a_ex_o_tag/sd_o + tcr_jump/sd_o,0,70,0.0,0.0
alu_operand_a_ex_o_tag/sd_o + tcr_shift/sd_o,0,70,0.0,0.0
alu_operand_a_ex_o_tag/sd_o + tcr_comparison/sd_o,0,70,0.0,0.0
alu_operand_a_ex_o_tag/sd_o + tcr_logical/sd_o,0,70,0.0,0.0
alu_operand_a_ex_o_tag/sd_o + tcr_load_store/sd_o,0,70,0.0,0.0
alu_operand_a_ex_o_tag/sd_o + tcr_execute/sd_o,0,70,0.0,0.0
alu_operand_b_ex_o_tag/sd_o + tpr_arith/sd_o,0,70,0.0,0.0
alu_operand_b_ex_o_tag/sd_o + tpr_branch/sd_o,0,70,0.0,0.0
alu_operand_b_ex_o_tag/sd_o + tpr_jump/sd_o,0,70,0.0,0.0
alu_operand_b_ex_o_tag/sd_o + tpr_shift/sd_o,0,70,0.0,0.0
alu_operand_b_ex_o_tag/sd_o + tpr_comparison/sd_o,0,70,0.0,0.0
alu_operand_b_ex_o_tag/sd_o + tpr_logical/sd_o,0,70,0.0,0.0
alu_operand_b_ex_o_tag/sd_o + tpr_load_store_mode/sd_o,0,70,0.0,0.0
alu_operand_b_ex_o_tag/sd_o + tpr_load_store_enable/sd_o,0,70,0.0,0.0
alu_operand_b_ex_o_tag/sd_o + tcr_arith/sd_o,0,70,0.0,0.0
alu_operand_b_ex_o_tag/sd_o + tcr_branch/sd_o,0,70,0.0,0.0
alu_operand_b_ex_o_tag/sd_o + tcr_jump/sd_o,0,70,0.0,0.0
alu_operand_b_ex_o_tag/sd_o + tcr_shift/sd_o,0,70,0.0,0.0
alu_operand_b_ex_o_tag/sd_o + tcr_comparison/sd_o,0,70,0.0,0.0
alu_operand_b_ex_o_tag/sd_o + tcr_logical/sd_o,0,70,0.0,0.0
alu_operand_b_ex_o_tag/sd_o + tcr_load_store/sd_o,0,70,0.0,0.0
alu_operand_b_ex_o_tag/sd_o + tcr_execute/sd_o,0,70,0.0,0.0
check_s1_o_tag + tpr_load_store_enable/sd_o,0,70,0.0,0.0
check_s1_o_tag + tcr_arith/sd_o,0,70,0.0,0.0
check_s1_o_tag + tcr_branch/sd_o,0,70,0.0,0.0
check_s1_o_tag + tcr_jump/sd_o,0,70,0.0,0.0
check_s1_o_tag + tcr_shift/sd_o,0,70,0.0,0.0
check_s1_o_tag + tcr_comparison/sd_o,0,70,0.0,0.0
check_s1_o_tag + tcr_logical/sd_o,0,70,0.0,0.0
check_s1_o_tag + tcr_load_store/sd_o,0,70,0.0,0.0
alu_operand_c_ex_o_tag/sd_o + tpr_arith/sd_o,0,70,0.0,0.0
alu_operand_c_ex_o_tag/sd_o + tpr_branch/sd_o,0,70,0.0,0.0
alu_operand_c_ex_o_tag/sd_o + tpr_jump/sd_o,0,70,0.0,0.0
alu_operand_c_ex_o_tag/sd_o + tpr_shift/sd_o,0,70,0.0,0.0
alu_operand_c_ex_o_tag/sd_o + tpr_comparison/sd_o,0,70,0.0,0.0
alu_operand_c_ex_o_tag/sd_o + tpr_logical/sd_o,0,70,0.0,0.0
alu_operand_c_ex_o_tag/sd_o + tpr_load_store_mode/sd_o,0,70,0.0,0.0
alu_operand_c_ex_o_tag/sd_o + tpr_load_store_enable/sd_o,0,70,0.0,0.0
alu_operand_c_ex_o_tag/sd_o + tcr_arith/sd_o,0,70,0.0,0.0
alu_operand_c_ex_o_tag/sd_o + tcr_branch/sd_o,0,70,0.0,0.0
alu_operand_c_ex_o_tag/sd_o + tcr_jump/sd_o,0,70,0.0,0.0
alu_operand_c_ex_o_tag/sd_o + tcr_shift/sd_o,0,70,0.0,0.0
alu_operand_c_ex_o_tag/sd_o + tcr_comparison/sd_o,0,70,0.0,0.0
alu_operand_c_ex_o_tag/sd_o + tcr_logical/sd_o,0,70,0.0,0.0
alu_operand_c_ex_o_tag/sd_o + tcr_load_store/sd_o,0,70,0.0,0.0
alu_operand_c_ex_o_tag/sd_o + tcr_execute/sd_o,0,70,0.0,0.0
check_s1_o_tag/sd_o + tpr_arith/sd_o,0,70,0.0,0.0
check_s1_o_tag/sd_o + tpr_branch/sd_o,0,70,0.0,0.0
check_s1_o_tag/sd_o + tpr_jump/sd_o,0,70,0.0,0.0
check_s1_o_tag/sd_o + tpr_shift/sd_o,0,70,0.0,0.0
check_s1_o_tag/sd_o + tpr_comparison/sd_o,0,70,0.0,0.0
check_s1_o_tag/sd_o + tpr_logical/sd_o,0,70,0.0,0.0
check_s1_o_tag/sd_o + tpr_load_store_mode/sd_o,0,70,0.0,0.0
check_s1_o_tag/sd_o + tpr_load_store_enable/sd_o,0,70,0.0,0.0
check_s1_o_tag/sd_o + tcr_arith/sd_o,0,70,0.0,0.0
check_s1_o_tag/sd_o + tcr_branch/sd_o,0,70,0.0,0.0
check_s1_o_tag/sd_o + tcr_jump/sd_o,0,70,0.0,0.0
check_s1_o_tag/sd_o + tcr_shift/sd_o,0,70,0.0,0.0
check_s1_o_tag/sd_o + tcr_comparison/sd_o,0,70,0.0,0.0
check_s1_o_tag/sd_o + tcr_logical/sd_o,0,70,0.0,0.0
check_s1_o_tag/sd_o + tcr_load_store/sd_o,0,70,0.0,0.0
check_s1_o_tag/sd_o + tcr_execute/sd_o,0,70,0.0,0.0
check_s2_o_tag/sd_o + tpr_arith/sd_o,0,70,0.0,0.0
check_s2_o_tag/sd_o + tpr_branch/sd_o,0,70,0.0,0.0
check_s2_o_tag/sd_o + tpr_jump/sd_o,0,70,0.0,0.0
check_s2_o_tag/sd_o + tpr_shift/sd_o,0,70,0.0,0.0
check_s2_o_tag/sd_o + tpr_comparison/sd_o,0,70,0.0,0.0
check_s2_o_tag/sd_o + tpr_logical/sd_o,0,70,0.0,0.0
check_s2_o_tag/sd_o + tpr_load_store_mode/sd_o,0,70,0.0,0.0
check_s2_o_tag/sd_o + tpr_load_store_enable/sd_o,0,70,0.0,0.0
check_s2_o_tag/sd_o + tcr_arith/sd_o,0,70,0.0,0.0
check_s2_o_tag/sd_o + tcr_branch/sd_o,0,70,0.0,0.0
check_s2_o_tag/sd_o + tcr_jump/sd_o,0,70,0.0,0.0
check_s2_o_tag/sd_o + tcr_shift/sd_o,0,70,0.0,0.0
check_s2_o_tag/sd_o + tcr_comparison/sd_o,0,70,0.0,0.0
check_s2_o_tag/sd_o + tcr_logical/sd_o,0,70,0.0,0.0
check_s2_o_tag/sd_o + tcr_load_store/sd_o,0,70,0.0,0.0
check_s2_o_tag/sd_o + tcr_execute/sd_o,0,70,0.0,0.0
check_d_o_tag/sd_o + tpr_arith/sd_o,0,70,0.0,0.0
check_d_o_tag/sd_o + tpr_branch/sd_o,0,70,0.0,0.0
check_d_o_tag/sd_o + tpr_jump/sd_o,0,70,0.0,0.0
check_d_o_tag/sd_o + tpr_shift/sd_o,0,70,0.0,0.0
check_d_o_tag/sd_o + tpr_comparison/sd_o,0,70,0.0,0.0
check_d_o_tag/sd_o + tpr_logical/sd_o,0,70,0.0,0.0
check_d_o_tag/sd_o + tpr_load_store_mode/sd_o,0,70,0.0,0.0
check_d_o_tag/sd_o + tpr_load_store_enable/sd_o,0,70,0.0,0.0
check_d_o_tag/sd_o + tcr_arith/sd_o,0,70,0.0,0.0
check_d_o_tag/sd_o + tcr_branch/sd_o,0,70,0.0,0.0
check_d_o_tag/sd_o + tcr_jump/sd_o,0,70,0.0,0.0
check_d_o_tag/sd_o + tcr_shift/sd_o,0,70,0.0,0.0
check_d_o_tag/sd_o + tcr_comparison/sd_o,0,70,0.0,0.0
check_d_o_tag/sd_o + tcr_logical/sd_o,0,70,0.0,0.0
check_d_o_tag/sd_o + tcr_load_store/sd_o,0,70,0.0,0.0
check_d_o_tag/sd_o + tcr_execute/sd_o,0,70,0.0,0.0
pc_id_o_tag + tpr_comparison/sd_o,0,70,0.0,0.0
pc_id_o_tag + tpr_logical/sd_o,0,70,0.0,0.0
pc_id_o_tag + tpr_load_store_mode/sd_o,0,70,0.0,0.0
pc_id_o_tag + tpr_load_store_enable/sd_o,0,70,0.0,0.0
pc_id_o_tag + tcr_arith/sd_o,0,70,0.0,0.0
pc_id_o_tag + tcr_branch/sd_o,0,70,0.0,0.0
pc_id_o_tag + tcr_jump/sd_o,0,70,0.0,0.0
pc_id_o_tag + tcr_shift/sd_o,0,70,0.0,0.0
pc_id_o_tag + tcr_comparison/sd_o,0,70,0.0,0.0
pc_id_o_tag + tcr_logical/sd_o,0,70,0.0,0.0
pc_id_o_tag + tcr_load_store/sd_o,0,70,0.0,0.0
check_s2_o_tag + tpr_arith/sd_o,0,70,0.0,0.0
check_s2_o_tag + tpr_branch/sd_o,0,70,0.0,0.0
check_s2_o_tag + tpr_jump/sd_o,0,70,0.0,0.0
check_s2_o_tag + tpr_shift/sd_o,0,70,0.0,0.0
check_s2_o_tag + tpr_comparison/sd_o,0,70,0.0,0.0
check_s2_o_tag + tpr_logical/sd_o,0,70,0.0,0.0
register_set_o_tag/sd_o + tpr_arith/sd_o,0,70,0.0,0.0
register_set_o_tag/sd_o + tpr_branch/sd_o,0,70,0.0,0.0
register_set_o_tag/sd_o + tpr_jump/sd_o,0,70,0.0,0.0
register_set_o_tag/sd_o + tpr_shift/sd_o,0,70,0.0,0.0
register_set_o_tag/sd_o + tpr_comparison/sd_o,0,70,0.0,0.0
register_set_o_tag/sd_o + tpr_logical/sd_o,0,70,0.0,0.0
register_set_o_tag/sd_o + tpr_load_store_mode/sd_o,0,70,0.0,0.0
register_set_o_tag/sd_o + tpr_load_store_enable/sd_o,0,70,0.0,0.0
register_set_o_tag/sd_o + tcr_arith/sd_o,0,70,0.0,0.0
register_set_o_tag/sd_o + tcr_branch/sd_o,0,70,0.0,0.0
register_set_o_tag/sd_o + tcr_jump/sd_o,0,70,0.0,0.0
register_set_o_tag/sd_o + tcr_shift/sd_o,0,70,0.0,0.0
register_set_o_tag/sd_o + tcr_comparison/sd_o,0,70,0.0,0.0
register_set_o_tag/sd_o + tcr_logical/sd_o,0,70,0.0,0.0
register_set_o_tag/sd_o + tcr_load_store/sd_o,0,70,0.0,0.0
register_set_o_tag/sd_o + tcr_execute/sd_o,0,70,0.0,0.0
is_store_post_o_tag/sd_o + tpr_arith/sd_o,0,70,0.0,0.0
is_store_post_o_tag/sd_o + tpr_branch/sd_o,0,70,0.0,0.0
is_store_post_o_tag/sd_o + tpr_jump/sd_o,0,70,0.0,0.0
is_store_post_o_tag/sd_o + tpr_shift/sd_o,0,70,0.0,0.0
is_store_post_o_tag/sd_o + tpr_comparison/sd_o,0,70,0.0,0.0
is_store_post_o_tag/sd_o + tpr_logical/sd_o,0,70,0.0,0.0
is_store_post_o_tag/sd_o + tpr_load_store_mode/sd_o,0,70,0.0,0.0
is_store_post_o_tag/sd_o + tpr_load_store_enable/sd_o,0,70,0.0,0.0
is_store_post_o_tag/sd_o + tcr_arith/sd_o,0,70,0.0,0.0
is_store_post_o_tag/sd_o + tcr_branch/sd_o,0,70,0.0,0.0
is_store_post_o_tag/sd_o + tcr_jump/sd_o,0,70,0.0,0.0
is_store_post_o_tag/sd_o + tcr_shift/sd_o,0,70,0.0,0.0
is_store_post_o_tag/sd_o + tcr_comparison/sd_o,0,70,0.0,0.0
is_store_post_o_tag/sd_o + tcr_logical/sd_o,0,70,0.0,0.0
is_store_post_o_tag/sd_o + tcr_load_store/sd_o,0,70,0.0,0.0
is_store_post_o_tag/sd_o + tcr_execute/sd_o,0,70,0.0,0.0
check_s2_o_tag + tpr_load_store_mode/sd_o,0,70,0.0,0.0
check_s2_o_tag + tpr_load_store_enable/sd_o,0,70,0.0,0.0
check_s2_o_tag + tcr_arith/sd_o,0,70,0.0,0.0
check_s2_o_tag + tcr_branch/sd_o,0,70,0.0,0.0
check_s2_o_tag + tcr_jump/sd_o,0,70,0.0,0.0
check_s2_o_tag + tcr_shift/sd_o,0,70,0.0,0.0
check_s2_o_tag + tcr_comparison/sd_o,0,70,0.0,0.0
check_s2_o_tag + tcr_logical/sd_o,0,70,0.0,0.0
check_s2_o_tag + tcr_load_store/sd_o,0,70,0.0,0.0
memory_set_o_tag/sd_o + tpr_arith/sd_o,0,70,0.0,0.0
memory_set_o_tag/sd_o + tpr_branch/sd_o,0,70,0.0,0.0
memory_set_o_tag/sd_o + tpr_jump/sd_o,0,70,0.0,0.0
memory_set_o_tag/sd_o + tpr_shift/sd_o,0,70,0.0,0.0
memory_set_o_tag/sd_o + tpr_comparison/sd_o,0,70,0.0,0.0
memory_set_o_tag/sd_o + tpr_logical/sd_o,0,70,0.0,0.0
memory_set_o_tag/sd_o + tpr_load_store_mode/sd_o,0,70,0.0,0.0
memory_set_o_tag/sd_o + tpr_load_store_enable/sd_o,0,70,0.0,0.0
memory_set_o_tag/sd_o + tcr_arith/sd_o,0,70,0.0,0.0
memory_set_o_tag/sd_o + tcr_branch/sd_o,0,70,0.0,0.0
memory_set_o_tag/sd_o + tcr_jump/sd_o,0,70,0.0,0.0
memory_set_o_tag/sd_o + tcr_shift/sd_o,0,70,0.0,0.0
memory_set_o_tag/sd_o + tcr_comparison/sd_o,0,70,0.0,0.0
memory_set_o_tag/sd_o + tcr_logical/sd_o,0,70,0.0,0.0
memory_set_o_tag/sd_o + tcr_load_store/sd_o,0,70,0.0,0.0
memory_set_o_tag/sd_o + tcr_execute/sd_o,0,70,0.0,0.0
is_store_post_o_tag + tpr_arith/sd_o,0,70,0.0,0.0
is_store_post_o_tag + tpr_branch/sd_o,0,70,0.0,0.0
is_store_post_o_tag + tpr_jump/sd_o,0,70,0.0,0.0
is_store_post_o_tag + tpr_shift/sd_o,0,70,0.0,0.0
is_store_post_o_tag + tpr_comparison/sd_o,0,70,0.0,0.0
is_store_post_o_tag + tpr_logical/sd_o,0,70,0.0,0.0
is_store_post_o_tag + tpr_load_store_mode/sd_o,0,70,0.0,0.0
is_store_post_o_tag + tpr_load_store_enable/sd_o,0,70,0.0,0.0
is_store_post_o_tag + tcr_arith/sd_o,0,70,0.0,0.0
is_store_post_o_tag + tcr_branch/sd_o,0,70,0.0,0.0
is_store_post_o_tag + tcr_jump/sd_o,0,70,0.0,0.0
is_store_post_o_tag + tcr_shift/sd_o,0,70,0.0,0.0
is_store_post_o_tag + tcr_comparison/sd_o,0,70,0.0,0.0
is_store_post_o_tag + tcr_logical/sd_o,0,70,0.0,0.0
is_store_post_o_tag + tcr_load_store/sd_o,0,70,0.0,0.0
sd_o_rf_tag + tpr_arith/sd_o,0,70,0.0,0.0
sd_o_rf_tag + tpr_branch/sd_o,0,70,0.0,0.0
sd_o_rf_tag + tpr_jump/sd_o,0,70,0.0,0.0
sd_o_rf_tag + tpr_shift/sd_o,0,70,0.0,0.0
sd_o_rf_tag + tpr_comparison/sd_o,0,70,0.0,0.0
sd_o_rf_tag + tpr_logical/sd_o,0,70,0.0,0.0
sd_o_rf_tag + tpr_load_store_mode/sd_o,0,70,0.0,0.0
sd_o_rf_tag + tpr_load_store_enable/sd_o,0,70,0.0,0.0
sd_o_rf_tag + tcr_arith/sd_o,0,70,0.0,0.0
sd_o_rf_tag + tcr_branch/sd_o,0,70,0.0,0.0
sd_o_rf_tag + tcr_jump/sd_o,0,70,0.0,0.0
sd_o_rf_tag + tcr_shift/sd_o,0,70,0.0,0.0
sd_o_rf_tag + tcr_comparison/sd_o,0,70,0.0,0.0
sd_o_rf_tag + tcr_logical/sd_o,0,70,0.0,0.0
sd_o_rf_tag + tcr_load_store/sd_o,0,70,0.0,0.0
rs1_o_tag/sd_o + tpr_arith/sd_o,0,70,0.0,0.0
rs1_o_tag/sd_o + tpr_branch/sd_o,0,70,0.0,0.0
rs1_o_tag/sd_o + tpr_jump/sd_o,0,70,0.0,0.0
rs1_o_tag/sd_o + tpr_shift/sd_o,0,70,0.0,0.0
rs1_o_tag/sd_o + tpr_comparison/sd_o,0,70,0.0,0.0
rs1_o_tag/sd_o + tpr_logical/sd_o,0,70,0.0,0.0
rs1_o_tag/sd_o + tpr_load_store_mode/sd_o,0,70,0.0,0.0
rs1_o_tag/sd_o + tpr_load_store_enable/sd_o,0,70,0.0,0.0
rs1_o_tag/sd_o + tcr_arith/sd_o,0,70,0.0,0.0
rs1_o_tag/sd_o + tcr_branch/sd_o,0,70,0.0,0.0
rs1_o_tag/sd_o + tcr_jump/sd_o,0,70,0.0,0.0
rs1_o_tag/sd_o + tcr_shift/sd_o,0,70,0.0,0.0
rs1_o_tag/sd_o + tcr_comparison/sd_o,0,70,0.0,0.0
rs1_o_tag/sd_o + tcr_logical/sd_o,0,70,0.0,0.0
rs1_o_tag/sd_o + tcr_load_store/sd_o,0,70,0.0,0.0
rs1_o_tag/sd_o + tcr_execute/sd_o,0,70,0.0,0.0
tpr_arith/sd_o + tpr_branch/sd_o,0,70,0.0,0.0
tpr_arith/sd_o + tpr_jump/sd_o,0,70,0.0,0.0
tpr_arith/sd_o + tpr_shift/sd_o,0,70,0.0,0.0
tpr_arith/sd_o + tpr_comparison/sd_o,0,70,0.0,0.0
tpr_arith/sd_o + tpr_logical/sd_o,0,70,0.0,0.0
tpr_arith/sd_o + tpr_load_store_mode/sd_o,0,70,0.0,0.0
tpr_arith/sd_o + tpr_load_store_enable/sd_o,0,70,0.0,0.0
tcr_arith/sd_o + tpr_arith/sd_o,0,70,0.0,0.0
tcr_branch/sd_o + tpr_arith/sd_o,0,70,0.0,0.0
tcr_jump/sd_o + tpr_arith/sd_o,0,70,0.0,0.0
tcr_shift/sd_o + tpr_arith/sd_o,0,70,0.0,0.0
tcr_comparison/sd_o + tpr_arith/sd_o,0,70,0.0,0.0
tcr_logical/sd_o + tpr_arith/sd_o,0,70,0.0,0.0
tcr_load_store/sd_o + tpr_arith/sd_o,0,70,0.0,0.0
tcr_execute/sd_o + tpr_arith/sd_o,0,70,0.0,0.0
data_we_q_tag/sd_o + tpr_arith/sd_o,0,70,0.0,0.0
memory_set_o_tag + tpr_arith/sd_o,0,70,0.0,0.0
memory_set_o_tag + tpr_branch/sd_o,0,70,0.0,0.0
memory_set_o_tag + tpr_jump/sd_o,0,70,0.0,0.0
memory_set_o_tag + tpr_shift/sd_o,0,70,0.0,0.0
memory_set_o_tag + tpr_comparison/sd_o,0,70,0.0,0.0
memory_set_o_tag + tpr_logical/sd_o,0,70,0.0,0.0
rdata_offset_q_tag/sd_o + tpr_arith/sd_o,0,70,0.0,0.0
data_type_q_tag/sd_o + tpr_arith/sd_o,0,70,0.0,0.0
rdata_q_tag/sd_o + tpr_arith/sd_o,0,70,0.0,0.0
tpr_branch/sd_o + tpr_jump/sd_o,0,70,0.0,0.0
tpr_branch/sd_o + tpr_shift/sd_o,0,70,0.0,0.0
tpr_branch/sd_o + tpr_comparison/sd_o,0,70,0.0,0.0
tpr_branch/sd_o + tpr_logical/sd_o,0,70,0.0,0.0
tpr_branch/sd_o + tpr_load_store_mode/sd_o,0,70,0.0,0.0
tpr_branch/sd_o + tpr_load_store_enable/sd_o,0,70,0.0,0.0
tcr_arith/sd_o + tpr_branch/sd_o,0,70,0.0,0.0
tcr_branch/sd_o + tpr_branch/sd_o,0,70,0.0,0.0
tcr_jump/sd_o + tpr_branch/sd_o,0,70,0.0,0.0
tcr_shift/sd_o + tpr_branch/sd_o,0,70,0.0,0.0
tcr_comparison/sd_o + tpr_branch/sd_o,0,70,0.0,0.0
tcr_logical/sd_o + tpr_branch/sd_o,0,70,0.0,0.0
tcr_load_store/sd_o + tpr_branch/sd_o,0,70,0.0,0.0
tcr_execute/sd_o + tpr_branch/sd_o,0,70,0.0,0.0
data_we_q_tag/sd_o + tpr_branch/sd_o,0,70,0.0,0.0
rdata_offset_q_tag/sd_o + tpr_branch/sd_o,0,70,0.0,0.0
data_type_q_tag/sd_o + tpr_branch/sd_o,0,70,0.0,0.0
rdata_q_tag/sd_o + tpr_branch/sd_o,0,70,0.0,0.0
memory_set_o_tag + tpr_load_store_mode/sd_o,0,70,0.0,0.0
memory_set_o_tag + tpr_load_store_enable/sd_o,0,70,0.0,0.0
memory_set_o_tag + tcr_arith/sd_o,0,70,0.0,0.0
memory_set_o_tag + tcr_branch/sd_o,0,70,0.0,0.0
memory_set_o_tag + tcr_jump/sd_o,0,70,0.0,0.0
memory_set_o_tag + tcr_shift/sd_o,0,70,0.0,0.0
memory_set_o_tag + tcr_comparison/sd_o,0,70,0.0,0.0
memory_set_o_tag + tcr_logical/sd_o,0,70,0.0,0.0
memory_set_o_tag + tcr_load_store/sd_o,0,70,0.0,0.0
tpr_jump/sd_o + tpr_shift/sd_o,0,70,0.0,0.0
tpr_comparison/sd_o + tpr_jump/sd_o,0,70,0.0,0.0
tpr_jump/sd_o + tpr_logical/sd_o,0,70,0.0,0.0
tpr_jump/sd_o + tpr_load_store_mode/sd_o,0,70,0.0,0.0
tpr_jump/sd_o + tpr_load_store_enable/sd_o,0,70,0.0,0.0
tcr_arith/sd_o + tpr_jump/sd_o,0,70,0.0,0.0
tcr_branch/sd_o + tpr_jump/sd_o,0,70,0.0,0.0
tcr_jump/sd_o + tpr_jump/sd_o,0,70,0.0,0.0
tcr_shift/sd_o + tpr_jump/sd_o,0,70,0.0,0.0
tcr_comparison/sd_o + tpr_jump/sd_o,0,70,0.0,0.0
tcr_logical/sd_o + tpr_jump/sd_o,0,70,0.0,0.0
tcr_load_store/sd_o + tpr_jump/sd_o,0,70,0.0,0.0
tcr_execute/sd_o + tpr_jump/sd_o,0,70,0.0,0.0
data_we_q_tag/sd_o + tpr_jump/sd_o,0,70,0.0,0.0
rdata_offset_q_tag/sd_o + tpr_jump/sd_o,0,70,0.0,0.0
data_type_q_tag/sd_o + tpr_jump/sd_o,0,70,0.0,0.0
rdata_q_tag/sd_o + tpr_jump/sd_o,0,70,0.0,0.0
tpr_comparison/sd_o + tpr_shift/sd_o,0,70,0.0,0.0
tpr_logical/sd_o + tpr_shift/sd_o,0,70,0.0,0.0
tpr_load_store_mode/sd_o + tpr_shift/sd_o,0,70,0.0,0.0
tpr_load_store_enable/sd_o + tpr_shift/sd_o,0,70,0.0,0.0
tcr_arith/sd_o + tpr_shift/sd_o,0,70,0.0,0.0
tcr_branch/sd_o + tpr_shift/sd_o,0,70,0.0,0.0
tcr_jump/sd_o + tpr_shift/sd_o,0,70,0.0,0.0
tcr_shift/sd_o + tpr_shift/sd_o,0,70,0.0,0.0
tcr_comparison/sd_o + tpr_shift/sd_o,0,70,0.0,0.0
tcr_logical/sd_o + tpr_shift/sd_o,0,70,0.0,0.0
tcr_load_store/sd_o + tpr_shift/sd_o,0,70,0.0,0.0
tcr_execute/sd_o + tpr_shift/sd_o,0,70,0.0,0.0
data_we_q_tag/sd_o + tpr_shift/sd_o,0,70,0.0,0.0
rdata_offset_q_tag/sd_o + tpr_shift/sd_o,0,70,0.0,0.0
data_type_q_tag/sd_o + tpr_shift/sd_o,0,70,0.0,0.0
rdata_q_tag/sd_o + tpr_shift/sd_o,0,70,0.0,0.0
tpr_comparison/sd_o + tpr_logical/sd_o,0,70,0.0,0.0
tpr_comparison/sd_o + tpr_load_store_mode/sd_o,0,70,0.0,0.0
tpr_comparison/sd_o + tpr_load_store_enable/sd_o,0,70,0.0,0.0
tcr_arith/sd_o + tpr_comparison/sd_o,0,70,0.0,0.0
tcr_branch/sd_o + tpr_comparison/sd_o,0,70,0.0,0.0
tcr_jump/sd_o + tpr_comparison/sd_o,0,70,0.0,0.0
tcr_shift/sd_o + tpr_comparison/sd_o,0,70,0.0,0.0
tcr_comparison/sd_o + tpr_comparison/sd_o,0,70,0.0,0.0
tcr_logical/sd_o + tpr_comparison/sd_o,0,70,0.0,0.0
tcr_load_store/sd_o + tpr_comparison/sd_o,0,70,0.0,0.0
tcr_execute/sd_o + tpr_comparison/sd_o,0,70,0.0,0.0
data_we_q_tag/sd_o + tpr_comparison/sd_o,0,70,0.0,0.0
rdata_offset_q_tag/sd_o + tpr_comparison/sd_o,0,70,0.0,0.0
data_type_q_tag/sd_o + tpr_comparison/sd_o,0,70,0.0,0.0
rdata_q_tag/sd_o + tpr_comparison/sd_o,0,70,0.0,0.0
tpr_load_store_mode/sd_o + tpr_logical/sd_o,0,70,0.0,0.0
tpr_load_store_enable/sd_o + tpr_logical/sd_o,0,70,0.0,0.0
tcr_arith/sd_o + tpr_logical/sd_o,0,70,0.0,0.0
tcr_branch/sd_o + tpr_logical/sd_o,0,70,0.0,0.0
tcr_jump/sd_o + tpr_logical/sd_o,0,70,0.0,0.0
tcr_shift/sd_o + tpr_logical/sd_o,0,70,0.0,0.0
tcr_comparison/sd_o + tpr_logical/sd_o,0,70,0.0,0.0
tcr_logical/sd_o + tpr_logical/sd_o,0,70,0.0,0.0
tcr_load_store/sd_o + tpr_logical/sd_o,0,70,0.0,0.0
tcr_execute/sd_o + tpr_logical/sd_o,0,70,0.0,0.0
data_we_q_tag/sd_o + tpr_logical/sd_o,0,70,0.0,0.0
rdata_offset_q_tag/sd_o + tpr_logical/sd_o,0,70,0.0,0.0
data_type_q_tag/sd_o + tpr_logical/sd_o,0,70,0.0,0.0
rdata_q_tag/sd_o + tpr_logical/sd_o,0,70,0.0,0.0
tpr_load_store_enable/sd_o + tpr_load_store_mode/sd_o,0,70,0.0,0.0
tcr_arith/sd_o + tpr_load_store_mode/sd_o,0,70,0.0,0.0
tcr_branch/sd_o + tpr_load_store_mode/sd_o,0,70,0.0,0.0
tcr_jump/sd_o + tpr_load_store_mode/sd_o,0,70,0.0,0.0
tcr_shift/sd_o + tpr_load_store_mode/sd_o,0,70,0.0,0.0
tcr_comparison/sd_o + tpr_load_store_mode/sd_o,0,70,0.0,0.0
tcr_logical/sd_o + tpr_load_store_mode/sd_o,0,70,0.0,0.0
tcr_load_store/sd_o + tpr_load_store_mode/sd_o,0,70,0.0,0.0
tcr_execute/sd_o + tpr_load_store_mode/sd_o,0,70,0.0,0.0
data_we_q_tag/sd_o + tpr_load_store_mode/sd_o,0,70,0.0,0.0
rdata_offset_q_tag/sd_o + tpr_load_store_mode/sd_o,0,70,0.0,0.0
data_type_q_tag/sd_o + tpr_load_store_mode/sd_o,0,70,0.0,0.0
rdata_q_tag/sd_o + tpr_load_store_mode/sd_o,0,70,0.0,0.0
tcr_arith/sd_o + tpr_load_store_enable/sd_o,0,70,0.0,0.0
tcr_branch/sd_o + tpr_load_store_enable/sd_o,0,70,0.0,0.0
tcr_jump/sd_o + tpr_load_store_enable/sd_o,0,70,0.0,0.0
tcr_shift/sd_o + tpr_load_store_enable/sd_o,0,70,0.0,0.0
tcr_comparison/sd_o + tpr_load_store_enable/sd_o,0,70,0.0,0.0
tcr_logical/sd_o + tpr_load_store_enable/sd_o,0,70,0.0,0.0
tcr_load_store/sd_o + tpr_load_store_enable/sd_o,0,70,0.0,0.0
tcr_execute/sd_o + tpr_load_store_enable/sd_o,0,70,0.0,0.0
data_we_q_tag/sd_o + tpr_load_store_enable/sd_o,0,70,0.0,0.0
rdata_offset_q_tag/sd_o + tpr_load_store_enable/sd_o,0,70,0.0,0.0
data_type_q_tag/sd_o + tpr_load_store_enable/sd_o,0,70,0.0,0.0
rdata_q_tag/sd_o + tpr_load_store_enable/sd_o,0,70,0.0,0.0
tcr_arith/sd_o + tcr_branch/sd_o,0,70,0.0,0.0
tcr_arith/sd_o + tcr_jump/sd_o,0,70,0.0,0.0
tcr_arith/sd_o + tcr_shift/sd_o,0,70,0.0,0.0
tcr_arith/sd_o + tcr_comparison/sd_o,0,70,0.0,0.0
tcr_arith/sd_o + tcr_logical/sd_o,0,70,0.0,0.0
tcr_arith/sd_o + tcr_load_store/sd_o,0,70,0.0,0.0
tcr_arith/sd_o + tcr_execute/sd_o,0,70,0.0,0.0
data_we_q_tag/sd_o + tcr_arith/sd_o,0,70,0.0,0.0
rdata_offset_q_tag/sd_o + tcr_arith/sd_o,0,70,0.0,0.0
data_type_q_tag/sd_o + tcr_arith/sd_o,0,70,0.0,0.0
rdata_q_tag/sd_o + tcr_arith/sd_o,0,70,0.0,0.0
tcr_branch/sd_o + tcr_jump/sd_o,0,70,0.0,0.0
tcr_branch/sd_o + tcr_shift/sd_o,0,70,0.0,0.0
tcr_branch/sd_o + tcr_comparison/sd_o,0,70,0.0,0.0
tcr_branch/sd_o + tcr_logical/sd_o,0,70,0.0,0.0
tcr_branch/sd_o + tcr_load_store/sd_o,0,70,0.0,0.0
tcr_branch/sd_o + tcr_execute/sd_o,0,70,0.0,0.0
data_we_q_tag/sd_o + tcr_branch/sd_o,0,70,0.0,0.0
rdata_offset_q_tag/sd_o + tcr_branch/sd_o,0,70,0.0,0.0
data_type_q_tag/sd_o + tcr_branch/sd_o,0,70,0.0,0.0
rdata_q_tag/sd_o + tcr_branch/sd_o,0,70,0.0,0.0
tcr_jump/sd_o + tcr_shift/sd_o,0,70,0.0,0.0
tcr_comparison/sd_o + tcr_jump/sd_o,0,70,0.0,0.0
tcr_jump/sd_o + tcr_logical/sd_o,0,70,0.0,0.0
tcr_jump/sd_o + tcr_load_store/sd_o,0,70,0.0,0.0
tcr_execute/sd_o + tcr_jump/sd_o,0,70,0.0,0.0
data_we_q_tag/sd_o + tcr_jump/sd_o,0,70,0.0,0.0
rdata_offset_q_tag/sd_o + tcr_jump/sd_o,0,70,0.0,0.0
data_type_q_tag/sd_o + tcr_jump/sd_o,0,70,0.0,0.0
rdata_q_tag/sd_o + tcr_jump/sd_o,0,70,0.0,0.0
tcr_comparison/sd_o + tcr_shift/sd_o,0,70,0.0,0.0
tcr_logical/sd_o + tcr_shift/sd_o,0,70,0.0,0.0
tcr_load_store/sd_o + tcr_shift/sd_o,0,70,0.0,0.0
tcr_execute/sd_o + tcr_shift/sd_o,0,70,0.0,0.0
data_we_q_tag/sd_o + tcr_shift/sd_o,0,70,0.0,0.0
rdata_offset_q_tag/sd_o + tcr_shift/sd_o,0,70,0.0,0.0
data_type_q_tag/sd_o + tcr_shift/sd_o,0,70,0.0,0.0
rdata_q_tag/sd_o + tcr_shift/sd_o,0,70,0.0,0.0
tcr_comparison/sd_o + tcr_logical/sd_o,0,70,0.0,0.0
tcr_comparison/sd_o + tcr_load_store/sd_o,0,70,0.0,0.0
tcr_comparison/sd_o + tcr_execute/sd_o,0,70,0.0,0.0
data_we_q_tag/sd_o + tcr_comparison/sd_o,0,70,0.0,0.0
rdata_offset_q_tag/sd_o + tcr_comparison/sd_o,0,70,0.0,0.0
data_type_q_tag/sd_o + tcr_comparison/sd_o,0,70,0.0,0.0
rdata_q_tag/sd_o + tcr_comparison/sd_o,0,70,0.0,0.0
tcr_load_store/sd_o + tcr_logical/sd_o,0,70,0.0,0.0
tcr_execute/sd_o + tcr_logical/sd_o,0,70,0.0,0.0
data_we_q_tag/sd_o + tcr_logical/sd_o,0,70,0.0,0.0
rdata_offset_q_tag/sd_o + tcr_logical/sd_o,0,70,0.0,0.0
data_type_q_tag/sd_o + tcr_logical/sd_o,0,70,0.0,0.0
rdata_q_tag/sd_o + tcr_logical/sd_o,0,70,0.0,0.0
tcr_execute/sd_o + tcr_load_store/sd_o,0,70,0.0,0.0
data_we_q_tag/sd_o + tcr_load_store/sd_o,0,70,0.0,0.0
rdata_offset_q_tag/sd_o + tcr_load_store/sd_o,0,70,0.0,0.0
data_type_q_tag/sd_o + tcr_load_store/sd_o,0,70,0.0,0.0
rdata_q_tag/sd_o + tcr_load_store/sd_o,0,70,0.0,0.0
data_we_q_tag/sd_o + tcr_execute/sd_o,0,70,0.0,0.0
rdata_offset_q_tag/sd_o + tcr_execute/sd_o,0,70,0.0,0.0
data_type_q_tag/sd_o + tcr_execute/sd_o,0,70,0.0,0.0
rdata_q_tag/sd_o + tcr_execute/sd_o,0,70,0.0,0.0
pc_if_o_tag + tpr_arith/sd_o,0,70,0.0,0.0
pc_if_o_tag + tpr_branch/sd_o,0,70,0.0,0.0
pc_if_o_tag + tpr_jump/sd_o,0,70,0.0,0.0
pc_if_o_tag + tpr_shift/sd_o,0,70,0.0,0.0
pc_if_o_tag + tpr_comparison/sd_o,0,70,0.0,0.0
pc_if_o_tag + tpr_logical/sd_o,0,70,0.0,0.0
pc_if_o_tag + tpr_load_store_mode/sd_o,0,70,0.0,0.0
pc_if_o_tag + tpr_load_store_enable/sd_o,0,70,0.0,0.0
pc_if_o_tag + tcr_arith/sd_o,0,70,0.0,0.0
pc_if_o_tag + tcr_branch/sd_o,0,70,0.0,0.0
pc_if_o_tag + tcr_jump/sd_o,0,70,0.0,0.0
pc_if_o_tag + tcr_shift/sd_o,0,70,0.0,0.0
pc_if_o_tag + tcr_comparison/sd_o,0,70,0.0,0.0
pc_if_o_tag + tcr_logical/sd_o,0,70,0.0,0.0
pc_if_o_tag + tcr_load_store/sd_o,0,70,0.0,0.0
alu_operand_a_ex_o_tag + id_group0/sd_o,0,70,0.0,0.0
alu_operand_a_ex_o_tag + id_group1/sd_o,0,70,0.0,0.0
alu_operand_a_ex_o_tag + id_group2/sd_o,0,70,0.0,0.0
alu_operand_a_ex_o_tag + id_group3/sd_o,0,70,0.0,0.0
alu_operand_a_ex_o_tag + id_group4/sd_o,0,70,0.0,0.0
alu_operand_a_ex_o_tag + id_group5/sd_o,0,70,0.0,0.0
alu_operand_a_ex_o_tag + id_group6/sd_o,0,70,0.0,0.0
alu_operand_a_ex_o_tag + id_group7/sd_o,0,70,0.0,0.0
alu_operand_a_ex_o_tag + id_group8/sd_o,0,70,0.0,0.0
alu_operand_a_ex_o_tag + id_group9/sd_o,0,70,0.0,0.0
id_group0/sd_o + register_set_o_tag,0,70,0.0,0.0
id_group1/sd_o + register_set_o_tag,0,70,0.0,0.0
id_group2/sd_o + register_set_o_tag,0,70,0.0,0.0
id_group3/sd_o + register_set_o_tag,0,70,0.0,0.0
id_group4/sd_o + register_set_o_tag,0,70,0.0,0.0
id_group5/sd_o + register_set_o_tag,0,70,0.0,0.0
id_group6/sd_o + register_set_o_tag,0,70,0.0,0.0
id_group7/sd_o + register_set_o_tag,0,70,0.0,0.0
id_group8/sd_o + register_set_o_tag,0,70,0.0,0.0
id_group9/sd_o + register_set_o_tag,0,70,0.0,0.0
csr_group0/sd_o + register_set_o_tag,0,70,0.0,0.0
csr_group1/sd_o + register_set_o_tag,0,70,0.0,0.0
csr_group2/sd_o + register_set_o_tag,0,70,0.0,0.0
csr_group3/sd_o + register_set_o_tag,0,70,0.0,0.0
csr_group4/sd_o + register_set_o_tag,0,70,0.0,0.0
csr_group5/sd_o + register_set_o_tag,0,70,0.0,0.0
csr_group6/sd_o + register_set_o_tag,0,70,0.0,0.0
csr_group7/sd_o + register_set_o_tag,0,70,0.0,0.0
csr_group8/sd_o + register_set_o_tag,0,70,0.0,0.0
csr_group9/sd_o + register_set_o_tag,0,70,0.0,0.0
csr_group10/sd_o + register_set_o_tag,0,70,0.0,0.0
csr_group11/sd_o + register_set_o_tag,0,70,0.0,0.0
csr_group12/sd_o + register_set_o_tag,0,70,0.0,0.0
csr_group13/sd_o + register_set_o_tag,0,70,0.0,0.0
csr_group14/sd_o + register_set_o_tag,0,70,0.0,0.0
csr_group15/sd_o + register_set_o_tag,0,70,0.0,0.0
csr_group16/sd_o + register_set_o_tag,0,70,0.0,0.0
csr_group17/sd_o + register_set_o_tag,0,70,0.0,0.0
csr_group18/sd_o + register_set_o_tag,0,70,0.0,0.0
csr_group19/sd_o + register_set_o_tag,0,70,0.0,0.0
csr_group20/sd_o + register_set_o_tag,0,70,0.0,0.0
lsu_group1/sd_o + register_set_o_tag,0,70,0.0,0.0
lsu_group2/sd_o + register_set_o_tag,0,70,0.0,0.0
lsu_group3/sd_o + register_set_o_tag,0,70,0.0,0.0
lsu_group4/sd_o + register_set_o_tag,0,70,0.0,0.0
lsu_group5/sd_o + register_set_o_tag,0,70,0.0,0.0
alu_operand_a_ex_o_tag + csr_group0/sd_o,0,70,0.0,0.0
alu_operand_a_ex_o_tag + csr_group1/sd_o,0,70,0.0,0.0
alu_operand_a_ex_o_tag + csr_group2/sd_o,0,70,0.0,0.0
alu_operand_a_ex_o_tag + csr_group3/sd_o,0,70,0.0,0.0
alu_operand_a_ex_o_tag + csr_group4/sd_o,0,70,0.0,0.0
alu_operand_a_ex_o_tag + csr_group5/sd_o,0,70,0.0,0.0
alu_operand_a_ex_o_tag + csr_group6/sd_o,0,70,0.0,0.0
alu_operand_a_ex_o_tag + csr_group7/sd_o,0,70,0.0,0.0
alu_operand_a_ex_o_tag + csr_group8/sd_o,0,70,0.0,0.0
alu_operand_a_ex_o_tag + csr_group9/sd_o,0,70,0.0,0.0
alu_operand_a_ex_o_tag + csr_group10/sd_o,0,70,0.0,0.0
id_group0/sd_o + store_dest_addr_ex_o_tag,0,70,0.0,0.0
id_group1/sd_o + store_dest_addr_ex_o_tag,0,70,0.0,0.0
id_group2/sd_o + store_dest_addr_ex_o_tag,0,70,0.0,0.0
id_group3/sd_o + store_dest_addr_ex_o_tag,0,70,0.0,0.0
id_group4/sd_o + store_dest_addr_ex_o_tag,0,70,0.0,0.0
id_group5/sd_o + store_dest_addr_ex_o_tag,0,70,0.0,0.0
id_group6/sd_o + store_dest_addr_ex_o_tag,0,70,0.0,0.0
id_group7/sd_o + store_dest_addr_ex_o_tag,0,70,0.0,0.0
id_group8/sd_o + store_dest_addr_ex_o_tag,0,70,0.0,0.0
id_group9/sd_o + store_dest_addr_ex_o_tag,0,70,0.0,0.0
csr_group0/sd_o + store_dest_addr_ex_o_tag,0,70,0.0,0.0
csr_group1/sd_o + store_dest_addr_ex_o_tag,0,70,0.0,0.0
csr_group2/sd_o + store_dest_addr_ex_o_tag,0,70,0.0,0.0
csr_group3/sd_o + store_dest_addr_ex_o_tag,0,70,0.0,0.0
csr_group4/sd_o + store_dest_addr_ex_o_tag,0,70,0.0,0.0
csr_group5/sd_o + store_dest_addr_ex_o_tag,0,70,0.0,0.0
csr_group6/sd_o + store_dest_addr_ex_o_tag,0,70,0.0,0.0
csr_group7/sd_o + store_dest_addr_ex_o_tag,0,70,0.0,0.0
csr_group8/sd_o + store_dest_addr_ex_o_tag,0,70,0.0,0.0
csr_group9/sd_o + store_dest_addr_ex_o_tag,0,70,0.0,0.0
csr_group10/sd_o + store_dest_addr_ex_o_tag,0,70,0.0,0.0
csr_group11/sd_o + store_dest_addr_ex_o_tag,0,70,0.0,0.0
csr_group12/sd_o + store_dest_addr_ex_o_tag,0,70,0.0,0.0
csr_group13/sd_o + store_dest_addr_ex_o_tag,0,70,0.0,0.0
csr_group14/sd_o + store_dest_addr_ex_o_tag,0,70,0.0,0.0
csr_group15/sd_o + store_dest_addr_ex_o_tag,0,70,0.0,0.0
csr_group16/sd_o + store_dest_addr_ex_o_tag,0,70,0.0,0.0
csr_group17/sd_o + store_dest_addr_ex_o_tag,0,70,0.0,0.0
csr_group18/sd_o + store_dest_addr_ex_o_tag,0,70,0.0,0.0
csr_group19/sd_o + store_dest_addr_ex_o_tag,0,70,0.0,0.0
csr_group20/sd_o + store_dest_addr_ex_o_tag,0,70,0.0,0.0
lsu_group1/sd_o + store_dest_addr_ex_o_tag,0,70,0.0,0.0
lsu_group2/sd_o + store_dest_addr_ex_o_tag,0,70,0.0,0.0
lsu_group3/sd_o + store_dest_addr_ex_o_tag,0,70,0.0,0.0
lsu_group4/sd_o + store_dest_addr_ex_o_tag,0,70,0.0,0.0
lsu_group5/sd_o + store_dest_addr_ex_o_tag,0,70,0.0,0.0
id_group0/sd_o + store_source_ex_o_tag,0,70,0.0,0.0
id_group1/sd_o + store_source_ex_o_tag,0,70,0.0,0.0
id_group2/sd_o + store_source_ex_o_tag,0,70,0.0,0.0
id_group3/sd_o + store_source_ex_o_tag,0,70,0.0,0.0
id_group4/sd_o + store_source_ex_o_tag,0,70,0.0,0.0
id_group5/sd_o + store_source_ex_o_tag,0,70,0.0,0.0
id_group6/sd_o + store_source_ex_o_tag,0,70,0.0,0.0
id_group7/sd_o + store_source_ex_o_tag,0,70,0.0,0.0
id_group8/sd_o + store_source_ex_o_tag,0,70,0.0,0.0
id_group9/sd_o + store_source_ex_o_tag,0,70,0.0,0.0
csr_group0/sd_o + store_source_ex_o_tag,0,70,0.0,0.0
csr_group1/sd_o + store_source_ex_o_tag,0,70,0.0,0.0
csr_group2/sd_o + store_source_ex_o_tag,0,70,0.0,0.0
csr_group3/sd_o + store_source_ex_o_tag,0,70,0.0,0.0
csr_group4/sd_o + store_source_ex_o_tag,0,70,0.0,0.0
csr_group5/sd_o + store_source_ex_o_tag,0,70,0.0,0.0
csr_group6/sd_o + store_source_ex_o_tag,0,70,0.0,0.0
csr_group7/sd_o + store_source_ex_o_tag,0,70,0.0,0.0
csr_group8/sd_o + store_source_ex_o_tag,0,70,0.0,0.0
csr_group9/sd_o + store_source_ex_o_tag,0,70,0.0,0.0
csr_group10/sd_o + store_source_ex_o_tag,0,70,0.0,0.0
csr_group11/sd_o + store_source_ex_o_tag,0,70,0.0,0.0
csr_group12/sd_o + store_source_ex_o_tag,0,70,0.0,0.0
csr_group13/sd_o + store_source_ex_o_tag,0,70,0.0,0.0
csr_group14/sd_o + store_source_ex_o_tag,0,70,0.0,0.0
csr_group15/sd_o + store_source_ex_o_tag,0,70,0.0,0.0
csr_group16/sd_o + store_source_ex_o_tag,0,70,0.0,0.0
csr_group17/sd_o + store_source_ex_o_tag,0,70,0.0,0.0
csr_group18/sd_o + store_source_ex_o_tag,0,70,0.0,0.0
csr_group19/sd_o + store_source_ex_o_tag,0,70,0.0,0.0
csr_group20/sd_o + store_source_ex_o_tag,0,70,0.0,0.0
lsu_group1/sd_o + store_source_ex_o_tag,0,70,0.0,0.0
lsu_group2/sd_o + store_source_ex_o_tag,0,70,0.0,0.0
lsu_group3/sd_o + store_source_ex_o_tag,0,70,0.0,0.0
lsu_group4/sd_o + store_source_ex_o_tag,0,70,0.0,0.0
lsu_group5/sd_o + store_source_ex_o_tag,0,70,0.0,0.0
id_group0/sd_o + use_store_ops_ex_o,0,70,0.0,0.0
id_group1/sd_o + use_store_ops_ex_o,0,70,0.0,0.0
id_group2/sd_o + use_store_ops_ex_o,0,70,0.0,0.0
id_group3/sd_o + use_store_ops_ex_o,0,70,0.0,0.0
id_group4/sd_o + use_store_ops_ex_o,0,70,0.0,0.0
id_group5/sd_o + use_store_ops_ex_o,0,70,0.0,0.0
id_group6/sd_o + use_store_ops_ex_o,0,70,0.0,0.0
id_group7/sd_o + use_store_ops_ex_o,0,70,0.0,0.0
id_group8/sd_o + use_store_ops_ex_o,0,70,0.0,0.0
id_group9/sd_o + use_store_ops_ex_o,0,70,0.0,0.0
csr_group0/sd_o + use_store_ops_ex_o,0,70,0.0,0.0
csr_group1/sd_o + use_store_ops_ex_o,0,70,0.0,0.0
csr_group2/sd_o + use_store_ops_ex_o,0,70,0.0,0.0
csr_group3/sd_o + use_store_ops_ex_o,0,70,0.0,0.0
csr_group4/sd_o + use_store_ops_ex_o,0,70,0.0,0.0
csr_group5/sd_o + use_store_ops_ex_o,0,70,0.0,0.0
csr_group6/sd_o + use_store_ops_ex_o,0,70,0.0,0.0
csr_group7/sd_o + use_store_ops_ex_o,0,70,0.0,0.0
csr_group8/sd_o + use_store_ops_ex_o,0,70,0.0,0.0
csr_group9/sd_o + use_store_ops_ex_o,0,70,0.0,0.0
alu_operand_a_ex_o_tag + csr_group11/sd_o,0,70,0.0,0.0
alu_operand_a_ex_o_tag + csr_group12/sd_o,0,70,0.0,0.0
alu_operand_a_ex_o_tag + csr_group13/sd_o,0,70,0.0,0.0
alu_operand_a_ex_o_tag + csr_group14/sd_o,0,70,0.0,0.0
alu_operand_a_ex_o_tag + csr_group15/sd_o,0,70,0.0,0.0
alu_operand_a_ex_o_tag + csr_group16/sd_o,0,70,0.0,0.0
alu_operand_a_ex_o_tag + csr_group17/sd_o,0,70,0.0,0.0
alu_operand_a_ex_o_tag + csr_group18/sd_o,0,70,0.0,0.0
alu_operand_a_ex_o_tag + csr_group19/sd_o,0,70,0.0,0.0
alu_operand_a_ex_o_tag + csr_group20/sd_o,0,70,0.0,0.0
alu_operand_a_ex_o_tag + lsu_group1/sd_o,0,70,0.0,0.0
alu_operand_a_ex_o_tag + lsu_group2/sd_o,0,70,0.0,0.0
alu_operand_a_ex_o_tag + lsu_group3/sd_o,0,70,0.0,0.0
alu_operand_a_ex_o_tag + lsu_group4/sd_o,0,70,0.0,0.0
csr_group10/sd_o + use_store_ops_ex_o,0,70,0.0,0.0
csr_group11/sd_o + use_store_ops_ex_o,0,70,0.0,0.0
csr_group12/sd_o + use_store_ops_ex_o,0,70,0.0,0.0
csr_group13/sd_o + use_store_ops_ex_o,0,70,0.0,0.0
csr_group14/sd_o + use_store_ops_ex_o,0,70,0.0,0.0
csr_group15/sd_o + use_store_ops_ex_o,0,70,0.0,0.0
csr_group16/sd_o + use_store_ops_ex_o,0,70,0.0,0.0
csr_group17/sd_o + use_store_ops_ex_o,0,70,0.0,0.0
csr_group18/sd_o + use_store_ops_ex_o,0,70,0.0,0.0
csr_group19/sd_o + use_store_ops_ex_o,0,70,0.0,0.0
csr_group20/sd_o + use_store_ops_ex_o,0,70,0.0,0.0
lsu_group1/sd_o + use_store_ops_ex_o,0,70,0.0,0.0
lsu_group2/sd_o + use_store_ops_ex_o,0,70,0.0,0.0
lsu_group3/sd_o + use_store_ops_ex_o,0,70,0.0,0.0
lsu_group4/sd_o + use_store_ops_ex_o,0,70,0.0,0.0
lsu_group5/sd_o + use_store_ops_ex_o,0,70,0.0,0.0
id_group0/sd_o + rf_reg[0],0,70,0.0,0.0
id_group1/sd_o + rf_reg[0],0,70,0.0,0.0
id_group2/sd_o + rf_reg[0],0,70,0.0,0.0
id_group3/sd_o + rf_reg[0],0,70,0.0,0.0
id_group4/sd_o + rf_reg[0],0,70,0.0,0.0
id_group5/sd_o + rf_reg[0],0,70,0.0,0.0
id_group6/sd_o + rf_reg[0],0,70,0.0,0.0
id_group7/sd_o + rf_reg[0],0,70,0.0,0.0
id_group8/sd_o + rf_reg[0],0,70,0.0,0.0
id_group9/sd_o + rf_reg[0],0,70,0.0,0.0
csr_group0/sd_o + rf_reg[0],0,70,0.0,0.0
csr_group1/sd_o + rf_reg[0],0,70,0.0,0.0
csr_group2/sd_o + rf_reg[0],0,70,0.0,0.0
csr_group3/sd_o + rf_reg[0],0,70,0.0,0.0
csr_group4/sd_o + rf_reg[0],0,70,0.0,0.0
csr_group5/sd_o + rf_reg[0],0,70,0.0,0.0
csr_group6/sd_o + rf_reg[0],0,70,0.0,0.0
csr_group7/sd_o + rf_reg[0],0,70,0.0,0.0
csr_group8/sd_o + rf_reg[0],0,70,0.0,0.0
csr_group9/sd_o + rf_reg[0],0,70,0.0,0.0
csr_group10/sd_o + rf_reg[0],0,70,0.0,0.0
csr_group11/sd_o + rf_reg[0],0,70,0.0,0.0
csr_group12/sd_o + rf_reg[0],0,70,0.0,0.0
csr_group13/sd_o + rf_reg[0],0,70,0.0,0.0
csr_group14/sd_o + rf_reg[0],0,70,0.0,0.0
csr_group15/sd_o + rf_reg[0],0,70,0.0,0.0
csr_group16/sd_o + rf_reg[0],0,70,0.0,0.0
csr_group17/sd_o + rf_reg[0],0,70,0.0,0.0
csr_group18/sd_o + rf_reg[0],0,70,0.0,0.0
csr_group19/sd_o + rf_reg[0],0,70,0.0,0.0
csr_group20/sd_o + rf_reg[0],0,70,0.0,0.0
lsu_group1/sd_o + rf_reg[0],0,70,0.0,0.0
lsu_group2/sd_o + rf_reg[0],0,70,0.0,0.0
lsu_group3/sd_o + rf_reg[0],0,70,0.0,0.0
lsu_group4/sd_o + rf_reg[0],0,70,0.0,0.0
lsu_group5/sd_o + rf_reg[0],0,70,0.0,0.0
id_group0/sd_o + rf_reg[1],0,70,0.0,0.0
id_group1/sd_o + rf_reg[1],0,70,0.0,0.0
id_group2/sd_o + rf_reg[1],0,70,0.0,0.0
id_group3/sd_o + rf_reg[1],0,70,0.0,0.0
id_group4/sd_o + rf_reg[1],0,70,0.0,0.0
id_group5/sd_o + rf_reg[1],0,70,0.0,0.0
id_group6/sd_o + rf_reg[1],0,70,0.0,0.0
id_group7/sd_o + rf_reg[1],0,70,0.0,0.0
id_group8/sd_o + rf_reg[1],0,70,0.0,0.0
id_group9/sd_o + rf_reg[1],0,70,0.0,0.0
csr_group0/sd_o + rf_reg[1],0,70,0.0,0.0
csr_group1/sd_o + rf_reg[1],0,70,0.0,0.0
csr_group2/sd_o + rf_reg[1],0,70,0.0,0.0
csr_group3/sd_o + rf_reg[1],0,70,0.0,0.0
csr_group4/sd_o + rf_reg[1],0,70,0.0,0.0
csr_group5/sd_o + rf_reg[1],0,70,0.0,0.0
csr_group6/sd_o + rf_reg[1],0,70,0.0,0.0
csr_group7/sd_o + rf_reg[1],0,70,0.0,0.0
csr_group8/sd_o + rf_reg[1],0,70,0.0,0.0
csr_group9/sd_o + rf_reg[1],0,70,0.0,0.0
csr_group10/sd_o + rf_reg[1],0,70,0.0,0.0
csr_group11/sd_o + rf_reg[1],0,70,0.0,0.0
csr_group12/sd_o + rf_reg[1],0,70,0.0,0.0
csr_group13/sd_o + rf_reg[1],0,70,0.0,0.0
csr_group14/sd_o + rf_reg[1],0,70,0.0,0.0
csr_group15/sd_o + rf_reg[1],0,70,0.0,0.0
csr_group16/sd_o + rf_reg[1],0,70,0.0,0.0
csr_group17/sd_o + rf_reg[1],0,70,0.0,0.0
csr_group18/sd_o + rf_reg[1],0,70,0.0,0.0
csr_group19/sd_o + rf_reg[1],0,70,0.0,0.0
csr_group20/sd_o + rf_reg[1],0,70,0.0,0.0
lsu_group1/sd_o + rf_reg[1],0,70,0.0,0.0
lsu_group2/sd_o + rf_reg[1],0,70,0.0,0.0
lsu_group3/sd_o + rf_reg[1],0,70,0.0,0.0
lsu_group4/sd_o + rf_reg[1],0,70,0.0,0.0
lsu_group5/sd_o + rf_reg[1],0,70,0.0,0.0
id_group0/sd_o + rf_reg[2],0,70,0.0,0.0
id_group1/sd_o + rf_reg[2],0,70,0.0,0.0
id_group2/sd_o + rf_reg[2],0,70,0.0,0.0
id_group3/sd_o + rf_reg[2],0,70,0.0,0.0
id_group4/sd_o + rf_reg[2],0,70,0.0,0.0
alu_operand_a_ex_o_tag + lsu_group5/sd_o,0,70,0.0,0.0
id_group5/sd_o + rf_reg[2],0,70,0.0,0.0
id_group6/sd_o + rf_reg[2],0,70,0.0,0.0
id_group7/sd_o + rf_reg[2],0,70,0.0,0.0
id_group8/sd_o + rf_reg[2],0,70,0.0,0.0
id_group9/sd_o + rf_reg[2],0,70,0.0,0.0
csr_group0/sd_o + rf_reg[2],0,70,0.0,0.0
csr_group1/sd_o + rf_reg[2],0,70,0.0,0.0
csr_group2/sd_o + rf_reg[2],0,70,0.0,0.0
csr_group3/sd_o + rf_reg[2],0,70,0.0,0.0
csr_group4/sd_o + rf_reg[2],0,70,0.0,0.0
csr_group5/sd_o + rf_reg[2],0,70,0.0,0.0
csr_group6/sd_o + rf_reg[2],0,70,0.0,0.0
csr_group7/sd_o + rf_reg[2],0,70,0.0,0.0
csr_group8/sd_o + rf_reg[2],0,70,0.0,0.0
csr_group9/sd_o + rf_reg[2],0,70,0.0,0.0
csr_group10/sd_o + rf_reg[2],0,70,0.0,0.0
csr_group11/sd_o + rf_reg[2],0,70,0.0,0.0
csr_group12/sd_o + rf_reg[2],0,70,0.0,0.0
csr_group13/sd_o + rf_reg[2],0,70,0.0,0.0
csr_group14/sd_o + rf_reg[2],0,70,0.0,0.0
csr_group15/sd_o + rf_reg[2],0,70,0.0,0.0
csr_group16/sd_o + rf_reg[2],0,70,0.0,0.0
csr_group17/sd_o + rf_reg[2],0,70,0.0,0.0
csr_group18/sd_o + rf_reg[2],0,70,0.0,0.0
csr_group19/sd_o + rf_reg[2],0,70,0.0,0.0
csr_group20/sd_o + rf_reg[2],0,70,0.0,0.0
lsu_group1/sd_o + rf_reg[2],0,70,0.0,0.0
lsu_group2/sd_o + rf_reg[2],0,70,0.0,0.0
lsu_group3/sd_o + rf_reg[2],0,70,0.0,0.0
lsu_group4/sd_o + rf_reg[2],0,70,0.0,0.0
lsu_group5/sd_o + rf_reg[2],0,70,0.0,0.0
id_group0/sd_o + rf_reg[3],0,70,0.0,0.0
id_group1/sd_o + rf_reg[3],0,70,0.0,0.0
id_group2/sd_o + rf_reg[3],0,70,0.0,0.0
id_group3/sd_o + rf_reg[3],0,70,0.0,0.0
id_group4/sd_o + rf_reg[3],0,70,0.0,0.0
id_group5/sd_o + rf_reg[3],0,70,0.0,0.0
id_group6/sd_o + rf_reg[3],0,70,0.0,0.0
id_group7/sd_o + rf_reg[3],0,70,0.0,0.0
id_group8/sd_o + rf_reg[3],0,70,0.0,0.0
id_group9/sd_o + rf_reg[3],0,70,0.0,0.0
csr_group0/sd_o + rf_reg[3],0,70,0.0,0.0
csr_group1/sd_o + rf_reg[3],0,70,0.0,0.0
csr_group2/sd_o + rf_reg[3],0,70,0.0,0.0
csr_group3/sd_o + rf_reg[3],0,70,0.0,0.0
csr_group4/sd_o + rf_reg[3],0,70,0.0,0.0
csr_group5/sd_o + rf_reg[3],0,70,0.0,0.0
csr_group6/sd_o + rf_reg[3],0,70,0.0,0.0
csr_group7/sd_o + rf_reg[3],0,70,0.0,0.0
csr_group8/sd_o + rf_reg[3],0,70,0.0,0.0
csr_group9/sd_o + rf_reg[3],0,70,0.0,0.0
csr_group10/sd_o + rf_reg[3],0,70,0.0,0.0
csr_group11/sd_o + rf_reg[3],0,70,0.0,0.0
csr_group12/sd_o + rf_reg[3],0,70,0.0,0.0
csr_group13/sd_o + rf_reg[3],0,70,0.0,0.0
csr_group14/sd_o + rf_reg[3],0,70,0.0,0.0
csr_group15/sd_o + rf_reg[3],0,70,0.0,0.0
csr_group16/sd_o + rf_reg[3],0,70,0.0,0.0
csr_group17/sd_o + rf_reg[3],0,70,0.0,0.0
csr_group18/sd_o + rf_reg[3],0,70,0.0,0.0
csr_group19/sd_o + rf_reg[3],0,70,0.0,0.0
csr_group20/sd_o + rf_reg[3],0,70,0.0,0.0
lsu_group1/sd_o + rf_reg[3],0,70,0.0,0.0
lsu_group2/sd_o + rf_reg[3],0,70,0.0,0.0
lsu_group3/sd_o + rf_reg[3],0,70,0.0,0.0
lsu_group4/sd_o + rf_reg[3],0,70,0.0,0.0
lsu_group5/sd_o + rf_reg[3],0,70,0.0,0.0
id_group0/sd_o + rf_reg[4],0,70,0.0,0.0
id_group1/sd_o + rf_reg[4],0,70,0.0,0.0
id_group2/sd_o + rf_reg[4],0,70,0.0,0.0
id_group3/sd_o + rf_reg[4],0,70,0.0,0.0
id_group4/sd_o + rf_reg[4],0,70,0.0,0.0
id_group5/sd_o + rf_reg[4],0,70,0.0,0.0
id_group6/sd_o + rf_reg[4],0,70,0.0,0.0
id_group7/sd_o + rf_reg[4],0,70,0.0,0.0
id_group8/sd_o + rf_reg[4],0,70,0.0,0.0
id_group9/sd_o + rf_reg[4],0,70,0.0,0.0
csr_group0/sd_o + rf_reg[4],0,70,0.0,0.0
csr_group1/sd_o + rf_reg[4],0,70,0.0,0.0
csr_group2/sd_o + rf_reg[4],0,70,0.0,0.0
csr_group3/sd_o + rf_reg[4],0,70,0.0,0.0
csr_group4/sd_o + rf_reg[4],0,70,0.0,0.0
csr_group5/sd_o + rf_reg[4],0,70,0.0,0.0
csr_group6/sd_o + rf_reg[4],0,70,0.0,0.0
csr_group7/sd_o + rf_reg[4],0,70,0.0,0.0
csr_group8/sd_o + rf_reg[4],0,70,0.0,0.0
csr_group9/sd_o + rf_reg[4],0,70,0.0,0.0
csr_group10/sd_o + rf_reg[4],0,70,0.0,0.0
csr_group11/sd_o + rf_reg[4],0,70,0.0,0.0
csr_group12/sd_o + rf_reg[4],0,70,0.0,0.0
csr_group13/sd_o + rf_reg[4],0,70,0.0,0.0
csr_group14/sd_o + rf_reg[4],0,70,0.0,0.0
csr_group15/sd_o + rf_reg[4],0,70,0.0,0.0
csr_group16/sd_o + rf_reg[4],0,70,0.0,0.0
csr_group17/sd_o + rf_reg[4],0,70,0.0,0.0
csr_group18/sd_o + rf_reg[4],0,70,0.0,0.0
csr_group19/sd_o + rf_reg[4],0,70,0.0,0.0
csr_group20/sd_o + rf_reg[4],0,70,0.0,0.0
alu_operand_b_ex_o_tag + id_group0/sd_o,0,70,0.0,0.0
alu_operand_b_ex_o_tag + id_group1/sd_o,0,70,0.0,0.0
alu_operand_b_ex_o_tag + id_group2/sd_o,0,70,0.0,0.0
alu_operand_b_ex_o_tag + id_group3/sd_o,0,70,0.0,0.0
alu_operand_b_ex_o_tag + id_group4/sd_o,0,70,0.0,0.0
alu_operand_b_ex_o_tag + id_group5/sd_o,0,70,0.0,0.0
alu_operand_b_ex_o_tag + id_group6/sd_o,0,70,0.0,0.0
alu_operand_b_ex_o_tag + id_group7/sd_o,0,70,0.0,0.0
alu_operand_b_ex_o_tag + id_group8/sd_o,0,70,0.0,0.0
alu_operand_b_ex_o_tag + id_group9/sd_o,0,70,0.0,0.0
lsu_group1/sd_o + rf_reg[4],0,70,0.0,0.0
lsu_group2/sd_o + rf_reg[4],0,70,0.0,0.0
lsu_group3/sd_o + rf_reg[4],0,70,0.0,0.0
lsu_group4/sd_o + rf_reg[4],0,70,0.0,0.0
lsu_group5/sd_o + rf_reg[4],0,70,0.0,0.0
id_group0/sd_o + rf_reg[5],0,70,0.0,0.0
id_group1/sd_o + rf_reg[5],0,70,0.0,0.0
id_group2/sd_o + rf_reg[5],0,70,0.0,0.0
id_group3/sd_o + rf_reg[5],0,70,0.0,0.0
id_group4/sd_o + rf_reg[5],0,70,0.0,0.0
id_group5/sd_o + rf_reg[5],0,70,0.0,0.0
id_group6/sd_o + rf_reg[5],0,70,0.0,0.0
id_group7/sd_o + rf_reg[5],0,70,0.0,0.0
id_group8/sd_o + rf_reg[5],0,70,0.0,0.0
id_group9/sd_o + rf_reg[5],0,70,0.0,0.0
csr_group0/sd_o + rf_reg[5],0,70,0.0,0.0
csr_group1/sd_o + rf_reg[5],0,70,0.0,0.0
csr_group2/sd_o + rf_reg[5],0,70,0.0,0.0
csr_group3/sd_o + rf_reg[5],0,70,0.0,0.0
csr_group4/sd_o + rf_reg[5],0,70,0.0,0.0
csr_group5/sd_o + rf_reg[5],0,70,0.0,0.0
csr_group6/sd_o + rf_reg[5],0,70,0.0,0.0
csr_group7/sd_o + rf_reg[5],0,70,0.0,0.0
csr_group8/sd_o + rf_reg[5],0,70,0.0,0.0
csr_group9/sd_o + rf_reg[5],0,70,0.0,0.0
csr_group10/sd_o + rf_reg[5],0,70,0.0,0.0
csr_group11/sd_o + rf_reg[5],0,70,0.0,0.0
csr_group12/sd_o + rf_reg[5],0,70,0.0,0.0
csr_group13/sd_o + rf_reg[5],0,70,0.0,0.0
csr_group14/sd_o + rf_reg[5],0,70,0.0,0.0
csr_group15/sd_o + rf_reg[5],0,70,0.0,0.0
csr_group16/sd_o + rf_reg[5],0,70,0.0,0.0
csr_group17/sd_o + rf_reg[5],0,70,0.0,0.0
csr_group18/sd_o + rf_reg[5],0,70,0.0,0.0
csr_group19/sd_o + rf_reg[5],0,70,0.0,0.0
csr_group20/sd_o + rf_reg[5],0,70,0.0,0.0
lsu_group1/sd_o + rf_reg[5],0,70,0.0,0.0
lsu_group2/sd_o + rf_reg[5],0,70,0.0,0.0
lsu_group3/sd_o + rf_reg[5],0,70,0.0,0.0
lsu_group4/sd_o + rf_reg[5],0,70,0.0,0.0
lsu_group5/sd_o + rf_reg[5],0,70,0.0,0.0
id_group0/sd_o + rf_reg[6],0,70,0.0,0.0
id_group1/sd_o + rf_reg[6],0,70,0.0,0.0
id_group2/sd_o + rf_reg[6],0,70,0.0,0.0
id_group3/sd_o + rf_reg[6],0,70,0.0,0.0
id_group4/sd_o + rf_reg[6],0,70,0.0,0.0
id_group5/sd_o + rf_reg[6],0,70,0.0,0.0
id_group6/sd_o + rf_reg[6],0,70,0.0,0.0
id_group7/sd_o + rf_reg[6],0,70,0.0,0.0
id_group8/sd_o + rf_reg[6],0,70,0.0,0.0
id_group9/sd_o + rf_reg[6],0,70,0.0,0.0
csr_group0/sd_o + rf_reg[6],0,70,0.0,0.0
csr_group1/sd_o + rf_reg[6],0,70,0.0,0.0
csr_group2/sd_o + rf_reg[6],0,70,0.0,0.0
csr_group3/sd_o + rf_reg[6],0,70,0.0,0.0
csr_group4/sd_o + rf_reg[6],0,70,0.0,0.0
csr_group5/sd_o + rf_reg[6],0,70,0.0,0.0
csr_group6/sd_o + rf_reg[6],0,70,0.0,0.0
csr_group7/sd_o + rf_reg[6],0,70,0.0,0.0
csr_group8/sd_o + rf_reg[6],0,70,0.0,0.0
csr_group9/sd_o + rf_reg[6],0,70,0.0,0.0
csr_group10/sd_o + rf_reg[6],0,70,0.0,0.0
csr_group11/sd_o + rf_reg[6],0,70,0.0,0.0
csr_group12/sd_o + rf_reg[6],0,70,0.0,0.0
csr_group13/sd_o + rf_reg[6],0,70,0.0,0.0
csr_group14/sd_o + rf_reg[6],0,70,0.0,0.0
csr_group15/sd_o + rf_reg[6],0,70,0.0,0.0
csr_group16/sd_o + rf_reg[6],0,70,0.0,0.0
csr_group17/sd_o + rf_reg[6],0,70,0.0,0.0
csr_group18/sd_o + rf_reg[6],0,70,0.0,0.0
csr_group19/sd_o + rf_reg[6],0,70,0.0,0.0
csr_group20/sd_o + rf_reg[6],0,70,0.0,0.0
lsu_group1/sd_o + rf_reg[6],0,70,0.0,0.0
lsu_group2/sd_o + rf_reg[6],0,70,0.0,0.0
lsu_group3/sd_o + rf_reg[6],0,70,0.0,0.0
lsu_group4/sd_o + rf_reg[6],0,70,0.0,0.0
lsu_group5/sd_o + rf_reg[6],0,70,0.0,0.0
id_group0/sd_o + rf_reg[7],0,70,0.0,0.0
id_group1/sd_o + rf_reg[7],0,70,0.0,0.0
id_group2/sd_o + rf_reg[7],0,70,0.0,0.0
id_group3/sd_o + rf_reg[7],0,70,0.0,0.0
id_group4/sd_o + rf_reg[7],0,70,0.0,0.0
id_group5/sd_o + rf_reg[7],0,70,0.0,0.0
id_group6/sd_o + rf_reg[7],0,70,0.0,0.0
id_group7/sd_o + rf_reg[7],0,70,0.0,0.0
id_group8/sd_o + rf_reg[7],0,70,0.0,0.0
id_group9/sd_o + rf_reg[7],0,70,0.0,0.0
csr_group0/sd_o + rf_reg[7],0,70,0.0,0.0
csr_group1/sd_o + rf_reg[7],0,70,0.0,0.0
alu_operand_b_ex_o_tag + csr_group0/sd_o,0,70,0.0,0.0
alu_operand_b_ex_o_tag + csr_group1/sd_o,0,70,0.0,0.0
alu_operand_b_ex_o_tag + csr_group2/sd_o,0,70,0.0,0.0
alu_operand_b_ex_o_tag + csr_group3/sd_o,0,70,0.0,0.0
alu_operand_b_ex_o_tag + csr_group4/sd_o,0,70,0.0,0.0
alu_operand_b_ex_o_tag + csr_group5/sd_o,0,70,0.0,0.0
alu_operand_b_ex_o_tag + csr_group6/sd_o,0,70,0.0,0.0
csr_group2/sd_o + rf_reg[7],0,70,0.0,0.0
csr_group3/sd_o + rf_reg[7],0,70,0.0,0.0
csr_group4/sd_o + rf_reg[7],0,70,0.0,0.0
csr_group5/sd_o + rf_reg[7],0,70,0.0,0.0
csr_group6/sd_o + rf_reg[7],0,70,0.0,0.0
csr_group7/sd_o + rf_reg[7],0,70,0.0,0.0
csr_group8/sd_o + rf_reg[7],0,70,0.0,0.0
csr_group9/sd_o + rf_reg[7],0,70,0.0,0.0
csr_group10/sd_o + rf_reg[7],0,70,0.0,0.0
csr_group11/sd_o + rf_reg[7],0,70,0.0,0.0
csr_group12/sd_o + rf_reg[7],0,70,0.0,0.0
csr_group13/sd_o + rf_reg[7],0,70,0.0,0.0
csr_group14/sd_o + rf_reg[7],0,70,0.0,0.0
csr_group15/sd_o + rf_reg[7],0,70,0.0,0.0
csr_group16/sd_o + rf_reg[7],0,70,0.0,0.0
csr_group17/sd_o + rf_reg[7],0,70,0.0,0.0
csr_group18/sd_o + rf_reg[7],0,70,0.0,0.0
csr_group19/sd_o + rf_reg[7],0,70,0.0,0.0
csr_group20/sd_o + rf_reg[7],0,70,0.0,0.0
lsu_group1/sd_o + rf_reg[7],0,70,0.0,0.0
lsu_group2/sd_o + rf_reg[7],0,70,0.0,0.0
lsu_group3/sd_o + rf_reg[7],0,70,0.0,0.0
lsu_group4/sd_o + rf_reg[7],0,70,0.0,0.0
lsu_group5/sd_o + rf_reg[7],0,70,0.0,0.0
id_group0/sd_o + rf_reg[8],0,70,0.0,0.0
id_group1/sd_o + rf_reg[8],0,70,0.0,0.0
id_group2/sd_o + rf_reg[8],0,70,0.0,0.0
id_group3/sd_o + rf_reg[8],0,70,0.0,0.0
id_group4/sd_o + rf_reg[8],0,70,0.0,0.0
id_group5/sd_o + rf_reg[8],0,70,0.0,0.0
id_group6/sd_o + rf_reg[8],0,70,0.0,0.0
id_group7/sd_o + rf_reg[8],0,70,0.0,0.0
id_group8/sd_o + rf_reg[8],0,70,0.0,0.0
id_group9/sd_o + rf_reg[8],0,70,0.0,0.0
csr_group0/sd_o + rf_reg[8],0,70,0.0,0.0
csr_group1/sd_o + rf_reg[8],0,70,0.0,0.0
csr_group2/sd_o + rf_reg[8],0,70,0.0,0.0
csr_group3/sd_o + rf_reg[8],0,70,0.0,0.0
csr_group4/sd_o + rf_reg[8],0,70,0.0,0.0
csr_group5/sd_o + rf_reg[8],0,70,0.0,0.0
csr_group6/sd_o + rf_reg[8],0,70,0.0,0.0
csr_group7/sd_o + rf_reg[8],0,70,0.0,0.0
csr_group8/sd_o + rf_reg[8],0,70,0.0,0.0
csr_group9/sd_o + rf_reg[8],0,70,0.0,0.0
csr_group10/sd_o + rf_reg[8],0,70,0.0,0.0
csr_group11/sd_o + rf_reg[8],0,70,0.0,0.0
csr_group12/sd_o + rf_reg[8],0,70,0.0,0.0
csr_group13/sd_o + rf_reg[8],0,70,0.0,0.0
csr_group14/sd_o + rf_reg[8],0,70,0.0,0.0
csr_group15/sd_o + rf_reg[8],0,70,0.0,0.0
csr_group16/sd_o + rf_reg[8],0,70,0.0,0.0
csr_group17/sd_o + rf_reg[8],0,70,0.0,0.0
csr_group18/sd_o + rf_reg[8],0,70,0.0,0.0
csr_group19/sd_o + rf_reg[8],0,70,0.0,0.0
csr_group20/sd_o + rf_reg[8],0,70,0.0,0.0
lsu_group1/sd_o + rf_reg[8],0,70,0.0,0.0
lsu_group2/sd_o + rf_reg[8],0,70,0.0,0.0
lsu_group3/sd_o + rf_reg[8],0,70,0.0,0.0
lsu_group4/sd_o + rf_reg[8],0,70,0.0,0.0
lsu_group5/sd_o + rf_reg[8],0,70,0.0,0.0
id_group0/sd_o + rf_reg[9],0,70,0.0,0.0
id_group1/sd_o + rf_reg[9],0,70,0.0,0.0
id_group2/sd_o + rf_reg[9],0,70,0.0,0.0
id_group3/sd_o + rf_reg[9],0,70,0.0,0.0
id_group4/sd_o + rf_reg[9],0,70,0.0,0.0
id_group5/sd_o + rf_reg[9],0,70,0.0,0.0
id_group6/sd_o + rf_reg[9],0,70,0.0,0.0
id_group7/sd_o + rf_reg[9],0,70,0.0,0.0
id_group8/sd_o + rf_reg[9],0,70,0.0,0.0
id_group9/sd_o + rf_reg[9],0,70,0.0,0.0
csr_group0/sd_o + rf_reg[9],0,70,0.0,0.0
csr_group1/sd_o + rf_reg[9],0,70,0.0,0.0
csr_group2/sd_o + rf_reg[9],0,70,0.0,0.0
csr_group3/sd_o + rf_reg[9],0,70,0.0,0.0
csr_group4/sd_o + rf_reg[9],0,70,0.0,0.0
csr_group5/sd_o + rf_reg[9],0,70,0.0,0.0
csr_group6/sd_o + rf_reg[9],0,70,0.0,0.0
csr_group7/sd_o + rf_reg[9],0,70,0.0,0.0
csr_group8/sd_o + rf_reg[9],0,70,0.0,0.0
csr_group9/sd_o + rf_reg[9],0,70,0.0,0.0
csr_group10/sd_o + rf_reg[9],0,70,0.0,0.0
csr_group11/sd_o + rf_reg[9],0,70,0.0,0.0
csr_group12/sd_o + rf_reg[9],0,70,0.0,0.0
csr_group13/sd_o + rf_reg[9],0,70,0.0,0.0
csr_group14/sd_o + rf_reg[9],0,70,0.0,0.0
csr_group15/sd_o + rf_reg[9],0,70,0.0,0.0
csr_group16/sd_o + rf_reg[9],0,70,0.0,0.0
csr_group17/sd_o + rf_reg[9],0,70,0.0,0.0
csr_group18/sd_o + rf_reg[9],0,70,0.0,0.0
csr_group19/sd_o + rf_reg[9],0,70,0.0,0.0
csr_group20/sd_o + rf_reg[9],0,70,0.0,0.0
lsu_group1/sd_o + rf_reg[9],0,70,0.0,0.0
lsu_group2/sd_o + rf_reg[9],0,70,0.0,0.0
lsu_group3/sd_o + rf_reg[9],0,70,0.0,0.0
lsu_group4/sd_o + rf_reg[9],0,70,0.0,0.0
lsu_group5/sd_o + rf_reg[9],0,70,0.0,0.0
id_group0/sd_o + rf_reg[10],0,70,0.0,0.0
id_group1/sd_o + rf_reg[10],0,70,0.0,0.0
id_group2/sd_o + rf_reg[10],0,70,0.0,0.0
alu_operand_b_ex_o_tag + csr_group7/sd_o,0,70,0.0,0.0
alu_operand_b_ex_o_tag + csr_group8/sd_o,0,70,0.0,0.0
alu_operand_b_ex_o_tag + csr_group9/sd_o,0,70,0.0,0.0
alu_operand_b_ex_o_tag + csr_group10/sd_o,0,70,0.0,0.0
alu_operand_b_ex_o_tag + csr_group11/sd_o,0,70,0.0,0.0
alu_operand_b_ex_o_tag + csr_group12/sd_o,0,70,0.0,0.0
alu_operand_b_ex_o_tag + csr_group13/sd_o,0,70,0.0,0.0
alu_operand_b_ex_o_tag + csr_group14/sd_o,0,70,0.0,0.0
alu_operand_b_ex_o_tag + csr_group15/sd_o,0,70,0.0,0.0
alu_operand_b_ex_o_tag + csr_group16/sd_o,0,70,0.0,0.0
alu_operand_b_ex_o_tag + csr_group17/sd_o,0,70,0.0,0.0
alu_operand_b_ex_o_tag + csr_group18/sd_o,0,70,0.0,0.0
alu_operand_b_ex_o_tag + csr_group19/sd_o,0,70,0.0,0.0
alu_operand_b_ex_o_tag + csr_group20/sd_o,0,70,0.0,0.0
id_group3/sd_o + rf_reg[10],0,70,0.0,0.0
id_group4/sd_o + rf_reg[10],0,70,0.0,0.0
id_group5/sd_o + rf_reg[10],0,70,0.0,0.0
id_group6/sd_o + rf_reg[10],0,70,0.0,0.0
id_group7/sd_o + rf_reg[10],0,70,0.0,0.0
id_group8/sd_o + rf_reg[10],0,70,0.0,0.0
id_group9/sd_o + rf_reg[10],0,70,0.0,0.0
csr_group0/sd_o + rf_reg[10],0,70,0.0,0.0
csr_group1/sd_o + rf_reg[10],0,70,0.0,0.0
csr_group2/sd_o + rf_reg[10],0,70,0.0,0.0
csr_group3/sd_o + rf_reg[10],0,70,0.0,0.0
csr_group4/sd_o + rf_reg[10],0,70,0.0,0.0
csr_group5/sd_o + rf_reg[10],0,70,0.0,0.0
csr_group6/sd_o + rf_reg[10],0,70,0.0,0.0
csr_group7/sd_o + rf_reg[10],0,70,0.0,0.0
csr_group8/sd_o + rf_reg[10],0,70,0.0,0.0
csr_group9/sd_o + rf_reg[10],0,70,0.0,0.0
csr_group10/sd_o + rf_reg[10],0,70,0.0,0.0
csr_group11/sd_o + rf_reg[10],0,70,0.0,0.0
csr_group12/sd_o + rf_reg[10],0,70,0.0,0.0
csr_group13/sd_o + rf_reg[10],0,70,0.0,0.0
csr_group14/sd_o + rf_reg[10],0,70,0.0,0.0
csr_group15/sd_o + rf_reg[10],0,70,0.0,0.0
csr_group16/sd_o + rf_reg[10],0,70,0.0,0.0
csr_group17/sd_o + rf_reg[10],0,70,0.0,0.0
csr_group18/sd_o + rf_reg[10],0,70,0.0,0.0
csr_group19/sd_o + rf_reg[10],0,70,0.0,0.0
csr_group20/sd_o + rf_reg[10],0,70,0.0,0.0
lsu_group1/sd_o + rf_reg[10],0,70,0.0,0.0
lsu_group2/sd_o + rf_reg[10],0,70,0.0,0.0
lsu_group3/sd_o + rf_reg[10],0,70,0.0,0.0
lsu_group4/sd_o + rf_reg[10],0,70,0.0,0.0
lsu_group5/sd_o + rf_reg[10],0,70,0.0,0.0
id_group0/sd_o + rf_reg[11],0,70,0.0,0.0
id_group1/sd_o + rf_reg[11],0,70,0.0,0.0
id_group2/sd_o + rf_reg[11],0,70,0.0,0.0
id_group3/sd_o + rf_reg[11],0,70,0.0,0.0
id_group4/sd_o + rf_reg[11],0,70,0.0,0.0
id_group5/sd_o + rf_reg[11],0,70,0.0,0.0
id_group6/sd_o + rf_reg[11],0,70,0.0,0.0
id_group7/sd_o + rf_reg[11],0,70,0.0,0.0
id_group8/sd_o + rf_reg[11],0,70,0.0,0.0
id_group9/sd_o + rf_reg[11],0,70,0.0,0.0
csr_group0/sd_o + rf_reg[11],0,70,0.0,0.0
csr_group1/sd_o + rf_reg[11],0,70,0.0,0.0
csr_group2/sd_o + rf_reg[11],0,70,0.0,0.0
csr_group3/sd_o + rf_reg[11],0,70,0.0,0.0
csr_group4/sd_o + rf_reg[11],0,70,0.0,0.0
csr_group5/sd_o + rf_reg[11],0,70,0.0,0.0
csr_group6/sd_o + rf_reg[11],0,70,0.0,0.0
csr_group7/sd_o + rf_reg[11],0,70,0.0,0.0
csr_group8/sd_o + rf_reg[11],0,70,0.0,0.0
csr_group9/sd_o + rf_reg[11],0,70,0.0,0.0
csr_group10/sd_o + rf_reg[11],0,70,0.0,0.0
csr_group11/sd_o + rf_reg[11],0,70,0.0,0.0
csr_group12/sd_o + rf_reg[11],0,70,0.0,0.0
csr_group13/sd_o + rf_reg[11],0,70,0.0,0.0
csr_group14/sd_o + rf_reg[11],0,70,0.0,0.0
csr_group15/sd_o + rf_reg[11],0,70,0.0,0.0
csr_group16/sd_o + rf_reg[11],0,70,0.0,0.0
csr_group17/sd_o + rf_reg[11],0,70,0.0,0.0
csr_group18/sd_o + rf_reg[11],0,70,0.0,0.0
csr_group19/sd_o + rf_reg[11],0,70,0.0,0.0
csr_group20/sd_o + rf_reg[11],0,70,0.0,0.0
lsu_group1/sd_o + rf_reg[11],0,70,0.0,0.0
lsu_group2/sd_o + rf_reg[11],0,70,0.0,0.0
lsu_group3/sd_o + rf_reg[11],0,70,0.0,0.0
lsu_group4/sd_o + rf_reg[11],0,70,0.0,0.0
lsu_group5/sd_o + rf_reg[11],0,70,0.0,0.0
id_group0/sd_o + rf_reg[12],0,70,0.0,0.0
id_group1/sd_o + rf_reg[12],0,70,0.0,0.0
id_group2/sd_o + rf_reg[12],0,70,0.0,0.0
id_group3/sd_o + rf_reg[12],0,70,0.0,0.0
id_group4/sd_o + rf_reg[12],0,70,0.0,0.0
id_group5/sd_o + rf_reg[12],0,70,0.0,0.0
id_group6/sd_o + rf_reg[12],0,70,0.0,0.0
id_group7/sd_o + rf_reg[12],0,70,0.0,0.0
id_group8/sd_o + rf_reg[12],0,70,0.0,0.0
id_group9/sd_o + rf_reg[12],0,70,0.0,0.0
csr_group0/sd_o + rf_reg[12],0,70,0.0,0.0
csr_group1/sd_o + rf_reg[12],0,70,0.0,0.0
csr_group2/sd_o + rf_reg[12],0,70,0.0,0.0
csr_group3/sd_o + rf_reg[12],0,70,0.0,0.0
csr_group4/sd_o + rf_reg[12],0,70,0.0,0.0
csr_group5/sd_o + rf_reg[12],0,70,0.0,0.0
csr_group6/sd_o + rf_reg[12],0,70,0.0,0.0
csr_group7/sd_o + rf_reg[12],0,70,0.0,0.0
csr_group8/sd_o + rf_reg[12],0,70,0.0,0.0
csr_group9/sd_o + rf_reg[12],0,70,0.0,0.0
csr_group10/sd_o + rf_reg[12],0,70,0.0,0.0
csr_group11/sd_o + rf_reg[12],0,70,0.0,0.0
csr_group12/sd_o + rf_reg[12],0,70,0.0,0.0
csr_group13/sd_o + rf_reg[12],0,70,0.0,0.0
csr_group14/sd_o + rf_reg[12],0,70,0.0,0.0
csr_group15/sd_o + rf_reg[12],0,70,0.0,0.0
csr_group16/sd_o + rf_reg[12],0,70,0.0,0.0
csr_group17/sd_o + rf_reg[12],0,70,0.0,0.0
csr_group18/sd_o + rf_reg[12],0,70,0.0,0.0
csr_group19/sd_o + rf_reg[12],0,70,0.0,0.0
csr_group20/sd_o + rf_reg[12],0,70,0.0,0.0
lsu_group1/sd_o + rf_reg[12],0,70,0.0,0.0
alu_operand_b_ex_o_tag + lsu_group1/sd_o,0,70,0.0,0.0
alu_operand_b_ex_o_tag + lsu_group2/sd_o,0,70,0.0,0.0
alu_operand_b_ex_o_tag + lsu_group3/sd_o,0,70,0.0,0.0
alu_operand_b_ex_o_tag + lsu_group4/sd_o,0,70,0.0,0.0
alu_operand_b_ex_o_tag + lsu_group5/sd_o,0,70,0.0,0.0
lsu_group2/sd_o + rf_reg[12],0,70,0.0,0.0
lsu_group3/sd_o + rf_reg[12],0,70,0.0,0.0
lsu_group4/sd_o + rf_reg[12],0,70,0.0,0.0
lsu_group5/sd_o + rf_reg[12],0,70,0.0,0.0
id_group0/sd_o + rf_reg[13],0,70,0.0,0.0
id_group1/sd_o + rf_reg[13],0,70,0.0,0.0
id_group2/sd_o + rf_reg[13],0,70,0.0,0.0
id_group3/sd_o + rf_reg[13],0,70,0.0,0.0
id_group4/sd_o + rf_reg[13],0,70,0.0,0.0
id_group5/sd_o + rf_reg[13],0,70,0.0,0.0
id_group6/sd_o + rf_reg[13],0,70,0.0,0.0
id_group7/sd_o + rf_reg[13],0,70,0.0,0.0
id_group8/sd_o + rf_reg[13],0,70,0.0,0.0
id_group9/sd_o + rf_reg[13],0,70,0.0,0.0
csr_group0/sd_o + rf_reg[13],0,70,0.0,0.0
csr_group1/sd_o + rf_reg[13],0,70,0.0,0.0
csr_group2/sd_o + rf_reg[13],0,70,0.0,0.0
csr_group3/sd_o + rf_reg[13],0,70,0.0,0.0
csr_group4/sd_o + rf_reg[13],0,70,0.0,0.0
csr_group5/sd_o + rf_reg[13],0,70,0.0,0.0
csr_group6/sd_o + rf_reg[13],0,70,0.0,0.0
csr_group7/sd_o + rf_reg[13],0,70,0.0,0.0
csr_group8/sd_o + rf_reg[13],0,70,0.0,0.0
csr_group9/sd_o + rf_reg[13],0,70,0.0,0.0
csr_group10/sd_o + rf_reg[13],0,70,0.0,0.0
csr_group11/sd_o + rf_reg[13],0,70,0.0,0.0
csr_group12/sd_o + rf_reg[13],0,70,0.0,0.0
csr_group13/sd_o + rf_reg[13],0,70,0.0,0.0
csr_group14/sd_o + rf_reg[13],0,70,0.0,0.0
csr_group15/sd_o + rf_reg[13],0,70,0.0,0.0
csr_group16/sd_o + rf_reg[13],0,70,0.0,0.0
csr_group17/sd_o + rf_reg[13],0,70,0.0,0.0
csr_group18/sd_o + rf_reg[13],0,70,0.0,0.0
csr_group19/sd_o + rf_reg[13],0,70,0.0,0.0
csr_group20/sd_o + rf_reg[13],0,70,0.0,0.0
lsu_group1/sd_o + rf_reg[13],0,70,0.0,0.0
lsu_group2/sd_o + rf_reg[13],0,70,0.0,0.0
lsu_group3/sd_o + rf_reg[13],0,70,0.0,0.0
lsu_group4/sd_o + rf_reg[13],0,70,0.0,0.0
lsu_group5/sd_o + rf_reg[13],0,70,0.0,0.0
id_group0/sd_o + rf_reg[14],0,70,0.0,0.0
id_group1/sd_o + rf_reg[14],0,70,0.0,0.0
id_group2/sd_o + rf_reg[14],0,70,0.0,0.0
id_group3/sd_o + rf_reg[14],0,70,0.0,0.0
id_group4/sd_o + rf_reg[14],0,70,0.0,0.0
id_group5/sd_o + rf_reg[14],0,70,0.0,0.0
id_group6/sd_o + rf_reg[14],0,70,0.0,0.0
id_group7/sd_o + rf_reg[14],0,70,0.0,0.0
id_group8/sd_o + rf_reg[14],0,70,0.0,0.0
id_group9/sd_o + rf_reg[14],0,70,0.0,0.0
csr_group0/sd_o + rf_reg[14],0,70,0.0,0.0
csr_group1/sd_o + rf_reg[14],0,70,0.0,0.0
csr_group2/sd_o + rf_reg[14],0,70,0.0,0.0
csr_group3/sd_o + rf_reg[14],0,70,0.0,0.0
csr_group4/sd_o + rf_reg[14],0,70,0.0,0.0
csr_group5/sd_o + rf_reg[14],0,70,0.0,0.0
csr_group6/sd_o + rf_reg[14],0,70,0.0,0.0
csr_group7/sd_o + rf_reg[14],0,70,0.0,0.0
csr_group8/sd_o + rf_reg[14],0,70,0.0,0.0
csr_group9/sd_o + rf_reg[14],0,70,0.0,0.0
csr_group10/sd_o + rf_reg[14],0,70,0.0,0.0
csr_group11/sd_o + rf_reg[14],0,70,0.0,0.0
csr_group12/sd_o + rf_reg[14],0,70,0.0,0.0
csr_group13/sd_o + rf_reg[14],0,70,0.0,0.0
csr_group14/sd_o + rf_reg[14],0,70,0.0,0.0
csr_group15/sd_o + rf_reg[14],0,70,0.0,0.0
csr_group16/sd_o + rf_reg[14],0,70,0.0,0.0
csr_group17/sd_o + rf_reg[14],0,70,0.0,0.0
csr_group18/sd_o + rf_reg[14],0,70,0.0,0.0
csr_group19/sd_o + rf_reg[14],0,70,0.0,0.0
csr_group20/sd_o + rf_reg[14],0,70,0.0,0.0
lsu_group1/sd_o + rf_reg[14],0,70,0.0,0.0
lsu_group2/sd_o + rf_reg[14],0,70,0.0,0.0
lsu_group3/sd_o + rf_reg[14],0,70,0.0,0.0
lsu_group4/sd_o + rf_reg[14],0,70,0.0,0.0
lsu_group5/sd_o + rf_reg[14],0,70,0.0,0.0
id_group0/sd_o + rf_reg[15],0,70,0.0,0.0
id_group1/sd_o + rf_reg[15],0,70,0.0,0.0
id_group2/sd_o + rf_reg[15],0,70,0.0,0.0
id_group3/sd_o + rf_reg[15],0,70,0.0,0.0
id_group4/sd_o + rf_reg[15],0,70,0.0,0.0
id_group5/sd_o + rf_reg[15],0,70,0.0,0.0
id_group6/sd_o + rf_reg[15],0,70,0.0,0.0
id_group7/sd_o + rf_reg[15],0,70,0.0,0.0
id_group8/sd_o + rf_reg[15],0,70,0.0,0.0
id_group9/sd_o + rf_reg[15],0,70,0.0,0.0
csr_group0/sd_o + rf_reg[15],0,70,0.0,0.0
csr_group1/sd_o + rf_reg[15],0,70,0.0,0.0
csr_group2/sd_o + rf_reg[15],0,70,0.0,0.0
csr_group3/sd_o + rf_reg[15],0,70,0.0,0.0
csr_group4/sd_o + rf_reg[15],0,70,0.0,0.0
csr_group5/sd_o + rf_reg[15],0,70,0.0,0.0
csr_group6/sd_o + rf_reg[15],0,70,0.0,0.0
csr_group7/sd_o + rf_reg[15],0,70,0.0,0.0
alu_operand_c_ex_o_tag + id_group0/sd_o,0,70,0.0,0.0
alu_operand_c_ex_o_tag + id_group1/sd_o,0,70,0.0,0.0
alu_operand_c_ex_o_tag + id_group2/sd_o,0,70,0.0,0.0
alu_operand_c_ex_o_tag + id_group3/sd_o,0,70,0.0,0.0
alu_operand_c_ex_o_tag + id_group4/sd_o,0,70,0.0,0.0
alu_operand_c_ex_o_tag + id_group5/sd_o,0,70,0.0,0.0
csr_group8/sd_o + rf_reg[15],0,70,0.0,0.0
csr_group9/sd_o + rf_reg[15],0,70,0.0,0.0
csr_group10/sd_o + rf_reg[15],0,70,0.0,0.0
csr_group11/sd_o + rf_reg[15],0,70,0.0,0.0
csr_group12/sd_o + rf_reg[15],0,70,0.0,0.0
csr_group13/sd_o + rf_reg[15],0,70,0.0,0.0
csr_group14/sd_o + rf_reg[15],0,70,0.0,0.0
csr_group15/sd_o + rf_reg[15],0,70,0.0,0.0
csr_group16/sd_o + rf_reg[15],0,70,0.0,0.0
csr_group17/sd_o + rf_reg[15],0,70,0.0,0.0
csr_group18/sd_o + rf_reg[15],0,70,0.0,0.0
csr_group19/sd_o + rf_reg[15],0,70,0.0,0.0
csr_group20/sd_o + rf_reg[15],0,70,0.0,0.0
lsu_group1/sd_o + rf_reg[15],0,70,0.0,0.0
lsu_group2/sd_o + rf_reg[15],0,70,0.0,0.0
lsu_group3/sd_o + rf_reg[15],0,70,0.0,0.0
lsu_group4/sd_o + rf_reg[15],0,70,0.0,0.0
lsu_group5/sd_o + rf_reg[15],0,70,0.0,0.0
id_group0/sd_o + rf_reg[16],0,70,0.0,0.0
id_group1/sd_o + rf_reg[16],0,70,0.0,0.0
id_group2/sd_o + rf_reg[16],0,70,0.0,0.0
id_group3/sd_o + rf_reg[16],0,70,0.0,0.0
id_group4/sd_o + rf_reg[16],0,70,0.0,0.0
id_group5/sd_o + rf_reg[16],0,70,0.0,0.0
id_group6/sd_o + rf_reg[16],0,70,0.0,0.0
id_group7/sd_o + rf_reg[16],0,70,0.0,0.0
id_group8/sd_o + rf_reg[16],0,70,0.0,0.0
id_group9/sd_o + rf_reg[16],0,70,0.0,0.0
csr_group0/sd_o + rf_reg[16],0,70,0.0,0.0
csr_group1/sd_o + rf_reg[16],0,70,0.0,0.0
csr_group2/sd_o + rf_reg[16],0,70,0.0,0.0
csr_group3/sd_o + rf_reg[16],0,70,0.0,0.0
csr_group4/sd_o + rf_reg[16],0,70,0.0,0.0
csr_group5/sd_o + rf_reg[16],0,70,0.0,0.0
csr_group6/sd_o + rf_reg[16],0,70,0.0,0.0
csr_group7/sd_o + rf_reg[16],0,70,0.0,0.0
csr_group8/sd_o + rf_reg[16],0,70,0.0,0.0
csr_group9/sd_o + rf_reg[16],0,70,0.0,0.0
csr_group10/sd_o + rf_reg[16],0,70,0.0,0.0
csr_group11/sd_o + rf_reg[16],0,70,0.0,0.0
csr_group12/sd_o + rf_reg[16],0,70,0.0,0.0
csr_group13/sd_o + rf_reg[16],0,70,0.0,0.0
csr_group14/sd_o + rf_reg[16],0,70,0.0,0.0
csr_group15/sd_o + rf_reg[16],0,70,0.0,0.0
csr_group16/sd_o + rf_reg[16],0,70,0.0,0.0
csr_group17/sd_o + rf_reg[16],0,70,0.0,0.0
csr_group18/sd_o + rf_reg[16],0,70,0.0,0.0
csr_group19/sd_o + rf_reg[16],0,70,0.0,0.0
csr_group20/sd_o + rf_reg[16],0,70,0.0,0.0
lsu_group1/sd_o + rf_reg[16],0,70,0.0,0.0
lsu_group2/sd_o + rf_reg[16],0,70,0.0,0.0
lsu_group3/sd_o + rf_reg[16],0,70,0.0,0.0
lsu_group4/sd_o + rf_reg[16],0,70,0.0,0.0
lsu_group5/sd_o + rf_reg[16],0,70,0.0,0.0
id_group0/sd_o + rf_reg[17],0,70,0.0,0.0
id_group1/sd_o + rf_reg[17],0,70,0.0,0.0
id_group2/sd_o + rf_reg[17],0,70,0.0,0.0
id_group3/sd_o + rf_reg[17],0,70,0.0,0.0
id_group4/sd_o + rf_reg[17],0,70,0.0,0.0
id_group5/sd_o + rf_reg[17],0,70,0.0,0.0
id_group6/sd_o + rf_reg[17],0,70,0.0,0.0
id_group7/sd_o + rf_reg[17],0,70,0.0,0.0
id_group8/sd_o + rf_reg[17],0,70,0.0,0.0
id_group9/sd_o + rf_reg[17],0,70,0.0,0.0
csr_group0/sd_o + rf_reg[17],0,70,0.0,0.0
csr_group1/sd_o + rf_reg[17],0,70,0.0,0.0
csr_group2/sd_o + rf_reg[17],0,70,0.0,0.0
csr_group3/sd_o + rf_reg[17],0,70,0.0,0.0
csr_group4/sd_o + rf_reg[17],0,70,0.0,0.0
csr_group5/sd_o + rf_reg[17],0,70,0.0,0.0
csr_group6/sd_o + rf_reg[17],0,70,0.0,0.0
csr_group7/sd_o + rf_reg[17],0,70,0.0,0.0
csr_group8/sd_o + rf_reg[17],0,70,0.0,0.0
csr_group9/sd_o + rf_reg[17],0,70,0.0,0.0
csr_group10/sd_o + rf_reg[17],0,70,0.0,0.0
csr_group11/sd_o + rf_reg[17],0,70,0.0,0.0
csr_group12/sd_o + rf_reg[17],0,70,0.0,0.0
csr_group13/sd_o + rf_reg[17],0,70,0.0,0.0
csr_group14/sd_o + rf_reg[17],0,70,0.0,0.0
csr_group15/sd_o + rf_reg[17],0,70,0.0,0.0
csr_group16/sd_o + rf_reg[17],0,70,0.0,0.0
csr_group17/sd_o + rf_reg[17],0,70,0.0,0.0
csr_group18/sd_o + rf_reg[17],0,70,0.0,0.0
csr_group19/sd_o + rf_reg[17],0,70,0.0,0.0
csr_group20/sd_o + rf_reg[17],0,70,0.0,0.0
lsu_group1/sd_o + rf_reg[17],0,70,0.0,0.0
lsu_group2/sd_o + rf_reg[17],0,70,0.0,0.0
lsu_group3/sd_o + rf_reg[17],0,70,0.0,0.0
lsu_group4/sd_o + rf_reg[17],0,70,0.0,0.0
lsu_group5/sd_o + rf_reg[17],0,70,0.0,0.0
id_group0/sd_o + rf_reg[18],0,70,0.0,0.0
id_group1/sd_o + rf_reg[18],0,70,0.0,0.0
id_group2/sd_o + rf_reg[18],0,70,0.0,0.0
id_group3/sd_o + rf_reg[18],0,70,0.0,0.0
id_group4/sd_o + rf_reg[18],0,70,0.0,0.0
id_group5/sd_o + rf_reg[18],0,70,0.0,0.0
id_group6/sd_o + rf_reg[18],0,70,0.0,0.0
id_group7/sd_o + rf_reg[18],0,70,0.0,0.0
id_group8/sd_o + rf_reg[18],0,70,0.0,0.0
id_group9/sd_o + rf_reg[18],0,70,0.0,0.0
id_group0/sd_o + pc_id_o_tag,0,70,0.0,0.0
id_group1/sd_o + pc_id_o_tag,0,70,0.0,0.0
id_group2/sd_o + pc_id_o_tag,0,70,0.0,0.0
id_group3/sd_o + pc_id_o_tag,0,70,0.0,0.0
id_group4/sd_o + pc_id_o_tag,0,70,0.0,0.0
id_group5/sd_o + pc_id_o_tag,0,70,0.0,0.0
id_group6/sd_o + pc_id_o_tag,0,70,0.0,0.0
id_group7/sd_o + pc_id_o_tag,0,70,0.0,0.0
id_group8/sd_o + pc_id_o_tag,0,70,0.0,0.0
id_group9/sd_o + pc_id_o_tag,0,70,0.0,0.0
alu_operand_c_ex_o_tag + id_group6/sd_o,0,70,0.0,0.0
alu_operand_c_ex_o_tag + id_group7/sd_o,0,70,0.0,0.0
alu_operand_c_ex_o_tag + id_group8/sd_o,0,70,0.0,0.0
alu_operand_c_ex_o_tag + id_group9/sd_o,0,70,0.0,0.0
alu_operand_c_ex_o_tag + csr_group0/sd_o,0,70,0.0,0.0
alu_operand_c_ex_o_tag + csr_group1/sd_o,0,70,0.0,0.0
alu_operand_c_ex_o_tag + csr_group2/sd_o,0,70,0.0,0.0
csr_group0/sd_o + rf_reg[18],0,70,0.0,0.0
csr_group1/sd_o + rf_reg[18],0,70,0.0,0.0
csr_group2/sd_o + rf_reg[18],0,70,0.0,0.0
csr_group3/sd_o + rf_reg[18],0,70,0.0,0.0
csr_group4/sd_o + rf_reg[18],0,70,0.0,0.0
csr_group5/sd_o + rf_reg[18],0,70,0.0,0.0
csr_group6/sd_o + rf_reg[18],0,70,0.0,0.0
csr_group7/sd_o + rf_reg[18],0,70,0.0,0.0
csr_group8/sd_o + rf_reg[18],0,70,0.0,0.0
csr_group9/sd_o + rf_reg[18],0,70,0.0,0.0
csr_group10/sd_o + rf_reg[18],0,70,0.0,0.0
csr_group11/sd_o + rf_reg[18],0,70,0.0,0.0
csr_group12/sd_o + rf_reg[18],0,70,0.0,0.0
csr_group13/sd_o + rf_reg[18],0,70,0.0,0.0
csr_group14/sd_o + rf_reg[18],0,70,0.0,0.0
csr_group15/sd_o + rf_reg[18],0,70,0.0,0.0
csr_group16/sd_o + rf_reg[18],0,70,0.0,0.0
csr_group17/sd_o + rf_reg[18],0,70,0.0,0.0
csr_group18/sd_o + rf_reg[18],0,70,0.0,0.0
csr_group19/sd_o + rf_reg[18],0,70,0.0,0.0
csr_group20/sd_o + rf_reg[18],0,70,0.0,0.0
lsu_group1/sd_o + rf_reg[18],0,70,0.0,0.0
lsu_group2/sd_o + rf_reg[18],0,70,0.0,0.0
lsu_group3/sd_o + rf_reg[18],0,70,0.0,0.0
lsu_group4/sd_o + rf_reg[18],0,70,0.0,0.0
lsu_group5/sd_o + rf_reg[18],0,70,0.0,0.0
id_group0/sd_o + rf_reg[19],0,70,0.0,0.0
id_group1/sd_o + rf_reg[19],0,70,0.0,0.0
id_group2/sd_o + rf_reg[19],0,70,0.0,0.0
id_group3/sd_o + rf_reg[19],0,70,0.0,0.0
id_group4/sd_o + rf_reg[19],0,70,0.0,0.0
id_group5/sd_o + rf_reg[19],0,70,0.0,0.0
id_group6/sd_o + rf_reg[19],0,70,0.0,0.0
id_group7/sd_o + rf_reg[19],0,70,0.0,0.0
id_group8/sd_o + rf_reg[19],0,70,0.0,0.0
id_group9/sd_o + rf_reg[19],0,70,0.0,0.0
csr_group0/sd_o + rf_reg[19],0,70,0.0,0.0
csr_group1/sd_o + rf_reg[19],0,70,0.0,0.0
csr_group2/sd_o + rf_reg[19],0,70,0.0,0.0
csr_group3/sd_o + rf_reg[19],0,70,0.0,0.0
csr_group4/sd_o + rf_reg[19],0,70,0.0,0.0
csr_group5/sd_o + rf_reg[19],0,70,0.0,0.0
csr_group6/sd_o + rf_reg[19],0,70,0.0,0.0
csr_group7/sd_o + rf_reg[19],0,70,0.0,0.0
csr_group8/sd_o + rf_reg[19],0,70,0.0,0.0
csr_group9/sd_o + rf_reg[19],0,70,0.0,0.0
csr_group10/sd_o + rf_reg[19],0,70,0.0,0.0
csr_group11/sd_o + rf_reg[19],0,70,0.0,0.0
csr_group12/sd_o + rf_reg[19],0,70,0.0,0.0
csr_group13/sd_o + rf_reg[19],0,70,0.0,0.0
csr_group14/sd_o + rf_reg[19],0,70,0.0,0.0
csr_group15/sd_o + rf_reg[19],0,70,0.0,0.0
csr_group16/sd_o + rf_reg[19],0,70,0.0,0.0
csr_group17/sd_o + rf_reg[19],0,70,0.0,0.0
csr_group18/sd_o + rf_reg[19],0,70,0.0,0.0
csr_group19/sd_o + rf_reg[19],0,70,0.0,0.0
csr_group20/sd_o + rf_reg[19],0,70,0.0,0.0
lsu_group1/sd_o + rf_reg[19],0,70,0.0,0.0
lsu_group2/sd_o + rf_reg[19],0,70,0.0,0.0
lsu_group3/sd_o + rf_reg[19],0,70,0.0,0.0
lsu_group4/sd_o + rf_reg[19],0,70,0.0,0.0
lsu_group5/sd_o + rf_reg[19],0,70,0.0,0.0
id_group0/sd_o + rf_reg[20],0,70,0.0,0.0
id_group1/sd_o + rf_reg[20],0,70,0.0,0.0
id_group2/sd_o + rf_reg[20],0,70,0.0,0.0
id_group3/sd_o + rf_reg[20],0,70,0.0,0.0
id_group4/sd_o + rf_reg[20],0,70,0.0,0.0
id_group5/sd_o + rf_reg[20],0,70,0.0,0.0
id_group6/sd_o + rf_reg[20],0,70,0.0,0.0
id_group7/sd_o + rf_reg[20],0,70,0.0,0.0
id_group8/sd_o + rf_reg[20],0,70,0.0,0.0
id_group9/sd_o + rf_reg[20],0,70,0.0,0.0
csr_group0/sd_o + rf_reg[20],0,70,0.0,0.0
csr_group1/sd_o + rf_reg[20],0,70,0.0,0.0
csr_group2/sd_o + rf_reg[20],0,70,0.0,0.0
csr_group3/sd_o + rf_reg[20],0,70,0.0,0.0
csr_group4/sd_o + rf_reg[20],0,70,0.0,0.0
csr_group5/sd_o + rf_reg[20],0,70,0.0,0.0
csr_group6/sd_o + rf_reg[20],0,70,0.0,0.0
csr_group7/sd_o + rf_reg[20],0,70,0.0,0.0
csr_group8/sd_o + rf_reg[20],0,70,0.0,0.0
csr_group9/sd_o + rf_reg[20],0,70,0.0,0.0
csr_group10/sd_o + rf_reg[20],0,70,0.0,0.0
csr_group11/sd_o + rf_reg[20],0,70,0.0,0.0
csr_group12/sd_o + rf_reg[20],0,70,0.0,0.0
csr_group13/sd_o + rf_reg[20],0,70,0.0,0.0
csr_group14/sd_o + rf_reg[20],0,70,0.0,0.0
csr_group15/sd_o + rf_reg[20],0,70,0.0,0.0
csr_group16/sd_o + rf_reg[20],0,70,0.0,0.0
csr_group17/sd_o + rf_reg[20],0,70,0.0,0.0
csr_group18/sd_o + rf_reg[20],0,70,0.0,0.0
csr_group19/sd_o + rf_reg[20],0,70,0.0,0.0
csr_group20/sd_o + rf_reg[20],0,70,0.0,0.0
lsu_group1/sd_o + rf_reg[20],0,70,0.0,0.0
lsu_group2/sd_o + rf_reg[20],0,70,0.0,0.0
lsu_group3/sd_o + rf_reg[20],0,70,0.0,0.0
lsu_group4/sd_o + rf_reg[20],0,70,0.0,0.0
lsu_group5/sd_o + rf_reg[20],0,70,0.0,0.0
id_group0/sd_o + rf_reg[21],0,70,0.0,0.0
id_group1/sd_o + rf_reg[21],0,70,0.0,0.0
id_group2/sd_o + rf_reg[21],0,70,0.0,0.0
alu_operand_c_ex_o_tag + csr_group3/sd_o,0,70,0.0,0.0
alu_operand_c_ex_o_tag + csr_group4/sd_o,0,70,0.0,0.0
alu_operand_c_ex_o_tag + csr_group5/sd_o,0,70,0.0,0.0
alu_operand_c_ex_o_tag + csr_group6/sd_o,0,70,0.0,0.0
alu_operand_c_ex_o_tag + csr_group7/sd_o,0,70,0.0,0.0
alu_operand_c_ex_o_tag + csr_group8/sd_o,0,70,0.0,0.0
alu_operand_c_ex_o_tag + csr_group9/sd_o,0,70,0.0,0.0
alu_operand_c_ex_o_tag + csr_group10/sd_o,0,70,0.0,0.0
alu_operand_c_ex_o_tag + csr_group11/sd_o,0,70,0.0,0.0
alu_operand_c_ex_o_tag + csr_group12/sd_o,0,70,0.0,0.0
alu_operand_c_ex_o_tag + csr_group13/sd_o,0,70,0.0,0.0
alu_operand_c_ex_o_tag + csr_group14/sd_o,0,70,0.0,0.0
alu_operand_c_ex_o_tag + csr_group15/sd_o,0,70,0.0,0.0
alu_operand_c_ex_o_tag + csr_group16/sd_o,0,70,0.0,0.0
id_group3/sd_o + rf_reg[21],0,70,0.0,0.0
id_group4/sd_o + rf_reg[21],0,70,0.0,0.0
id_group5/sd_o + rf_reg[21],0,70,0.0,0.0
id_group6/sd_o + rf_reg[21],0,70,0.0,0.0
id_group7/sd_o + rf_reg[21],0,70,0.0,0.0
id_group8/sd_o + rf_reg[21],0,70,0.0,0.0
id_group9/sd_o + rf_reg[21],0,70,0.0,0.0
csr_group0/sd_o + rf_reg[21],0,70,0.0,0.0
csr_group1/sd_o + rf_reg[21],0,70,0.0,0.0
csr_group2/sd_o + rf_reg[21],0,70,0.0,0.0
csr_group3/sd_o + rf_reg[21],0,70,0.0,0.0
csr_group4/sd_o + rf_reg[21],0,70,0.0,0.0
csr_group5/sd_o + rf_reg[21],0,70,0.0,0.0
csr_group6/sd_o + rf_reg[21],0,70,0.0,0.0
csr_group7/sd_o + rf_reg[21],0,70,0.0,0.0
csr_group8/sd_o + rf_reg[21],0,70,0.0,0.0
csr_group9/sd_o + rf_reg[21],0,70,0.0,0.0
csr_group10/sd_o + rf_reg[21],0,70,0.0,0.0
csr_group11/sd_o + rf_reg[21],0,70,0.0,0.0
csr_group12/sd_o + rf_reg[21],0,70,0.0,0.0
csr_group13/sd_o + rf_reg[21],0,70,0.0,0.0
csr_group14/sd_o + rf_reg[21],0,70,0.0,0.0
csr_group15/sd_o + rf_reg[21],0,70,0.0,0.0
csr_group16/sd_o + rf_reg[21],0,70,0.0,0.0
csr_group17/sd_o + rf_reg[21],0,70,0.0,0.0
csr_group18/sd_o + rf_reg[21],0,70,0.0,0.0
csr_group19/sd_o + rf_reg[21],0,70,0.0,0.0
csr_group20/sd_o + rf_reg[21],0,70,0.0,0.0
lsu_group1/sd_o + rf_reg[21],0,70,0.0,0.0
lsu_group2/sd_o + rf_reg[21],0,70,0.0,0.0
lsu_group3/sd_o + rf_reg[21],0,70,0.0,0.0
lsu_group4/sd_o + rf_reg[21],0,70,0.0,0.0
lsu_group5/sd_o + rf_reg[21],0,70,0.0,0.0
id_group0/sd_o + rf_reg[22],0,70,0.0,0.0
id_group1/sd_o + rf_reg[22],0,70,0.0,0.0
id_group2/sd_o + rf_reg[22],0,70,0.0,0.0
id_group3/sd_o + rf_reg[22],0,70,0.0,0.0
id_group4/sd_o + rf_reg[22],0,70,0.0,0.0
id_group5/sd_o + rf_reg[22],0,70,0.0,0.0
id_group6/sd_o + rf_reg[22],0,70,0.0,0.0
id_group7/sd_o + rf_reg[22],0,70,0.0,0.0
id_group8/sd_o + rf_reg[22],0,70,0.0,0.0
id_group9/sd_o + rf_reg[22],0,70,0.0,0.0
csr_group0/sd_o + rf_reg[22],0,70,0.0,0.0
csr_group1/sd_o + rf_reg[22],0,70,0.0,0.0
csr_group2/sd_o + rf_reg[22],0,70,0.0,0.0
csr_group3/sd_o + rf_reg[22],0,70,0.0,0.0
csr_group4/sd_o + rf_reg[22],0,70,0.0,0.0
csr_group5/sd_o + rf_reg[22],0,70,0.0,0.0
csr_group6/sd_o + rf_reg[22],0,70,0.0,0.0
csr_group7/sd_o + rf_reg[22],0,70,0.0,0.0
csr_group8/sd_o + rf_reg[22],0,70,0.0,0.0
csr_group9/sd_o + rf_reg[22],0,70,0.0,0.0
csr_group10/sd_o + rf_reg[22],0,70,0.0,0.0
csr_group11/sd_o + rf_reg[22],0,70,0.0,0.0
csr_group12/sd_o + rf_reg[22],0,70,0.0,0.0
csr_group13/sd_o + rf_reg[22],0,70,0.0,0.0
csr_group14/sd_o + rf_reg[22],0,70,0.0,0.0
csr_group15/sd_o + rf_reg[22],0,70,0.0,0.0
csr_group16/sd_o + rf_reg[22],0,70,0.0,0.0
csr_group17/sd_o + rf_reg[22],0,70,0.0,0.0
csr_group18/sd_o + rf_reg[22],0,70,0.0,0.0
csr_group19/sd_o + rf_reg[22],0,70,0.0,0.0
csr_group20/sd_o + rf_reg[22],0,70,0.0,0.0
lsu_group1/sd_o + rf_reg[22],0,70,0.0,0.0
lsu_group2/sd_o + rf_reg[22],0,70,0.0,0.0
lsu_group3/sd_o + rf_reg[22],0,70,0.0,0.0
lsu_group4/sd_o + rf_reg[22],0,70,0.0,0.0
lsu_group5/sd_o + rf_reg[22],0,70,0.0,0.0
id_group0/sd_o + rf_reg[23],0,70,0.0,0.0
id_group1/sd_o + rf_reg[23],0,70,0.0,0.0
id_group2/sd_o + rf_reg[23],0,70,0.0,0.0
id_group3/sd_o + rf_reg[23],0,70,0.0,0.0
id_group4/sd_o + rf_reg[23],0,70,0.0,0.0
id_group5/sd_o + rf_reg[23],0,70,0.0,0.0
id_group6/sd_o + rf_reg[23],0,70,0.0,0.0
id_group7/sd_o + rf_reg[23],0,70,0.0,0.0
id_group8/sd_o + rf_reg[23],0,70,0.0,0.0
id_group9/sd_o + rf_reg[23],0,70,0.0,0.0
csr_group0/sd_o + rf_reg[23],0,70,0.0,0.0
csr_group1/sd_o + rf_reg[23],0,70,0.0,0.0
csr_group2/sd_o + rf_reg[23],0,70,0.0,0.0
csr_group3/sd_o + rf_reg[23],0,70,0.0,0.0
csr_group4/sd_o + rf_reg[23],0,70,0.0,0.0
csr_group5/sd_o + rf_reg[23],0,70,0.0,0.0
csr_group6/sd_o + rf_reg[23],0,70,0.0,0.0
csr_group7/sd_o + rf_reg[23],0,70,0.0,0.0
csr_group8/sd_o + rf_reg[23],0,70,0.0,0.0
csr_group9/sd_o + rf_reg[23],0,70,0.0,0.0
csr_group10/sd_o + rf_reg[23],0,70,0.0,0.0
csr_group11/sd_o + rf_reg[23],0,70,0.0,0.0
csr_group12/sd_o + rf_reg[23],0,70,0.0,0.0
csr_group13/sd_o + rf_reg[23],0,70,0.0,0.0
csr_group14/sd_o + rf_reg[23],0,70,0.0,0.0
csr_group15/sd_o + rf_reg[23],0,70,0.0,0.0
csr_group16/sd_o + rf_reg[23],0,70,0.0,0.0
csr_group17/sd_o + rf_reg[23],0,70,0.0,0.0
csr_group18/sd_o + rf_reg[23],0,70,0.0,0.0
csr_group19/sd_o + rf_reg[23],0,70,0.0,0.0
csr_group20/sd_o + rf_reg[23],0,70,0.0,0.0
lsu_group1/sd_o + rf_reg[23],0,70,0.0,0.0
lsu_group2/sd_o + rf_reg[23],0,70,0.0,0.0
lsu_group3/sd_o + rf_reg[23],0,70,0.0,0.0
lsu_group4/sd_o + rf_reg[23],0,70,0.0,0.0
lsu_group5/sd_o + rf_reg[23],0,70,0.0,0.0
alu_operand_c_ex_o_tag + csr_group17/sd_o,0,70,0.0,0.0
alu_operand_c_ex_o_tag + csr_group18/sd_o,0,70,0.0,0.0
alu_operand_c_ex_o_tag + csr_group19/sd_o,0,70,0.0,0.0
alu_operand_c_ex_o_tag + csr_group20/sd_o,0,70,0.0,0.0
alu_operand_c_ex_o_tag + lsu_group1/sd_o,0,70,0.0,0.0
alu_operand_c_ex_o_tag + lsu_group2/sd_o,0,70,0.0,0.0
alu_operand_c_ex_o_tag + lsu_group3/sd_o,0,70,0.0,0.0
alu_operand_c_ex_o_tag + lsu_group4/sd_o,0,70,0.0,0.0
alu_operand_c_ex_o_tag + lsu_group5/sd_o,0,70,0.0,0.0
id_group0/sd_o + rf_reg[24],0,70,0.0,0.0
id_group1/sd_o + rf_reg[24],0,70,0.0,0.0
id_group2/sd_o + rf_reg[24],0,70,0.0,0.0
id_group3/sd_o + rf_reg[24],0,70,0.0,0.0
id_group4/sd_o + rf_reg[24],0,70,0.0,0.0
id_group5/sd_o + rf_reg[24],0,70,0.0,0.0
id_group6/sd_o + rf_reg[24],0,70,0.0,0.0
id_group7/sd_o + rf_reg[24],0,70,0.0,0.0
id_group8/sd_o + rf_reg[24],0,70,0.0,0.0
id_group9/sd_o + rf_reg[24],0,70,0.0,0.0
csr_group0/sd_o + rf_reg[24],0,70,0.0,0.0
csr_group1/sd_o + rf_reg[24],0,70,0.0,0.0
csr_group2/sd_o + rf_reg[24],0,70,0.0,0.0
csr_group3/sd_o + rf_reg[24],0,70,0.0,0.0
csr_group4/sd_o + rf_reg[24],0,70,0.0,0.0
csr_group5/sd_o + rf_reg[24],0,70,0.0,0.0
csr_group6/sd_o + rf_reg[24],0,70,0.0,0.0
csr_group7/sd_o + rf_reg[24],0,70,0.0,0.0
csr_group8/sd_o + rf_reg[24],0,70,0.0,0.0
csr_group9/sd_o + rf_reg[24],0,70,0.0,0.0
csr_group10/sd_o + rf_reg[24],0,70,0.0,0.0
csr_group11/sd_o + rf_reg[24],0,70,0.0,0.0
csr_group12/sd_o + rf_reg[24],0,70,0.0,0.0
csr_group13/sd_o + rf_reg[24],0,70,0.0,0.0
csr_group14/sd_o + rf_reg[24],0,70,0.0,0.0
csr_group15/sd_o + rf_reg[24],0,70,0.0,0.0
csr_group16/sd_o + rf_reg[24],0,70,0.0,0.0
csr_group17/sd_o + rf_reg[24],0,70,0.0,0.0
csr_group18/sd_o + rf_reg[24],0,70,0.0,0.0
csr_group19/sd_o + rf_reg[24],0,70,0.0,0.0
csr_group20/sd_o + rf_reg[24],0,70,0.0,0.0
lsu_group1/sd_o + rf_reg[24],0,70,0.0,0.0
lsu_group2/sd_o + rf_reg[24],0,70,0.0,0.0
lsu_group3/sd_o + rf_reg[24],0,70,0.0,0.0
lsu_group4/sd_o + rf_reg[24],0,70,0.0,0.0
lsu_group5/sd_o + rf_reg[24],0,70,0.0,0.0
id_group0/sd_o + rf_reg[25],0,70,0.0,0.0
id_group1/sd_o + rf_reg[25],0,70,0.0,0.0
id_group2/sd_o + rf_reg[25],0,70,0.0,0.0
id_group3/sd_o + rf_reg[25],0,70,0.0,0.0
id_group4/sd_o + rf_reg[25],0,70,0.0,0.0
id_group5/sd_o + rf_reg[25],0,70,0.0,0.0
id_group6/sd_o + rf_reg[25],0,70,0.0,0.0
id_group7/sd_o + rf_reg[25],0,70,0.0,0.0
id_group8/sd_o + rf_reg[25],0,70,0.0,0.0
id_group9/sd_o + rf_reg[25],0,70,0.0,0.0
csr_group0/sd_o + rf_reg[25],0,70,0.0,0.0
csr_group1/sd_o + rf_reg[25],0,70,0.0,0.0
csr_group2/sd_o + rf_reg[25],0,70,0.0,0.0
csr_group3/sd_o + rf_reg[25],0,70,0.0,0.0
csr_group4/sd_o + rf_reg[25],0,70,0.0,0.0
csr_group5/sd_o + rf_reg[25],0,70,0.0,0.0
csr_group6/sd_o + rf_reg[25],0,70,0.0,0.0
csr_group7/sd_o + rf_reg[25],0,70,0.0,0.0
csr_group8/sd_o + rf_reg[25],0,70,0.0,0.0
csr_group9/sd_o + rf_reg[25],0,70,0.0,0.0
csr_group10/sd_o + rf_reg[25],0,70,0.0,0.0
csr_group11/sd_o + rf_reg[25],0,70,0.0,0.0
csr_group12/sd_o + rf_reg[25],0,70,0.0,0.0
csr_group13/sd_o + rf_reg[25],0,70,0.0,0.0
csr_group14/sd_o + rf_reg[25],0,70,0.0,0.0
csr_group15/sd_o + rf_reg[25],0,70,0.0,0.0
csr_group16/sd_o + rf_reg[25],0,70,0.0,0.0
csr_group17/sd_o + rf_reg[25],0,70,0.0,0.0
csr_group18/sd_o + rf_reg[25],0,70,0.0,0.0
csr_group19/sd_o + rf_reg[25],0,70,0.0,0.0
csr_group20/sd_o + rf_reg[25],0,70,0.0,0.0
lsu_group1/sd_o + rf_reg[25],0,70,0.0,0.0
lsu_group2/sd_o + rf_reg[25],0,70,0.0,0.0
lsu_group3/sd_o + rf_reg[25],0,70,0.0,0.0
lsu_group4/sd_o + rf_reg[25],0,70,0.0,0.0
lsu_group5/sd_o + rf_reg[25],0,70,0.0,0.0
id_group0/sd_o + rf_reg[26],0,70,0.0,0.0
id_group1/sd_o + rf_reg[26],0,70,0.0,0.0
id_group2/sd_o + rf_reg[26],0,70,0.0,0.0
id_group3/sd_o + rf_reg[26],0,70,0.0,0.0
id_group4/sd_o + rf_reg[26],0,70,0.0,0.0
id_group5/sd_o + rf_reg[26],0,70,0.0,0.0
id_group6/sd_o + rf_reg[26],0,70,0.0,0.0
id_group7/sd_o + rf_reg[26],0,70,0.0,0.0
id_group8/sd_o + rf_reg[26],0,70,0.0,0.0
id_group9/sd_o + rf_reg[26],0,70,0.0,0.0
csr_group0/sd_o + rf_reg[26],0,70,0.0,0.0
csr_group1/sd_o + rf_reg[26],0,70,0.0,0.0
csr_group2/sd_o + rf_reg[26],0,70,0.0,0.0
csr_group3/sd_o + rf_reg[26],0,70,0.0,0.0
csr_group4/sd_o + rf_reg[26],0,70,0.0,0.0
csr_group5/sd_o + rf_reg[26],0,70,0.0,0.0
csr_group6/sd_o + rf_reg[26],0,70,0.0,0.0
csr_group7/sd_o + rf_reg[26],0,70,0.0,0.0
csr_group8/sd_o + rf_reg[26],0,70,0.0,0.0
csr_group9/sd_o + rf_reg[26],0,70,0.0,0.0
csr_group10/sd_o + rf_reg[26],0,70,0.0,0.0
csr_group11/sd_o + rf_reg[26],0,70,0.0,0.0
csr_group12/sd_o + rf_reg[26],0,70,0.0,0.0
csr_group13/sd_o + rf_reg[26],0,70,0.0,0.0
csr_group14/sd_o + rf_reg[26],0,70,0.0,0.0
csr_group15/sd_o + rf_reg[26],0,70,0.0,0.0
csr_group16/sd_o + rf_reg[26],0,70,0.0,0.0
csr_group17/sd_o + rf_reg[26],0,70,0.0,0.0
csr_group18/sd_o + rf_reg[26],0,70,0.0,0.0
csr_group19/sd_o + rf_reg[26],0,70,0.0,0.0
csr_group20/sd_o + rf_reg[26],0,70,0.0,0.0
lsu_group1/sd_o + rf_reg[26],0,70,0.0,0.0
lsu_group2/sd_o + rf_reg[26],0,70,0.0,0.0
lsu_group3/sd_o + rf_reg[26],0,70,0.0,0.0
lsu_group4/sd_o + rf_reg[26],0,70,0.0,0.0
lsu_group5/sd_o + rf_reg[26],0,70,0.0,0.0
id_group0/sd_o + rf_reg[27],0,70,0.0,0.0
id_group1/sd_o + rf_reg[27],0,70,0.0,0.0
id_group2/sd_o + rf_reg[27],0,70,0.0,0.0
id_group3/sd_o + rf_reg[27],0,70,0.0,0.0
id_group4/sd_o + rf_reg[27],0,70,0.0,0.0
id_group5/sd_o + rf_reg[27],0,70,0.0,0.0
id_group6/sd_o + rf_reg[27],0,70,0.0,0.0
id_group7/sd_o + rf_reg[27],0,70,0.0,0.0
id_group8/sd_o + rf_reg[27],0,70,0.0,0.0
id_group9/sd_o + rf_reg[27],0,70,0.0,0.0
csr_group0/sd_o + rf_reg[27],0,70,0.0,0.0
csr_group1/sd_o + rf_reg[27],0,70,0.0,0.0
csr_group2/sd_o + rf_reg[27],0,70,0.0,0.0
csr_group3/sd_o + rf_reg[27],0,70,0.0,0.0
csr_group4/sd_o + rf_reg[27],0,70,0.0,0.0
csr_group5/sd_o + rf_reg[27],0,70,0.0,0.0
csr_group6/sd_o + rf_reg[27],0,70,0.0,0.0
csr_group7/sd_o + rf_reg[27],0,70,0.0,0.0
csr_group8/sd_o + rf_reg[27],0,70,0.0,0.0
csr_group9/sd_o + rf_reg[27],0,70,0.0,0.0
csr_group10/sd_o + rf_reg[27],0,70,0.0,0.0
csr_group11/sd_o + rf_reg[27],0,70,0.0,0.0
csr_group12/sd_o + rf_reg[27],0,70,0.0,0.0
csr_group13/sd_o + rf_reg[27],0,70,0.0,0.0
csr_group14/sd_o + rf_reg[27],0,70,0.0,0.0
csr_group15/sd_o + rf_reg[27],0,70,0.0,0.0
csr_group16/sd_o + rf_reg[27],0,70,0.0,0.0
csr_group17/sd_o + rf_reg[27],0,70,0.0,0.0
csr_group18/sd_o + rf_reg[27],0,70,0.0,0.0
csr_group19/sd_o + rf_reg[27],0,70,0.0,0.0
csr_group20/sd_o + rf_reg[27],0,70,0.0,0.0
lsu_group1/sd_o + rf_reg[27],0,70,0.0,0.0
lsu_group2/sd_o + rf_reg[27],0,70,0.0,0.0
lsu_group3/sd_o + rf_reg[27],0,70,0.0,0.0
lsu_group4/sd_o + rf_reg[27],0,70,0.0,0.0
lsu_group5/sd_o + rf_reg[27],0,70,0.0,0.0
id_group0/sd_o + rf_reg[28],0,70,0.0,0.0
id_group1/sd_o + rf_reg[28],0,70,0.0,0.0
id_group2/sd_o + rf_reg[28],0,70,0.0,0.0
id_group3/sd_o + rf_reg[28],0,70,0.0,0.0
id_group4/sd_o + rf_reg[28],0,70,0.0,0.0
id_group5/sd_o + rf_reg[28],0,70,0.0,0.0
id_group6/sd_o + rf_reg[28],0,70,0.0,0.0
id_group7/sd_o + rf_reg[28],0,70,0.0,0.0
id_group8/sd_o + rf_reg[28],0,70,0.0,0.0
id_group9/sd_o + rf_reg[28],0,70,0.0,0.0
csr_group0/sd_o + rf_reg[28],0,70,0.0,0.0
csr_group1/sd_o + rf_reg[28],0,70,0.0,0.0
csr_group2/sd_o + rf_reg[28],0,70,0.0,0.0
csr_group3/sd_o + rf_reg[28],0,70,0.0,0.0
csr_group4/sd_o + rf_reg[28],0,70,0.0,0.0
csr_group5/sd_o + rf_reg[28],0,70,0.0,0.0
csr_group6/sd_o + rf_reg[28],0,70,0.0,0.0
csr_group7/sd_o + rf_reg[28],0,70,0.0,0.0
csr_group8/sd_o + rf_reg[28],0,70,0.0,0.0
csr_group9/sd_o + rf_reg[28],0,70,0.0,0.0
csr_group10/sd_o + rf_reg[28],0,70,0.0,0.0
csr_group11/sd_o + rf_reg[28],0,70,0.0,0.0
csr_group12/sd_o + rf_reg[28],0,70,0.0,0.0
csr_group13/sd_o + rf_reg[28],0,70,0.0,0.0
csr_group14/sd_o + rf_reg[28],0,70,0.0,0.0
csr_group15/sd_o + rf_reg[28],0,70,0.0,0.0
csr_group16/sd_o + rf_reg[28],0,70,0.0,0.0
csr_group17/sd_o + rf_reg[28],0,70,0.0,0.0
csr_group18/sd_o + rf_reg[28],0,70,0.0,0.0
csr_group19/sd_o + rf_reg[28],0,70,0.0,0.0
csr_group20/sd_o + rf_reg[28],0,70,0.0,0.0
lsu_group1/sd_o + rf_reg[28],0,70,0.0,0.0
lsu_group2/sd_o + rf_reg[28],0,70,0.0,0.0
lsu_group3/sd_o + rf_reg[28],0,70,0.0,0.0
lsu_group4/sd_o + rf_reg[28],0,70,0.0,0.0
lsu_group5/sd_o + rf_reg[28],0,70,0.0,0.0
id_group0/sd_o + rf_reg[29],0,70,0.0,0.0
id_group1/sd_o + rf_reg[29],0,70,0.0,0.0
id_group2/sd_o + rf_reg[29],0,70,0.0,0.0
id_group3/sd_o + rf_reg[29],0,70,0.0,0.0
id_group4/sd_o + rf_reg[29],0,70,0.0,0.0
id_group5/sd_o + rf_reg[29],0,70,0.0,0.0
id_group6/sd_o + rf_reg[29],0,70,0.0,0.0
id_group7/sd_o + rf_reg[29],0,70,0.0,0.0
id_group8/sd_o + rf_reg[29],0,70,0.0,0.0
id_group9/sd_o + rf_reg[29],0,70,0.0,0.0
csr_group0/sd_o + rf_reg[29],0,70,0.0,0.0
csr_group1/sd_o + rf_reg[29],0,70,0.0,0.0
csr_group2/sd_o + rf_reg[29],0,70,0.0,0.0
csr_group3/sd_o + rf_reg[29],0,70,0.0,0.0
csr_group4/sd_o + rf_reg[29],0,70,0.0,0.0
csr_group5/sd_o + rf_reg[29],0,70,0.0,0.0
csr_group6/sd_o + rf_reg[29],0,70,0.0,0.0
csr_group7/sd_o + rf_reg[29],0,70,0.0,0.0
csr_group8/sd_o + rf_reg[29],0,70,0.0,0.0
csr_group9/sd_o + rf_reg[29],0,70,0.0,0.0
csr_group10/sd_o + rf_reg[29],0,70,0.0,0.0
csr_group11/sd_o + rf_reg[29],0,70,0.0,0.0
csr_group12/sd_o + rf_reg[29],0,70,0.0,0.0
csr_group13/sd_o + rf_reg[29],0,70,0.0,0.0
csr_group14/sd_o + rf_reg[29],0,70,0.0,0.0
csr_group15/sd_o + rf_reg[29],0,70,0.0,0.0
csr_group16/sd_o + rf_reg[29],0,70,0.0,0.0
csr_group17/sd_o + rf_reg[29],0,70,0.0,0.0
csr_group18/sd_o + rf_reg[29],0,70,0.0,0.0
csr_group19/sd_o + rf_reg[29],0,70,0.0,0.0
csr_group20/sd_o + rf_reg[29],0,70,0.0,0.0
lsu_group1/sd_o + rf_reg[29],0,70,0.0,0.0
lsu_group2/sd_o + rf_reg[29],0,70,0.0,0.0
lsu_group3/sd_o + rf_reg[29],0,70,0.0,0.0
lsu_group4/sd_o + rf_reg[29],0,70,0.0,0.0
lsu_group5/sd_o + rf_reg[29],0,70,0.0,0.0
id_group0/sd_o + rf_reg[30],0,70,0.0,0.0
id_group1/sd_o + rf_reg[30],0,70,0.0,0.0
id_group2/sd_o + rf_reg[30],0,70,0.0,0.0
id_group3/sd_o + rf_reg[30],0,70,0.0,0.0
id_group4/sd_o + rf_reg[30],0,70,0.0,0.0
id_group5/sd_o + rf_reg[30],0,70,0.0,0.0
id_group6/sd_o + rf_reg[30],0,70,0.0,0.0
id_group7/sd_o + rf_reg[30],0,70,0.0,0.0
id_group8/sd_o + rf_reg[30],0,70,0.0,0.0
id_group9/sd_o + rf_reg[30],0,70,0.0,0.0
csr_group0/sd_o + rf_reg[30],0,70,0.0,0.0
csr_group1/sd_o + rf_reg[30],0,70,0.0,0.0
csr_group2/sd_o + rf_reg[30],0,70,0.0,0.0
csr_group3/sd_o + rf_reg[30],0,70,0.0,0.0
csr_group4/sd_o + rf_reg[30],0,70,0.0,0.0
csr_group5/sd_o + rf_reg[30],0,70,0.0,0.0
csr_group6/sd_o + rf_reg[30],0,70,0.0,0.0
csr_group7/sd_o + rf_reg[30],0,70,0.0,0.0
csr_group8/sd_o + rf_reg[30],0,70,0.0,0.0
csr_group9/sd_o + rf_reg[30],0,70,0.0,0.0
csr_group10/sd_o + rf_reg[30],0,70,0.0,0.0
csr_group11/sd_o + rf_reg[30],0,70,0.0,0.0
csr_group12/sd_o + rf_reg[30],0,70,0.0,0.0
csr_group13/sd_o + rf_reg[30],0,70,0.0,0.0
csr_group14/sd_o + rf_reg[30],0,70,0.0,0.0
csr_group15/sd_o + rf_reg[30],0,70,0.0,0.0
csr_group16/sd_o + rf_reg[30],0,70,0.0,0.0
csr_group17/sd_o + rf_reg[30],0,70,0.0,0.0
csr_group18/sd_o + rf_reg[30],0,70,0.0,0.0
csr_group19/sd_o + rf_reg[30],0,70,0.0,0.0
csr_group20/sd_o + rf_reg[30],0,70,0.0,0.0
lsu_group1/sd_o + rf_reg[30],0,70,0.0,0.0
lsu_group2/sd_o + rf_reg[30],0,70,0.0,0.0
lsu_group3/sd_o + rf_reg[30],0,70,0.0,0.0
lsu_group4/sd_o + rf_reg[30],0,70,0.0,0.0
lsu_group5/sd_o + rf_reg[30],0,70,0.0,0.0
id_group0/sd_o + rf_reg[31],0,70,0.0,0.0
id_group1/sd_o + rf_reg[31],0,70,0.0,0.0
id_group2/sd_o + rf_reg[31],0,70,0.0,0.0
id_group3/sd_o + rf_reg[31],0,70,0.0,0.0
id_group4/sd_o + rf_reg[31],0,70,0.0,0.0
id_group5/sd_o + rf_reg[31],0,70,0.0,0.0
id_group6/sd_o + rf_reg[31],0,70,0.0,0.0
id_group7/sd_o + rf_reg[31],0,70,0.0,0.0
id_group8/sd_o + rf_reg[31],0,70,0.0,0.0
id_group9/sd_o + rf_reg[31],0,70,0.0,0.0
csr_group0/sd_o + rf_reg[31],0,70,0.0,0.0
csr_group1/sd_o + rf_reg[31],0,70,0.0,0.0
csr_group2/sd_o + rf_reg[31],0,70,0.0,0.0
csr_group3/sd_o + rf_reg[31],0,70,0.0,0.0
csr_group4/sd_o + rf_reg[31],0,70,0.0,0.0
csr_group5/sd_o + rf_reg[31],0,70,0.0,0.0
csr_group6/sd_o + rf_reg[31],0,70,0.0,0.0
csr_group7/sd_o + rf_reg[31],0,70,0.0,0.0
csr_group8/sd_o + rf_reg[31],0,70,0.0,0.0
csr_group9/sd_o + rf_reg[31],0,70,0.0,0.0
csr_group10/sd_o + rf_reg[31],0,70,0.0,0.0
csr_group11/sd_o + rf_reg[31],0,70,0.0,0.0
csr_group12/sd_o + rf_reg[31],0,70,0.0,0.0
csr_group13/sd_o + rf_reg[31],0,70,0.0,0.0
csr_group14/sd_o + rf_reg[31],0,70,0.0,0.0
csr_group15/sd_o + rf_reg[31],0,70,0.0,0.0
csr_group16/sd_o + rf_reg[31],0,70,0.0,0.0
csr_group17/sd_o + rf_reg[31],0,70,0.0,0.0
csr_group18/sd_o + rf_reg[31],0,70,0.0,0.0
csr_group19/sd_o + rf_reg[31],0,70,0.0,0.0
csr_group20/sd_o + rf_reg[31],0,70,0.0,0.0
lsu_group1/sd_o + rf_reg[31],0,70,0.0,0.0
lsu_group2/sd_o + rf_reg[31],0,70,0.0,0.0
lsu_group3/sd_o + rf_reg[31],0,70,0.0,0.0
lsu_group4/sd_o + rf_reg[31],0,70,0.0,0.0
lsu_group5/sd_o + rf_reg[31],0,70,0.0,0.0
id_group0/sd_o + rs1_o_tag,0,70,0.0,0.0
id_group1/sd_o + rs1_o_tag,0,70,0.0,0.0
id_group2/sd_o + rs1_o_tag,0,70,0.0,0.0
id_group3/sd_o + rs1_o_tag,0,70,0.0,0.0
id_group4/sd_o + rs1_o_tag,0,70,0.0,0.0
id_group5/sd_o + rs1_o_tag,0,70,0.0,0.0
id_group6/sd_o + rs1_o_tag,0,70,0.0,0.0
id_group7/sd_o + rs1_o_tag,0,70,0.0,0.0
id_group8/sd_o + rs1_o_tag,0,70,0.0,0.0
id_group9/sd_o + rs1_o_tag,0,70,0.0,0.0
csr_group0/sd_o + rs1_o_tag,0,70,0.0,0.0
csr_group1/sd_o + rs1_o_tag,0,70,0.0,0.0
csr_group2/sd_o + rs1_o_tag,0,70,0.0,0.0
csr_group3/sd_o + rs1_o_tag,0,70,0.0,0.0
csr_group4/sd_o + rs1_o_tag,0,70,0.0,0.0
csr_group5/sd_o + rs1_o_tag,0,70,0.0,0.0
csr_group6/sd_o + rs1_o_tag,0,70,0.0,0.0
csr_group7/sd_o + rs1_o_tag,0,70,0.0,0.0
csr_group8/sd_o + rs1_o_tag,0,70,0.0,0.0
csr_group9/sd_o + rs1_o_tag,0,70,0.0,0.0
csr_group10/sd_o + rs1_o_tag,0,70,0.0,0.0
csr_group11/sd_o + rs1_o_tag,0,70,0.0,0.0
csr_group12/sd_o + rs1_o_tag,0,70,0.0,0.0
csr_group13/sd_o + rs1_o_tag,0,70,0.0,0.0
csr_group14/sd_o + rs1_o_tag,0,70,0.0,0.0
csr_group15/sd_o + rs1_o_tag,0,70,0.0,0.0
csr_group16/sd_o + rs1_o_tag,0,70,0.0,0.0
csr_group17/sd_o + rs1_o_tag,0,70,0.0,0.0
csr_group18/sd_o + rs1_o_tag,0,70,0.0,0.0
csr_group19/sd_o + rs1_o_tag,0,70,0.0,0.0
csr_group20/sd_o + rs1_o_tag,0,70,0.0,0.0
lsu_group1/sd_o + rs1_o_tag,0,70,0.0,0.0
lsu_group2/sd_o + rs1_o_tag,0,70,0.0,0.0
lsu_group3/sd_o + rs1_o_tag,0,70,0.0,0.0
lsu_group4/sd_o + rs1_o_tag,0,70,0.0,0.0
lsu_group5/sd_o + rs1_o_tag,0,70,0.0,0.0
data_we_q_tag + id_group0/sd_o,0,70,0.0,0.0
data_we_q_tag + id_group1/sd_o,0,70,0.0,0.0
data_we_q_tag + id_group2/sd_o,0,70,0.0,0.0
data_we_q_tag + id_group3/sd_o,0,70,0.0,0.0
data_we_q_tag + id_group4/sd_o,0,70,0.0,0.0
data_we_q_tag + id_group5/sd_o,0,70,0.0,0.0
data_we_q_tag + id_group6/sd_o,0,70,0.0,0.0
data_we_q_tag + id_group7/sd_o,0,70,0.0,0.0
data_we_q_tag + id_group8/sd_o,0,70,0.0,0.0
data_we_q_tag + id_group9/sd_o,0,70,0.0,0.0
csr_group0/sd_o + data_we_q_tag,0,70,0.0,0.0
csr_group1/sd_o + data_we_q_tag,0,70,0.0,0.0
csr_group2/sd_o + data_we_q_tag,0,70,0.0,0.0
csr_group3/sd_o + data_we_q_tag,0,70,0.0,0.0
csr_group4/sd_o + data_we_q_tag,0,70,0.0,0.0
csr_group5/sd_o + data_we_q_tag,0,70,0.0,0.0
csr_group6/sd_o + data_we_q_tag,0,70,0.0,0.0
csr_group7/sd_o + data_we_q_tag,0,70,0.0,0.0
csr_group8/sd_o + data_we_q_tag,0,70,0.0,0.0
csr_group9/sd_o + data_we_q_tag,0,70,0.0,0.0
csr_group10/sd_o + data_we_q_tag,0,70,0.0,0.0
csr_group11/sd_o + data_we_q_tag,0,70,0.0,0.0
csr_group12/sd_o + data_we_q_tag,0,70,0.0,0.0
csr_group13/sd_o + data_we_q_tag,0,70,0.0,0.0
csr_group14/sd_o + data_we_q_tag,0,70,0.0,0.0
csr_group15/sd_o + data_we_q_tag,0,70,0.0,0.0
csr_group16/sd_o + data_we_q_tag,0,70,0.0,0.0
csr_group17/sd_o + data_we_q_tag,0,70,0.0,0.0
csr_group18/sd_o + data_we_q_tag,0,70,0.0,0.0
csr_group19/sd_o + data_we_q_tag,0,70,0.0,0.0
csr_group20/sd_o + data_we_q_tag,0,70,0.0,0.0
data_we_q_tag + lsu_group1/sd_o,0,70,0.0,0.0
data_we_q_tag + lsu_group2/sd_o,0,70,0.0,0.0
data_we_q_tag + lsu_group3/sd_o,0,70,0.0,0.0
data_we_q_tag + lsu_group4/sd_o,0,70,0.0,0.0
data_we_q_tag + lsu_group5/sd_o,0,70,0.0,0.0
csr_group0/sd_o + pc_id_o_tag,0,70,0.0,0.0
csr_group1/sd_o + pc_id_o_tag,0,70,0.0,0.0
csr_group2/sd_o + pc_id_o_tag,0,70,0.0,0.0
csr_group3/sd_o + pc_id_o_tag,0,70,0.0,0.0
csr_group4/sd_o + pc_id_o_tag,0,70,0.0,0.0
csr_group5/sd_o + pc_id_o_tag,0,70,0.0,0.0
csr_group6/sd_o + pc_id_o_tag,0,70,0.0,0.0
id_group0/sd_o + if_stage/sd_o,0,70,0.0,0.0
id_group1/sd_o + if_stage/sd_o,0,70,0.0,0.0
id_group2/sd_o + if_stage/sd_o,0,70,0.0,0.0
id_group3/sd_o + if_stage/sd_o,0,70,0.0,0.0
id_group4/sd_o + if_stage/sd_o,0,70,0.0,0.0
id_group5/sd_o + if_stage/sd_o,0,70,0.0,0.0
id_group6/sd_o + if_stage/sd_o,0,70,0.0,0.0
id_group7/sd_o + if_stage/sd_o,0,70,0.0,0.0
id_group8/sd_o + if_stage/sd_o,0,70,0.0,0.0
id_group9/sd_o + if_stage/sd_o,0,70,0.0,0.0
csr_group0/sd_o + if_stage/sd_o,0,70,0.0,0.0
csr_group1/sd_o + if_stage/sd_o,0,70,0.0,0.0
csr_group2/sd_o + if_stage/sd_o,0,70,0.0,0.0
csr_group3/sd_o + if_stage/sd_o,0,70,0.0,0.0
csr_group4/sd_o + if_stage/sd_o,0,70,0.0,0.0
csr_group5/sd_o + if_stage/sd_o,0,70,0.0,0.0
csr_group6/sd_o + if_stage/sd_o,0,70,0.0,0.0
csr_group7/sd_o + if_stage/sd_o,0,70,0.0,0.0
csr_group8/sd_o + if_stage/sd_o,0,70,0.0,0.0
csr_group9/sd_o + if_stage/sd_o,0,70,0.0,0.0
csr_group10/sd_o + if_stage/sd_o,0,70,0.0,0.0
csr_group11/sd_o + if_stage/sd_o,0,70,0.0,0.0
csr_group12/sd_o + if_stage/sd_o,0,70,0.0,0.0
csr_group13/sd_o + if_stage/sd_o,0,70,0.0,0.0
csr_group14/sd_o + if_stage/sd_o,0,70,0.0,0.0
csr_group15/sd_o + if_stage/sd_o,0,70,0.0,0.0
csr_group16/sd_o + if_stage/sd_o,0,70,0.0,0.0
csr_group17/sd_o + if_stage/sd_o,0,70,0.0,0.0
csr_group18/sd_o + if_stage/sd_o,0,70,0.0,0.0
csr_group19/sd_o + if_stage/sd_o,0,70,0.0,0.0
csr_group20/sd_o + if_stage/sd_o,0,70,0.0,0.0
if_stage/sd_o + tcr_execute/sd_o,0,70,0.0,0.0
if_stage/sd_o + lsu_group1/sd_o,0,70,0.0,0.0
if_stage/sd_o + lsu_group2/sd_o,0,70,0.0,0.0
if_stage/sd_o + lsu_group3/sd_o,0,70,0.0,0.0
if_stage/sd_o + lsu_group4/sd_o,0,70,0.0,0.0
if_stage/sd_o + lsu_group5/sd_o,0,70,0.0,0.0
check_d_o_tag + id_group0/sd_o,0,70,0.0,0.0
check_d_o_tag + id_group1/sd_o,0,70,0.0,0.0
check_d_o_tag + id_group2/sd_o,0,70,0.0,0.0
check_d_o_tag + id_group3/sd_o,0,70,0.0,0.0
check_d_o_tag + id_group4/sd_o,0,70,0.0,0.0
check_d_o_tag + id_group5/sd_o,0,70,0.0,0.0
check_d_o_tag + id_group6/sd_o,0,70,0.0,0.0
check_d_o_tag + id_group7/sd_o,0,70,0.0,0.0
check_d_o_tag + id_group8/sd_o,0,70,0.0,0.0
id_group0/sd_o + id_group1/sd_o,0,70,0.0,0.0
id_group0/sd_o + id_group2/sd_o,0,70,0.0,0.0
id_group0/sd_o + id_group3/sd_o,0,70,0.0,0.0
id_group0/sd_o + id_group4/sd_o,0,70,0.0,0.0
id_group0/sd_o + id_group5/sd_o,0,70,0.0,0.0
id_group0/sd_o + id_group6/sd_o,0,70,0.0,0.0
id_group0/sd_o + id_group7/sd_o,0,70,0.0,0.0
id_group0/sd_o + id_group8/sd_o,0,70,0.0,0.0
id_group0/sd_o + id_group9/sd_o,0,70,0.0,0.0
id_group0/sd_o + sd_o_rf_tag,0,70,0.0,0.0
csr_group0/sd_o + id_group0/sd_o,0,70,0.0,0.0
csr_group1/sd_o + id_group0/sd_o,0,70,0.0,0.0
csr_group2/sd_o + id_group0/sd_o,0,70,0.0,0.0
csr_group3/sd_o + id_group0/sd_o,0,70,0.0,0.0
csr_group4/sd_o + id_group0/sd_o,0,70,0.0,0.0
csr_group5/sd_o + id_group0/sd_o,0,70,0.0,0.0
csr_group6/sd_o + id_group0/sd_o,0,70,0.0,0.0
csr_group7/sd_o + id_group0/sd_o,0,70,0.0,0.0
csr_group8/sd_o + id_group0/sd_o,0,70,0.0,0.0
csr_group9/sd_o + id_group0/sd_o,0,70,0.0,0.0
csr_group10/sd_o + id_group0/sd_o,0,70,0.0,0.0
csr_group11/sd_o + id_group0/sd_o,0,70,0.0,0.0
csr_group12/sd_o + id_group0/sd_o,0,70,0.0,0.0
csr_group13/sd_o + id_group0/sd_o,0,70,0.0,0.0
csr_group14/sd_o + id_group0/sd_o,0,70,0.0,0.0
csr_group15/sd_o + id_group0/sd_o,0,70,0.0,0.0
csr_group16/sd_o + id_group0/sd_o,0,70,0.0,0.0
csr_group17/sd_o + id_group0/sd_o,0,70,0.0,0.0
csr_group18/sd_o + id_group0/sd_o,0,70,0.0,0.0
csr_group19/sd_o + id_group0/sd_o,0,70,0.0,0.0
csr_group20/sd_o + id_group0/sd_o,0,70,0.0,0.0
id_group0/sd_o + tcr_execute/sd_o,0,70,0.0,0.0
id_group0/sd_o + lsu_group1/sd_o,0,70,0.0,0.0
id_group0/sd_o + lsu_group2/sd_o,0,70,0.0,0.0
id_group0/sd_o + lsu_group3/sd_o,0,70,0.0,0.0
id_group0/sd_o + lsu_group4/sd_o,0,70,0.0,0.0
id_group0/sd_o + lsu_group5/sd_o,0,70,0.0,0.0
check_d_o_tag + id_group9/sd_o,0,70,0.0,0.0
check_d_o_tag + csr_group0/sd_o,0,70,0.0,0.0
check_d_o_tag + csr_group1/sd_o,0,70,0.0,0.0
check_d_o_tag + csr_group2/sd_o,0,70,0.0,0.0
check_d_o_tag + csr_group3/sd_o,0,70,0.0,0.0
check_d_o_tag + csr_group4/sd_o,0,70,0.0,0.0
check_d_o_tag + csr_group5/sd_o,0,70,0.0,0.0
id_group1/sd_o + id_group2/sd_o,0,70,0.0,0.0
id_group1/sd_o + id_group3/sd_o,0,70,0.0,0.0
id_group1/sd_o + id_group4/sd_o,0,70,0.0,0.0
id_group1/sd_o + id_group5/sd_o,0,70,0.0,0.0
id_group1/sd_o + id_group6/sd_o,0,70,0.0,0.0
id_group1/sd_o + id_group7/sd_o,0,70,0.0,0.0
id_group1/sd_o + id_group8/sd_o,0,70,0.0,0.0
id_group1/sd_o + id_group9/sd_o,0,70,0.0,0.0
id_group1/sd_o + sd_o_rf_tag,0,70,0.0,0.0
csr_group0/sd_o + id_group1/sd_o,0,70,0.0,0.0
csr_group1/sd_o + id_group1/sd_o,0,70,0.0,0.0
csr_group2/sd_o + id_group1/sd_o,0,70,0.0,0.0
csr_group3/sd_o + id_group1/sd_o,0,70,0.0,0.0
csr_group4/sd_o + id_group1/sd_o,0,70,0.0,0.0
csr_group5/sd_o + id_group1/sd_o,0,70,0.0,0.0
csr_group6/sd_o + id_group1/sd_o,0,70,0.0,0.0
csr_group7/sd_o + id_group1/sd_o,0,70,0.0,0.0
csr_group8/sd_o + id_group1/sd_o,0,70,0.0,0.0
csr_group9/sd_o + id_group1/sd_o,0,70,0.0,0.0
csr_group10/sd_o + id_group1/sd_o,0,70,0.0,0.0
csr_group11/sd_o + id_group1/sd_o,0,70,0.0,0.0
csr_group12/sd_o + id_group1/sd_o,0,70,0.0,0.0
csr_group13/sd_o + id_group1/sd_o,0,70,0.0,0.0
csr_group14/sd_o + id_group1/sd_o,0,70,0.0,0.0
csr_group15/sd_o + id_group1/sd_o,0,70,0.0,0.0
csr_group16/sd_o + id_group1/sd_o,0,70,0.0,0.0
csr_group17/sd_o + id_group1/sd_o,0,70,0.0,0.0
csr_group18/sd_o + id_group1/sd_o,0,70,0.0,0.0
csr_group19/sd_o + id_group1/sd_o,0,70,0.0,0.0
csr_group20/sd_o + id_group1/sd_o,0,70,0.0,0.0
id_group1/sd_o + tcr_execute/sd_o,0,70,0.0,0.0
id_group1/sd_o + lsu_group1/sd_o,0,70,0.0,0.0
id_group1/sd_o + lsu_group2/sd_o,0,70,0.0,0.0
id_group1/sd_o + lsu_group3/sd_o,0,70,0.0,0.0
id_group1/sd_o + lsu_group4/sd_o,0,70,0.0,0.0
id_group1/sd_o + lsu_group5/sd_o,0,70,0.0,0.0
check_d_o_tag + csr_group6/sd_o,0,70,0.0,0.0
check_d_o_tag + csr_group7/sd_o,0,70,0.0,0.0
check_d_o_tag + csr_group8/sd_o,0,70,0.0,0.0
check_d_o_tag + csr_group9/sd_o,0,70,0.0,0.0
check_d_o_tag + csr_group10/sd_o,0,70,0.0,0.0
check_d_o_tag + csr_group11/sd_o,0,70,0.0,0.0
check_d_o_tag + csr_group12/sd_o,0,70,0.0,0.0
check_d_o_tag + csr_group13/sd_o,0,70,0.0,0.0
check_d_o_tag + csr_group14/sd_o,0,70,0.0,0.0
check_d_o_tag + csr_group15/sd_o,0,70,0.0,0.0
check_d_o_tag + csr_group16/sd_o,0,70,0.0,0.0
check_d_o_tag + csr_group17/sd_o,0,70,0.0,0.0
check_d_o_tag + csr_group18/sd_o,0,70,0.0,0.0
check_d_o_tag + csr_group19/sd_o,0,70,0.0,0.0
check_d_o_tag + csr_group20/sd_o,0,70,0.0,0.0
check_d_o_tag + lsu_group1/sd_o,0,70,0.0,0.0
check_d_o_tag + lsu_group2/sd_o,0,70,0.0,0.0
check_d_o_tag + lsu_group3/sd_o,0,70,0.0,0.0
check_d_o_tag + lsu_group4/sd_o,0,70,0.0,0.0
check_d_o_tag + lsu_group5/sd_o,0,70,0.0,0.0
id_group2/sd_o + id_group3/sd_o,0,70,0.0,0.0
id_group2/sd_o + id_group4/sd_o,0,70,0.0,0.0
id_group2/sd_o + id_group5/sd_o,0,70,0.0,0.0
id_group2/sd_o + id_group6/sd_o,0,70,0.0,0.0
id_group2/sd_o + id_group7/sd_o,0,70,0.0,0.0
id_group2/sd_o + id_group8/sd_o,0,70,0.0,0.0
id_group2/sd_o + id_group9/sd_o,0,70,0.0,0.0
id_group2/sd_o + sd_o_rf_tag,0,70,0.0,0.0
csr_group0/sd_o + id_group2/sd_o,0,70,0.0,0.0
csr_group1/sd_o + id_group2/sd_o,0,70,0.0,0.0
csr_group2/sd_o + id_group2/sd_o,0,70,0.0,0.0
csr_group3/sd_o + id_group2/sd_o,0,70,0.0,0.0
csr_group4/sd_o + id_group2/sd_o,0,70,0.0,0.0
csr_group5/sd_o + id_group2/sd_o,0,70,0.0,0.0
csr_group6/sd_o + id_group2/sd_o,0,70,0.0,0.0
csr_group7/sd_o + id_group2/sd_o,0,70,0.0,0.0
csr_group8/sd_o + id_group2/sd_o,0,70,0.0,0.0
csr_group9/sd_o + id_group2/sd_o,0,70,0.0,0.0
csr_group10/sd_o + id_group2/sd_o,0,70,0.0,0.0
csr_group11/sd_o + id_group2/sd_o,0,70,0.0,0.0
csr_group12/sd_o + id_group2/sd_o,0,70,0.0,0.0
csr_group13/sd_o + id_group2/sd_o,0,70,0.0,0.0
csr_group14/sd_o + id_group2/sd_o,0,70,0.0,0.0
csr_group15/sd_o + id_group2/sd_o,0,70,0.0,0.0
csr_group16/sd_o + id_group2/sd_o,0,70,0.0,0.0
csr_group17/sd_o + id_group2/sd_o,0,70,0.0,0.0
csr_group18/sd_o + id_group2/sd_o,0,70,0.0,0.0
csr_group19/sd_o + id_group2/sd_o,0,70,0.0,0.0
csr_group20/sd_o + id_group2/sd_o,0,70,0.0,0.0
id_group2/sd_o + tcr_execute/sd_o,0,70,0.0,0.0
id_group2/sd_o + lsu_group1/sd_o,0,70,0.0,0.0
id_group2/sd_o + lsu_group2/sd_o,0,70,0.0,0.0
id_group2/sd_o + lsu_group3/sd_o,0,70,0.0,0.0
id_group2/sd_o + lsu_group4/sd_o,0,70,0.0,0.0
id_group2/sd_o + lsu_group5/sd_o,0,70,0.0,0.0
check_s1_o_tag + id_group0/sd_o,0,70,0.0,0.0
check_s1_o_tag + id_group1/sd_o,0,70,0.0,0.0
check_s1_o_tag + id_group2/sd_o,0,70,0.0,0.0
check_s1_o_tag + id_group3/sd_o,0,70,0.0,0.0
check_s1_o_tag + id_group4/sd_o,0,70,0.0,0.0
check_s1_o_tag + id_group5/sd_o,0,70,0.0,0.0
id_group3/sd_o + id_group4/sd_o,0,70,0.0,0.0
id_group3/sd_o + id_group5/sd_o,0,70,0.0,0.0
id_group3/sd_o + id_group6/sd_o,0,70,0.0,0.0
id_group3/sd_o + id_group7/sd_o,0,70,0.0,0.0
id_group3/sd_o + id_group8/sd_o,0,70,0.0,0.0
id_group3/sd_o + id_group9/sd_o,0,70,0.0,0.0
id_group3/sd_o + sd_o_rf_tag,0,70,0.0,0.0
csr_group0/sd_o + id_group3/sd_o,0,70,0.0,0.0
csr_group1/sd_o + id_group3/sd_o,0,70,0.0,0.0
csr_group2/sd_o + id_group3/sd_o,0,70,0.0,0.0
csr_group3/sd_o + id_group3/sd_o,0,70,0.0,0.0
csr_group4/sd_o + id_group3/sd_o,0,70,0.0,0.0
csr_group5/sd_o + id_group3/sd_o,0,70,0.0,0.0
csr_group6/sd_o + id_group3/sd_o,0,70,0.0,0.0
csr_group7/sd_o + id_group3/sd_o,0,70,0.0,0.0
csr_group8/sd_o + id_group3/sd_o,0,70,0.0,0.0
csr_group9/sd_o + id_group3/sd_o,0,70,0.0,0.0
csr_group10/sd_o + id_group3/sd_o,0,70,0.0,0.0
csr_group11/sd_o + id_group3/sd_o,0,70,0.0,0.0
csr_group12/sd_o + id_group3/sd_o,0,70,0.0,0.0
csr_group13/sd_o + id_group3/sd_o,0,70,0.0,0.0
csr_group14/sd_o + id_group3/sd_o,0,70,0.0,0.0
csr_group15/sd_o + id_group3/sd_o,0,70,0.0,0.0
csr_group16/sd_o + id_group3/sd_o,0,70,0.0,0.0
csr_group17/sd_o + id_group3/sd_o,0,70,0.0,0.0
csr_group18/sd_o + id_group3/sd_o,0,70,0.0,0.0
csr_group19/sd_o + id_group3/sd_o,0,70,0.0,0.0
csr_group20/sd_o + id_group3/sd_o,0,70,0.0,0.0
id_group3/sd_o + tcr_execute/sd_o,0,70,0.0,0.0
id_group3/sd_o + lsu_group1/sd_o,0,70,0.0,0.0
id_group3/sd_o + lsu_group2/sd_o,0,70,0.0,0.0
id_group3/sd_o + lsu_group3/sd_o,0,70,0.0,0.0
id_group3/sd_o + lsu_group4/sd_o,0,70,0.0,0.0
id_group3/sd_o + lsu_group5/sd_o,0,70,0.0,0.0
check_s1_o_tag + id_group6/sd_o,0,70,0.0,0.0
check_s1_o_tag + id_group7/sd_o,0,70,0.0,0.0
check_s1_o_tag + id_group8/sd_o,0,70,0.0,0.0
check_s1_o_tag + id_group9/sd_o,0,70,0.0,0.0
check_s1_o_tag + csr_group0/sd_o,0,70,0.0,0.0
check_s1_o_tag + csr_group1/sd_o,0,70,0.0,0.0
check_s1_o_tag + csr_group2/sd_o,0,70,0.0,0.0
id_group4/sd_o + id_group5/sd_o,0,70,0.0,0.0
id_group4/sd_o + id_group6/sd_o,0,70,0.0,0.0
id_group4/sd_o + id_group7/sd_o,0,70,0.0,0.0
id_group4/sd_o + id_group8/sd_o,0,70,0.0,0.0
id_group4/sd_o + id_group9/sd_o,0,70,0.0,0.0
id_group4/sd_o + sd_o_rf_tag,0,70,0.0,0.0
csr_group0/sd_o + id_group4/sd_o,0,70,0.0,0.0
csr_group1/sd_o + id_group4/sd_o,0,70,0.0,0.0
csr_group2/sd_o + id_group4/sd_o,0,70,0.0,0.0
csr_group3/sd_o + id_group4/sd_o,0,70,0.0,0.0
csr_group4/sd_o + id_group4/sd_o,0,70,0.0,0.0
csr_group5/sd_o + id_group4/sd_o,0,70,0.0,0.0
check_s1_o_tag + csr_group3/sd_o,0,70,0.0,0.0
check_s1_o_tag + csr_group4/sd_o,0,70,0.0,0.0
check_s1_o_tag + csr_group5/sd_o,0,70,0.0,0.0
check_s1_o_tag + csr_group6/sd_o,0,70,0.0,0.0
check_s1_o_tag + csr_group7/sd_o,0,70,0.0,0.0
check_s1_o_tag + csr_group8/sd_o,0,70,0.0,0.0
check_s1_o_tag + csr_group9/sd_o,0,70,0.0,0.0
check_s1_o_tag + csr_group10/sd_o,0,70,0.0,0.0
check_s1_o_tag + csr_group11/sd_o,0,70,0.0,0.0
check_s1_o_tag + csr_group12/sd_o,0,70,0.0,0.0
check_s1_o_tag + csr_group13/sd_o,0,70,0.0,0.0
check_s1_o_tag + csr_group14/sd_o,0,70,0.0,0.0
check_s1_o_tag + csr_group15/sd_o,0,70,0.0,0.0
csr_group6/sd_o + id_group4/sd_o,0,70,0.0,0.0
csr_group7/sd_o + id_group4/sd_o,0,70,0.0,0.0
csr_group8/sd_o + id_group4/sd_o,0,70,0.0,0.0
csr_group9/sd_o + id_group4/sd_o,0,70,0.0,0.0
csr_group10/sd_o + id_group4/sd_o,0,70,0.0,0.0
csr_group11/sd_o + id_group4/sd_o,0,70,0.0,0.0
csr_group12/sd_o + id_group4/sd_o,0,70,0.0,0.0
csr_group13/sd_o + id_group4/sd_o,0,70,0.0,0.0
csr_group14/sd_o + id_group4/sd_o,0,70,0.0,0.0
csr_group15/sd_o + id_group4/sd_o,0,70,0.0,0.0
csr_group16/sd_o + id_group4/sd_o,0,70,0.0,0.0
csr_group17/sd_o + id_group4/sd_o,0,70,0.0,0.0
csr_group18/sd_o + id_group4/sd_o,0,70,0.0,0.0
csr_group19/sd_o + id_group4/sd_o,0,70,0.0,0.0
csr_group20/sd_o + id_group4/sd_o,0,70,0.0,0.0
id_group4/sd_o + tcr_execute/sd_o,0,70,0.0,0.0
id_group4/sd_o + lsu_group1/sd_o,0,70,0.0,0.0
id_group4/sd_o + lsu_group2/sd_o,0,70,0.0,0.0
id_group4/sd_o + lsu_group3/sd_o,0,70,0.0,0.0
id_group4/sd_o + lsu_group4/sd_o,0,70,0.0,0.0
id_group4/sd_o + lsu_group5/sd_o,0,70,0.0,0.0
check_s1_o_tag + csr_group16/sd_o,0,70,0.0,0.0
check_s1_o_tag + csr_group17/sd_o,0,70,0.0,0.0
check_s1_o_tag + csr_group18/sd_o,0,70,0.0,0.0
check_s1_o_tag + csr_group19/sd_o,0,70,0.0,0.0
check_s1_o_tag + csr_group20/sd_o,0,70,0.0,0.0
check_s1_o_tag + lsu_group1/sd_o,0,70,0.0,0.0
check_s1_o_tag + lsu_group2/sd_o,0,70,0.0,0.0
check_s1_o_tag + lsu_group3/sd_o,0,70,0.0,0.0
check_s1_o_tag + lsu_group4/sd_o,0,70,0.0,0.0
check_s1_o_tag + lsu_group5/sd_o,0,70,0.0,0.0
id_group5/sd_o + id_group6/sd_o,0,70,0.0,0.0
id_group5/sd_o + id_group7/sd_o,0,70,0.0,0.0
id_group5/sd_o + id_group8/sd_o,0,70,0.0,0.0
id_group5/sd_o + id_group9/sd_o,0,70,0.0,0.0
id_group5/sd_o + sd_o_rf_tag,0,70,0.0,0.0
csr_group0/sd_o + id_group5/sd_o,0,70,0.0,0.0
csr_group1/sd_o + id_group5/sd_o,0,70,0.0,0.0
csr_group2/sd_o + id_group5/sd_o,0,70,0.0,0.0
csr_group3/sd_o + id_group5/sd_o,0,70,0.0,0.0
csr_group4/sd_o + id_group5/sd_o,0,70,0.0,0.0
csr_group5/sd_o + id_group5/sd_o,0,70,0.0,0.0
csr_group6/sd_o + id_group5/sd_o,0,70,0.0,0.0
csr_group7/sd_o + id_group5/sd_o,0,70,0.0,0.0
csr_group8/sd_o + id_group5/sd_o,0,70,0.0,0.0
csr_group9/sd_o + id_group5/sd_o,0,70,0.0,0.0
csr_group10/sd_o + id_group5/sd_o,0,70,0.0,0.0
csr_group11/sd_o + id_group5/sd_o,0,70,0.0,0.0
csr_group12/sd_o + id_group5/sd_o,0,70,0.0,0.0
csr_group13/sd_o + id_group5/sd_o,0,70,0.0,0.0
csr_group14/sd_o + id_group5/sd_o,0,70,0.0,0.0
csr_group15/sd_o + id_group5/sd_o,0,70,0.0,0.0
csr_group16/sd_o + id_group5/sd_o,0,70,0.0,0.0
csr_group17/sd_o + id_group5/sd_o,0,70,0.0,0.0
csr_group18/sd_o + id_group5/sd_o,0,70,0.0,0.0
csr_group19/sd_o + id_group5/sd_o,0,70,0.0,0.0
csr_group20/sd_o + id_group5/sd_o,0,70,0.0,0.0
id_group5/sd_o + tcr_execute/sd_o,0,70,0.0,0.0
id_group5/sd_o + lsu_group1/sd_o,0,70,0.0,0.0
id_group5/sd_o + lsu_group2/sd_o,0,70,0.0,0.0
id_group5/sd_o + lsu_group3/sd_o,0,70,0.0,0.0
id_group5/sd_o + lsu_group4/sd_o,0,70,0.0,0.0
id_group5/sd_o + lsu_group5/sd_o,0,70,0.0,0.0
csr_group7/sd_o + pc_id_o_tag,0,70,0.0,0.0
csr_group8/sd_o + pc_id_o_tag,0,70,0.0,0.0
csr_group9/sd_o + pc_id_o_tag,0,70,0.0,0.0
csr_group10/sd_o + pc_id_o_tag,0,70,0.0,0.0
csr_group11/sd_o + pc_id_o_tag,0,70,0.0,0.0
csr_group12/sd_o + pc_id_o_tag,0,70,0.0,0.0
csr_group13/sd_o + pc_id_o_tag,0,70,0.0,0.0
csr_group14/sd_o + pc_id_o_tag,0,70,0.0,0.0
csr_group15/sd_o + pc_id_o_tag,0,70,0.0,0.0
csr_group16/sd_o + pc_id_o_tag,0,70,0.0,0.0
csr_group17/sd_o + pc_id_o_tag,0,70,0.0,0.0
csr_group18/sd_o + pc_id_o_tag,0,70,0.0,0.0
csr_group19/sd_o + pc_id_o_tag,0,70,0.0,0.0
csr_group20/sd_o + pc_id_o_tag,0,70,0.0,0.0
check_s2_o_tag + id_group0/sd_o,0,70,0.0,0.0
check_s2_o_tag + id_group1/sd_o,0,70,0.0,0.0
check_s2_o_tag + id_group2/sd_o,0,70,0.0,0.0
id_group6/sd_o + id_group7/sd_o,0,70,0.0,0.0
id_group6/sd_o + id_group8/sd_o,0,70,0.0,0.0
id_group6/sd_o + id_group9/sd_o,0,70,0.0,0.0
id_group6/sd_o + sd_o_rf_tag,0,70,0.0,0.0
csr_group0/sd_o + id_group6/sd_o,0,70,0.0,0.0
csr_group1/sd_o + id_group6/sd_o,0,70,0.0,0.0
csr_group2/sd_o + id_group6/sd_o,0,70,0.0,0.0
csr_group3/sd_o + id_group6/sd_o,0,70,0.0,0.0
csr_group4/sd_o + id_group6/sd_o,0,70,0.0,0.0
csr_group5/sd_o + id_group6/sd_o,0,70,0.0,0.0
csr_group6/sd_o + id_group6/sd_o,0,70,0.0,0.0
csr_group7/sd_o + id_group6/sd_o,0,70,0.0,0.0
csr_group8/sd_o + id_group6/sd_o,0,70,0.0,0.0
csr_group9/sd_o + id_group6/sd_o,0,70,0.0,0.0
csr_group10/sd_o + id_group6/sd_o,0,70,0.0,0.0
csr_group11/sd_o + id_group6/sd_o,0,70,0.0,0.0
csr_group12/sd_o + id_group6/sd_o,0,70,0.0,0.0
csr_group13/sd_o + id_group6/sd_o,0,70,0.0,0.0
csr_group14/sd_o + id_group6/sd_o,0,70,0.0,0.0
csr_group15/sd_o + id_group6/sd_o,0,70,0.0,0.0
csr_group16/sd_o + id_group6/sd_o,0,70,0.0,0.0
csr_group17/sd_o + id_group6/sd_o,0,70,0.0,0.0
csr_group18/sd_o + id_group6/sd_o,0,70,0.0,0.0
csr_group19/sd_o + id_group6/sd_o,0,70,0.0,0.0
csr_group20/sd_o + id_group6/sd_o,0,70,0.0,0.0
id_group6/sd_o + tcr_execute/sd_o,0,70,0.0,0.0
id_group6/sd_o + lsu_group1/sd_o,0,70,0.0,0.0
id_group6/sd_o + lsu_group2/sd_o,0,70,0.0,0.0
id_group6/sd_o + lsu_group3/sd_o,0,70,0.0,0.0
id_group6/sd_o + lsu_group4/sd_o,0,70,0.0,0.0
id_group6/sd_o + lsu_group5/sd_o,0,70,0.0,0.0
check_s2_o_tag + id_group3/sd_o,0,70,0.0,0.0
check_s2_o_tag + id_group4/sd_o,0,70,0.0,0.0
check_s2_o_tag + id_group5/sd_o,0,70,0.0,0.0
check_s2_o_tag + id_group6/sd_o,0,70,0.0,0.0
check_s2_o_tag + id_group7/sd_o,0,70,0.0,0.0
check_s2_o_tag + id_group8/sd_o,0,70,0.0,0.0
check_s2_o_tag + id_group9/sd_o,0,70,0.0,0.0
id_group7/sd_o + id_group8/sd_o,0,70,0.0,0.0
id_group7/sd_o + id_group9/sd_o,0,70,0.0,0.0
id_group7/sd_o + sd_o_rf_tag,0,70,0.0,0.0
csr_group0/sd_o + id_group7/sd_o,0,70,0.0,0.0
csr_group1/sd_o + id_group7/sd_o,0,70,0.0,0.0
csr_group2/sd_o + id_group7/sd_o,0,70,0.0,0.0
csr_group3/sd_o + id_group7/sd_o,0,70,0.0,0.0
csr_group4/sd_o + id_group7/sd_o,0,70,0.0,0.0
csr_group5/sd_o + id_group7/sd_o,0,70,0.0,0.0
csr_group6/sd_o + id_group7/sd_o,0,70,0.0,0.0
csr_group7/sd_o + id_group7/sd_o,0,70,0.0,0.0
csr_group8/sd_o + id_group7/sd_o,0,70,0.0,0.0
csr_group9/sd_o + id_group7/sd_o,0,70,0.0,0.0
csr_group10/sd_o + id_group7/sd_o,0,70,0.0,0.0
csr_group11/sd_o + id_group7/sd_o,0,70,0.0,0.0
csr_group12/sd_o + id_group7/sd_o,0,70,0.0,0.0
csr_group13/sd_o + id_group7/sd_o,0,70,0.0,0.0
csr_group14/sd_o + id_group7/sd_o,0,70,0.0,0.0
csr_group15/sd_o + id_group7/sd_o,0,70,0.0,0.0
csr_group16/sd_o + id_group7/sd_o,0,70,0.0,0.0
csr_group17/sd_o + id_group7/sd_o,0,70,0.0,0.0
csr_group18/sd_o + id_group7/sd_o,0,70,0.0,0.0
csr_group19/sd_o + id_group7/sd_o,0,70,0.0,0.0
csr_group20/sd_o + id_group7/sd_o,0,70,0.0,0.0
check_s2_o_tag + csr_group0/sd_o,0,70,0.0,0.0
check_s2_o_tag + csr_group1/sd_o,0,70,0.0,0.0
check_s2_o_tag + csr_group2/sd_o,0,70,0.0,0.0
check_s2_o_tag + csr_group3/sd_o,0,70,0.0,0.0
check_s2_o_tag + csr_group4/sd_o,0,70,0.0,0.0
check_s2_o_tag + csr_group5/sd_o,0,70,0.0,0.0
check_s2_o_tag + csr_group6/sd_o,0,70,0.0,0.0
check_s2_o_tag + csr_group7/sd_o,0,70,0.0,0.0
check_s2_o_tag + csr_group8/sd_o,0,70,0.0,0.0
check_s2_o_tag + csr_group9/sd_o,0,70,0.0,0.0
check_s2_o_tag + csr_group10/sd_o,0,70,0.0,0.0
check_s2_o_tag + csr_group11/sd_o,0,70,0.0,0.0
check_s2_o_tag + csr_group12/sd_o,0,70,0.0,0.0
id_group7/sd_o + tcr_execute/sd_o,0,70,0.0,0.0
id_group7/sd_o + lsu_group1/sd_o,0,70,0.0,0.0
id_group7/sd_o + lsu_group2/sd_o,0,70,0.0,0.0
id_group7/sd_o + lsu_group3/sd_o,0,70,0.0,0.0
id_group7/sd_o + lsu_group4/sd_o,0,70,0.0,0.0
id_group7/sd_o + lsu_group5/sd_o,0,70,0.0,0.0
check_s2_o_tag + csr_group13/sd_o,0,70,0.0,0.0
check_s2_o_tag + csr_group14/sd_o,0,70,0.0,0.0
check_s2_o_tag + csr_group15/sd_o,0,70,0.0,0.0
check_s2_o_tag + csr_group16/sd_o,0,70,0.0,0.0
check_s2_o_tag + csr_group17/sd_o,0,70,0.0,0.0
check_s2_o_tag + csr_group18/sd_o,0,70,0.0,0.0
check_s2_o_tag + csr_group19/sd_o,0,70,0.0,0.0
check_s2_o_tag + csr_group20/sd_o,0,70,0.0,0.0
check_s2_o_tag + lsu_group1/sd_o,0,70,0.0,0.0
check_s2_o_tag + lsu_group2/sd_o,0,70,0.0,0.0
check_s2_o_tag + lsu_group3/sd_o,0,70,0.0,0.0
check_s2_o_tag + lsu_group4/sd_o,0,70,0.0,0.0
check_s2_o_tag + lsu_group5/sd_o,0,70,0.0,0.0
id_group8/sd_o + id_group9/sd_o,0,70,0.0,0.0
id_group8/sd_o + sd_o_rf_tag,0,70,0.0,0.0
csr_group0/sd_o + id_group8/sd_o,0,70,0.0,0.0
csr_group1/sd_o + id_group8/sd_o,0,70,0.0,0.0
csr_group2/sd_o + id_group8/sd_o,0,70,0.0,0.0
csr_group3/sd_o + id_group8/sd_o,0,70,0.0,0.0
csr_group4/sd_o + id_group8/sd_o,0,70,0.0,0.0
csr_group5/sd_o + id_group8/sd_o,0,70,0.0,0.0
csr_group6/sd_o + id_group8/sd_o,0,70,0.0,0.0
csr_group7/sd_o + id_group8/sd_o,0,70,0.0,0.0
csr_group8/sd_o + id_group8/sd_o,0,70,0.0,0.0
csr_group9/sd_o + id_group8/sd_o,0,70,0.0,0.0
csr_group10/sd_o + id_group8/sd_o,0,70,0.0,0.0
csr_group11/sd_o + id_group8/sd_o,0,70,0.0,0.0
csr_group12/sd_o + id_group8/sd_o,0,70,0.0,0.0
csr_group13/sd_o + id_group8/sd_o,0,70,0.0,0.0
csr_group14/sd_o + id_group8/sd_o,0,70,0.0,0.0
csr_group15/sd_o + id_group8/sd_o,0,70,0.0,0.0
csr_group16/sd_o + id_group8/sd_o,0,70,0.0,0.0
csr_group17/sd_o + id_group8/sd_o,0,70,0.0,0.0
csr_group18/sd_o + id_group8/sd_o,0,70,0.0,0.0
csr_group19/sd_o + id_group8/sd_o,0,70,0.0,0.0
csr_group20/sd_o + id_group8/sd_o,0,70,0.0,0.0
id_group8/sd_o + tcr_execute/sd_o,0,70,0.0,0.0
id_group8/sd_o + lsu_group1/sd_o,0,70,0.0,0.0
id_group8/sd_o + lsu_group2/sd_o,0,70,0.0,0.0
id_group8/sd_o + lsu_group3/sd_o,0,70,0.0,0.0
id_group8/sd_o + lsu_group4/sd_o,0,70,0.0,0.0
id_group8/sd_o + lsu_group5/sd_o,0,70,0.0,0.0
id_group9/sd_o + sd_o_rf_tag,0,70,0.0,0.0
csr_group0/sd_o + id_group9/sd_o,0,70,0.0,0.0
csr_group1/sd_o + id_group9/sd_o,0,70,0.0,0.0
csr_group2/sd_o + id_group9/sd_o,0,70,0.0,0.0
csr_group3/sd_o + id_group9/sd_o,0,70,0.0,0.0
csr_group4/sd_o + id_group9/sd_o,0,70,0.0,0.0
csr_group5/sd_o + id_group9/sd_o,0,70,0.0,0.0
csr_group6/sd_o + id_group9/sd_o,0,70,0.0,0.0
csr_group7/sd_o + id_group9/sd_o,0,70,0.0,0.0
csr_group8/sd_o + id_group9/sd_o,0,70,0.0,0.0
csr_group9/sd_o + id_group9/sd_o,0,70,0.0,0.0
csr_group10/sd_o + id_group9/sd_o,0,70,0.0,0.0
csr_group11/sd_o + id_group9/sd_o,0,70,0.0,0.0
csr_group12/sd_o + id_group9/sd_o,0,70,0.0,0.0
csr_group13/sd_o + id_group9/sd_o,0,70,0.0,0.0
csr_group14/sd_o + id_group9/sd_o,0,70,0.0,0.0
csr_group15/sd_o + id_group9/sd_o,0,70,0.0,0.0
csr_group16/sd_o + id_group9/sd_o,0,70,0.0,0.0
csr_group17/sd_o + id_group9/sd_o,0,70,0.0,0.0
csr_group18/sd_o + id_group9/sd_o,0,70,0.0,0.0
csr_group19/sd_o + id_group9/sd_o,0,70,0.0,0.0
csr_group20/sd_o + id_group9/sd_o,0,70,0.0,0.0
id_group9/sd_o + tcr_execute/sd_o,0,70,0.0,0.0
id_group9/sd_o + lsu_group1/sd_o,0,70,0.0,0.0
id_group9/sd_o + lsu_group2/sd_o,0,70,0.0,0.0
id_group9/sd_o + lsu_group3/sd_o,0,70,0.0,0.0
id_group9/sd_o + lsu_group4/sd_o,0,70,0.0,0.0
id_group9/sd_o + lsu_group5/sd_o,0,70,0.0,0.0
id_group0/sd_o + is_store_post_o_tag,0,70,0.0,0.0
id_group1/sd_o + is_store_post_o_tag,0,70,0.0,0.0
id_group2/sd_o + is_store_post_o_tag,0,70,0.0,0.0
id_group3/sd_o + is_store_post_o_tag,0,70,0.0,0.0
id_group4/sd_o + is_store_post_o_tag,0,70,0.0,0.0
id_group5/sd_o + is_store_post_o_tag,0,70,0.0,0.0
id_group6/sd_o + is_store_post_o_tag,0,70,0.0,0.0
id_group7/sd_o + is_store_post_o_tag,0,70,0.0,0.0
id_group8/sd_o + is_store_post_o_tag,0,70,0.0,0.0
id_group9/sd_o + is_store_post_o_tag,0,70,0.0,0.0
csr_group0/sd_o + is_store_post_o_tag,0,70,0.0,0.0
csr_group1/sd_o + is_store_post_o_tag,0,70,0.0,0.0
csr_group2/sd_o + is_store_post_o_tag,0,70,0.0,0.0
csr_group3/sd_o + is_store_post_o_tag,0,70,0.0,0.0
csr_group4/sd_o + is_store_post_o_tag,0,70,0.0,0.0
csr_group5/sd_o + is_store_post_o_tag,0,70,0.0,0.0
csr_group6/sd_o + is_store_post_o_tag,0,70,0.0,0.0
csr_group7/sd_o + is_store_post_o_tag,0,70,0.0,0.0
csr_group8/sd_o + is_store_post_o_tag,0,70,0.0,0.0
csr_group9/sd_o + is_store_post_o_tag,0,70,0.0,0.0
csr_group10/sd_o + is_store_post_o_tag,0,70,0.0,0.0
csr_group11/sd_o + is_store_post_o_tag,0,70,0.0,0.0
csr_group12/sd_o + is_store_post_o_tag,0,70,0.0,0.0
csr_group13/sd_o + is_store_post_o_tag,0,70,0.0,0.0
csr_group14/sd_o + is_store_post_o_tag,0,70,0.0,0.0
csr_group15/sd_o + is_store_post_o_tag,0,70,0.0,0.0
csr_group16/sd_o + is_store_post_o_tag,0,70,0.0,0.0
csr_group17/sd_o + is_store_post_o_tag,0,70,0.0,0.0
csr_group18/sd_o + is_store_post_o_tag,0,70,0.0,0.0
csr_group19/sd_o + is_store_post_o_tag,0,70,0.0,0.0
csr_group20/sd_o + is_store_post_o_tag,0,70,0.0,0.0
is_store_post_o_tag + lsu_group1/sd_o,0,70,0.0,0.0
is_store_post_o_tag + lsu_group2/sd_o,0,70,0.0,0.0
is_store_post_o_tag + lsu_group3/sd_o,0,70,0.0,0.0
is_store_post_o_tag + lsu_group4/sd_o,0,70,0.0,0.0
is_store_post_o_tag + lsu_group5/sd_o,0,70,0.0,0.0
id_group0/sd_o + memory_set_o_tag,0,70,0.0,0.0
id_group1/sd_o + memory_set_o_tag,0,70,0.0,0.0
id_group2/sd_o + memory_set_o_tag,0,70,0.0,0.0
id_group3/sd_o + memory_set_o_tag,0,70,0.0,0.0
id_group4/sd_o + memory_set_o_tag,0,70,0.0,0.0
id_group5/sd_o + memory_set_o_tag,0,70,0.0,0.0
id_group6/sd_o + memory_set_o_tag,0,70,0.0,0.0
id_group7/sd_o + memory_set_o_tag,0,70,0.0,0.0
id_group8/sd_o + memory_set_o_tag,0,70,0.0,0.0
id_group9/sd_o + memory_set_o_tag,0,70,0.0,0.0
lsu_group1/sd_o + pc_id_o_tag,0,70,0.0,0.0
lsu_group2/sd_o + pc_id_o_tag,0,70,0.0,0.0
lsu_group3/sd_o + pc_id_o_tag,0,70,0.0,0.0
lsu_group4/sd_o + pc_id_o_tag,0,70,0.0,0.0
lsu_group5/sd_o + pc_id_o_tag,0,70,0.0,0.0
csr_group0/sd_o + memory_set_o_tag,0,70,0.0,0.0
csr_group1/sd_o + memory_set_o_tag,0,70,0.0,0.0
csr_group2/sd_o + memory_set_o_tag,0,70,0.0,0.0
csr_group3/sd_o + memory_set_o_tag,0,70,0.0,0.0
csr_group4/sd_o + memory_set_o_tag,0,70,0.0,0.0
csr_group5/sd_o + memory_set_o_tag,0,70,0.0,0.0
csr_group6/sd_o + memory_set_o_tag,0,70,0.0,0.0
csr_group7/sd_o + memory_set_o_tag,0,70,0.0,0.0
csr_group0/sd_o + sd_o_rf_tag,0,70,0.0,0.0
csr_group1/sd_o + sd_o_rf_tag,0,70,0.0,0.0
csr_group2/sd_o + sd_o_rf_tag,0,70,0.0,0.0
csr_group3/sd_o + sd_o_rf_tag,0,70,0.0,0.0
csr_group4/sd_o + sd_o_rf_tag,0,70,0.0,0.0
csr_group5/sd_o + sd_o_rf_tag,0,70,0.0,0.0
csr_group6/sd_o + sd_o_rf_tag,0,70,0.0,0.0
csr_group7/sd_o + sd_o_rf_tag,0,70,0.0,0.0
csr_group8/sd_o + sd_o_rf_tag,0,70,0.0,0.0
csr_group9/sd_o + sd_o_rf_tag,0,70,0.0,0.0
csr_group10/sd_o + sd_o_rf_tag,0,70,0.0,0.0
csr_group11/sd_o + sd_o_rf_tag,0,70,0.0,0.0
csr_group12/sd_o + sd_o_rf_tag,0,70,0.0,0.0
csr_group13/sd_o + sd_o_rf_tag,0,70,0.0,0.0
csr_group14/sd_o + sd_o_rf_tag,0,70,0.0,0.0
csr_group15/sd_o + sd_o_rf_tag,0,70,0.0,0.0
csr_group16/sd_o + sd_o_rf_tag,0,70,0.0,0.0
csr_group17/sd_o + sd_o_rf_tag,0,70,0.0,0.0
csr_group18/sd_o + sd_o_rf_tag,0,70,0.0,0.0
csr_group19/sd_o + sd_o_rf_tag,0,70,0.0,0.0
csr_group20/sd_o + sd_o_rf_tag,0,70,0.0,0.0
lsu_group1/sd_o + sd_o_rf_tag,0,70,0.0,0.0
lsu_group2/sd_o + sd_o_rf_tag,0,70,0.0,0.0
lsu_group3/sd_o + sd_o_rf_tag,0,70,0.0,0.0
lsu_group4/sd_o + sd_o_rf_tag,0,70,0.0,0.0
lsu_group5/sd_o + sd_o_rf_tag,0,70,0.0,0.0
csr_group8/sd_o + memory_set_o_tag,0,70,0.0,0.0
csr_group9/sd_o + memory_set_o_tag,0,70,0.0,0.0
csr_group10/sd_o + memory_set_o_tag,0,70,0.0,0.0
csr_group11/sd_o + memory_set_o_tag,0,70,0.0,0.0
csr_group12/sd_o + memory_set_o_tag,0,70,0.0,0.0
csr_group13/sd_o + memory_set_o_tag,0,70,0.0,0.0
csr_group14/sd_o + memory_set_o_tag,0,70,0.0,0.0
csr_group15/sd_o + memory_set_o_tag,0,70,0.0,0.0
csr_group16/sd_o + memory_set_o_tag,0,70,0.0,0.0
csr_group17/sd_o + memory_set_o_tag,0,70,0.0,0.0
csr_group18/sd_o + memory_set_o_tag,0,70,0.0,0.0
csr_group19/sd_o + memory_set_o_tag,0,70,0.0,0.0
csr_group20/sd_o + memory_set_o_tag,0,70,0.0,0.0
lsu_group1/sd_o + memory_set_o_tag,0,70,0.0,0.0
csr_group0/sd_o + csr_group1/sd_o,0,70,0.0,0.0
csr_group0/sd_o + csr_group2/sd_o,0,70,0.0,0.0
csr_group0/sd_o + csr_group3/sd_o,0,70,0.0,0.0
csr_group0/sd_o + csr_group4/sd_o,0,70,0.0,0.0
csr_group0/sd_o + csr_group5/sd_o,0,70,0.0,0.0
csr_group0/sd_o + csr_group6/sd_o,0,70,0.0,0.0
csr_group0/sd_o + csr_group7/sd_o,0,70,0.0,0.0
csr_group0/sd_o + csr_group8/sd_o,0,70,0.0,0.0
csr_group0/sd_o + csr_group9/sd_o,0,70,0.0,0.0
csr_group0/sd_o + csr_group10/sd_o,0,70,0.0,0.0
csr_group0/sd_o + csr_group11/sd_o,0,70,0.0,0.0
csr_group0/sd_o + csr_group12/sd_o,0,70,0.0,0.0
csr_group0/sd_o + csr_group13/sd_o,0,70,0.0,0.0
csr_group0/sd_o + csr_group14/sd_o,0,70,0.0,0.0
csr_group0/sd_o + csr_group15/sd_o,0,70,0.0,0.0
csr_group0/sd_o + csr_group16/sd_o,0,70,0.0,0.0
csr_group0/sd_o + csr_group17/sd_o,0,70,0.0,0.0
csr_group0/sd_o + csr_group18/sd_o,0,70,0.0,0.0
csr_group0/sd_o + csr_group19/sd_o,0,70,0.0,0.0
csr_group0/sd_o + csr_group20/sd_o,0,70,0.0,0.0
csr_group0/sd_o + tcr_execute/sd_o,0,70,0.0,0.0
csr_group0/sd_o + lsu_group1/sd_o,0,70,0.0,0.0
csr_group0/sd_o + lsu_group2/sd_o,0,70,0.0,0.0
csr_group0/sd_o + lsu_group3/sd_o,0,70,0.0,0.0
csr_group0/sd_o + lsu_group4/sd_o,0,70,0.0,0.0
csr_group0/sd_o + lsu_group5/sd_o,0,70,0.0,0.0
csr_group1/sd_o + csr_group2/sd_o,0,70,0.0,0.0
csr_group1/sd_o + csr_group3/sd_o,0,70,0.0,0.0
csr_group1/sd_o + csr_group4/sd_o,0,70,0.0,0.0
csr_group1/sd_o + csr_group5/sd_o,0,70,0.0,0.0
csr_group1/sd_o + csr_group6/sd_o,0,70,0.0,0.0
csr_group1/sd_o + csr_group7/sd_o,0,70,0.0,0.0
csr_group1/sd_o + csr_group8/sd_o,0,70,0.0,0.0
csr_group1/sd_o + csr_group9/sd_o,0,70,0.0,0.0
csr_group1/sd_o + csr_group10/sd_o,0,70,0.0,0.0
csr_group1/sd_o + csr_group11/sd_o,0,70,0.0,0.0
csr_group1/sd_o + csr_group12/sd_o,0,70,0.0,0.0
csr_group1/sd_o + csr_group13/sd_o,0,70,0.0,0.0
csr_group1/sd_o + csr_group14/sd_o,0,70,0.0,0.0
csr_group1/sd_o + csr_group15/sd_o,0,70,0.0,0.0
lsu_group2/sd_o + memory_set_o_tag,0,70,0.0,0.0
lsu_group3/sd_o + memory_set_o_tag,0,70,0.0,0.0
lsu_group4/sd_o + memory_set_o_tag,0,70,0.0,0.0
lsu_group5/sd_o + memory_set_o_tag,0,70,0.0,0.0
csr_group1/sd_o + csr_group16/sd_o,0,70,0.0,0.0
csr_group1/sd_o + csr_group17/sd_o,0,70,0.0,0.0
csr_group1/sd_o + csr_group18/sd_o,0,70,0.0,0.0
csr_group1/sd_o + csr_group19/sd_o,0,70,0.0,0.0
csr_group1/sd_o + csr_group20/sd_o,0,70,0.0,0.0
csr_group1/sd_o + tcr_execute/sd_o,0,70,0.0,0.0
csr_group1/sd_o + lsu_group1/sd_o,0,70,0.0,0.0
csr_group1/sd_o + lsu_group2/sd_o,0,70,0.0,0.0
csr_group1/sd_o + lsu_group3/sd_o,0,70,0.0,0.0
csr_group1/sd_o + lsu_group4/sd_o,0,70,0.0,0.0
csr_group1/sd_o + lsu_group5/sd_o,0,70,0.0,0.0
csr_group2/sd_o + csr_group3/sd_o,0,70,0.0,0.0
csr_group2/sd_o + csr_group4/sd_o,0,70,0.0,0.0
csr_group2/sd_o + csr_group5/sd_o,0,70,0.0,0.0
csr_group2/sd_o + csr_group6/sd_o,0,70,0.0,0.0
csr_group2/sd_o + csr_group7/sd_o,0,70,0.0,0.0
csr_group2/sd_o + csr_group8/sd_o,0,70,0.0,0.0
csr_group2/sd_o + csr_group9/sd_o,0,70,0.0,0.0
csr_group10/sd_o + csr_group2/sd_o,0,70,0.0,0.0
csr_group11/sd_o + csr_group2/sd_o,0,70,0.0,0.0
csr_group12/sd_o + csr_group2/sd_o,0,70,0.0,0.0
csr_group13/sd_o + csr_group2/sd_o,0,70,0.0,0.0
csr_group14/sd_o + csr_group2/sd_o,0,70,0.0,0.0
csr_group15/sd_o + csr_group2/sd_o,0,70,0.0,0.0
csr_group16/sd_o + csr_group2/sd_o,0,70,0.0,0.0
csr_group17/sd_o + csr_group2/sd_o,0,70,0.0,0.0
csr_group18/sd_o + csr_group2/sd_o,0,70,0.0,0.0
csr_group19/sd_o + csr_group2/sd_o,0,70,0.0,0.0
csr_group2/sd_o + csr_group20/sd_o,0,70,0.0,0.0
csr_group2/sd_o + tcr_execute/sd_o,0,70,0.0,0.0
csr_group2/sd_o + lsu_group1/sd_o,0,70,0.0,0.0
csr_group2/sd_o + lsu_group2/sd_o,0,70,0.0,0.0
csr_group2/sd_o + lsu_group3/sd_o,0,70,0.0,0.0
csr_group2/sd_o + lsu_group4/sd_o,0,70,0.0,0.0
csr_group2/sd_o + lsu_group5/sd_o,0,70,0.0,0.0
csr_group3/sd_o + csr_group4/sd_o,0,70,0.0,0.0
csr_group3/sd_o + csr_group5/sd_o,0,70,0.0,0.0
csr_group3/sd_o + csr_group6/sd_o,0,70,0.0,0.0
csr_group3/sd_o + csr_group7/sd_o,0,70,0.0,0.0
csr_group3/sd_o + csr_group8/sd_o,0,70,0.0,0.0
csr_group3/sd_o + csr_group9/sd_o,0,70,0.0,0.0
csr_group10/sd_o + csr_group3/sd_o,0,70,0.0,0.0
csr_group11/sd_o + csr_group3/sd_o,0,70,0.0,0.0
csr_group12/sd_o + csr_group3/sd_o,0,70,0.0,0.0
csr_group13/sd_o + csr_group3/sd_o,0,70,0.0,0.0
csr_group14/sd_o + csr_group3/sd_o,0,70,0.0,0.0
csr_group15/sd_o + csr_group3/sd_o,0,70,0.0,0.0
csr_group16/sd_o + csr_group3/sd_o,0,70,0.0,0.0
csr_group17/sd_o + csr_group3/sd_o,0,70,0.0,0.0
csr_group18/sd_o + csr_group3/sd_o,0,70,0.0,0.0
csr_group19/sd_o + csr_group3/sd_o,0,70,0.0,0.0
csr_group20/sd_o + csr_group3/sd_o,0,70,0.0,0.0
csr_group3/sd_o + tcr_execute/sd_o,0,70,0.0,0.0
csr_group3/sd_o + lsu_group1/sd_o,0,70,0.0,0.0
csr_group3/sd_o + lsu_group2/sd_o,0,70,0.0,0.0
csr_group3/sd_o + lsu_group3/sd_o,0,70,0.0,0.0
csr_group3/sd_o + lsu_group4/sd_o,0,70,0.0,0.0
csr_group3/sd_o + lsu_group5/sd_o,0,70,0.0,0.0
csr_group4/sd_o + csr_group5/sd_o,0,70,0.0,0.0
csr_group4/sd_o + csr_group6/sd_o,0,70,0.0,0.0
csr_group4/sd_o + csr_group7/sd_o,0,70,0.0,0.0
csr_group4/sd_o + csr_group8/sd_o,0,70,0.0,0.0
csr_group4/sd_o + csr_group9/sd_o,0,70,0.0,0.0
csr_group10/sd_o + csr_group4/sd_o,0,70,0.0,0.0
csr_group11/sd_o + csr_group4/sd_o,0,70,0.0,0.0
csr_group12/sd_o + csr_group4/sd_o,0,70,0.0,0.0
csr_group13/sd_o + csr_group4/sd_o,0,70,0.0,0.0
csr_group14/sd_o + csr_group4/sd_o,0,70,0.0,0.0
csr_group15/sd_o + csr_group4/sd_o,0,70,0.0,0.0
csr_group16/sd_o + csr_group4/sd_o,0,70,0.0,0.0
csr_group17/sd_o + csr_group4/sd_o,0,70,0.0,0.0
csr_group18/sd_o + csr_group4/sd_o,0,70,0.0,0.0
csr_group19/sd_o + csr_group4/sd_o,0,70,0.0,0.0
csr_group20/sd_o + csr_group4/sd_o,0,70,0.0,0.0
csr_group4/sd_o + tcr_execute/sd_o,0,70,0.0,0.0
csr_group4/sd_o + lsu_group1/sd_o,0,70,0.0,0.0
csr_group4/sd_o + lsu_group2/sd_o,0,70,0.0,0.0
csr_group4/sd_o + lsu_group3/sd_o,0,70,0.0,0.0
csr_group4/sd_o + lsu_group4/sd_o,0,70,0.0,0.0
csr_group4/sd_o + lsu_group5/sd_o,0,70,0.0,0.0
csr_group5/sd_o + csr_group6/sd_o,0,70,0.0,0.0
csr_group5/sd_o + csr_group7/sd_o,0,70,0.0,0.0
csr_group5/sd_o + csr_group8/sd_o,0,70,0.0,0.0
csr_group5/sd_o + csr_group9/sd_o,0,70,0.0,0.0
csr_group10/sd_o + csr_group5/sd_o,0,70,0.0,0.0
csr_group11/sd_o + csr_group5/sd_o,0,70,0.0,0.0
csr_group12/sd_o + csr_group5/sd_o,0,70,0.0,0.0
csr_group13/sd_o + csr_group5/sd_o,0,70,0.0,0.0
csr_group14/sd_o + csr_group5/sd_o,0,70,0.0,0.0
csr_group15/sd_o + csr_group5/sd_o,0,70,0.0,0.0
csr_group16/sd_o + csr_group5/sd_o,0,70,0.0,0.0
csr_group17/sd_o + csr_group5/sd_o,0,70,0.0,0.0
csr_group18/sd_o + csr_group5/sd_o,0,70,0.0,0.0
csr_group19/sd_o + csr_group5/sd_o,0,70,0.0,0.0
csr_group20/sd_o + csr_group5/sd_o,0,70,0.0,0.0
csr_group5/sd_o + tcr_execute/sd_o,0,70,0.0,0.0
csr_group5/sd_o + lsu_group1/sd_o,0,70,0.0,0.0
csr_group5/sd_o + lsu_group2/sd_o,0,70,0.0,0.0
csr_group5/sd_o + lsu_group3/sd_o,0,70,0.0,0.0
csr_group5/sd_o + lsu_group4/sd_o,0,70,0.0,0.0
csr_group5/sd_o + lsu_group5/sd_o,0,70,0.0,0.0
csr_group6/sd_o + csr_group7/sd_o,0,70,0.0,0.0
csr_group6/sd_o + csr_group8/sd_o,0,70,0.0,0.0
csr_group6/sd_o + csr_group9/sd_o,0,70,0.0,0.0
csr_group10/sd_o + csr_group6/sd_o,0,70,0.0,0.0
csr_group11/sd_o + csr_group6/sd_o,0,70,0.0,0.0
csr_group12/sd_o + csr_group6/sd_o,0,70,0.0,0.0
csr_group13/sd_o + csr_group6/sd_o,0,70,0.0,0.0
csr_group14/sd_o + csr_group6/sd_o,0,70,0.0,0.0
csr_group15/sd_o + csr_group6/sd_o,0,70,0.0,0.0
csr_group16/sd_o + csr_group6/sd_o,0,70,0.0,0.0
csr_group17/sd_o + csr_group6/sd_o,0,70,0.0,0.0
csr_group18/sd_o + csr_group6/sd_o,0,70,0.0,0.0
csr_group19/sd_o + csr_group6/sd_o,0,70,0.0,0.0
csr_group20/sd_o + csr_group6/sd_o,0,70,0.0,0.0
csr_group6/sd_o + tcr_execute/sd_o,0,70,0.0,0.0
csr_group6/sd_o + lsu_group1/sd_o,0,70,0.0,0.0
csr_group6/sd_o + lsu_group2/sd_o,0,70,0.0,0.0
csr_group6/sd_o + lsu_group3/sd_o,0,70,0.0,0.0
csr_group6/sd_o + lsu_group4/sd_o,0,70,0.0,0.0
csr_group6/sd_o + lsu_group5/sd_o,0,70,0.0,0.0
csr_group7/sd_o + csr_group8/sd_o,0,70,0.0,0.0
csr_group7/sd_o + csr_group9/sd_o,0,70,0.0,0.0
csr_group10/sd_o + csr_group7/sd_o,0,70,0.0,0.0
csr_group11/sd_o + csr_group7/sd_o,0,70,0.0,0.0
csr_group12/sd_o + csr_group7/sd_o,0,70,0.0,0.0
csr_group13/sd_o + csr_group7/sd_o,0,70,0.0,0.0
csr_group14/sd_o + csr_group7/sd_o,0,70,0.0,0.0
csr_group15/sd_o + csr_group7/sd_o,0,70,0.0,0.0
csr_group16/sd_o + csr_group7/sd_o,0,70,0.0,0.0
csr_group17/sd_o + csr_group7/sd_o,0,70,0.0,0.0
csr_group18/sd_o + csr_group7/sd_o,0,70,0.0,0.0
csr_group19/sd_o + csr_group7/sd_o,0,70,0.0,0.0
csr_group20/sd_o + csr_group7/sd_o,0,70,0.0,0.0
csr_group7/sd_o + tcr_execute/sd_o,0,70,0.0,0.0
csr_group7/sd_o + lsu_group1/sd_o,0,70,0.0,0.0
csr_group7/sd_o + lsu_group2/sd_o,0,70,0.0,0.0
csr_group7/sd_o + lsu_group3/sd_o,0,70,0.0,0.0
csr_group7/sd_o + lsu_group4/sd_o,0,70,0.0,0.0
csr_group7/sd_o + lsu_group5/sd_o,0,70,0.0,0.0
csr_group8/sd_o + csr_group9/sd_o,0,70,0.0,0.0
csr_group10/sd_o + csr_group8/sd_o,0,70,0.0,0.0
csr_group11/sd_o + csr_group8/sd_o,0,70,0.0,0.0
csr_group12/sd_o + csr_group8/sd_o,0,70,0.0,0.0
csr_group13/sd_o + csr_group8/sd_o,0,70,0.0,0.0
csr_group14/sd_o + csr_group8/sd_o,0,70,0.0,0.0
csr_group15/sd_o + csr_group8/sd_o,0,70,0.0,0.0
csr_group16/sd_o + csr_group8/sd_o,0,70,0.0,0.0
csr_group17/sd_o + csr_group8/sd_o,0,70,0.0,0.0
csr_group18/sd_o + csr_group8/sd_o,0,70,0.0,0.0
csr_group19/sd_o + csr_group8/sd_o,0,70,0.0,0.0
csr_group20/sd_o + csr_group8/sd_o,0,70,0.0,0.0
csr_group8/sd_o + tcr_execute/sd_o,0,70,0.0,0.0
csr_group8/sd_o + lsu_group1/sd_o,0,70,0.0,0.0
csr_group8/sd_o + lsu_group2/sd_o,0,70,0.0,0.0
csr_group8/sd_o + lsu_group3/sd_o,0,70,0.0,0.0
csr_group8/sd_o + lsu_group4/sd_o,0,70,0.0,0.0
csr_group8/sd_o + lsu_group5/sd_o,0,70,0.0,0.0
csr_group10/sd_o + csr_group9/sd_o,0,70,0.0,0.0
csr_group11/sd_o + csr_group9/sd_o,0,70,0.0,0.0
csr_group12/sd_o + csr_group9/sd_o,0,70,0.0,0.0
csr_group13/sd_o + csr_group9/sd_o,0,70,0.0,0.0
csr_group14/sd_o + csr_group9/sd_o,0,70,0.0,0.0
csr_group15/sd_o + csr_group9/sd_o,0,70,0.0,0.0
csr_group16/sd_o + csr_group9/sd_o,0,70,0.0,0.0
csr_group17/sd_o + csr_group9/sd_o,0,70,0.0,0.0
csr_group18/sd_o + csr_group9/sd_o,0,70,0.0,0.0
csr_group19/sd_o + csr_group9/sd_o,0,70,0.0,0.0
csr_group20/sd_o + csr_group9/sd_o,0,70,0.0,0.0
csr_group9/sd_o + tcr_execute/sd_o,0,70,0.0,0.0
csr_group9/sd_o + lsu_group1/sd_o,0,70,0.0,0.0
csr_group9/sd_o + lsu_group2/sd_o,0,70,0.0,0.0
csr_group9/sd_o + lsu_group3/sd_o,0,70,0.0,0.0
csr_group9/sd_o + lsu_group4/sd_o,0,70,0.0,0.0
csr_group9/sd_o + lsu_group5/sd_o,0,70,0.0,0.0
csr_group10/sd_o + csr_group11/sd_o,0,70,0.0,0.0
csr_group10/sd_o + csr_group12/sd_o,0,70,0.0,0.0
csr_group10/sd_o + csr_group13/sd_o,0,70,0.0,0.0
csr_group10/sd_o + csr_group14/sd_o,0,70,0.0,0.0
csr_group10/sd_o + csr_group15/sd_o,0,70,0.0,0.0
csr_group10/sd_o + csr_group16/sd_o,0,70,0.0,0.0
csr_group10/sd_o + csr_group17/sd_o,0,70,0.0,0.0
csr_group10/sd_o + csr_group18/sd_o,0,70,0.0,0.0
csr_group10/sd_o + csr_group19/sd_o,0,70,0.0,0.0
csr_group10/sd_o + csr_group20/sd_o,0,70,0.0,0.0
csr_group10/sd_o + tcr_execute/sd_o,0,70,0.0,0.0
csr_group10/sd_o + lsu_group1/sd_o,0,70,0.0,0.0
csr_group10/sd_o + lsu_group2/sd_o,0,70,0.0,0.0
csr_group10/sd_o + lsu_group3/sd_o,0,70,0.0,0.0
csr_group10/sd_o + lsu_group4/sd_o,0,70,0.0,0.0
csr_group10/sd_o + lsu_group5/sd_o,0,70,0.0,0.0
csr_group11/sd_o + csr_group12/sd_o,0,70,0.0,0.0
csr_group11/sd_o + csr_group13/sd_o,0,70,0.0,0.0
csr_group11/sd_o + csr_group14/sd_o,0,70,0.0,0.0
csr_group11/sd_o + csr_group15/sd_o,0,70,0.0,0.0
csr_group11/sd_o + csr_group16/sd_o,0,70,0.0,0.0
csr_group11/sd_o + csr_group17/sd_o,0,70,0.0,0.0
csr_group11/sd_o + csr_group18/sd_o,0,70,0.0,0.0
csr_group11/sd_o + csr_group19/sd_o,0,70,0.0,0.0
csr_group11/sd_o + csr_group20/sd_o,0,70,0.0,0.0
csr_group11/sd_o + tcr_execute/sd_o,0,70,0.0,0.0
csr_group11/sd_o + lsu_group1/sd_o,0,70,0.0,0.0
csr_group11/sd_o + lsu_group2/sd_o,0,70,0.0,0.0
csr_group11/sd_o + lsu_group3/sd_o,0,70,0.0,0.0
csr_group11/sd_o + lsu_group4/sd_o,0,70,0.0,0.0
csr_group11/sd_o + lsu_group5/sd_o,0,70,0.0,0.0
csr_group12/sd_o + csr_group13/sd_o,0,70,0.0,0.0
csr_group12/sd_o + csr_group14/sd_o,0,70,0.0,0.0
csr_group12/sd_o + csr_group15/sd_o,0,70,0.0,0.0
csr_group12/sd_o + csr_group16/sd_o,0,70,0.0,0.0
csr_group12/sd_o + csr_group17/sd_o,0,70,0.0,0.0
csr_group12/sd_o + csr_group18/sd_o,0,70,0.0,0.0
csr_group12/sd_o + csr_group19/sd_o,0,70,0.0,0.0
csr_group12/sd_o + csr_group20/sd_o,0,70,0.0,0.0
csr_group12/sd_o + tcr_execute/sd_o,0,70,0.0,0.0
csr_group12/sd_o + lsu_group1/sd_o,0,70,0.0,0.0
csr_group12/sd_o + lsu_group2/sd_o,0,70,0.0,0.0
csr_group12/sd_o + lsu_group3/sd_o,0,70,0.0,0.0
csr_group12/sd_o + lsu_group4/sd_o,0,70,0.0,0.0
csr_group12/sd_o + lsu_group5/sd_o,0,70,0.0,0.0
csr_group13/sd_o + csr_group14/sd_o,0,70,0.0,0.0
csr_group13/sd_o + csr_group15/sd_o,0,70,0.0,0.0
csr_group13/sd_o + csr_group16/sd_o,0,70,0.0,0.0
csr_group13/sd_o + csr_group17/sd_o,0,70,0.0,0.0
csr_group13/sd_o + csr_group18/sd_o,0,70,0.0,0.0
csr_group13/sd_o + csr_group19/sd_o,0,70,0.0,0.0
csr_group13/sd_o + csr_group20/sd_o,0,70,0.0,0.0
csr_group13/sd_o + tcr_execute/sd_o,0,70,0.0,0.0
csr_group13/sd_o + lsu_group1/sd_o,0,70,0.0,0.0
csr_group13/sd_o + lsu_group2/sd_o,0,70,0.0,0.0
csr_group13/sd_o + lsu_group3/sd_o,0,70,0.0,0.0
csr_group13/sd_o + lsu_group4/sd_o,0,70,0.0,0.0
csr_group13/sd_o + lsu_group5/sd_o,0,70,0.0,0.0
csr_group14/sd_o + csr_group15/sd_o,0,70,0.0,0.0
csr_group14/sd_o + csr_group16/sd_o,0,70,0.0,0.0
csr_group14/sd_o + csr_group17/sd_o,0,70,0.0,0.0
csr_group14/sd_o + csr_group18/sd_o,0,70,0.0,0.0
csr_group14/sd_o + csr_group19/sd_o,0,70,0.0,0.0
csr_group14/sd_o + csr_group20/sd_o,0,70,0.0,0.0
csr_group14/sd_o + tcr_execute/sd_o,0,70,0.0,0.0
csr_group14/sd_o + lsu_group1/sd_o,0,70,0.0,0.0
csr_group14/sd_o + lsu_group2/sd_o,0,70,0.0,0.0
csr_group14/sd_o + lsu_group3/sd_o,0,70,0.0,0.0
csr_group14/sd_o + lsu_group4/sd_o,0,70,0.0,0.0
csr_group14/sd_o + lsu_group5/sd_o,0,70,0.0,0.0
id_group0/sd_o + pc_if_o_tag,0,70,0.0,0.0
id_group1/sd_o + pc_if_o_tag,0,70,0.0,0.0
id_group2/sd_o + pc_if_o_tag,0,70,0.0,0.0
id_group3/sd_o + pc_if_o_tag,0,70,0.0,0.0
id_group4/sd_o + pc_if_o_tag,0,70,0.0,0.0
csr_group15/sd_o + csr_group16/sd_o,0,70,0.0,0.0
csr_group15/sd_o + csr_group17/sd_o,0,70,0.0,0.0
csr_group15/sd_o + csr_group18/sd_o,0,70,0.0,0.0
csr_group15/sd_o + csr_group19/sd_o,0,70,0.0,0.0
csr_group15/sd_o + csr_group20/sd_o,0,70,0.0,0.0
csr_group15/sd_o + tcr_execute/sd_o,0,70,0.0,0.0
csr_group15/sd_o + lsu_group1/sd_o,0,70,0.0,0.0
csr_group15/sd_o + lsu_group2/sd_o,0,70,0.0,0.0
csr_group15/sd_o + lsu_group3/sd_o,0,70,0.0,0.0
csr_group15/sd_o + lsu_group4/sd_o,0,70,0.0,0.0
csr_group15/sd_o + lsu_group5/sd_o,0,70,0.0,0.0
csr_group16/sd_o + csr_group17/sd_o,0,70,0.0,0.0
csr_group16/sd_o + csr_group18/sd_o,0,70,0.0,0.0
csr_group16/sd_o + csr_group19/sd_o,0,70,0.0,0.0
csr_group16/sd_o + csr_group20/sd_o,0,70,0.0,0.0
csr_group16/sd_o + tcr_execute/sd_o,0,70,0.0,0.0
csr_group16/sd_o + lsu_group1/sd_o,0,70,0.0,0.0
csr_group16/sd_o + lsu_group2/sd_o,0,70,0.0,0.0
csr_group16/sd_o + lsu_group3/sd_o,0,70,0.0,0.0
csr_group16/sd_o + lsu_group4/sd_o,0,70,0.0,0.0
csr_group16/sd_o + lsu_group5/sd_o,0,70,0.0,0.0
csr_group17/sd_o + csr_group18/sd_o,0,70,0.0,0.0
csr_group17/sd_o + csr_group19/sd_o,0,70,0.0,0.0
csr_group17/sd_o + csr_group20/sd_o,0,70,0.0,0.0
csr_group17/sd_o + tcr_execute/sd_o,0,70,0.0,0.0
csr_group17/sd_o + lsu_group1/sd_o,0,70,0.0,0.0
csr_group17/sd_o + lsu_group2/sd_o,0,70,0.0,0.0
csr_group17/sd_o + lsu_group3/sd_o,0,70,0.0,0.0
csr_group17/sd_o + lsu_group4/sd_o,0,70,0.0,0.0
csr_group17/sd_o + lsu_group5/sd_o,0,70,0.0,0.0
csr_group18/sd_o + csr_group19/sd_o,0,70,0.0,0.0
csr_group18/sd_o + csr_group20/sd_o,0,70,0.0,0.0
csr_group18/sd_o + tcr_execute/sd_o,0,70,0.0,0.0
csr_group18/sd_o + lsu_group1/sd_o,0,70,0.0,0.0
csr_group18/sd_o + lsu_group2/sd_o,0,70,0.0,0.0
csr_group18/sd_o + lsu_group3/sd_o,0,70,0.0,0.0
csr_group18/sd_o + lsu_group4/sd_o,0,70,0.0,0.0
csr_group18/sd_o + lsu_group5/sd_o,0,70,0.0,0.0
csr_group19/sd_o + csr_group20/sd_o,0,70,0.0,0.0
csr_group19/sd_o + tcr_execute/sd_o,0,70,0.0,0.0
csr_group19/sd_o + lsu_group1/sd_o,0,70,0.0,0.0
csr_group19/sd_o + lsu_group2/sd_o,0,70,0.0,0.0
csr_group19/sd_o + lsu_group3/sd_o,0,70,0.0,0.0
csr_group19/sd_o + lsu_group4/sd_o,0,70,0.0,0.0
csr_group19/sd_o + lsu_group5/sd_o,0,70,0.0,0.0
csr_group20/sd_o + tcr_execute/sd_o,0,70,0.0,0.0
csr_group20/sd_o + lsu_group1/sd_o,0,70,0.0,0.0
csr_group20/sd_o + lsu_group2/sd_o,0,70,0.0,0.0
csr_group20/sd_o + lsu_group3/sd_o,0,70,0.0,0.0
csr_group20/sd_o + lsu_group4/sd_o,0,70,0.0,0.0
csr_group20/sd_o + lsu_group5/sd_o,0,70,0.0,0.0
lsu_group1/sd_o + tcr_execute/sd_o,0,70,0.0,0.0
lsu_group2/sd_o + tcr_execute/sd_o,0,70,0.0,0.0
lsu_group3/sd_o + tcr_execute/sd_o,0,70,0.0,0.0
lsu_group4/sd_o + tcr_execute/sd_o,0,70,0.0,0.0
lsu_group5/sd_o + tcr_execute/sd_o,0,70,0.0,0.0
lsu_group1/sd_o + lsu_group2/sd_o,0,70,0.0,0.0
lsu_group1/sd_o + lsu_group3/sd_o,0,70,0.0,0.0
lsu_group1/sd_o + lsu_group4/sd_o,0,70,0.0,0.0
lsu_group1/sd_o + lsu_group5/sd_o,0,70,0.0,0.0
lsu_group2/sd_o + lsu_group3/sd_o,0,70,0.0,0.0
lsu_group2/sd_o + lsu_group4/sd_o,0,70,0.0,0.0
lsu_group2/sd_o + lsu_group5/sd_o,0,70,0.0,0.0
lsu_group3/sd_o + lsu_group4/sd_o,0,70,0.0,0.0
lsu_group3/sd_o + lsu_group5/sd_o,0,70,0.0,0.0
lsu_group4/sd_o + lsu_group5/sd_o,0,70,0.0,0.0
id_group5/sd_o + pc_if_o_tag,0,70,0.0,0.0
id_group6/sd_o + pc_if_o_tag,0,70,0.0,0.0
id_group7/sd_o + pc_if_o_tag,0,70,0.0,0.0
id_group8/sd_o + pc_if_o_tag,0,70,0.0,0.0
id_group9/sd_o + pc_if_o_tag,0,70,0.0,0.0
csr_group0/sd_o + pc_if_o_tag,0,70,0.0,0.0
csr_group1/sd_o + pc_if_o_tag,0,70,0.0,0.0
csr_group2/sd_o + pc_if_o_tag,0,70,0.0,0.0
csr_group3/sd_o + pc_if_o_tag,0,70,0.0,0.0
csr_group4/sd_o + pc_if_o_tag,0,70,0.0,0.0
csr_group5/sd_o + pc_if_o_tag,0,70,0.0,0.0
csr_group6/sd_o + pc_if_o_tag,0,70,0.0,0.0
csr_group7/sd_o + pc_if_o_tag,0,70,0.0,0.0
csr_group8/sd_o + pc_if_o_tag,0,70,0.0,0.0
csr_group9/sd_o + pc_if_o_tag,0,70,0.0,0.0
csr_group10/sd_o + pc_if_o_tag,0,70,0.0,0.0
csr_group11/sd_o + pc_if_o_tag,0,70,0.0,0.0
csr_group12/sd_o + pc_if_o_tag,0,70,0.0,0.0
csr_group13/sd_o + pc_if_o_tag,0,70,0.0,0.0
csr_group14/sd_o + pc_if_o_tag,0,70,0.0,0.0
csr_group15/sd_o + pc_if_o_tag,0,70,0.0,0.0
csr_group16/sd_o + pc_if_o_tag,0,70,0.0,0.0
csr_group17/sd_o + pc_if_o_tag,0,70,0.0,0.0
csr_group18/sd_o + pc_if_o_tag,0,70,0.0,0.0
csr_group19/sd_o + pc_if_o_tag,0,70,0.0,0.0
csr_group20/sd_o + pc_if_o_tag,0,70,0.0,0.0
lsu_group1/sd_o + pc_if_o_tag,0,70,0.0,0.0
lsu_group2/sd_o + pc_if_o_tag,0,70,0.0,0.0
lsu_group3/sd_o + pc_if_o_tag,0,70,0.0,0.0
lsu_group4/sd_o + pc_if_o_tag,0,70,0.0,0.0
lsu_group5/sd_o + pc_if_o_tag,0,70,0.0,0.0
pc_id_o_tag + sp_o_5,0,70,0.0,0.0
pc_id_o_tag + sp_o_26,0,70,0.0,0.0
pc_id_o_tag + sp_o_rf_tag,0,70,0.0,0.0
is_store_post_o_tag + sp_o_5,0,70,0.0,0.0
is_store_post_o_tag + sp_o_26,0,70,0.0,0.0
is_store_post_o_tag + sp_o_rf_tag,0,70,0.0,0.0
memory_set_o_tag + sp_o_5,0,70,0.0,0.0
memory_set_o_tag + sp_o_rf_tag,0,70,0.0,0.0
pc_if_o_tag + sp_o_5,0,70,0.0,0.0
pc_if_o_tag + sp_o_26,0,70,0.0,0.0
pc_if_o_tag + sp_o_rf_tag,0,70,0.0,0.0
register_set_o_tag + sp_o_5,0,70,0.0,0.0
register_set_o_tag + sp_o_26,0,70,0.0,0.0
register_set_o_tag + sp_o_rf_tag,0,70,0.0,0.0
sp_o_5 + store_dest_addr_ex_o_tag,0,70,0.0,0.0
sp_o_rf_tag + store_dest_addr_ex_o_tag,0,70,0.0,0.0
sp_o_5 + store_source_ex_o_tag,0,70,0.0,0.0
sp_o_26 + store_source_ex_o_tag,0,70,0.0,0.0
sp_o_rf_tag + store_source_ex_o_tag,0,70,0.0,0.0
sp_o_5 + use_store_ops_ex_o,0,70,0.0,0.0
sp_o_rf_tag + use_store_ops_ex_o,0,70,0.0,0.0
rf_reg[0] + sp_o_5,0,70,0.0,0.0
rf_reg[0] + sp_o_26,0,70,0.0,0.0
rf_reg[0] + sp_o_rf_tag,0,70,0.0,0.0
rf_reg[1] + sp_o_5,0,70,0.0,0.0
rf_reg[1] + sp_o_26,0,70,0.0,0.0
rf_reg[2] + sp_o_5,0,70,0.0,0.0
rf_reg[2] + sp_o_26,0,70,0.0,0.0
rf_reg[2] + sp_o_rf_tag,0,70,0.0,0.0
rf_reg[3] + sp_o_5,0,70,0.0,0.0
rf_reg[3] + sp_o_26,0,70,0.0,0.0
rf_reg[3] + sp_o_rf_tag,0,70,0.0,0.0
rf_reg[4] + sp_o_5,0,70,0.0,0.0
rf_reg[4] + sp_o_26,0,70,0.0,0.0
rf_reg[4] + sp_o_rf_tag,0,70,0.0,0.0
rf_reg[5] + sp_o_5,0,70,0.0,0.0
rf_reg[5] + sp_o_26,0,70,0.0,0.0
rf_reg[5] + sp_o_rf_tag,0,70,0.0,0.0
rf_reg[6] + sp_o_5,0,70,0.0,0.0
rf_reg[6] + sp_o_26,0,70,0.0,0.0
rf_reg[6] + sp_o_rf_tag,0,70,0.0,0.0
rf_reg[7] + sp_o_5,0,70,0.0,0.0
rf_reg[7] + sp_o_26,0,70,0.0,0.0
rf_reg[7] + sp_o_rf_tag,0,70,0.0,0.0
rf_reg[8] + sp_o_5,0,70,0.0,0.0
rf_reg[8] + sp_o_26,0,70,0.0,0.0
rf_reg[8] + sp_o_rf_tag,0,70,0.0,0.0
rf_reg[9] + sp_o_5,0,70,0.0,0.0
rf_reg[9] + sp_o_26,0,70,0.0,0.0
rf_reg[9] + sp_o_rf_tag,0,70,0.0,0.0
rf_reg[10] + sp_o_5,0,70,0.0,0.0
rf_reg[10] + sp_o_26,0,70,0.0,0.0
rf_reg[10] + sp_o_rf_tag,0,70,0.0,0.0
rf_reg[11] + sp_o_5,0,70,0.0,0.0
rf_reg[11] + sp_o_26,0,70,0.0,0.0
rf_reg[11] + sp_o_rf_tag,0,70,0.0,0.0
rf_reg[12] + sp_o_5,0,70,0.0,0.0
rf_reg[12] + sp_o_26,0,70,0.0,0.0
rf_reg[12] + sp_o_rf_tag,0,70,0.0,0.0
rf_reg[13] + sp_o_5,0,70,0.0,0.0
rf_reg[13] + sp_o_26,0,70,0.0,0.0
rf_reg[13] + sp_o_rf_tag,0,70,0.0,0.0
alu_operand_a_ex_o_tag + sp_o_5,0,70,0.0,0.0
alu_operand_a_ex_o_tag + sp_o_rf_tag,0,70,0.0,0.0
rf_reg[14] + sp_o_5,0,70,0.0,0.0
rf_reg[14] + sp_o_26,0,70,0.0,0.0
rf_reg[14] + sp_o_rf_tag,0,70,0.0,0.0
rf_reg[15] + sp_o_5,0,70,0.0,0.0
rf_reg[15] + sp_o_26,0,70,0.0,0.0
rf_reg[16] + sp_o_5,0,70,0.0,0.0
rf_reg[16] + sp_o_26,0,70,0.0,0.0
rf_reg[16] + sp_o_rf_tag,0,70,0.0,0.0
rf_reg[17] + sp_o_5,0,70,0.0,0.0
rf_reg[17] + sp_o_26,0,70,0.0,0.0
rf_reg[17] + sp_o_rf_tag,0,70,0.0,0.0
rf_reg[18] + sp_o_5,0,70,0.0,0.0
rf_reg[18] + sp_o_26,0,70,0.0,0.0
rf_reg[18] + sp_o_rf_tag,0,70,0.0,0.0
rf_reg[19] + sp_o_5,0,70,0.0,0.0
rf_reg[19] + sp_o_26,0,70,0.0,0.0
rf_reg[19] + sp_o_rf_tag,0,70,0.0,0.0
rf_reg[20] + sp_o_5,0,70,0.0,0.0
rf_reg[20] + sp_o_26,0,70,0.0,0.0
rf_reg[20] + sp_o_rf_tag,0,70,0.0,0.0
rf_reg[21] + sp_o_5,0,70,0.0,0.0
rf_reg[21] + sp_o_26,0,70,0.0,0.0
rf_reg[21] + sp_o_rf_tag,0,70,0.0,0.0
rf_reg[22] + sp_o_5,0,70,0.0,0.0
rf_reg[22] + sp_o_26,0,70,0.0,0.0
rf_reg[22] + sp_o_rf_tag,0,70,0.0,0.0
rf_reg[23] + sp_o_5,0,70,0.0,0.0
rf_reg[23] + sp_o_26,0,70,0.0,0.0
rf_reg[23] + sp_o_rf_tag,0,70,0.0,0.0
rf_reg[24] + sp_o_5,0,70,0.0,0.0
rf_reg[24] + sp_o_26,0,70,0.0,0.0
rf_reg[24] + sp_o_rf_tag,0,70,0.0,0.0
rf_reg[25] + sp_o_5,0,70,0.0,0.0
rf_reg[25] + sp_o_26,0,70,0.0,0.0
rf_reg[25] + sp_o_rf_tag,0,70,0.0,0.0
rf_reg[26] + sp_o_5,0,70,0.0,0.0
rf_reg[26] + sp_o_26,0,70,0.0,0.0
rf_reg[26] + sp_o_rf_tag,0,70,0.0,0.0
rf_reg[27] + sp_o_5,0,70,0.0,0.0
rf_reg[27] + sp_o_26,0,70,0.0,0.0
rf_reg[27] + sp_o_rf_tag,0,70,0.0,0.0
rf_reg[28] + sp_o_5,0,70,0.0,0.0
rf_reg[28] + sp_o_26,0,70,0.0,0.0
rf_reg[28] + sp_o_rf_tag,0,70,0.0,0.0
rf_reg[29] + sp_o_5,0,70,0.0,0.0
rf_reg[29] + sp_o_26,0,70,0.0,0.0
rf_reg[29] + sp_o_rf_tag,0,70,0.0,0.0
rf_reg[30] + sp_o_5,0,70,0.0,0.0
rf_reg[30] + sp_o_26,0,70,0.0,0.0
rf_reg[30] + sp_o_rf_tag,0,70,0.0,0.0
rf_reg[31] + sp_o_5,0,70,0.0,0.0
rf_reg[31] + sp_o_26,0,70,0.0,0.0
rf_reg[31] + sp_o_rf_tag,0,70,0.0,0.0
rs1_o_tag + sp_o_5,0,70,0.0,0.0
rs1_o_tag + sp_o_26,0,70,0.0,0.0
rs1_o_tag + sp_o_rf_tag,0,70,0.0,0.0
data_we_q_tag + sp_o_5,0,70,0.0,0.0
data_we_q_tag + sp_o_26,0,70,0.0,0.0
data_we_q_tag + sp_o_rf_tag,0,70,0.0,0.0
sp_o_26 + sp_o_5,0,70,0.0,0.0
sp_o_5 + sp_o_rf_tag,0,70,0.0,0.0
sp_o_26 + sp_o_rf_tag,0,70,0.0,0.0
alu_operand_b_ex_o_tag + sp_o_5,0,70,0.0,0.0
alu_operand_b_ex_o_tag + sp_o_rf_tag,0,70,0.0,0.0
alu_operand_c_ex_o_tag + sp_o_5,0,70,0.0,0.0
alu_operand_c_ex_o_tag + sp_o_26,0,70,0.0,0.0
alu_operand_c_ex_o_tag + sp_o_rf_tag,0,70,0.0,0.0
check_d_o_tag + sp_o_5,0,70,0.0,0.0
check_d_o_tag + sp_o_26,0,70,0.0,0.0
check_d_o_tag + sp_o_rf_tag,0,70,0.0,0.0
check_s1_o_tag + sp_o_5,0,70,0.0,0.0
check_s1_o_tag + sp_o_rf_tag,0,70,0.0,0.0
check_s2_o_tag + sp_o_5,0,70,0.0,0.0
check_s2_o_tag + sp_o_26,0,70,0.0,0.0
check_s2_o_tag + sp_o_rf_tag,0,70,0.0,0.0
