register_pair,successful_simulations,total_simulations,success_rate,success_rate_percent
alu_operator_o_mode + id_stage/hc_o,304,2208,0.13768115942028986,13.768115942028986
alu_operator_o_mode + alu_operator_o_mode/hc_o,164,1216,0.13486842105263158,13.486842105263158
alu_operator_o_mode + hc_o_26,282,2208,0.12771739130434784,12.771739130434783
alu_operator_o_mode + sp_o_26,10,80,0.125,12.5
csr_group12/hc_o + csr_group20/hc_o,71,608,0.11677631578947369,11.677631578947368
csr_group15/hc_o + csr_group20/hc_o,71,608,0.11677631578947369,11.677631578947368
csr_group20/hc_o + id_group0/hc_o,65,608,0.1069078947368421,10.69078947368421
alu_operator_o_mode + tcr_load_store/hc_o,63,608,0.10361842105263158,10.361842105263158
tcr_load_store/hc_o + tpr_load_store_mode/hc_o,121,1168,0.1035958904109589,10.35958904109589
tcr_load_store/hc_o + tpr_load_store_enable/hc_o,121,1168,0.1035958904109589,10.35958904109589
csr_group20/hc_o + hc_o_rf_tag,442,4288,0.10307835820895522,10.307835820895523
csr_group20/hc_o + id_group1/hc_o,62,608,0.10197368421052631,10.197368421052632
alu_operator_o_mode/hc_o + tcr_load_store/hc_o,119,1168,0.10188356164383562,10.188356164383562
csr_group20/hc_o + regfile_alu_waddr_ex_o_tag,224,2208,0.10144927536231885,10.144927536231885
rf_reg[15] + sp_o_rf_tag,4,40,0.1,10.0
csr_group20/hc_o + rdata_q_tag,112,1152,0.09722222222222222,9.722222222222223
csr_group20/hc_o + id_group2/hc_o,59,608,0.09703947368421052,9.703947368421053
csr_group20/hc_o + id_group4/hc_o,59,608,0.09703947368421052,9.703947368421053
csr_group20/hc_o + id_group5/hc_o,59,608,0.09703947368421052,9.703947368421053
tcr_load_store/hc_o + use_store_ops_ex_o/hc_o,57,608,0.09375,9.375
csr_group20/hc_o + id_group3/hc_o,57,608,0.09375,9.375
hc_o_rf_tag + rf_reg[15],1000,10720,0.09328358208955224,9.328358208955224
store_dest_addr_ex_o_tag/hc_o + tcr_load_store/hc_o,56,608,0.09210526315789473,9.210526315789473
check_s1_o_tag/hc_o + tcr_load_store/hc_o,56,608,0.09210526315789473,9.210526315789473
csr_group0/hc_o + csr_group20/hc_o,56,608,0.09210526315789473,9.210526315789473
csr_group1/hc_o + csr_group20/hc_o,56,608,0.09210526315789473,9.210526315789473
csr_group2/hc_o + csr_group20/hc_o,56,608,0.09210526315789473,9.210526315789473
csr_group20/hc_o + csr_group3/hc_o,56,608,0.09210526315789473,9.210526315789473
csr_group20/hc_o + csr_group4/hc_o,56,608,0.09210526315789473,9.210526315789473
csr_group20/hc_o + csr_group5/hc_o,56,608,0.09210526315789473,9.210526315789473
csr_group20/hc_o + csr_group6/hc_o,56,608,0.09210526315789473,9.210526315789473
csr_group20/hc_o + csr_group7/hc_o,56,608,0.09210526315789473,9.210526315789473
csr_group20/hc_o + csr_group8/hc_o,56,608,0.09210526315789473,9.210526315789473
csr_group20/hc_o + csr_group9/hc_o,56,608,0.09210526315789473,9.210526315789473
csr_group10/hc_o + csr_group20/hc_o,56,608,0.09210526315789473,9.210526315789473
csr_group11/hc_o + csr_group20/hc_o,56,608,0.09210526315789473,9.210526315789473
csr_group13/hc_o + csr_group20/hc_o,56,608,0.09210526315789473,9.210526315789473
csr_group16/hc_o + csr_group20/hc_o,56,608,0.09210526315789473,9.210526315789473
csr_group20/hc_o + lsu_group2/hc_o,56,608,0.09210526315789473,9.210526315789473
csr_group20/hc_o + lsu_group3/hc_o,56,608,0.09210526315789473,9.210526315789473
csr_group20/hc_o + lsu_group4/hc_o,56,608,0.09210526315789473,9.210526315789473
csr_group20/hc_o + lsu_group5/hc_o,56,608,0.09210526315789473,9.210526315789473
register_set_o_tag + tcr_load_store/hc_o,28,304,0.09210526315789473,9.210526315789473
store_dest_addr_ex_o_tag + tcr_load_store/hc_o,28,304,0.09210526315789473,9.210526315789473
store_source_ex_o_tag + tcr_load_store/hc_o,28,304,0.09210526315789473,9.210526315789473
tcr_load_store/hc_o + use_store_ops_ex_o,28,304,0.09210526315789473,9.210526315789473
alu_operand_a_ex_o_tag + tcr_load_store/hc_o,28,304,0.09210526315789473,9.210526315789473
rf_reg[0] + tcr_load_store/hc_o,28,304,0.09210526315789473,9.210526315789473
rf_reg[1] + tcr_load_store/hc_o,28,304,0.09210526315789473,9.210526315789473
rf_reg[2] + tcr_load_store/hc_o,28,304,0.09210526315789473,9.210526315789473
rf_reg[3] + tcr_load_store/hc_o,28,304,0.09210526315789473,9.210526315789473
rf_reg[4] + tcr_load_store/hc_o,28,304,0.09210526315789473,9.210526315789473
rf_reg[5] + tcr_load_store/hc_o,28,304,0.09210526315789473,9.210526315789473
rf_reg[6] + tcr_load_store/hc_o,28,304,0.09210526315789473,9.210526315789473
rf_reg[7] + tcr_load_store/hc_o,28,304,0.09210526315789473,9.210526315789473
rf_reg[8] + tcr_load_store/hc_o,28,304,0.09210526315789473,9.210526315789473
rf_reg[9] + tcr_load_store/hc_o,28,304,0.09210526315789473,9.210526315789473
rf_reg[10] + tcr_load_store/hc_o,28,304,0.09210526315789473,9.210526315789473
rf_reg[11] + tcr_load_store/hc_o,28,304,0.09210526315789473,9.210526315789473
rf_reg[12] + tcr_load_store/hc_o,28,304,0.09210526315789473,9.210526315789473
alu_operand_b_ex_o_tag + tcr_load_store/hc_o,28,304,0.09210526315789473,9.210526315789473
rf_reg[13] + tcr_load_store/hc_o,28,304,0.09210526315789473,9.210526315789473
rf_reg[14] + tcr_load_store/hc_o,28,304,0.09210526315789473,9.210526315789473
rf_reg[15] + tcr_load_store/hc_o,28,304,0.09210526315789473,9.210526315789473
rf_reg[16] + tcr_load_store/hc_o,28,304,0.09210526315789473,9.210526315789473
rf_reg[17] + tcr_load_store/hc_o,28,304,0.09210526315789473,9.210526315789473
rf_reg[18] + tcr_load_store/hc_o,28,304,0.09210526315789473,9.210526315789473
rf_reg[19] + tcr_load_store/hc_o,28,304,0.09210526315789473,9.210526315789473
rf_reg[20] + tcr_load_store/hc_o,28,304,0.09210526315789473,9.210526315789473
rf_reg[21] + tcr_load_store/hc_o,28,304,0.09210526315789473,9.210526315789473
rf_reg[22] + tcr_load_store/hc_o,28,304,0.09210526315789473,9.210526315789473
rf_reg[23] + tcr_load_store/hc_o,28,304,0.09210526315789473,9.210526315789473
alu_operand_c_ex_o_tag + tcr_load_store/hc_o,28,304,0.09210526315789473,9.210526315789473
rf_reg[24] + tcr_load_store/hc_o,28,304,0.09210526315789473,9.210526315789473
rf_reg[25] + tcr_load_store/hc_o,28,304,0.09210526315789473,9.210526315789473
rf_reg[26] + tcr_load_store/hc_o,28,304,0.09210526315789473,9.210526315789473
rf_reg[27] + tcr_load_store/hc_o,28,304,0.09210526315789473,9.210526315789473
rf_reg[28] + tcr_load_store/hc_o,28,304,0.09210526315789473,9.210526315789473
rf_reg[29] + tcr_load_store/hc_o,28,304,0.09210526315789473,9.210526315789473
rf_reg[30] + tcr_load_store/hc_o,28,304,0.09210526315789473,9.210526315789473
rf_reg[31] + tcr_load_store/hc_o,28,304,0.09210526315789473,9.210526315789473
rs1_o_tag + tcr_load_store/hc_o,28,304,0.09210526315789473,9.210526315789473
data_we_q_tag + tcr_load_store/hc_o,28,304,0.09210526315789473,9.210526315789473
check_d_o_tag + tcr_load_store/hc_o,28,304,0.09210526315789473,9.210526315789473
check_s1_o_tag + tcr_load_store/hc_o,28,304,0.09210526315789473,9.210526315789473
check_s2_o_tag + tcr_load_store/hc_o,28,304,0.09210526315789473,9.210526315789473
pc_id_o_tag + tcr_load_store/hc_o,28,304,0.09210526315789473,9.210526315789473
is_store_post_o_tag + tcr_load_store/hc_o,28,304,0.09210526315789473,9.210526315789473
memory_set_o_tag + tcr_load_store/hc_o,28,304,0.09210526315789473,9.210526315789473
pc_if_o_tag + tcr_load_store/hc_o,28,304,0.09210526315789473,9.210526315789473
pc_if_o_tag/sd_o + tcr_load_store/hc_o,14,152,0.09210526315789473,9.210526315789473
pc_id_o_tag/sd_o + tcr_load_store/hc_o,14,152,0.09210526315789473,9.210526315789473
sd_o_5 + tcr_load_store/hc_o,14,152,0.09210526315789473,9.210526315789473
alu_operator_o_mode/sd_o + tcr_load_store/hc_o,14,152,0.09210526315789473,9.210526315789473
store_dest_addr_ex_o_tag/sd_o + tcr_load_store/hc_o,14,152,0.09210526315789473,9.210526315789473
store_source_ex_o_tag/sd_o + tcr_load_store/hc_o,14,152,0.09210526315789473,9.210526315789473
tcr_load_store/hc_o + use_store_ops_ex_o/sd_o,14,152,0.09210526315789473,9.210526315789473
alu_operand_a_ex_o_tag/sd_o + tcr_load_store/hc_o,14,152,0.09210526315789473,9.210526315789473
alu_operand_b_ex_o_tag/sd_o + tcr_load_store/hc_o,14,152,0.09210526315789473,9.210526315789473
alu_operand_c_ex_o_tag/sd_o + tcr_load_store/hc_o,14,152,0.09210526315789473,9.210526315789473
check_s1_o_tag/sd_o + tcr_load_store/hc_o,14,152,0.09210526315789473,9.210526315789473
check_s2_o_tag/sd_o + tcr_load_store/hc_o,14,152,0.09210526315789473,9.210526315789473
check_d_o_tag/sd_o + tcr_load_store/hc_o,14,152,0.09210526315789473,9.210526315789473
register_set_o_tag/sd_o + tcr_load_store/hc_o,14,152,0.09210526315789473,9.210526315789473
is_store_post_o_tag/sd_o + tcr_load_store/hc_o,14,152,0.09210526315789473,9.210526315789473
memory_set_o_tag/sd_o + tcr_load_store/hc_o,14,152,0.09210526315789473,9.210526315789473
sd_o_rf_tag + tcr_load_store/hc_o,14,152,0.09210526315789473,9.210526315789473
rs1_o_tag/sd_o + tcr_load_store/hc_o,14,152,0.09210526315789473,9.210526315789473
tcr_load_store/hc_o + tpr_arith/sd_o,14,152,0.09210526315789473,9.210526315789473
tcr_load_store/hc_o + tpr_branch/sd_o,14,152,0.09210526315789473,9.210526315789473
tcr_load_store/hc_o + tpr_jump/sd_o,14,152,0.09210526315789473,9.210526315789473
tcr_load_store/hc_o + tpr_shift/sd_o,14,152,0.09210526315789473,9.210526315789473
tcr_load_store/hc_o + tpr_comparison/sd_o,14,152,0.09210526315789473,9.210526315789473
tcr_load_store/hc_o + tpr_logical/sd_o,14,152,0.09210526315789473,9.210526315789473
tcr_load_store/hc_o + tpr_load_store_mode/sd_o,14,152,0.09210526315789473,9.210526315789473
tcr_load_store/hc_o + tpr_load_store_enable/sd_o,14,152,0.09210526315789473,9.210526315789473
tcr_arith/sd_o + tcr_load_store/hc_o,14,152,0.09210526315789473,9.210526315789473
tcr_branch/sd_o + tcr_load_store/hc_o,14,152,0.09210526315789473,9.210526315789473
tcr_jump/sd_o + tcr_load_store/hc_o,14,152,0.09210526315789473,9.210526315789473
tcr_load_store/hc_o + tcr_shift/sd_o,14,152,0.09210526315789473,9.210526315789473
tcr_comparison/sd_o + tcr_load_store/hc_o,14,152,0.09210526315789473,9.210526315789473
tcr_load_store/hc_o + tcr_logical/sd_o,14,152,0.09210526315789473,9.210526315789473
tcr_execute/sd_o + tcr_load_store/hc_o,14,152,0.09210526315789473,9.210526315789473
data_we_q_tag/sd_o + tcr_load_store/hc_o,14,152,0.09210526315789473,9.210526315789473
rdata_offset_q_tag/sd_o + tcr_load_store/hc_o,14,152,0.09210526315789473,9.210526315789473
data_type_q_tag/sd_o + tcr_load_store/hc_o,14,152,0.09210526315789473,9.210526315789473
rdata_q_tag/sd_o + tcr_load_store/hc_o,14,152,0.09210526315789473,9.210526315789473
csr_group20/hc_o + id_group6/hc_o,55,608,0.09046052631578948,9.046052631578947
alu_operand_b_ex_o_tag/hc_o + tcr_load_store/hc_o,54,608,0.08881578947368421,8.881578947368421
csr_group20/hc_o + id_group7/hc_o,54,608,0.08881578947368421,8.881578947368421
csr_group20/hc_o + id_group8/hc_o,54,608,0.08881578947368421,8.881578947368421
csr_group20/hc_o + lsu_group1/hc_o,54,608,0.08881578947368421,8.881578947368421
csr_group20/hc_o + data_type_q_tag,28,320,0.0875,8.75
csr_group20/hc_o + rdata_offset_q_tag,28,320,0.0875,8.75
alu_operator_o_mode + csr_group20/hc_o,28,320,0.0875,8.75
csr_group20/hc_o + id_group9/hc_o,28,320,0.0875,8.75
csr_group14/hc_o + csr_group20/hc_o,28,320,0.0875,8.75
csr_group18/hc_o + csr_group20/hc_o,28,320,0.0875,8.75
csr_group20/hc_o + tcr_execute/hc_o,28,320,0.0875,8.75
csr_group20/hc_o + pc_if_o_tag,14,160,0.0875,8.75
csr_group20/hc_o + register_set_o_tag,14,160,0.0875,8.75
csr_group20/hc_o + store_dest_addr_ex_o_tag,14,160,0.0875,8.75
csr_group20/hc_o + store_source_ex_o_tag,14,160,0.0875,8.75
alu_operand_a_ex_o_tag + csr_group20/hc_o,14,160,0.0875,8.75
csr_group20/hc_o + use_store_ops_ex_o,14,160,0.0875,8.75
csr_group20/hc_o + rf_reg[0],14,160,0.0875,8.75
csr_group20/hc_o + rf_reg[1],14,160,0.0875,8.75
csr_group20/hc_o + rf_reg[2],14,160,0.0875,8.75
csr_group20/hc_o + rf_reg[3],14,160,0.0875,8.75
csr_group20/hc_o + rf_reg[4],14,160,0.0875,8.75
csr_group20/hc_o + rf_reg[5],14,160,0.0875,8.75
csr_group20/hc_o + rf_reg[6],14,160,0.0875,8.75
csr_group20/hc_o + rf_reg[7],14,160,0.0875,8.75
csr_group20/hc_o + rf_reg[8],14,160,0.0875,8.75
csr_group20/hc_o + rf_reg[9],14,160,0.0875,8.75
csr_group20/hc_o + rf_reg[10],14,160,0.0875,8.75
alu_operand_b_ex_o_tag + csr_group20/hc_o,14,160,0.0875,8.75
csr_group20/hc_o + rf_reg[11],14,160,0.0875,8.75
csr_group20/hc_o + rf_reg[12],14,160,0.0875,8.75
csr_group20/hc_o + rf_reg[13],14,160,0.0875,8.75
csr_group20/hc_o + rf_reg[14],14,160,0.0875,8.75
csr_group20/hc_o + rf_reg[15],14,160,0.0875,8.75
csr_group20/hc_o + rf_reg[16],14,160,0.0875,8.75
csr_group20/hc_o + rf_reg[17],14,160,0.0875,8.75
csr_group20/hc_o + rf_reg[18],14,160,0.0875,8.75
csr_group20/hc_o + rf_reg[19],14,160,0.0875,8.75
csr_group20/hc_o + rf_reg[20],14,160,0.0875,8.75
csr_group20/hc_o + rf_reg[21],14,160,0.0875,8.75
csr_group20/hc_o + rf_reg[22],14,160,0.0875,8.75
alu_operand_c_ex_o_tag + csr_group20/hc_o,14,160,0.0875,8.75
csr_group20/hc_o + rf_reg[23],14,160,0.0875,8.75
csr_group20/hc_o + rf_reg[24],14,160,0.0875,8.75
csr_group20/hc_o + rf_reg[25],14,160,0.0875,8.75
csr_group20/hc_o + rf_reg[26],14,160,0.0875,8.75
csr_group20/hc_o + rf_reg[27],14,160,0.0875,8.75
csr_group20/hc_o + rf_reg[28],14,160,0.0875,8.75
csr_group20/hc_o + rf_reg[29],14,160,0.0875,8.75
csr_group20/hc_o + rf_reg[30],14,160,0.0875,8.75
csr_group20/hc_o + rf_reg[31],14,160,0.0875,8.75
csr_group20/hc_o + rs1_o_tag,14,160,0.0875,8.75
csr_group20/hc_o + data_we_q_tag,14,160,0.0875,8.75
check_d_o_tag + csr_group20/hc_o,14,160,0.0875,8.75
check_s1_o_tag + csr_group20/hc_o,14,160,0.0875,8.75
csr_group20/hc_o + pc_id_o_tag,14,160,0.0875,8.75
check_s2_o_tag + csr_group20/hc_o,14,160,0.0875,8.75
csr_group20/hc_o + is_store_post_o_tag,14,160,0.0875,8.75
csr_group20/hc_o + memory_set_o_tag,14,160,0.0875,8.75
csr_group20/hc_o + csr_group20/sd_o,7,80,0.0875,8.75
alu_operand_a_ex_o_tag/hc_o + tcr_load_store/hc_o,52,608,0.08552631578947369,8.552631578947368
alu_operator_o_mode + id_group0/hc_o,52,608,0.08552631578947369,8.552631578947368
csr_group17/hc_o + csr_group20/hc_o,51,608,0.08388157894736842,8.388157894736842
alu_operator_o_mode + id_group1/hc_o,50,608,0.08223684210526316,8.223684210526317
data_type_q_tag + tcr_load_store/hc_o,49,608,0.0805921052631579,8.05921052631579
rdata_offset_q_tag + tcr_load_store/hc_o,49,608,0.0805921052631579,8.05921052631579
store_source_ex_o_tag/hc_o + tcr_load_store/hc_o,49,608,0.0805921052631579,8.05921052631579
alu_operand_c_ex_o_tag/hc_o + tcr_load_store/hc_o,49,608,0.0805921052631579,8.05921052631579
is_store_post_o_tag/hc_o + tcr_load_store/hc_o,49,608,0.0805921052631579,8.05921052631579
memory_set_o_tag/hc_o + tcr_load_store/hc_o,49,608,0.0805921052631579,8.05921052631579
tcr_execute/hc_o + tcr_load_store/hc_o,49,608,0.0805921052631579,8.05921052631579
data_we_q_tag/hc_o + tcr_load_store/hc_o,49,608,0.0805921052631579,8.05921052631579
hc_o_5 + tcr_load_store/hc_o,180,2240,0.08035714285714286,8.035714285714286
hc_o_rf_tag + tcr_load_store/hc_o,679,8480,0.08007075471698114,8.007075471698114
check_s2_o_tag/hc_o + tcr_load_store/hc_o,48,608,0.07894736842105263,7.894736842105263
rdata_q_tag + tcr_load_store/hc_o,175,2240,0.078125,7.8125
tcr_load_store/hc_o + tpr_arith/hc_o,91,1168,0.0779109589041096,7.7910958904109595
tcr_load_store/hc_o + tpr_branch/hc_o,91,1168,0.0779109589041096,7.7910958904109595
tcr_load_store/hc_o + tpr_jump/hc_o,91,1168,0.0779109589041096,7.7910958904109595
tcr_load_store/hc_o + tpr_shift/hc_o,91,1168,0.0779109589041096,7.7910958904109595
tcr_load_store/hc_o + tpr_comparison/hc_o,91,1168,0.0779109589041096,7.7910958904109595
tcr_load_store/hc_o + tpr_logical/hc_o,91,1168,0.0779109589041096,7.7910958904109595
tcr_arith/hc_o + tcr_load_store/hc_o,91,1168,0.0779109589041096,7.7910958904109595
tcr_branch/hc_o + tcr_load_store/hc_o,91,1168,0.0779109589041096,7.7910958904109595
tcr_jump/hc_o + tcr_load_store/hc_o,91,1168,0.0779109589041096,7.7910958904109595
tcr_load_store/hc_o + tcr_shift/hc_o,91,1168,0.0779109589041096,7.7910958904109595
tcr_comparison/hc_o + tcr_load_store/hc_o,91,1168,0.0779109589041096,7.7910958904109595
tcr_load_store/hc_o + tcr_logical/hc_o,91,1168,0.0779109589041096,7.7910958904109595
rdata_offset_q_tag/hc_o + tcr_load_store/hc_o,91,1168,0.0779109589041096,7.7910958904109595
data_type_q_tag/hc_o + tcr_load_store/hc_o,91,1168,0.0779109589041096,7.7910958904109595
rdata_q_tag/hc_o + tcr_load_store/hc_o,91,1168,0.0779109589041096,7.7910958904109595
check_d_o_tag/hc_o + tcr_load_store/hc_o,47,608,0.07730263157894737,7.730263157894737
register_set_o_tag/hc_o + tcr_load_store/hc_o,47,608,0.07730263157894737,7.730263157894737
rs1_o_tag/hc_o + tcr_load_store/hc_o,47,608,0.07730263157894737,7.730263157894737
regfile_alu_waddr_ex_o_tag + tcr_load_store/hc_o,332,4336,0.07656826568265683,7.656826568265683
alu_operator_o_mode + use_store_ops_ex_o,72,960,0.075,7.5
csr_group19/hc_o + csr_group20/hc_o,23,320,0.071875,7.187499999999999
alu_operator_o_mode + store_dest_addr_ex_o_tag,67,960,0.06979166666666667,6.979166666666667
pc_if_o_tag/hc_o + tcr_load_store/hc_o,42,608,0.06907894736842106,6.907894736842106
pc_id_o_tag/hc_o + tcr_load_store/hc_o,42,608,0.06907894736842106,6.907894736842106
csr_group20/hc_o + if_stage/hc_o,42,608,0.06907894736842106,6.907894736842106
alu_operator_o_mode + store_source_ex_o_tag,66,960,0.06875,6.875000000000001
id_stage/hc_o + use_store_ops_ex_o,75,1104,0.06793478260869565,6.7934782608695645
check_s1_o_tag + id_stage/hc_o,72,1104,0.06521739130434782,6.521739130434782
csr_group12/hc_o + csr_group15/hc_o,75,1168,0.0642123287671233,6.421232876712329
hc_o_26 + use_store_ops_ex_o,70,1104,0.06340579710144928,6.340579710144928
id_stage/hc_o + store_dest_addr_ex_o_tag,70,1104,0.06340579710144928,6.340579710144928
rf_reg[15] + rf_reg[3],30,480,0.0625,6.25
rf_reg[15] + rf_reg[4],30,480,0.0625,6.25
rf_reg[15] + rf_reg[5],30,480,0.0625,6.25
rf_reg[15] + rf_reg[6],30,480,0.0625,6.25
rf_reg[15] + rf_reg[7],30,480,0.0625,6.25
rf_reg[15] + rf_reg[8],30,480,0.0625,6.25
rf_reg[15] + rf_reg[9],30,480,0.0625,6.25
rf_reg[10] + rf_reg[15],30,480,0.0625,6.25
rf_reg[11] + rf_reg[15],30,480,0.0625,6.25
rf_reg[12] + rf_reg[15],30,480,0.0625,6.25
rf_reg[14] + rf_reg[15],30,480,0.0625,6.25
rf_reg[15] + rf_reg[16],30,480,0.0625,6.25
rf_reg[15] + rf_reg[17],30,480,0.0625,6.25
rf_reg[15] + rf_reg[18],30,480,0.0625,6.25
rf_reg[15] + rf_reg[19],30,480,0.0625,6.25
rf_reg[15] + rf_reg[20],30,480,0.0625,6.25
rf_reg[15] + rf_reg[21],30,480,0.0625,6.25
rf_reg[15] + rf_reg[22],30,480,0.0625,6.25
rf_reg[15] + rf_reg[23],30,480,0.0625,6.25
rf_reg[15] + rf_reg[24],30,480,0.0625,6.25
rf_reg[15] + rf_reg[25],30,480,0.0625,6.25
rf_reg[15] + rf_reg[26],30,480,0.0625,6.25
rf_reg[15] + rf_reg[27],30,480,0.0625,6.25
rf_reg[15] + rf_reg[28],30,480,0.0625,6.25
rf_reg[15] + rf_reg[29],30,480,0.0625,6.25
rf_reg[15] + rf_reg[30],30,480,0.0625,6.25
rf_reg[15] + rf_reg[31],30,480,0.0625,6.25
alu_operator_o_mode + check_d_o_tag,59,960,0.06145833333333333,6.145833333333333
alu_operator_o_mode + check_s1_o_tag,59,960,0.06145833333333333,6.145833333333333
alu_operator_o_mode + is_store_post_o_tag,59,960,0.06145833333333333,6.145833333333333
check_s1_o_tag + hc_o_26,67,1104,0.06068840579710145,6.068840579710145
alu_operand_a_ex_o_tag + id_stage/hc_o,67,1104,0.06068840579710145,6.068840579710145
tpr_load_store_enable/hc_o + tpr_load_store_mode/hc_o,70,1168,0.059931506849315065,5.993150684931506
alu_operand_a_ex_o_tag + alu_operator_o_mode,57,960,0.059375,5.9375
alu_operand_b_ex_o_tag + alu_operator_o_mode,57,960,0.059375,5.9375
id_group0/hc_o + store_dest_addr_ex_o_tag,18,304,0.05921052631578947,5.921052631578947
alu_operand_b_ex_o_tag + id_stage/hc_o,65,1104,0.058876811594202896,5.88768115942029
alu_operator_o_mode/hc_o + tpr_load_store_enable/hc_o,68,1168,0.05821917808219178,5.821917808219178
hc_o_26 + store_dest_addr_ex_o_tag,64,1104,0.057971014492753624,5.797101449275362
alu_operator_o_mode + rdata_q_tag,399,6912,0.05772569444444445,5.772569444444445
alu_operator_o_mode + rdata_offset_q_tag,110,1920,0.057291666666666664,5.729166666666666
alu_operand_a_ex_o_tag + hc_o_26,63,1104,0.057065217391304345,5.706521739130435
alu_operator_o_mode/hc_o + tpr_load_store_mode/hc_o,66,1168,0.05650684931506849,5.650684931506849
alu_operator_o_mode + data_type_q_tag,108,1920,0.05625,5.625
alu_operand_b_ex_o_tag + hc_o_26,62,1104,0.05615942028985507,5.615942028985507
alu_operator_o_mode + tpr_load_store_enable/hc_o,34,608,0.05592105263157895,5.592105263157895
alu_operator_o_mode + lsu_reg/hc_o,32,576,0.05555555555555555,5.555555555555555
alu_operator_o_mode + tpr_load_store_mode/hc_o,33,608,0.054276315789473686,5.427631578947369
rf_reg[0] + rf_reg[15],26,480,0.05416666666666667,5.416666666666667
csr_group12/hc_o + id_group0/hc_o,61,1168,0.052226027397260275,5.222602739726027
csr_group15/hc_o + id_group0/hc_o,61,1168,0.052226027397260275,5.222602739726027
alu_operator_o_mode/hc_o + tpr/hc_o_32,223,4336,0.051429889298892986,5.142988929889299
alu_operator_o_mode + rs1_o_tag,49,960,0.051041666666666666,5.104166666666667
alu_operator_o_mode + data_we_q_tag,49,960,0.051041666666666666,5.104166666666667
alu_operator_o_mode + regfile_alu_waddr_ex_o_tag,673,13248,0.050800120772946857,5.080012077294685
alu_operand_c_ex_o_tag + alu_operator_o_mode,48,960,0.05,5.0
check_s1_o_tag + sp_o_26,2,40,0.05,5.0
sp_o_26 + store_dest_addr_ex_o_tag,2,40,0.05,5.0
sp_o_26 + use_store_ops_ex_o,2,40,0.05,5.0
alu_operand_a_ex_o_tag + sp_o_26,2,40,0.05,5.0
alu_operand_b_ex_o_tag + sp_o_26,2,40,0.05,5.0
alu_operator_o_mode/hc_o + tcr/hc_o_32,215,4336,0.04958487084870849,4.958487084870849
alu_operand_a_ex_o_tag + id_group2/hc_o,15,304,0.049342105263157895,4.934210526315789
id_group2/hc_o + use_store_ops_ex_o,15,304,0.049342105263157895,4.934210526315789
csr_group12/hc_o + id_group1/hc_o,54,1168,0.046232876712328765,4.623287671232877
csr_group15/hc_o + id_group1/hc_o,54,1168,0.046232876712328765,4.623287671232877
tpr_load_store_mode/hc_o + use_store_ops_ex_o/hc_o,28,608,0.046052631578947366,4.605263157894736
tpr_load_store_enable/hc_o + use_store_ops_ex_o/hc_o,28,608,0.046052631578947366,4.605263157894736
alu_operand_b_ex_o_tag + id_group3/hc_o,14,304,0.046052631578947366,4.605263157894736
check_s1_o_tag + id_group5/hc_o,14,304,0.046052631578947366,4.605263157894736
tcr_load_store/hc_o + tcr_load_store/sd_o,7,152,0.046052631578947366,4.605263157894736
alu_operator_o_mode + memory_set_o_tag,43,960,0.04479166666666667,4.479166666666667
csr_group12/hc_o + id_group2/hc_o,52,1168,0.04452054794520548,4.4520547945205475
csr_group15/hc_o + id_group2/hc_o,52,1168,0.04452054794520548,4.4520547945205475
store_dest_addr_ex_o_tag/hc_o + tpr_load_store_mode/hc_o,27,608,0.044407894736842105,4.440789473684211
store_dest_addr_ex_o_tag/hc_o + tpr_load_store_enable/hc_o,27,608,0.044407894736842105,4.440789473684211
check_s1_o_tag/hc_o + tpr_load_store_mode/hc_o,27,608,0.044407894736842105,4.440789473684211
check_s1_o_tag/hc_o + tpr_load_store_enable/hc_o,27,608,0.044407894736842105,4.440789473684211
alu_operator_o_mode + rf_reg[15],42,960,0.04375,4.375
alu_operand_a_ex_o_tag + alu_operand_a_ex_o_tag/hc_o,14,320,0.04375,4.375
store_dest_addr_ex_o_tag + store_dest_addr_ex_o_tag/hc_o,14,320,0.04375,4.375
use_store_ops_ex_o + use_store_ops_ex_o/hc_o,14,320,0.04375,4.375
alu_operand_b_ex_o_tag + alu_operand_b_ex_o_tag/hc_o,14,320,0.04375,4.375
check_s1_o_tag + check_s1_o_tag/hc_o,14,320,0.04375,4.375
tcr/hc_o_32 + tpr/hc_o_32,2169,50352,0.0430767397521449,4.30767397521449
id_stage/hc_o + tpr/hc_o_32,722,16784,0.04301715919923737,4.301715919923737
rf_reg[0] + rf_reg[16],20,480,0.041666666666666664,4.166666666666666
rf_reg[12] + rf_reg[3],20,480,0.041666666666666664,4.166666666666666
rf_reg[22] + rf_reg[4],20,480,0.041666666666666664,4.166666666666666
rf_reg[25] + rf_reg[5],20,480,0.041666666666666664,4.166666666666666
rf_reg[24] + rf_reg[6],20,480,0.041666666666666664,4.166666666666666
rf_reg[19] + rf_reg[7],20,480,0.041666666666666664,4.166666666666666
rf_reg[18] + rf_reg[8],20,480,0.041666666666666664,4.166666666666666
rf_reg[21] + rf_reg[9],20,480,0.041666666666666664,4.166666666666666
rf_reg[10] + rf_reg[20],20,480,0.041666666666666664,4.166666666666666
hc_o_5 + tpr_load_store_mode/hc_o,93,2240,0.04151785714285714,4.151785714285714
id_group4/hc_o + regfile_alu_waddr_ex_o_tag,179,4336,0.04128228782287823,4.128228782287823
alu_operator_o_mode + tpr/hc_o_32,273,6624,0.04121376811594203,4.121376811594203
alu_operand_b_ex_o_tag/hc_o + tpr_load_store_enable/hc_o,25,608,0.04111842105263158,4.111842105263158
hc_o_26 + tpr/hc_o_32,689,16784,0.04105100095328885,4.1051000953288845
alu_operator_o_mode + tcr/hc_o_32,267,6624,0.04030797101449275,4.030797101449275
csr_group12/hc_o + id_group4/hc_o,47,1168,0.04023972602739726,4.023972602739726
csr_group15/hc_o + id_group4/hc_o,47,1168,0.04023972602739726,4.023972602739726
csr_group12/hc_o + id_group5/hc_o,47,1168,0.04023972602739726,4.023972602739726
csr_group15/hc_o + id_group5/hc_o,47,1168,0.04023972602739726,4.023972602739726
id_stage/hc_o + tcr/hc_o_32,667,16784,0.039740228789323165,3.9740228789323164
hc_o_rf_tag + tpr_load_store_mode/hc_o,336,8480,0.03962264150943396,3.9622641509433962
alu_operator_o_mode/hc_o + use_store_ops_ex_o/hc_o,48,1216,0.039473684210526314,3.9473684210526314
alu_operand_a_ex_o_tag/hc_o + tpr_load_store_mode/hc_o,24,608,0.039473684210526314,3.9473684210526314
alu_operand_a_ex_o_tag/hc_o + tpr_load_store_enable/hc_o,24,608,0.039473684210526314,3.9473684210526314
alu_operand_b_ex_o_tag/hc_o + tpr_load_store_mode/hc_o,24,608,0.039473684210526314,3.9473684210526314
tpr/hc_o_32 + use_store_ops_ex_o/hc_o,87,2208,0.03940217391304348,3.940217391304348
regfile_alu_waddr_ex_o_tag + tpr_load_store_mode/hc_o,170,4336,0.03920664206642067,3.920664206642067
hc_o_rf_tag + tpr_load_store_enable/hc_o,332,8480,0.03915094339622641,3.9150943396226414
csr_group12/hc_o + hc_o_rf_tag,332,8480,0.03915094339622641,3.9150943396226414
csr_group15/hc_o + hc_o_rf_tag,332,8480,0.03915094339622641,3.9150943396226414
hc_o_26 + tcr/hc_o_32,652,16784,0.0388465204957102,3.8846520495710197
hc_o_5 + tpr_load_store_enable/hc_o,87,2240,0.038839285714285715,3.8839285714285716
alu_operator_o_mode + check_s2_o_tag,37,960,0.03854166666666667,3.854166666666667
alu_operator_o_mode + register_set_o_tag,37,960,0.03854166666666667,3.854166666666667
csr_group12/hc_o + id_group3/hc_o,45,1168,0.038527397260273974,3.8527397260273974
csr_group15/hc_o + id_group3/hc_o,45,1168,0.038527397260273974,3.8527397260273974
store_dest_addr_ex_o_tag/hc_o + tpr/hc_o_32,85,2208,0.0384963768115942,3.84963768115942
check_s1_o_tag/hc_o + tpr/hc_o_32,85,2208,0.0384963768115942,3.84963768115942
id_stage/hc_o + lsu_reg/hc_o,160,4256,0.03759398496240601,3.7593984962406015
lsu_reg/hc_o + tpr/hc_o_32,160,4256,0.03759398496240601,3.7593984962406015
alu_operator_o_mode + use_store_ops_ex_o/hc_o,24,640,0.0375,3.75
alu_operand_a_ex_o_tag + check_s1_o_tag,18,480,0.0375,3.75
alu_operand_a_ex_o_tag + store_dest_addr_ex_o_tag,18,480,0.0375,3.75
alu_operand_b_ex_o_tag + check_s1_o_tag,18,480,0.0375,3.75
alu_operand_b_ex_o_tag + use_store_ops_ex_o,18,480,0.0375,3.75
csr_group12/hc_o + regfile_alu_waddr_ex_o_tag,160,4336,0.03690036900369004,3.6900369003690034
csr_group15/hc_o + regfile_alu_waddr_ex_o_tag,160,4336,0.03690036900369004,3.6900369003690034
tcr/hc_o_32 + use_store_ops_ex_o/hc_o,81,2208,0.036684782608695655,3.6684782608695654
store_dest_addr_ex_o_tag/hc_o + tcr/hc_o_32,80,2208,0.036231884057971016,3.6231884057971016
alu_operand_b_ex_o_tag/hc_o + tpr/hc_o_32,80,2208,0.036231884057971016,3.6231884057971016
check_s1_o_tag/hc_o + tcr/hc_o_32,80,2208,0.036231884057971016,3.6231884057971016
alu_operator_o_mode/hc_o + store_dest_addr_ex_o_tag/hc_o,44,1216,0.03618421052631579,3.618421052631579
alu_operand_a_ex_o_tag/hc_o + alu_operator_o_mode/hc_o,44,1216,0.03618421052631579,3.618421052631579
alu_operand_b_ex_o_tag/hc_o + alu_operator_o_mode/hc_o,44,1216,0.03618421052631579,3.618421052631579
alu_operator_o_mode/hc_o + check_s1_o_tag/hc_o,44,1216,0.03618421052631579,3.618421052631579
alu_operand_a_ex_o_tag/hc_o + tpr/hc_o_32,79,2208,0.035778985507246376,3.5778985507246377
rdata_q_tag + tpr_load_store_mode/hc_o,80,2240,0.03571428571428571,3.571428571428571
rdata_q_tag + tpr_load_store_enable/hc_o,80,2240,0.03571428571428571,3.571428571428571
csr_group12/hc_o + rdata_q_tag,80,2240,0.03571428571428571,3.571428571428571
csr_group15/hc_o + rdata_q_tag,80,2240,0.03571428571428571,3.571428571428571
alu_operand_b_ex_o_tag/hc_o + tcr/hc_o_32,78,2208,0.035326086956521736,3.532608695652174
regfile_alu_waddr_ex_o_tag + tpr_load_store_enable/hc_o,152,4336,0.03505535055350553,3.505535055350553
is_store_post_o_tag/hc_o + tpr_load_store_mode/hc_o,21,608,0.03453947368421053,3.453947368421053
alu_operand_a_ex_o_tag/hc_o + tcr/hc_o_32,76,2208,0.034420289855072464,3.4420289855072466
alu_operator_o_mode + store_dest_addr_ex_o_tag/hc_o,22,640,0.034375,3.4375000000000004
alu_operator_o_mode + check_s1_o_tag/hc_o,22,640,0.034375,3.4375000000000004
tpr_arith/hc_o + tpr_load_store_mode/hc_o,40,1168,0.03424657534246575,3.4246575342465753
tpr_arith/hc_o + tpr_load_store_enable/hc_o,40,1168,0.03424657534246575,3.4246575342465753
tpr_branch/hc_o + tpr_load_store_mode/hc_o,40,1168,0.03424657534246575,3.4246575342465753
tpr_branch/hc_o + tpr_load_store_enable/hc_o,40,1168,0.03424657534246575,3.4246575342465753
tpr_jump/hc_o + tpr_load_store_mode/hc_o,40,1168,0.03424657534246575,3.4246575342465753
tpr_jump/hc_o + tpr_load_store_enable/hc_o,40,1168,0.03424657534246575,3.4246575342465753
tpr_load_store_mode/hc_o + tpr_shift/hc_o,40,1168,0.03424657534246575,3.4246575342465753
tpr_load_store_enable/hc_o + tpr_shift/hc_o,40,1168,0.03424657534246575,3.4246575342465753
tpr_comparison/hc_o + tpr_load_store_mode/hc_o,40,1168,0.03424657534246575,3.4246575342465753
tpr_comparison/hc_o + tpr_load_store_enable/hc_o,40,1168,0.03424657534246575,3.4246575342465753
tpr_load_store_mode/hc_o + tpr_logical/hc_o,40,1168,0.03424657534246575,3.4246575342465753
tpr_load_store_enable/hc_o + tpr_logical/hc_o,40,1168,0.03424657534246575,3.4246575342465753
tcr_arith/hc_o + tpr_load_store_mode/hc_o,40,1168,0.03424657534246575,3.4246575342465753
tcr_branch/hc_o + tpr_load_store_mode/hc_o,40,1168,0.03424657534246575,3.4246575342465753
tcr_jump/hc_o + tpr_load_store_mode/hc_o,40,1168,0.03424657534246575,3.4246575342465753
tcr_shift/hc_o + tpr_load_store_mode/hc_o,40,1168,0.03424657534246575,3.4246575342465753
tcr_comparison/hc_o + tpr_load_store_mode/hc_o,40,1168,0.03424657534246575,3.4246575342465753
tcr_logical/hc_o + tpr_load_store_mode/hc_o,40,1168,0.03424657534246575,3.4246575342465753
rdata_offset_q_tag/hc_o + tpr_load_store_mode/hc_o,40,1168,0.03424657534246575,3.4246575342465753
data_type_q_tag/hc_o + tpr_load_store_mode/hc_o,40,1168,0.03424657534246575,3.4246575342465753
rdata_q_tag/hc_o + tpr_load_store_mode/hc_o,40,1168,0.03424657534246575,3.4246575342465753
tcr_arith/hc_o + tpr_load_store_enable/hc_o,40,1168,0.03424657534246575,3.4246575342465753
tcr_branch/hc_o + tpr_load_store_enable/hc_o,40,1168,0.03424657534246575,3.4246575342465753
tcr_jump/hc_o + tpr_load_store_enable/hc_o,40,1168,0.03424657534246575,3.4246575342465753
tcr_shift/hc_o + tpr_load_store_enable/hc_o,40,1168,0.03424657534246575,3.4246575342465753
tcr_comparison/hc_o + tpr_load_store_enable/hc_o,40,1168,0.03424657534246575,3.4246575342465753
tcr_logical/hc_o + tpr_load_store_enable/hc_o,40,1168,0.03424657534246575,3.4246575342465753
rdata_offset_q_tag/hc_o + tpr_load_store_enable/hc_o,40,1168,0.03424657534246575,3.4246575342465753
data_type_q_tag/hc_o + tpr_load_store_enable/hc_o,40,1168,0.03424657534246575,3.4246575342465753
rdata_q_tag/hc_o + tpr_load_store_enable/hc_o,40,1168,0.03424657534246575,3.4246575342465753
csr_group0/hc_o + csr_group12/hc_o,40,1168,0.03424657534246575,3.4246575342465753
csr_group0/hc_o + csr_group15/hc_o,40,1168,0.03424657534246575,3.4246575342465753
csr_group1/hc_o + csr_group12/hc_o,40,1168,0.03424657534246575,3.4246575342465753
csr_group1/hc_o + csr_group15/hc_o,40,1168,0.03424657534246575,3.4246575342465753
csr_group12/hc_o + csr_group2/hc_o,40,1168,0.03424657534246575,3.4246575342465753
csr_group15/hc_o + csr_group2/hc_o,40,1168,0.03424657534246575,3.4246575342465753
csr_group12/hc_o + csr_group3/hc_o,40,1168,0.03424657534246575,3.4246575342465753
csr_group15/hc_o + csr_group3/hc_o,40,1168,0.03424657534246575,3.4246575342465753
csr_group12/hc_o + csr_group4/hc_o,40,1168,0.03424657534246575,3.4246575342465753
csr_group15/hc_o + csr_group4/hc_o,40,1168,0.03424657534246575,3.4246575342465753
csr_group12/hc_o + csr_group5/hc_o,40,1168,0.03424657534246575,3.4246575342465753
csr_group15/hc_o + csr_group5/hc_o,40,1168,0.03424657534246575,3.4246575342465753
csr_group12/hc_o + csr_group6/hc_o,40,1168,0.03424657534246575,3.4246575342465753
csr_group15/hc_o + csr_group6/hc_o,40,1168,0.03424657534246575,3.4246575342465753
csr_group12/hc_o + csr_group7/hc_o,40,1168,0.03424657534246575,3.4246575342465753
csr_group15/hc_o + csr_group7/hc_o,40,1168,0.03424657534246575,3.4246575342465753
csr_group12/hc_o + csr_group8/hc_o,40,1168,0.03424657534246575,3.4246575342465753
csr_group15/hc_o + csr_group8/hc_o,40,1168,0.03424657534246575,3.4246575342465753
csr_group12/hc_o + csr_group9/hc_o,40,1168,0.03424657534246575,3.4246575342465753
csr_group15/hc_o + csr_group9/hc_o,40,1168,0.03424657534246575,3.4246575342465753
csr_group10/hc_o + csr_group12/hc_o,40,1168,0.03424657534246575,3.4246575342465753
csr_group10/hc_o + csr_group15/hc_o,40,1168,0.03424657534246575,3.4246575342465753
csr_group11/hc_o + csr_group12/hc_o,40,1168,0.03424657534246575,3.4246575342465753
csr_group11/hc_o + csr_group15/hc_o,40,1168,0.03424657534246575,3.4246575342465753
csr_group12/hc_o + csr_group13/hc_o,40,1168,0.03424657534246575,3.4246575342465753
csr_group12/hc_o + csr_group16/hc_o,40,1168,0.03424657534246575,3.4246575342465753
csr_group12/hc_o + lsu_group2/hc_o,40,1168,0.03424657534246575,3.4246575342465753
csr_group12/hc_o + lsu_group3/hc_o,40,1168,0.03424657534246575,3.4246575342465753
csr_group12/hc_o + lsu_group4/hc_o,40,1168,0.03424657534246575,3.4246575342465753
csr_group12/hc_o + lsu_group5/hc_o,40,1168,0.03424657534246575,3.4246575342465753
csr_group15/hc_o + csr_group16/hc_o,40,1168,0.03424657534246575,3.4246575342465753
csr_group15/hc_o + lsu_group2/hc_o,40,1168,0.03424657534246575,3.4246575342465753
csr_group15/hc_o + lsu_group3/hc_o,40,1168,0.03424657534246575,3.4246575342465753
csr_group15/hc_o + lsu_group4/hc_o,40,1168,0.03424657534246575,3.4246575342465753
csr_group15/hc_o + lsu_group5/hc_o,40,1168,0.03424657534246575,3.4246575342465753
csr_group12/hc_o + id_group6/hc_o,39,1168,0.03339041095890411,3.339041095890411
csr_group15/hc_o + id_group6/hc_o,39,1168,0.03339041095890411,3.339041095890411
csr_group12/hc_o + lsu_group1/hc_o,39,1168,0.03339041095890411,3.339041095890411
csr_group15/hc_o + lsu_group1/hc_o,39,1168,0.03339041095890411,3.339041095890411
data_type_q_tag + tpr_load_store_mode/hc_o,20,608,0.03289473684210526,3.289473684210526
data_type_q_tag + tpr_load_store_enable/hc_o,20,608,0.03289473684210526,3.289473684210526
rdata_offset_q_tag + tpr_load_store_mode/hc_o,20,608,0.03289473684210526,3.289473684210526
rdata_offset_q_tag + tpr_load_store_enable/hc_o,20,608,0.03289473684210526,3.289473684210526
store_source_ex_o_tag/hc_o + tpr_load_store_mode/hc_o,20,608,0.03289473684210526,3.289473684210526
store_source_ex_o_tag/hc_o + tpr_load_store_enable/hc_o,20,608,0.03289473684210526,3.289473684210526
alu_operand_c_ex_o_tag/hc_o + tpr_load_store_mode/hc_o,20,608,0.03289473684210526,3.289473684210526
alu_operand_c_ex_o_tag/hc_o + tpr_load_store_enable/hc_o,20,608,0.03289473684210526,3.289473684210526
is_store_post_o_tag/hc_o + tpr_load_store_enable/hc_o,20,608,0.03289473684210526,3.289473684210526
memory_set_o_tag/hc_o + tpr_load_store_mode/hc_o,20,608,0.03289473684210526,3.289473684210526
memory_set_o_tag/hc_o + tpr_load_store_enable/hc_o,20,608,0.03289473684210526,3.289473684210526
tcr_execute/hc_o + tpr_load_store_mode/hc_o,20,608,0.03289473684210526,3.289473684210526
data_we_q_tag/hc_o + tpr_load_store_mode/hc_o,20,608,0.03289473684210526,3.289473684210526
tcr_execute/hc_o + tpr_load_store_enable/hc_o,20,608,0.03289473684210526,3.289473684210526
data_we_q_tag/hc_o + tpr_load_store_enable/hc_o,20,608,0.03289473684210526,3.289473684210526
csr_group12/hc_o + data_type_q_tag,20,608,0.03289473684210526,3.289473684210526
csr_group15/hc_o + data_type_q_tag,20,608,0.03289473684210526,3.289473684210526
csr_group12/hc_o + rdata_offset_q_tag,20,608,0.03289473684210526,3.289473684210526
csr_group15/hc_o + rdata_offset_q_tag,20,608,0.03289473684210526,3.289473684210526
alu_operator_o_mode + csr_group12/hc_o,20,608,0.03289473684210526,3.289473684210526
alu_operator_o_mode + csr_group15/hc_o,20,608,0.03289473684210526,3.289473684210526
csr_group12/hc_o + id_group9/hc_o,20,608,0.03289473684210526,3.289473684210526
csr_group15/hc_o + id_group9/hc_o,20,608,0.03289473684210526,3.289473684210526
csr_group12/hc_o + csr_group14/hc_o,20,608,0.03289473684210526,3.289473684210526
csr_group12/hc_o + csr_group18/hc_o,20,608,0.03289473684210526,3.289473684210526
csr_group12/hc_o + csr_group19/hc_o,20,608,0.03289473684210526,3.289473684210526
csr_group12/hc_o + tcr_execute/hc_o,20,608,0.03289473684210526,3.289473684210526
csr_group14/hc_o + csr_group15/hc_o,20,608,0.03289473684210526,3.289473684210526
csr_group15/hc_o + csr_group18/hc_o,20,608,0.03289473684210526,3.289473684210526
csr_group15/hc_o + csr_group19/hc_o,20,608,0.03289473684210526,3.289473684210526
csr_group15/hc_o + tcr_execute/hc_o,20,608,0.03289473684210526,3.289473684210526
register_set_o_tag + tpr_load_store_mode/hc_o,10,304,0.03289473684210526,3.289473684210526
register_set_o_tag + tpr_load_store_enable/hc_o,10,304,0.03289473684210526,3.289473684210526
store_dest_addr_ex_o_tag + tpr_load_store_mode/hc_o,10,304,0.03289473684210526,3.289473684210526
store_dest_addr_ex_o_tag + tpr_load_store_enable/hc_o,10,304,0.03289473684210526,3.289473684210526
alu_operand_a_ex_o_tag + tpr_load_store_mode/hc_o,10,304,0.03289473684210526,3.289473684210526
alu_operand_a_ex_o_tag + tpr_load_store_enable/hc_o,10,304,0.03289473684210526,3.289473684210526
store_source_ex_o_tag + tpr_load_store_mode/hc_o,10,304,0.03289473684210526,3.289473684210526
store_source_ex_o_tag + tpr_load_store_enable/hc_o,10,304,0.03289473684210526,3.289473684210526
tpr_load_store_mode/hc_o + use_store_ops_ex_o,10,304,0.03289473684210526,3.289473684210526
tpr_load_store_enable/hc_o + use_store_ops_ex_o,10,304,0.03289473684210526,3.289473684210526
rf_reg[0] + tpr_load_store_mode/hc_o,10,304,0.03289473684210526,3.289473684210526
rf_reg[0] + tpr_load_store_enable/hc_o,10,304,0.03289473684210526,3.289473684210526
rf_reg[1] + tpr_load_store_mode/hc_o,10,304,0.03289473684210526,3.289473684210526
rf_reg[1] + tpr_load_store_enable/hc_o,10,304,0.03289473684210526,3.289473684210526
rf_reg[2] + tpr_load_store_mode/hc_o,10,304,0.03289473684210526,3.289473684210526
rf_reg[2] + tpr_load_store_enable/hc_o,10,304,0.03289473684210526,3.289473684210526
rf_reg[3] + tpr_load_store_mode/hc_o,10,304,0.03289473684210526,3.289473684210526
rf_reg[3] + tpr_load_store_enable/hc_o,10,304,0.03289473684210526,3.289473684210526
rf_reg[4] + tpr_load_store_mode/hc_o,10,304,0.03289473684210526,3.289473684210526
rf_reg[4] + tpr_load_store_enable/hc_o,10,304,0.03289473684210526,3.289473684210526
rf_reg[5] + tpr_load_store_mode/hc_o,10,304,0.03289473684210526,3.289473684210526
rf_reg[5] + tpr_load_store_enable/hc_o,10,304,0.03289473684210526,3.289473684210526
rf_reg[6] + tpr_load_store_mode/hc_o,10,304,0.03289473684210526,3.289473684210526
rf_reg[6] + tpr_load_store_enable/hc_o,10,304,0.03289473684210526,3.289473684210526
rf_reg[7] + tpr_load_store_mode/hc_o,10,304,0.03289473684210526,3.289473684210526
rf_reg[7] + tpr_load_store_enable/hc_o,10,304,0.03289473684210526,3.289473684210526
rf_reg[8] + tpr_load_store_mode/hc_o,10,304,0.03289473684210526,3.289473684210526
rf_reg[8] + tpr_load_store_enable/hc_o,10,304,0.03289473684210526,3.289473684210526
rf_reg[9] + tpr_load_store_mode/hc_o,10,304,0.03289473684210526,3.289473684210526
rf_reg[9] + tpr_load_store_enable/hc_o,10,304,0.03289473684210526,3.289473684210526
rf_reg[10] + tpr_load_store_mode/hc_o,10,304,0.03289473684210526,3.289473684210526
rf_reg[10] + tpr_load_store_enable/hc_o,10,304,0.03289473684210526,3.289473684210526
alu_operand_b_ex_o_tag + tpr_load_store_mode/hc_o,10,304,0.03289473684210526,3.289473684210526
alu_operand_b_ex_o_tag + tpr_load_store_enable/hc_o,10,304,0.03289473684210526,3.289473684210526
rf_reg[11] + tpr_load_store_mode/hc_o,10,304,0.03289473684210526,3.289473684210526
rf_reg[11] + tpr_load_store_enable/hc_o,10,304,0.03289473684210526,3.289473684210526
rf_reg[12] + tpr_load_store_mode/hc_o,10,304,0.03289473684210526,3.289473684210526
rf_reg[12] + tpr_load_store_enable/hc_o,10,304,0.03289473684210526,3.289473684210526
rf_reg[13] + tpr_load_store_mode/hc_o,10,304,0.03289473684210526,3.289473684210526
rf_reg[13] + tpr_load_store_enable/hc_o,10,304,0.03289473684210526,3.289473684210526
rf_reg[14] + tpr_load_store_mode/hc_o,10,304,0.03289473684210526,3.289473684210526
rf_reg[14] + tpr_load_store_enable/hc_o,10,304,0.03289473684210526,3.289473684210526
rf_reg[15] + tpr_load_store_mode/hc_o,10,304,0.03289473684210526,3.289473684210526
rf_reg[15] + tpr_load_store_enable/hc_o,10,304,0.03289473684210526,3.289473684210526
rf_reg[16] + tpr_load_store_mode/hc_o,10,304,0.03289473684210526,3.289473684210526
rf_reg[16] + tpr_load_store_enable/hc_o,10,304,0.03289473684210526,3.289473684210526
rf_reg[17] + tpr_load_store_mode/hc_o,10,304,0.03289473684210526,3.289473684210526
rf_reg[17] + tpr_load_store_enable/hc_o,10,304,0.03289473684210526,3.289473684210526
rf_reg[18] + tpr_load_store_mode/hc_o,10,304,0.03289473684210526,3.289473684210526
rf_reg[18] + tpr_load_store_enable/hc_o,10,304,0.03289473684210526,3.289473684210526
rf_reg[19] + tpr_load_store_mode/hc_o,10,304,0.03289473684210526,3.289473684210526
rf_reg[19] + tpr_load_store_enable/hc_o,10,304,0.03289473684210526,3.289473684210526
rf_reg[20] + tpr_load_store_mode/hc_o,10,304,0.03289473684210526,3.289473684210526
rf_reg[20] + tpr_load_store_enable/hc_o,10,304,0.03289473684210526,3.289473684210526
rf_reg[21] + tpr_load_store_mode/hc_o,10,304,0.03289473684210526,3.289473684210526
rf_reg[21] + tpr_load_store_enable/hc_o,10,304,0.03289473684210526,3.289473684210526
alu_operand_c_ex_o_tag + tpr_load_store_mode/hc_o,10,304,0.03289473684210526,3.289473684210526
rf_reg[22] + tpr_load_store_mode/hc_o,10,304,0.03289473684210526,3.289473684210526
rf_reg[22] + tpr_load_store_enable/hc_o,10,304,0.03289473684210526,3.289473684210526
rf_reg[23] + tpr_load_store_mode/hc_o,10,304,0.03289473684210526,3.289473684210526
rf_reg[23] + tpr_load_store_enable/hc_o,10,304,0.03289473684210526,3.289473684210526
rf_reg[24] + tpr_load_store_mode/hc_o,10,304,0.03289473684210526,3.289473684210526
rf_reg[24] + tpr_load_store_enable/hc_o,10,304,0.03289473684210526,3.289473684210526
alu_operand_c_ex_o_tag + tpr_load_store_enable/hc_o,10,304,0.03289473684210526,3.289473684210526
rf_reg[25] + tpr_load_store_mode/hc_o,10,304,0.03289473684210526,3.289473684210526
rf_reg[25] + tpr_load_store_enable/hc_o,10,304,0.03289473684210526,3.289473684210526
rf_reg[26] + tpr_load_store_mode/hc_o,10,304,0.03289473684210526,3.289473684210526
rf_reg[26] + tpr_load_store_enable/hc_o,10,304,0.03289473684210526,3.289473684210526
rf_reg[27] + tpr_load_store_mode/hc_o,10,304,0.03289473684210526,3.289473684210526
rf_reg[27] + tpr_load_store_enable/hc_o,10,304,0.03289473684210526,3.289473684210526
rf_reg[28] + tpr_load_store_mode/hc_o,10,304,0.03289473684210526,3.289473684210526
rf_reg[28] + tpr_load_store_enable/hc_o,10,304,0.03289473684210526,3.289473684210526
rf_reg[29] + tpr_load_store_mode/hc_o,10,304,0.03289473684210526,3.289473684210526
rf_reg[29] + tpr_load_store_enable/hc_o,10,304,0.03289473684210526,3.289473684210526
rf_reg[30] + tpr_load_store_mode/hc_o,10,304,0.03289473684210526,3.289473684210526
rf_reg[30] + tpr_load_store_enable/hc_o,10,304,0.03289473684210526,3.289473684210526
rf_reg[31] + tpr_load_store_mode/hc_o,10,304,0.03289473684210526,3.289473684210526
rf_reg[31] + tpr_load_store_enable/hc_o,10,304,0.03289473684210526,3.289473684210526
rs1_o_tag + tpr_load_store_mode/hc_o,10,304,0.03289473684210526,3.289473684210526
rs1_o_tag + tpr_load_store_enable/hc_o,10,304,0.03289473684210526,3.289473684210526
data_we_q_tag + tpr_load_store_mode/hc_o,10,304,0.03289473684210526,3.289473684210526
data_we_q_tag + tpr_load_store_enable/hc_o,10,304,0.03289473684210526,3.289473684210526
check_d_o_tag + tpr_load_store_mode/hc_o,10,304,0.03289473684210526,3.289473684210526
check_d_o_tag + tpr_load_store_enable/hc_o,10,304,0.03289473684210526,3.289473684210526
pc_id_o_tag + tpr_load_store_mode/hc_o,10,304,0.03289473684210526,3.289473684210526
pc_id_o_tag + tpr_load_store_enable/hc_o,10,304,0.03289473684210526,3.289473684210526
check_s1_o_tag + tpr_load_store_mode/hc_o,10,304,0.03289473684210526,3.289473684210526
check_s1_o_tag + tpr_load_store_enable/hc_o,10,304,0.03289473684210526,3.289473684210526
check_s2_o_tag + tpr_load_store_mode/hc_o,10,304,0.03289473684210526,3.289473684210526
check_s2_o_tag + tpr_load_store_enable/hc_o,10,304,0.03289473684210526,3.289473684210526
is_store_post_o_tag + tpr_load_store_mode/hc_o,10,304,0.03289473684210526,3.289473684210526
is_store_post_o_tag + tpr_load_store_enable/hc_o,10,304,0.03289473684210526,3.289473684210526
memory_set_o_tag + tpr_load_store_mode/hc_o,10,304,0.03289473684210526,3.289473684210526
memory_set_o_tag + tpr_load_store_enable/hc_o,10,304,0.03289473684210526,3.289473684210526
pc_if_o_tag + tpr_load_store_mode/hc_o,10,304,0.03289473684210526,3.289473684210526
pc_if_o_tag + tpr_load_store_enable/hc_o,10,304,0.03289473684210526,3.289473684210526
csr_group12/hc_o + pc_if_o_tag,10,304,0.03289473684210526,3.289473684210526
csr_group15/hc_o + pc_if_o_tag,10,304,0.03289473684210526,3.289473684210526
csr_group12/hc_o + register_set_o_tag,10,304,0.03289473684210526,3.289473684210526
csr_group15/hc_o + register_set_o_tag,10,304,0.03289473684210526,3.289473684210526
csr_group12/hc_o + store_dest_addr_ex_o_tag,10,304,0.03289473684210526,3.289473684210526
csr_group15/hc_o + store_dest_addr_ex_o_tag,10,304,0.03289473684210526,3.289473684210526
csr_group12/hc_o + store_source_ex_o_tag,10,304,0.03289473684210526,3.289473684210526
csr_group15/hc_o + store_source_ex_o_tag,10,304,0.03289473684210526,3.289473684210526
csr_group12/hc_o + use_store_ops_ex_o,10,304,0.03289473684210526,3.289473684210526
csr_group15/hc_o + use_store_ops_ex_o,10,304,0.03289473684210526,3.289473684210526
alu_operand_a_ex_o_tag + csr_group12/hc_o,10,304,0.03289473684210526,3.289473684210526
alu_operand_a_ex_o_tag + csr_group15/hc_o,10,304,0.03289473684210526,3.289473684210526
csr_group12/hc_o + rf_reg[0],10,304,0.03289473684210526,3.289473684210526
csr_group15/hc_o + rf_reg[0],10,304,0.03289473684210526,3.289473684210526
csr_group12/hc_o + rf_reg[1],10,304,0.03289473684210526,3.289473684210526
csr_group15/hc_o + rf_reg[1],10,304,0.03289473684210526,3.289473684210526
csr_group12/hc_o + rf_reg[2],10,304,0.03289473684210526,3.289473684210526
csr_group15/hc_o + rf_reg[2],10,304,0.03289473684210526,3.289473684210526
csr_group12/hc_o + rf_reg[3],10,304,0.03289473684210526,3.289473684210526
csr_group15/hc_o + rf_reg[3],10,304,0.03289473684210526,3.289473684210526
csr_group12/hc_o + rf_reg[4],10,304,0.03289473684210526,3.289473684210526
csr_group15/hc_o + rf_reg[4],10,304,0.03289473684210526,3.289473684210526
csr_group12/hc_o + rf_reg[5],10,304,0.03289473684210526,3.289473684210526
csr_group15/hc_o + rf_reg[5],10,304,0.03289473684210526,3.289473684210526
csr_group12/hc_o + rf_reg[6],10,304,0.03289473684210526,3.289473684210526
csr_group15/hc_o + rf_reg[6],10,304,0.03289473684210526,3.289473684210526
csr_group12/hc_o + rf_reg[7],10,304,0.03289473684210526,3.289473684210526
csr_group15/hc_o + rf_reg[7],10,304,0.03289473684210526,3.289473684210526
csr_group12/hc_o + rf_reg[8],10,304,0.03289473684210526,3.289473684210526
csr_group15/hc_o + rf_reg[8],10,304,0.03289473684210526,3.289473684210526
csr_group12/hc_o + rf_reg[9],10,304,0.03289473684210526,3.289473684210526
csr_group15/hc_o + rf_reg[9],10,304,0.03289473684210526,3.289473684210526
csr_group12/hc_o + rf_reg[10],10,304,0.03289473684210526,3.289473684210526
csr_group15/hc_o + rf_reg[10],10,304,0.03289473684210526,3.289473684210526
alu_operand_b_ex_o_tag + csr_group12/hc_o,10,304,0.03289473684210526,3.289473684210526
alu_operand_b_ex_o_tag + csr_group15/hc_o,10,304,0.03289473684210526,3.289473684210526
csr_group12/hc_o + rf_reg[11],10,304,0.03289473684210526,3.289473684210526
csr_group15/hc_o + rf_reg[11],10,304,0.03289473684210526,3.289473684210526
csr_group12/hc_o + rf_reg[12],10,304,0.03289473684210526,3.289473684210526
csr_group15/hc_o + rf_reg[12],10,304,0.03289473684210526,3.289473684210526
csr_group12/hc_o + rf_reg[13],10,304,0.03289473684210526,3.289473684210526
csr_group15/hc_o + rf_reg[13],10,304,0.03289473684210526,3.289473684210526
csr_group12/hc_o + rf_reg[14],10,304,0.03289473684210526,3.289473684210526
csr_group15/hc_o + rf_reg[14],10,304,0.03289473684210526,3.289473684210526
csr_group12/hc_o + rf_reg[15],10,304,0.03289473684210526,3.289473684210526
csr_group15/hc_o + rf_reg[15],10,304,0.03289473684210526,3.289473684210526
csr_group12/hc_o + rf_reg[16],10,304,0.03289473684210526,3.289473684210526
csr_group15/hc_o + rf_reg[16],10,304,0.03289473684210526,3.289473684210526
csr_group12/hc_o + rf_reg[17],10,304,0.03289473684210526,3.289473684210526
csr_group15/hc_o + rf_reg[17],10,304,0.03289473684210526,3.289473684210526
csr_group12/hc_o + rf_reg[18],10,304,0.03289473684210526,3.289473684210526
csr_group15/hc_o + rf_reg[18],10,304,0.03289473684210526,3.289473684210526
csr_group12/hc_o + rf_reg[19],10,304,0.03289473684210526,3.289473684210526
csr_group15/hc_o + rf_reg[19],10,304,0.03289473684210526,3.289473684210526
csr_group12/hc_o + rf_reg[20],10,304,0.03289473684210526,3.289473684210526
csr_group15/hc_o + rf_reg[20],10,304,0.03289473684210526,3.289473684210526
csr_group12/hc_o + rf_reg[21],10,304,0.03289473684210526,3.289473684210526
csr_group15/hc_o + rf_reg[21],10,304,0.03289473684210526,3.289473684210526
csr_group12/hc_o + rf_reg[22],10,304,0.03289473684210526,3.289473684210526
csr_group15/hc_o + rf_reg[22],10,304,0.03289473684210526,3.289473684210526
csr_group12/hc_o + rf_reg[23],10,304,0.03289473684210526,3.289473684210526
alu_operand_c_ex_o_tag + csr_group12/hc_o,10,304,0.03289473684210526,3.289473684210526
alu_operand_c_ex_o_tag + csr_group15/hc_o,10,304,0.03289473684210526,3.289473684210526
csr_group15/hc_o + rf_reg[23],10,304,0.03289473684210526,3.289473684210526
csr_group12/hc_o + rf_reg[24],10,304,0.03289473684210526,3.289473684210526
csr_group15/hc_o + rf_reg[24],10,304,0.03289473684210526,3.289473684210526
csr_group12/hc_o + rf_reg[25],10,304,0.03289473684210526,3.289473684210526
csr_group15/hc_o + rf_reg[25],10,304,0.03289473684210526,3.289473684210526
csr_group12/hc_o + rf_reg[26],10,304,0.03289473684210526,3.289473684210526
csr_group15/hc_o + rf_reg[26],10,304,0.03289473684210526,3.289473684210526
csr_group12/hc_o + rf_reg[27],10,304,0.03289473684210526,3.289473684210526
csr_group15/hc_o + rf_reg[27],10,304,0.03289473684210526,3.289473684210526
csr_group12/hc_o + rf_reg[28],10,304,0.03289473684210526,3.289473684210526
csr_group15/hc_o + rf_reg[28],10,304,0.03289473684210526,3.289473684210526
csr_group12/hc_o + rf_reg[29],10,304,0.03289473684210526,3.289473684210526
csr_group15/hc_o + rf_reg[29],10,304,0.03289473684210526,3.289473684210526
csr_group12/hc_o + rf_reg[30],10,304,0.03289473684210526,3.289473684210526
csr_group15/hc_o + rf_reg[30],10,304,0.03289473684210526,3.289473684210526
csr_group12/hc_o + rf_reg[31],10,304,0.03289473684210526,3.289473684210526
csr_group15/hc_o + rf_reg[31],10,304,0.03289473684210526,3.289473684210526
csr_group12/hc_o + rs1_o_tag,10,304,0.03289473684210526,3.289473684210526
csr_group15/hc_o + rs1_o_tag,10,304,0.03289473684210526,3.289473684210526
csr_group12/hc_o + data_we_q_tag,10,304,0.03289473684210526,3.289473684210526
csr_group15/hc_o + data_we_q_tag,10,304,0.03289473684210526,3.289473684210526
check_d_o_tag + csr_group12/hc_o,10,304,0.03289473684210526,3.289473684210526
check_d_o_tag + csr_group15/hc_o,10,304,0.03289473684210526,3.289473684210526
check_s1_o_tag + csr_group12/hc_o,10,304,0.03289473684210526,3.289473684210526
check_s1_o_tag + csr_group15/hc_o,10,304,0.03289473684210526,3.289473684210526
check_s2_o_tag + csr_group12/hc_o,10,304,0.03289473684210526,3.289473684210526
check_s2_o_tag + csr_group15/hc_o,10,304,0.03289473684210526,3.289473684210526
csr_group12/hc_o + pc_id_o_tag,10,304,0.03289473684210526,3.289473684210526
csr_group15/hc_o + pc_id_o_tag,10,304,0.03289473684210526,3.289473684210526
csr_group12/hc_o + is_store_post_o_tag,10,304,0.03289473684210526,3.289473684210526
csr_group15/hc_o + is_store_post_o_tag,10,304,0.03289473684210526,3.289473684210526
csr_group12/hc_o + memory_set_o_tag,10,304,0.03289473684210526,3.289473684210526
csr_group15/hc_o + memory_set_o_tag,10,304,0.03289473684210526,3.289473684210526
tpr_load_store_mode/hc_o + tpr_load_store_mode/sd_o,5,152,0.03289473684210526,3.289473684210526
tpr_load_store_enable/hc_o + tpr_load_store_enable/sd_o,5,152,0.03289473684210526,3.289473684210526
csr_group12/hc_o + csr_group12/sd_o,5,152,0.03289473684210526,3.289473684210526
csr_group15/hc_o + csr_group15/sd_o,5,152,0.03289473684210526,3.289473684210526
tpr/hc_o_32 + tpr_q,250,7680,0.032552083333333336,3.2552083333333335
id_group0/hc_o + id_group2/hc_o,38,1168,0.032534246575342464,3.2534246575342465
csr_group12/hc_o + id_group7/hc_o,38,1168,0.032534246575342464,3.2534246575342465
csr_group15/hc_o + id_group7/hc_o,38,1168,0.032534246575342464,3.2534246575342465
csr_group12/hc_o + id_group8/hc_o,38,1168,0.032534246575342464,3.2534246575342465
csr_group15/hc_o + id_group8/hc_o,38,1168,0.032534246575342464,3.2534246575342465
alu_operator_o_mode/hc_o + hc_o_rf_tag,540,16960,0.031839622641509434,3.1839622641509435
alu_operator_o_mode/hc_o + hc_o_5,142,4480,0.03169642857142857,3.1696428571428568
id_group0/hc_o + id_group1/hc_o,37,1168,0.031678082191780824,3.1678082191780823
alu_operator_o_mode + rf_reg[0],30,960,0.03125,3.125
alu_operator_o_mode + rf_reg[3],30,960,0.03125,3.125
alu_operator_o_mode + rf_reg[4],30,960,0.03125,3.125
alu_operator_o_mode + rf_reg[5],30,960,0.03125,3.125
alu_operator_o_mode + rf_reg[6],30,960,0.03125,3.125
alu_operator_o_mode + rf_reg[7],30,960,0.03125,3.125
alu_operator_o_mode + rf_reg[9],30,960,0.03125,3.125
alu_operator_o_mode + rf_reg[10],30,960,0.03125,3.125
alu_operator_o_mode + rf_reg[11],30,960,0.03125,3.125
alu_operator_o_mode + rf_reg[12],30,960,0.03125,3.125
alu_operator_o_mode + rf_reg[13],30,960,0.03125,3.125
alu_operator_o_mode + rf_reg[14],30,960,0.03125,3.125
alu_operator_o_mode + rf_reg[16],30,960,0.03125,3.125
alu_operator_o_mode + rf_reg[17],30,960,0.03125,3.125
alu_operator_o_mode + rf_reg[18],30,960,0.03125,3.125
alu_operator_o_mode + rf_reg[19],30,960,0.03125,3.125
alu_operator_o_mode + rf_reg[20],30,960,0.03125,3.125
alu_operator_o_mode + rf_reg[21],30,960,0.03125,3.125
alu_operator_o_mode + rf_reg[22],30,960,0.03125,3.125
alu_operator_o_mode + rf_reg[23],30,960,0.03125,3.125
alu_operator_o_mode + rf_reg[24],30,960,0.03125,3.125
alu_operator_o_mode + rf_reg[25],30,960,0.03125,3.125
alu_operator_o_mode + rf_reg[26],30,960,0.03125,3.125
alu_operator_o_mode + rf_reg[27],30,960,0.03125,3.125
alu_operator_o_mode + rf_reg[28],30,960,0.03125,3.125
alu_operator_o_mode + rf_reg[29],30,960,0.03125,3.125
alu_operator_o_mode + rf_reg[30],30,960,0.03125,3.125
alu_operator_o_mode + rf_reg[31],30,960,0.03125,3.125
alu_operand_a_ex_o_tag/hc_o + alu_operator_o_mode,20,640,0.03125,3.125
alu_operand_b_ex_o_tag/hc_o + alu_operator_o_mode,20,640,0.03125,3.125
check_s2_o_tag/hc_o + tpr_load_store_mode/hc_o,19,608,0.03125,3.125
check_s2_o_tag/hc_o + tpr_load_store_enable/hc_o,19,608,0.03125,3.125
rs1_o_tag/hc_o + tpr_load_store_mode/hc_o,19,608,0.03125,3.125
rs1_o_tag/hc_o + tpr_load_store_enable/hc_o,19,608,0.03125,3.125
csr_group12/hc_o + csr_group17/hc_o,35,1168,0.029965753424657533,2.996575342465753
csr_group13/hc_o + csr_group15/hc_o,35,1168,0.029965753424657533,2.996575342465753
csr_group15/hc_o + csr_group17/hc_o,35,1168,0.029965753424657533,2.996575342465753
check_d_o_tag/hc_o + tpr_load_store_mode/hc_o,18,608,0.029605263157894735,2.9605263157894735
check_d_o_tag/hc_o + tpr_load_store_enable/hc_o,18,608,0.029605263157894735,2.9605263157894735
register_set_o_tag/hc_o + tpr_load_store_mode/hc_o,18,608,0.029605263157894735,2.9605263157894735
register_set_o_tag/hc_o + tpr_load_store_enable/hc_o,18,608,0.029605263157894735,2.9605263157894735
alu_operator_o_mode/hc_o + regfile_alu_waddr_ex_o_tag,256,8672,0.02952029520295203,2.952029520295203
alu_operator_o_mode/hc_o + rdata_q_tag,128,4480,0.02857142857142857,2.857142857142857
hc_o_5 + tpr/hc_o_32,484,17024,0.02843045112781955,2.843045112781955
id_stage/hc_o + regfile_alu_waddr_ex_o_tag,474,16784,0.028241182078169686,2.8241182078169684
alu_operand_c_ex_o_tag + id_stage/hc_o,31,1104,0.028079710144927536,2.8079710144927534
alu_operator_o_mode/hc_o + rdata_offset_q_tag/hc_o,64,2336,0.0273972602739726,2.73972602739726
alu_operator_o_mode/hc_o + data_type_q_tag/hc_o,64,2336,0.0273972602739726,2.73972602739726
alu_operator_o_mode/hc_o + rdata_q_tag/hc_o,64,2336,0.0273972602739726,2.73972602739726
alu_operator_o_mode/hc_o + tpr_arith/hc_o,32,1168,0.0273972602739726,2.73972602739726
alu_operator_o_mode/hc_o + tpr_branch/hc_o,32,1168,0.0273972602739726,2.73972602739726
alu_operator_o_mode/hc_o + tpr_jump/hc_o,32,1168,0.0273972602739726,2.73972602739726
alu_operator_o_mode/hc_o + tpr_shift/hc_o,32,1168,0.0273972602739726,2.73972602739726
alu_operator_o_mode/hc_o + tpr_comparison/hc_o,32,1168,0.0273972602739726,2.73972602739726
alu_operator_o_mode/hc_o + tpr_logical/hc_o,32,1168,0.0273972602739726,2.73972602739726
alu_operator_o_mode/hc_o + tcr_arith/hc_o,32,1168,0.0273972602739726,2.73972602739726
alu_operator_o_mode/hc_o + tcr_branch/hc_o,32,1168,0.0273972602739726,2.73972602739726
alu_operator_o_mode/hc_o + tcr_jump/hc_o,32,1168,0.0273972602739726,2.73972602739726
alu_operator_o_mode/hc_o + tcr_shift/hc_o,32,1168,0.0273972602739726,2.73972602739726
alu_operator_o_mode/hc_o + tcr_comparison/hc_o,32,1168,0.0273972602739726,2.73972602739726
alu_operator_o_mode/hc_o + tcr_logical/hc_o,32,1168,0.0273972602739726,2.73972602739726
id_group0/hc_o + id_group4/hc_o,32,1168,0.0273972602739726,2.73972602739726
rf_reg[17] + tpr/hc_o_32,90,3312,0.02717391304347826,2.717391304347826
rf_reg[18] + tpr/hc_o_32,90,3312,0.02717391304347826,2.717391304347826
rf_reg[19] + tpr/hc_o_32,90,3312,0.02717391304347826,2.717391304347826
rf_reg[20] + tpr/hc_o_32,90,3312,0.02717391304347826,2.717391304347826
rf_reg[21] + tpr/hc_o_32,90,3312,0.02717391304347826,2.717391304347826
rf_reg[22] + tpr/hc_o_32,90,3312,0.02717391304347826,2.717391304347826
rf_reg[23] + tpr/hc_o_32,90,3312,0.02717391304347826,2.717391304347826
rf_reg[24] + tpr/hc_o_32,90,3312,0.02717391304347826,2.717391304347826
rf_reg[25] + tpr/hc_o_32,90,3312,0.02717391304347826,2.717391304347826
rf_reg[26] + tpr/hc_o_32,90,3312,0.02717391304347826,2.717391304347826
rf_reg[27] + tpr/hc_o_32,90,3312,0.02717391304347826,2.717391304347826
rf_reg[28] + tpr/hc_o_32,90,3312,0.02717391304347826,2.717391304347826
alu_operand_c_ex_o_tag + tpr/hc_o_32,90,3312,0.02717391304347826,2.717391304347826
rf_reg[29] + tpr/hc_o_32,90,3312,0.02717391304347826,2.717391304347826
rf_reg[30] + tpr/hc_o_32,90,3312,0.02717391304347826,2.717391304347826
rf_reg[31] + tpr/hc_o_32,90,3312,0.02717391304347826,2.717391304347826
rs1_o_tag + tpr/hc_o_32,90,3312,0.02717391304347826,2.717391304347826
data_we_q_tag + tpr/hc_o_32,90,3312,0.02717391304347826,2.717391304347826
check_d_o_tag + tpr/hc_o_32,90,3312,0.02717391304347826,2.717391304347826
pc_id_o_tag + tpr/hc_o_32,90,3312,0.02717391304347826,2.717391304347826
check_s1_o_tag + tpr/hc_o_32,90,3312,0.02717391304347826,2.717391304347826
check_s2_o_tag + tpr/hc_o_32,90,3312,0.02717391304347826,2.717391304347826
is_store_post_o_tag + tpr/hc_o_32,90,3312,0.02717391304347826,2.717391304347826
memory_set_o_tag + tpr/hc_o_32,90,3312,0.02717391304347826,2.717391304347826
pc_if_o_tag + tpr/hc_o_32,90,3312,0.02717391304347826,2.717391304347826
register_set_o_tag + tpr/hc_o_32,90,3312,0.02717391304347826,2.717391304347826
store_dest_addr_ex_o_tag + tpr/hc_o_32,90,3312,0.02717391304347826,2.717391304347826
store_source_ex_o_tag + tpr/hc_o_32,90,3312,0.02717391304347826,2.717391304347826
tpr/hc_o_32 + use_store_ops_ex_o,90,3312,0.02717391304347826,2.717391304347826
alu_operand_a_ex_o_tag + tpr/hc_o_32,90,3312,0.02717391304347826,2.717391304347826
rf_reg[0] + tpr/hc_o_32,90,3312,0.02717391304347826,2.717391304347826
rf_reg[1] + tpr/hc_o_32,90,3312,0.02717391304347826,2.717391304347826
rf_reg[2] + tpr/hc_o_32,90,3312,0.02717391304347826,2.717391304347826
rf_reg[3] + tpr/hc_o_32,90,3312,0.02717391304347826,2.717391304347826
rf_reg[4] + tpr/hc_o_32,90,3312,0.02717391304347826,2.717391304347826
rf_reg[5] + tpr/hc_o_32,90,3312,0.02717391304347826,2.717391304347826
rf_reg[6] + tpr/hc_o_32,90,3312,0.02717391304347826,2.717391304347826
rf_reg[7] + tpr/hc_o_32,90,3312,0.02717391304347826,2.717391304347826
rf_reg[8] + tpr/hc_o_32,90,3312,0.02717391304347826,2.717391304347826
rf_reg[9] + tpr/hc_o_32,90,3312,0.02717391304347826,2.717391304347826
rf_reg[10] + tpr/hc_o_32,90,3312,0.02717391304347826,2.717391304347826
alu_operand_b_ex_o_tag + tpr/hc_o_32,90,3312,0.02717391304347826,2.717391304347826
rf_reg[11] + tpr/hc_o_32,90,3312,0.02717391304347826,2.717391304347826
rf_reg[12] + tpr/hc_o_32,90,3312,0.02717391304347826,2.717391304347826
rf_reg[13] + tpr/hc_o_32,90,3312,0.02717391304347826,2.717391304347826
rf_reg[14] + tpr/hc_o_32,90,3312,0.02717391304347826,2.717391304347826
rf_reg[15] + tpr/hc_o_32,90,3312,0.02717391304347826,2.717391304347826
rf_reg[16] + tpr/hc_o_32,90,3312,0.02717391304347826,2.717391304347826
hc_o_26 + store_source_ex_o_tag,30,1104,0.02717391304347826,2.717391304347826
id_group1/hc_o + id_group2/hc_o,31,1168,0.026541095890410957,2.654109589041096
hc_o_rf_tag + tpr/hc_o_32,2637,99744,0.026437680461982676,2.6437680461982676
regfile_alu_waddr_ex_o_tag + tpr/hc_o_32,1331,50352,0.026433905306641244,2.6433905306641243
lsu_reg/hc_o + tcr/hc_o_32,112,4256,0.02631578947368421,2.631578947368421
alu_operator_o_mode/hc_o + data_type_q_tag,32,1216,0.02631578947368421,2.631578947368421
alu_operator_o_mode/hc_o + rdata_offset_q_tag,32,1216,0.02631578947368421,2.631578947368421
alu_operator_o_mode + rdata_offset_q_tag/hc_o,32,1216,0.02631578947368421,2.631578947368421
alu_operator_o_mode/hc_o + store_source_ex_o_tag/hc_o,32,1216,0.02631578947368421,2.631578947368421
alu_operand_c_ex_o_tag/hc_o + alu_operator_o_mode/hc_o,32,1216,0.02631578947368421,2.631578947368421
alu_operator_o_mode/hc_o + check_d_o_tag/hc_o,32,1216,0.02631578947368421,2.631578947368421
alu_operator_o_mode/hc_o + is_store_post_o_tag/hc_o,32,1216,0.02631578947368421,2.631578947368421
alu_operator_o_mode/hc_o + rs1_o_tag/hc_o,32,1216,0.02631578947368421,2.631578947368421
alu_operator_o_mode + data_type_q_tag/hc_o,32,1216,0.02631578947368421,2.631578947368421
alu_operator_o_mode + rdata_q_tag/hc_o,32,1216,0.02631578947368421,2.631578947368421
alu_operator_o_mode/hc_o + data_we_q_tag/hc_o,32,1216,0.02631578947368421,2.631578947368421
alu_operand_a_ex_o_tag + alu_operator_o_mode/hc_o,16,608,0.02631578947368421,2.631578947368421
alu_operator_o_mode/hc_o + register_set_o_tag,16,608,0.02631578947368421,2.631578947368421
alu_operator_o_mode/hc_o + store_dest_addr_ex_o_tag,16,608,0.02631578947368421,2.631578947368421
alu_operator_o_mode/hc_o + store_source_ex_o_tag,16,608,0.02631578947368421,2.631578947368421
alu_operator_o_mode/hc_o + use_store_ops_ex_o,16,608,0.02631578947368421,2.631578947368421
alu_operator_o_mode/hc_o + rf_reg[0],16,608,0.02631578947368421,2.631578947368421
alu_operator_o_mode/hc_o + rf_reg[1],16,608,0.02631578947368421,2.631578947368421
alu_operator_o_mode/hc_o + rf_reg[2],16,608,0.02631578947368421,2.631578947368421
alu_operator_o_mode/hc_o + rf_reg[3],16,608,0.02631578947368421,2.631578947368421
alu_operator_o_mode/hc_o + rf_reg[4],16,608,0.02631578947368421,2.631578947368421
alu_operator_o_mode/hc_o + rf_reg[5],16,608,0.02631578947368421,2.631578947368421
alu_operator_o_mode/hc_o + rf_reg[6],16,608,0.02631578947368421,2.631578947368421
alu_operator_o_mode/hc_o + rf_reg[7],16,608,0.02631578947368421,2.631578947368421
alu_operand_b_ex_o_tag + alu_operator_o_mode/hc_o,16,608,0.02631578947368421,2.631578947368421
alu_operator_o_mode/hc_o + rf_reg[8],16,608,0.02631578947368421,2.631578947368421
alu_operator_o_mode/hc_o + rf_reg[9],16,608,0.02631578947368421,2.631578947368421
alu_operator_o_mode/hc_o + rf_reg[10],16,608,0.02631578947368421,2.631578947368421
alu_operator_o_mode/hc_o + rf_reg[11],16,608,0.02631578947368421,2.631578947368421
alu_operator_o_mode/hc_o + rf_reg[12],16,608,0.02631578947368421,2.631578947368421
alu_operator_o_mode/hc_o + rf_reg[13],16,608,0.02631578947368421,2.631578947368421
alu_operator_o_mode/hc_o + rf_reg[14],16,608,0.02631578947368421,2.631578947368421
alu_operator_o_mode/hc_o + rf_reg[15],16,608,0.02631578947368421,2.631578947368421
alu_operator_o_mode/hc_o + rf_reg[16],16,608,0.02631578947368421,2.631578947368421
alu_operator_o_mode/hc_o + rf_reg[17],16,608,0.02631578947368421,2.631578947368421
alu_operator_o_mode/hc_o + rf_reg[18],16,608,0.02631578947368421,2.631578947368421
alu_operator_o_mode/hc_o + rf_reg[19],16,608,0.02631578947368421,2.631578947368421
alu_operator_o_mode/hc_o + rf_reg[20],16,608,0.02631578947368421,2.631578947368421
alu_operand_c_ex_o_tag + alu_operator_o_mode/hc_o,16,608,0.02631578947368421,2.631578947368421
alu_operator_o_mode/hc_o + rf_reg[21],16,608,0.02631578947368421,2.631578947368421
alu_operator_o_mode/hc_o + rf_reg[22],16,608,0.02631578947368421,2.631578947368421
alu_operator_o_mode/hc_o + rf_reg[23],16,608,0.02631578947368421,2.631578947368421
alu_operator_o_mode/hc_o + rf_reg[24],16,608,0.02631578947368421,2.631578947368421
alu_operator_o_mode/hc_o + rf_reg[25],16,608,0.02631578947368421,2.631578947368421
alu_operator_o_mode/hc_o + rf_reg[26],16,608,0.02631578947368421,2.631578947368421
alu_operator_o_mode/hc_o + rf_reg[27],16,608,0.02631578947368421,2.631578947368421
alu_operator_o_mode/hc_o + pc_id_o_tag,16,608,0.02631578947368421,2.631578947368421
alu_operator_o_mode/hc_o + rf_reg[28],16,608,0.02631578947368421,2.631578947368421
alu_operator_o_mode/hc_o + rf_reg[29],16,608,0.02631578947368421,2.631578947368421
alu_operator_o_mode/hc_o + rf_reg[30],16,608,0.02631578947368421,2.631578947368421
alu_operator_o_mode/hc_o + rf_reg[31],16,608,0.02631578947368421,2.631578947368421
alu_operator_o_mode/hc_o + rs1_o_tag,16,608,0.02631578947368421,2.631578947368421
alu_operator_o_mode/hc_o + data_we_q_tag,16,608,0.02631578947368421,2.631578947368421
alu_operator_o_mode/hc_o + check_d_o_tag,16,608,0.02631578947368421,2.631578947368421
alu_operator_o_mode/hc_o + check_s1_o_tag,16,608,0.02631578947368421,2.631578947368421
alu_operator_o_mode/hc_o + check_s2_o_tag,16,608,0.02631578947368421,2.631578947368421
alu_operator_o_mode/hc_o + is_store_post_o_tag,16,608,0.02631578947368421,2.631578947368421
alu_operator_o_mode/hc_o + memory_set_o_tag,16,608,0.02631578947368421,2.631578947368421
alu_operator_o_mode/hc_o + pc_if_o_tag,16,608,0.02631578947368421,2.631578947368421
alu_operator_o_mode + tpr_arith/hc_o,16,608,0.02631578947368421,2.631578947368421
alu_operator_o_mode + tpr_branch/hc_o,16,608,0.02631578947368421,2.631578947368421
alu_operator_o_mode + tpr_jump/hc_o,16,608,0.02631578947368421,2.631578947368421
alu_operator_o_mode + tpr_shift/hc_o,16,608,0.02631578947368421,2.631578947368421
alu_operator_o_mode + tpr_comparison/hc_o,16,608,0.02631578947368421,2.631578947368421
alu_operator_o_mode + tpr_logical/hc_o,16,608,0.02631578947368421,2.631578947368421
alu_operator_o_mode + tcr_arith/hc_o,16,608,0.02631578947368421,2.631578947368421
alu_operator_o_mode + tcr_branch/hc_o,16,608,0.02631578947368421,2.631578947368421
alu_operator_o_mode + tcr_jump/hc_o,16,608,0.02631578947368421,2.631578947368421
alu_operator_o_mode + tcr_shift/hc_o,16,608,0.02631578947368421,2.631578947368421
alu_operator_o_mode + tcr_comparison/hc_o,16,608,0.02631578947368421,2.631578947368421
alu_operator_o_mode + tcr_logical/hc_o,16,608,0.02631578947368421,2.631578947368421
alu_operator_o_mode/hc_o + tcr_execute/hc_o,16,608,0.02631578947368421,2.631578947368421
alu_operator_o_mode/hc_o + alu_operator_o_mode/sd_o,8,304,0.02631578947368421,2.631578947368421
alu_operand_c_ex_o_tag + hc_o_26,29,1104,0.026268115942028984,2.6268115942028984
data_type_q_tag + hc_o_26,57,2208,0.025815217391304348,2.5815217391304346
hc_o_26 + rdata_q_tag,219,8512,0.025728383458646618,2.5728383458646618
csr_group12/hc_o + if_stage/hc_o,30,1168,0.025684931506849314,2.5684931506849313
csr_group15/hc_o + if_stage/hc_o,30,1168,0.025684931506849314,2.5684931506849313
id_group0/hc_o + id_group3/hc_o,30,1168,0.025684931506849314,2.5684931506849313
id_group0/hc_o + id_group5/hc_o,30,1168,0.025684931506849314,2.5684931506849313
tcr/hc_o_32 + tcr_q,196,7680,0.025520833333333333,2.5520833333333335
rf_reg[15] + tpr_q,78,3072,0.025390625,2.5390625
alu_operand_b_ex_o_tag + tcr/hc_o_32,84,3312,0.025362318840579712,2.536231884057971
rf_reg[16] + tcr/hc_o_32,84,3312,0.025362318840579712,2.536231884057971
rf_reg[17] + tcr/hc_o_32,84,3312,0.025362318840579712,2.536231884057971
rf_reg[18] + tcr/hc_o_32,84,3312,0.025362318840579712,2.536231884057971
rf_reg[19] + tcr/hc_o_32,84,3312,0.025362318840579712,2.536231884057971
rf_reg[20] + tcr/hc_o_32,84,3312,0.025362318840579712,2.536231884057971
rf_reg[21] + tcr/hc_o_32,84,3312,0.025362318840579712,2.536231884057971
rf_reg[22] + tcr/hc_o_32,84,3312,0.025362318840579712,2.536231884057971
rf_reg[23] + tcr/hc_o_32,84,3312,0.025362318840579712,2.536231884057971
rf_reg[24] + tcr/hc_o_32,84,3312,0.025362318840579712,2.536231884057971
rf_reg[25] + tcr/hc_o_32,84,3312,0.025362318840579712,2.536231884057971
rf_reg[26] + tcr/hc_o_32,84,3312,0.025362318840579712,2.536231884057971
rf_reg[27] + tcr/hc_o_32,84,3312,0.025362318840579712,2.536231884057971
rf_reg[28] + tcr/hc_o_32,84,3312,0.025362318840579712,2.536231884057971
alu_operand_c_ex_o_tag + tcr/hc_o_32,84,3312,0.025362318840579712,2.536231884057971
rf_reg[29] + tcr/hc_o_32,84,3312,0.025362318840579712,2.536231884057971
rf_reg[30] + tcr/hc_o_32,84,3312,0.025362318840579712,2.536231884057971
rf_reg[31] + tcr/hc_o_32,84,3312,0.025362318840579712,2.536231884057971
rs1_o_tag + tcr/hc_o_32,84,3312,0.025362318840579712,2.536231884057971
data_we_q_tag + tcr/hc_o_32,84,3312,0.025362318840579712,2.536231884057971
check_d_o_tag + tcr/hc_o_32,84,3312,0.025362318840579712,2.536231884057971
pc_id_o_tag + tcr/hc_o_32,84,3312,0.025362318840579712,2.536231884057971
check_s1_o_tag + tcr/hc_o_32,84,3312,0.025362318840579712,2.536231884057971
check_s2_o_tag + tcr/hc_o_32,84,3312,0.025362318840579712,2.536231884057971
is_store_post_o_tag + tcr/hc_o_32,84,3312,0.025362318840579712,2.536231884057971
memory_set_o_tag + tcr/hc_o_32,84,3312,0.025362318840579712,2.536231884057971
pc_if_o_tag + tcr/hc_o_32,84,3312,0.025362318840579712,2.536231884057971
register_set_o_tag + tcr/hc_o_32,84,3312,0.025362318840579712,2.536231884057971
store_dest_addr_ex_o_tag + tcr/hc_o_32,84,3312,0.025362318840579712,2.536231884057971
store_source_ex_o_tag + tcr/hc_o_32,84,3312,0.025362318840579712,2.536231884057971
tcr/hc_o_32 + use_store_ops_ex_o,84,3312,0.025362318840579712,2.536231884057971
alu_operand_a_ex_o_tag + tcr/hc_o_32,84,3312,0.025362318840579712,2.536231884057971
rf_reg[0] + tcr/hc_o_32,84,3312,0.025362318840579712,2.536231884057971
rf_reg[1] + tcr/hc_o_32,84,3312,0.025362318840579712,2.536231884057971
rf_reg[2] + tcr/hc_o_32,84,3312,0.025362318840579712,2.536231884057971
rf_reg[3] + tcr/hc_o_32,84,3312,0.025362318840579712,2.536231884057971
rf_reg[4] + tcr/hc_o_32,84,3312,0.025362318840579712,2.536231884057971
rf_reg[5] + tcr/hc_o_32,84,3312,0.025362318840579712,2.536231884057971
rf_reg[6] + tcr/hc_o_32,84,3312,0.025362318840579712,2.536231884057971
rf_reg[7] + tcr/hc_o_32,84,3312,0.025362318840579712,2.536231884057971
rf_reg[8] + tcr/hc_o_32,84,3312,0.025362318840579712,2.536231884057971
rf_reg[9] + tcr/hc_o_32,84,3312,0.025362318840579712,2.536231884057971
rf_reg[10] + tcr/hc_o_32,84,3312,0.025362318840579712,2.536231884057971
rf_reg[11] + tcr/hc_o_32,84,3312,0.025362318840579712,2.536231884057971
rf_reg[12] + tcr/hc_o_32,84,3312,0.025362318840579712,2.536231884057971
rf_reg[13] + tcr/hc_o_32,84,3312,0.025362318840579712,2.536231884057971
rf_reg[14] + tcr/hc_o_32,84,3312,0.025362318840579712,2.536231884057971
rf_reg[15] + tcr/hc_o_32,84,3312,0.025362318840579712,2.536231884057971
hc_o_26 + rdata_offset_q_tag,56,2208,0.025362318840579712,2.536231884057971
is_store_post_o_tag/hc_o + tpr/hc_o_32,56,2208,0.025362318840579712,2.536231884057971
sd_o_rf_tag + tcr/hc_o_32,42,1656,0.025362318840579712,2.536231884057971
tcr/hc_o_32 + tpr/sd_o_32,42,1656,0.025362318840579712,2.536231884057971
hc_o_26 + rs1_o_tag,28,1104,0.025362318840579712,2.536231884057971
hc_o_26 + is_store_post_o_tag,28,1104,0.025362318840579712,2.536231884057971
id_stage/hc_o + is_store_post_o_tag,28,1104,0.025362318840579712,2.536231884057971
sd_o_5 + tcr/hc_o_32,28,1104,0.025362318840579712,2.536231884057971
sd_o_26 + tcr/hc_o_32,14,552,0.025362318840579712,2.536231884057971
if_stage/sd_o + tcr/hc_o_32,14,552,0.025362318840579712,2.536231884057971
id_stage/sd_o + tcr/hc_o_32,14,552,0.025362318840579712,2.536231884057971
ex_stage/sd_o + tcr/hc_o_32,14,552,0.025362318840579712,2.536231884057971
lsu/sd_o + tcr/hc_o_32,14,552,0.025362318840579712,2.536231884057971
pc_if_o_tag/sd_o + tcr/hc_o_32,14,552,0.025362318840579712,2.536231884057971
pc_id_o_tag/sd_o + tcr/hc_o_32,14,552,0.025362318840579712,2.536231884057971
alu_operator_o_mode/sd_o + tcr/hc_o_32,14,552,0.025362318840579712,2.536231884057971
store_dest_addr_ex_o_tag/sd_o + tcr/hc_o_32,14,552,0.025362318840579712,2.536231884057971
store_source_ex_o_tag/sd_o + tcr/hc_o_32,14,552,0.025362318840579712,2.536231884057971
tcr/hc_o_32 + use_store_ops_ex_o/sd_o,14,552,0.025362318840579712,2.536231884057971
alu_operand_a_ex_o_tag/sd_o + tcr/hc_o_32,14,552,0.025362318840579712,2.536231884057971
alu_operand_b_ex_o_tag/sd_o + tcr/hc_o_32,14,552,0.025362318840579712,2.536231884057971
alu_operand_c_ex_o_tag/sd_o + tcr/hc_o_32,14,552,0.025362318840579712,2.536231884057971
check_s1_o_tag/sd_o + tcr/hc_o_32,14,552,0.025362318840579712,2.536231884057971
check_s2_o_tag/sd_o + tcr/hc_o_32,14,552,0.025362318840579712,2.536231884057971
check_d_o_tag/sd_o + tcr/hc_o_32,14,552,0.025362318840579712,2.536231884057971
register_set_o_tag/sd_o + tcr/hc_o_32,14,552,0.025362318840579712,2.536231884057971
is_store_post_o_tag/sd_o + tcr/hc_o_32,14,552,0.025362318840579712,2.536231884057971
memory_set_o_tag/sd_o + tcr/hc_o_32,14,552,0.025362318840579712,2.536231884057971
rs1_o_tag/sd_o + tcr/hc_o_32,14,552,0.025362318840579712,2.536231884057971
data_we_q_tag/sd_o + tcr/hc_o_32,14,552,0.025362318840579712,2.536231884057971
rdata_offset_q_tag/sd_o + tcr/hc_o_32,14,552,0.025362318840579712,2.536231884057971
data_type_q_tag/sd_o + tcr/hc_o_32,14,552,0.025362318840579712,2.536231884057971
rdata_q_tag/sd_o + tcr/hc_o_32,14,552,0.025362318840579712,2.536231884057971
alu_operator_o_mode + store_source_ex_o_tag/hc_o,16,640,0.025,2.5
alu_operand_c_ex_o_tag/hc_o + alu_operator_o_mode,16,640,0.025,2.5
alu_operator_o_mode + check_d_o_tag/hc_o,16,640,0.025,2.5
alu_operator_o_mode + is_store_post_o_tag/hc_o,16,640,0.025,2.5
alu_operator_o_mode + rs1_o_tag/hc_o,16,640,0.025,2.5
alu_operator_o_mode + data_we_q_tag/hc_o,16,640,0.025,2.5
alu_operand_a_ex_o_tag/hc_o + store_dest_addr_ex_o_tag/hc_o,16,640,0.025,2.5
alu_operand_b_ex_o_tag/hc_o + use_store_ops_ex_o/hc_o,16,640,0.025,2.5
alu_operand_a_ex_o_tag/hc_o + check_s1_o_tag/hc_o,16,640,0.025,2.5
alu_operand_b_ex_o_tag/hc_o + check_s1_o_tag/hc_o,16,640,0.025,2.5
alu_operand_a_ex_o_tag + use_store_ops_ex_o,12,480,0.025,2.5
alu_operand_b_ex_o_tag + store_dest_addr_ex_o_tag,12,480,0.025,2.5
alu_operator_o_mode + ex_stage/hc_o,8,320,0.025,2.5
alu_operator_o_mode + alu_operator_o_mode/sd_o,4,160,0.025,2.5
alu_operator_o_mode + sp_o_32,4,160,0.025,2.5
alu_operator_o_mode + sd_o_26,2,80,0.025,2.5
alu_operator_o_mode + id_stage/sd_o,2,80,0.025,2.5
alu_operator_o_mode + sp_o_5,2,80,0.025,2.5
alu_operator_o_mode + sp_o_rf_tag,2,80,0.025,2.5
data_type_q_tag + tpr/hc_o_32,165,6624,0.024909420289855072,2.4909420289855073
rdata_offset_q_tag + tpr/hc_o_32,165,6624,0.024909420289855072,2.4909420289855073
store_source_ex_o_tag/hc_o + tpr/hc_o_32,55,2208,0.024909420289855072,2.4909420289855073
alu_operand_c_ex_o_tag/hc_o + tpr/hc_o_32,55,2208,0.024909420289855072,2.4909420289855073
memory_set_o_tag/hc_o + tpr/hc_o_32,55,2208,0.024909420289855072,2.4909420289855073
data_we_q_tag/hc_o + tpr/hc_o_32,55,2208,0.024909420289855072,2.4909420289855073
hc_o_rf_tag + id_group0/hc_o,210,8480,0.024764150943396228,2.4764150943396226
pc_if_o_tag/hc_o + tpr_load_store_mode/hc_o,15,608,0.024671052631578948,2.4671052631578947
pc_if_o_tag/hc_o + tpr_load_store_enable/hc_o,15,608,0.024671052631578948,2.4671052631578947
pc_id_o_tag/hc_o + tpr_load_store_mode/hc_o,15,608,0.024671052631578948,2.4671052631578947
pc_id_o_tag/hc_o + tpr_load_store_enable/hc_o,15,608,0.024671052631578948,2.4671052631578947
data_we_q_tag + hc_o_26,27,1104,0.024456521739130436,2.4456521739130435
check_d_o_tag + hc_o_26,27,1104,0.024456521739130436,2.4456521739130435
id_stage/hc_o + store_source_ex_o_tag,27,1104,0.024456521739130436,2.4456521739130435
rdata_offset_q_tag/hc_o + tpr/hc_o_32,105,4336,0.02421586715867159,2.421586715867159
data_type_q_tag/hc_o + tpr/hc_o_32,105,4336,0.02421586715867159,2.421586715867159
rdata_q_tag/hc_o + tpr/hc_o_32,105,4336,0.02421586715867159,2.421586715867159
ex_stage/hc_o + tpr/hc_o_32,53,2208,0.024003623188405796,2.4003623188405796
check_s2_o_tag/hc_o + tpr/hc_o_32,53,2208,0.024003623188405796,2.4003623188405796
rs1_o_tag/hc_o + tpr/hc_o_32,53,2208,0.024003623188405796,2.4003623188405796
hc_o_5 + tcr/hc_o_32,408,17024,0.023966165413533833,2.3966165413533833
hc_o_26 + hc_o_5,204,8512,0.023966165413533833,2.3966165413533833
hc_o_26 + rf_reg[17],26,1104,0.02355072463768116,2.355072463768116
hc_o_26 + rf_reg[18],26,1104,0.02355072463768116,2.355072463768116
hc_o_26 + rf_reg[19],26,1104,0.02355072463768116,2.355072463768116
hc_o_26 + rf_reg[20],26,1104,0.02355072463768116,2.355072463768116
hc_o_26 + rf_reg[21],26,1104,0.02355072463768116,2.355072463768116
hc_o_26 + rf_reg[22],26,1104,0.02355072463768116,2.355072463768116
hc_o_26 + rf_reg[23],26,1104,0.02355072463768116,2.355072463768116
hc_o_26 + rf_reg[24],26,1104,0.02355072463768116,2.355072463768116
hc_o_26 + rf_reg[25],26,1104,0.02355072463768116,2.355072463768116
hc_o_26 + rf_reg[26],26,1104,0.02355072463768116,2.355072463768116
hc_o_26 + rf_reg[27],26,1104,0.02355072463768116,2.355072463768116
hc_o_26 + rf_reg[28],26,1104,0.02355072463768116,2.355072463768116
hc_o_26 + rf_reg[29],26,1104,0.02355072463768116,2.355072463768116
hc_o_26 + rf_reg[30],26,1104,0.02355072463768116,2.355072463768116
hc_o_26 + rf_reg[31],26,1104,0.02355072463768116,2.355072463768116
hc_o_26 + rf_reg[0],26,1104,0.02355072463768116,2.355072463768116
hc_o_26 + rf_reg[1],26,1104,0.02355072463768116,2.355072463768116
hc_o_26 + rf_reg[2],26,1104,0.02355072463768116,2.355072463768116
hc_o_26 + rf_reg[3],26,1104,0.02355072463768116,2.355072463768116
hc_o_26 + rf_reg[4],26,1104,0.02355072463768116,2.355072463768116
hc_o_26 + rf_reg[5],26,1104,0.02355072463768116,2.355072463768116
hc_o_26 + rf_reg[6],26,1104,0.02355072463768116,2.355072463768116
hc_o_26 + rf_reg[7],26,1104,0.02355072463768116,2.355072463768116
hc_o_26 + rf_reg[8],26,1104,0.02355072463768116,2.355072463768116
hc_o_26 + rf_reg[9],26,1104,0.02355072463768116,2.355072463768116
hc_o_26 + rf_reg[10],26,1104,0.02355072463768116,2.355072463768116
hc_o_26 + rf_reg[11],26,1104,0.02355072463768116,2.355072463768116
hc_o_26 + rf_reg[12],26,1104,0.02355072463768116,2.355072463768116
hc_o_26 + rf_reg[13],26,1104,0.02355072463768116,2.355072463768116
hc_o_26 + rf_reg[14],26,1104,0.02355072463768116,2.355072463768116
hc_o_26 + rf_reg[15],26,1104,0.02355072463768116,2.355072463768116
hc_o_26 + rf_reg[16],26,1104,0.02355072463768116,2.355072463768116
check_d_o_tag + id_stage/hc_o,26,1104,0.02355072463768116,2.355072463768116
hc_o_rf_tag + id_stage/hc_o,775,33248,0.023309672762271416,2.330967276227142
rdata_q_tag + tpr/hc_o_32,594,25536,0.023261278195488722,2.3261278195488724
hc_o_26 + hc_o_rf_tag,773,33248,0.0232495187680462,2.32495187680462
check_d_o_tag/hc_o + tpr/hc_o_32,51,2208,0.02309782608695652,2.309782608695652
register_set_o_tag/hc_o + tpr/hc_o_32,51,2208,0.02309782608695652,2.309782608695652
alu_operator_o_mode/hc_o + check_s2_o_tag/hc_o,28,1216,0.023026315789473683,2.302631578947368
alu_operator_o_mode/hc_o + register_set_o_tag/hc_o,28,1216,0.023026315789473683,2.302631578947368
alu_operator_o_mode/hc_o + memory_set_o_tag/hc_o,28,1216,0.023026315789473683,2.302631578947368
is_store_post_o_tag + store_dest_addr_ex_o_tag,11,480,0.022916666666666665,2.2916666666666665
memory_set_o_tag + use_store_ops_ex_o,11,480,0.022916666666666665,2.2916666666666665
alu_operand_a_ex_o_tag + is_store_post_o_tag,11,480,0.022916666666666665,2.2916666666666665
register_set_o_tag + use_store_ops_ex_o,11,480,0.022916666666666665,2.2916666666666665
rs1_o_tag + use_store_ops_ex_o,11,480,0.022916666666666665,2.2916666666666665
alu_operand_b_ex_o_tag + is_store_post_o_tag,11,480,0.022916666666666665,2.2916666666666665
alu_operand_b_ex_o_tag + register_set_o_tag,11,480,0.022916666666666665,2.2916666666666665
id_stage/hc_o + memory_set_o_tag,25,1104,0.022644927536231884,2.2644927536231885
hc_o_rf_tag + tcr/hc_o_32,2253,99744,0.022587824831568817,2.2587824831568817
alu_operator_o_mode + tcr_q,138,6144,0.0224609375,2.24609375
alu_operator_o_mode + tpr_q,138,6144,0.0224609375,2.24609375
rf_reg[15] + tcr_q,69,3072,0.0224609375,2.24609375
data_type_q_tag + tcr/hc_o_32,147,6624,0.022192028985507248,2.2192028985507246
rdata_offset_q_tag + tcr/hc_o_32,147,6624,0.022192028985507248,2.2192028985507246
store_source_ex_o_tag/hc_o + tcr/hc_o_32,49,2208,0.022192028985507248,2.2192028985507246
alu_operand_c_ex_o_tag/hc_o + tcr/hc_o_32,49,2208,0.022192028985507248,2.2192028985507246
is_store_post_o_tag/hc_o + tcr/hc_o_32,49,2208,0.022192028985507248,2.2192028985507246
memory_set_o_tag/hc_o + tcr/hc_o_32,49,2208,0.022192028985507248,2.2192028985507246
data_we_q_tag/hc_o + tcr/hc_o_32,49,2208,0.022192028985507248,2.2192028985507246
id_group0/hc_o + regfile_alu_waddr_ex_o_tag,96,4336,0.02214022140221402,2.214022140221402
alu_operator_o_mode + check_s2_o_tag/hc_o,14,640,0.021875,2.1875
alu_operator_o_mode + register_set_o_tag/hc_o,14,640,0.021875,2.1875
alu_operator_o_mode + memory_set_o_tag/hc_o,14,640,0.021875,2.1875
store_dest_addr_ex_o_tag/hc_o + use_store_ops_ex_o/hc_o,14,640,0.021875,2.1875
alu_operand_b_ex_o_tag/hc_o + store_dest_addr_ex_o_tag/hc_o,14,640,0.021875,2.1875
check_s1_o_tag/hc_o + store_dest_addr_ex_o_tag/hc_o,14,640,0.021875,2.1875
alu_operand_a_ex_o_tag/hc_o + use_store_ops_ex_o/hc_o,14,640,0.021875,2.1875
check_s1_o_tag/hc_o + use_store_ops_ex_o/hc_o,14,640,0.021875,2.1875
check_s2_o_tag/hc_o + tcr/hc_o_32,48,2208,0.021739130434782608,2.1739130434782608
id_stage/hc_o + rf_reg[0],24,1104,0.021739130434782608,2.1739130434782608
id_stage/hc_o + rf_reg[1],24,1104,0.021739130434782608,2.1739130434782608
id_stage/hc_o + rf_reg[2],24,1104,0.021739130434782608,2.1739130434782608
id_stage/hc_o + rf_reg[3],24,1104,0.021739130434782608,2.1739130434782608
id_stage/hc_o + rf_reg[4],24,1104,0.021739130434782608,2.1739130434782608
id_stage/hc_o + rf_reg[5],24,1104,0.021739130434782608,2.1739130434782608
id_stage/hc_o + rf_reg[6],24,1104,0.021739130434782608,2.1739130434782608
id_stage/hc_o + rf_reg[7],24,1104,0.021739130434782608,2.1739130434782608
id_stage/hc_o + rf_reg[8],24,1104,0.021739130434782608,2.1739130434782608
id_stage/hc_o + rf_reg[9],24,1104,0.021739130434782608,2.1739130434782608
id_stage/hc_o + rf_reg[10],24,1104,0.021739130434782608,2.1739130434782608
id_stage/hc_o + rf_reg[11],24,1104,0.021739130434782608,2.1739130434782608
id_stage/hc_o + rf_reg[12],24,1104,0.021739130434782608,2.1739130434782608
id_stage/hc_o + rf_reg[13],24,1104,0.021739130434782608,2.1739130434782608
id_stage/hc_o + rf_reg[14],24,1104,0.021739130434782608,2.1739130434782608
id_stage/hc_o + rf_reg[15],24,1104,0.021739130434782608,2.1739130434782608
id_stage/hc_o + rf_reg[16],24,1104,0.021739130434782608,2.1739130434782608
id_stage/hc_o + rf_reg[17],24,1104,0.021739130434782608,2.1739130434782608
id_stage/hc_o + rf_reg[18],24,1104,0.021739130434782608,2.1739130434782608
id_stage/hc_o + rf_reg[19],24,1104,0.021739130434782608,2.1739130434782608
id_stage/hc_o + rf_reg[20],24,1104,0.021739130434782608,2.1739130434782608
id_stage/hc_o + rf_reg[21],24,1104,0.021739130434782608,2.1739130434782608
id_stage/hc_o + rf_reg[22],24,1104,0.021739130434782608,2.1739130434782608
id_stage/hc_o + rf_reg[23],24,1104,0.021739130434782608,2.1739130434782608
id_stage/hc_o + rf_reg[24],24,1104,0.021739130434782608,2.1739130434782608
id_stage/hc_o + rf_reg[25],24,1104,0.021739130434782608,2.1739130434782608
id_stage/hc_o + rf_reg[26],24,1104,0.021739130434782608,2.1739130434782608
id_stage/hc_o + rf_reg[27],24,1104,0.021739130434782608,2.1739130434782608
id_stage/hc_o + rf_reg[28],24,1104,0.021739130434782608,2.1739130434782608
id_stage/hc_o + rf_reg[29],24,1104,0.021739130434782608,2.1739130434782608
id_stage/hc_o + rf_reg[30],24,1104,0.021739130434782608,2.1739130434782608
id_stage/hc_o + rf_reg[31],24,1104,0.021739130434782608,2.1739130434782608
id_stage/hc_o + rs1_o_tag,24,1104,0.021739130434782608,2.1739130434782608
data_we_q_tag + id_stage/hc_o,24,1104,0.021739130434782608,2.1739130434782608
id_stage/hc_o + pc_id_o_tag,24,1104,0.021739130434782608,2.1739130434782608
check_s2_o_tag + id_stage/hc_o,24,1104,0.021739130434782608,2.1739130434782608
id_stage/hc_o + pc_if_o_tag,24,1104,0.021739130434782608,2.1739130434782608
id_stage/hc_o + register_set_o_tag,24,1104,0.021739130434782608,2.1739130434782608
regfile_alu_waddr_ex_o_tag + tcr/hc_o_32,1094,50352,0.0217270416269463,2.1727041626946297
alu_operator_o_mode + hc_o_5,75,3456,0.021701388888888888,2.170138888888889
id_group0/hc_o + rdata_q_tag,48,2240,0.02142857142857143,2.142857142857143
ex_stage/hc_o + tcr/hc_o_32,47,2208,0.021286231884057972,2.1286231884057973
check_d_o_tag/hc_o + tcr/hc_o_32,47,2208,0.021286231884057972,2.1286231884057973
register_set_o_tag/hc_o + tcr/hc_o_32,47,2208,0.021286231884057972,2.1286231884057973
rs1_o_tag/hc_o + tcr/hc_o_32,47,2208,0.021286231884057972,2.1286231884057973
hc_o_26 + regfile_alu_waddr_ex_o_tag,356,16784,0.02121067683508103,2.121067683508103
rdata_offset_q_tag/hc_o + tcr/hc_o_32,91,4336,0.02098708487084871,2.098708487084871
data_type_q_tag/hc_o + tcr/hc_o_32,91,4336,0.02098708487084871,2.098708487084871
rdata_q_tag/hc_o + tcr/hc_o_32,91,4336,0.02098708487084871,2.098708487084871
id_stage/hc_o + rdata_q_tag,178,8512,0.020911654135338346,2.0911654135338344
data_type_q_tag + id_stage/hc_o,46,2208,0.020833333333333332,2.083333333333333
id_stage/hc_o + rdata_offset_q_tag,46,2208,0.020833333333333332,2.083333333333333
alu_operator_o_mode + pc_id_o_tag,20,960,0.020833333333333332,2.083333333333333
alu_operator_o_mode + rf_reg[1],20,960,0.020833333333333332,2.083333333333333
alu_operator_o_mode + rf_reg[2],20,960,0.020833333333333332,2.083333333333333
alu_operator_o_mode + rf_reg[8],20,960,0.020833333333333332,2.083333333333333
alu_operator_o_mode + pc_if_o_tag,20,960,0.020833333333333332,2.083333333333333
check_s1_o_tag + store_dest_addr_ex_o_tag,10,480,0.020833333333333332,2.083333333333333
check_s1_o_tag + use_store_ops_ex_o,10,480,0.020833333333333332,2.083333333333333
store_dest_addr_ex_o_tag + use_store_ops_ex_o,10,480,0.020833333333333332,2.083333333333333
rf_reg[13] + rf_reg[15],10,480,0.020833333333333332,2.083333333333333
id_group0/hc_o + id_group7/hc_o,24,1168,0.02054794520547945,2.054794520547945
csr_group0/hc_o + id_group0/hc_o,24,1168,0.02054794520547945,2.054794520547945
csr_group1/hc_o + id_group0/hc_o,24,1168,0.02054794520547945,2.054794520547945
csr_group2/hc_o + id_group0/hc_o,24,1168,0.02054794520547945,2.054794520547945
csr_group3/hc_o + id_group0/hc_o,24,1168,0.02054794520547945,2.054794520547945
csr_group4/hc_o + id_group0/hc_o,24,1168,0.02054794520547945,2.054794520547945
csr_group5/hc_o + id_group0/hc_o,24,1168,0.02054794520547945,2.054794520547945
csr_group6/hc_o + id_group0/hc_o,24,1168,0.02054794520547945,2.054794520547945
csr_group7/hc_o + id_group0/hc_o,24,1168,0.02054794520547945,2.054794520547945
csr_group8/hc_o + id_group0/hc_o,24,1168,0.02054794520547945,2.054794520547945
csr_group9/hc_o + id_group0/hc_o,24,1168,0.02054794520547945,2.054794520547945
csr_group10/hc_o + id_group0/hc_o,24,1168,0.02054794520547945,2.054794520547945
csr_group11/hc_o + id_group0/hc_o,24,1168,0.02054794520547945,2.054794520547945
csr_group16/hc_o + id_group0/hc_o,24,1168,0.02054794520547945,2.054794520547945
csr_group17/hc_o + id_group0/hc_o,24,1168,0.02054794520547945,2.054794520547945
id_group0/hc_o + lsu_group1/hc_o,24,1168,0.02054794520547945,2.054794520547945
id_group0/hc_o + lsu_group2/hc_o,24,1168,0.02054794520547945,2.054794520547945
id_group0/hc_o + lsu_group3/hc_o,24,1168,0.02054794520547945,2.054794520547945
id_group0/hc_o + lsu_group4/hc_o,24,1168,0.02054794520547945,2.054794520547945
id_group0/hc_o + lsu_group5/hc_o,24,1168,0.02054794520547945,2.054794520547945
alu_operator_o_mode + hc_o_rf_tag,437,21440,0.020382462686567165,2.0382462686567164
ex_stage/hc_o + id_stage/hc_o,45,2208,0.020380434782608696,2.0380434782608696
pc_if_o_tag/hc_o + tpr/hc_o_32,45,2208,0.020380434782608696,2.0380434782608696
pc_id_o_tag/hc_o + tpr/hc_o_32,45,2208,0.020380434782608696,2.0380434782608696
rdata_q_tag + tcr/hc_o_32,511,25536,0.0200109649122807,2.00109649122807
check_s2_o_tag + hc_o_26,22,1104,0.019927536231884056,1.9927536231884055
hc_o_26 + memory_set_o_tag,22,1104,0.019927536231884056,1.9927536231884055
hc_o_26 + register_set_o_tag,22,1104,0.019927536231884056,1.9927536231884055
alu_operator_o_mode/hc_o + pc_if_o_tag/hc_o,24,1216,0.019736842105263157,1.9736842105263157
alu_operator_o_mode/hc_o + pc_id_o_tag/hc_o,24,1216,0.019736842105263157,1.9736842105263157
data_type_q_tag + id_group0/hc_o,12,608,0.019736842105263157,1.9736842105263157
id_group0/hc_o + rdata_offset_q_tag,12,608,0.019736842105263157,1.9736842105263157
csr_group14/hc_o + id_group0/hc_o,12,608,0.019736842105263157,1.9736842105263157
csr_group18/hc_o + id_group0/hc_o,12,608,0.019736842105263157,1.9736842105263157
csr_group19/hc_o + id_group0/hc_o,12,608,0.019736842105263157,1.9736842105263157
id_group0/hc_o + tcr_execute/hc_o,12,608,0.019736842105263157,1.9736842105263157
alu_operand_a_ex_o_tag + id_group0/hc_o,6,304,0.019736842105263157,1.9736842105263157
id_group0/hc_o + register_set_o_tag,6,304,0.019736842105263157,1.9736842105263157
id_group0/hc_o + store_source_ex_o_tag,6,304,0.019736842105263157,1.9736842105263157
id_group1/hc_o + store_source_ex_o_tag,6,304,0.019736842105263157,1.9736842105263157
id_group0/hc_o + use_store_ops_ex_o,6,304,0.019736842105263157,1.9736842105263157
id_group0/hc_o + rf_reg[0],6,304,0.019736842105263157,1.9736842105263157
id_group0/hc_o + rf_reg[1],6,304,0.019736842105263157,1.9736842105263157
id_group0/hc_o + rf_reg[2],6,304,0.019736842105263157,1.9736842105263157
id_group0/hc_o + rf_reg[3],6,304,0.019736842105263157,1.9736842105263157
id_group0/hc_o + rf_reg[4],6,304,0.019736842105263157,1.9736842105263157
alu_operand_b_ex_o_tag + id_group0/hc_o,6,304,0.019736842105263157,1.9736842105263157
id_group0/hc_o + rf_reg[5],6,304,0.019736842105263157,1.9736842105263157
id_group0/hc_o + rf_reg[6],6,304,0.019736842105263157,1.9736842105263157
id_group0/hc_o + rf_reg[7],6,304,0.019736842105263157,1.9736842105263157
id_group0/hc_o + rf_reg[8],6,304,0.019736842105263157,1.9736842105263157
id_group0/hc_o + rf_reg[9],6,304,0.019736842105263157,1.9736842105263157
id_group0/hc_o + rf_reg[10],6,304,0.019736842105263157,1.9736842105263157
id_group0/hc_o + rf_reg[11],6,304,0.019736842105263157,1.9736842105263157
id_group0/hc_o + pc_id_o_tag,6,304,0.019736842105263157,1.9736842105263157
id_group0/hc_o + rf_reg[12],6,304,0.019736842105263157,1.9736842105263157
id_group0/hc_o + rf_reg[13],6,304,0.019736842105263157,1.9736842105263157
id_group0/hc_o + rf_reg[14],6,304,0.019736842105263157,1.9736842105263157
id_group0/hc_o + rf_reg[15],6,304,0.019736842105263157,1.9736842105263157
id_group0/hc_o + rf_reg[16],6,304,0.019736842105263157,1.9736842105263157
alu_operand_c_ex_o_tag + id_group0/hc_o,6,304,0.019736842105263157,1.9736842105263157
id_group0/hc_o + rf_reg[17],6,304,0.019736842105263157,1.9736842105263157
id_group0/hc_o + rf_reg[18],6,304,0.019736842105263157,1.9736842105263157
id_group0/hc_o + rf_reg[19],6,304,0.019736842105263157,1.9736842105263157
id_group0/hc_o + rf_reg[20],6,304,0.019736842105263157,1.9736842105263157
id_group0/hc_o + rf_reg[21],6,304,0.019736842105263157,1.9736842105263157
id_group0/hc_o + rf_reg[22],6,304,0.019736842105263157,1.9736842105263157
id_group0/hc_o + rf_reg[23],6,304,0.019736842105263157,1.9736842105263157
id_group0/hc_o + rf_reg[24],6,304,0.019736842105263157,1.9736842105263157
id_group0/hc_o + rf_reg[25],6,304,0.019736842105263157,1.9736842105263157
id_group0/hc_o + rf_reg[26],6,304,0.019736842105263157,1.9736842105263157
id_group0/hc_o + rf_reg[27],6,304,0.019736842105263157,1.9736842105263157
id_group0/hc_o + rf_reg[28],6,304,0.019736842105263157,1.9736842105263157
id_group0/hc_o + rf_reg[29],6,304,0.019736842105263157,1.9736842105263157
id_group0/hc_o + rf_reg[30],6,304,0.019736842105263157,1.9736842105263157
id_group0/hc_o + rf_reg[31],6,304,0.019736842105263157,1.9736842105263157
id_group0/hc_o + rs1_o_tag,6,304,0.019736842105263157,1.9736842105263157
data_we_q_tag + id_group0/hc_o,6,304,0.019736842105263157,1.9736842105263157
check_d_o_tag + id_group0/hc_o,6,304,0.019736842105263157,1.9736842105263157
check_s1_o_tag + id_group0/hc_o,6,304,0.019736842105263157,1.9736842105263157
check_s2_o_tag + id_group0/hc_o,6,304,0.019736842105263157,1.9736842105263157
id_group0/hc_o + is_store_post_o_tag,6,304,0.019736842105263157,1.9736842105263157
id_group0/hc_o + memory_set_o_tag,6,304,0.019736842105263157,1.9736842105263157
id_group0/hc_o + pc_if_o_tag,6,304,0.019736842105263157,1.9736842105263157
id_group0/hc_o + id_group0/sd_o,3,152,0.019736842105263157,1.9736842105263157
id_group0/hc_o + id_group6/hc_o,23,1168,0.019691780821917807,1.9691780821917808
id_group0/hc_o + id_group8/hc_o,23,1168,0.019691780821917807,1.9691780821917808
csr_group13/hc_o + id_group0/hc_o,23,1168,0.019691780821917807,1.9691780821917808
id_group1/hc_o + id_group3/hc_o,23,1168,0.019691780821917807,1.9691780821917808
id_group1/hc_o + id_group4/hc_o,23,1168,0.019691780821917807,1.9691780821917808
id_group1/hc_o + id_group5/hc_o,23,1168,0.019691780821917807,1.9691780821917808
id_group2/hc_o + id_group4/hc_o,23,1168,0.019691780821917807,1.9691780821917808
id_group2/hc_o + id_group5/hc_o,23,1168,0.019691780821917807,1.9691780821917808
if_stage/hc_o + tpr/hc_o_32,85,4336,0.019603321033210334,1.9603321033210335
sp_o_32 + tpr_q,10,512,0.01953125,1.953125
pc_if_o_tag/hc_o + tcr/hc_o_32,42,2208,0.019021739130434784,1.9021739130434785
pc_id_o_tag/hc_o + tcr/hc_o_32,42,2208,0.019021739130434784,1.9021739130434785
id_group2/hc_o + id_group3/hc_o,22,1168,0.018835616438356163,1.8835616438356164
check_s1_o_tag + data_type_q_tag,18,960,0.01875,1.875
check_s1_o_tag + rdata_offset_q_tag,18,960,0.01875,1.875
alu_operator_o_mode + pc_if_o_tag/hc_o,12,640,0.01875,1.875
alu_operator_o_mode + pc_id_o_tag/hc_o,12,640,0.01875,1.875
alu_operand_a_ex_o_tag/hc_o + alu_operand_b_ex_o_tag/hc_o,12,640,0.01875,1.875
alu_operand_c_ex_o_tag + check_s1_o_tag,9,480,0.01875,1.875
alu_operand_c_ex_o_tag + store_dest_addr_ex_o_tag,9,480,0.01875,1.875
check_d_o_tag + check_s1_o_tag,9,480,0.01875,1.875
check_d_o_tag + store_dest_addr_ex_o_tag,9,480,0.01875,1.875
check_d_o_tag + use_store_ops_ex_o,9,480,0.01875,1.875
check_s1_o_tag + is_store_post_o_tag,9,480,0.01875,1.875
check_s1_o_tag + memory_set_o_tag,9,480,0.01875,1.875
check_s1_o_tag + store_source_ex_o_tag,9,480,0.01875,1.875
check_s1_o_tag + rf_reg[15],9,480,0.01875,1.875
check_s2_o_tag + store_dest_addr_ex_o_tag,9,480,0.01875,1.875
check_s2_o_tag + use_store_ops_ex_o,9,480,0.01875,1.875
is_store_post_o_tag + use_store_ops_ex_o,9,480,0.01875,1.875
memory_set_o_tag + store_dest_addr_ex_o_tag,9,480,0.01875,1.875
alu_operand_a_ex_o_tag + check_d_o_tag,9,480,0.01875,1.875
alu_operand_a_ex_o_tag + check_s2_o_tag,9,480,0.01875,1.875
alu_operand_a_ex_o_tag + memory_set_o_tag,9,480,0.01875,1.875
register_set_o_tag + store_dest_addr_ex_o_tag,9,480,0.01875,1.875
store_dest_addr_ex_o_tag + store_source_ex_o_tag,9,480,0.01875,1.875
rf_reg[15] + store_dest_addr_ex_o_tag,9,480,0.01875,1.875
store_source_ex_o_tag + use_store_ops_ex_o,9,480,0.01875,1.875
rf_reg[15] + use_store_ops_ex_o,9,480,0.01875,1.875
alu_operand_b_ex_o_tag + check_d_o_tag,9,480,0.01875,1.875
alu_operand_b_ex_o_tag + rf_reg[15],9,480,0.01875,1.875
check_s1_o_tag + rdata_q_tag,64,3456,0.018518518518518517,1.8518518518518516
sd_o_rf_tag + tpr/hc_o_32,30,1656,0.018115942028985508,1.8115942028985508
tpr/hc_o_32 + tpr/sd_o_32,30,1656,0.018115942028985508,1.8115942028985508
tcr/sd_o_32 + tpr/hc_o_32,30,1656,0.018115942028985508,1.8115942028985508
sd_o_5 + tpr/hc_o_32,20,1104,0.018115942028985508,1.8115942028985508
sd_o_26 + tpr/hc_o_32,10,552,0.018115942028985508,1.8115942028985508
if_stage/sd_o + tpr/hc_o_32,10,552,0.018115942028985508,1.8115942028985508
id_stage/hc_o + id_stage/sd_o,10,552,0.018115942028985508,1.8115942028985508
id_stage/sd_o + tpr/hc_o_32,10,552,0.018115942028985508,1.8115942028985508
ex_stage/sd_o + tpr/hc_o_32,10,552,0.018115942028985508,1.8115942028985508
lsu/sd_o + tpr/hc_o_32,10,552,0.018115942028985508,1.8115942028985508
pc_if_o_tag/sd_o + tpr/hc_o_32,10,552,0.018115942028985508,1.8115942028985508
pc_id_o_tag/sd_o + tpr/hc_o_32,10,552,0.018115942028985508,1.8115942028985508
alu_operator_o_mode/sd_o + tpr/hc_o_32,10,552,0.018115942028985508,1.8115942028985508
store_dest_addr_ex_o_tag/sd_o + tpr/hc_o_32,10,552,0.018115942028985508,1.8115942028985508
store_source_ex_o_tag/sd_o + tpr/hc_o_32,10,552,0.018115942028985508,1.8115942028985508
tpr/hc_o_32 + use_store_ops_ex_o/sd_o,10,552,0.018115942028985508,1.8115942028985508
alu_operand_a_ex_o_tag/sd_o + tpr/hc_o_32,10,552,0.018115942028985508,1.8115942028985508
alu_operand_b_ex_o_tag/sd_o + tpr/hc_o_32,10,552,0.018115942028985508,1.8115942028985508
alu_operand_c_ex_o_tag/sd_o + tpr/hc_o_32,10,552,0.018115942028985508,1.8115942028985508
check_s1_o_tag/sd_o + tpr/hc_o_32,10,552,0.018115942028985508,1.8115942028985508
check_s2_o_tag/sd_o + tpr/hc_o_32,10,552,0.018115942028985508,1.8115942028985508
check_d_o_tag/sd_o + tpr/hc_o_32,10,552,0.018115942028985508,1.8115942028985508
register_set_o_tag/sd_o + tpr/hc_o_32,10,552,0.018115942028985508,1.8115942028985508
is_store_post_o_tag/sd_o + tpr/hc_o_32,10,552,0.018115942028985508,1.8115942028985508
memory_set_o_tag/sd_o + tpr/hc_o_32,10,552,0.018115942028985508,1.8115942028985508
rs1_o_tag/sd_o + tpr/hc_o_32,10,552,0.018115942028985508,1.8115942028985508
data_we_q_tag/sd_o + tpr/hc_o_32,10,552,0.018115942028985508,1.8115942028985508
rdata_offset_q_tag/sd_o + tpr/hc_o_32,10,552,0.018115942028985508,1.8115942028985508
data_type_q_tag/sd_o + tpr/hc_o_32,10,552,0.018115942028985508,1.8115942028985508
rdata_q_tag/sd_o + tpr/hc_o_32,10,552,0.018115942028985508,1.8115942028985508
id_group0/hc_o + id_group9/hc_o,11,608,0.018092105263157895,1.8092105263157896
if_stage/hc_o + tcr/hc_o_32,77,4336,0.01775830258302583,1.775830258302583
hc_o_rf_tag + store_dest_addr_ex_o_tag/hc_o,152,8576,0.017723880597014924,1.7723880597014925
hc_o_rf_tag + use_store_ops_ex_o/hc_o,152,8576,0.017723880597014924,1.7723880597014925
check_s1_o_tag/hc_o + hc_o_rf_tag,152,8576,0.017723880597014924,1.7723880597014925
data_type_q_tag + store_dest_addr_ex_o_tag,17,960,0.017708333333333333,1.7708333333333333
rdata_q_tag + use_store_ops_ex_o,61,3456,0.01765046296296296,1.765046296296296
alu_operand_b_ex_o_tag/hc_o + hc_o_rf_tag,150,8576,0.017490671641791043,1.7490671641791042
hc_o_rf_tag + id_group1/hc_o,148,8480,0.017452830188679245,1.7452830188679245
hc_o_rf_tag + id_group2/hc_o,148,8480,0.017452830188679245,1.7452830188679245
hc_o_5 + store_dest_addr_ex_o_tag/hc_o,40,2304,0.017361111111111112,1.7361111111111112
hc_o_5 + use_store_ops_ex_o/hc_o,40,2304,0.017361111111111112,1.7361111111111112
check_s1_o_tag/hc_o + hc_o_5,40,2304,0.017361111111111112,1.7361111111111112
alu_operand_a_ex_o_tag/hc_o + hc_o_rf_tag,148,8576,0.017257462686567165,1.7257462686567164
alu_operand_b_ex_o_tag + regfile_alu_waddr_ex_o_tag,114,6624,0.017210144927536232,1.7210144927536233
alu_operand_a_ex_o_tag + rdata_q_tag,59,3456,0.01707175925925926,1.7071759259259258
check_s1_o_tag + regfile_alu_waddr_ex_o_tag,112,6624,0.016908212560386472,1.6908212560386473
regfile_alu_waddr_ex_o_tag + use_store_ops_ex_o,111,6624,0.016757246376811596,1.6757246376811596
alu_operand_a_ex_o_tag + rdata_offset_q_tag,16,960,0.016666666666666666,1.6666666666666667
rdata_offset_q_tag + store_dest_addr_ex_o_tag,16,960,0.016666666666666666,1.6666666666666667
rdata_offset_q_tag + use_store_ops_ex_o,16,960,0.016666666666666666,1.6666666666666667
alu_operand_b_ex_o_tag + rdata_offset_q_tag,16,960,0.016666666666666666,1.6666666666666667
alu_operand_b_ex_o_tag + rdata_q_tag,57,3456,0.016493055555555556,1.6493055555555556
alu_operand_a_ex_o_tag/hc_o + hc_o_5,38,2304,0.016493055555555556,1.6493055555555556
alu_operand_b_ex_o_tag/hc_o + hc_o_5,38,2304,0.016493055555555556,1.6493055555555556
hc_o_26 + sd_o_26,9,552,0.016304347826086956,1.6304347826086956
rdata_q_tag + store_dest_addr_ex_o_tag,56,3456,0.016203703703703703,1.6203703703703702
id_stage/hc_o + if_stage/hc_o,70,4336,0.01614391143911439,1.6143911439114391
regfile_alu_waddr_ex_o_tag + store_dest_addr_ex_o_tag,106,6624,0.0160024154589372,1.60024154589372
data_type_q_tag + use_store_ops_ex_o,15,960,0.015625,1.5625
id_group0/hc_o + if_stage/hc_o,18,1168,0.015410958904109588,1.5410958904109588
lsu/hc_o + tcr/hc_o_32,63,4256,0.014802631578947368,1.4802631578947367
alu_operand_a_ex_o_tag + regfile_alu_waddr_ex_o_tag,98,6624,0.014794685990338164,1.4794685990338163
id_group1/hc_o + regfile_alu_waddr_ex_o_tag,64,4336,0.014760147601476014,1.4760147601476015
id_group2/hc_o + regfile_alu_waddr_ex_o_tag,64,4336,0.014760147601476014,1.4760147601476015
alu_operand_b_ex_o_tag + data_type_q_tag,14,960,0.014583333333333334,1.4583333333333333
alu_operand_c_ex_o_tag + use_store_ops_ex_o,7,480,0.014583333333333334,1.4583333333333333
check_s1_o_tag + check_s2_o_tag,7,480,0.014583333333333334,1.4583333333333333
check_s1_o_tag + register_set_o_tag,7,480,0.014583333333333334,1.4583333333333333
check_s1_o_tag + rs1_o_tag,7,480,0.014583333333333334,1.4583333333333333
check_s1_o_tag + data_we_q_tag,7,480,0.014583333333333334,1.4583333333333333
alu_operand_a_ex_o_tag + alu_operand_c_ex_o_tag,7,480,0.014583333333333334,1.4583333333333333
alu_operand_a_ex_o_tag + store_source_ex_o_tag,7,480,0.014583333333333334,1.4583333333333333
alu_operand_a_ex_o_tag + rf_reg[15],7,480,0.014583333333333334,1.4583333333333333
alu_operand_a_ex_o_tag + rs1_o_tag,7,480,0.014583333333333334,1.4583333333333333
alu_operand_a_ex_o_tag + data_we_q_tag,7,480,0.014583333333333334,1.4583333333333333
rs1_o_tag + store_dest_addr_ex_o_tag,7,480,0.014583333333333334,1.4583333333333333
data_we_q_tag + store_dest_addr_ex_o_tag,7,480,0.014583333333333334,1.4583333333333333
data_we_q_tag + use_store_ops_ex_o,7,480,0.014583333333333334,1.4583333333333333
alu_operand_b_ex_o_tag + alu_operand_c_ex_o_tag,7,480,0.014583333333333334,1.4583333333333333
alu_operand_b_ex_o_tag + store_source_ex_o_tag,7,480,0.014583333333333334,1.4583333333333333
alu_operand_b_ex_o_tag + rs1_o_tag,7,480,0.014583333333333334,1.4583333333333333
alu_operand_b_ex_o_tag + data_we_q_tag,7,480,0.014583333333333334,1.4583333333333333
regfile_alu_waddr_ex_o_tag + store_dest_addr_ex_o_tag/hc_o,64,4416,0.014492753623188406,1.4492753623188406
regfile_alu_waddr_ex_o_tag + use_store_ops_ex_o/hc_o,64,4416,0.014492753623188406,1.4492753623188406
alu_operand_a_ex_o_tag/hc_o + regfile_alu_waddr_ex_o_tag,64,4416,0.014492753623188406,1.4492753623188406
alu_operand_b_ex_o_tag/hc_o + regfile_alu_waddr_ex_o_tag,64,4416,0.014492753623188406,1.4492753623188406
check_s1_o_tag/hc_o + regfile_alu_waddr_ex_o_tag,64,4416,0.014492753623188406,1.4492753623188406
hc_o_26 + sd_o_5,8,552,0.014492753623188406,1.4492753623188406
hc_o_26 + sd_o_rf_tag,8,552,0.014492753623188406,1.4492753623188406
hc_o_26 + tpr/sd_o_32,8,552,0.014492753623188406,1.4492753623188406
hc_o_26 + tcr/sd_o_32,8,552,0.014492753623188406,1.4492753623188406
tcr_load_store/hc_o + tcr_q,22,1536,0.014322916666666666,1.4322916666666665
id_group1/hc_o + rdata_q_tag,32,2240,0.014285714285714285,1.4285714285714286
id_group2/hc_o + rdata_q_tag,32,2240,0.014285714285714285,1.4285714285714286
rdata_q_tag + store_dest_addr_ex_o_tag/hc_o,32,2304,0.013888888888888888,1.3888888888888888
rdata_q_tag + use_store_ops_ex_o/hc_o,32,2304,0.013888888888888888,1.3888888888888888
alu_operand_a_ex_o_tag/hc_o + rdata_q_tag,32,2304,0.013888888888888888,1.3888888888888888
alu_operand_b_ex_o_tag/hc_o + rdata_q_tag,32,2304,0.013888888888888888,1.3888888888888888
check_s1_o_tag/hc_o + rdata_q_tag,32,2304,0.013888888888888888,1.3888888888888888
id_group1/hc_o + id_group7/hc_o,16,1168,0.0136986301369863,1.36986301369863
csr_group0/hc_o + id_group1/hc_o,16,1168,0.0136986301369863,1.36986301369863
csr_group1/hc_o + id_group1/hc_o,16,1168,0.0136986301369863,1.36986301369863
csr_group2/hc_o + id_group1/hc_o,16,1168,0.0136986301369863,1.36986301369863
csr_group3/hc_o + id_group1/hc_o,16,1168,0.0136986301369863,1.36986301369863
csr_group4/hc_o + id_group1/hc_o,16,1168,0.0136986301369863,1.36986301369863
csr_group5/hc_o + id_group1/hc_o,16,1168,0.0136986301369863,1.36986301369863
csr_group6/hc_o + id_group1/hc_o,16,1168,0.0136986301369863,1.36986301369863
csr_group7/hc_o + id_group1/hc_o,16,1168,0.0136986301369863,1.36986301369863
csr_group8/hc_o + id_group1/hc_o,16,1168,0.0136986301369863,1.36986301369863
csr_group9/hc_o + id_group1/hc_o,16,1168,0.0136986301369863,1.36986301369863
csr_group10/hc_o + id_group1/hc_o,16,1168,0.0136986301369863,1.36986301369863
csr_group11/hc_o + id_group1/hc_o,16,1168,0.0136986301369863,1.36986301369863
csr_group16/hc_o + id_group1/hc_o,16,1168,0.0136986301369863,1.36986301369863
csr_group17/hc_o + id_group1/hc_o,16,1168,0.0136986301369863,1.36986301369863
id_group1/hc_o + lsu_group1/hc_o,16,1168,0.0136986301369863,1.36986301369863
id_group1/hc_o + lsu_group2/hc_o,16,1168,0.0136986301369863,1.36986301369863
id_group1/hc_o + lsu_group3/hc_o,16,1168,0.0136986301369863,1.36986301369863
id_group1/hc_o + lsu_group4/hc_o,16,1168,0.0136986301369863,1.36986301369863
id_group1/hc_o + lsu_group5/hc_o,16,1168,0.0136986301369863,1.36986301369863
id_group2/hc_o + id_group6/hc_o,16,1168,0.0136986301369863,1.36986301369863
id_group2/hc_o + id_group7/hc_o,16,1168,0.0136986301369863,1.36986301369863
csr_group0/hc_o + id_group2/hc_o,16,1168,0.0136986301369863,1.36986301369863
csr_group1/hc_o + id_group2/hc_o,16,1168,0.0136986301369863,1.36986301369863
csr_group2/hc_o + id_group2/hc_o,16,1168,0.0136986301369863,1.36986301369863
csr_group3/hc_o + id_group2/hc_o,16,1168,0.0136986301369863,1.36986301369863
csr_group4/hc_o + id_group2/hc_o,16,1168,0.0136986301369863,1.36986301369863
csr_group5/hc_o + id_group2/hc_o,16,1168,0.0136986301369863,1.36986301369863
csr_group6/hc_o + id_group2/hc_o,16,1168,0.0136986301369863,1.36986301369863
csr_group7/hc_o + id_group2/hc_o,16,1168,0.0136986301369863,1.36986301369863
csr_group8/hc_o + id_group2/hc_o,16,1168,0.0136986301369863,1.36986301369863
csr_group9/hc_o + id_group2/hc_o,16,1168,0.0136986301369863,1.36986301369863
csr_group10/hc_o + id_group2/hc_o,16,1168,0.0136986301369863,1.36986301369863
csr_group11/hc_o + id_group2/hc_o,16,1168,0.0136986301369863,1.36986301369863
csr_group13/hc_o + id_group2/hc_o,16,1168,0.0136986301369863,1.36986301369863
csr_group16/hc_o + id_group2/hc_o,16,1168,0.0136986301369863,1.36986301369863
csr_group17/hc_o + id_group2/hc_o,16,1168,0.0136986301369863,1.36986301369863
id_group2/hc_o + lsu_group1/hc_o,16,1168,0.0136986301369863,1.36986301369863
id_group2/hc_o + lsu_group2/hc_o,16,1168,0.0136986301369863,1.36986301369863
id_group2/hc_o + lsu_group3/hc_o,16,1168,0.0136986301369863,1.36986301369863
id_group2/hc_o + lsu_group4/hc_o,16,1168,0.0136986301369863,1.36986301369863
id_group2/hc_o + lsu_group5/hc_o,16,1168,0.0136986301369863,1.36986301369863
id_group3/hc_o + id_group5/hc_o,16,1168,0.0136986301369863,1.36986301369863
tpr_q + use_store_ops_ex_o,42,3072,0.013671875,1.3671875
csr_group20/hc_o + tcr_q,14,1024,0.013671875,1.3671875
sp_o_32 + tcr_q,7,512,0.013671875,1.3671875
alu_operand_a_ex_o_tag + data_type_q_tag,13,960,0.013541666666666667,1.3541666666666667
rdata_offset_q_tag/hc_o + store_dest_addr_ex_o_tag/hc_o,16,1216,0.013157894736842105,1.3157894736842104
data_type_q_tag/hc_o + store_dest_addr_ex_o_tag/hc_o,16,1216,0.013157894736842105,1.3157894736842104
rdata_q_tag/hc_o + store_dest_addr_ex_o_tag/hc_o,16,1216,0.013157894736842105,1.3157894736842104
rdata_offset_q_tag/hc_o + use_store_ops_ex_o/hc_o,16,1216,0.013157894736842105,1.3157894736842104
data_type_q_tag/hc_o + use_store_ops_ex_o/hc_o,16,1216,0.013157894736842105,1.3157894736842104
rdata_q_tag/hc_o + use_store_ops_ex_o/hc_o,16,1216,0.013157894736842105,1.3157894736842104
alu_operand_a_ex_o_tag/hc_o + rdata_offset_q_tag/hc_o,16,1216,0.013157894736842105,1.3157894736842104
alu_operand_a_ex_o_tag/hc_o + data_type_q_tag/hc_o,16,1216,0.013157894736842105,1.3157894736842104
alu_operand_a_ex_o_tag/hc_o + rdata_q_tag/hc_o,16,1216,0.013157894736842105,1.3157894736842104
alu_operand_b_ex_o_tag/hc_o + rdata_offset_q_tag/hc_o,16,1216,0.013157894736842105,1.3157894736842104
alu_operand_b_ex_o_tag/hc_o + data_type_q_tag/hc_o,16,1216,0.013157894736842105,1.3157894736842104
alu_operand_b_ex_o_tag/hc_o + rdata_q_tag/hc_o,16,1216,0.013157894736842105,1.3157894736842104
check_s1_o_tag/hc_o + rdata_offset_q_tag/hc_o,16,1216,0.013157894736842105,1.3157894736842104
check_s1_o_tag/hc_o + data_type_q_tag/hc_o,16,1216,0.013157894736842105,1.3157894736842104
check_s1_o_tag/hc_o + rdata_q_tag/hc_o,16,1216,0.013157894736842105,1.3157894736842104
store_dest_addr_ex_o_tag/hc_o + tpr_arith/hc_o,8,608,0.013157894736842105,1.3157894736842104
store_dest_addr_ex_o_tag/hc_o + tpr_branch/hc_o,8,608,0.013157894736842105,1.3157894736842104
store_dest_addr_ex_o_tag/hc_o + tpr_jump/hc_o,8,608,0.013157894736842105,1.3157894736842104
store_dest_addr_ex_o_tag/hc_o + tpr_shift/hc_o,8,608,0.013157894736842105,1.3157894736842104
store_dest_addr_ex_o_tag/hc_o + tpr_comparison/hc_o,8,608,0.013157894736842105,1.3157894736842104
store_dest_addr_ex_o_tag/hc_o + tpr_logical/hc_o,8,608,0.013157894736842105,1.3157894736842104
store_dest_addr_ex_o_tag/hc_o + tcr_arith/hc_o,8,608,0.013157894736842105,1.3157894736842104
store_dest_addr_ex_o_tag/hc_o + tcr_branch/hc_o,8,608,0.013157894736842105,1.3157894736842104
store_dest_addr_ex_o_tag/hc_o + tcr_jump/hc_o,8,608,0.013157894736842105,1.3157894736842104
store_dest_addr_ex_o_tag/hc_o + tcr_shift/hc_o,8,608,0.013157894736842105,1.3157894736842104
store_dest_addr_ex_o_tag/hc_o + tcr_comparison/hc_o,8,608,0.013157894736842105,1.3157894736842104
store_dest_addr_ex_o_tag/hc_o + tcr_logical/hc_o,8,608,0.013157894736842105,1.3157894736842104
tpr_arith/hc_o + use_store_ops_ex_o/hc_o,8,608,0.013157894736842105,1.3157894736842104
tpr_branch/hc_o + use_store_ops_ex_o/hc_o,8,608,0.013157894736842105,1.3157894736842104
tpr_jump/hc_o + use_store_ops_ex_o/hc_o,8,608,0.013157894736842105,1.3157894736842104
tpr_shift/hc_o + use_store_ops_ex_o/hc_o,8,608,0.013157894736842105,1.3157894736842104
tpr_comparison/hc_o + use_store_ops_ex_o/hc_o,8,608,0.013157894736842105,1.3157894736842104
tpr_logical/hc_o + use_store_ops_ex_o/hc_o,8,608,0.013157894736842105,1.3157894736842104
tcr_arith/hc_o + use_store_ops_ex_o/hc_o,8,608,0.013157894736842105,1.3157894736842104
tcr_branch/hc_o + use_store_ops_ex_o/hc_o,8,608,0.013157894736842105,1.3157894736842104
tcr_jump/hc_o + use_store_ops_ex_o/hc_o,8,608,0.013157894736842105,1.3157894736842104
tcr_shift/hc_o + use_store_ops_ex_o/hc_o,8,608,0.013157894736842105,1.3157894736842104
tcr_comparison/hc_o + use_store_ops_ex_o/hc_o,8,608,0.013157894736842105,1.3157894736842104
tcr_logical/hc_o + use_store_ops_ex_o/hc_o,8,608,0.013157894736842105,1.3157894736842104
alu_operand_a_ex_o_tag/hc_o + tpr_arith/hc_o,8,608,0.013157894736842105,1.3157894736842104
alu_operand_a_ex_o_tag/hc_o + tpr_branch/hc_o,8,608,0.013157894736842105,1.3157894736842104
alu_operand_a_ex_o_tag/hc_o + tpr_jump/hc_o,8,608,0.013157894736842105,1.3157894736842104
alu_operand_a_ex_o_tag/hc_o + tpr_shift/hc_o,8,608,0.013157894736842105,1.3157894736842104
alu_operand_a_ex_o_tag/hc_o + tpr_comparison/hc_o,8,608,0.013157894736842105,1.3157894736842104
alu_operand_a_ex_o_tag/hc_o + tpr_logical/hc_o,8,608,0.013157894736842105,1.3157894736842104
alu_operand_a_ex_o_tag/hc_o + tcr_arith/hc_o,8,608,0.013157894736842105,1.3157894736842104
alu_operand_a_ex_o_tag/hc_o + tcr_branch/hc_o,8,608,0.013157894736842105,1.3157894736842104
alu_operand_a_ex_o_tag/hc_o + tcr_jump/hc_o,8,608,0.013157894736842105,1.3157894736842104
alu_operand_a_ex_o_tag/hc_o + tcr_shift/hc_o,8,608,0.013157894736842105,1.3157894736842104
alu_operand_a_ex_o_tag/hc_o + tcr_comparison/hc_o,8,608,0.013157894736842105,1.3157894736842104
alu_operand_a_ex_o_tag/hc_o + tcr_logical/hc_o,8,608,0.013157894736842105,1.3157894736842104
alu_operand_b_ex_o_tag/hc_o + tpr_arith/hc_o,8,608,0.013157894736842105,1.3157894736842104
alu_operand_b_ex_o_tag/hc_o + tpr_branch/hc_o,8,608,0.013157894736842105,1.3157894736842104
alu_operand_b_ex_o_tag/hc_o + tpr_jump/hc_o,8,608,0.013157894736842105,1.3157894736842104
alu_operand_b_ex_o_tag/hc_o + tpr_shift/hc_o,8,608,0.013157894736842105,1.3157894736842104
alu_operand_b_ex_o_tag/hc_o + tpr_comparison/hc_o,8,608,0.013157894736842105,1.3157894736842104
alu_operand_b_ex_o_tag/hc_o + tpr_logical/hc_o,8,608,0.013157894736842105,1.3157894736842104
alu_operand_b_ex_o_tag/hc_o + tcr_arith/hc_o,8,608,0.013157894736842105,1.3157894736842104
alu_operand_b_ex_o_tag/hc_o + tcr_branch/hc_o,8,608,0.013157894736842105,1.3157894736842104
alu_operand_b_ex_o_tag/hc_o + tcr_jump/hc_o,8,608,0.013157894736842105,1.3157894736842104
alu_operand_b_ex_o_tag/hc_o + tcr_shift/hc_o,8,608,0.013157894736842105,1.3157894736842104
alu_operand_b_ex_o_tag/hc_o + tcr_comparison/hc_o,8,608,0.013157894736842105,1.3157894736842104
alu_operand_b_ex_o_tag/hc_o + tcr_logical/hc_o,8,608,0.013157894736842105,1.3157894736842104
check_s1_o_tag/hc_o + tpr_arith/hc_o,8,608,0.013157894736842105,1.3157894736842104
check_s1_o_tag/hc_o + tpr_branch/hc_o,8,608,0.013157894736842105,1.3157894736842104
check_s1_o_tag/hc_o + tpr_jump/hc_o,8,608,0.013157894736842105,1.3157894736842104
check_s1_o_tag/hc_o + tpr_shift/hc_o,8,608,0.013157894736842105,1.3157894736842104
check_s1_o_tag/hc_o + tpr_comparison/hc_o,8,608,0.013157894736842105,1.3157894736842104
check_s1_o_tag/hc_o + tpr_logical/hc_o,8,608,0.013157894736842105,1.3157894736842104
check_s1_o_tag/hc_o + tcr_arith/hc_o,8,608,0.013157894736842105,1.3157894736842104
check_s1_o_tag/hc_o + tcr_branch/hc_o,8,608,0.013157894736842105,1.3157894736842104
check_s1_o_tag/hc_o + tcr_jump/hc_o,8,608,0.013157894736842105,1.3157894736842104
check_s1_o_tag/hc_o + tcr_shift/hc_o,8,608,0.013157894736842105,1.3157894736842104
check_s1_o_tag/hc_o + tcr_comparison/hc_o,8,608,0.013157894736842105,1.3157894736842104
check_s1_o_tag/hc_o + tcr_logical/hc_o,8,608,0.013157894736842105,1.3157894736842104
data_type_q_tag + id_group1/hc_o,8,608,0.013157894736842105,1.3157894736842104
data_type_q_tag + id_group2/hc_o,8,608,0.013157894736842105,1.3157894736842104
alu_operator_o_mode + id_group2/hc_o,8,608,0.013157894736842105,1.3157894736842104
id_group1/hc_o + rdata_offset_q_tag,8,608,0.013157894736842105,1.3157894736842104
id_group2/hc_o + rdata_offset_q_tag,8,608,0.013157894736842105,1.3157894736842104
csr_group14/hc_o + id_group1/hc_o,8,608,0.013157894736842105,1.3157894736842104
csr_group18/hc_o + id_group1/hc_o,8,608,0.013157894736842105,1.3157894736842104
csr_group19/hc_o + id_group1/hc_o,8,608,0.013157894736842105,1.3157894736842104
id_group1/hc_o + tcr_execute/hc_o,8,608,0.013157894736842105,1.3157894736842104
id_group2/hc_o + id_group9/hc_o,8,608,0.013157894736842105,1.3157894736842104
csr_group14/hc_o + id_group2/hc_o,8,608,0.013157894736842105,1.3157894736842104
csr_group18/hc_o + id_group2/hc_o,8,608,0.013157894736842105,1.3157894736842104
csr_group19/hc_o + id_group2/hc_o,8,608,0.013157894736842105,1.3157894736842104
id_group2/hc_o + tcr_execute/hc_o,8,608,0.013157894736842105,1.3157894736842104
alu_operand_a_ex_o_tag + id_group1/hc_o,4,304,0.013157894736842105,1.3157894736842104
id_group1/hc_o + register_set_o_tag,4,304,0.013157894736842105,1.3157894736842104
id_group2/hc_o + register_set_o_tag,4,304,0.013157894736842105,1.3157894736842104
id_group1/hc_o + store_dest_addr_ex_o_tag,4,304,0.013157894736842105,1.3157894736842104
id_group2/hc_o + store_dest_addr_ex_o_tag,4,304,0.013157894736842105,1.3157894736842104
id_group2/hc_o + store_source_ex_o_tag,4,304,0.013157894736842105,1.3157894736842104
id_group1/hc_o + use_store_ops_ex_o,4,304,0.013157894736842105,1.3157894736842104
id_group1/hc_o + rf_reg[0],4,304,0.013157894736842105,1.3157894736842104
id_group2/hc_o + rf_reg[0],4,304,0.013157894736842105,1.3157894736842104
id_group1/hc_o + rf_reg[1],4,304,0.013157894736842105,1.3157894736842104
id_group2/hc_o + rf_reg[1],4,304,0.013157894736842105,1.3157894736842104
id_group1/hc_o + rf_reg[2],4,304,0.013157894736842105,1.3157894736842104
id_group2/hc_o + rf_reg[2],4,304,0.013157894736842105,1.3157894736842104
id_group1/hc_o + rf_reg[3],4,304,0.013157894736842105,1.3157894736842104
id_group2/hc_o + rf_reg[3],4,304,0.013157894736842105,1.3157894736842104
id_group1/hc_o + rf_reg[4],4,304,0.013157894736842105,1.3157894736842104
id_group2/hc_o + rf_reg[4],4,304,0.013157894736842105,1.3157894736842104
alu_operand_b_ex_o_tag + id_group1/hc_o,4,304,0.013157894736842105,1.3157894736842104
alu_operand_b_ex_o_tag + id_group2/hc_o,4,304,0.013157894736842105,1.3157894736842104
id_group1/hc_o + rf_reg[5],4,304,0.013157894736842105,1.3157894736842104
id_group2/hc_o + rf_reg[5],4,304,0.013157894736842105,1.3157894736842104
id_group1/hc_o + rf_reg[6],4,304,0.013157894736842105,1.3157894736842104
id_group2/hc_o + rf_reg[6],4,304,0.013157894736842105,1.3157894736842104
id_group1/hc_o + rf_reg[7],4,304,0.013157894736842105,1.3157894736842104
id_group2/hc_o + rf_reg[7],4,304,0.013157894736842105,1.3157894736842104
id_group1/hc_o + rf_reg[8],4,304,0.013157894736842105,1.3157894736842104
id_group2/hc_o + rf_reg[8],4,304,0.013157894736842105,1.3157894736842104
id_group1/hc_o + rf_reg[9],4,304,0.013157894736842105,1.3157894736842104
id_group2/hc_o + rf_reg[9],4,304,0.013157894736842105,1.3157894736842104
id_group1/hc_o + rf_reg[10],4,304,0.013157894736842105,1.3157894736842104
id_group2/hc_o + rf_reg[10],4,304,0.013157894736842105,1.3157894736842104
id_group1/hc_o + rf_reg[11],4,304,0.013157894736842105,1.3157894736842104
id_group2/hc_o + rf_reg[11],4,304,0.013157894736842105,1.3157894736842104
id_group1/hc_o + pc_id_o_tag,4,304,0.013157894736842105,1.3157894736842104
id_group2/hc_o + pc_id_o_tag,4,304,0.013157894736842105,1.3157894736842104
id_group1/hc_o + rf_reg[12],4,304,0.013157894736842105,1.3157894736842104
id_group2/hc_o + rf_reg[12],4,304,0.013157894736842105,1.3157894736842104
id_group1/hc_o + rf_reg[13],4,304,0.013157894736842105,1.3157894736842104
id_group2/hc_o + rf_reg[13],4,304,0.013157894736842105,1.3157894736842104
id_group1/hc_o + rf_reg[14],4,304,0.013157894736842105,1.3157894736842104
id_group2/hc_o + rf_reg[14],4,304,0.013157894736842105,1.3157894736842104
id_group1/hc_o + rf_reg[15],4,304,0.013157894736842105,1.3157894736842104
id_group2/hc_o + rf_reg[15],4,304,0.013157894736842105,1.3157894736842104
id_group1/hc_o + rf_reg[16],4,304,0.013157894736842105,1.3157894736842104
id_group2/hc_o + rf_reg[16],4,304,0.013157894736842105,1.3157894736842104
alu_operand_c_ex_o_tag + id_group1/hc_o,4,304,0.013157894736842105,1.3157894736842104
alu_operand_c_ex_o_tag + id_group2/hc_o,4,304,0.013157894736842105,1.3157894736842104
id_group1/hc_o + rf_reg[17],4,304,0.013157894736842105,1.3157894736842104
id_group2/hc_o + rf_reg[17],4,304,0.013157894736842105,1.3157894736842104
id_group1/hc_o + rf_reg[18],4,304,0.013157894736842105,1.3157894736842104
id_group2/hc_o + rf_reg[18],4,304,0.013157894736842105,1.3157894736842104
id_group1/hc_o + rf_reg[19],4,304,0.013157894736842105,1.3157894736842104
id_group2/hc_o + rf_reg[19],4,304,0.013157894736842105,1.3157894736842104
id_group1/hc_o + rf_reg[20],4,304,0.013157894736842105,1.3157894736842104
id_group2/hc_o + rf_reg[20],4,304,0.013157894736842105,1.3157894736842104
id_group1/hc_o + rf_reg[21],4,304,0.013157894736842105,1.3157894736842104
id_group2/hc_o + rf_reg[21],4,304,0.013157894736842105,1.3157894736842104
id_group1/hc_o + rf_reg[22],4,304,0.013157894736842105,1.3157894736842104
id_group2/hc_o + rf_reg[22],4,304,0.013157894736842105,1.3157894736842104
id_group1/hc_o + rf_reg[23],4,304,0.013157894736842105,1.3157894736842104
id_group2/hc_o + rf_reg[23],4,304,0.013157894736842105,1.3157894736842104
id_group1/hc_o + rf_reg[24],4,304,0.013157894736842105,1.3157894736842104
id_group2/hc_o + rf_reg[24],4,304,0.013157894736842105,1.3157894736842104
id_group1/hc_o + rf_reg[25],4,304,0.013157894736842105,1.3157894736842104
id_group2/hc_o + rf_reg[25],4,304,0.013157894736842105,1.3157894736842104
id_group1/hc_o + rf_reg[26],4,304,0.013157894736842105,1.3157894736842104
id_group2/hc_o + rf_reg[26],4,304,0.013157894736842105,1.3157894736842104
id_group1/hc_o + rf_reg[27],4,304,0.013157894736842105,1.3157894736842104
id_group2/hc_o + rf_reg[27],4,304,0.013157894736842105,1.3157894736842104
id_group1/hc_o + rf_reg[28],4,304,0.013157894736842105,1.3157894736842104
id_group2/hc_o + rf_reg[28],4,304,0.013157894736842105,1.3157894736842104
id_group1/hc_o + rf_reg[29],4,304,0.013157894736842105,1.3157894736842104
id_group2/hc_o + rf_reg[29],4,304,0.013157894736842105,1.3157894736842104
id_group1/hc_o + rf_reg[30],4,304,0.013157894736842105,1.3157894736842104
id_group2/hc_o + rf_reg[30],4,304,0.013157894736842105,1.3157894736842104
id_group1/hc_o + rf_reg[31],4,304,0.013157894736842105,1.3157894736842104
id_group2/hc_o + rf_reg[31],4,304,0.013157894736842105,1.3157894736842104
id_group1/hc_o + rs1_o_tag,4,304,0.013157894736842105,1.3157894736842104
id_group2/hc_o + rs1_o_tag,4,304,0.013157894736842105,1.3157894736842104
data_we_q_tag + id_group1/hc_o,4,304,0.013157894736842105,1.3157894736842104
data_we_q_tag + id_group2/hc_o,4,304,0.013157894736842105,1.3157894736842104
check_d_o_tag + id_group1/hc_o,4,304,0.013157894736842105,1.3157894736842104
check_d_o_tag + id_group2/hc_o,4,304,0.013157894736842105,1.3157894736842104
check_s1_o_tag + id_group1/hc_o,4,304,0.013157894736842105,1.3157894736842104
check_s1_o_tag + id_group2/hc_o,4,304,0.013157894736842105,1.3157894736842104
check_s2_o_tag + id_group1/hc_o,4,304,0.013157894736842105,1.3157894736842104
check_s2_o_tag + id_group2/hc_o,4,304,0.013157894736842105,1.3157894736842104
id_group1/hc_o + is_store_post_o_tag,4,304,0.013157894736842105,1.3157894736842104
id_group2/hc_o + is_store_post_o_tag,4,304,0.013157894736842105,1.3157894736842104
id_group1/hc_o + memory_set_o_tag,4,304,0.013157894736842105,1.3157894736842104
id_group2/hc_o + memory_set_o_tag,4,304,0.013157894736842105,1.3157894736842104
id_group1/hc_o + pc_if_o_tag,4,304,0.013157894736842105,1.3157894736842104
id_group2/hc_o + pc_if_o_tag,4,304,0.013157894736842105,1.3157894736842104
id_group1/hc_o + id_group1/sd_o,2,152,0.013157894736842105,1.3157894736842104
id_group2/hc_o + id_group2/sd_o,2,152,0.013157894736842105,1.3157894736842104
store_dest_addr_ex_o_tag + tpr_q,40,3072,0.013020833333333334,1.3020833333333335
check_s1_o_tag + tpr_q,40,3072,0.013020833333333334,1.3020833333333335
id_group1/hc_o + id_group6/hc_o,15,1168,0.012842465753424657,1.2842465753424657
id_group1/hc_o + id_group8/hc_o,15,1168,0.012842465753424657,1.2842465753424657
csr_group13/hc_o + id_group1/hc_o,15,1168,0.012842465753424657,1.2842465753424657
id_group2/hc_o + id_group8/hc_o,15,1168,0.012842465753424657,1.2842465753424657
id_group4/hc_o + id_group5/hc_o,15,1168,0.012842465753424657,1.2842465753424657
regfile_alu_waddr_ex_o_tag + rf_reg[15],85,6624,0.012832125603864734,1.2832125603864735
tcr_q + use_store_ops_ex_o,39,3072,0.0126953125,1.26953125
tcr/hc_o_32 + tcr/sd_o_32,21,1656,0.012681159420289856,1.2681159420289856
data_type_q_tag + rf_reg[15],12,960,0.0125,1.25
rdata_offset_q_tag + rf_reg[15],12,960,0.0125,1.25
data_type_q_tag + store_dest_addr_ex_o_tag/hc_o,8,640,0.0125,1.25
data_type_q_tag + use_store_ops_ex_o/hc_o,8,640,0.0125,1.25
alu_operand_a_ex_o_tag/hc_o + data_type_q_tag,8,640,0.0125,1.25
alu_operand_b_ex_o_tag/hc_o + data_type_q_tag,8,640,0.0125,1.25
check_s1_o_tag/hc_o + data_type_q_tag,8,640,0.0125,1.25
rdata_offset_q_tag + store_dest_addr_ex_o_tag/hc_o,8,640,0.0125,1.25
rdata_offset_q_tag + use_store_ops_ex_o/hc_o,8,640,0.0125,1.25
alu_operand_a_ex_o_tag/hc_o + rdata_offset_q_tag,8,640,0.0125,1.25
alu_operand_b_ex_o_tag/hc_o + rdata_offset_q_tag,8,640,0.0125,1.25
check_s1_o_tag/hc_o + rdata_offset_q_tag,8,640,0.0125,1.25
store_dest_addr_ex_o_tag/hc_o + store_source_ex_o_tag/hc_o,8,640,0.0125,1.25
alu_operand_c_ex_o_tag/hc_o + store_dest_addr_ex_o_tag/hc_o,8,640,0.0125,1.25
check_s2_o_tag/hc_o + store_dest_addr_ex_o_tag/hc_o,8,640,0.0125,1.25
check_d_o_tag/hc_o + store_dest_addr_ex_o_tag/hc_o,8,640,0.0125,1.25
register_set_o_tag/hc_o + store_dest_addr_ex_o_tag/hc_o,8,640,0.0125,1.25
is_store_post_o_tag/hc_o + store_dest_addr_ex_o_tag/hc_o,8,640,0.0125,1.25
memory_set_o_tag/hc_o + store_dest_addr_ex_o_tag/hc_o,8,640,0.0125,1.25
rs1_o_tag/hc_o + store_dest_addr_ex_o_tag/hc_o,8,640,0.0125,1.25
data_we_q_tag/hc_o + store_dest_addr_ex_o_tag/hc_o,8,640,0.0125,1.25
store_source_ex_o_tag/hc_o + use_store_ops_ex_o/hc_o,8,640,0.0125,1.25
alu_operand_a_ex_o_tag/hc_o + store_source_ex_o_tag/hc_o,8,640,0.0125,1.25
alu_operand_b_ex_o_tag/hc_o + store_source_ex_o_tag/hc_o,8,640,0.0125,1.25
check_s1_o_tag/hc_o + store_source_ex_o_tag/hc_o,8,640,0.0125,1.25
alu_operand_c_ex_o_tag/hc_o + use_store_ops_ex_o/hc_o,8,640,0.0125,1.25
check_s2_o_tag/hc_o + use_store_ops_ex_o/hc_o,8,640,0.0125,1.25
check_d_o_tag/hc_o + use_store_ops_ex_o/hc_o,8,640,0.0125,1.25
register_set_o_tag/hc_o + use_store_ops_ex_o/hc_o,8,640,0.0125,1.25
is_store_post_o_tag/hc_o + use_store_ops_ex_o/hc_o,8,640,0.0125,1.25
memory_set_o_tag/hc_o + use_store_ops_ex_o/hc_o,8,640,0.0125,1.25
rs1_o_tag/hc_o + use_store_ops_ex_o/hc_o,8,640,0.0125,1.25
data_we_q_tag/hc_o + use_store_ops_ex_o/hc_o,8,640,0.0125,1.25
alu_operand_a_ex_o_tag/hc_o + alu_operand_c_ex_o_tag/hc_o,8,640,0.0125,1.25
alu_operand_a_ex_o_tag/hc_o + check_s2_o_tag/hc_o,8,640,0.0125,1.25
alu_operand_a_ex_o_tag/hc_o + check_d_o_tag/hc_o,8,640,0.0125,1.25
alu_operand_a_ex_o_tag/hc_o + is_store_post_o_tag/hc_o,8,640,0.0125,1.25
alu_operand_a_ex_o_tag/hc_o + memory_set_o_tag/hc_o,8,640,0.0125,1.25
alu_operand_a_ex_o_tag/hc_o + rs1_o_tag/hc_o,8,640,0.0125,1.25
alu_operand_a_ex_o_tag/hc_o + data_we_q_tag/hc_o,8,640,0.0125,1.25
alu_operand_b_ex_o_tag/hc_o + alu_operand_c_ex_o_tag/hc_o,8,640,0.0125,1.25
alu_operand_b_ex_o_tag/hc_o + check_d_o_tag/hc_o,8,640,0.0125,1.25
alu_operand_b_ex_o_tag/hc_o + register_set_o_tag/hc_o,8,640,0.0125,1.25
alu_operand_b_ex_o_tag/hc_o + is_store_post_o_tag/hc_o,8,640,0.0125,1.25
alu_operand_b_ex_o_tag/hc_o + rs1_o_tag/hc_o,8,640,0.0125,1.25
alu_operand_b_ex_o_tag/hc_o + data_we_q_tag/hc_o,8,640,0.0125,1.25
alu_operand_c_ex_o_tag/hc_o + check_s1_o_tag/hc_o,8,640,0.0125,1.25
check_s1_o_tag/hc_o + check_s2_o_tag/hc_o,8,640,0.0125,1.25
check_d_o_tag/hc_o + check_s1_o_tag/hc_o,8,640,0.0125,1.25
check_s1_o_tag/hc_o + register_set_o_tag/hc_o,8,640,0.0125,1.25
check_s1_o_tag/hc_o + is_store_post_o_tag/hc_o,8,640,0.0125,1.25
check_s1_o_tag/hc_o + memory_set_o_tag/hc_o,8,640,0.0125,1.25
check_s1_o_tag/hc_o + rs1_o_tag/hc_o,8,640,0.0125,1.25
check_s1_o_tag/hc_o + data_we_q_tag/hc_o,8,640,0.0125,1.25
alu_operator_o_mode + tcr_execute/hc_o,8,640,0.0125,1.25
alu_operand_c_ex_o_tag + rf_reg[15],6,480,0.0125,1.25
check_d_o_tag + rf_reg[15],6,480,0.0125,1.25
check_s2_o_tag + rf_reg[15],6,480,0.0125,1.25
is_store_post_o_tag + rf_reg[15],6,480,0.0125,1.25
memory_set_o_tag + rf_reg[15],6,480,0.0125,1.25
register_set_o_tag + rf_reg[15],6,480,0.0125,1.25
rf_reg[15] + store_source_ex_o_tag,6,480,0.0125,1.25
rf_reg[15] + rf_reg[2],6,480,0.0125,1.25
data_we_q_tag + rf_reg[15],6,480,0.0125,1.25
alu_operand_a_ex_o_tag + store_dest_addr_ex_o_tag/hc_o,4,320,0.0125,1.25
alu_operand_a_ex_o_tag + use_store_ops_ex_o/hc_o,4,320,0.0125,1.25
alu_operand_a_ex_o_tag + alu_operand_b_ex_o_tag/hc_o,4,320,0.0125,1.25
register_set_o_tag + store_dest_addr_ex_o_tag/hc_o,4,320,0.0125,1.25
register_set_o_tag + use_store_ops_ex_o/hc_o,4,320,0.0125,1.25
alu_operand_a_ex_o_tag/hc_o + register_set_o_tag,4,320,0.0125,1.25
alu_operand_b_ex_o_tag/hc_o + register_set_o_tag,4,320,0.0125,1.25
check_s1_o_tag/hc_o + register_set_o_tag,4,320,0.0125,1.25
store_dest_addr_ex_o_tag + use_store_ops_ex_o/hc_o,4,320,0.0125,1.25
alu_operand_a_ex_o_tag/hc_o + store_dest_addr_ex_o_tag,4,320,0.0125,1.25
alu_operand_b_ex_o_tag/hc_o + store_dest_addr_ex_o_tag,4,320,0.0125,1.25
check_s1_o_tag/hc_o + store_dest_addr_ex_o_tag,4,320,0.0125,1.25
alu_operand_a_ex_o_tag + check_s1_o_tag/hc_o,4,320,0.0125,1.25
store_dest_addr_ex_o_tag/hc_o + store_source_ex_o_tag,4,320,0.0125,1.25
store_source_ex_o_tag + use_store_ops_ex_o/hc_o,4,320,0.0125,1.25
alu_operand_a_ex_o_tag/hc_o + store_source_ex_o_tag,4,320,0.0125,1.25
alu_operand_b_ex_o_tag/hc_o + store_source_ex_o_tag,4,320,0.0125,1.25
check_s1_o_tag/hc_o + store_source_ex_o_tag,4,320,0.0125,1.25
store_dest_addr_ex_o_tag/hc_o + use_store_ops_ex_o,4,320,0.0125,1.25
alu_operand_a_ex_o_tag/hc_o + use_store_ops_ex_o,4,320,0.0125,1.25
alu_operand_b_ex_o_tag/hc_o + use_store_ops_ex_o,4,320,0.0125,1.25
check_s1_o_tag/hc_o + use_store_ops_ex_o,4,320,0.0125,1.25
rf_reg[0] + store_dest_addr_ex_o_tag/hc_o,4,320,0.0125,1.25
rf_reg[0] + use_store_ops_ex_o/hc_o,4,320,0.0125,1.25
alu_operand_a_ex_o_tag/hc_o + rf_reg[0],4,320,0.0125,1.25
alu_operand_b_ex_o_tag/hc_o + rf_reg[0],4,320,0.0125,1.25
check_s1_o_tag/hc_o + rf_reg[0],4,320,0.0125,1.25
rf_reg[1] + store_dest_addr_ex_o_tag/hc_o,4,320,0.0125,1.25
rf_reg[1] + use_store_ops_ex_o/hc_o,4,320,0.0125,1.25
alu_operand_a_ex_o_tag/hc_o + rf_reg[1],4,320,0.0125,1.25
alu_operand_b_ex_o_tag/hc_o + rf_reg[1],4,320,0.0125,1.25
check_s1_o_tag/hc_o + rf_reg[1],4,320,0.0125,1.25
rf_reg[2] + store_dest_addr_ex_o_tag/hc_o,4,320,0.0125,1.25
rf_reg[2] + use_store_ops_ex_o/hc_o,4,320,0.0125,1.25
alu_operand_a_ex_o_tag/hc_o + rf_reg[2],4,320,0.0125,1.25
alu_operand_b_ex_o_tag/hc_o + rf_reg[2],4,320,0.0125,1.25
check_s1_o_tag/hc_o + rf_reg[2],4,320,0.0125,1.25
rf_reg[3] + store_dest_addr_ex_o_tag/hc_o,4,320,0.0125,1.25
rf_reg[3] + use_store_ops_ex_o/hc_o,4,320,0.0125,1.25
alu_operand_a_ex_o_tag/hc_o + rf_reg[3],4,320,0.0125,1.25
alu_operand_b_ex_o_tag/hc_o + rf_reg[3],4,320,0.0125,1.25
check_s1_o_tag/hc_o + rf_reg[3],4,320,0.0125,1.25
rf_reg[4] + store_dest_addr_ex_o_tag/hc_o,4,320,0.0125,1.25
rf_reg[4] + use_store_ops_ex_o/hc_o,4,320,0.0125,1.25
alu_operand_a_ex_o_tag/hc_o + rf_reg[4],4,320,0.0125,1.25
alu_operand_b_ex_o_tag/hc_o + rf_reg[4],4,320,0.0125,1.25
check_s1_o_tag/hc_o + rf_reg[4],4,320,0.0125,1.25
rf_reg[5] + store_dest_addr_ex_o_tag/hc_o,4,320,0.0125,1.25
rf_reg[5] + use_store_ops_ex_o/hc_o,4,320,0.0125,1.25
alu_operand_a_ex_o_tag/hc_o + rf_reg[5],4,320,0.0125,1.25
alu_operand_b_ex_o_tag/hc_o + rf_reg[5],4,320,0.0125,1.25
check_s1_o_tag/hc_o + rf_reg[5],4,320,0.0125,1.25
rf_reg[6] + store_dest_addr_ex_o_tag/hc_o,4,320,0.0125,1.25
rf_reg[6] + use_store_ops_ex_o/hc_o,4,320,0.0125,1.25
alu_operand_a_ex_o_tag/hc_o + rf_reg[6],4,320,0.0125,1.25
alu_operand_b_ex_o_tag/hc_o + rf_reg[6],4,320,0.0125,1.25
check_s1_o_tag/hc_o + rf_reg[6],4,320,0.0125,1.25
rf_reg[7] + store_dest_addr_ex_o_tag/hc_o,4,320,0.0125,1.25
rf_reg[7] + use_store_ops_ex_o/hc_o,4,320,0.0125,1.25
alu_operand_a_ex_o_tag/hc_o + rf_reg[7],4,320,0.0125,1.25
alu_operand_b_ex_o_tag/hc_o + rf_reg[7],4,320,0.0125,1.25
check_s1_o_tag/hc_o + rf_reg[7],4,320,0.0125,1.25
alu_operand_b_ex_o_tag + store_dest_addr_ex_o_tag/hc_o,4,320,0.0125,1.25
alu_operand_b_ex_o_tag + use_store_ops_ex_o/hc_o,4,320,0.0125,1.25
alu_operand_a_ex_o_tag/hc_o + alu_operand_b_ex_o_tag,4,320,0.0125,1.25
alu_operand_b_ex_o_tag + check_s1_o_tag/hc_o,4,320,0.0125,1.25
rf_reg[8] + store_dest_addr_ex_o_tag/hc_o,4,320,0.0125,1.25
rf_reg[8] + use_store_ops_ex_o/hc_o,4,320,0.0125,1.25
alu_operand_a_ex_o_tag/hc_o + rf_reg[8],4,320,0.0125,1.25
alu_operand_b_ex_o_tag/hc_o + rf_reg[8],4,320,0.0125,1.25
check_s1_o_tag/hc_o + rf_reg[8],4,320,0.0125,1.25
rf_reg[9] + store_dest_addr_ex_o_tag/hc_o,4,320,0.0125,1.25
rf_reg[9] + use_store_ops_ex_o/hc_o,4,320,0.0125,1.25
alu_operand_a_ex_o_tag/hc_o + rf_reg[9],4,320,0.0125,1.25
alu_operand_b_ex_o_tag/hc_o + rf_reg[9],4,320,0.0125,1.25
check_s1_o_tag/hc_o + rf_reg[9],4,320,0.0125,1.25
rf_reg[10] + store_dest_addr_ex_o_tag/hc_o,4,320,0.0125,1.25
rf_reg[10] + use_store_ops_ex_o/hc_o,4,320,0.0125,1.25
alu_operand_a_ex_o_tag/hc_o + rf_reg[10],4,320,0.0125,1.25
alu_operand_b_ex_o_tag/hc_o + rf_reg[10],4,320,0.0125,1.25
check_s1_o_tag/hc_o + rf_reg[10],4,320,0.0125,1.25
rf_reg[11] + store_dest_addr_ex_o_tag/hc_o,4,320,0.0125,1.25
rf_reg[11] + use_store_ops_ex_o/hc_o,4,320,0.0125,1.25
alu_operand_a_ex_o_tag/hc_o + rf_reg[11],4,320,0.0125,1.25
alu_operand_b_ex_o_tag/hc_o + rf_reg[11],4,320,0.0125,1.25
check_s1_o_tag/hc_o + rf_reg[11],4,320,0.0125,1.25
rf_reg[12] + store_dest_addr_ex_o_tag/hc_o,4,320,0.0125,1.25
rf_reg[12] + use_store_ops_ex_o/hc_o,4,320,0.0125,1.25
alu_operand_a_ex_o_tag/hc_o + rf_reg[12],4,320,0.0125,1.25
alu_operand_b_ex_o_tag/hc_o + rf_reg[12],4,320,0.0125,1.25
check_s1_o_tag/hc_o + rf_reg[12],4,320,0.0125,1.25
rf_reg[13] + store_dest_addr_ex_o_tag/hc_o,4,320,0.0125,1.25
rf_reg[13] + use_store_ops_ex_o/hc_o,4,320,0.0125,1.25
alu_operand_a_ex_o_tag/hc_o + rf_reg[13],4,320,0.0125,1.25
alu_operand_b_ex_o_tag/hc_o + rf_reg[13],4,320,0.0125,1.25
check_s1_o_tag/hc_o + rf_reg[13],4,320,0.0125,1.25
rf_reg[14] + store_dest_addr_ex_o_tag/hc_o,4,320,0.0125,1.25
rf_reg[14] + use_store_ops_ex_o/hc_o,4,320,0.0125,1.25
alu_operand_a_ex_o_tag/hc_o + rf_reg[14],4,320,0.0125,1.25
alu_operand_b_ex_o_tag/hc_o + rf_reg[14],4,320,0.0125,1.25
check_s1_o_tag/hc_o + rf_reg[14],4,320,0.0125,1.25
rf_reg[15] + store_dest_addr_ex_o_tag/hc_o,4,320,0.0125,1.25
rf_reg[15] + use_store_ops_ex_o/hc_o,4,320,0.0125,1.25
alu_operand_a_ex_o_tag/hc_o + rf_reg[15],4,320,0.0125,1.25
alu_operand_b_ex_o_tag/hc_o + rf_reg[15],4,320,0.0125,1.25
check_s1_o_tag/hc_o + rf_reg[15],4,320,0.0125,1.25
rf_reg[16] + store_dest_addr_ex_o_tag/hc_o,4,320,0.0125,1.25
rf_reg[16] + use_store_ops_ex_o/hc_o,4,320,0.0125,1.25
alu_operand_a_ex_o_tag/hc_o + rf_reg[16],4,320,0.0125,1.25
alu_operand_b_ex_o_tag/hc_o + rf_reg[16],4,320,0.0125,1.25
check_s1_o_tag/hc_o + rf_reg[16],4,320,0.0125,1.25
rf_reg[17] + store_dest_addr_ex_o_tag/hc_o,4,320,0.0125,1.25
rf_reg[17] + use_store_ops_ex_o/hc_o,4,320,0.0125,1.25
alu_operand_a_ex_o_tag/hc_o + rf_reg[17],4,320,0.0125,1.25
alu_operand_b_ex_o_tag/hc_o + rf_reg[17],4,320,0.0125,1.25
check_s1_o_tag/hc_o + rf_reg[17],4,320,0.0125,1.25
rf_reg[18] + store_dest_addr_ex_o_tag/hc_o,4,320,0.0125,1.25
rf_reg[18] + use_store_ops_ex_o/hc_o,4,320,0.0125,1.25
alu_operand_a_ex_o_tag/hc_o + rf_reg[18],4,320,0.0125,1.25
alu_operand_b_ex_o_tag/hc_o + rf_reg[18],4,320,0.0125,1.25
check_s1_o_tag/hc_o + rf_reg[18],4,320,0.0125,1.25
rf_reg[19] + store_dest_addr_ex_o_tag/hc_o,4,320,0.0125,1.25
rf_reg[19] + use_store_ops_ex_o/hc_o,4,320,0.0125,1.25
alu_operand_a_ex_o_tag/hc_o + rf_reg[19],4,320,0.0125,1.25
alu_operand_b_ex_o_tag/hc_o + rf_reg[19],4,320,0.0125,1.25
check_s1_o_tag/hc_o + rf_reg[19],4,320,0.0125,1.25
rf_reg[20] + store_dest_addr_ex_o_tag/hc_o,4,320,0.0125,1.25
rf_reg[20] + use_store_ops_ex_o/hc_o,4,320,0.0125,1.25
alu_operand_a_ex_o_tag/hc_o + rf_reg[20],4,320,0.0125,1.25
alu_operand_b_ex_o_tag/hc_o + rf_reg[20],4,320,0.0125,1.25
check_s1_o_tag/hc_o + rf_reg[20],4,320,0.0125,1.25
alu_operand_c_ex_o_tag + store_dest_addr_ex_o_tag/hc_o,4,320,0.0125,1.25
alu_operand_c_ex_o_tag + use_store_ops_ex_o/hc_o,4,320,0.0125,1.25
alu_operand_a_ex_o_tag/hc_o + alu_operand_c_ex_o_tag,4,320,0.0125,1.25
alu_operand_b_ex_o_tag/hc_o + alu_operand_c_ex_o_tag,4,320,0.0125,1.25
alu_operand_c_ex_o_tag + check_s1_o_tag/hc_o,4,320,0.0125,1.25
rf_reg[21] + store_dest_addr_ex_o_tag/hc_o,4,320,0.0125,1.25
rf_reg[21] + use_store_ops_ex_o/hc_o,4,320,0.0125,1.25
alu_operand_a_ex_o_tag/hc_o + rf_reg[21],4,320,0.0125,1.25
alu_operand_b_ex_o_tag/hc_o + rf_reg[21],4,320,0.0125,1.25
check_s1_o_tag/hc_o + rf_reg[21],4,320,0.0125,1.25
rf_reg[22] + store_dest_addr_ex_o_tag/hc_o,4,320,0.0125,1.25
rf_reg[22] + use_store_ops_ex_o/hc_o,4,320,0.0125,1.25
alu_operand_a_ex_o_tag/hc_o + rf_reg[22],4,320,0.0125,1.25
alu_operand_b_ex_o_tag/hc_o + rf_reg[22],4,320,0.0125,1.25
check_s1_o_tag/hc_o + rf_reg[22],4,320,0.0125,1.25
rf_reg[23] + store_dest_addr_ex_o_tag/hc_o,4,320,0.0125,1.25
rf_reg[23] + use_store_ops_ex_o/hc_o,4,320,0.0125,1.25
alu_operand_a_ex_o_tag/hc_o + rf_reg[23],4,320,0.0125,1.25
alu_operand_b_ex_o_tag/hc_o + rf_reg[23],4,320,0.0125,1.25
check_s1_o_tag/hc_o + rf_reg[23],4,320,0.0125,1.25
rf_reg[24] + store_dest_addr_ex_o_tag/hc_o,4,320,0.0125,1.25
rf_reg[24] + use_store_ops_ex_o/hc_o,4,320,0.0125,1.25
alu_operand_a_ex_o_tag/hc_o + rf_reg[24],4,320,0.0125,1.25
alu_operand_b_ex_o_tag/hc_o + rf_reg[24],4,320,0.0125,1.25
check_s1_o_tag/hc_o + rf_reg[24],4,320,0.0125,1.25
rf_reg[25] + store_dest_addr_ex_o_tag/hc_o,4,320,0.0125,1.25
rf_reg[25] + use_store_ops_ex_o/hc_o,4,320,0.0125,1.25
alu_operand_a_ex_o_tag/hc_o + rf_reg[25],4,320,0.0125,1.25
alu_operand_b_ex_o_tag/hc_o + rf_reg[25],4,320,0.0125,1.25
check_s1_o_tag/hc_o + rf_reg[25],4,320,0.0125,1.25
rf_reg[26] + store_dest_addr_ex_o_tag/hc_o,4,320,0.0125,1.25
rf_reg[26] + use_store_ops_ex_o/hc_o,4,320,0.0125,1.25
alu_operand_a_ex_o_tag/hc_o + rf_reg[26],4,320,0.0125,1.25
alu_operand_b_ex_o_tag/hc_o + rf_reg[26],4,320,0.0125,1.25
check_s1_o_tag/hc_o + rf_reg[26],4,320,0.0125,1.25
rf_reg[27] + store_dest_addr_ex_o_tag/hc_o,4,320,0.0125,1.25
rf_reg[27] + use_store_ops_ex_o/hc_o,4,320,0.0125,1.25
alu_operand_a_ex_o_tag/hc_o + rf_reg[27],4,320,0.0125,1.25
alu_operand_b_ex_o_tag/hc_o + rf_reg[27],4,320,0.0125,1.25
check_s1_o_tag/hc_o + rf_reg[27],4,320,0.0125,1.25
pc_id_o_tag + store_dest_addr_ex_o_tag/hc_o,4,320,0.0125,1.25
pc_id_o_tag + use_store_ops_ex_o/hc_o,4,320,0.0125,1.25
alu_operand_a_ex_o_tag/hc_o + pc_id_o_tag,4,320,0.0125,1.25
rf_reg[28] + store_dest_addr_ex_o_tag/hc_o,4,320,0.0125,1.25
rf_reg[28] + use_store_ops_ex_o/hc_o,4,320,0.0125,1.25
alu_operand_a_ex_o_tag/hc_o + rf_reg[28],4,320,0.0125,1.25
alu_operand_b_ex_o_tag/hc_o + rf_reg[28],4,320,0.0125,1.25
check_s1_o_tag/hc_o + rf_reg[28],4,320,0.0125,1.25
rf_reg[29] + store_dest_addr_ex_o_tag/hc_o,4,320,0.0125,1.25
rf_reg[29] + use_store_ops_ex_o/hc_o,4,320,0.0125,1.25
alu_operand_a_ex_o_tag/hc_o + rf_reg[29],4,320,0.0125,1.25
alu_operand_b_ex_o_tag/hc_o + rf_reg[29],4,320,0.0125,1.25
check_s1_o_tag/hc_o + rf_reg[29],4,320,0.0125,1.25
rf_reg[30] + store_dest_addr_ex_o_tag/hc_o,4,320,0.0125,1.25
rf_reg[30] + use_store_ops_ex_o/hc_o,4,320,0.0125,1.25
alu_operand_a_ex_o_tag/hc_o + rf_reg[30],4,320,0.0125,1.25
alu_operand_b_ex_o_tag/hc_o + rf_reg[30],4,320,0.0125,1.25
check_s1_o_tag/hc_o + rf_reg[30],4,320,0.0125,1.25
rf_reg[31] + store_dest_addr_ex_o_tag/hc_o,4,320,0.0125,1.25
rf_reg[31] + use_store_ops_ex_o/hc_o,4,320,0.0125,1.25
alu_operand_a_ex_o_tag/hc_o + rf_reg[31],4,320,0.0125,1.25
alu_operand_b_ex_o_tag/hc_o + rf_reg[31],4,320,0.0125,1.25
check_s1_o_tag/hc_o + rf_reg[31],4,320,0.0125,1.25
rs1_o_tag + store_dest_addr_ex_o_tag/hc_o,4,320,0.0125,1.25
rs1_o_tag + use_store_ops_ex_o/hc_o,4,320,0.0125,1.25
alu_operand_a_ex_o_tag/hc_o + rs1_o_tag,4,320,0.0125,1.25
alu_operand_b_ex_o_tag/hc_o + rs1_o_tag,4,320,0.0125,1.25
check_s1_o_tag/hc_o + rs1_o_tag,4,320,0.0125,1.25
data_we_q_tag + store_dest_addr_ex_o_tag/hc_o,4,320,0.0125,1.25
data_we_q_tag + use_store_ops_ex_o/hc_o,4,320,0.0125,1.25
alu_operand_a_ex_o_tag/hc_o + data_we_q_tag,4,320,0.0125,1.25
alu_operand_b_ex_o_tag/hc_o + data_we_q_tag,4,320,0.0125,1.25
check_s1_o_tag/hc_o + data_we_q_tag,4,320,0.0125,1.25
alu_operand_b_ex_o_tag/hc_o + pc_id_o_tag,4,320,0.0125,1.25
check_s1_o_tag/hc_o + pc_id_o_tag,4,320,0.0125,1.25
check_d_o_tag + store_dest_addr_ex_o_tag/hc_o,4,320,0.0125,1.25
check_d_o_tag + use_store_ops_ex_o/hc_o,4,320,0.0125,1.25
alu_operand_a_ex_o_tag/hc_o + check_d_o_tag,4,320,0.0125,1.25
alu_operand_b_ex_o_tag/hc_o + check_d_o_tag,4,320,0.0125,1.25
check_d_o_tag + check_s1_o_tag/hc_o,4,320,0.0125,1.25
check_s1_o_tag + store_dest_addr_ex_o_tag/hc_o,4,320,0.0125,1.25
check_s1_o_tag + use_store_ops_ex_o/hc_o,4,320,0.0125,1.25
alu_operand_a_ex_o_tag/hc_o + check_s1_o_tag,4,320,0.0125,1.25
alu_operand_b_ex_o_tag/hc_o + check_s1_o_tag,4,320,0.0125,1.25
check_s2_o_tag + store_dest_addr_ex_o_tag/hc_o,4,320,0.0125,1.25
check_s2_o_tag + use_store_ops_ex_o/hc_o,4,320,0.0125,1.25
alu_operand_a_ex_o_tag/hc_o + check_s2_o_tag,4,320,0.0125,1.25
alu_operand_b_ex_o_tag/hc_o + check_s2_o_tag,4,320,0.0125,1.25
check_s1_o_tag/hc_o + check_s2_o_tag,4,320,0.0125,1.25
is_store_post_o_tag + store_dest_addr_ex_o_tag/hc_o,4,320,0.0125,1.25
is_store_post_o_tag + use_store_ops_ex_o/hc_o,4,320,0.0125,1.25
alu_operand_a_ex_o_tag/hc_o + is_store_post_o_tag,4,320,0.0125,1.25
alu_operand_b_ex_o_tag/hc_o + is_store_post_o_tag,4,320,0.0125,1.25
check_s1_o_tag/hc_o + is_store_post_o_tag,4,320,0.0125,1.25
memory_set_o_tag + store_dest_addr_ex_o_tag/hc_o,4,320,0.0125,1.25
memory_set_o_tag + use_store_ops_ex_o/hc_o,4,320,0.0125,1.25
alu_operand_a_ex_o_tag/hc_o + memory_set_o_tag,4,320,0.0125,1.25
alu_operand_b_ex_o_tag/hc_o + memory_set_o_tag,4,320,0.0125,1.25
check_s1_o_tag/hc_o + memory_set_o_tag,4,320,0.0125,1.25
pc_if_o_tag + store_dest_addr_ex_o_tag/hc_o,4,320,0.0125,1.25
pc_if_o_tag + use_store_ops_ex_o/hc_o,4,320,0.0125,1.25
alu_operand_a_ex_o_tag/hc_o + pc_if_o_tag,4,320,0.0125,1.25
alu_operand_b_ex_o_tag/hc_o + pc_if_o_tag,4,320,0.0125,1.25
check_s1_o_tag/hc_o + pc_if_o_tag,4,320,0.0125,1.25
store_dest_addr_ex_o_tag/hc_o + tcr_execute/hc_o,4,320,0.0125,1.25
tcr_execute/hc_o + use_store_ops_ex_o/hc_o,4,320,0.0125,1.25
alu_operand_a_ex_o_tag/hc_o + tcr_execute/hc_o,4,320,0.0125,1.25
alu_operand_b_ex_o_tag/hc_o + tcr_execute/hc_o,4,320,0.0125,1.25
check_s1_o_tag/hc_o + tcr_execute/hc_o,4,320,0.0125,1.25
store_dest_addr_ex_o_tag/hc_o + store_dest_addr_ex_o_tag/sd_o,2,160,0.0125,1.25
use_store_ops_ex_o/hc_o + use_store_ops_ex_o/sd_o,2,160,0.0125,1.25
alu_operand_a_ex_o_tag/hc_o + alu_operand_a_ex_o_tag/sd_o,2,160,0.0125,1.25
alu_operand_b_ex_o_tag/hc_o + alu_operand_b_ex_o_tag/sd_o,2,160,0.0125,1.25
check_s1_o_tag/hc_o + check_s1_o_tag/sd_o,2,160,0.0125,1.25
store_dest_addr_ex_o_tag + tcr_q,38,3072,0.012369791666666666,1.2369791666666665
check_s1_o_tag + tcr_q,38,3072,0.012369791666666666,1.2369791666666665
id_group3/hc_o + id_group4/hc_o,14,1168,0.011986301369863013,1.1986301369863013
hc_o_26 + pc_id_o_tag,13,1104,0.01177536231884058,1.177536231884058
hc_o_26 + pc_if_o_tag,13,1104,0.01177536231884058,1.177536231884058
alu_operand_b_ex_o_tag + tcr_q,36,3072,0.01171875,1.171875
rdata_q_tag + rf_reg[15],40,3456,0.011574074074074073,1.1574074074074074
id_group1/hc_o + id_group9/hc_o,7,608,0.011513157894736841,1.151315789473684
alu_operand_b_ex_o_tag + tpr_q,35,3072,0.011393229166666666,1.1393229166666665
id_group3/hc_o + regfile_alu_waddr_ex_o_tag,48,4336,0.01107011070110701,1.107011070110701
id_group5/hc_o + regfile_alu_waddr_ex_o_tag,48,4336,0.01107011070110701,1.107011070110701
alu_operand_a_ex_o_tag + tcr_q,34,3072,0.011067708333333334,1.1067708333333335
alu_operand_a_ex_o_tag + tpr_q,34,3072,0.011067708333333334,1.1067708333333335
lsu/hc_o + tpr/hc_o_32,45,4256,0.010573308270676691,1.0573308270676691
hc_o_rf_tag + id_group4/hc_o,88,8480,0.010377358490566037,1.0377358490566038
hc_o_rf_tag + id_group5/hc_o,88,8480,0.010377358490566037,1.0377358490566038
id_group1/hc_o + if_stage/hc_o,12,1168,0.010273972602739725,1.0273972602739725
id_group2/hc_o + if_stage/hc_o,12,1168,0.010273972602739725,1.0273972602739725
hc_o_rf_tag + id_group3/hc_o,87,8480,0.01025943396226415,1.025943396226415
alu_operator_o_mode + if_stage/hc_o,12,1216,0.009868421052631578,0.9868421052631579
alu_operand_c_ex_o_tag + id_group4/hc_o,3,304,0.009868421052631578,0.9868421052631579
tpr_load_store_mode/hc_o + tpr_q,15,1536,0.009765625,0.9765625
tpr_load_store_enable/hc_o + tpr_q,15,1536,0.009765625,0.9765625
csr_group12/hc_o + tpr_q,15,1536,0.009765625,0.9765625
csr_group15/hc_o + tpr_q,15,1536,0.009765625,0.9765625
pc_if_o_tag/hc_o + store_dest_addr_ex_o_tag/hc_o,6,640,0.009375,0.9375
pc_if_o_tag/hc_o + use_store_ops_ex_o/hc_o,6,640,0.009375,0.9375
alu_operand_a_ex_o_tag/hc_o + pc_if_o_tag/hc_o,6,640,0.009375,0.9375
alu_operand_b_ex_o_tag/hc_o + pc_if_o_tag/hc_o,6,640,0.009375,0.9375
check_s1_o_tag/hc_o + pc_if_o_tag/hc_o,6,640,0.009375,0.9375
pc_id_o_tag/hc_o + store_dest_addr_ex_o_tag/hc_o,6,640,0.009375,0.9375
pc_id_o_tag/hc_o + use_store_ops_ex_o/hc_o,6,640,0.009375,0.9375
alu_operand_a_ex_o_tag/hc_o + pc_id_o_tag/hc_o,6,640,0.009375,0.9375
alu_operand_b_ex_o_tag/hc_o + pc_id_o_tag/hc_o,6,640,0.009375,0.9375
check_s1_o_tag/hc_o + pc_id_o_tag/hc_o,6,640,0.009375,0.9375
alu_operand_a_ex_o_tag/hc_o + register_set_o_tag/hc_o,6,640,0.009375,0.9375
alu_operand_b_ex_o_tag/hc_o + check_s2_o_tag/hc_o,6,640,0.009375,0.9375
alu_operand_b_ex_o_tag/hc_o + memory_set_o_tag/hc_o,6,640,0.009375,0.9375
alu_operand_c_ex_o_tag + rs1_o_tag,4,480,0.008333333333333333,0.8333333333333334
rf_reg[15] + rs1_o_tag,4,480,0.008333333333333333,0.8333333333333334
alu_operand_c_ex_o_tag + regfile_alu_waddr_ex_o_tag,54,6624,0.008152173913043478,0.8152173913043478
csr_group13/hc_o + id_group3/hc_o,9,1168,0.007705479452054794,0.7705479452054794
csr_group13/hc_o + id_group4/hc_o,9,1168,0.007705479452054794,0.7705479452054794
csr_group13/hc_o + id_group5/hc_o,9,1168,0.007705479452054794,0.7705479452054794
lsu_reg/hc_o + regfile_alu_waddr_ex_o_tag,32,4256,0.007518796992481203,0.7518796992481203
id_stage/hc_o + if_stage/sd_o,4,552,0.007246376811594203,0.7246376811594203
id_stage/hc_o + sd_o_rf_tag,4,552,0.007246376811594203,0.7246376811594203
ex_stage/sd_o + id_stage/hc_o,4,552,0.007246376811594203,0.7246376811594203
id_stage/hc_o + tpr/sd_o_32,4,552,0.007246376811594203,0.7246376811594203
id_stage/hc_o + tcr/sd_o_32,4,552,0.007246376811594203,0.7246376811594203
id_stage/hc_o + lsu/sd_o,4,552,0.007246376811594203,0.7246376811594203
ex_stage/sd_o + regfile_alu_waddr_ex_o_tag,4,552,0.007246376811594203,0.7246376811594203
lsu/sd_o + regfile_alu_waddr_ex_o_tag,4,552,0.007246376811594203,0.7246376811594203
id_group3/hc_o + rdata_q_tag,16,2240,0.007142857142857143,0.7142857142857143
id_group4/hc_o + rdata_q_tag,16,2240,0.007142857142857143,0.7142857142857143
id_group5/hc_o + rdata_q_tag,16,2240,0.007142857142857143,0.7142857142857143
id_group3/hc_o + id_group7/hc_o,8,1168,0.00684931506849315,0.684931506849315
id_group3/hc_o + id_group8/hc_o,8,1168,0.00684931506849315,0.684931506849315
csr_group0/hc_o + id_group3/hc_o,8,1168,0.00684931506849315,0.684931506849315
csr_group1/hc_o + id_group3/hc_o,8,1168,0.00684931506849315,0.684931506849315
csr_group2/hc_o + id_group3/hc_o,8,1168,0.00684931506849315,0.684931506849315
csr_group3/hc_o + id_group3/hc_o,8,1168,0.00684931506849315,0.684931506849315
csr_group4/hc_o + id_group3/hc_o,8,1168,0.00684931506849315,0.684931506849315
csr_group5/hc_o + id_group3/hc_o,8,1168,0.00684931506849315,0.684931506849315
csr_group6/hc_o + id_group3/hc_o,8,1168,0.00684931506849315,0.684931506849315
csr_group7/hc_o + id_group3/hc_o,8,1168,0.00684931506849315,0.684931506849315
csr_group8/hc_o + id_group3/hc_o,8,1168,0.00684931506849315,0.684931506849315
csr_group9/hc_o + id_group3/hc_o,8,1168,0.00684931506849315,0.684931506849315
csr_group10/hc_o + id_group3/hc_o,8,1168,0.00684931506849315,0.684931506849315
csr_group11/hc_o + id_group3/hc_o,8,1168,0.00684931506849315,0.684931506849315
csr_group16/hc_o + id_group3/hc_o,8,1168,0.00684931506849315,0.684931506849315
csr_group17/hc_o + id_group3/hc_o,8,1168,0.00684931506849315,0.684931506849315
id_group3/hc_o + lsu_group1/hc_o,8,1168,0.00684931506849315,0.684931506849315
id_group3/hc_o + lsu_group2/hc_o,8,1168,0.00684931506849315,0.684931506849315
id_group3/hc_o + lsu_group3/hc_o,8,1168,0.00684931506849315,0.684931506849315
id_group3/hc_o + lsu_group4/hc_o,8,1168,0.00684931506849315,0.684931506849315
id_group3/hc_o + lsu_group5/hc_o,8,1168,0.00684931506849315,0.684931506849315
csr_group0/hc_o + id_group4/hc_o,8,1168,0.00684931506849315,0.684931506849315
csr_group1/hc_o + id_group4/hc_o,8,1168,0.00684931506849315,0.684931506849315
csr_group2/hc_o + id_group4/hc_o,8,1168,0.00684931506849315,0.684931506849315
csr_group3/hc_o + id_group4/hc_o,8,1168,0.00684931506849315,0.684931506849315
csr_group4/hc_o + id_group4/hc_o,8,1168,0.00684931506849315,0.684931506849315
csr_group5/hc_o + id_group4/hc_o,8,1168,0.00684931506849315,0.684931506849315
csr_group6/hc_o + id_group4/hc_o,8,1168,0.00684931506849315,0.684931506849315
csr_group7/hc_o + id_group4/hc_o,8,1168,0.00684931506849315,0.684931506849315
csr_group8/hc_o + id_group4/hc_o,8,1168,0.00684931506849315,0.684931506849315
csr_group9/hc_o + id_group4/hc_o,8,1168,0.00684931506849315,0.684931506849315
csr_group10/hc_o + id_group4/hc_o,8,1168,0.00684931506849315,0.684931506849315
csr_group11/hc_o + id_group4/hc_o,8,1168,0.00684931506849315,0.684931506849315
csr_group16/hc_o + id_group4/hc_o,8,1168,0.00684931506849315,0.684931506849315
id_group4/hc_o + lsu_group2/hc_o,8,1168,0.00684931506849315,0.684931506849315
id_group4/hc_o + lsu_group3/hc_o,8,1168,0.00684931506849315,0.684931506849315
id_group4/hc_o + lsu_group4/hc_o,8,1168,0.00684931506849315,0.684931506849315
id_group4/hc_o + lsu_group5/hc_o,8,1168,0.00684931506849315,0.684931506849315
id_group5/hc_o + id_group6/hc_o,8,1168,0.00684931506849315,0.684931506849315
id_group5/hc_o + id_group7/hc_o,8,1168,0.00684931506849315,0.684931506849315
id_group5/hc_o + id_group8/hc_o,8,1168,0.00684931506849315,0.684931506849315
csr_group0/hc_o + id_group5/hc_o,8,1168,0.00684931506849315,0.684931506849315
csr_group1/hc_o + id_group5/hc_o,8,1168,0.00684931506849315,0.684931506849315
csr_group2/hc_o + id_group5/hc_o,8,1168,0.00684931506849315,0.684931506849315
csr_group3/hc_o + id_group5/hc_o,8,1168,0.00684931506849315,0.684931506849315
csr_group4/hc_o + id_group5/hc_o,8,1168,0.00684931506849315,0.684931506849315
csr_group5/hc_o + id_group5/hc_o,8,1168,0.00684931506849315,0.684931506849315
csr_group6/hc_o + id_group5/hc_o,8,1168,0.00684931506849315,0.684931506849315
csr_group7/hc_o + id_group5/hc_o,8,1168,0.00684931506849315,0.684931506849315
csr_group8/hc_o + id_group5/hc_o,8,1168,0.00684931506849315,0.684931506849315
csr_group9/hc_o + id_group5/hc_o,8,1168,0.00684931506849315,0.684931506849315
csr_group10/hc_o + id_group5/hc_o,8,1168,0.00684931506849315,0.684931506849315
csr_group11/hc_o + id_group5/hc_o,8,1168,0.00684931506849315,0.684931506849315
csr_group16/hc_o + id_group5/hc_o,8,1168,0.00684931506849315,0.684931506849315
csr_group17/hc_o + id_group5/hc_o,8,1168,0.00684931506849315,0.684931506849315
id_group5/hc_o + lsu_group1/hc_o,8,1168,0.00684931506849315,0.684931506849315
id_group5/hc_o + lsu_group2/hc_o,8,1168,0.00684931506849315,0.684931506849315
id_group5/hc_o + lsu_group3/hc_o,8,1168,0.00684931506849315,0.684931506849315
id_group5/hc_o + lsu_group4/hc_o,8,1168,0.00684931506849315,0.684931506849315
id_group5/hc_o + lsu_group5/hc_o,8,1168,0.00684931506849315,0.684931506849315
hc_o_5 + hc_o_rf_tag,336,50304,0.006679389312977099,0.6679389312977099
data_type_q_tag + id_group3/hc_o,4,608,0.006578947368421052,0.6578947368421052
data_type_q_tag + id_group4/hc_o,4,608,0.006578947368421052,0.6578947368421052
data_type_q_tag + id_group5/hc_o,4,608,0.006578947368421052,0.6578947368421052
alu_operator_o_mode + id_group3/hc_o,4,608,0.006578947368421052,0.6578947368421052
alu_operator_o_mode + id_group4/hc_o,4,608,0.006578947368421052,0.6578947368421052
alu_operator_o_mode + id_group5/hc_o,4,608,0.006578947368421052,0.6578947368421052
id_group3/hc_o + rdata_offset_q_tag,4,608,0.006578947368421052,0.6578947368421052
id_group4/hc_o + rdata_offset_q_tag,4,608,0.006578947368421052,0.6578947368421052
id_group5/hc_o + rdata_offset_q_tag,4,608,0.006578947368421052,0.6578947368421052
csr_group14/hc_o + id_group3/hc_o,4,608,0.006578947368421052,0.6578947368421052
csr_group18/hc_o + id_group3/hc_o,4,608,0.006578947368421052,0.6578947368421052
csr_group19/hc_o + id_group3/hc_o,4,608,0.006578947368421052,0.6578947368421052
id_group3/hc_o + tcr_execute/hc_o,4,608,0.006578947368421052,0.6578947368421052
id_group4/hc_o + id_group9/hc_o,4,608,0.006578947368421052,0.6578947368421052
csr_group14/hc_o + id_group4/hc_o,4,608,0.006578947368421052,0.6578947368421052
csr_group18/hc_o + id_group4/hc_o,4,608,0.006578947368421052,0.6578947368421052
id_group4/hc_o + tcr_execute/hc_o,4,608,0.006578947368421052,0.6578947368421052
id_group5/hc_o + id_group9/hc_o,4,608,0.006578947368421052,0.6578947368421052
csr_group14/hc_o + id_group5/hc_o,4,608,0.006578947368421052,0.6578947368421052
csr_group18/hc_o + id_group5/hc_o,4,608,0.006578947368421052,0.6578947368421052
csr_group19/hc_o + id_group5/hc_o,4,608,0.006578947368421052,0.6578947368421052
id_group5/hc_o + tcr_execute/hc_o,4,608,0.006578947368421052,0.6578947368421052
alu_operand_a_ex_o_tag + id_group3/hc_o,2,304,0.006578947368421052,0.6578947368421052
alu_operand_a_ex_o_tag + id_group4/hc_o,2,304,0.006578947368421052,0.6578947368421052
alu_operand_a_ex_o_tag + id_group5/hc_o,2,304,0.006578947368421052,0.6578947368421052
id_group3/hc_o + register_set_o_tag,2,304,0.006578947368421052,0.6578947368421052
id_group4/hc_o + register_set_o_tag,2,304,0.006578947368421052,0.6578947368421052
id_group5/hc_o + register_set_o_tag,2,304,0.006578947368421052,0.6578947368421052
id_group3/hc_o + store_dest_addr_ex_o_tag,2,304,0.006578947368421052,0.6578947368421052
id_group4/hc_o + store_dest_addr_ex_o_tag,2,304,0.006578947368421052,0.6578947368421052
id_group5/hc_o + store_dest_addr_ex_o_tag,2,304,0.006578947368421052,0.6578947368421052
id_group3/hc_o + store_source_ex_o_tag,2,304,0.006578947368421052,0.6578947368421052
id_group4/hc_o + store_source_ex_o_tag,2,304,0.006578947368421052,0.6578947368421052
id_group5/hc_o + store_source_ex_o_tag,2,304,0.006578947368421052,0.6578947368421052
id_group3/hc_o + use_store_ops_ex_o,2,304,0.006578947368421052,0.6578947368421052
id_group4/hc_o + use_store_ops_ex_o,2,304,0.006578947368421052,0.6578947368421052
id_group5/hc_o + use_store_ops_ex_o,2,304,0.006578947368421052,0.6578947368421052
id_group3/hc_o + rf_reg[0],2,304,0.006578947368421052,0.6578947368421052
id_group4/hc_o + rf_reg[0],2,304,0.006578947368421052,0.6578947368421052
id_group5/hc_o + rf_reg[0],2,304,0.006578947368421052,0.6578947368421052
id_group3/hc_o + rf_reg[1],2,304,0.006578947368421052,0.6578947368421052
id_group4/hc_o + rf_reg[1],2,304,0.006578947368421052,0.6578947368421052
id_group5/hc_o + rf_reg[1],2,304,0.006578947368421052,0.6578947368421052
id_group3/hc_o + rf_reg[2],2,304,0.006578947368421052,0.6578947368421052
id_group4/hc_o + rf_reg[2],2,304,0.006578947368421052,0.6578947368421052
id_group5/hc_o + rf_reg[2],2,304,0.006578947368421052,0.6578947368421052
id_group3/hc_o + rf_reg[3],2,304,0.006578947368421052,0.6578947368421052
id_group4/hc_o + rf_reg[3],2,304,0.006578947368421052,0.6578947368421052
id_group5/hc_o + rf_reg[3],2,304,0.006578947368421052,0.6578947368421052
id_group3/hc_o + rf_reg[4],2,304,0.006578947368421052,0.6578947368421052
id_group4/hc_o + rf_reg[4],2,304,0.006578947368421052,0.6578947368421052
id_group5/hc_o + rf_reg[4],2,304,0.006578947368421052,0.6578947368421052
id_group3/hc_o + rf_reg[5],2,304,0.006578947368421052,0.6578947368421052
id_group4/hc_o + rf_reg[5],2,304,0.006578947368421052,0.6578947368421052
id_group5/hc_o + rf_reg[5],2,304,0.006578947368421052,0.6578947368421052
id_group3/hc_o + rf_reg[6],2,304,0.006578947368421052,0.6578947368421052
id_group4/hc_o + rf_reg[6],2,304,0.006578947368421052,0.6578947368421052
id_group5/hc_o + rf_reg[6],2,304,0.006578947368421052,0.6578947368421052
alu_operand_b_ex_o_tag + id_group4/hc_o,2,304,0.006578947368421052,0.6578947368421052
alu_operand_b_ex_o_tag + id_group5/hc_o,2,304,0.006578947368421052,0.6578947368421052
id_group3/hc_o + rf_reg[7],2,304,0.006578947368421052,0.6578947368421052
id_group4/hc_o + rf_reg[7],2,304,0.006578947368421052,0.6578947368421052
id_group5/hc_o + rf_reg[7],2,304,0.006578947368421052,0.6578947368421052
id_group3/hc_o + rf_reg[8],2,304,0.006578947368421052,0.6578947368421052
id_group4/hc_o + rf_reg[8],2,304,0.006578947368421052,0.6578947368421052
id_group5/hc_o + rf_reg[8],2,304,0.006578947368421052,0.6578947368421052
id_group3/hc_o + rf_reg[9],2,304,0.006578947368421052,0.6578947368421052
id_group4/hc_o + rf_reg[9],2,304,0.006578947368421052,0.6578947368421052
id_group5/hc_o + rf_reg[9],2,304,0.006578947368421052,0.6578947368421052
id_group3/hc_o + rf_reg[10],2,304,0.006578947368421052,0.6578947368421052
id_group4/hc_o + rf_reg[10],2,304,0.006578947368421052,0.6578947368421052
id_group5/hc_o + rf_reg[10],2,304,0.006578947368421052,0.6578947368421052
id_group3/hc_o + rf_reg[11],2,304,0.006578947368421052,0.6578947368421052
id_group4/hc_o + rf_reg[11],2,304,0.006578947368421052,0.6578947368421052
id_group5/hc_o + rf_reg[11],2,304,0.006578947368421052,0.6578947368421052
id_group3/hc_o + pc_id_o_tag,2,304,0.006578947368421052,0.6578947368421052
id_group4/hc_o + pc_id_o_tag,2,304,0.006578947368421052,0.6578947368421052
id_group3/hc_o + rf_reg[12],2,304,0.006578947368421052,0.6578947368421052
id_group4/hc_o + rf_reg[12],2,304,0.006578947368421052,0.6578947368421052
id_group5/hc_o + rf_reg[12],2,304,0.006578947368421052,0.6578947368421052
id_group3/hc_o + rf_reg[13],2,304,0.006578947368421052,0.6578947368421052
id_group4/hc_o + rf_reg[13],2,304,0.006578947368421052,0.6578947368421052
id_group5/hc_o + rf_reg[13],2,304,0.006578947368421052,0.6578947368421052
id_group3/hc_o + rf_reg[14],2,304,0.006578947368421052,0.6578947368421052
id_group4/hc_o + rf_reg[14],2,304,0.006578947368421052,0.6578947368421052
id_group5/hc_o + rf_reg[14],2,304,0.006578947368421052,0.6578947368421052
id_group3/hc_o + rf_reg[15],2,304,0.006578947368421052,0.6578947368421052
id_group4/hc_o + rf_reg[15],2,304,0.006578947368421052,0.6578947368421052
id_group5/hc_o + rf_reg[15],2,304,0.006578947368421052,0.6578947368421052
id_group3/hc_o + rf_reg[16],2,304,0.006578947368421052,0.6578947368421052
id_group4/hc_o + rf_reg[16],2,304,0.006578947368421052,0.6578947368421052
id_group5/hc_o + rf_reg[16],2,304,0.006578947368421052,0.6578947368421052
alu_operand_c_ex_o_tag + id_group3/hc_o,2,304,0.006578947368421052,0.6578947368421052
id_group3/hc_o + rf_reg[17],2,304,0.006578947368421052,0.6578947368421052
id_group4/hc_o + rf_reg[17],2,304,0.006578947368421052,0.6578947368421052
id_group5/hc_o + rf_reg[17],2,304,0.006578947368421052,0.6578947368421052
id_group3/hc_o + rf_reg[18],2,304,0.006578947368421052,0.6578947368421052
id_group4/hc_o + rf_reg[18],2,304,0.006578947368421052,0.6578947368421052
id_group5/hc_o + rf_reg[18],2,304,0.006578947368421052,0.6578947368421052
alu_operand_c_ex_o_tag + id_group5/hc_o,2,304,0.006578947368421052,0.6578947368421052
id_group3/hc_o + rf_reg[19],2,304,0.006578947368421052,0.6578947368421052
id_group4/hc_o + rf_reg[19],2,304,0.006578947368421052,0.6578947368421052
id_group5/hc_o + rf_reg[19],2,304,0.006578947368421052,0.6578947368421052
id_group3/hc_o + rf_reg[20],2,304,0.006578947368421052,0.6578947368421052
id_group4/hc_o + rf_reg[20],2,304,0.006578947368421052,0.6578947368421052
id_group5/hc_o + rf_reg[20],2,304,0.006578947368421052,0.6578947368421052
id_group3/hc_o + rf_reg[21],2,304,0.006578947368421052,0.6578947368421052
id_group4/hc_o + rf_reg[21],2,304,0.006578947368421052,0.6578947368421052
id_group5/hc_o + rf_reg[21],2,304,0.006578947368421052,0.6578947368421052
id_group3/hc_o + rf_reg[22],2,304,0.006578947368421052,0.6578947368421052
id_group4/hc_o + rf_reg[22],2,304,0.006578947368421052,0.6578947368421052
id_group5/hc_o + rf_reg[22],2,304,0.006578947368421052,0.6578947368421052
id_group3/hc_o + rf_reg[23],2,304,0.006578947368421052,0.6578947368421052
id_group4/hc_o + rf_reg[23],2,304,0.006578947368421052,0.6578947368421052
id_group5/hc_o + rf_reg[23],2,304,0.006578947368421052,0.6578947368421052
id_group3/hc_o + rf_reg[24],2,304,0.006578947368421052,0.6578947368421052
id_group4/hc_o + rf_reg[24],2,304,0.006578947368421052,0.6578947368421052
id_group5/hc_o + rf_reg[24],2,304,0.006578947368421052,0.6578947368421052
id_group3/hc_o + rf_reg[25],2,304,0.006578947368421052,0.6578947368421052
id_group4/hc_o + rf_reg[25],2,304,0.006578947368421052,0.6578947368421052
id_group5/hc_o + rf_reg[25],2,304,0.006578947368421052,0.6578947368421052
id_group3/hc_o + rf_reg[26],2,304,0.006578947368421052,0.6578947368421052
id_group4/hc_o + rf_reg[26],2,304,0.006578947368421052,0.6578947368421052
id_group5/hc_o + rf_reg[26],2,304,0.006578947368421052,0.6578947368421052
id_group3/hc_o + rf_reg[27],2,304,0.006578947368421052,0.6578947368421052
id_group4/hc_o + rf_reg[27],2,304,0.006578947368421052,0.6578947368421052
id_group5/hc_o + rf_reg[27],2,304,0.006578947368421052,0.6578947368421052
id_group3/hc_o + rf_reg[28],2,304,0.006578947368421052,0.6578947368421052
id_group4/hc_o + rf_reg[28],2,304,0.006578947368421052,0.6578947368421052
id_group5/hc_o + rf_reg[28],2,304,0.006578947368421052,0.6578947368421052
id_group3/hc_o + rf_reg[29],2,304,0.006578947368421052,0.6578947368421052
id_group4/hc_o + rf_reg[29],2,304,0.006578947368421052,0.6578947368421052
id_group5/hc_o + rf_reg[29],2,304,0.006578947368421052,0.6578947368421052
id_group3/hc_o + rf_reg[30],2,304,0.006578947368421052,0.6578947368421052
id_group4/hc_o + rf_reg[30],2,304,0.006578947368421052,0.6578947368421052
id_group5/hc_o + rf_reg[30],2,304,0.006578947368421052,0.6578947368421052
id_group3/hc_o + rf_reg[31],2,304,0.006578947368421052,0.6578947368421052
id_group4/hc_o + rf_reg[31],2,304,0.006578947368421052,0.6578947368421052
id_group5/hc_o + rf_reg[31],2,304,0.006578947368421052,0.6578947368421052
id_group3/hc_o + rs1_o_tag,2,304,0.006578947368421052,0.6578947368421052
id_group4/hc_o + rs1_o_tag,2,304,0.006578947368421052,0.6578947368421052
id_group5/hc_o + rs1_o_tag,2,304,0.006578947368421052,0.6578947368421052
data_we_q_tag + id_group3/hc_o,2,304,0.006578947368421052,0.6578947368421052
data_we_q_tag + id_group4/hc_o,2,304,0.006578947368421052,0.6578947368421052
data_we_q_tag + id_group5/hc_o,2,304,0.006578947368421052,0.6578947368421052
id_group5/hc_o + pc_id_o_tag,2,304,0.006578947368421052,0.6578947368421052
check_d_o_tag + id_group3/hc_o,2,304,0.006578947368421052,0.6578947368421052
check_d_o_tag + id_group4/hc_o,2,304,0.006578947368421052,0.6578947368421052
check_d_o_tag + id_group5/hc_o,2,304,0.006578947368421052,0.6578947368421052
check_s1_o_tag + id_group3/hc_o,2,304,0.006578947368421052,0.6578947368421052
check_s1_o_tag + id_group4/hc_o,2,304,0.006578947368421052,0.6578947368421052
check_s2_o_tag + id_group3/hc_o,2,304,0.006578947368421052,0.6578947368421052
check_s2_o_tag + id_group4/hc_o,2,304,0.006578947368421052,0.6578947368421052
check_s2_o_tag + id_group5/hc_o,2,304,0.006578947368421052,0.6578947368421052
id_group3/hc_o + is_store_post_o_tag,2,304,0.006578947368421052,0.6578947368421052
id_group4/hc_o + is_store_post_o_tag,2,304,0.006578947368421052,0.6578947368421052
id_group5/hc_o + is_store_post_o_tag,2,304,0.006578947368421052,0.6578947368421052
id_group3/hc_o + memory_set_o_tag,2,304,0.006578947368421052,0.6578947368421052
id_group4/hc_o + memory_set_o_tag,2,304,0.006578947368421052,0.6578947368421052
id_group5/hc_o + memory_set_o_tag,2,304,0.006578947368421052,0.6578947368421052
id_group3/hc_o + pc_if_o_tag,2,304,0.006578947368421052,0.6578947368421052
id_group4/hc_o + pc_if_o_tag,2,304,0.006578947368421052,0.6578947368421052
id_group5/hc_o + pc_if_o_tag,2,304,0.006578947368421052,0.6578947368421052
id_group3/hc_o + id_group3/sd_o,1,152,0.006578947368421052,0.6578947368421052
id_group4/hc_o + id_group4/sd_o,1,152,0.006578947368421052,0.6578947368421052
id_group5/hc_o + id_group5/sd_o,1,152,0.006578947368421052,0.6578947368421052
ex_stage/hc_o + regfile_alu_waddr_ex_o_tag,14,2208,0.006340579710144928,0.6340579710144928
check_s1_o_tag + rf_reg[0],3,480,0.00625,0.625
check_s1_o_tag + rf_reg[3],3,480,0.00625,0.625
check_s1_o_tag + rf_reg[4],3,480,0.00625,0.625
check_s1_o_tag + rf_reg[5],3,480,0.00625,0.625
check_s1_o_tag + rf_reg[6],3,480,0.00625,0.625
check_s1_o_tag + rf_reg[7],3,480,0.00625,0.625
check_s1_o_tag + rf_reg[8],3,480,0.00625,0.625
check_s1_o_tag + rf_reg[9],3,480,0.00625,0.625
check_s1_o_tag + rf_reg[10],3,480,0.00625,0.625
check_s1_o_tag + rf_reg[11],3,480,0.00625,0.625
check_s1_o_tag + rf_reg[12],3,480,0.00625,0.625
check_s1_o_tag + rf_reg[13],3,480,0.00625,0.625
check_s1_o_tag + rf_reg[14],3,480,0.00625,0.625
check_s1_o_tag + rf_reg[16],3,480,0.00625,0.625
check_s1_o_tag + rf_reg[17],3,480,0.00625,0.625
check_s1_o_tag + rf_reg[18],3,480,0.00625,0.625
check_s1_o_tag + rf_reg[19],3,480,0.00625,0.625
check_s1_o_tag + rf_reg[20],3,480,0.00625,0.625
check_s1_o_tag + rf_reg[21],3,480,0.00625,0.625
check_s1_o_tag + rf_reg[22],3,480,0.00625,0.625
check_s1_o_tag + rf_reg[23],3,480,0.00625,0.625
check_s1_o_tag + rf_reg[24],3,480,0.00625,0.625
check_s1_o_tag + rf_reg[25],3,480,0.00625,0.625
check_s1_o_tag + rf_reg[26],3,480,0.00625,0.625
check_s1_o_tag + rf_reg[27],3,480,0.00625,0.625
check_s1_o_tag + rf_reg[28],3,480,0.00625,0.625
check_s1_o_tag + rf_reg[29],3,480,0.00625,0.625
check_s1_o_tag + rf_reg[30],3,480,0.00625,0.625
check_s1_o_tag + rf_reg[31],3,480,0.00625,0.625
alu_operand_a_ex_o_tag + rf_reg[0],3,480,0.00625,0.625
alu_operand_a_ex_o_tag + rf_reg[3],3,480,0.00625,0.625
alu_operand_a_ex_o_tag + rf_reg[4],3,480,0.00625,0.625
alu_operand_a_ex_o_tag + rf_reg[5],3,480,0.00625,0.625
alu_operand_a_ex_o_tag + rf_reg[6],3,480,0.00625,0.625
alu_operand_a_ex_o_tag + rf_reg[7],3,480,0.00625,0.625
alu_operand_a_ex_o_tag + rf_reg[9],3,480,0.00625,0.625
alu_operand_a_ex_o_tag + rf_reg[10],3,480,0.00625,0.625
alu_operand_a_ex_o_tag + rf_reg[11],3,480,0.00625,0.625
alu_operand_a_ex_o_tag + rf_reg[12],3,480,0.00625,0.625
alu_operand_a_ex_o_tag + rf_reg[13],3,480,0.00625,0.625
alu_operand_a_ex_o_tag + rf_reg[14],3,480,0.00625,0.625
alu_operand_a_ex_o_tag + rf_reg[16],3,480,0.00625,0.625
alu_operand_a_ex_o_tag + rf_reg[17],3,480,0.00625,0.625
alu_operand_a_ex_o_tag + rf_reg[18],3,480,0.00625,0.625
alu_operand_a_ex_o_tag + rf_reg[19],3,480,0.00625,0.625
alu_operand_a_ex_o_tag + rf_reg[20],3,480,0.00625,0.625
alu_operand_a_ex_o_tag + rf_reg[21],3,480,0.00625,0.625
alu_operand_a_ex_o_tag + rf_reg[22],3,480,0.00625,0.625
alu_operand_a_ex_o_tag + rf_reg[23],3,480,0.00625,0.625
alu_operand_a_ex_o_tag + rf_reg[24],3,480,0.00625,0.625
alu_operand_a_ex_o_tag + rf_reg[25],3,480,0.00625,0.625
alu_operand_a_ex_o_tag + rf_reg[26],3,480,0.00625,0.625
alu_operand_a_ex_o_tag + rf_reg[27],3,480,0.00625,0.625
alu_operand_a_ex_o_tag + rf_reg[28],3,480,0.00625,0.625
alu_operand_a_ex_o_tag + rf_reg[29],3,480,0.00625,0.625
alu_operand_a_ex_o_tag + rf_reg[30],3,480,0.00625,0.625
alu_operand_a_ex_o_tag + rf_reg[31],3,480,0.00625,0.625
rf_reg[0] + store_dest_addr_ex_o_tag,3,480,0.00625,0.625
rf_reg[3] + store_dest_addr_ex_o_tag,3,480,0.00625,0.625
rf_reg[4] + store_dest_addr_ex_o_tag,3,480,0.00625,0.625
rf_reg[5] + store_dest_addr_ex_o_tag,3,480,0.00625,0.625
rf_reg[6] + store_dest_addr_ex_o_tag,3,480,0.00625,0.625
rf_reg[7] + store_dest_addr_ex_o_tag,3,480,0.00625,0.625
rf_reg[8] + store_dest_addr_ex_o_tag,3,480,0.00625,0.625
rf_reg[9] + store_dest_addr_ex_o_tag,3,480,0.00625,0.625
rf_reg[10] + store_dest_addr_ex_o_tag,3,480,0.00625,0.625
rf_reg[11] + store_dest_addr_ex_o_tag,3,480,0.00625,0.625
rf_reg[12] + store_dest_addr_ex_o_tag,3,480,0.00625,0.625
rf_reg[13] + store_dest_addr_ex_o_tag,3,480,0.00625,0.625
rf_reg[14] + store_dest_addr_ex_o_tag,3,480,0.00625,0.625
rf_reg[16] + store_dest_addr_ex_o_tag,3,480,0.00625,0.625
rf_reg[17] + store_dest_addr_ex_o_tag,3,480,0.00625,0.625
rf_reg[18] + store_dest_addr_ex_o_tag,3,480,0.00625,0.625
rf_reg[19] + store_dest_addr_ex_o_tag,3,480,0.00625,0.625
rf_reg[20] + store_dest_addr_ex_o_tag,3,480,0.00625,0.625
rf_reg[21] + store_dest_addr_ex_o_tag,3,480,0.00625,0.625
rf_reg[22] + store_dest_addr_ex_o_tag,3,480,0.00625,0.625
rf_reg[23] + store_dest_addr_ex_o_tag,3,480,0.00625,0.625
rf_reg[24] + store_dest_addr_ex_o_tag,3,480,0.00625,0.625
rf_reg[25] + store_dest_addr_ex_o_tag,3,480,0.00625,0.625
rf_reg[26] + store_dest_addr_ex_o_tag,3,480,0.00625,0.625
rf_reg[27] + store_dest_addr_ex_o_tag,3,480,0.00625,0.625
rf_reg[28] + store_dest_addr_ex_o_tag,3,480,0.00625,0.625
rf_reg[29] + store_dest_addr_ex_o_tag,3,480,0.00625,0.625
rf_reg[30] + store_dest_addr_ex_o_tag,3,480,0.00625,0.625
rf_reg[31] + store_dest_addr_ex_o_tag,3,480,0.00625,0.625
rf_reg[0] + use_store_ops_ex_o,3,480,0.00625,0.625
rf_reg[3] + use_store_ops_ex_o,3,480,0.00625,0.625
rf_reg[4] + use_store_ops_ex_o,3,480,0.00625,0.625
rf_reg[5] + use_store_ops_ex_o,3,480,0.00625,0.625
rf_reg[6] + use_store_ops_ex_o,3,480,0.00625,0.625
rf_reg[7] + use_store_ops_ex_o,3,480,0.00625,0.625
rf_reg[8] + use_store_ops_ex_o,3,480,0.00625,0.625
rf_reg[9] + use_store_ops_ex_o,3,480,0.00625,0.625
rf_reg[10] + use_store_ops_ex_o,3,480,0.00625,0.625
rf_reg[11] + use_store_ops_ex_o,3,480,0.00625,0.625
rf_reg[12] + use_store_ops_ex_o,3,480,0.00625,0.625
rf_reg[13] + use_store_ops_ex_o,3,480,0.00625,0.625
rf_reg[14] + use_store_ops_ex_o,3,480,0.00625,0.625
rf_reg[16] + use_store_ops_ex_o,3,480,0.00625,0.625
rf_reg[17] + use_store_ops_ex_o,3,480,0.00625,0.625
rf_reg[18] + use_store_ops_ex_o,3,480,0.00625,0.625
rf_reg[19] + use_store_ops_ex_o,3,480,0.00625,0.625
rf_reg[20] + use_store_ops_ex_o,3,480,0.00625,0.625
rf_reg[21] + use_store_ops_ex_o,3,480,0.00625,0.625
rf_reg[22] + use_store_ops_ex_o,3,480,0.00625,0.625
rf_reg[23] + use_store_ops_ex_o,3,480,0.00625,0.625
rf_reg[24] + use_store_ops_ex_o,3,480,0.00625,0.625
rf_reg[25] + use_store_ops_ex_o,3,480,0.00625,0.625
rf_reg[26] + use_store_ops_ex_o,3,480,0.00625,0.625
rf_reg[27] + use_store_ops_ex_o,3,480,0.00625,0.625
rf_reg[28] + use_store_ops_ex_o,3,480,0.00625,0.625
rf_reg[29] + use_store_ops_ex_o,3,480,0.00625,0.625
rf_reg[30] + use_store_ops_ex_o,3,480,0.00625,0.625
rf_reg[31] + use_store_ops_ex_o,3,480,0.00625,0.625
alu_operand_b_ex_o_tag + rf_reg[0],3,480,0.00625,0.625
alu_operand_b_ex_o_tag + rf_reg[3],3,480,0.00625,0.625
alu_operand_b_ex_o_tag + rf_reg[4],3,480,0.00625,0.625
alu_operand_b_ex_o_tag + rf_reg[5],3,480,0.00625,0.625
alu_operand_b_ex_o_tag + rf_reg[6],3,480,0.00625,0.625
alu_operand_b_ex_o_tag + rf_reg[7],3,480,0.00625,0.625
alu_operand_b_ex_o_tag + rf_reg[9],3,480,0.00625,0.625
alu_operand_b_ex_o_tag + rf_reg[10],3,480,0.00625,0.625
alu_operand_b_ex_o_tag + rf_reg[11],3,480,0.00625,0.625
alu_operand_b_ex_o_tag + rf_reg[12],3,480,0.00625,0.625
alu_operand_b_ex_o_tag + rf_reg[13],3,480,0.00625,0.625
alu_operand_b_ex_o_tag + rf_reg[14],3,480,0.00625,0.625
alu_operand_b_ex_o_tag + rf_reg[16],3,480,0.00625,0.625
alu_operand_b_ex_o_tag + rf_reg[17],3,480,0.00625,0.625
alu_operand_b_ex_o_tag + rf_reg[18],3,480,0.00625,0.625
alu_operand_b_ex_o_tag + rf_reg[19],3,480,0.00625,0.625
alu_operand_b_ex_o_tag + rf_reg[20],3,480,0.00625,0.625
alu_operand_b_ex_o_tag + rf_reg[21],3,480,0.00625,0.625
alu_operand_b_ex_o_tag + rf_reg[22],3,480,0.00625,0.625
alu_operand_b_ex_o_tag + rf_reg[23],3,480,0.00625,0.625
alu_operand_b_ex_o_tag + rf_reg[24],3,480,0.00625,0.625
alu_operand_b_ex_o_tag + rf_reg[25],3,480,0.00625,0.625
alu_operand_b_ex_o_tag + rf_reg[26],3,480,0.00625,0.625
alu_operand_b_ex_o_tag + rf_reg[27],3,480,0.00625,0.625
alu_operand_b_ex_o_tag + rf_reg[28],3,480,0.00625,0.625
alu_operand_b_ex_o_tag + rf_reg[29],3,480,0.00625,0.625
alu_operand_b_ex_o_tag + rf_reg[30],3,480,0.00625,0.625
alu_operand_b_ex_o_tag + rf_reg[31],3,480,0.00625,0.625
id_group3/hc_o + id_group6/hc_o,7,1168,0.0059931506849315065,0.5993150684931506
id_group4/hc_o + id_group6/hc_o,7,1168,0.0059931506849315065,0.5993150684931506
id_group4/hc_o + id_group7/hc_o,7,1168,0.0059931506849315065,0.5993150684931506
csr_group17/hc_o + id_group4/hc_o,7,1168,0.0059931506849315065,0.5993150684931506
id_group4/hc_o + lsu_group1/hc_o,7,1168,0.0059931506849315065,0.5993150684931506
regfile_alu_waddr_ex_o_tag + store_source_ex_o_tag,39,6624,0.00588768115942029,0.588768115942029
regfile_alu_waddr_ex_o_tag + tpr_q,86,15360,0.005598958333333333,0.5598958333333334
tcr_q + tpr_q,534,98304,0.00543212890625,0.543212890625
check_d_o_tag + data_type_q_tag,5,960,0.005208333333333333,0.5208333333333333
data_type_q_tag + is_store_post_o_tag,5,960,0.005208333333333333,0.5208333333333333
rdata_offset_q_tag + store_source_ex_o_tag,5,960,0.005208333333333333,0.5208333333333333
id_group3/hc_o + if_stage/hc_o,6,1168,0.005136986301369863,0.5136986301369862
id_group4/hc_o + if_stage/hc_o,6,1168,0.005136986301369863,0.5136986301369862
id_group5/hc_o + if_stage/hc_o,6,1168,0.005136986301369863,0.5136986301369862
id_group4/hc_o + id_group8/hc_o,6,1168,0.005136986301369863,0.5136986301369862
id_group3/hc_o + id_group9/hc_o,3,608,0.004934210526315789,0.4934210526315789
csr_group19/hc_o + id_group4/hc_o,3,608,0.004934210526315789,0.4934210526315789
rdata_q_tag + store_source_ex_o_tag,15,3456,0.004340277777777778,0.4340277777777778
hc_o_rf_tag + regfile_alu_waddr_ex_o_tag,712,166240,0.004282964388835419,0.4282964388835419
id_stage/hc_o + lsu/hc_o,18,4256,0.0042293233082706765,0.42293233082706766
lsu/hc_o + regfile_alu_waddr_ex_o_tag,18,4256,0.0042293233082706765,0.42293233082706766
regfile_alu_waddr_ex_o_tag + tcr_q,64,15360,0.004166666666666667,0.4166666666666667
data_we_q_tag + rdata_offset_q_tag,4,960,0.004166666666666667,0.4166666666666667
check_d_o_tag + rdata_offset_q_tag,4,960,0.004166666666666667,0.4166666666666667
memory_set_o_tag + rdata_offset_q_tag,4,960,0.004166666666666667,0.4166666666666667
data_type_q_tag + store_source_ex_o_tag,4,960,0.004166666666666667,0.4166666666666667
pc_id_o_tag + rf_reg[15],2,480,0.004166666666666667,0.4166666666666667
alu_operand_c_ex_o_tag + check_d_o_tag,2,480,0.004166666666666667,0.4166666666666667
alu_operand_c_ex_o_tag + check_s2_o_tag,2,480,0.004166666666666667,0.4166666666666667
alu_operand_c_ex_o_tag + is_store_post_o_tag,2,480,0.004166666666666667,0.4166666666666667
alu_operand_c_ex_o_tag + register_set_o_tag,2,480,0.004166666666666667,0.4166666666666667
data_we_q_tag + rs1_o_tag,2,480,0.004166666666666667,0.4166666666666667
check_d_o_tag + register_set_o_tag,2,480,0.004166666666666667,0.4166666666666667
check_d_o_tag + store_source_ex_o_tag,2,480,0.004166666666666667,0.4166666666666667
check_s2_o_tag + is_store_post_o_tag,2,480,0.004166666666666667,0.4166666666666667
check_s2_o_tag + memory_set_o_tag,2,480,0.004166666666666667,0.4166666666666667
memory_set_o_tag + store_source_ex_o_tag,2,480,0.004166666666666667,0.4166666666666667
pc_if_o_tag + rf_reg[15],2,480,0.004166666666666667,0.4166666666666667
alu_operand_a_ex_o_tag + alu_operand_b_ex_o_tag,2,480,0.004166666666666667,0.4166666666666667
rs1_o_tag + store_source_ex_o_tag,2,480,0.004166666666666667,0.4166666666666667
rf_reg[15] + rf_reg[1],2,480,0.004166666666666667,0.4166666666666667
is_store_post_o_tag + rdata_q_tag,14,3456,0.004050925925925926,0.40509259259259256
hc_o_rf_tag + lsu_reg/hc_o,32,8384,0.003816793893129771,0.38167938931297707
check_d_o_tag + rdata_q_tag,13,3456,0.003761574074074074,0.3761574074074074
alu_operand_b_ex_o_tag + hc_o_rf_tag,40,10720,0.0037313432835820895,0.3731343283582089
hc_o_rf_tag + rf_reg[16],40,10720,0.0037313432835820895,0.3731343283582089
hc_o_rf_tag + rf_reg[17],40,10720,0.0037313432835820895,0.3731343283582089
hc_o_rf_tag + rf_reg[19],40,10720,0.0037313432835820895,0.3731343283582089
hc_o_rf_tag + rf_reg[20],40,10720,0.0037313432835820895,0.3731343283582089
hc_o_rf_tag + rf_reg[22],40,10720,0.0037313432835820895,0.3731343283582089
hc_o_rf_tag + rf_reg[23],40,10720,0.0037313432835820895,0.3731343283582089
hc_o_rf_tag + rf_reg[25],40,10720,0.0037313432835820895,0.3731343283582089
hc_o_rf_tag + rf_reg[28],40,10720,0.0037313432835820895,0.3731343283582089
alu_operand_c_ex_o_tag + hc_o_rf_tag,40,10720,0.0037313432835820895,0.3731343283582089
hc_o_rf_tag + rf_reg[30],40,10720,0.0037313432835820895,0.3731343283582089
hc_o_rf_tag + rf_reg[31],40,10720,0.0037313432835820895,0.3731343283582089
hc_o_rf_tag + rs1_o_tag,40,10720,0.0037313432835820895,0.3731343283582089
data_we_q_tag + hc_o_rf_tag,40,10720,0.0037313432835820895,0.3731343283582089
check_d_o_tag + hc_o_rf_tag,40,10720,0.0037313432835820895,0.3731343283582089
hc_o_rf_tag + pc_id_o_tag,40,10720,0.0037313432835820895,0.3731343283582089
check_s1_o_tag + hc_o_rf_tag,40,10720,0.0037313432835820895,0.3731343283582089
check_s2_o_tag + hc_o_rf_tag,40,10720,0.0037313432835820895,0.3731343283582089
hc_o_rf_tag + is_store_post_o_tag,40,10720,0.0037313432835820895,0.3731343283582089
hc_o_rf_tag + memory_set_o_tag,40,10720,0.0037313432835820895,0.3731343283582089
hc_o_rf_tag + pc_if_o_tag,40,10720,0.0037313432835820895,0.3731343283582089
hc_o_rf_tag + register_set_o_tag,40,10720,0.0037313432835820895,0.3731343283582089
hc_o_rf_tag + store_dest_addr_ex_o_tag,40,10720,0.0037313432835820895,0.3731343283582089
hc_o_rf_tag + store_source_ex_o_tag,40,10720,0.0037313432835820895,0.3731343283582089
hc_o_rf_tag + use_store_ops_ex_o,40,10720,0.0037313432835820895,0.3731343283582089
alu_operand_a_ex_o_tag + hc_o_rf_tag,40,10720,0.0037313432835820895,0.3731343283582089
hc_o_rf_tag + rf_reg[3],40,10720,0.0037313432835820895,0.3731343283582089
hc_o_rf_tag + rf_reg[6],40,10720,0.0037313432835820895,0.3731343283582089
hc_o_rf_tag + rf_reg[8],40,10720,0.0037313432835820895,0.3731343283582089
hc_o_rf_tag + rf_reg[9],40,10720,0.0037313432835820895,0.3731343283582089
hc_o_rf_tag + rf_reg[11],40,10720,0.0037313432835820895,0.3731343283582089
hc_o_rf_tag + rf_reg[13],40,10720,0.0037313432835820895,0.3731343283582089
hc_o_rf_tag + rf_reg[14],40,10720,0.0037313432835820895,0.3731343283582089
hc_o_rf_tag + sd_o_5,12,3216,0.0037313432835820895,0.3731343283582089
hc_o_rf_tag + tpr/sd_o_32,12,3216,0.0037313432835820895,0.3731343283582089
hc_o_rf_tag + tcr/sd_o_32,12,3216,0.0037313432835820895,0.3731343283582089
hc_o_rf_tag + if_stage/sd_o,8,2144,0.0037313432835820895,0.3731343283582089
hc_o_rf_tag + pc_if_o_tag/sd_o,8,2144,0.0037313432835820895,0.3731343283582089
hc_o_rf_tag + pc_id_o_tag/sd_o,8,2144,0.0037313432835820895,0.3731343283582089
alu_operator_o_mode/sd_o + hc_o_rf_tag,8,2144,0.0037313432835820895,0.3731343283582089
hc_o_rf_tag + store_dest_addr_ex_o_tag/sd_o,8,2144,0.0037313432835820895,0.3731343283582089
hc_o_rf_tag + store_source_ex_o_tag/sd_o,8,2144,0.0037313432835820895,0.3731343283582089
hc_o_rf_tag + use_store_ops_ex_o/sd_o,8,2144,0.0037313432835820895,0.3731343283582089
alu_operand_a_ex_o_tag/sd_o + hc_o_rf_tag,8,2144,0.0037313432835820895,0.3731343283582089
alu_operand_b_ex_o_tag/sd_o + hc_o_rf_tag,8,2144,0.0037313432835820895,0.3731343283582089
alu_operand_c_ex_o_tag/sd_o + hc_o_rf_tag,8,2144,0.0037313432835820895,0.3731343283582089
check_s1_o_tag/sd_o + hc_o_rf_tag,8,2144,0.0037313432835820895,0.3731343283582089
check_s2_o_tag/sd_o + hc_o_rf_tag,8,2144,0.0037313432835820895,0.3731343283582089
check_d_o_tag/sd_o + hc_o_rf_tag,8,2144,0.0037313432835820895,0.3731343283582089
hc_o_rf_tag + register_set_o_tag/sd_o,8,2144,0.0037313432835820895,0.3731343283582089
hc_o_rf_tag + is_store_post_o_tag/sd_o,8,2144,0.0037313432835820895,0.3731343283582089
hc_o_rf_tag + memory_set_o_tag/sd_o,8,2144,0.0037313432835820895,0.3731343283582089
hc_o_rf_tag + rs1_o_tag/sd_o,8,2144,0.0037313432835820895,0.3731343283582089
data_we_q_tag/sd_o + hc_o_rf_tag,8,2144,0.0037313432835820895,0.3731343283582089
hc_o_rf_tag + rdata_offset_q_tag/sd_o,8,2144,0.0037313432835820895,0.3731343283582089
data_type_q_tag/sd_o + hc_o_rf_tag,8,2144,0.0037313432835820895,0.3731343283582089
hc_o_rf_tag + rdata_q_tag/sd_o,8,2144,0.0037313432835820895,0.3731343283582089
hc_o_rf_tag + tcr_execute/sd_o,8,2144,0.0037313432835820895,0.3731343283582089
hc_o_rf_tag + sd_o_26,4,1072,0.0037313432835820895,0.3731343283582089
hc_o_rf_tag + id_stage/sd_o,4,1072,0.0037313432835820895,0.3731343283582089
ex_stage/sd_o + hc_o_rf_tag,4,1072,0.0037313432835820895,0.3731343283582089
hc_o_rf_tag + lsu/sd_o,4,1072,0.0037313432835820895,0.3731343283582089
hc_o_rf_tag + tpr_arith/sd_o,4,1072,0.0037313432835820895,0.3731343283582089
hc_o_rf_tag + tpr_branch/sd_o,4,1072,0.0037313432835820895,0.3731343283582089
hc_o_rf_tag + tpr_jump/sd_o,4,1072,0.0037313432835820895,0.3731343283582089
hc_o_rf_tag + tpr_shift/sd_o,4,1072,0.0037313432835820895,0.3731343283582089
hc_o_rf_tag + tpr_comparison/sd_o,4,1072,0.0037313432835820895,0.3731343283582089
hc_o_rf_tag + tpr_logical/sd_o,4,1072,0.0037313432835820895,0.3731343283582089
hc_o_rf_tag + tpr_load_store_mode/sd_o,4,1072,0.0037313432835820895,0.3731343283582089
hc_o_rf_tag + tpr_load_store_enable/sd_o,4,1072,0.0037313432835820895,0.3731343283582089
hc_o_rf_tag + tcr_arith/sd_o,4,1072,0.0037313432835820895,0.3731343283582089
hc_o_rf_tag + tcr_branch/sd_o,4,1072,0.0037313432835820895,0.3731343283582089
hc_o_rf_tag + tcr_jump/sd_o,4,1072,0.0037313432835820895,0.3731343283582089
hc_o_rf_tag + tcr_shift/sd_o,4,1072,0.0037313432835820895,0.3731343283582089
hc_o_rf_tag + tcr_comparison/sd_o,4,1072,0.0037313432835820895,0.3731343283582089
hc_o_rf_tag + tcr_logical/sd_o,4,1072,0.0037313432835820895,0.3731343283582089
hc_o_rf_tag + tcr_load_store/sd_o,4,1072,0.0037313432835820895,0.3731343283582089
hc_o_rf_tag + id_group0/sd_o,4,1072,0.0037313432835820895,0.3731343283582089
hc_o_rf_tag + id_group1/sd_o,4,1072,0.0037313432835820895,0.3731343283582089
hc_o_rf_tag + id_group2/sd_o,4,1072,0.0037313432835820895,0.3731343283582089
hc_o_rf_tag + id_group3/sd_o,4,1072,0.0037313432835820895,0.3731343283582089
hc_o_rf_tag + id_group4/sd_o,4,1072,0.0037313432835820895,0.3731343283582089
hc_o_rf_tag + id_group5/sd_o,4,1072,0.0037313432835820895,0.3731343283582089
hc_o_rf_tag + id_group6/sd_o,4,1072,0.0037313432835820895,0.3731343283582089
hc_o_rf_tag + id_group7/sd_o,4,1072,0.0037313432835820895,0.3731343283582089
hc_o_rf_tag + id_group8/sd_o,4,1072,0.0037313432835820895,0.3731343283582089
hc_o_rf_tag + id_group9/sd_o,4,1072,0.0037313432835820895,0.3731343283582089
csr_group0/sd_o + hc_o_rf_tag,4,1072,0.0037313432835820895,0.3731343283582089
csr_group1/sd_o + hc_o_rf_tag,4,1072,0.0037313432835820895,0.3731343283582089
csr_group2/sd_o + hc_o_rf_tag,4,1072,0.0037313432835820895,0.3731343283582089
csr_group3/sd_o + hc_o_rf_tag,4,1072,0.0037313432835820895,0.3731343283582089
csr_group4/sd_o + hc_o_rf_tag,4,1072,0.0037313432835820895,0.3731343283582089
csr_group5/sd_o + hc_o_rf_tag,4,1072,0.0037313432835820895,0.3731343283582089
csr_group6/sd_o + hc_o_rf_tag,4,1072,0.0037313432835820895,0.3731343283582089
csr_group7/sd_o + hc_o_rf_tag,4,1072,0.0037313432835820895,0.3731343283582089
csr_group8/sd_o + hc_o_rf_tag,4,1072,0.0037313432835820895,0.3731343283582089
csr_group9/sd_o + hc_o_rf_tag,4,1072,0.0037313432835820895,0.3731343283582089
csr_group10/sd_o + hc_o_rf_tag,4,1072,0.0037313432835820895,0.3731343283582089
csr_group11/sd_o + hc_o_rf_tag,4,1072,0.0037313432835820895,0.3731343283582089
csr_group12/sd_o + hc_o_rf_tag,4,1072,0.0037313432835820895,0.3731343283582089
csr_group13/sd_o + hc_o_rf_tag,4,1072,0.0037313432835820895,0.3731343283582089
csr_group14/sd_o + hc_o_rf_tag,4,1072,0.0037313432835820895,0.3731343283582089
csr_group15/sd_o + hc_o_rf_tag,4,1072,0.0037313432835820895,0.3731343283582089
csr_group16/sd_o + hc_o_rf_tag,4,1072,0.0037313432835820895,0.3731343283582089
csr_group17/sd_o + hc_o_rf_tag,4,1072,0.0037313432835820895,0.3731343283582089
csr_group18/sd_o + hc_o_rf_tag,4,1072,0.0037313432835820895,0.3731343283582089
csr_group19/sd_o + hc_o_rf_tag,4,1072,0.0037313432835820895,0.3731343283582089
csr_group20/sd_o + hc_o_rf_tag,4,1072,0.0037313432835820895,0.3731343283582089
hc_o_rf_tag + lsu_group1/sd_o,4,1072,0.0037313432835820895,0.3731343283582089
hc_o_rf_tag + lsu_group2/sd_o,4,1072,0.0037313432835820895,0.3731343283582089
hc_o_rf_tag + lsu_group3/sd_o,4,1072,0.0037313432835820895,0.3731343283582089
hc_o_rf_tag + lsu_group4/sd_o,4,1072,0.0037313432835820895,0.3731343283582089
hc_o_rf_tag + lsu_group5/sd_o,4,1072,0.0037313432835820895,0.3731343283582089
if_stage/sd_o + regfile_alu_waddr_ex_o_tag,4,1104,0.0036231884057971015,0.36231884057971014
id_stage/sd_o + regfile_alu_waddr_ex_o_tag,2,552,0.0036231884057971015,0.36231884057971014
regfile_alu_waddr_ex_o_tag + sp_o_5,2,552,0.0036231884057971015,0.36231884057971014
is_store_post_o_tag + tpr_q,11,3072,0.0035807291666666665,0.35807291666666663
hc_o_5 + rdata_offset_q_tag/hc_o,16,4480,0.0035714285714285713,0.35714285714285715
data_type_q_tag/hc_o + hc_o_5,16,4480,0.0035714285714285713,0.35714285714285715
hc_o_5 + rdata_q_tag/hc_o,16,4480,0.0035714285714285713,0.35714285714285715
hc_o_5 + tpr_arith/hc_o,8,2240,0.0035714285714285713,0.35714285714285715
hc_o_5 + tpr_branch/hc_o,8,2240,0.0035714285714285713,0.35714285714285715
hc_o_5 + tpr_jump/hc_o,8,2240,0.0035714285714285713,0.35714285714285715
hc_o_5 + tpr_shift/hc_o,8,2240,0.0035714285714285713,0.35714285714285715
hc_o_5 + tpr_comparison/hc_o,8,2240,0.0035714285714285713,0.35714285714285715
hc_o_5 + tpr_logical/hc_o,8,2240,0.0035714285714285713,0.35714285714285715
hc_o_5 + tcr_arith/hc_o,8,2240,0.0035714285714285713,0.35714285714285715
hc_o_5 + tcr_branch/hc_o,8,2240,0.0035714285714285713,0.35714285714285715
hc_o_5 + tcr_jump/hc_o,8,2240,0.0035714285714285713,0.35714285714285715
hc_o_5 + tcr_shift/hc_o,8,2240,0.0035714285714285713,0.35714285714285715
hc_o_5 + tcr_comparison/hc_o,8,2240,0.0035714285714285713,0.35714285714285715
hc_o_5 + tcr_logical/hc_o,8,2240,0.0035714285714285713,0.35714285714285715
csr_group13/hc_o + hc_o_rf_tag,30,8480,0.003537735849056604,0.3537735849056604
hc_o_5 + rdata_q_tag,46,13056,0.0035232843137254903,0.35232843137254904
data_type_q_tag + hc_o_5,12,3456,0.003472222222222222,0.3472222222222222
data_we_q_tag + rdata_q_tag,12,3456,0.003472222222222222,0.3472222222222222
hc_o_5 + rdata_offset_q_tag,12,3456,0.003472222222222222,0.3472222222222222
hc_o_5 + store_source_ex_o_tag/hc_o,8,2304,0.003472222222222222,0.3472222222222222
alu_operand_c_ex_o_tag/hc_o + hc_o_5,8,2304,0.003472222222222222,0.3472222222222222
check_s2_o_tag/hc_o + hc_o_5,8,2304,0.003472222222222222,0.3472222222222222
check_d_o_tag/hc_o + hc_o_5,8,2304,0.003472222222222222,0.3472222222222222
hc_o_5 + memory_set_o_tag/hc_o,8,2304,0.003472222222222222,0.3472222222222222
data_we_q_tag/hc_o + hc_o_5,8,2304,0.003472222222222222,0.3472222222222222
hc_o_5 + rf_reg[17],6,1728,0.003472222222222222,0.3472222222222222
hc_o_5 + rf_reg[18],6,1728,0.003472222222222222,0.3472222222222222
hc_o_5 + rf_reg[19],6,1728,0.003472222222222222,0.3472222222222222
hc_o_5 + rf_reg[20],6,1728,0.003472222222222222,0.3472222222222222
hc_o_5 + rf_reg[21],6,1728,0.003472222222222222,0.3472222222222222
hc_o_5 + rf_reg[22],6,1728,0.003472222222222222,0.3472222222222222
alu_operand_c_ex_o_tag + hc_o_5,6,1728,0.003472222222222222,0.3472222222222222
hc_o_5 + rf_reg[23],6,1728,0.003472222222222222,0.3472222222222222
hc_o_5 + rf_reg[24],6,1728,0.003472222222222222,0.3472222222222222
hc_o_5 + rf_reg[25],6,1728,0.003472222222222222,0.3472222222222222
hc_o_5 + rf_reg[26],6,1728,0.003472222222222222,0.3472222222222222
hc_o_5 + rf_reg[27],6,1728,0.003472222222222222,0.3472222222222222
hc_o_5 + rf_reg[28],6,1728,0.003472222222222222,0.3472222222222222
hc_o_5 + rf_reg[29],6,1728,0.003472222222222222,0.3472222222222222
hc_o_5 + rf_reg[30],6,1728,0.003472222222222222,0.3472222222222222
hc_o_5 + rf_reg[31],6,1728,0.003472222222222222,0.3472222222222222
hc_o_5 + rs1_o_tag,6,1728,0.003472222222222222,0.3472222222222222
data_we_q_tag + hc_o_5,6,1728,0.003472222222222222,0.3472222222222222
check_d_o_tag + hc_o_5,6,1728,0.003472222222222222,0.3472222222222222
hc_o_5 + pc_id_o_tag,6,1728,0.003472222222222222,0.3472222222222222
check_s1_o_tag + hc_o_5,6,1728,0.003472222222222222,0.3472222222222222
check_s2_o_tag + hc_o_5,6,1728,0.003472222222222222,0.3472222222222222
hc_o_5 + is_store_post_o_tag,6,1728,0.003472222222222222,0.3472222222222222
hc_o_5 + memory_set_o_tag,6,1728,0.003472222222222222,0.3472222222222222
hc_o_5 + pc_if_o_tag,6,1728,0.003472222222222222,0.3472222222222222
alu_operand_a_ex_o_tag + hc_o_5,6,1728,0.003472222222222222,0.3472222222222222
hc_o_5 + register_set_o_tag,6,1728,0.003472222222222222,0.3472222222222222
hc_o_5 + store_dest_addr_ex_o_tag,6,1728,0.003472222222222222,0.3472222222222222
hc_o_5 + store_source_ex_o_tag,6,1728,0.003472222222222222,0.3472222222222222
hc_o_5 + use_store_ops_ex_o,6,1728,0.003472222222222222,0.3472222222222222
hc_o_5 + rf_reg[0],6,1728,0.003472222222222222,0.3472222222222222
hc_o_5 + rf_reg[1],6,1728,0.003472222222222222,0.3472222222222222
hc_o_5 + rf_reg[2],6,1728,0.003472222222222222,0.3472222222222222
hc_o_5 + rf_reg[3],6,1728,0.003472222222222222,0.3472222222222222
hc_o_5 + rf_reg[4],6,1728,0.003472222222222222,0.3472222222222222
hc_o_5 + rf_reg[5],6,1728,0.003472222222222222,0.3472222222222222
hc_o_5 + rf_reg[6],6,1728,0.003472222222222222,0.3472222222222222
hc_o_5 + rf_reg[7],6,1728,0.003472222222222222,0.3472222222222222
hc_o_5 + rf_reg[8],6,1728,0.003472222222222222,0.3472222222222222
hc_o_5 + rf_reg[9],6,1728,0.003472222222222222,0.3472222222222222
hc_o_5 + rf_reg[10],6,1728,0.003472222222222222,0.3472222222222222
alu_operand_b_ex_o_tag + hc_o_5,6,1728,0.003472222222222222,0.3472222222222222
hc_o_5 + rf_reg[11],6,1728,0.003472222222222222,0.3472222222222222
hc_o_5 + rf_reg[12],6,1728,0.003472222222222222,0.3472222222222222
hc_o_5 + rf_reg[13],6,1728,0.003472222222222222,0.3472222222222222
hc_o_5 + rf_reg[14],6,1728,0.003472222222222222,0.3472222222222222
hc_o_5 + rf_reg[15],6,1728,0.003472222222222222,0.3472222222222222
hc_o_5 + rf_reg[16],6,1728,0.003472222222222222,0.3472222222222222
hc_o_5 + tcr_execute/hc_o,4,1152,0.003472222222222222,0.3472222222222222
hc_o_5 + sd_o_5,3,864,0.003472222222222222,0.3472222222222222
data_type_q_tag + hc_o_rf_tag,72,21440,0.0033582089552238806,0.33582089552238803
hc_o_rf_tag + rdata_offset_q_tag,72,21440,0.0033582089552238806,0.33582089552238803
hc_o_rf_tag + store_source_ex_o_tag/hc_o,28,8576,0.0032649253731343282,0.3264925373134328
alu_operand_c_ex_o_tag/hc_o + hc_o_rf_tag,28,8576,0.0032649253731343282,0.3264925373134328
check_s2_o_tag/hc_o + hc_o_rf_tag,28,8576,0.0032649253731343282,0.3264925373134328
check_d_o_tag/hc_o + hc_o_rf_tag,28,8576,0.0032649253731343282,0.3264925373134328
hc_o_rf_tag + register_set_o_tag/hc_o,28,8576,0.0032649253731343282,0.3264925373134328
hc_o_rf_tag + is_store_post_o_tag/hc_o,28,8576,0.0032649253731343282,0.3264925373134328
hc_o_rf_tag + memory_set_o_tag/hc_o,28,8576,0.0032649253731343282,0.3264925373134328
data_we_q_tag/hc_o + hc_o_rf_tag,28,8576,0.0032649253731343282,0.3264925373134328
hc_o_rf_tag + tcr_execute/hc_o,28,8576,0.0032649253731343282,0.3264925373134328
hc_o_rf_tag + id_group9/hc_o,14,4288,0.0032649253731343282,0.3264925373134328
csr_group14/hc_o + hc_o_rf_tag,14,4288,0.0032649253731343282,0.3264925373134328
csr_group18/hc_o + hc_o_rf_tag,14,4288,0.0032649253731343282,0.3264925373134328
csr_group19/hc_o + hc_o_rf_tag,14,4288,0.0032649253731343282,0.3264925373134328
rdata_q_tag + tpr_q,40,12288,0.0032552083333333335,0.32552083333333337
data_type_q_tag + tpr_q,20,6144,0.0032552083333333335,0.32552083333333337
rdata_offset_q_tag + tpr_q,20,6144,0.0032552083333333335,0.32552083333333337
store_source_ex_o_tag + tpr_q,10,3072,0.0032552083333333335,0.32552083333333337
rf_reg[0] + tpr_q,10,3072,0.0032552083333333335,0.32552083333333337
rf_reg[3] + tpr_q,10,3072,0.0032552083333333335,0.32552083333333337
rf_reg[4] + tpr_q,10,3072,0.0032552083333333335,0.32552083333333337
rf_reg[5] + tpr_q,10,3072,0.0032552083333333335,0.32552083333333337
rf_reg[6] + tpr_q,10,3072,0.0032552083333333335,0.32552083333333337
rf_reg[7] + tpr_q,10,3072,0.0032552083333333335,0.32552083333333337
rf_reg[9] + tpr_q,10,3072,0.0032552083333333335,0.32552083333333337
rf_reg[10] + tpr_q,10,3072,0.0032552083333333335,0.32552083333333337
rf_reg[11] + tpr_q,10,3072,0.0032552083333333335,0.32552083333333337
rf_reg[12] + tpr_q,10,3072,0.0032552083333333335,0.32552083333333337
rf_reg[13] + tpr_q,10,3072,0.0032552083333333335,0.32552083333333337
rf_reg[14] + tpr_q,10,3072,0.0032552083333333335,0.32552083333333337
rf_reg[16] + tpr_q,10,3072,0.0032552083333333335,0.32552083333333337
rf_reg[17] + tpr_q,10,3072,0.0032552083333333335,0.32552083333333337
rf_reg[18] + tpr_q,10,3072,0.0032552083333333335,0.32552083333333337
rf_reg[19] + tpr_q,10,3072,0.0032552083333333335,0.32552083333333337
rf_reg[20] + tpr_q,10,3072,0.0032552083333333335,0.32552083333333337
rf_reg[21] + tpr_q,10,3072,0.0032552083333333335,0.32552083333333337
rf_reg[22] + tpr_q,10,3072,0.0032552083333333335,0.32552083333333337
rf_reg[23] + tpr_q,10,3072,0.0032552083333333335,0.32552083333333337
rf_reg[24] + tpr_q,10,3072,0.0032552083333333335,0.32552083333333337
rf_reg[25] + tpr_q,10,3072,0.0032552083333333335,0.32552083333333337
rf_reg[26] + tpr_q,10,3072,0.0032552083333333335,0.32552083333333337
rf_reg[27] + tpr_q,10,3072,0.0032552083333333335,0.32552083333333337
rf_reg[28] + tpr_q,10,3072,0.0032552083333333335,0.32552083333333337
rf_reg[29] + tpr_q,10,3072,0.0032552083333333335,0.32552083333333337
rf_reg[30] + tpr_q,10,3072,0.0032552083333333335,0.32552083333333337
rf_reg[31] + tpr_q,10,3072,0.0032552083333333335,0.32552083333333337
alu_operand_c_ex_o_tag + tpr_q,10,3072,0.0032552083333333335,0.32552083333333337
data_we_q_tag + tpr_q,10,3072,0.0032552083333333335,0.32552083333333337
memory_set_o_tag + tpr_q,10,3072,0.0032552083333333335,0.32552083333333337
alu_operand_c_ex_o_tag + rdata_q_tag,11,3456,0.00318287037037037,0.31828703703703703
check_s2_o_tag + rdata_offset_q_tag,3,960,0.003125,0.3125
hc_o_rf_tag + rdata_q_tag,261,83840,0.0031130725190839695,0.311307251908397
hc_o_rf_tag + rdata_offset_q_tag/hc_o,52,16960,0.003066037735849057,0.3066037735849057
data_type_q_tag/hc_o + hc_o_rf_tag,52,16960,0.003066037735849057,0.3066037735849057
hc_o_rf_tag + rdata_q_tag/hc_o,52,16960,0.003066037735849057,0.3066037735849057
hc_o_rf_tag + tpr_arith/hc_o,26,8480,0.003066037735849057,0.3066037735849057
hc_o_rf_tag + tpr_branch/hc_o,26,8480,0.003066037735849057,0.3066037735849057
hc_o_rf_tag + tpr_jump/hc_o,26,8480,0.003066037735849057,0.3066037735849057
hc_o_rf_tag + tpr_shift/hc_o,26,8480,0.003066037735849057,0.3066037735849057
hc_o_rf_tag + tpr_comparison/hc_o,26,8480,0.003066037735849057,0.3066037735849057
hc_o_rf_tag + tpr_logical/hc_o,26,8480,0.003066037735849057,0.3066037735849057
hc_o_rf_tag + tcr_arith/hc_o,26,8480,0.003066037735849057,0.3066037735849057
hc_o_rf_tag + tcr_branch/hc_o,26,8480,0.003066037735849057,0.3066037735849057
hc_o_rf_tag + tcr_jump/hc_o,26,8480,0.003066037735849057,0.3066037735849057
hc_o_rf_tag + tcr_shift/hc_o,26,8480,0.003066037735849057,0.3066037735849057
hc_o_rf_tag + tcr_comparison/hc_o,26,8480,0.003066037735849057,0.3066037735849057
hc_o_rf_tag + tcr_logical/hc_o,26,8480,0.003066037735849057,0.3066037735849057
hc_o_rf_tag + id_group6/hc_o,26,8480,0.003066037735849057,0.3066037735849057
hc_o_rf_tag + id_group7/hc_o,26,8480,0.003066037735849057,0.3066037735849057
hc_o_rf_tag + id_group8/hc_o,26,8480,0.003066037735849057,0.3066037735849057
csr_group0/hc_o + hc_o_rf_tag,26,8480,0.003066037735849057,0.3066037735849057
csr_group1/hc_o + hc_o_rf_tag,26,8480,0.003066037735849057,0.3066037735849057
csr_group2/hc_o + hc_o_rf_tag,26,8480,0.003066037735849057,0.3066037735849057
csr_group3/hc_o + hc_o_rf_tag,26,8480,0.003066037735849057,0.3066037735849057
csr_group4/hc_o + hc_o_rf_tag,26,8480,0.003066037735849057,0.3066037735849057
csr_group5/hc_o + hc_o_rf_tag,26,8480,0.003066037735849057,0.3066037735849057
csr_group6/hc_o + hc_o_rf_tag,26,8480,0.003066037735849057,0.3066037735849057
csr_group7/hc_o + hc_o_rf_tag,26,8480,0.003066037735849057,0.3066037735849057
csr_group8/hc_o + hc_o_rf_tag,26,8480,0.003066037735849057,0.3066037735849057
csr_group9/hc_o + hc_o_rf_tag,26,8480,0.003066037735849057,0.3066037735849057
csr_group10/hc_o + hc_o_rf_tag,26,8480,0.003066037735849057,0.3066037735849057
csr_group11/hc_o + hc_o_rf_tag,26,8480,0.003066037735849057,0.3066037735849057
csr_group16/hc_o + hc_o_rf_tag,26,8480,0.003066037735849057,0.3066037735849057
csr_group17/hc_o + hc_o_rf_tag,26,8480,0.003066037735849057,0.3066037735849057
hc_o_rf_tag + lsu_group2/hc_o,26,8480,0.003066037735849057,0.3066037735849057
hc_o_rf_tag + lsu_group3/hc_o,26,8480,0.003066037735849057,0.3066037735849057
hc_o_rf_tag + lsu_group4/hc_o,26,8480,0.003066037735849057,0.3066037735849057
hc_o_rf_tag + lsu_group5/hc_o,26,8480,0.003066037735849057,0.3066037735849057
hc_o_rf_tag + rs1_o_tag/hc_o,26,8576,0.003031716417910448,0.3031716417910448
ex_stage/hc_o + hc_o_rf_tag,13,4288,0.003031716417910448,0.3031716417910448
hc_o_rf_tag + lsu_group1/hc_o,25,8480,0.00294811320754717,0.294811320754717
hc_o_rf_tag + rf_reg[18],30,10720,0.002798507462686567,0.2798507462686567
hc_o_rf_tag + rf_reg[21],30,10720,0.002798507462686567,0.2798507462686567
hc_o_rf_tag + rf_reg[24],30,10720,0.002798507462686567,0.2798507462686567
hc_o_rf_tag + rf_reg[26],30,10720,0.002798507462686567,0.2798507462686567
hc_o_rf_tag + rf_reg[27],30,10720,0.002798507462686567,0.2798507462686567
hc_o_rf_tag + rf_reg[29],30,10720,0.002798507462686567,0.2798507462686567
hc_o_rf_tag + rf_reg[0],30,10720,0.002798507462686567,0.2798507462686567
hc_o_rf_tag + rf_reg[4],30,10720,0.002798507462686567,0.2798507462686567
hc_o_rf_tag + rf_reg[5],30,10720,0.002798507462686567,0.2798507462686567
hc_o_rf_tag + rf_reg[7],30,10720,0.002798507462686567,0.2798507462686567
hc_o_rf_tag + rf_reg[10],30,10720,0.002798507462686567,0.2798507462686567
hc_o_rf_tag + rf_reg[12],30,10720,0.002798507462686567,0.2798507462686567
hc_o_rf_tag + pc_if_o_tag/hc_o,24,8576,0.002798507462686567,0.2798507462686567
hc_o_rf_tag + pc_id_o_tag/hc_o,24,8576,0.002798507462686567,0.2798507462686567
hc_o_5 + regfile_alu_waddr_ex_o_tag,69,25536,0.002702067669172932,0.27020676691729323
check_s2_o_tag + rdata_q_tag,9,3456,0.0026041666666666665,0.26041666666666663
rs1_o_tag + tpr_q,8,3072,0.0026041666666666665,0.26041666666666663
check_s2_o_tag + tpr_q,8,3072,0.0026041666666666665,0.26041666666666663
hc_o_5 + pc_if_o_tag/hc_o,6,2304,0.0026041666666666665,0.26041666666666663
hc_o_5 + pc_id_o_tag/hc_o,6,2304,0.0026041666666666665,0.26041666666666663
hc_o_5 + register_set_o_tag/hc_o,6,2304,0.0026041666666666665,0.26041666666666663
hc_o_5 + is_store_post_o_tag/hc_o,6,2304,0.0026041666666666665,0.26041666666666663
hc_o_5 + rs1_o_tag/hc_o,6,2304,0.0026041666666666665,0.26041666666666663
hc_o_rf_tag + if_stage/hc_o,44,16960,0.0025943396226415093,0.25943396226415094
if_stage/hc_o + regfile_alu_waddr_ex_o_tag,22,8672,0.00253690036900369,0.253690036900369
regfile_alu_waddr_ex_o_tag + tpr/sd_o_32,4,1656,0.0024154589371980675,0.24154589371980675
regfile_alu_waddr_ex_o_tag + tcr/sd_o_32,4,1656,0.0024154589371980675,0.24154589371980675
rdata_q_tag + register_set_o_tag,8,3456,0.0023148148148148147,0.23148148148148145
rdata_q_tag + tcr_q,28,12288,0.0022786458333333335,0.22786458333333334
data_type_q_tag + tcr_q,14,6144,0.0022786458333333335,0.22786458333333334
rdata_offset_q_tag + tcr_q,14,6144,0.0022786458333333335,0.22786458333333334
store_source_ex_o_tag + tcr_q,7,3072,0.0022786458333333335,0.22786458333333334
rf_reg[0] + tcr_q,7,3072,0.0022786458333333335,0.22786458333333334
rf_reg[3] + tcr_q,7,3072,0.0022786458333333335,0.22786458333333334
rf_reg[4] + tcr_q,7,3072,0.0022786458333333335,0.22786458333333334
rf_reg[5] + tcr_q,7,3072,0.0022786458333333335,0.22786458333333334
rf_reg[6] + tcr_q,7,3072,0.0022786458333333335,0.22786458333333334
rf_reg[7] + tcr_q,7,3072,0.0022786458333333335,0.22786458333333334
rf_reg[9] + tcr_q,7,3072,0.0022786458333333335,0.22786458333333334
rf_reg[10] + tcr_q,7,3072,0.0022786458333333335,0.22786458333333334
rf_reg[11] + tcr_q,7,3072,0.0022786458333333335,0.22786458333333334
rf_reg[12] + tcr_q,7,3072,0.0022786458333333335,0.22786458333333334
rf_reg[13] + tcr_q,7,3072,0.0022786458333333335,0.22786458333333334
rf_reg[14] + tcr_q,7,3072,0.0022786458333333335,0.22786458333333334
rf_reg[16] + tcr_q,7,3072,0.0022786458333333335,0.22786458333333334
rf_reg[17] + tcr_q,7,3072,0.0022786458333333335,0.22786458333333334
rf_reg[18] + tcr_q,7,3072,0.0022786458333333335,0.22786458333333334
rf_reg[19] + tcr_q,7,3072,0.0022786458333333335,0.22786458333333334
rf_reg[20] + tcr_q,7,3072,0.0022786458333333335,0.22786458333333334
rf_reg[21] + tcr_q,7,3072,0.0022786458333333335,0.22786458333333334
rf_reg[22] + tcr_q,7,3072,0.0022786458333333335,0.22786458333333334
rf_reg[23] + tcr_q,7,3072,0.0022786458333333335,0.22786458333333334
rf_reg[24] + tcr_q,7,3072,0.0022786458333333335,0.22786458333333334
rf_reg[25] + tcr_q,7,3072,0.0022786458333333335,0.22786458333333334
rf_reg[26] + tcr_q,7,3072,0.0022786458333333335,0.22786458333333334
rf_reg[27] + tcr_q,7,3072,0.0022786458333333335,0.22786458333333334
rf_reg[28] + tcr_q,7,3072,0.0022786458333333335,0.22786458333333334
rf_reg[29] + tcr_q,7,3072,0.0022786458333333335,0.22786458333333334
rf_reg[30] + tcr_q,7,3072,0.0022786458333333335,0.22786458333333334
rf_reg[31] + tcr_q,7,3072,0.0022786458333333335,0.22786458333333334
data_we_q_tag + tcr_q,7,3072,0.0022786458333333335,0.22786458333333334
alu_operand_c_ex_o_tag + tcr_q,7,3072,0.0022786458333333335,0.22786458333333334
is_store_post_o_tag + tcr_q,7,3072,0.0022786458333333335,0.22786458333333334
memory_set_o_tag + tcr_q,7,3072,0.0022786458333333335,0.22786458333333334
hc_o_rf_tag + lsu/hc_o,18,8384,0.0021469465648854963,0.21469465648854963
alu_operand_c_ex_o_tag + rdata_offset_q_tag,2,960,0.0020833333333333333,0.20833333333333334
data_type_q_tag + data_we_q_tag,2,960,0.0020833333333333333,0.20833333333333334
check_s2_o_tag + data_type_q_tag,2,960,0.0020833333333333333,0.20833333333333334
is_store_post_o_tag + rdata_offset_q_tag,2,960,0.0020833333333333333,0.20833333333333334
data_type_q_tag + register_set_o_tag,2,960,0.0020833333333333333,0.20833333333333334
rdata_offset_q_tag + register_set_o_tag,2,960,0.0020833333333333333,0.20833333333333334
alu_operand_a_ex_o_tag + pc_id_o_tag,1,480,0.0020833333333333333,0.20833333333333334
alu_operand_b_ex_o_tag + pc_id_o_tag,1,480,0.0020833333333333333,0.20833333333333334
check_s1_o_tag + pc_id_o_tag,1,480,0.0020833333333333333,0.20833333333333334
pc_id_o_tag + store_dest_addr_ex_o_tag,1,480,0.0020833333333333333,0.20833333333333334
pc_id_o_tag + use_store_ops_ex_o,1,480,0.0020833333333333333,0.20833333333333334
check_s1_o_tag + rf_reg[1],1,480,0.0020833333333333333,0.20833333333333334
check_s1_o_tag + rf_reg[2],1,480,0.0020833333333333333,0.20833333333333334
alu_operand_a_ex_o_tag + pc_if_o_tag,1,480,0.0020833333333333333,0.20833333333333334
alu_operand_b_ex_o_tag + pc_if_o_tag,1,480,0.0020833333333333333,0.20833333333333334
check_s1_o_tag + pc_if_o_tag,1,480,0.0020833333333333333,0.20833333333333334
pc_if_o_tag + store_dest_addr_ex_o_tag,1,480,0.0020833333333333333,0.20833333333333334
pc_if_o_tag + use_store_ops_ex_o,1,480,0.0020833333333333333,0.20833333333333334
alu_operand_a_ex_o_tag + register_set_o_tag,1,480,0.0020833333333333333,0.20833333333333334
alu_operand_a_ex_o_tag + rf_reg[1],1,480,0.0020833333333333333,0.20833333333333334
alu_operand_a_ex_o_tag + rf_reg[2],1,480,0.0020833333333333333,0.20833333333333334
alu_operand_a_ex_o_tag + rf_reg[8],1,480,0.0020833333333333333,0.20833333333333334
rf_reg[1] + store_dest_addr_ex_o_tag,1,480,0.0020833333333333333,0.20833333333333334
rf_reg[2] + store_dest_addr_ex_o_tag,1,480,0.0020833333333333333,0.20833333333333334
rf_reg[1] + use_store_ops_ex_o,1,480,0.0020833333333333333,0.20833333333333334
rf_reg[2] + use_store_ops_ex_o,1,480,0.0020833333333333333,0.20833333333333334
alu_operand_b_ex_o_tag + check_s2_o_tag,1,480,0.0020833333333333333,0.20833333333333334
alu_operand_b_ex_o_tag + memory_set_o_tag,1,480,0.0020833333333333333,0.20833333333333334
alu_operand_b_ex_o_tag + rf_reg[1],1,480,0.0020833333333333333,0.20833333333333334
alu_operand_b_ex_o_tag + rf_reg[2],1,480,0.0020833333333333333,0.20833333333333334
alu_operand_b_ex_o_tag + rf_reg[8],1,480,0.0020833333333333333,0.20833333333333334
register_set_o_tag + tpr_q,6,3072,0.001953125,0.1953125
check_d_o_tag + tpr_q,6,3072,0.001953125,0.1953125
check_s2_o_tag + tcr_q,6,3072,0.001953125,0.1953125
hc_o_rf_tag + rf_reg[1],20,10720,0.0018656716417910447,0.18656716417910446
hc_o_rf_tag + rf_reg[2],20,10720,0.0018656716417910447,0.18656716417910446
hc_o_rf_tag + sd_o_rf_tag,10,5360,0.0018656716417910447,0.18656716417910446
memory_set_o_tag + rdata_q_tag,6,3456,0.001736111111111111,0.1736111111111111
check_s2_o_tag + regfile_alu_waddr_ex_o_tag,11,6624,0.0016606280193236715,0.16606280193236714
regfile_alu_waddr_ex_o_tag + rf_reg[0],11,6624,0.0016606280193236715,0.16606280193236714
regfile_alu_waddr_ex_o_tag + rf_reg[3],11,6624,0.0016606280193236715,0.16606280193236714
regfile_alu_waddr_ex_o_tag + rf_reg[4],11,6624,0.0016606280193236715,0.16606280193236714
regfile_alu_waddr_ex_o_tag + rf_reg[5],11,6624,0.0016606280193236715,0.16606280193236714
regfile_alu_waddr_ex_o_tag + rf_reg[6],11,6624,0.0016606280193236715,0.16606280193236714
regfile_alu_waddr_ex_o_tag + rf_reg[7],11,6624,0.0016606280193236715,0.16606280193236714
regfile_alu_waddr_ex_o_tag + rf_reg[8],11,6624,0.0016606280193236715,0.16606280193236714
regfile_alu_waddr_ex_o_tag + rf_reg[9],11,6624,0.0016606280193236715,0.16606280193236714
regfile_alu_waddr_ex_o_tag + rf_reg[10],11,6624,0.0016606280193236715,0.16606280193236714
regfile_alu_waddr_ex_o_tag + rf_reg[11],11,6624,0.0016606280193236715,0.16606280193236714
regfile_alu_waddr_ex_o_tag + rf_reg[12],11,6624,0.0016606280193236715,0.16606280193236714
regfile_alu_waddr_ex_o_tag + rf_reg[13],11,6624,0.0016606280193236715,0.16606280193236714
regfile_alu_waddr_ex_o_tag + rf_reg[14],11,6624,0.0016606280193236715,0.16606280193236714
regfile_alu_waddr_ex_o_tag + rf_reg[16],11,6624,0.0016606280193236715,0.16606280193236714
regfile_alu_waddr_ex_o_tag + rf_reg[17],11,6624,0.0016606280193236715,0.16606280193236714
regfile_alu_waddr_ex_o_tag + rf_reg[18],11,6624,0.0016606280193236715,0.16606280193236714
regfile_alu_waddr_ex_o_tag + rf_reg[19],11,6624,0.0016606280193236715,0.16606280193236714
regfile_alu_waddr_ex_o_tag + rf_reg[20],11,6624,0.0016606280193236715,0.16606280193236714
regfile_alu_waddr_ex_o_tag + rf_reg[21],11,6624,0.0016606280193236715,0.16606280193236714
regfile_alu_waddr_ex_o_tag + rf_reg[22],11,6624,0.0016606280193236715,0.16606280193236714
regfile_alu_waddr_ex_o_tag + rf_reg[23],11,6624,0.0016606280193236715,0.16606280193236714
regfile_alu_waddr_ex_o_tag + rf_reg[24],11,6624,0.0016606280193236715,0.16606280193236714
regfile_alu_waddr_ex_o_tag + rf_reg[25],11,6624,0.0016606280193236715,0.16606280193236714
regfile_alu_waddr_ex_o_tag + rf_reg[26],11,6624,0.0016606280193236715,0.16606280193236714
regfile_alu_waddr_ex_o_tag + rf_reg[27],11,6624,0.0016606280193236715,0.16606280193236714
regfile_alu_waddr_ex_o_tag + rf_reg[28],11,6624,0.0016606280193236715,0.16606280193236714
regfile_alu_waddr_ex_o_tag + rf_reg[29],11,6624,0.0016606280193236715,0.16606280193236714
regfile_alu_waddr_ex_o_tag + rf_reg[30],11,6624,0.0016606280193236715,0.16606280193236714
regfile_alu_waddr_ex_o_tag + rf_reg[31],11,6624,0.0016606280193236715,0.16606280193236714
data_we_q_tag + regfile_alu_waddr_ex_o_tag,11,6624,0.0016606280193236715,0.16606280193236714
register_set_o_tag + tcr_q,5,3072,0.0016276041666666667,0.16276041666666669
rs1_o_tag + tcr_q,5,3072,0.0016276041666666667,0.16276041666666669
check_d_o_tag + tcr_q,5,3072,0.0016276041666666667,0.16276041666666669
data_type_q_tag + regfile_alu_waddr_ex_o_tag,20,13248,0.0015096618357487923,0.15096618357487923
rdata_offset_q_tag + regfile_alu_waddr_ex_o_tag,20,13248,0.0015096618357487923,0.15096618357487923
check_d_o_tag + regfile_alu_waddr_ex_o_tag,10,6624,0.0015096618357487923,0.15096618357487923
regfile_alu_waddr_ex_o_tag + sd_o_rf_tag,4,2760,0.0014492753623188406,0.14492753623188406
rdata_q_tag + regfile_alu_waddr_ex_o_tag,70,51072,0.0013706140350877192,0.1370614035087719
pc_id_o_tag + regfile_alu_waddr_ex_o_tag,9,6624,0.001358695652173913,0.1358695652173913
memory_set_o_tag + regfile_alu_waddr_ex_o_tag,9,6624,0.001358695652173913,0.1358695652173913
pc_if_o_tag + regfile_alu_waddr_ex_o_tag,9,6624,0.001358695652173913,0.1358695652173913
regfile_alu_waddr_ex_o_tag + rf_reg[1],9,6624,0.001358695652173913,0.1358695652173913
regfile_alu_waddr_ex_o_tag + rf_reg[2],9,6624,0.001358695652173913,0.1358695652173913
regfile_alu_waddr_ex_o_tag + rs1_o_tag,9,6624,0.001358695652173913,0.1358695652173913
is_store_post_o_tag + regfile_alu_waddr_ex_o_tag,8,6624,0.0012077294685990338,0.12077294685990338
regfile_alu_waddr_ex_o_tag + register_set_o_tag,8,6624,0.0012077294685990338,0.12077294685990338
alu_operand_c_ex_o_tag + data_type_q_tag,1,960,0.0010416666666666667,0.10416666666666667
data_type_q_tag + rs1_o_tag,1,960,0.0010416666666666667,0.10416666666666667
rdata_offset_q_tag + rs1_o_tag,1,960,0.0010416666666666667,0.10416666666666667
rf_reg[8] + tcr_q,3,3072,0.0009765625,0.09765625
data_type_q_tag + rdata_q_tag,6,6912,0.0008680555555555555,0.08680555555555555
rdata_offset_q_tag + rdata_q_tag,6,6912,0.0008680555555555555,0.08680555555555555
csr_group13/hc_o + id_group6/hc_o,1,1168,0.0008561643835616438,0.08561643835616438
csr_group13/hc_o + id_group7/hc_o,1,1168,0.0008561643835616438,0.08561643835616438
csr_group13/hc_o + id_group8/hc_o,1,1168,0.0008561643835616438,0.08561643835616438
rf_reg[8] + tpr_q,2,3072,0.0006510416666666666,0.06510416666666666
rdata_q_tag + rs1_o_tag,2,3456,0.0005787037037037037,0.057870370370370364
hc_o_rf_tag + tcr_q,0,15360,0.0,0.0
hc_o_rf_tag + tpr_q,0,15360,0.0,0.0
data_type_q_tag/hc_o + regfile_alu_waddr_ex_o_tag,0,8672,0.0,0.0
rdata_q_tag/hc_o + regfile_alu_waddr_ex_o_tag,0,8672,0.0,0.0
rdata_offset_q_tag/hc_o + regfile_alu_waddr_ex_o_tag,0,8672,0.0,0.0
tcr_q + tpr/hc_o_32,0,7680,0.0,0.0
tcr/hc_o_32 + tpr_q,0,7680,0.0,0.0
hc_o_5 + tcr_q,0,6144,0.0,0.0
hc_o_5 + tpr_q,0,6144,0.0,0.0
if_stage/hc_o + rdata_q_tag,0,4480,0.0,0.0
rdata_offset_q_tag/hc_o + rdata_q_tag,0,4480,0.0,0.0
data_type_q_tag/hc_o + rdata_q_tag,0,4480,0.0,0.0
rdata_q_tag + rdata_q_tag/hc_o,0,4480,0.0,0.0
pc_if_o_tag/hc_o + regfile_alu_waddr_ex_o_tag,0,4416,0.0,0.0
pc_id_o_tag/hc_o + regfile_alu_waddr_ex_o_tag,0,4416,0.0,0.0
regfile_alu_waddr_ex_o_tag + store_source_ex_o_tag/hc_o,0,4416,0.0,0.0
alu_operand_c_ex_o_tag/hc_o + regfile_alu_waddr_ex_o_tag,0,4416,0.0,0.0
check_s2_o_tag/hc_o + regfile_alu_waddr_ex_o_tag,0,4416,0.0,0.0
check_d_o_tag/hc_o + regfile_alu_waddr_ex_o_tag,0,4416,0.0,0.0
regfile_alu_waddr_ex_o_tag + register_set_o_tag/hc_o,0,4416,0.0,0.0
is_store_post_o_tag/hc_o + regfile_alu_waddr_ex_o_tag,0,4416,0.0,0.0
memory_set_o_tag/hc_o + regfile_alu_waddr_ex_o_tag,0,4416,0.0,0.0
regfile_alu_waddr_ex_o_tag + rs1_o_tag/hc_o,0,4416,0.0,0.0
data_we_q_tag/hc_o + regfile_alu_waddr_ex_o_tag,0,4416,0.0,0.0
regfile_alu_waddr_ex_o_tag + tcr_execute/hc_o,0,4416,0.0,0.0
regfile_alu_waddr_ex_o_tag + tpr_shift/hc_o,0,4336,0.0,0.0
regfile_alu_waddr_ex_o_tag + tpr_comparison/hc_o,0,4336,0.0,0.0
regfile_alu_waddr_ex_o_tag + tpr_logical/hc_o,0,4336,0.0,0.0
regfile_alu_waddr_ex_o_tag + tcr_arith/hc_o,0,4336,0.0,0.0
regfile_alu_waddr_ex_o_tag + tcr_branch/hc_o,0,4336,0.0,0.0
regfile_alu_waddr_ex_o_tag + tcr_jump/hc_o,0,4336,0.0,0.0
regfile_alu_waddr_ex_o_tag + tcr_shift/hc_o,0,4336,0.0,0.0
regfile_alu_waddr_ex_o_tag + tcr_comparison/hc_o,0,4336,0.0,0.0
regfile_alu_waddr_ex_o_tag + tcr_logical/hc_o,0,4336,0.0,0.0
regfile_alu_waddr_ex_o_tag + tpr_arith/hc_o,0,4336,0.0,0.0
regfile_alu_waddr_ex_o_tag + tpr_branch/hc_o,0,4336,0.0,0.0
regfile_alu_waddr_ex_o_tag + tpr_jump/hc_o,0,4336,0.0,0.0
csr_group0/hc_o + regfile_alu_waddr_ex_o_tag,0,4336,0.0,0.0
csr_group1/hc_o + regfile_alu_waddr_ex_o_tag,0,4336,0.0,0.0
csr_group2/hc_o + regfile_alu_waddr_ex_o_tag,0,4336,0.0,0.0
csr_group3/hc_o + regfile_alu_waddr_ex_o_tag,0,4336,0.0,0.0
csr_group4/hc_o + regfile_alu_waddr_ex_o_tag,0,4336,0.0,0.0
csr_group5/hc_o + regfile_alu_waddr_ex_o_tag,0,4336,0.0,0.0
csr_group6/hc_o + regfile_alu_waddr_ex_o_tag,0,4336,0.0,0.0
csr_group7/hc_o + regfile_alu_waddr_ex_o_tag,0,4336,0.0,0.0
csr_group8/hc_o + regfile_alu_waddr_ex_o_tag,0,4336,0.0,0.0
csr_group9/hc_o + regfile_alu_waddr_ex_o_tag,0,4336,0.0,0.0
csr_group10/hc_o + regfile_alu_waddr_ex_o_tag,0,4336,0.0,0.0
csr_group11/hc_o + regfile_alu_waddr_ex_o_tag,0,4336,0.0,0.0
csr_group13/hc_o + regfile_alu_waddr_ex_o_tag,0,4336,0.0,0.0
csr_group16/hc_o + regfile_alu_waddr_ex_o_tag,0,4336,0.0,0.0
csr_group17/hc_o + regfile_alu_waddr_ex_o_tag,0,4336,0.0,0.0
lsu_group1/hc_o + regfile_alu_waddr_ex_o_tag,0,4336,0.0,0.0
lsu_group2/hc_o + regfile_alu_waddr_ex_o_tag,0,4336,0.0,0.0
lsu_group3/hc_o + regfile_alu_waddr_ex_o_tag,0,4336,0.0,0.0
lsu_group4/hc_o + regfile_alu_waddr_ex_o_tag,0,4336,0.0,0.0
lsu_group5/hc_o + regfile_alu_waddr_ex_o_tag,0,4336,0.0,0.0
id_group6/hc_o + regfile_alu_waddr_ex_o_tag,0,4336,0.0,0.0
id_group7/hc_o + regfile_alu_waddr_ex_o_tag,0,4336,0.0,0.0
id_group8/hc_o + regfile_alu_waddr_ex_o_tag,0,4336,0.0,0.0
rdata_q_tag + rf_reg[17],0,3456,0.0,0.0
rdata_q_tag + rf_reg[18],0,3456,0.0,0.0
rdata_q_tag + rf_reg[19],0,3456,0.0,0.0
rdata_q_tag + rf_reg[20],0,3456,0.0,0.0
rdata_q_tag + rf_reg[21],0,3456,0.0,0.0
rdata_q_tag + rf_reg[22],0,3456,0.0,0.0
rdata_q_tag + rf_reg[23],0,3456,0.0,0.0
rdata_q_tag + rf_reg[24],0,3456,0.0,0.0
rdata_q_tag + rf_reg[25],0,3456,0.0,0.0
rdata_q_tag + rf_reg[26],0,3456,0.0,0.0
rdata_q_tag + rf_reg[27],0,3456,0.0,0.0
rdata_q_tag + rf_reg[28],0,3456,0.0,0.0
rdata_q_tag + rf_reg[29],0,3456,0.0,0.0
rdata_q_tag + rf_reg[30],0,3456,0.0,0.0
rdata_q_tag + rf_reg[31],0,3456,0.0,0.0
pc_id_o_tag + rdata_q_tag,0,3456,0.0,0.0
pc_if_o_tag + rdata_q_tag,0,3456,0.0,0.0
rdata_q_tag + rf_reg[0],0,3456,0.0,0.0
rdata_q_tag + rf_reg[1],0,3456,0.0,0.0
rdata_q_tag + rf_reg[2],0,3456,0.0,0.0
rdata_q_tag + rf_reg[3],0,3456,0.0,0.0
rdata_q_tag + rf_reg[4],0,3456,0.0,0.0
rdata_q_tag + rf_reg[5],0,3456,0.0,0.0
rdata_q_tag + rf_reg[6],0,3456,0.0,0.0
rdata_q_tag + rf_reg[7],0,3456,0.0,0.0
rdata_q_tag + rf_reg[8],0,3456,0.0,0.0
rdata_q_tag + rf_reg[9],0,3456,0.0,0.0
rdata_q_tag + rf_reg[10],0,3456,0.0,0.0
rdata_q_tag + rf_reg[11],0,3456,0.0,0.0
rdata_q_tag + rf_reg[12],0,3456,0.0,0.0
rdata_q_tag + rf_reg[13],0,3456,0.0,0.0
rdata_q_tag + rf_reg[14],0,3456,0.0,0.0
rdata_q_tag + rf_reg[16],0,3456,0.0,0.0
pc_id_o_tag + tcr_q,0,3072,0.0,0.0
pc_id_o_tag + tpr_q,0,3072,0.0,0.0
rf_reg[1] + tcr_q,0,3072,0.0,0.0
rf_reg[1] + tpr_q,0,3072,0.0,0.0
rf_reg[2] + tcr_q,0,3072,0.0,0.0
rf_reg[2] + tpr_q,0,3072,0.0,0.0
pc_if_o_tag + tcr_q,0,3072,0.0,0.0
pc_if_o_tag + tpr_q,0,3072,0.0,0.0
if_stage/hc_o + tcr_q,0,3072,0.0,0.0
if_stage/hc_o + tpr_q,0,3072,0.0,0.0
alu_operator_o_mode/hc_o + tcr_q,0,3072,0.0,0.0
rdata_offset_q_tag/hc_o + tcr_q,0,3072,0.0,0.0
data_type_q_tag/hc_o + tcr_q,0,3072,0.0,0.0
rdata_q_tag/hc_o + tcr_q,0,3072,0.0,0.0
alu_operator_o_mode/hc_o + tpr_q,0,3072,0.0,0.0
rdata_offset_q_tag/hc_o + tpr_q,0,3072,0.0,0.0
data_type_q_tag/hc_o + tpr_q,0,3072,0.0,0.0
rdata_q_tag/hc_o + tpr_q,0,3072,0.0,0.0
hc_o_26 + tcr_q,0,2560,0.0,0.0
hc_o_26 + tpr_q,0,2560,0.0,0.0
id_stage/hc_o + tcr_q,0,2560,0.0,0.0
id_stage/hc_o + tpr_q,0,2560,0.0,0.0
data_type_q_tag/hc_o + rdata_offset_q_tag/hc_o,0,2336,0.0,0.0
rdata_offset_q_tag/hc_o + rdata_q_tag/hc_o,0,2336,0.0,0.0
data_type_q_tag/hc_o + rdata_q_tag/hc_o,0,2336,0.0,0.0
pc_if_o_tag/hc_o + rdata_q_tag,0,2304,0.0,0.0
pc_id_o_tag/hc_o + rdata_q_tag,0,2304,0.0,0.0
rdata_q_tag + store_source_ex_o_tag/hc_o,0,2304,0.0,0.0
alu_operand_c_ex_o_tag/hc_o + rdata_q_tag,0,2304,0.0,0.0
check_s2_o_tag/hc_o + rdata_q_tag,0,2304,0.0,0.0
check_d_o_tag/hc_o + rdata_q_tag,0,2304,0.0,0.0
rdata_q_tag + register_set_o_tag/hc_o,0,2304,0.0,0.0
is_store_post_o_tag/hc_o + rdata_q_tag,0,2304,0.0,0.0
memory_set_o_tag/hc_o + rdata_q_tag,0,2304,0.0,0.0
rdata_q_tag + rs1_o_tag/hc_o,0,2304,0.0,0.0
data_we_q_tag/hc_o + rdata_q_tag,0,2304,0.0,0.0
rdata_q_tag + tcr_execute/hc_o,0,2304,0.0,0.0
rdata_q_tag + tpr_arith/hc_o,0,2240,0.0,0.0
rdata_q_tag + tpr_branch/hc_o,0,2240,0.0,0.0
rdata_q_tag + tpr_jump/hc_o,0,2240,0.0,0.0
rdata_q_tag + tpr_shift/hc_o,0,2240,0.0,0.0
rdata_q_tag + tpr_comparison/hc_o,0,2240,0.0,0.0
rdata_q_tag + tpr_logical/hc_o,0,2240,0.0,0.0
rdata_q_tag + tcr_arith/hc_o,0,2240,0.0,0.0
rdata_q_tag + tcr_branch/hc_o,0,2240,0.0,0.0
rdata_q_tag + tcr_jump/hc_o,0,2240,0.0,0.0
rdata_q_tag + tcr_shift/hc_o,0,2240,0.0,0.0
rdata_q_tag + tcr_comparison/hc_o,0,2240,0.0,0.0
rdata_q_tag + tcr_logical/hc_o,0,2240,0.0,0.0
id_group6/hc_o + rdata_q_tag,0,2240,0.0,0.0
id_group7/hc_o + rdata_q_tag,0,2240,0.0,0.0
id_group8/hc_o + rdata_q_tag,0,2240,0.0,0.0
csr_group0/hc_o + rdata_q_tag,0,2240,0.0,0.0
csr_group1/hc_o + rdata_q_tag,0,2240,0.0,0.0
csr_group2/hc_o + rdata_q_tag,0,2240,0.0,0.0
csr_group3/hc_o + rdata_q_tag,0,2240,0.0,0.0
csr_group4/hc_o + rdata_q_tag,0,2240,0.0,0.0
csr_group5/hc_o + rdata_q_tag,0,2240,0.0,0.0
csr_group6/hc_o + rdata_q_tag,0,2240,0.0,0.0
csr_group7/hc_o + rdata_q_tag,0,2240,0.0,0.0
csr_group8/hc_o + rdata_q_tag,0,2240,0.0,0.0
csr_group9/hc_o + rdata_q_tag,0,2240,0.0,0.0
csr_group10/hc_o + rdata_q_tag,0,2240,0.0,0.0
csr_group11/hc_o + rdata_q_tag,0,2240,0.0,0.0
csr_group13/hc_o + rdata_q_tag,0,2240,0.0,0.0
csr_group16/hc_o + rdata_q_tag,0,2240,0.0,0.0
csr_group17/hc_o + rdata_q_tag,0,2240,0.0,0.0
lsu_group1/hc_o + rdata_q_tag,0,2240,0.0,0.0
lsu_group2/hc_o + rdata_q_tag,0,2240,0.0,0.0
lsu_group3/hc_o + rdata_q_tag,0,2240,0.0,0.0
lsu_group4/hc_o + rdata_q_tag,0,2240,0.0,0.0
lsu_group5/hc_o + rdata_q_tag,0,2240,0.0,0.0
csr_group14/hc_o + regfile_alu_waddr_ex_o_tag,0,2208,0.0,0.0
csr_group18/hc_o + regfile_alu_waddr_ex_o_tag,0,2208,0.0,0.0
csr_group19/hc_o + regfile_alu_waddr_ex_o_tag,0,2208,0.0,0.0
id_group9/hc_o + regfile_alu_waddr_ex_o_tag,0,2208,0.0,0.0
lsu_reg/hc_o + rdata_q_tag,0,2176,0.0,0.0
lsu/hc_o + rdata_q_tag,0,2176,0.0,0.0
pc_if_o_tag/hc_o + tcr_q,0,2048,0.0,0.0
pc_id_o_tag/hc_o + tcr_q,0,2048,0.0,0.0
store_dest_addr_ex_o_tag/hc_o + tcr_q,0,2048,0.0,0.0
store_source_ex_o_tag/hc_o + tcr_q,0,2048,0.0,0.0
tcr_q + use_store_ops_ex_o/hc_o,0,2048,0.0,0.0
alu_operand_a_ex_o_tag/hc_o + tcr_q,0,2048,0.0,0.0
alu_operand_b_ex_o_tag/hc_o + tcr_q,0,2048,0.0,0.0
alu_operand_c_ex_o_tag/hc_o + tcr_q,0,2048,0.0,0.0
check_s1_o_tag/hc_o + tcr_q,0,2048,0.0,0.0
check_s2_o_tag/hc_o + tcr_q,0,2048,0.0,0.0
check_d_o_tag/hc_o + tcr_q,0,2048,0.0,0.0
register_set_o_tag/hc_o + tcr_q,0,2048,0.0,0.0
is_store_post_o_tag/hc_o + tcr_q,0,2048,0.0,0.0
memory_set_o_tag/hc_o + tcr_q,0,2048,0.0,0.0
rs1_o_tag/hc_o + tcr_q,0,2048,0.0,0.0
data_we_q_tag/hc_o + tcr_q,0,2048,0.0,0.0
pc_if_o_tag/hc_o + tpr_q,0,2048,0.0,0.0
pc_id_o_tag/hc_o + tpr_q,0,2048,0.0,0.0
store_dest_addr_ex_o_tag/hc_o + tpr_q,0,2048,0.0,0.0
store_source_ex_o_tag/hc_o + tpr_q,0,2048,0.0,0.0
tpr_q + use_store_ops_ex_o/hc_o,0,2048,0.0,0.0
alu_operand_a_ex_o_tag/hc_o + tpr_q,0,2048,0.0,0.0
alu_operand_b_ex_o_tag/hc_o + tpr_q,0,2048,0.0,0.0
alu_operand_c_ex_o_tag/hc_o + tpr_q,0,2048,0.0,0.0
check_s1_o_tag/hc_o + tpr_q,0,2048,0.0,0.0
check_s2_o_tag/hc_o + tpr_q,0,2048,0.0,0.0
check_d_o_tag/hc_o + tpr_q,0,2048,0.0,0.0
register_set_o_tag/hc_o + tpr_q,0,2048,0.0,0.0
is_store_post_o_tag/hc_o + tpr_q,0,2048,0.0,0.0
memory_set_o_tag/hc_o + tpr_q,0,2048,0.0,0.0
rs1_o_tag/hc_o + tpr_q,0,2048,0.0,0.0
data_we_q_tag/hc_o + tpr_q,0,2048,0.0,0.0
tcr_execute/hc_o + tpr_q,0,2048,0.0,0.0
tcr_execute/hc_o + tcr_q,0,2048,0.0,0.0
data_type_q_tag + rdata_offset_q_tag,0,1920,0.0,0.0
regfile_alu_waddr_ex_o_tag + sd_o_5,0,1656,0.0,0.0
tpr_arith/hc_o + tpr_q,0,1536,0.0,0.0
tpr_branch/hc_o + tpr_q,0,1536,0.0,0.0
tpr_jump/hc_o + tpr_q,0,1536,0.0,0.0
tpr_q + tpr_shift/hc_o,0,1536,0.0,0.0
tpr_comparison/hc_o + tpr_q,0,1536,0.0,0.0
tpr_logical/hc_o + tpr_q,0,1536,0.0,0.0
tcr_arith/hc_o + tpr_q,0,1536,0.0,0.0
tcr_branch/hc_o + tpr_q,0,1536,0.0,0.0
tcr_jump/hc_o + tpr_q,0,1536,0.0,0.0
tcr_shift/hc_o + tpr_q,0,1536,0.0,0.0
tcr_comparison/hc_o + tpr_q,0,1536,0.0,0.0
tcr_logical/hc_o + tpr_q,0,1536,0.0,0.0
tcr_load_store/hc_o + tpr_q,0,1536,0.0,0.0
tcr_q + tpr_arith/hc_o,0,1536,0.0,0.0
tcr_q + tpr_branch/hc_o,0,1536,0.0,0.0
tcr_q + tpr_jump/hc_o,0,1536,0.0,0.0
tcr_q + tpr_shift/hc_o,0,1536,0.0,0.0
tcr_q + tpr_comparison/hc_o,0,1536,0.0,0.0
tcr_q + tpr_logical/hc_o,0,1536,0.0,0.0
tcr_q + tpr_load_store_mode/hc_o,0,1536,0.0,0.0
tcr_q + tpr_load_store_enable/hc_o,0,1536,0.0,0.0
tcr_arith/hc_o + tcr_q,0,1536,0.0,0.0
tcr_branch/hc_o + tcr_q,0,1536,0.0,0.0
tcr_jump/hc_o + tcr_q,0,1536,0.0,0.0
tcr_q + tcr_shift/hc_o,0,1536,0.0,0.0
tcr_comparison/hc_o + tcr_q,0,1536,0.0,0.0
tcr_logical/hc_o + tcr_q,0,1536,0.0,0.0
id_group0/hc_o + tpr_q,0,1536,0.0,0.0
id_group1/hc_o + tpr_q,0,1536,0.0,0.0
id_group2/hc_o + tpr_q,0,1536,0.0,0.0
id_group3/hc_o + tpr_q,0,1536,0.0,0.0
id_group4/hc_o + tpr_q,0,1536,0.0,0.0
id_group5/hc_o + tpr_q,0,1536,0.0,0.0
id_group6/hc_o + tpr_q,0,1536,0.0,0.0
id_group7/hc_o + tpr_q,0,1536,0.0,0.0
id_group8/hc_o + tpr_q,0,1536,0.0,0.0
csr_group0/hc_o + tpr_q,0,1536,0.0,0.0
csr_group1/hc_o + tpr_q,0,1536,0.0,0.0
csr_group2/hc_o + tpr_q,0,1536,0.0,0.0
csr_group3/hc_o + tpr_q,0,1536,0.0,0.0
csr_group4/hc_o + tpr_q,0,1536,0.0,0.0
csr_group5/hc_o + tpr_q,0,1536,0.0,0.0
csr_group6/hc_o + tpr_q,0,1536,0.0,0.0
csr_group7/hc_o + tpr_q,0,1536,0.0,0.0
csr_group8/hc_o + tpr_q,0,1536,0.0,0.0
csr_group9/hc_o + tpr_q,0,1536,0.0,0.0
csr_group10/hc_o + tpr_q,0,1536,0.0,0.0
csr_group11/hc_o + tpr_q,0,1536,0.0,0.0
csr_group13/hc_o + tpr_q,0,1536,0.0,0.0
csr_group16/hc_o + tpr_q,0,1536,0.0,0.0
csr_group17/hc_o + tpr_q,0,1536,0.0,0.0
lsu_group1/hc_o + tpr_q,0,1536,0.0,0.0
lsu_group2/hc_o + tpr_q,0,1536,0.0,0.0
lsu_group3/hc_o + tpr_q,0,1536,0.0,0.0
lsu_group4/hc_o + tpr_q,0,1536,0.0,0.0
lsu_group5/hc_o + tpr_q,0,1536,0.0,0.0
id_group0/hc_o + tcr_q,0,1536,0.0,0.0
id_group1/hc_o + tcr_q,0,1536,0.0,0.0
id_group2/hc_o + tcr_q,0,1536,0.0,0.0
id_group3/hc_o + tcr_q,0,1536,0.0,0.0
id_group4/hc_o + tcr_q,0,1536,0.0,0.0
id_group5/hc_o + tcr_q,0,1536,0.0,0.0
id_group6/hc_o + tcr_q,0,1536,0.0,0.0
id_group7/hc_o + tcr_q,0,1536,0.0,0.0
id_group8/hc_o + tcr_q,0,1536,0.0,0.0
csr_group0/hc_o + tcr_q,0,1536,0.0,0.0
csr_group1/hc_o + tcr_q,0,1536,0.0,0.0
csr_group2/hc_o + tcr_q,0,1536,0.0,0.0
csr_group3/hc_o + tcr_q,0,1536,0.0,0.0
csr_group4/hc_o + tcr_q,0,1536,0.0,0.0
csr_group5/hc_o + tcr_q,0,1536,0.0,0.0
csr_group6/hc_o + tcr_q,0,1536,0.0,0.0
csr_group7/hc_o + tcr_q,0,1536,0.0,0.0
csr_group8/hc_o + tcr_q,0,1536,0.0,0.0
csr_group9/hc_o + tcr_q,0,1536,0.0,0.0
csr_group10/hc_o + tcr_q,0,1536,0.0,0.0
csr_group11/hc_o + tcr_q,0,1536,0.0,0.0
csr_group12/hc_o + tcr_q,0,1536,0.0,0.0
csr_group13/hc_o + tcr_q,0,1536,0.0,0.0
csr_group15/hc_o + tcr_q,0,1536,0.0,0.0
csr_group16/hc_o + tcr_q,0,1536,0.0,0.0
csr_group17/hc_o + tcr_q,0,1536,0.0,0.0
lsu_group1/hc_o + tcr_q,0,1536,0.0,0.0
lsu_group2/hc_o + tcr_q,0,1536,0.0,0.0
lsu_group3/hc_o + tcr_q,0,1536,0.0,0.0
lsu_group4/hc_o + tcr_q,0,1536,0.0,0.0
lsu_group5/hc_o + tcr_q,0,1536,0.0,0.0
rdata_q_tag + sd_o_rf_tag,0,1440,0.0,0.0
sd_o_rf_tag + tcr_q,0,1280,0.0,0.0
sd_o_rf_tag + tpr_q,0,1280,0.0,0.0
data_type_q_tag + if_stage/hc_o,0,1216,0.0,0.0
if_stage/hc_o + rdata_offset_q_tag,0,1216,0.0,0.0
data_type_q_tag + rdata_offset_q_tag/hc_o,0,1216,0.0,0.0
data_type_q_tag + data_type_q_tag/hc_o,0,1216,0.0,0.0
data_type_q_tag + rdata_q_tag/hc_o,0,1216,0.0,0.0
rdata_offset_q_tag + rdata_offset_q_tag/hc_o,0,1216,0.0,0.0
data_type_q_tag/hc_o + rdata_offset_q_tag,0,1216,0.0,0.0
rdata_offset_q_tag + rdata_q_tag/hc_o,0,1216,0.0,0.0
pc_if_o_tag/hc_o + rdata_offset_q_tag/hc_o,0,1216,0.0,0.0
data_type_q_tag/hc_o + pc_if_o_tag/hc_o,0,1216,0.0,0.0
pc_if_o_tag/hc_o + rdata_q_tag/hc_o,0,1216,0.0,0.0
pc_id_o_tag/hc_o + rdata_offset_q_tag/hc_o,0,1216,0.0,0.0
data_type_q_tag/hc_o + pc_id_o_tag/hc_o,0,1216,0.0,0.0
pc_id_o_tag/hc_o + rdata_q_tag/hc_o,0,1216,0.0,0.0
rdata_offset_q_tag/hc_o + store_source_ex_o_tag/hc_o,0,1216,0.0,0.0
data_type_q_tag/hc_o + store_source_ex_o_tag/hc_o,0,1216,0.0,0.0
rdata_q_tag/hc_o + store_source_ex_o_tag/hc_o,0,1216,0.0,0.0
alu_operand_c_ex_o_tag/hc_o + rdata_offset_q_tag/hc_o,0,1216,0.0,0.0
alu_operand_c_ex_o_tag/hc_o + data_type_q_tag/hc_o,0,1216,0.0,0.0
alu_operand_c_ex_o_tag/hc_o + rdata_q_tag/hc_o,0,1216,0.0,0.0
check_s2_o_tag/hc_o + rdata_offset_q_tag/hc_o,0,1216,0.0,0.0
check_s2_o_tag/hc_o + data_type_q_tag/hc_o,0,1216,0.0,0.0
check_s2_o_tag/hc_o + rdata_q_tag/hc_o,0,1216,0.0,0.0
check_d_o_tag/hc_o + rdata_offset_q_tag/hc_o,0,1216,0.0,0.0
check_d_o_tag/hc_o + data_type_q_tag/hc_o,0,1216,0.0,0.0
check_d_o_tag/hc_o + rdata_q_tag/hc_o,0,1216,0.0,0.0
rdata_offset_q_tag/hc_o + register_set_o_tag/hc_o,0,1216,0.0,0.0
data_type_q_tag/hc_o + register_set_o_tag/hc_o,0,1216,0.0,0.0
rdata_q_tag/hc_o + register_set_o_tag/hc_o,0,1216,0.0,0.0
is_store_post_o_tag/hc_o + rdata_offset_q_tag/hc_o,0,1216,0.0,0.0
data_type_q_tag/hc_o + is_store_post_o_tag/hc_o,0,1216,0.0,0.0
is_store_post_o_tag/hc_o + rdata_q_tag/hc_o,0,1216,0.0,0.0
memory_set_o_tag/hc_o + rdata_offset_q_tag/hc_o,0,1216,0.0,0.0
data_type_q_tag/hc_o + memory_set_o_tag/hc_o,0,1216,0.0,0.0
memory_set_o_tag/hc_o + rdata_q_tag/hc_o,0,1216,0.0,0.0
rdata_offset_q_tag/hc_o + rs1_o_tag/hc_o,0,1216,0.0,0.0
data_type_q_tag/hc_o + rs1_o_tag/hc_o,0,1216,0.0,0.0
rdata_q_tag/hc_o + rs1_o_tag/hc_o,0,1216,0.0,0.0
data_we_q_tag/hc_o + rdata_offset_q_tag/hc_o,0,1216,0.0,0.0
data_type_q_tag/hc_o + data_we_q_tag/hc_o,0,1216,0.0,0.0
data_we_q_tag/hc_o + rdata_q_tag/hc_o,0,1216,0.0,0.0
tpr_arith/hc_o + tpr_branch/hc_o,0,1168,0.0,0.0
tpr_arith/hc_o + tpr_jump/hc_o,0,1168,0.0,0.0
tpr_arith/hc_o + tpr_shift/hc_o,0,1168,0.0,0.0
tpr_arith/hc_o + tpr_comparison/hc_o,0,1168,0.0,0.0
tpr_arith/hc_o + tpr_logical/hc_o,0,1168,0.0,0.0
tcr_arith/hc_o + tpr_arith/hc_o,0,1168,0.0,0.0
tcr_branch/hc_o + tpr_arith/hc_o,0,1168,0.0,0.0
tcr_jump/hc_o + tpr_arith/hc_o,0,1168,0.0,0.0
tcr_shift/hc_o + tpr_arith/hc_o,0,1168,0.0,0.0
tcr_comparison/hc_o + tpr_arith/hc_o,0,1168,0.0,0.0
tcr_logical/hc_o + tpr_arith/hc_o,0,1168,0.0,0.0
rdata_offset_q_tag/hc_o + tpr_arith/hc_o,0,1168,0.0,0.0
data_type_q_tag/hc_o + tpr_arith/hc_o,0,1168,0.0,0.0
rdata_q_tag/hc_o + tpr_arith/hc_o,0,1168,0.0,0.0
tpr_branch/hc_o + tpr_jump/hc_o,0,1168,0.0,0.0
tpr_branch/hc_o + tpr_shift/hc_o,0,1168,0.0,0.0
tpr_branch/hc_o + tpr_comparison/hc_o,0,1168,0.0,0.0
tpr_branch/hc_o + tpr_logical/hc_o,0,1168,0.0,0.0
tcr_arith/hc_o + tpr_branch/hc_o,0,1168,0.0,0.0
tcr_branch/hc_o + tpr_branch/hc_o,0,1168,0.0,0.0
tcr_jump/hc_o + tpr_branch/hc_o,0,1168,0.0,0.0
tcr_shift/hc_o + tpr_branch/hc_o,0,1168,0.0,0.0
tcr_comparison/hc_o + tpr_branch/hc_o,0,1168,0.0,0.0
tcr_logical/hc_o + tpr_branch/hc_o,0,1168,0.0,0.0
rdata_offset_q_tag/hc_o + tpr_branch/hc_o,0,1168,0.0,0.0
data_type_q_tag/hc_o + tpr_branch/hc_o,0,1168,0.0,0.0
rdata_q_tag/hc_o + tpr_branch/hc_o,0,1168,0.0,0.0
tpr_jump/hc_o + tpr_shift/hc_o,0,1168,0.0,0.0
tpr_comparison/hc_o + tpr_jump/hc_o,0,1168,0.0,0.0
tpr_jump/hc_o + tpr_logical/hc_o,0,1168,0.0,0.0
tcr_arith/hc_o + tpr_jump/hc_o,0,1168,0.0,0.0
tcr_branch/hc_o + tpr_jump/hc_o,0,1168,0.0,0.0
tcr_jump/hc_o + tpr_jump/hc_o,0,1168,0.0,0.0
tcr_shift/hc_o + tpr_jump/hc_o,0,1168,0.0,0.0
tcr_comparison/hc_o + tpr_jump/hc_o,0,1168,0.0,0.0
tcr_logical/hc_o + tpr_jump/hc_o,0,1168,0.0,0.0
rdata_offset_q_tag/hc_o + tpr_jump/hc_o,0,1168,0.0,0.0
data_type_q_tag/hc_o + tpr_jump/hc_o,0,1168,0.0,0.0
rdata_q_tag/hc_o + tpr_jump/hc_o,0,1168,0.0,0.0
tpr_comparison/hc_o + tpr_shift/hc_o,0,1168,0.0,0.0
tpr_logical/hc_o + tpr_shift/hc_o,0,1168,0.0,0.0
tcr_arith/hc_o + tpr_shift/hc_o,0,1168,0.0,0.0
tcr_branch/hc_o + tpr_shift/hc_o,0,1168,0.0,0.0
tcr_jump/hc_o + tpr_shift/hc_o,0,1168,0.0,0.0
tcr_shift/hc_o + tpr_shift/hc_o,0,1168,0.0,0.0
tcr_comparison/hc_o + tpr_shift/hc_o,0,1168,0.0,0.0
tcr_logical/hc_o + tpr_shift/hc_o,0,1168,0.0,0.0
rdata_offset_q_tag/hc_o + tpr_shift/hc_o,0,1168,0.0,0.0
data_type_q_tag/hc_o + tpr_shift/hc_o,0,1168,0.0,0.0
rdata_q_tag/hc_o + tpr_shift/hc_o,0,1168,0.0,0.0
tpr_comparison/hc_o + tpr_logical/hc_o,0,1168,0.0,0.0
tcr_arith/hc_o + tpr_comparison/hc_o,0,1168,0.0,0.0
tcr_branch/hc_o + tpr_comparison/hc_o,0,1168,0.0,0.0
tcr_jump/hc_o + tpr_comparison/hc_o,0,1168,0.0,0.0
tcr_shift/hc_o + tpr_comparison/hc_o,0,1168,0.0,0.0
tcr_comparison/hc_o + tpr_comparison/hc_o,0,1168,0.0,0.0
tcr_logical/hc_o + tpr_comparison/hc_o,0,1168,0.0,0.0
rdata_offset_q_tag/hc_o + tpr_comparison/hc_o,0,1168,0.0,0.0
data_type_q_tag/hc_o + tpr_comparison/hc_o,0,1168,0.0,0.0
rdata_q_tag/hc_o + tpr_comparison/hc_o,0,1168,0.0,0.0
tcr_arith/hc_o + tpr_logical/hc_o,0,1168,0.0,0.0
tcr_branch/hc_o + tpr_logical/hc_o,0,1168,0.0,0.0
tcr_jump/hc_o + tpr_logical/hc_o,0,1168,0.0,0.0
tcr_shift/hc_o + tpr_logical/hc_o,0,1168,0.0,0.0
tcr_comparison/hc_o + tpr_logical/hc_o,0,1168,0.0,0.0
tcr_logical/hc_o + tpr_logical/hc_o,0,1168,0.0,0.0
rdata_offset_q_tag/hc_o + tpr_logical/hc_o,0,1168,0.0,0.0
data_type_q_tag/hc_o + tpr_logical/hc_o,0,1168,0.0,0.0
rdata_q_tag/hc_o + tpr_logical/hc_o,0,1168,0.0,0.0
tcr_arith/hc_o + tcr_branch/hc_o,0,1168,0.0,0.0
tcr_arith/hc_o + tcr_jump/hc_o,0,1168,0.0,0.0
tcr_arith/hc_o + tcr_shift/hc_o,0,1168,0.0,0.0
tcr_arith/hc_o + tcr_comparison/hc_o,0,1168,0.0,0.0
tcr_arith/hc_o + tcr_logical/hc_o,0,1168,0.0,0.0
rdata_offset_q_tag/hc_o + tcr_arith/hc_o,0,1168,0.0,0.0
data_type_q_tag/hc_o + tcr_arith/hc_o,0,1168,0.0,0.0
rdata_q_tag/hc_o + tcr_arith/hc_o,0,1168,0.0,0.0
tcr_branch/hc_o + tcr_jump/hc_o,0,1168,0.0,0.0
tcr_branch/hc_o + tcr_shift/hc_o,0,1168,0.0,0.0
tcr_branch/hc_o + tcr_comparison/hc_o,0,1168,0.0,0.0
tcr_branch/hc_o + tcr_logical/hc_o,0,1168,0.0,0.0
rdata_offset_q_tag/hc_o + tcr_branch/hc_o,0,1168,0.0,0.0
data_type_q_tag/hc_o + tcr_branch/hc_o,0,1168,0.0,0.0
rdata_q_tag/hc_o + tcr_branch/hc_o,0,1168,0.0,0.0
tcr_jump/hc_o + tcr_shift/hc_o,0,1168,0.0,0.0
tcr_comparison/hc_o + tcr_jump/hc_o,0,1168,0.0,0.0
tcr_jump/hc_o + tcr_logical/hc_o,0,1168,0.0,0.0
rdata_offset_q_tag/hc_o + tcr_jump/hc_o,0,1168,0.0,0.0
data_type_q_tag/hc_o + tcr_jump/hc_o,0,1168,0.0,0.0
rdata_q_tag/hc_o + tcr_jump/hc_o,0,1168,0.0,0.0
tcr_comparison/hc_o + tcr_shift/hc_o,0,1168,0.0,0.0
tcr_logical/hc_o + tcr_shift/hc_o,0,1168,0.0,0.0
rdata_offset_q_tag/hc_o + tcr_shift/hc_o,0,1168,0.0,0.0
data_type_q_tag/hc_o + tcr_shift/hc_o,0,1168,0.0,0.0
rdata_q_tag/hc_o + tcr_shift/hc_o,0,1168,0.0,0.0
tcr_comparison/hc_o + tcr_logical/hc_o,0,1168,0.0,0.0
rdata_offset_q_tag/hc_o + tcr_comparison/hc_o,0,1168,0.0,0.0
data_type_q_tag/hc_o + tcr_comparison/hc_o,0,1168,0.0,0.0
rdata_q_tag/hc_o + tcr_comparison/hc_o,0,1168,0.0,0.0
rdata_offset_q_tag/hc_o + tcr_logical/hc_o,0,1168,0.0,0.0
data_type_q_tag/hc_o + tcr_logical/hc_o,0,1168,0.0,0.0
rdata_q_tag/hc_o + tcr_logical/hc_o,0,1168,0.0,0.0
id_group6/hc_o + if_stage/hc_o,0,1168,0.0,0.0
id_group7/hc_o + if_stage/hc_o,0,1168,0.0,0.0
id_group8/hc_o + if_stage/hc_o,0,1168,0.0,0.0
csr_group0/hc_o + if_stage/hc_o,0,1168,0.0,0.0
csr_group1/hc_o + if_stage/hc_o,0,1168,0.0,0.0
csr_group2/hc_o + if_stage/hc_o,0,1168,0.0,0.0
csr_group3/hc_o + if_stage/hc_o,0,1168,0.0,0.0
csr_group4/hc_o + if_stage/hc_o,0,1168,0.0,0.0
csr_group5/hc_o + if_stage/hc_o,0,1168,0.0,0.0
csr_group6/hc_o + if_stage/hc_o,0,1168,0.0,0.0
csr_group7/hc_o + if_stage/hc_o,0,1168,0.0,0.0
csr_group8/hc_o + if_stage/hc_o,0,1168,0.0,0.0
csr_group9/hc_o + if_stage/hc_o,0,1168,0.0,0.0
csr_group10/hc_o + if_stage/hc_o,0,1168,0.0,0.0
csr_group11/hc_o + if_stage/hc_o,0,1168,0.0,0.0
csr_group13/hc_o + if_stage/hc_o,0,1168,0.0,0.0
csr_group16/hc_o + if_stage/hc_o,0,1168,0.0,0.0
csr_group17/hc_o + if_stage/hc_o,0,1168,0.0,0.0
if_stage/hc_o + lsu_group1/hc_o,0,1168,0.0,0.0
if_stage/hc_o + lsu_group2/hc_o,0,1168,0.0,0.0
if_stage/hc_o + lsu_group3/hc_o,0,1168,0.0,0.0
if_stage/hc_o + lsu_group4/hc_o,0,1168,0.0,0.0
if_stage/hc_o + lsu_group5/hc_o,0,1168,0.0,0.0
id_group6/hc_o + id_group7/hc_o,0,1168,0.0,0.0
id_group6/hc_o + id_group8/hc_o,0,1168,0.0,0.0
csr_group0/hc_o + id_group6/hc_o,0,1168,0.0,0.0
csr_group1/hc_o + id_group6/hc_o,0,1168,0.0,0.0
csr_group2/hc_o + id_group6/hc_o,0,1168,0.0,0.0
csr_group3/hc_o + id_group6/hc_o,0,1168,0.0,0.0
csr_group4/hc_o + id_group6/hc_o,0,1168,0.0,0.0
csr_group5/hc_o + id_group6/hc_o,0,1168,0.0,0.0
csr_group6/hc_o + id_group6/hc_o,0,1168,0.0,0.0
csr_group7/hc_o + id_group6/hc_o,0,1168,0.0,0.0
csr_group8/hc_o + id_group6/hc_o,0,1168,0.0,0.0
csr_group9/hc_o + id_group6/hc_o,0,1168,0.0,0.0
csr_group10/hc_o + id_group6/hc_o,0,1168,0.0,0.0
csr_group11/hc_o + id_group6/hc_o,0,1168,0.0,0.0
csr_group16/hc_o + id_group6/hc_o,0,1168,0.0,0.0
csr_group17/hc_o + id_group6/hc_o,0,1168,0.0,0.0
id_group6/hc_o + lsu_group1/hc_o,0,1168,0.0,0.0
id_group6/hc_o + lsu_group2/hc_o,0,1168,0.0,0.0
id_group6/hc_o + lsu_group3/hc_o,0,1168,0.0,0.0
id_group6/hc_o + lsu_group4/hc_o,0,1168,0.0,0.0
id_group6/hc_o + lsu_group5/hc_o,0,1168,0.0,0.0
id_group7/hc_o + id_group8/hc_o,0,1168,0.0,0.0
csr_group0/hc_o + id_group7/hc_o,0,1168,0.0,0.0
csr_group1/hc_o + id_group7/hc_o,0,1168,0.0,0.0
csr_group2/hc_o + id_group7/hc_o,0,1168,0.0,0.0
csr_group3/hc_o + id_group7/hc_o,0,1168,0.0,0.0
csr_group4/hc_o + id_group7/hc_o,0,1168,0.0,0.0
csr_group5/hc_o + id_group7/hc_o,0,1168,0.0,0.0
csr_group6/hc_o + id_group7/hc_o,0,1168,0.0,0.0
csr_group7/hc_o + id_group7/hc_o,0,1168,0.0,0.0
csr_group8/hc_o + id_group7/hc_o,0,1168,0.0,0.0
csr_group9/hc_o + id_group7/hc_o,0,1168,0.0,0.0
csr_group10/hc_o + id_group7/hc_o,0,1168,0.0,0.0
csr_group11/hc_o + id_group7/hc_o,0,1168,0.0,0.0
csr_group16/hc_o + id_group7/hc_o,0,1168,0.0,0.0
csr_group17/hc_o + id_group7/hc_o,0,1168,0.0,0.0
id_group7/hc_o + lsu_group1/hc_o,0,1168,0.0,0.0
id_group7/hc_o + lsu_group2/hc_o,0,1168,0.0,0.0
id_group7/hc_o + lsu_group3/hc_o,0,1168,0.0,0.0
id_group7/hc_o + lsu_group4/hc_o,0,1168,0.0,0.0
id_group7/hc_o + lsu_group5/hc_o,0,1168,0.0,0.0
csr_group0/hc_o + id_group8/hc_o,0,1168,0.0,0.0
csr_group1/hc_o + id_group8/hc_o,0,1168,0.0,0.0
csr_group2/hc_o + id_group8/hc_o,0,1168,0.0,0.0
csr_group3/hc_o + id_group8/hc_o,0,1168,0.0,0.0
csr_group4/hc_o + id_group8/hc_o,0,1168,0.0,0.0
csr_group5/hc_o + id_group8/hc_o,0,1168,0.0,0.0
csr_group6/hc_o + id_group8/hc_o,0,1168,0.0,0.0
csr_group7/hc_o + id_group8/hc_o,0,1168,0.0,0.0
csr_group8/hc_o + id_group8/hc_o,0,1168,0.0,0.0
csr_group9/hc_o + id_group8/hc_o,0,1168,0.0,0.0
csr_group10/hc_o + id_group8/hc_o,0,1168,0.0,0.0
csr_group11/hc_o + id_group8/hc_o,0,1168,0.0,0.0
csr_group16/hc_o + id_group8/hc_o,0,1168,0.0,0.0
csr_group17/hc_o + id_group8/hc_o,0,1168,0.0,0.0
id_group8/hc_o + lsu_group1/hc_o,0,1168,0.0,0.0
id_group8/hc_o + lsu_group2/hc_o,0,1168,0.0,0.0
id_group8/hc_o + lsu_group3/hc_o,0,1168,0.0,0.0
id_group8/hc_o + lsu_group4/hc_o,0,1168,0.0,0.0
id_group8/hc_o + lsu_group5/hc_o,0,1168,0.0,0.0
csr_group0/hc_o + csr_group1/hc_o,0,1168,0.0,0.0
csr_group0/hc_o + csr_group2/hc_o,0,1168,0.0,0.0
csr_group0/hc_o + csr_group3/hc_o,0,1168,0.0,0.0
csr_group0/hc_o + csr_group4/hc_o,0,1168,0.0,0.0
csr_group0/hc_o + csr_group5/hc_o,0,1168,0.0,0.0
csr_group0/hc_o + csr_group6/hc_o,0,1168,0.0,0.0
csr_group0/hc_o + csr_group7/hc_o,0,1168,0.0,0.0
csr_group0/hc_o + csr_group8/hc_o,0,1168,0.0,0.0
csr_group0/hc_o + csr_group9/hc_o,0,1168,0.0,0.0
csr_group0/hc_o + csr_group10/hc_o,0,1168,0.0,0.0
csr_group0/hc_o + csr_group11/hc_o,0,1168,0.0,0.0
csr_group0/hc_o + csr_group13/hc_o,0,1168,0.0,0.0
csr_group0/hc_o + csr_group16/hc_o,0,1168,0.0,0.0
csr_group0/hc_o + csr_group17/hc_o,0,1168,0.0,0.0
csr_group0/hc_o + lsu_group1/hc_o,0,1168,0.0,0.0
csr_group0/hc_o + lsu_group2/hc_o,0,1168,0.0,0.0
csr_group0/hc_o + lsu_group3/hc_o,0,1168,0.0,0.0
csr_group0/hc_o + lsu_group4/hc_o,0,1168,0.0,0.0
csr_group0/hc_o + lsu_group5/hc_o,0,1168,0.0,0.0
csr_group1/hc_o + csr_group2/hc_o,0,1168,0.0,0.0
csr_group1/hc_o + csr_group3/hc_o,0,1168,0.0,0.0
csr_group1/hc_o + csr_group4/hc_o,0,1168,0.0,0.0
csr_group1/hc_o + csr_group5/hc_o,0,1168,0.0,0.0
csr_group1/hc_o + csr_group6/hc_o,0,1168,0.0,0.0
csr_group1/hc_o + csr_group7/hc_o,0,1168,0.0,0.0
csr_group1/hc_o + csr_group8/hc_o,0,1168,0.0,0.0
csr_group1/hc_o + csr_group9/hc_o,0,1168,0.0,0.0
csr_group1/hc_o + csr_group10/hc_o,0,1168,0.0,0.0
csr_group1/hc_o + csr_group11/hc_o,0,1168,0.0,0.0
csr_group1/hc_o + csr_group13/hc_o,0,1168,0.0,0.0
csr_group1/hc_o + csr_group16/hc_o,0,1168,0.0,0.0
csr_group1/hc_o + csr_group17/hc_o,0,1168,0.0,0.0
csr_group1/hc_o + lsu_group1/hc_o,0,1168,0.0,0.0
csr_group1/hc_o + lsu_group2/hc_o,0,1168,0.0,0.0
csr_group1/hc_o + lsu_group3/hc_o,0,1168,0.0,0.0
csr_group1/hc_o + lsu_group4/hc_o,0,1168,0.0,0.0
csr_group1/hc_o + lsu_group5/hc_o,0,1168,0.0,0.0
csr_group2/hc_o + csr_group3/hc_o,0,1168,0.0,0.0
csr_group2/hc_o + csr_group4/hc_o,0,1168,0.0,0.0
csr_group2/hc_o + csr_group5/hc_o,0,1168,0.0,0.0
csr_group2/hc_o + csr_group6/hc_o,0,1168,0.0,0.0
csr_group2/hc_o + csr_group7/hc_o,0,1168,0.0,0.0
csr_group2/hc_o + csr_group8/hc_o,0,1168,0.0,0.0
csr_group2/hc_o + csr_group9/hc_o,0,1168,0.0,0.0
csr_group10/hc_o + csr_group2/hc_o,0,1168,0.0,0.0
csr_group11/hc_o + csr_group2/hc_o,0,1168,0.0,0.0
csr_group13/hc_o + csr_group2/hc_o,0,1168,0.0,0.0
csr_group16/hc_o + csr_group2/hc_o,0,1168,0.0,0.0
csr_group17/hc_o + csr_group2/hc_o,0,1168,0.0,0.0
csr_group2/hc_o + lsu_group1/hc_o,0,1168,0.0,0.0
csr_group2/hc_o + lsu_group2/hc_o,0,1168,0.0,0.0
csr_group2/hc_o + lsu_group3/hc_o,0,1168,0.0,0.0
csr_group2/hc_o + lsu_group4/hc_o,0,1168,0.0,0.0
csr_group2/hc_o + lsu_group5/hc_o,0,1168,0.0,0.0
csr_group3/hc_o + csr_group4/hc_o,0,1168,0.0,0.0
csr_group3/hc_o + csr_group5/hc_o,0,1168,0.0,0.0
csr_group3/hc_o + csr_group6/hc_o,0,1168,0.0,0.0
csr_group3/hc_o + csr_group7/hc_o,0,1168,0.0,0.0
csr_group3/hc_o + csr_group8/hc_o,0,1168,0.0,0.0
csr_group3/hc_o + csr_group9/hc_o,0,1168,0.0,0.0
csr_group10/hc_o + csr_group3/hc_o,0,1168,0.0,0.0
csr_group11/hc_o + csr_group3/hc_o,0,1168,0.0,0.0
csr_group13/hc_o + csr_group3/hc_o,0,1168,0.0,0.0
csr_group16/hc_o + csr_group3/hc_o,0,1168,0.0,0.0
csr_group17/hc_o + csr_group3/hc_o,0,1168,0.0,0.0
csr_group3/hc_o + lsu_group1/hc_o,0,1168,0.0,0.0
csr_group3/hc_o + lsu_group2/hc_o,0,1168,0.0,0.0
csr_group3/hc_o + lsu_group3/hc_o,0,1168,0.0,0.0
csr_group3/hc_o + lsu_group4/hc_o,0,1168,0.0,0.0
csr_group3/hc_o + lsu_group5/hc_o,0,1168,0.0,0.0
csr_group4/hc_o + csr_group5/hc_o,0,1168,0.0,0.0
csr_group4/hc_o + csr_group6/hc_o,0,1168,0.0,0.0
csr_group4/hc_o + csr_group7/hc_o,0,1168,0.0,0.0
csr_group4/hc_o + csr_group8/hc_o,0,1168,0.0,0.0
csr_group4/hc_o + csr_group9/hc_o,0,1168,0.0,0.0
csr_group10/hc_o + csr_group4/hc_o,0,1168,0.0,0.0
csr_group11/hc_o + csr_group4/hc_o,0,1168,0.0,0.0
csr_group13/hc_o + csr_group4/hc_o,0,1168,0.0,0.0
csr_group16/hc_o + csr_group4/hc_o,0,1168,0.0,0.0
csr_group17/hc_o + csr_group4/hc_o,0,1168,0.0,0.0
csr_group4/hc_o + lsu_group1/hc_o,0,1168,0.0,0.0
csr_group4/hc_o + lsu_group2/hc_o,0,1168,0.0,0.0
csr_group4/hc_o + lsu_group3/hc_o,0,1168,0.0,0.0
csr_group4/hc_o + lsu_group4/hc_o,0,1168,0.0,0.0
csr_group4/hc_o + lsu_group5/hc_o,0,1168,0.0,0.0
csr_group5/hc_o + csr_group6/hc_o,0,1168,0.0,0.0
csr_group5/hc_o + csr_group7/hc_o,0,1168,0.0,0.0
csr_group5/hc_o + csr_group8/hc_o,0,1168,0.0,0.0
csr_group5/hc_o + csr_group9/hc_o,0,1168,0.0,0.0
csr_group10/hc_o + csr_group5/hc_o,0,1168,0.0,0.0
csr_group11/hc_o + csr_group5/hc_o,0,1168,0.0,0.0
csr_group13/hc_o + csr_group5/hc_o,0,1168,0.0,0.0
csr_group16/hc_o + csr_group5/hc_o,0,1168,0.0,0.0
csr_group17/hc_o + csr_group5/hc_o,0,1168,0.0,0.0
csr_group5/hc_o + lsu_group1/hc_o,0,1168,0.0,0.0
csr_group5/hc_o + lsu_group2/hc_o,0,1168,0.0,0.0
csr_group5/hc_o + lsu_group3/hc_o,0,1168,0.0,0.0
csr_group5/hc_o + lsu_group4/hc_o,0,1168,0.0,0.0
csr_group5/hc_o + lsu_group5/hc_o,0,1168,0.0,0.0
csr_group6/hc_o + csr_group7/hc_o,0,1168,0.0,0.0
csr_group6/hc_o + csr_group8/hc_o,0,1168,0.0,0.0
csr_group6/hc_o + csr_group9/hc_o,0,1168,0.0,0.0
csr_group10/hc_o + csr_group6/hc_o,0,1168,0.0,0.0
csr_group11/hc_o + csr_group6/hc_o,0,1168,0.0,0.0
csr_group13/hc_o + csr_group6/hc_o,0,1168,0.0,0.0
csr_group16/hc_o + csr_group6/hc_o,0,1168,0.0,0.0
csr_group17/hc_o + csr_group6/hc_o,0,1168,0.0,0.0
csr_group6/hc_o + lsu_group1/hc_o,0,1168,0.0,0.0
csr_group6/hc_o + lsu_group2/hc_o,0,1168,0.0,0.0
csr_group6/hc_o + lsu_group3/hc_o,0,1168,0.0,0.0
csr_group6/hc_o + lsu_group4/hc_o,0,1168,0.0,0.0
csr_group6/hc_o + lsu_group5/hc_o,0,1168,0.0,0.0
csr_group7/hc_o + csr_group8/hc_o,0,1168,0.0,0.0
csr_group7/hc_o + csr_group9/hc_o,0,1168,0.0,0.0
csr_group10/hc_o + csr_group7/hc_o,0,1168,0.0,0.0
csr_group11/hc_o + csr_group7/hc_o,0,1168,0.0,0.0
csr_group13/hc_o + csr_group7/hc_o,0,1168,0.0,0.0
csr_group16/hc_o + csr_group7/hc_o,0,1168,0.0,0.0
csr_group17/hc_o + csr_group7/hc_o,0,1168,0.0,0.0
csr_group7/hc_o + lsu_group1/hc_o,0,1168,0.0,0.0
csr_group7/hc_o + lsu_group2/hc_o,0,1168,0.0,0.0
csr_group7/hc_o + lsu_group3/hc_o,0,1168,0.0,0.0
csr_group7/hc_o + lsu_group4/hc_o,0,1168,0.0,0.0
csr_group7/hc_o + lsu_group5/hc_o,0,1168,0.0,0.0
csr_group8/hc_o + csr_group9/hc_o,0,1168,0.0,0.0
csr_group10/hc_o + csr_group8/hc_o,0,1168,0.0,0.0
csr_group11/hc_o + csr_group8/hc_o,0,1168,0.0,0.0
csr_group13/hc_o + csr_group8/hc_o,0,1168,0.0,0.0
csr_group16/hc_o + csr_group8/hc_o,0,1168,0.0,0.0
csr_group17/hc_o + csr_group8/hc_o,0,1168,0.0,0.0
csr_group8/hc_o + lsu_group1/hc_o,0,1168,0.0,0.0
csr_group8/hc_o + lsu_group2/hc_o,0,1168,0.0,0.0
csr_group8/hc_o + lsu_group3/hc_o,0,1168,0.0,0.0
csr_group8/hc_o + lsu_group4/hc_o,0,1168,0.0,0.0
csr_group8/hc_o + lsu_group5/hc_o,0,1168,0.0,0.0
csr_group10/hc_o + csr_group9/hc_o,0,1168,0.0,0.0
csr_group11/hc_o + csr_group9/hc_o,0,1168,0.0,0.0
csr_group13/hc_o + csr_group9/hc_o,0,1168,0.0,0.0
csr_group16/hc_o + csr_group9/hc_o,0,1168,0.0,0.0
csr_group17/hc_o + csr_group9/hc_o,0,1168,0.0,0.0
csr_group9/hc_o + lsu_group1/hc_o,0,1168,0.0,0.0
csr_group9/hc_o + lsu_group2/hc_o,0,1168,0.0,0.0
csr_group9/hc_o + lsu_group3/hc_o,0,1168,0.0,0.0
csr_group9/hc_o + lsu_group4/hc_o,0,1168,0.0,0.0
csr_group9/hc_o + lsu_group5/hc_o,0,1168,0.0,0.0
csr_group10/hc_o + csr_group11/hc_o,0,1168,0.0,0.0
csr_group10/hc_o + csr_group13/hc_o,0,1168,0.0,0.0
csr_group10/hc_o + csr_group16/hc_o,0,1168,0.0,0.0
csr_group10/hc_o + csr_group17/hc_o,0,1168,0.0,0.0
csr_group10/hc_o + lsu_group1/hc_o,0,1168,0.0,0.0
csr_group10/hc_o + lsu_group2/hc_o,0,1168,0.0,0.0
csr_group10/hc_o + lsu_group3/hc_o,0,1168,0.0,0.0
csr_group10/hc_o + lsu_group4/hc_o,0,1168,0.0,0.0
csr_group10/hc_o + lsu_group5/hc_o,0,1168,0.0,0.0
csr_group11/hc_o + csr_group13/hc_o,0,1168,0.0,0.0
csr_group11/hc_o + csr_group16/hc_o,0,1168,0.0,0.0
csr_group11/hc_o + csr_group17/hc_o,0,1168,0.0,0.0
csr_group11/hc_o + lsu_group1/hc_o,0,1168,0.0,0.0
csr_group11/hc_o + lsu_group2/hc_o,0,1168,0.0,0.0
csr_group11/hc_o + lsu_group3/hc_o,0,1168,0.0,0.0
csr_group11/hc_o + lsu_group4/hc_o,0,1168,0.0,0.0
csr_group11/hc_o + lsu_group5/hc_o,0,1168,0.0,0.0
csr_group13/hc_o + csr_group16/hc_o,0,1168,0.0,0.0
csr_group13/hc_o + csr_group17/hc_o,0,1168,0.0,0.0
csr_group13/hc_o + lsu_group1/hc_o,0,1168,0.0,0.0
csr_group13/hc_o + lsu_group2/hc_o,0,1168,0.0,0.0
csr_group13/hc_o + lsu_group3/hc_o,0,1168,0.0,0.0
csr_group13/hc_o + lsu_group4/hc_o,0,1168,0.0,0.0
csr_group13/hc_o + lsu_group5/hc_o,0,1168,0.0,0.0
csr_group16/hc_o + csr_group17/hc_o,0,1168,0.0,0.0
csr_group16/hc_o + lsu_group1/hc_o,0,1168,0.0,0.0
csr_group16/hc_o + lsu_group2/hc_o,0,1168,0.0,0.0
csr_group16/hc_o + lsu_group3/hc_o,0,1168,0.0,0.0
csr_group16/hc_o + lsu_group4/hc_o,0,1168,0.0,0.0
csr_group16/hc_o + lsu_group5/hc_o,0,1168,0.0,0.0
csr_group17/hc_o + lsu_group1/hc_o,0,1168,0.0,0.0
csr_group17/hc_o + lsu_group2/hc_o,0,1168,0.0,0.0
csr_group17/hc_o + lsu_group3/hc_o,0,1168,0.0,0.0
csr_group17/hc_o + lsu_group4/hc_o,0,1168,0.0,0.0
csr_group17/hc_o + lsu_group5/hc_o,0,1168,0.0,0.0
lsu_group1/hc_o + lsu_group2/hc_o,0,1168,0.0,0.0
lsu_group1/hc_o + lsu_group3/hc_o,0,1168,0.0,0.0
lsu_group1/hc_o + lsu_group4/hc_o,0,1168,0.0,0.0
lsu_group1/hc_o + lsu_group5/hc_o,0,1168,0.0,0.0
lsu_group2/hc_o + lsu_group3/hc_o,0,1168,0.0,0.0
lsu_group2/hc_o + lsu_group4/hc_o,0,1168,0.0,0.0
lsu_group2/hc_o + lsu_group5/hc_o,0,1168,0.0,0.0
lsu_group3/hc_o + lsu_group4/hc_o,0,1168,0.0,0.0
lsu_group3/hc_o + lsu_group5/hc_o,0,1168,0.0,0.0
lsu_group4/hc_o + lsu_group5/hc_o,0,1168,0.0,0.0
ex_stage/hc_o + rdata_q_tag,0,1152,0.0,0.0
id_group9/hc_o + rdata_q_tag,0,1152,0.0,0.0
csr_group14/hc_o + rdata_q_tag,0,1152,0.0,0.0
csr_group18/hc_o + rdata_q_tag,0,1152,0.0,0.0
csr_group19/hc_o + rdata_q_tag,0,1152,0.0,0.0
if_stage/hc_o + lsu_reg/hc_o,0,1120,0.0,0.0
if_stage/hc_o + lsu/hc_o,0,1120,0.0,0.0
data_we_q_tag/sd_o + regfile_alu_waddr_ex_o_tag,0,1104,0.0,0.0
rdata_offset_q_tag/sd_o + regfile_alu_waddr_ex_o_tag,0,1104,0.0,0.0
data_type_q_tag/sd_o + regfile_alu_waddr_ex_o_tag,0,1104,0.0,0.0
rdata_q_tag/sd_o + regfile_alu_waddr_ex_o_tag,0,1104,0.0,0.0
pc_if_o_tag/sd_o + regfile_alu_waddr_ex_o_tag,0,1104,0.0,0.0
pc_id_o_tag/sd_o + regfile_alu_waddr_ex_o_tag,0,1104,0.0,0.0
alu_operator_o_mode/sd_o + regfile_alu_waddr_ex_o_tag,0,1104,0.0,0.0
regfile_alu_waddr_ex_o_tag + store_dest_addr_ex_o_tag/sd_o,0,1104,0.0,0.0
regfile_alu_waddr_ex_o_tag + store_source_ex_o_tag/sd_o,0,1104,0.0,0.0
regfile_alu_waddr_ex_o_tag + use_store_ops_ex_o/sd_o,0,1104,0.0,0.0
alu_operand_a_ex_o_tag/sd_o + regfile_alu_waddr_ex_o_tag,0,1104,0.0,0.0
alu_operand_b_ex_o_tag/sd_o + regfile_alu_waddr_ex_o_tag,0,1104,0.0,0.0
alu_operand_c_ex_o_tag/sd_o + regfile_alu_waddr_ex_o_tag,0,1104,0.0,0.0
check_s1_o_tag/sd_o + regfile_alu_waddr_ex_o_tag,0,1104,0.0,0.0
check_s2_o_tag/sd_o + regfile_alu_waddr_ex_o_tag,0,1104,0.0,0.0
check_d_o_tag/sd_o + regfile_alu_waddr_ex_o_tag,0,1104,0.0,0.0
regfile_alu_waddr_ex_o_tag + register_set_o_tag/sd_o,0,1104,0.0,0.0
is_store_post_o_tag/sd_o + regfile_alu_waddr_ex_o_tag,0,1104,0.0,0.0
memory_set_o_tag/sd_o + regfile_alu_waddr_ex_o_tag,0,1104,0.0,0.0
regfile_alu_waddr_ex_o_tag + rs1_o_tag/sd_o,0,1104,0.0,0.0
regfile_alu_waddr_ex_o_tag + tcr_execute/sd_o,0,1104,0.0,0.0
regfile_alu_waddr_ex_o_tag + sp_o_32,0,1104,0.0,0.0
ex_stage/hc_o + tcr_q,0,1024,0.0,0.0
lsu_reg/hc_o + tcr_q,0,1024,0.0,0.0
ex_stage/hc_o + tpr_q,0,1024,0.0,0.0
lsu_reg/hc_o + tpr_q,0,1024,0.0,0.0
id_group9/hc_o + tpr_q,0,1024,0.0,0.0
csr_group14/hc_o + tpr_q,0,1024,0.0,0.0
csr_group18/hc_o + tpr_q,0,1024,0.0,0.0
csr_group19/hc_o + tpr_q,0,1024,0.0,0.0
csr_group20/hc_o + tpr_q,0,1024,0.0,0.0
id_group9/hc_o + tcr_q,0,1024,0.0,0.0
csr_group14/hc_o + tcr_q,0,1024,0.0,0.0
csr_group18/hc_o + tcr_q,0,1024,0.0,0.0
csr_group19/hc_o + tcr_q,0,1024,0.0,0.0
lsu/hc_o + tcr_q,0,1024,0.0,0.0
lsu/hc_o + tpr_q,0,1024,0.0,0.0
data_type_q_tag + pc_id_o_tag,0,960,0.0,0.0
pc_id_o_tag + rdata_offset_q_tag,0,960,0.0,0.0
data_type_q_tag + rf_reg[17],0,960,0.0,0.0
rdata_offset_q_tag + rf_reg[17],0,960,0.0,0.0
data_type_q_tag + rf_reg[18],0,960,0.0,0.0
rdata_offset_q_tag + rf_reg[18],0,960,0.0,0.0
data_type_q_tag + rf_reg[19],0,960,0.0,0.0
rdata_offset_q_tag + rf_reg[19],0,960,0.0,0.0
data_type_q_tag + rf_reg[20],0,960,0.0,0.0
rdata_offset_q_tag + rf_reg[20],0,960,0.0,0.0
data_type_q_tag + rf_reg[21],0,960,0.0,0.0
rdata_offset_q_tag + rf_reg[21],0,960,0.0,0.0
data_type_q_tag + rf_reg[22],0,960,0.0,0.0
rdata_offset_q_tag + rf_reg[22],0,960,0.0,0.0
data_type_q_tag + rf_reg[23],0,960,0.0,0.0
rdata_offset_q_tag + rf_reg[23],0,960,0.0,0.0
data_type_q_tag + rf_reg[24],0,960,0.0,0.0
rdata_offset_q_tag + rf_reg[24],0,960,0.0,0.0
data_type_q_tag + rf_reg[25],0,960,0.0,0.0
rdata_offset_q_tag + rf_reg[25],0,960,0.0,0.0
data_type_q_tag + rf_reg[26],0,960,0.0,0.0
rdata_offset_q_tag + rf_reg[26],0,960,0.0,0.0
data_type_q_tag + rf_reg[27],0,960,0.0,0.0
rdata_offset_q_tag + rf_reg[27],0,960,0.0,0.0
data_type_q_tag + rf_reg[28],0,960,0.0,0.0
rdata_offset_q_tag + rf_reg[28],0,960,0.0,0.0
data_type_q_tag + rf_reg[29],0,960,0.0,0.0
rdata_offset_q_tag + rf_reg[29],0,960,0.0,0.0
data_type_q_tag + rf_reg[30],0,960,0.0,0.0
rdata_offset_q_tag + rf_reg[30],0,960,0.0,0.0
data_type_q_tag + rf_reg[31],0,960,0.0,0.0
rdata_offset_q_tag + rf_reg[31],0,960,0.0,0.0
data_type_q_tag + memory_set_o_tag,0,960,0.0,0.0
data_type_q_tag + pc_if_o_tag,0,960,0.0,0.0
pc_if_o_tag + rdata_offset_q_tag,0,960,0.0,0.0
data_type_q_tag + rf_reg[0],0,960,0.0,0.0
rdata_offset_q_tag + rf_reg[0],0,960,0.0,0.0
data_type_q_tag + rf_reg[1],0,960,0.0,0.0
rdata_offset_q_tag + rf_reg[1],0,960,0.0,0.0
data_type_q_tag + rf_reg[2],0,960,0.0,0.0
rdata_offset_q_tag + rf_reg[2],0,960,0.0,0.0
data_type_q_tag + rf_reg[3],0,960,0.0,0.0
rdata_offset_q_tag + rf_reg[3],0,960,0.0,0.0
data_type_q_tag + rf_reg[4],0,960,0.0,0.0
rdata_offset_q_tag + rf_reg[4],0,960,0.0,0.0
data_type_q_tag + rf_reg[5],0,960,0.0,0.0
rdata_offset_q_tag + rf_reg[5],0,960,0.0,0.0
data_type_q_tag + rf_reg[6],0,960,0.0,0.0
rdata_offset_q_tag + rf_reg[6],0,960,0.0,0.0
data_type_q_tag + rf_reg[7],0,960,0.0,0.0
rdata_offset_q_tag + rf_reg[7],0,960,0.0,0.0
data_type_q_tag + rf_reg[8],0,960,0.0,0.0
rdata_offset_q_tag + rf_reg[8],0,960,0.0,0.0
data_type_q_tag + rf_reg[9],0,960,0.0,0.0
rdata_offset_q_tag + rf_reg[9],0,960,0.0,0.0
data_type_q_tag + rf_reg[10],0,960,0.0,0.0
rdata_offset_q_tag + rf_reg[10],0,960,0.0,0.0
data_type_q_tag + rf_reg[11],0,960,0.0,0.0
rdata_offset_q_tag + rf_reg[11],0,960,0.0,0.0
data_type_q_tag + rf_reg[12],0,960,0.0,0.0
rdata_offset_q_tag + rf_reg[12],0,960,0.0,0.0
data_type_q_tag + rf_reg[13],0,960,0.0,0.0
rdata_offset_q_tag + rf_reg[13],0,960,0.0,0.0
data_type_q_tag + rf_reg[14],0,960,0.0,0.0
rdata_offset_q_tag + rf_reg[14],0,960,0.0,0.0
data_type_q_tag + rf_reg[16],0,960,0.0,0.0
rdata_offset_q_tag + rf_reg[16],0,960,0.0,0.0
rdata_q_tag + sd_o_5,0,864,0.0,0.0
rdata_q_tag + tpr/sd_o_32,0,864,0.0,0.0
rdata_q_tag + tcr/sd_o_32,0,864,0.0,0.0
hc_o_5 + sd_o_rf_tag,0,864,0.0,0.0
sd_o_5 + tcr_q,0,768,0.0,0.0
tcr_q + tpr/sd_o_32,0,768,0.0,0.0
tcr/sd_o_32 + tcr_q,0,768,0.0,0.0
sd_o_5 + tpr_q,0,768,0.0,0.0
tpr/sd_o_32 + tpr_q,0,768,0.0,0.0
tcr/sd_o_32 + tpr_q,0,768,0.0,0.0
data_type_q_tag + pc_if_o_tag/hc_o,0,640,0.0,0.0
data_type_q_tag + pc_id_o_tag/hc_o,0,640,0.0,0.0
data_type_q_tag + store_source_ex_o_tag/hc_o,0,640,0.0,0.0
alu_operand_c_ex_o_tag/hc_o + data_type_q_tag,0,640,0.0,0.0
check_s2_o_tag/hc_o + data_type_q_tag,0,640,0.0,0.0
check_d_o_tag/hc_o + data_type_q_tag,0,640,0.0,0.0
data_type_q_tag + register_set_o_tag/hc_o,0,640,0.0,0.0
data_type_q_tag + is_store_post_o_tag/hc_o,0,640,0.0,0.0
data_type_q_tag + memory_set_o_tag/hc_o,0,640,0.0,0.0
data_type_q_tag + rs1_o_tag/hc_o,0,640,0.0,0.0
data_type_q_tag + data_we_q_tag/hc_o,0,640,0.0,0.0
pc_if_o_tag/hc_o + rdata_offset_q_tag,0,640,0.0,0.0
pc_id_o_tag/hc_o + rdata_offset_q_tag,0,640,0.0,0.0
rdata_offset_q_tag + store_source_ex_o_tag/hc_o,0,640,0.0,0.0
alu_operand_c_ex_o_tag/hc_o + rdata_offset_q_tag,0,640,0.0,0.0
check_s2_o_tag/hc_o + rdata_offset_q_tag,0,640,0.0,0.0
check_d_o_tag/hc_o + rdata_offset_q_tag,0,640,0.0,0.0
rdata_offset_q_tag + register_set_o_tag/hc_o,0,640,0.0,0.0
is_store_post_o_tag/hc_o + rdata_offset_q_tag,0,640,0.0,0.0
memory_set_o_tag/hc_o + rdata_offset_q_tag,0,640,0.0,0.0
rdata_offset_q_tag + rs1_o_tag/hc_o,0,640,0.0,0.0
data_we_q_tag/hc_o + rdata_offset_q_tag,0,640,0.0,0.0
pc_id_o_tag/hc_o + pc_if_o_tag/hc_o,0,640,0.0,0.0
pc_if_o_tag/hc_o + store_source_ex_o_tag/hc_o,0,640,0.0,0.0
alu_operand_c_ex_o_tag/hc_o + pc_if_o_tag/hc_o,0,640,0.0,0.0
check_s2_o_tag/hc_o + pc_if_o_tag/hc_o,0,640,0.0,0.0
check_d_o_tag/hc_o + pc_if_o_tag/hc_o,0,640,0.0,0.0
pc_if_o_tag/hc_o + register_set_o_tag/hc_o,0,640,0.0,0.0
is_store_post_o_tag/hc_o + pc_if_o_tag/hc_o,0,640,0.0,0.0
memory_set_o_tag/hc_o + pc_if_o_tag/hc_o,0,640,0.0,0.0
pc_if_o_tag/hc_o + rs1_o_tag/hc_o,0,640,0.0,0.0
data_we_q_tag/hc_o + pc_if_o_tag/hc_o,0,640,0.0,0.0
pc_id_o_tag/hc_o + store_source_ex_o_tag/hc_o,0,640,0.0,0.0
alu_operand_c_ex_o_tag/hc_o + pc_id_o_tag/hc_o,0,640,0.0,0.0
check_s2_o_tag/hc_o + pc_id_o_tag/hc_o,0,640,0.0,0.0
check_d_o_tag/hc_o + pc_id_o_tag/hc_o,0,640,0.0,0.0
pc_id_o_tag/hc_o + register_set_o_tag/hc_o,0,640,0.0,0.0
is_store_post_o_tag/hc_o + pc_id_o_tag/hc_o,0,640,0.0,0.0
memory_set_o_tag/hc_o + pc_id_o_tag/hc_o,0,640,0.0,0.0
pc_id_o_tag/hc_o + rs1_o_tag/hc_o,0,640,0.0,0.0
data_we_q_tag/hc_o + pc_id_o_tag/hc_o,0,640,0.0,0.0
alu_operand_c_ex_o_tag/hc_o + store_source_ex_o_tag/hc_o,0,640,0.0,0.0
check_s2_o_tag/hc_o + store_source_ex_o_tag/hc_o,0,640,0.0,0.0
check_d_o_tag/hc_o + store_source_ex_o_tag/hc_o,0,640,0.0,0.0
register_set_o_tag/hc_o + store_source_ex_o_tag/hc_o,0,640,0.0,0.0
is_store_post_o_tag/hc_o + store_source_ex_o_tag/hc_o,0,640,0.0,0.0
memory_set_o_tag/hc_o + store_source_ex_o_tag/hc_o,0,640,0.0,0.0
rs1_o_tag/hc_o + store_source_ex_o_tag/hc_o,0,640,0.0,0.0
data_we_q_tag/hc_o + store_source_ex_o_tag/hc_o,0,640,0.0,0.0
alu_operand_c_ex_o_tag/hc_o + check_s2_o_tag/hc_o,0,640,0.0,0.0
alu_operand_c_ex_o_tag/hc_o + check_d_o_tag/hc_o,0,640,0.0,0.0
alu_operand_c_ex_o_tag/hc_o + register_set_o_tag/hc_o,0,640,0.0,0.0
alu_operand_c_ex_o_tag/hc_o + is_store_post_o_tag/hc_o,0,640,0.0,0.0
alu_operand_c_ex_o_tag/hc_o + memory_set_o_tag/hc_o,0,640,0.0,0.0
alu_operand_c_ex_o_tag/hc_o + rs1_o_tag/hc_o,0,640,0.0,0.0
alu_operand_c_ex_o_tag/hc_o + data_we_q_tag/hc_o,0,640,0.0,0.0
check_d_o_tag/hc_o + check_s2_o_tag/hc_o,0,640,0.0,0.0
check_s2_o_tag/hc_o + register_set_o_tag/hc_o,0,640,0.0,0.0
check_s2_o_tag/hc_o + is_store_post_o_tag/hc_o,0,640,0.0,0.0
check_s2_o_tag/hc_o + memory_set_o_tag/hc_o,0,640,0.0,0.0
check_s2_o_tag/hc_o + rs1_o_tag/hc_o,0,640,0.0,0.0
check_s2_o_tag/hc_o + data_we_q_tag/hc_o,0,640,0.0,0.0
check_d_o_tag/hc_o + register_set_o_tag/hc_o,0,640,0.0,0.0
check_d_o_tag/hc_o + is_store_post_o_tag/hc_o,0,640,0.0,0.0
check_d_o_tag/hc_o + memory_set_o_tag/hc_o,0,640,0.0,0.0
check_d_o_tag/hc_o + rs1_o_tag/hc_o,0,640,0.0,0.0
check_d_o_tag/hc_o + data_we_q_tag/hc_o,0,640,0.0,0.0
is_store_post_o_tag/hc_o + register_set_o_tag/hc_o,0,640,0.0,0.0
memory_set_o_tag/hc_o + register_set_o_tag/hc_o,0,640,0.0,0.0
register_set_o_tag/hc_o + rs1_o_tag/hc_o,0,640,0.0,0.0
data_we_q_tag/hc_o + register_set_o_tag/hc_o,0,640,0.0,0.0
is_store_post_o_tag/hc_o + memory_set_o_tag/hc_o,0,640,0.0,0.0
is_store_post_o_tag/hc_o + rs1_o_tag/hc_o,0,640,0.0,0.0
data_we_q_tag/hc_o + is_store_post_o_tag/hc_o,0,640,0.0,0.0
memory_set_o_tag/hc_o + rs1_o_tag/hc_o,0,640,0.0,0.0
data_we_q_tag/hc_o + memory_set_o_tag/hc_o,0,640,0.0,0.0
data_we_q_tag/hc_o + rs1_o_tag/hc_o,0,640,0.0,0.0
data_type_q_tag + tcr_execute/hc_o,0,640,0.0,0.0
rdata_offset_q_tag + tcr_execute/hc_o,0,640,0.0,0.0
if_stage/hc_o + rf_reg[1],0,608,0.0,0.0
if_stage/hc_o + rf_reg[2],0,608,0.0,0.0
if_stage/hc_o + rf_reg[3],0,608,0.0,0.0
if_stage/hc_o + rf_reg[4],0,608,0.0,0.0
if_stage/hc_o + rf_reg[5],0,608,0.0,0.0
if_stage/hc_o + rf_reg[6],0,608,0.0,0.0
if_stage/hc_o + rf_reg[7],0,608,0.0,0.0
alu_operand_b_ex_o_tag + if_stage/hc_o,0,608,0.0,0.0
if_stage/hc_o + rf_reg[8],0,608,0.0,0.0
if_stage/hc_o + rf_reg[9],0,608,0.0,0.0
if_stage/hc_o + rf_reg[10],0,608,0.0,0.0
if_stage/hc_o + rf_reg[11],0,608,0.0,0.0
if_stage/hc_o + rf_reg[12],0,608,0.0,0.0
if_stage/hc_o + rf_reg[13],0,608,0.0,0.0
if_stage/hc_o + rf_reg[14],0,608,0.0,0.0
if_stage/hc_o + rf_reg[15],0,608,0.0,0.0
if_stage/hc_o + rf_reg[16],0,608,0.0,0.0
if_stage/hc_o + rf_reg[17],0,608,0.0,0.0
if_stage/hc_o + rf_reg[18],0,608,0.0,0.0
if_stage/hc_o + rf_reg[19],0,608,0.0,0.0
if_stage/hc_o + rf_reg[20],0,608,0.0,0.0
if_stage/hc_o + rf_reg[21],0,608,0.0,0.0
if_stage/hc_o + rf_reg[22],0,608,0.0,0.0
if_stage/hc_o + rf_reg[23],0,608,0.0,0.0
alu_operand_c_ex_o_tag + if_stage/hc_o,0,608,0.0,0.0
if_stage/hc_o + rf_reg[24],0,608,0.0,0.0
if_stage/hc_o + rf_reg[25],0,608,0.0,0.0
if_stage/hc_o + rf_reg[26],0,608,0.0,0.0
if_stage/hc_o + rf_reg[27],0,608,0.0,0.0
if_stage/hc_o + rf_reg[28],0,608,0.0,0.0
if_stage/hc_o + rf_reg[29],0,608,0.0,0.0
if_stage/hc_o + rf_reg[30],0,608,0.0,0.0
if_stage/hc_o + rf_reg[31],0,608,0.0,0.0
if_stage/hc_o + rs1_o_tag,0,608,0.0,0.0
data_we_q_tag + if_stage/hc_o,0,608,0.0,0.0
if_stage/hc_o + pc_id_o_tag,0,608,0.0,0.0
ex_stage/hc_o + if_stage/hc_o,0,608,0.0,0.0
check_d_o_tag + if_stage/hc_o,0,608,0.0,0.0
check_s1_o_tag + if_stage/hc_o,0,608,0.0,0.0
check_s2_o_tag + if_stage/hc_o,0,608,0.0,0.0
if_stage/hc_o + is_store_post_o_tag,0,608,0.0,0.0
if_stage/hc_o + memory_set_o_tag,0,608,0.0,0.0
if_stage/hc_o + pc_if_o_tag,0,608,0.0,0.0
if_stage/hc_o + register_set_o_tag,0,608,0.0,0.0
alu_operand_a_ex_o_tag + if_stage/hc_o,0,608,0.0,0.0
if_stage/hc_o + store_dest_addr_ex_o_tag,0,608,0.0,0.0
if_stage/hc_o + store_source_ex_o_tag,0,608,0.0,0.0
if_stage/hc_o + use_store_ops_ex_o,0,608,0.0,0.0
if_stage/hc_o + rf_reg[0],0,608,0.0,0.0
rdata_offset_q_tag/hc_o + register_set_o_tag,0,608,0.0,0.0
data_type_q_tag/hc_o + register_set_o_tag,0,608,0.0,0.0
rdata_q_tag/hc_o + register_set_o_tag,0,608,0.0,0.0
rdata_offset_q_tag/hc_o + store_dest_addr_ex_o_tag,0,608,0.0,0.0
data_type_q_tag/hc_o + store_dest_addr_ex_o_tag,0,608,0.0,0.0
rdata_q_tag/hc_o + store_dest_addr_ex_o_tag,0,608,0.0,0.0
rdata_offset_q_tag/hc_o + store_source_ex_o_tag,0,608,0.0,0.0
data_type_q_tag/hc_o + store_source_ex_o_tag,0,608,0.0,0.0
rdata_q_tag/hc_o + store_source_ex_o_tag,0,608,0.0,0.0
rdata_offset_q_tag/hc_o + use_store_ops_ex_o,0,608,0.0,0.0
data_type_q_tag/hc_o + use_store_ops_ex_o,0,608,0.0,0.0
rdata_q_tag/hc_o + use_store_ops_ex_o,0,608,0.0,0.0
rdata_offset_q_tag/hc_o + rf_reg[0],0,608,0.0,0.0
data_type_q_tag/hc_o + rf_reg[0],0,608,0.0,0.0
rdata_q_tag/hc_o + rf_reg[0],0,608,0.0,0.0
alu_operand_a_ex_o_tag + rdata_offset_q_tag/hc_o,0,608,0.0,0.0
alu_operand_a_ex_o_tag + data_type_q_tag/hc_o,0,608,0.0,0.0
alu_operand_a_ex_o_tag + rdata_q_tag/hc_o,0,608,0.0,0.0
rdata_offset_q_tag/hc_o + rf_reg[1],0,608,0.0,0.0
data_type_q_tag/hc_o + rf_reg[1],0,608,0.0,0.0
rdata_q_tag/hc_o + rf_reg[1],0,608,0.0,0.0
rdata_offset_q_tag/hc_o + rf_reg[2],0,608,0.0,0.0
data_type_q_tag/hc_o + rf_reg[2],0,608,0.0,0.0
rdata_q_tag/hc_o + rf_reg[2],0,608,0.0,0.0
rdata_offset_q_tag/hc_o + rf_reg[3],0,608,0.0,0.0
data_type_q_tag/hc_o + rf_reg[3],0,608,0.0,0.0
rdata_q_tag/hc_o + rf_reg[3],0,608,0.0,0.0
rdata_offset_q_tag/hc_o + rf_reg[4],0,608,0.0,0.0
data_type_q_tag/hc_o + rf_reg[4],0,608,0.0,0.0
rdata_q_tag/hc_o + rf_reg[4],0,608,0.0,0.0
rdata_offset_q_tag/hc_o + rf_reg[5],0,608,0.0,0.0
data_type_q_tag/hc_o + rf_reg[5],0,608,0.0,0.0
rdata_q_tag/hc_o + rf_reg[5],0,608,0.0,0.0
rdata_offset_q_tag/hc_o + rf_reg[6],0,608,0.0,0.0
data_type_q_tag/hc_o + rf_reg[6],0,608,0.0,0.0
rdata_q_tag/hc_o + rf_reg[6],0,608,0.0,0.0
rdata_offset_q_tag/hc_o + rf_reg[7],0,608,0.0,0.0
data_type_q_tag/hc_o + rf_reg[7],0,608,0.0,0.0
rdata_q_tag/hc_o + rf_reg[7],0,608,0.0,0.0
rdata_offset_q_tag/hc_o + rf_reg[8],0,608,0.0,0.0
data_type_q_tag/hc_o + rf_reg[8],0,608,0.0,0.0
rdata_q_tag/hc_o + rf_reg[8],0,608,0.0,0.0
rdata_offset_q_tag/hc_o + rf_reg[9],0,608,0.0,0.0
data_type_q_tag/hc_o + rf_reg[9],0,608,0.0,0.0
rdata_q_tag/hc_o + rf_reg[9],0,608,0.0,0.0
rdata_offset_q_tag/hc_o + rf_reg[10],0,608,0.0,0.0
data_type_q_tag/hc_o + rf_reg[10],0,608,0.0,0.0
rdata_q_tag/hc_o + rf_reg[10],0,608,0.0,0.0
rdata_offset_q_tag/hc_o + rf_reg[11],0,608,0.0,0.0
data_type_q_tag/hc_o + rf_reg[11],0,608,0.0,0.0
rdata_q_tag/hc_o + rf_reg[11],0,608,0.0,0.0
rdata_offset_q_tag/hc_o + rf_reg[12],0,608,0.0,0.0
data_type_q_tag/hc_o + rf_reg[12],0,608,0.0,0.0
rdata_q_tag/hc_o + rf_reg[12],0,608,0.0,0.0
alu_operand_b_ex_o_tag + rdata_offset_q_tag/hc_o,0,608,0.0,0.0
alu_operand_b_ex_o_tag + data_type_q_tag/hc_o,0,608,0.0,0.0
alu_operand_b_ex_o_tag + rdata_q_tag/hc_o,0,608,0.0,0.0
rdata_offset_q_tag/hc_o + rf_reg[13],0,608,0.0,0.0
data_type_q_tag/hc_o + rf_reg[13],0,608,0.0,0.0
rdata_q_tag/hc_o + rf_reg[13],0,608,0.0,0.0
rdata_offset_q_tag/hc_o + rf_reg[14],0,608,0.0,0.0
data_type_q_tag/hc_o + rf_reg[14],0,608,0.0,0.0
rdata_q_tag/hc_o + rf_reg[14],0,608,0.0,0.0
rdata_offset_q_tag/hc_o + rf_reg[15],0,608,0.0,0.0
data_type_q_tag/hc_o + rf_reg[15],0,608,0.0,0.0
rdata_q_tag/hc_o + rf_reg[15],0,608,0.0,0.0
rdata_offset_q_tag/hc_o + rf_reg[16],0,608,0.0,0.0
data_type_q_tag/hc_o + rf_reg[16],0,608,0.0,0.0
rdata_q_tag/hc_o + rf_reg[16],0,608,0.0,0.0
rdata_offset_q_tag/hc_o + rf_reg[17],0,608,0.0,0.0
data_type_q_tag/hc_o + rf_reg[17],0,608,0.0,0.0
rdata_q_tag/hc_o + rf_reg[17],0,608,0.0,0.0
rdata_offset_q_tag/hc_o + rf_reg[18],0,608,0.0,0.0
data_type_q_tag/hc_o + rf_reg[18],0,608,0.0,0.0
rdata_q_tag/hc_o + rf_reg[18],0,608,0.0,0.0
rdata_offset_q_tag/hc_o + rf_reg[19],0,608,0.0,0.0
data_type_q_tag/hc_o + rf_reg[19],0,608,0.0,0.0
rdata_q_tag/hc_o + rf_reg[19],0,608,0.0,0.0
rdata_offset_q_tag/hc_o + rf_reg[20],0,608,0.0,0.0
data_type_q_tag/hc_o + rf_reg[20],0,608,0.0,0.0
rdata_q_tag/hc_o + rf_reg[20],0,608,0.0,0.0
rdata_offset_q_tag/hc_o + rf_reg[21],0,608,0.0,0.0
data_type_q_tag/hc_o + rf_reg[21],0,608,0.0,0.0
rdata_q_tag/hc_o + rf_reg[21],0,608,0.0,0.0
rdata_offset_q_tag/hc_o + rf_reg[22],0,608,0.0,0.0
data_type_q_tag/hc_o + rf_reg[22],0,608,0.0,0.0
rdata_q_tag/hc_o + rf_reg[22],0,608,0.0,0.0
rdata_offset_q_tag/hc_o + rf_reg[23],0,608,0.0,0.0
data_type_q_tag/hc_o + rf_reg[23],0,608,0.0,0.0
rdata_q_tag/hc_o + rf_reg[23],0,608,0.0,0.0
rdata_offset_q_tag/hc_o + rf_reg[24],0,608,0.0,0.0
data_type_q_tag/hc_o + rf_reg[24],0,608,0.0,0.0
rdata_q_tag/hc_o + rf_reg[24],0,608,0.0,0.0
rdata_offset_q_tag/hc_o + rf_reg[25],0,608,0.0,0.0
data_type_q_tag/hc_o + rf_reg[25],0,608,0.0,0.0
rdata_q_tag/hc_o + rf_reg[25],0,608,0.0,0.0
rdata_offset_q_tag/hc_o + rf_reg[26],0,608,0.0,0.0
data_type_q_tag/hc_o + rf_reg[26],0,608,0.0,0.0
rdata_q_tag/hc_o + rf_reg[26],0,608,0.0,0.0
alu_operand_c_ex_o_tag + rdata_offset_q_tag/hc_o,0,608,0.0,0.0
alu_operand_c_ex_o_tag + data_type_q_tag/hc_o,0,608,0.0,0.0
alu_operand_c_ex_o_tag + rdata_q_tag/hc_o,0,608,0.0,0.0
rdata_offset_q_tag/hc_o + rf_reg[27],0,608,0.0,0.0
data_type_q_tag/hc_o + rf_reg[27],0,608,0.0,0.0
rdata_q_tag/hc_o + rf_reg[27],0,608,0.0,0.0
rdata_offset_q_tag/hc_o + rf_reg[28],0,608,0.0,0.0
data_type_q_tag/hc_o + rf_reg[28],0,608,0.0,0.0
rdata_q_tag/hc_o + rf_reg[28],0,608,0.0,0.0
rdata_offset_q_tag/hc_o + rf_reg[29],0,608,0.0,0.0
data_type_q_tag/hc_o + rf_reg[29],0,608,0.0,0.0
rdata_q_tag/hc_o + rf_reg[29],0,608,0.0,0.0
rdata_offset_q_tag/hc_o + rf_reg[30],0,608,0.0,0.0
data_type_q_tag/hc_o + rf_reg[30],0,608,0.0,0.0
rdata_q_tag/hc_o + rf_reg[30],0,608,0.0,0.0
rdata_offset_q_tag/hc_o + rf_reg[31],0,608,0.0,0.0
data_type_q_tag/hc_o + rf_reg[31],0,608,0.0,0.0
rdata_q_tag/hc_o + rf_reg[31],0,608,0.0,0.0
rdata_offset_q_tag/hc_o + rs1_o_tag,0,608,0.0,0.0
data_type_q_tag/hc_o + rs1_o_tag,0,608,0.0,0.0
rdata_q_tag/hc_o + rs1_o_tag,0,608,0.0,0.0
data_we_q_tag + rdata_offset_q_tag/hc_o,0,608,0.0,0.0
data_type_q_tag/hc_o + data_we_q_tag,0,608,0.0,0.0
data_we_q_tag + rdata_q_tag/hc_o,0,608,0.0,0.0
check_d_o_tag + rdata_offset_q_tag/hc_o,0,608,0.0,0.0
check_d_o_tag + data_type_q_tag/hc_o,0,608,0.0,0.0
check_d_o_tag + rdata_q_tag/hc_o,0,608,0.0,0.0
check_s1_o_tag + rdata_offset_q_tag/hc_o,0,608,0.0,0.0
check_s1_o_tag + data_type_q_tag/hc_o,0,608,0.0,0.0
check_s1_o_tag + rdata_q_tag/hc_o,0,608,0.0,0.0
check_s2_o_tag + rdata_offset_q_tag/hc_o,0,608,0.0,0.0
check_s2_o_tag + data_type_q_tag/hc_o,0,608,0.0,0.0
check_s2_o_tag + rdata_q_tag/hc_o,0,608,0.0,0.0
pc_id_o_tag + rdata_offset_q_tag/hc_o,0,608,0.0,0.0
data_type_q_tag/hc_o + pc_id_o_tag,0,608,0.0,0.0
pc_id_o_tag + rdata_q_tag/hc_o,0,608,0.0,0.0
is_store_post_o_tag + rdata_offset_q_tag/hc_o,0,608,0.0,0.0
data_type_q_tag/hc_o + is_store_post_o_tag,0,608,0.0,0.0
is_store_post_o_tag + rdata_q_tag/hc_o,0,608,0.0,0.0
memory_set_o_tag + rdata_offset_q_tag/hc_o,0,608,0.0,0.0
data_type_q_tag/hc_o + memory_set_o_tag,0,608,0.0,0.0
memory_set_o_tag + rdata_q_tag/hc_o,0,608,0.0,0.0
pc_if_o_tag + rdata_offset_q_tag/hc_o,0,608,0.0,0.0
data_type_q_tag/hc_o + pc_if_o_tag,0,608,0.0,0.0
pc_if_o_tag + rdata_q_tag/hc_o,0,608,0.0,0.0
data_type_q_tag + tpr_arith/hc_o,0,608,0.0,0.0
data_type_q_tag + tpr_branch/hc_o,0,608,0.0,0.0
data_type_q_tag + tpr_jump/hc_o,0,608,0.0,0.0
data_type_q_tag + tpr_shift/hc_o,0,608,0.0,0.0
data_type_q_tag + tpr_comparison/hc_o,0,608,0.0,0.0
data_type_q_tag + tpr_logical/hc_o,0,608,0.0,0.0
data_type_q_tag + tcr_arith/hc_o,0,608,0.0,0.0
data_type_q_tag + tcr_branch/hc_o,0,608,0.0,0.0
data_type_q_tag + tcr_jump/hc_o,0,608,0.0,0.0
data_type_q_tag + tcr_shift/hc_o,0,608,0.0,0.0
data_type_q_tag + tcr_comparison/hc_o,0,608,0.0,0.0
data_type_q_tag + tcr_logical/hc_o,0,608,0.0,0.0
rdata_offset_q_tag + tpr_arith/hc_o,0,608,0.0,0.0
rdata_offset_q_tag + tpr_branch/hc_o,0,608,0.0,0.0
rdata_offset_q_tag + tpr_jump/hc_o,0,608,0.0,0.0
rdata_offset_q_tag + tpr_shift/hc_o,0,608,0.0,0.0
rdata_offset_q_tag + tpr_comparison/hc_o,0,608,0.0,0.0
rdata_offset_q_tag + tpr_logical/hc_o,0,608,0.0,0.0
rdata_offset_q_tag + tcr_arith/hc_o,0,608,0.0,0.0
rdata_offset_q_tag + tcr_branch/hc_o,0,608,0.0,0.0
rdata_offset_q_tag + tcr_jump/hc_o,0,608,0.0,0.0
rdata_offset_q_tag + tcr_shift/hc_o,0,608,0.0,0.0
rdata_offset_q_tag + tcr_comparison/hc_o,0,608,0.0,0.0
rdata_offset_q_tag + tcr_logical/hc_o,0,608,0.0,0.0
pc_if_o_tag/hc_o + tpr_arith/hc_o,0,608,0.0,0.0
pc_if_o_tag/hc_o + tpr_branch/hc_o,0,608,0.0,0.0
pc_if_o_tag/hc_o + tpr_jump/hc_o,0,608,0.0,0.0
pc_if_o_tag/hc_o + tpr_shift/hc_o,0,608,0.0,0.0
pc_if_o_tag/hc_o + tpr_comparison/hc_o,0,608,0.0,0.0
pc_if_o_tag/hc_o + tpr_logical/hc_o,0,608,0.0,0.0
pc_if_o_tag/hc_o + tcr_arith/hc_o,0,608,0.0,0.0
pc_if_o_tag/hc_o + tcr_branch/hc_o,0,608,0.0,0.0
pc_if_o_tag/hc_o + tcr_jump/hc_o,0,608,0.0,0.0
pc_if_o_tag/hc_o + tcr_shift/hc_o,0,608,0.0,0.0
pc_if_o_tag/hc_o + tcr_comparison/hc_o,0,608,0.0,0.0
pc_if_o_tag/hc_o + tcr_logical/hc_o,0,608,0.0,0.0
pc_id_o_tag/hc_o + tpr_arith/hc_o,0,608,0.0,0.0
pc_id_o_tag/hc_o + tpr_branch/hc_o,0,608,0.0,0.0
pc_id_o_tag/hc_o + tpr_jump/hc_o,0,608,0.0,0.0
pc_id_o_tag/hc_o + tpr_shift/hc_o,0,608,0.0,0.0
pc_id_o_tag/hc_o + tpr_comparison/hc_o,0,608,0.0,0.0
pc_id_o_tag/hc_o + tpr_logical/hc_o,0,608,0.0,0.0
pc_id_o_tag/hc_o + tcr_arith/hc_o,0,608,0.0,0.0
pc_id_o_tag/hc_o + tcr_branch/hc_o,0,608,0.0,0.0
pc_id_o_tag/hc_o + tcr_jump/hc_o,0,608,0.0,0.0
pc_id_o_tag/hc_o + tcr_shift/hc_o,0,608,0.0,0.0
pc_id_o_tag/hc_o + tcr_comparison/hc_o,0,608,0.0,0.0
pc_id_o_tag/hc_o + tcr_logical/hc_o,0,608,0.0,0.0
store_source_ex_o_tag/hc_o + tpr_arith/hc_o,0,608,0.0,0.0
store_source_ex_o_tag/hc_o + tpr_branch/hc_o,0,608,0.0,0.0
store_source_ex_o_tag/hc_o + tpr_jump/hc_o,0,608,0.0,0.0
store_source_ex_o_tag/hc_o + tpr_shift/hc_o,0,608,0.0,0.0
store_source_ex_o_tag/hc_o + tpr_comparison/hc_o,0,608,0.0,0.0
store_source_ex_o_tag/hc_o + tpr_logical/hc_o,0,608,0.0,0.0
store_source_ex_o_tag/hc_o + tcr_arith/hc_o,0,608,0.0,0.0
store_source_ex_o_tag/hc_o + tcr_branch/hc_o,0,608,0.0,0.0
store_source_ex_o_tag/hc_o + tcr_jump/hc_o,0,608,0.0,0.0
store_source_ex_o_tag/hc_o + tcr_shift/hc_o,0,608,0.0,0.0
store_source_ex_o_tag/hc_o + tcr_comparison/hc_o,0,608,0.0,0.0
store_source_ex_o_tag/hc_o + tcr_logical/hc_o,0,608,0.0,0.0
alu_operand_c_ex_o_tag/hc_o + tpr_arith/hc_o,0,608,0.0,0.0
alu_operand_c_ex_o_tag/hc_o + tpr_branch/hc_o,0,608,0.0,0.0
alu_operand_c_ex_o_tag/hc_o + tpr_jump/hc_o,0,608,0.0,0.0
alu_operand_c_ex_o_tag/hc_o + tpr_shift/hc_o,0,608,0.0,0.0
alu_operand_c_ex_o_tag/hc_o + tpr_comparison/hc_o,0,608,0.0,0.0
alu_operand_c_ex_o_tag/hc_o + tpr_logical/hc_o,0,608,0.0,0.0
alu_operand_c_ex_o_tag/hc_o + tcr_arith/hc_o,0,608,0.0,0.0
alu_operand_c_ex_o_tag/hc_o + tcr_branch/hc_o,0,608,0.0,0.0
alu_operand_c_ex_o_tag/hc_o + tcr_jump/hc_o,0,608,0.0,0.0
alu_operand_c_ex_o_tag/hc_o + tcr_shift/hc_o,0,608,0.0,0.0
alu_operand_c_ex_o_tag/hc_o + tcr_comparison/hc_o,0,608,0.0,0.0
alu_operand_c_ex_o_tag/hc_o + tcr_logical/hc_o,0,608,0.0,0.0
check_s2_o_tag/hc_o + tpr_arith/hc_o,0,608,0.0,0.0
check_s2_o_tag/hc_o + tpr_branch/hc_o,0,608,0.0,0.0
check_s2_o_tag/hc_o + tpr_jump/hc_o,0,608,0.0,0.0
check_s2_o_tag/hc_o + tpr_shift/hc_o,0,608,0.0,0.0
check_s2_o_tag/hc_o + tpr_comparison/hc_o,0,608,0.0,0.0
check_s2_o_tag/hc_o + tpr_logical/hc_o,0,608,0.0,0.0
check_s2_o_tag/hc_o + tcr_arith/hc_o,0,608,0.0,0.0
check_s2_o_tag/hc_o + tcr_branch/hc_o,0,608,0.0,0.0
check_s2_o_tag/hc_o + tcr_jump/hc_o,0,608,0.0,0.0
check_s2_o_tag/hc_o + tcr_shift/hc_o,0,608,0.0,0.0
check_s2_o_tag/hc_o + tcr_comparison/hc_o,0,608,0.0,0.0
check_s2_o_tag/hc_o + tcr_logical/hc_o,0,608,0.0,0.0
check_d_o_tag/hc_o + tpr_arith/hc_o,0,608,0.0,0.0
check_d_o_tag/hc_o + tpr_branch/hc_o,0,608,0.0,0.0
check_d_o_tag/hc_o + tpr_jump/hc_o,0,608,0.0,0.0
check_d_o_tag/hc_o + tpr_shift/hc_o,0,608,0.0,0.0
check_d_o_tag/hc_o + tpr_comparison/hc_o,0,608,0.0,0.0
check_d_o_tag/hc_o + tpr_logical/hc_o,0,608,0.0,0.0
check_d_o_tag/hc_o + tcr_arith/hc_o,0,608,0.0,0.0
check_d_o_tag/hc_o + tcr_branch/hc_o,0,608,0.0,0.0
check_d_o_tag/hc_o + tcr_jump/hc_o,0,608,0.0,0.0
check_d_o_tag/hc_o + tcr_shift/hc_o,0,608,0.0,0.0
check_d_o_tag/hc_o + tcr_comparison/hc_o,0,608,0.0,0.0
check_d_o_tag/hc_o + tcr_logical/hc_o,0,608,0.0,0.0
register_set_o_tag/hc_o + tpr_arith/hc_o,0,608,0.0,0.0
register_set_o_tag/hc_o + tpr_branch/hc_o,0,608,0.0,0.0
register_set_o_tag/hc_o + tpr_jump/hc_o,0,608,0.0,0.0
register_set_o_tag/hc_o + tpr_shift/hc_o,0,608,0.0,0.0
register_set_o_tag/hc_o + tpr_comparison/hc_o,0,608,0.0,0.0
register_set_o_tag/hc_o + tpr_logical/hc_o,0,608,0.0,0.0
register_set_o_tag/hc_o + tcr_arith/hc_o,0,608,0.0,0.0
register_set_o_tag/hc_o + tcr_branch/hc_o,0,608,0.0,0.0
register_set_o_tag/hc_o + tcr_jump/hc_o,0,608,0.0,0.0
register_set_o_tag/hc_o + tcr_shift/hc_o,0,608,0.0,0.0
register_set_o_tag/hc_o + tcr_comparison/hc_o,0,608,0.0,0.0
register_set_o_tag/hc_o + tcr_logical/hc_o,0,608,0.0,0.0
is_store_post_o_tag/hc_o + tpr_arith/hc_o,0,608,0.0,0.0
is_store_post_o_tag/hc_o + tpr_branch/hc_o,0,608,0.0,0.0
is_store_post_o_tag/hc_o + tpr_jump/hc_o,0,608,0.0,0.0
is_store_post_o_tag/hc_o + tpr_shift/hc_o,0,608,0.0,0.0
is_store_post_o_tag/hc_o + tpr_comparison/hc_o,0,608,0.0,0.0
is_store_post_o_tag/hc_o + tpr_logical/hc_o,0,608,0.0,0.0
is_store_post_o_tag/hc_o + tcr_arith/hc_o,0,608,0.0,0.0
is_store_post_o_tag/hc_o + tcr_branch/hc_o,0,608,0.0,0.0
is_store_post_o_tag/hc_o + tcr_jump/hc_o,0,608,0.0,0.0
is_store_post_o_tag/hc_o + tcr_shift/hc_o,0,608,0.0,0.0
is_store_post_o_tag/hc_o + tcr_comparison/hc_o,0,608,0.0,0.0
is_store_post_o_tag/hc_o + tcr_logical/hc_o,0,608,0.0,0.0
memory_set_o_tag/hc_o + tpr_arith/hc_o,0,608,0.0,0.0
memory_set_o_tag/hc_o + tpr_branch/hc_o,0,608,0.0,0.0
memory_set_o_tag/hc_o + tpr_jump/hc_o,0,608,0.0,0.0
memory_set_o_tag/hc_o + tpr_shift/hc_o,0,608,0.0,0.0
memory_set_o_tag/hc_o + tpr_comparison/hc_o,0,608,0.0,0.0
memory_set_o_tag/hc_o + tpr_logical/hc_o,0,608,0.0,0.0
memory_set_o_tag/hc_o + tcr_arith/hc_o,0,608,0.0,0.0
memory_set_o_tag/hc_o + tcr_branch/hc_o,0,608,0.0,0.0
memory_set_o_tag/hc_o + tcr_jump/hc_o,0,608,0.0,0.0
memory_set_o_tag/hc_o + tcr_shift/hc_o,0,608,0.0,0.0
memory_set_o_tag/hc_o + tcr_comparison/hc_o,0,608,0.0,0.0
memory_set_o_tag/hc_o + tcr_logical/hc_o,0,608,0.0,0.0
rs1_o_tag/hc_o + tpr_arith/hc_o,0,608,0.0,0.0
rs1_o_tag/hc_o + tpr_branch/hc_o,0,608,0.0,0.0
rs1_o_tag/hc_o + tpr_jump/hc_o,0,608,0.0,0.0
rs1_o_tag/hc_o + tpr_shift/hc_o,0,608,0.0,0.0
rs1_o_tag/hc_o + tpr_comparison/hc_o,0,608,0.0,0.0
rs1_o_tag/hc_o + tpr_logical/hc_o,0,608,0.0,0.0
rs1_o_tag/hc_o + tcr_arith/hc_o,0,608,0.0,0.0
rs1_o_tag/hc_o + tcr_branch/hc_o,0,608,0.0,0.0
rs1_o_tag/hc_o + tcr_jump/hc_o,0,608,0.0,0.0
rs1_o_tag/hc_o + tcr_shift/hc_o,0,608,0.0,0.0
rs1_o_tag/hc_o + tcr_comparison/hc_o,0,608,0.0,0.0
rs1_o_tag/hc_o + tcr_logical/hc_o,0,608,0.0,0.0
tcr_execute/hc_o + tpr_arith/hc_o,0,608,0.0,0.0
data_we_q_tag/hc_o + tpr_arith/hc_o,0,608,0.0,0.0
tcr_execute/hc_o + tpr_branch/hc_o,0,608,0.0,0.0
data_we_q_tag/hc_o + tpr_branch/hc_o,0,608,0.0,0.0
tcr_execute/hc_o + tpr_jump/hc_o,0,608,0.0,0.0
data_we_q_tag/hc_o + tpr_jump/hc_o,0,608,0.0,0.0
tcr_execute/hc_o + tpr_shift/hc_o,0,608,0.0,0.0
data_we_q_tag/hc_o + tpr_shift/hc_o,0,608,0.0,0.0
tcr_execute/hc_o + tpr_comparison/hc_o,0,608,0.0,0.0
data_we_q_tag/hc_o + tpr_comparison/hc_o,0,608,0.0,0.0
tcr_execute/hc_o + tpr_logical/hc_o,0,608,0.0,0.0
data_we_q_tag/hc_o + tpr_logical/hc_o,0,608,0.0,0.0
tcr_arith/hc_o + tcr_execute/hc_o,0,608,0.0,0.0
data_we_q_tag/hc_o + tcr_arith/hc_o,0,608,0.0,0.0
tcr_branch/hc_o + tcr_execute/hc_o,0,608,0.0,0.0
data_we_q_tag/hc_o + tcr_branch/hc_o,0,608,0.0,0.0
tcr_execute/hc_o + tcr_jump/hc_o,0,608,0.0,0.0
data_we_q_tag/hc_o + tcr_jump/hc_o,0,608,0.0,0.0
tcr_execute/hc_o + tcr_shift/hc_o,0,608,0.0,0.0
data_we_q_tag/hc_o + tcr_shift/hc_o,0,608,0.0,0.0
tcr_comparison/hc_o + tcr_execute/hc_o,0,608,0.0,0.0
data_we_q_tag/hc_o + tcr_comparison/hc_o,0,608,0.0,0.0
tcr_execute/hc_o + tcr_logical/hc_o,0,608,0.0,0.0
data_we_q_tag/hc_o + tcr_logical/hc_o,0,608,0.0,0.0
rdata_offset_q_tag/hc_o + tcr_execute/hc_o,0,608,0.0,0.0
data_type_q_tag/hc_o + tcr_execute/hc_o,0,608,0.0,0.0
rdata_q_tag/hc_o + tcr_execute/hc_o,0,608,0.0,0.0
data_type_q_tag + id_group6/hc_o,0,608,0.0,0.0
data_type_q_tag + id_group7/hc_o,0,608,0.0,0.0
data_type_q_tag + id_group8/hc_o,0,608,0.0,0.0
csr_group0/hc_o + data_type_q_tag,0,608,0.0,0.0
csr_group1/hc_o + data_type_q_tag,0,608,0.0,0.0
csr_group2/hc_o + data_type_q_tag,0,608,0.0,0.0
csr_group3/hc_o + data_type_q_tag,0,608,0.0,0.0
csr_group4/hc_o + data_type_q_tag,0,608,0.0,0.0
csr_group5/hc_o + data_type_q_tag,0,608,0.0,0.0
csr_group6/hc_o + data_type_q_tag,0,608,0.0,0.0
csr_group7/hc_o + data_type_q_tag,0,608,0.0,0.0
csr_group8/hc_o + data_type_q_tag,0,608,0.0,0.0
csr_group9/hc_o + data_type_q_tag,0,608,0.0,0.0
csr_group10/hc_o + data_type_q_tag,0,608,0.0,0.0
csr_group11/hc_o + data_type_q_tag,0,608,0.0,0.0
csr_group13/hc_o + data_type_q_tag,0,608,0.0,0.0
csr_group16/hc_o + data_type_q_tag,0,608,0.0,0.0
csr_group17/hc_o + data_type_q_tag,0,608,0.0,0.0
data_type_q_tag + lsu_group1/hc_o,0,608,0.0,0.0
data_type_q_tag + lsu_group2/hc_o,0,608,0.0,0.0
data_type_q_tag + lsu_group3/hc_o,0,608,0.0,0.0
data_type_q_tag + lsu_group4/hc_o,0,608,0.0,0.0
data_type_q_tag + lsu_group5/hc_o,0,608,0.0,0.0
id_group6/hc_o + rdata_offset_q_tag,0,608,0.0,0.0
id_group7/hc_o + rdata_offset_q_tag,0,608,0.0,0.0
id_group8/hc_o + rdata_offset_q_tag,0,608,0.0,0.0
csr_group0/hc_o + rdata_offset_q_tag,0,608,0.0,0.0
alu_operator_o_mode + id_group6/hc_o,0,608,0.0,0.0
alu_operator_o_mode + id_group7/hc_o,0,608,0.0,0.0
alu_operator_o_mode + id_group8/hc_o,0,608,0.0,0.0
csr_group1/hc_o + rdata_offset_q_tag,0,608,0.0,0.0
csr_group2/hc_o + rdata_offset_q_tag,0,608,0.0,0.0
csr_group3/hc_o + rdata_offset_q_tag,0,608,0.0,0.0
csr_group4/hc_o + rdata_offset_q_tag,0,608,0.0,0.0
csr_group5/hc_o + rdata_offset_q_tag,0,608,0.0,0.0
csr_group6/hc_o + rdata_offset_q_tag,0,608,0.0,0.0
csr_group7/hc_o + rdata_offset_q_tag,0,608,0.0,0.0
csr_group8/hc_o + rdata_offset_q_tag,0,608,0.0,0.0
csr_group9/hc_o + rdata_offset_q_tag,0,608,0.0,0.0
csr_group10/hc_o + rdata_offset_q_tag,0,608,0.0,0.0
csr_group11/hc_o + rdata_offset_q_tag,0,608,0.0,0.0
csr_group13/hc_o + rdata_offset_q_tag,0,608,0.0,0.0
csr_group16/hc_o + rdata_offset_q_tag,0,608,0.0,0.0
csr_group17/hc_o + rdata_offset_q_tag,0,608,0.0,0.0
lsu_group1/hc_o + rdata_offset_q_tag,0,608,0.0,0.0
lsu_group2/hc_o + rdata_offset_q_tag,0,608,0.0,0.0
lsu_group3/hc_o + rdata_offset_q_tag,0,608,0.0,0.0
lsu_group4/hc_o + rdata_offset_q_tag,0,608,0.0,0.0
lsu_group5/hc_o + rdata_offset_q_tag,0,608,0.0,0.0
alu_operator_o_mode + csr_group0/hc_o,0,608,0.0,0.0
alu_operator_o_mode + csr_group1/hc_o,0,608,0.0,0.0
alu_operator_o_mode + csr_group2/hc_o,0,608,0.0,0.0
alu_operator_o_mode + csr_group3/hc_o,0,608,0.0,0.0
alu_operator_o_mode + csr_group4/hc_o,0,608,0.0,0.0
alu_operator_o_mode + csr_group5/hc_o,0,608,0.0,0.0
alu_operator_o_mode + csr_group6/hc_o,0,608,0.0,0.0
alu_operator_o_mode + csr_group7/hc_o,0,608,0.0,0.0
alu_operator_o_mode + csr_group8/hc_o,0,608,0.0,0.0
alu_operator_o_mode + csr_group9/hc_o,0,608,0.0,0.0
alu_operator_o_mode + csr_group10/hc_o,0,608,0.0,0.0
alu_operator_o_mode + csr_group11/hc_o,0,608,0.0,0.0
id_group9/hc_o + if_stage/hc_o,0,608,0.0,0.0
alu_operator_o_mode + csr_group13/hc_o,0,608,0.0,0.0
alu_operator_o_mode + csr_group16/hc_o,0,608,0.0,0.0
alu_operator_o_mode + csr_group17/hc_o,0,608,0.0,0.0
csr_group14/hc_o + if_stage/hc_o,0,608,0.0,0.0
csr_group18/hc_o + if_stage/hc_o,0,608,0.0,0.0
csr_group19/hc_o + if_stage/hc_o,0,608,0.0,0.0
if_stage/hc_o + tcr_execute/hc_o,0,608,0.0,0.0
alu_operator_o_mode + lsu_group1/hc_o,0,608,0.0,0.0
alu_operator_o_mode + lsu_group2/hc_o,0,608,0.0,0.0
alu_operator_o_mode + lsu_group3/hc_o,0,608,0.0,0.0
alu_operator_o_mode + lsu_group4/hc_o,0,608,0.0,0.0
alu_operator_o_mode + lsu_group5/hc_o,0,608,0.0,0.0
id_group6/hc_o + id_group9/hc_o,0,608,0.0,0.0
csr_group14/hc_o + id_group6/hc_o,0,608,0.0,0.0
csr_group18/hc_o + id_group6/hc_o,0,608,0.0,0.0
csr_group19/hc_o + id_group6/hc_o,0,608,0.0,0.0
id_group6/hc_o + tcr_execute/hc_o,0,608,0.0,0.0
id_group7/hc_o + id_group9/hc_o,0,608,0.0,0.0
csr_group14/hc_o + id_group7/hc_o,0,608,0.0,0.0
csr_group18/hc_o + id_group7/hc_o,0,608,0.0,0.0
csr_group19/hc_o + id_group7/hc_o,0,608,0.0,0.0
id_group7/hc_o + tcr_execute/hc_o,0,608,0.0,0.0
id_group8/hc_o + id_group9/hc_o,0,608,0.0,0.0
csr_group14/hc_o + id_group8/hc_o,0,608,0.0,0.0
csr_group18/hc_o + id_group8/hc_o,0,608,0.0,0.0
csr_group19/hc_o + id_group8/hc_o,0,608,0.0,0.0
id_group8/hc_o + tcr_execute/hc_o,0,608,0.0,0.0
csr_group0/hc_o + id_group9/hc_o,0,608,0.0,0.0
csr_group1/hc_o + id_group9/hc_o,0,608,0.0,0.0
csr_group2/hc_o + id_group9/hc_o,0,608,0.0,0.0
csr_group3/hc_o + id_group9/hc_o,0,608,0.0,0.0
csr_group4/hc_o + id_group9/hc_o,0,608,0.0,0.0
csr_group5/hc_o + id_group9/hc_o,0,608,0.0,0.0
csr_group6/hc_o + id_group9/hc_o,0,608,0.0,0.0
csr_group7/hc_o + id_group9/hc_o,0,608,0.0,0.0
csr_group8/hc_o + id_group9/hc_o,0,608,0.0,0.0
csr_group9/hc_o + id_group9/hc_o,0,608,0.0,0.0
csr_group10/hc_o + id_group9/hc_o,0,608,0.0,0.0
csr_group11/hc_o + id_group9/hc_o,0,608,0.0,0.0
csr_group13/hc_o + id_group9/hc_o,0,608,0.0,0.0
csr_group16/hc_o + id_group9/hc_o,0,608,0.0,0.0
csr_group17/hc_o + id_group9/hc_o,0,608,0.0,0.0
id_group9/hc_o + lsu_group1/hc_o,0,608,0.0,0.0
id_group9/hc_o + lsu_group2/hc_o,0,608,0.0,0.0
id_group9/hc_o + lsu_group3/hc_o,0,608,0.0,0.0
id_group9/hc_o + lsu_group4/hc_o,0,608,0.0,0.0
id_group9/hc_o + lsu_group5/hc_o,0,608,0.0,0.0
csr_group0/hc_o + csr_group14/hc_o,0,608,0.0,0.0
csr_group0/hc_o + csr_group18/hc_o,0,608,0.0,0.0
csr_group0/hc_o + csr_group19/hc_o,0,608,0.0,0.0
csr_group0/hc_o + tcr_execute/hc_o,0,608,0.0,0.0
csr_group1/hc_o + csr_group14/hc_o,0,608,0.0,0.0
csr_group1/hc_o + csr_group18/hc_o,0,608,0.0,0.0
csr_group1/hc_o + csr_group19/hc_o,0,608,0.0,0.0
csr_group1/hc_o + tcr_execute/hc_o,0,608,0.0,0.0
csr_group14/hc_o + csr_group2/hc_o,0,608,0.0,0.0
csr_group18/hc_o + csr_group2/hc_o,0,608,0.0,0.0
csr_group19/hc_o + csr_group2/hc_o,0,608,0.0,0.0
csr_group2/hc_o + tcr_execute/hc_o,0,608,0.0,0.0
csr_group14/hc_o + csr_group3/hc_o,0,608,0.0,0.0
csr_group18/hc_o + csr_group3/hc_o,0,608,0.0,0.0
csr_group19/hc_o + csr_group3/hc_o,0,608,0.0,0.0
csr_group3/hc_o + tcr_execute/hc_o,0,608,0.0,0.0
csr_group14/hc_o + csr_group4/hc_o,0,608,0.0,0.0
csr_group18/hc_o + csr_group4/hc_o,0,608,0.0,0.0
csr_group19/hc_o + csr_group4/hc_o,0,608,0.0,0.0
csr_group4/hc_o + tcr_execute/hc_o,0,608,0.0,0.0
csr_group14/hc_o + csr_group5/hc_o,0,608,0.0,0.0
csr_group18/hc_o + csr_group5/hc_o,0,608,0.0,0.0
csr_group19/hc_o + csr_group5/hc_o,0,608,0.0,0.0
csr_group5/hc_o + tcr_execute/hc_o,0,608,0.0,0.0
csr_group14/hc_o + csr_group6/hc_o,0,608,0.0,0.0
csr_group18/hc_o + csr_group6/hc_o,0,608,0.0,0.0
csr_group19/hc_o + csr_group6/hc_o,0,608,0.0,0.0
csr_group6/hc_o + tcr_execute/hc_o,0,608,0.0,0.0
csr_group14/hc_o + csr_group7/hc_o,0,608,0.0,0.0
csr_group18/hc_o + csr_group7/hc_o,0,608,0.0,0.0
csr_group19/hc_o + csr_group7/hc_o,0,608,0.0,0.0
csr_group7/hc_o + tcr_execute/hc_o,0,608,0.0,0.0
csr_group14/hc_o + csr_group8/hc_o,0,608,0.0,0.0
csr_group18/hc_o + csr_group8/hc_o,0,608,0.0,0.0
csr_group19/hc_o + csr_group8/hc_o,0,608,0.0,0.0
csr_group8/hc_o + tcr_execute/hc_o,0,608,0.0,0.0
csr_group14/hc_o + csr_group9/hc_o,0,608,0.0,0.0
csr_group18/hc_o + csr_group9/hc_o,0,608,0.0,0.0
csr_group19/hc_o + csr_group9/hc_o,0,608,0.0,0.0
csr_group9/hc_o + tcr_execute/hc_o,0,608,0.0,0.0
csr_group10/hc_o + csr_group14/hc_o,0,608,0.0,0.0
csr_group10/hc_o + csr_group18/hc_o,0,608,0.0,0.0
csr_group10/hc_o + csr_group19/hc_o,0,608,0.0,0.0
csr_group10/hc_o + tcr_execute/hc_o,0,608,0.0,0.0
csr_group11/hc_o + csr_group14/hc_o,0,608,0.0,0.0
csr_group11/hc_o + csr_group18/hc_o,0,608,0.0,0.0
csr_group11/hc_o + csr_group19/hc_o,0,608,0.0,0.0
csr_group11/hc_o + tcr_execute/hc_o,0,608,0.0,0.0
csr_group13/hc_o + csr_group14/hc_o,0,608,0.0,0.0
csr_group13/hc_o + csr_group18/hc_o,0,608,0.0,0.0
csr_group13/hc_o + csr_group19/hc_o,0,608,0.0,0.0
csr_group13/hc_o + tcr_execute/hc_o,0,608,0.0,0.0
csr_group14/hc_o + csr_group16/hc_o,0,608,0.0,0.0
csr_group14/hc_o + csr_group17/hc_o,0,608,0.0,0.0
csr_group14/hc_o + lsu_group1/hc_o,0,608,0.0,0.0
csr_group14/hc_o + lsu_group2/hc_o,0,608,0.0,0.0
csr_group14/hc_o + lsu_group3/hc_o,0,608,0.0,0.0
csr_group14/hc_o + lsu_group4/hc_o,0,608,0.0,0.0
csr_group14/hc_o + lsu_group5/hc_o,0,608,0.0,0.0
csr_group16/hc_o + csr_group18/hc_o,0,608,0.0,0.0
csr_group16/hc_o + csr_group19/hc_o,0,608,0.0,0.0
csr_group16/hc_o + tcr_execute/hc_o,0,608,0.0,0.0
csr_group17/hc_o + csr_group18/hc_o,0,608,0.0,0.0
csr_group17/hc_o + csr_group19/hc_o,0,608,0.0,0.0
csr_group17/hc_o + tcr_execute/hc_o,0,608,0.0,0.0
csr_group18/hc_o + lsu_group1/hc_o,0,608,0.0,0.0
csr_group18/hc_o + lsu_group2/hc_o,0,608,0.0,0.0
csr_group18/hc_o + lsu_group3/hc_o,0,608,0.0,0.0
csr_group18/hc_o + lsu_group4/hc_o,0,608,0.0,0.0
csr_group18/hc_o + lsu_group5/hc_o,0,608,0.0,0.0
csr_group19/hc_o + lsu_group1/hc_o,0,608,0.0,0.0
csr_group19/hc_o + lsu_group2/hc_o,0,608,0.0,0.0
csr_group19/hc_o + lsu_group3/hc_o,0,608,0.0,0.0
csr_group19/hc_o + lsu_group4/hc_o,0,608,0.0,0.0
csr_group19/hc_o + lsu_group5/hc_o,0,608,0.0,0.0
lsu_group1/hc_o + tcr_execute/hc_o,0,608,0.0,0.0
lsu_group2/hc_o + tcr_execute/hc_o,0,608,0.0,0.0
lsu_group3/hc_o + tcr_execute/hc_o,0,608,0.0,0.0
lsu_group4/hc_o + tcr_execute/hc_o,0,608,0.0,0.0
lsu_group5/hc_o + tcr_execute/hc_o,0,608,0.0,0.0
data_type_q_tag + lsu_reg/hc_o,0,576,0.0,0.0
lsu_reg/hc_o + rdata_offset_q_tag,0,576,0.0,0.0
ex_stage/hc_o + lsu_reg/hc_o,0,576,0.0,0.0
hc_o_5 + tpr/sd_o_32,0,576,0.0,0.0
hc_o_5 + tcr/sd_o_32,0,576,0.0,0.0
data_type_q_tag + lsu/hc_o,0,576,0.0,0.0
lsu/hc_o + rdata_offset_q_tag,0,576,0.0,0.0
if_stage/sd_o + rdata_q_tag,0,576,0.0,0.0
alu_operator_o_mode + lsu/hc_o,0,576,0.0,0.0
ex_stage/hc_o + lsu/hc_o,0,576,0.0,0.0
pc_if_o_tag/sd_o + rdata_q_tag,0,576,0.0,0.0
pc_id_o_tag/sd_o + rdata_q_tag,0,576,0.0,0.0
alu_operator_o_mode/sd_o + rdata_q_tag,0,576,0.0,0.0
rdata_q_tag + store_dest_addr_ex_o_tag/sd_o,0,576,0.0,0.0
rdata_q_tag + store_source_ex_o_tag/sd_o,0,576,0.0,0.0
rdata_q_tag + use_store_ops_ex_o/sd_o,0,576,0.0,0.0
alu_operand_a_ex_o_tag/sd_o + rdata_q_tag,0,576,0.0,0.0
alu_operand_b_ex_o_tag/sd_o + rdata_q_tag,0,576,0.0,0.0
alu_operand_c_ex_o_tag/sd_o + rdata_q_tag,0,576,0.0,0.0
check_s1_o_tag/sd_o + rdata_q_tag,0,576,0.0,0.0
check_s2_o_tag/sd_o + rdata_q_tag,0,576,0.0,0.0
check_d_o_tag/sd_o + rdata_q_tag,0,576,0.0,0.0
rdata_q_tag + register_set_o_tag/sd_o,0,576,0.0,0.0
is_store_post_o_tag/sd_o + rdata_q_tag,0,576,0.0,0.0
memory_set_o_tag/sd_o + rdata_q_tag,0,576,0.0,0.0
rdata_q_tag + rs1_o_tag/sd_o,0,576,0.0,0.0
data_we_q_tag/sd_o + rdata_q_tag,0,576,0.0,0.0
rdata_offset_q_tag/sd_o + rdata_q_tag,0,576,0.0,0.0
data_type_q_tag/sd_o + rdata_q_tag,0,576,0.0,0.0
rdata_q_tag + rdata_q_tag/sd_o,0,576,0.0,0.0
hc_o_5 + pc_if_o_tag/sd_o,0,576,0.0,0.0
hc_o_5 + pc_id_o_tag/sd_o,0,576,0.0,0.0
alu_operator_o_mode/sd_o + hc_o_5,0,576,0.0,0.0
hc_o_5 + store_dest_addr_ex_o_tag/sd_o,0,576,0.0,0.0
hc_o_5 + store_source_ex_o_tag/sd_o,0,576,0.0,0.0
hc_o_5 + use_store_ops_ex_o/sd_o,0,576,0.0,0.0
alu_operand_a_ex_o_tag/sd_o + hc_o_5,0,576,0.0,0.0
alu_operand_b_ex_o_tag/sd_o + hc_o_5,0,576,0.0,0.0
alu_operand_c_ex_o_tag/sd_o + hc_o_5,0,576,0.0,0.0
check_s1_o_tag/sd_o + hc_o_5,0,576,0.0,0.0
check_s2_o_tag/sd_o + hc_o_5,0,576,0.0,0.0
check_d_o_tag/sd_o + hc_o_5,0,576,0.0,0.0
hc_o_5 + register_set_o_tag/sd_o,0,576,0.0,0.0
hc_o_5 + is_store_post_o_tag/sd_o,0,576,0.0,0.0
hc_o_5 + memory_set_o_tag/sd_o,0,576,0.0,0.0
hc_o_5 + rs1_o_tag/sd_o,0,576,0.0,0.0
data_we_q_tag/sd_o + hc_o_5,0,576,0.0,0.0
hc_o_5 + rdata_offset_q_tag/sd_o,0,576,0.0,0.0
data_type_q_tag/sd_o + hc_o_5,0,576,0.0,0.0
hc_o_5 + rdata_q_tag/sd_o,0,576,0.0,0.0
rdata_q_tag + tcr_execute/sd_o,0,576,0.0,0.0
rdata_q_tag + sp_o_32,0,576,0.0,0.0
regfile_alu_waddr_ex_o_tag + sd_o_26,0,552,0.0,0.0
regfile_alu_waddr_ex_o_tag + tpr_arith/sd_o,0,552,0.0,0.0
regfile_alu_waddr_ex_o_tag + tpr_branch/sd_o,0,552,0.0,0.0
regfile_alu_waddr_ex_o_tag + tpr_jump/sd_o,0,552,0.0,0.0
regfile_alu_waddr_ex_o_tag + tpr_shift/sd_o,0,552,0.0,0.0
regfile_alu_waddr_ex_o_tag + tpr_comparison/sd_o,0,552,0.0,0.0
regfile_alu_waddr_ex_o_tag + tpr_logical/sd_o,0,552,0.0,0.0
regfile_alu_waddr_ex_o_tag + tpr_load_store_mode/sd_o,0,552,0.0,0.0
regfile_alu_waddr_ex_o_tag + tpr_load_store_enable/sd_o,0,552,0.0,0.0
regfile_alu_waddr_ex_o_tag + tcr_arith/sd_o,0,552,0.0,0.0
regfile_alu_waddr_ex_o_tag + tcr_branch/sd_o,0,552,0.0,0.0
regfile_alu_waddr_ex_o_tag + tcr_jump/sd_o,0,552,0.0,0.0
regfile_alu_waddr_ex_o_tag + tcr_shift/sd_o,0,552,0.0,0.0
regfile_alu_waddr_ex_o_tag + tcr_comparison/sd_o,0,552,0.0,0.0
regfile_alu_waddr_ex_o_tag + tcr_logical/sd_o,0,552,0.0,0.0
regfile_alu_waddr_ex_o_tag + tcr_load_store/sd_o,0,552,0.0,0.0
id_group8/sd_o + regfile_alu_waddr_ex_o_tag,0,552,0.0,0.0
id_group9/sd_o + regfile_alu_waddr_ex_o_tag,0,552,0.0,0.0
csr_group0/sd_o + regfile_alu_waddr_ex_o_tag,0,552,0.0,0.0
csr_group1/sd_o + regfile_alu_waddr_ex_o_tag,0,552,0.0,0.0
csr_group2/sd_o + regfile_alu_waddr_ex_o_tag,0,552,0.0,0.0
csr_group3/sd_o + regfile_alu_waddr_ex_o_tag,0,552,0.0,0.0
csr_group4/sd_o + regfile_alu_waddr_ex_o_tag,0,552,0.0,0.0
csr_group5/sd_o + regfile_alu_waddr_ex_o_tag,0,552,0.0,0.0
csr_group6/sd_o + regfile_alu_waddr_ex_o_tag,0,552,0.0,0.0
csr_group7/sd_o + regfile_alu_waddr_ex_o_tag,0,552,0.0,0.0
csr_group8/sd_o + regfile_alu_waddr_ex_o_tag,0,552,0.0,0.0
csr_group9/sd_o + regfile_alu_waddr_ex_o_tag,0,552,0.0,0.0
csr_group10/sd_o + regfile_alu_waddr_ex_o_tag,0,552,0.0,0.0
csr_group11/sd_o + regfile_alu_waddr_ex_o_tag,0,552,0.0,0.0
csr_group12/sd_o + regfile_alu_waddr_ex_o_tag,0,552,0.0,0.0
csr_group13/sd_o + regfile_alu_waddr_ex_o_tag,0,552,0.0,0.0
csr_group14/sd_o + regfile_alu_waddr_ex_o_tag,0,552,0.0,0.0
csr_group15/sd_o + regfile_alu_waddr_ex_o_tag,0,552,0.0,0.0
csr_group16/sd_o + regfile_alu_waddr_ex_o_tag,0,552,0.0,0.0
csr_group17/sd_o + regfile_alu_waddr_ex_o_tag,0,552,0.0,0.0
csr_group18/sd_o + regfile_alu_waddr_ex_o_tag,0,552,0.0,0.0
csr_group19/sd_o + regfile_alu_waddr_ex_o_tag,0,552,0.0,0.0
csr_group20/sd_o + regfile_alu_waddr_ex_o_tag,0,552,0.0,0.0
lsu_group1/sd_o + regfile_alu_waddr_ex_o_tag,0,552,0.0,0.0
lsu_group2/sd_o + regfile_alu_waddr_ex_o_tag,0,552,0.0,0.0
lsu_group3/sd_o + regfile_alu_waddr_ex_o_tag,0,552,0.0,0.0
lsu_group4/sd_o + regfile_alu_waddr_ex_o_tag,0,552,0.0,0.0
lsu_group5/sd_o + regfile_alu_waddr_ex_o_tag,0,552,0.0,0.0
id_group0/sd_o + regfile_alu_waddr_ex_o_tag,0,552,0.0,0.0
id_group1/sd_o + regfile_alu_waddr_ex_o_tag,0,552,0.0,0.0
id_group2/sd_o + regfile_alu_waddr_ex_o_tag,0,552,0.0,0.0
id_group3/sd_o + regfile_alu_waddr_ex_o_tag,0,552,0.0,0.0
id_group4/sd_o + regfile_alu_waddr_ex_o_tag,0,552,0.0,0.0
id_group5/sd_o + regfile_alu_waddr_ex_o_tag,0,552,0.0,0.0
id_group6/sd_o + regfile_alu_waddr_ex_o_tag,0,552,0.0,0.0
id_group7/sd_o + regfile_alu_waddr_ex_o_tag,0,552,0.0,0.0
regfile_alu_waddr_ex_o_tag + sp_o_26,0,552,0.0,0.0
regfile_alu_waddr_ex_o_tag + sp_o_rf_tag,0,552,0.0,0.0
if_stage/sd_o + tcr_q,0,512,0.0,0.0
if_stage/sd_o + tpr_q,0,512,0.0,0.0
pc_if_o_tag/sd_o + tcr_q,0,512,0.0,0.0
pc_id_o_tag/sd_o + tcr_q,0,512,0.0,0.0
alu_operator_o_mode/sd_o + tcr_q,0,512,0.0,0.0
store_dest_addr_ex_o_tag/sd_o + tcr_q,0,512,0.0,0.0
store_source_ex_o_tag/sd_o + tcr_q,0,512,0.0,0.0
tcr_q + use_store_ops_ex_o/sd_o,0,512,0.0,0.0
alu_operand_a_ex_o_tag/sd_o + tcr_q,0,512,0.0,0.0
alu_operand_b_ex_o_tag/sd_o + tcr_q,0,512,0.0,0.0
alu_operand_c_ex_o_tag/sd_o + tcr_q,0,512,0.0,0.0
check_s1_o_tag/sd_o + tcr_q,0,512,0.0,0.0
check_s2_o_tag/sd_o + tcr_q,0,512,0.0,0.0
check_d_o_tag/sd_o + tcr_q,0,512,0.0,0.0
register_set_o_tag/sd_o + tcr_q,0,512,0.0,0.0
is_store_post_o_tag/sd_o + tcr_q,0,512,0.0,0.0
memory_set_o_tag/sd_o + tcr_q,0,512,0.0,0.0
rs1_o_tag/sd_o + tcr_q,0,512,0.0,0.0
data_we_q_tag/sd_o + tcr_q,0,512,0.0,0.0
rdata_offset_q_tag/sd_o + tcr_q,0,512,0.0,0.0
data_type_q_tag/sd_o + tcr_q,0,512,0.0,0.0
rdata_q_tag/sd_o + tcr_q,0,512,0.0,0.0
pc_if_o_tag/sd_o + tpr_q,0,512,0.0,0.0
pc_id_o_tag/sd_o + tpr_q,0,512,0.0,0.0
alu_operator_o_mode/sd_o + tpr_q,0,512,0.0,0.0
store_dest_addr_ex_o_tag/sd_o + tpr_q,0,512,0.0,0.0
store_source_ex_o_tag/sd_o + tpr_q,0,512,0.0,0.0
tpr_q + use_store_ops_ex_o/sd_o,0,512,0.0,0.0
alu_operand_a_ex_o_tag/sd_o + tpr_q,0,512,0.0,0.0
alu_operand_b_ex_o_tag/sd_o + tpr_q,0,512,0.0,0.0
alu_operand_c_ex_o_tag/sd_o + tpr_q,0,512,0.0,0.0
check_s1_o_tag/sd_o + tpr_q,0,512,0.0,0.0
check_s2_o_tag/sd_o + tpr_q,0,512,0.0,0.0
check_d_o_tag/sd_o + tpr_q,0,512,0.0,0.0
register_set_o_tag/sd_o + tpr_q,0,512,0.0,0.0
is_store_post_o_tag/sd_o + tpr_q,0,512,0.0,0.0
memory_set_o_tag/sd_o + tpr_q,0,512,0.0,0.0
rs1_o_tag/sd_o + tpr_q,0,512,0.0,0.0
data_we_q_tag/sd_o + tpr_q,0,512,0.0,0.0
rdata_offset_q_tag/sd_o + tpr_q,0,512,0.0,0.0
data_type_q_tag/sd_o + tpr_q,0,512,0.0,0.0
rdata_q_tag/sd_o + tpr_q,0,512,0.0,0.0
tcr_execute/sd_o + tpr_q,0,512,0.0,0.0
tcr_execute/sd_o + tcr_q,0,512,0.0,0.0
pc_id_o_tag + pc_if_o_tag,0,480,0.0,0.0
alu_operand_c_ex_o_tag + pc_id_o_tag,0,480,0.0,0.0
check_d_o_tag + pc_id_o_tag,0,480,0.0,0.0
check_s2_o_tag + pc_id_o_tag,0,480,0.0,0.0
is_store_post_o_tag + pc_id_o_tag,0,480,0.0,0.0
memory_set_o_tag + pc_id_o_tag,0,480,0.0,0.0
pc_id_o_tag + register_set_o_tag,0,480,0.0,0.0
pc_id_o_tag + store_source_ex_o_tag,0,480,0.0,0.0
pc_id_o_tag + rf_reg[0],0,480,0.0,0.0
pc_id_o_tag + rf_reg[1],0,480,0.0,0.0
pc_id_o_tag + rf_reg[2],0,480,0.0,0.0
pc_id_o_tag + rf_reg[3],0,480,0.0,0.0
pc_id_o_tag + rf_reg[4],0,480,0.0,0.0
pc_id_o_tag + rf_reg[5],0,480,0.0,0.0
pc_id_o_tag + rf_reg[6],0,480,0.0,0.0
pc_id_o_tag + rf_reg[7],0,480,0.0,0.0
pc_id_o_tag + rf_reg[8],0,480,0.0,0.0
pc_id_o_tag + rf_reg[9],0,480,0.0,0.0
pc_id_o_tag + rf_reg[10],0,480,0.0,0.0
pc_id_o_tag + rf_reg[11],0,480,0.0,0.0
pc_id_o_tag + rf_reg[12],0,480,0.0,0.0
pc_id_o_tag + rf_reg[13],0,480,0.0,0.0
pc_id_o_tag + rf_reg[14],0,480,0.0,0.0
pc_id_o_tag + rf_reg[16],0,480,0.0,0.0
pc_id_o_tag + rf_reg[17],0,480,0.0,0.0
pc_id_o_tag + rf_reg[18],0,480,0.0,0.0
pc_id_o_tag + rf_reg[19],0,480,0.0,0.0
pc_id_o_tag + rf_reg[20],0,480,0.0,0.0
pc_id_o_tag + rf_reg[21],0,480,0.0,0.0
pc_id_o_tag + rf_reg[22],0,480,0.0,0.0
pc_id_o_tag + rf_reg[23],0,480,0.0,0.0
pc_id_o_tag + rf_reg[24],0,480,0.0,0.0
pc_id_o_tag + rf_reg[25],0,480,0.0,0.0
pc_id_o_tag + rf_reg[26],0,480,0.0,0.0
pc_id_o_tag + rf_reg[27],0,480,0.0,0.0
pc_id_o_tag + rf_reg[28],0,480,0.0,0.0
pc_id_o_tag + rf_reg[29],0,480,0.0,0.0
pc_id_o_tag + rf_reg[30],0,480,0.0,0.0
pc_id_o_tag + rf_reg[31],0,480,0.0,0.0
pc_id_o_tag + rs1_o_tag,0,480,0.0,0.0
data_we_q_tag + pc_id_o_tag,0,480,0.0,0.0
alu_operand_c_ex_o_tag + memory_set_o_tag,0,480,0.0,0.0
alu_operand_c_ex_o_tag + store_source_ex_o_tag,0,480,0.0,0.0
rf_reg[17] + rf_reg[18],0,480,0.0,0.0
rf_reg[17] + rf_reg[19],0,480,0.0,0.0
rf_reg[17] + rf_reg[20],0,480,0.0,0.0
rf_reg[17] + rf_reg[21],0,480,0.0,0.0
rf_reg[17] + rf_reg[22],0,480,0.0,0.0
rf_reg[17] + rf_reg[23],0,480,0.0,0.0
rf_reg[17] + rf_reg[24],0,480,0.0,0.0
rf_reg[17] + rf_reg[25],0,480,0.0,0.0
rf_reg[17] + rf_reg[26],0,480,0.0,0.0
rf_reg[17] + rf_reg[27],0,480,0.0,0.0
rf_reg[17] + rf_reg[28],0,480,0.0,0.0
rf_reg[17] + rf_reg[29],0,480,0.0,0.0
rf_reg[17] + rf_reg[30],0,480,0.0,0.0
rf_reg[17] + rf_reg[31],0,480,0.0,0.0
rf_reg[17] + rs1_o_tag,0,480,0.0,0.0
data_we_q_tag + rf_reg[17],0,480,0.0,0.0
rf_reg[18] + rf_reg[19],0,480,0.0,0.0
rf_reg[18] + rf_reg[20],0,480,0.0,0.0
rf_reg[18] + rf_reg[21],0,480,0.0,0.0
rf_reg[18] + rf_reg[22],0,480,0.0,0.0
rf_reg[18] + rf_reg[23],0,480,0.0,0.0
rf_reg[18] + rf_reg[24],0,480,0.0,0.0
rf_reg[18] + rf_reg[25],0,480,0.0,0.0
rf_reg[18] + rf_reg[26],0,480,0.0,0.0
rf_reg[18] + rf_reg[27],0,480,0.0,0.0
rf_reg[18] + rf_reg[28],0,480,0.0,0.0
rf_reg[18] + rf_reg[29],0,480,0.0,0.0
rf_reg[18] + rf_reg[30],0,480,0.0,0.0
rf_reg[18] + rf_reg[31],0,480,0.0,0.0
rf_reg[18] + rs1_o_tag,0,480,0.0,0.0
data_we_q_tag + rf_reg[18],0,480,0.0,0.0
rf_reg[19] + rf_reg[20],0,480,0.0,0.0
rf_reg[19] + rf_reg[21],0,480,0.0,0.0
rf_reg[19] + rf_reg[22],0,480,0.0,0.0
rf_reg[19] + rf_reg[23],0,480,0.0,0.0
rf_reg[19] + rf_reg[24],0,480,0.0,0.0
rf_reg[19] + rf_reg[25],0,480,0.0,0.0
rf_reg[19] + rf_reg[26],0,480,0.0,0.0
rf_reg[19] + rf_reg[27],0,480,0.0,0.0
rf_reg[19] + rf_reg[28],0,480,0.0,0.0
rf_reg[19] + rf_reg[29],0,480,0.0,0.0
rf_reg[19] + rf_reg[30],0,480,0.0,0.0
rf_reg[19] + rf_reg[31],0,480,0.0,0.0
rf_reg[19] + rs1_o_tag,0,480,0.0,0.0
data_we_q_tag + rf_reg[19],0,480,0.0,0.0
rf_reg[20] + rf_reg[21],0,480,0.0,0.0
rf_reg[20] + rf_reg[22],0,480,0.0,0.0
rf_reg[20] + rf_reg[23],0,480,0.0,0.0
rf_reg[20] + rf_reg[24],0,480,0.0,0.0
rf_reg[20] + rf_reg[25],0,480,0.0,0.0
rf_reg[20] + rf_reg[26],0,480,0.0,0.0
rf_reg[20] + rf_reg[27],0,480,0.0,0.0
rf_reg[20] + rf_reg[28],0,480,0.0,0.0
rf_reg[20] + rf_reg[29],0,480,0.0,0.0
rf_reg[20] + rf_reg[30],0,480,0.0,0.0
rf_reg[20] + rf_reg[31],0,480,0.0,0.0
rf_reg[20] + rs1_o_tag,0,480,0.0,0.0
data_we_q_tag + rf_reg[20],0,480,0.0,0.0
rf_reg[21] + rf_reg[22],0,480,0.0,0.0
rf_reg[21] + rf_reg[23],0,480,0.0,0.0
rf_reg[21] + rf_reg[24],0,480,0.0,0.0
rf_reg[21] + rf_reg[25],0,480,0.0,0.0
rf_reg[21] + rf_reg[26],0,480,0.0,0.0
rf_reg[21] + rf_reg[27],0,480,0.0,0.0
rf_reg[21] + rf_reg[28],0,480,0.0,0.0
rf_reg[21] + rf_reg[29],0,480,0.0,0.0
rf_reg[21] + rf_reg[30],0,480,0.0,0.0
rf_reg[21] + rf_reg[31],0,480,0.0,0.0
rf_reg[21] + rs1_o_tag,0,480,0.0,0.0
data_we_q_tag + rf_reg[21],0,480,0.0,0.0
rf_reg[22] + rf_reg[23],0,480,0.0,0.0
rf_reg[22] + rf_reg[24],0,480,0.0,0.0
rf_reg[22] + rf_reg[25],0,480,0.0,0.0
rf_reg[22] + rf_reg[26],0,480,0.0,0.0
rf_reg[22] + rf_reg[27],0,480,0.0,0.0
rf_reg[22] + rf_reg[28],0,480,0.0,0.0
rf_reg[22] + rf_reg[29],0,480,0.0,0.0
rf_reg[22] + rf_reg[30],0,480,0.0,0.0
rf_reg[22] + rf_reg[31],0,480,0.0,0.0
rf_reg[22] + rs1_o_tag,0,480,0.0,0.0
data_we_q_tag + rf_reg[22],0,480,0.0,0.0
alu_operand_c_ex_o_tag + rf_reg[0],0,480,0.0,0.0
alu_operand_c_ex_o_tag + rf_reg[1],0,480,0.0,0.0
alu_operand_c_ex_o_tag + rf_reg[2],0,480,0.0,0.0
alu_operand_c_ex_o_tag + rf_reg[3],0,480,0.0,0.0
alu_operand_c_ex_o_tag + rf_reg[4],0,480,0.0,0.0
alu_operand_c_ex_o_tag + rf_reg[5],0,480,0.0,0.0
alu_operand_c_ex_o_tag + rf_reg[6],0,480,0.0,0.0
alu_operand_c_ex_o_tag + rf_reg[7],0,480,0.0,0.0
alu_operand_c_ex_o_tag + rf_reg[8],0,480,0.0,0.0
alu_operand_c_ex_o_tag + rf_reg[9],0,480,0.0,0.0
alu_operand_c_ex_o_tag + rf_reg[10],0,480,0.0,0.0
alu_operand_c_ex_o_tag + rf_reg[11],0,480,0.0,0.0
alu_operand_c_ex_o_tag + rf_reg[12],0,480,0.0,0.0
alu_operand_c_ex_o_tag + rf_reg[13],0,480,0.0,0.0
alu_operand_c_ex_o_tag + rf_reg[14],0,480,0.0,0.0
alu_operand_c_ex_o_tag + rf_reg[16],0,480,0.0,0.0
alu_operand_c_ex_o_tag + rf_reg[17],0,480,0.0,0.0
alu_operand_c_ex_o_tag + rf_reg[18],0,480,0.0,0.0
alu_operand_c_ex_o_tag + rf_reg[19],0,480,0.0,0.0
alu_operand_c_ex_o_tag + rf_reg[20],0,480,0.0,0.0
alu_operand_c_ex_o_tag + rf_reg[21],0,480,0.0,0.0
alu_operand_c_ex_o_tag + rf_reg[22],0,480,0.0,0.0
alu_operand_c_ex_o_tag + rf_reg[23],0,480,0.0,0.0
alu_operand_c_ex_o_tag + rf_reg[24],0,480,0.0,0.0
alu_operand_c_ex_o_tag + rf_reg[25],0,480,0.0,0.0
alu_operand_c_ex_o_tag + rf_reg[26],0,480,0.0,0.0
alu_operand_c_ex_o_tag + rf_reg[27],0,480,0.0,0.0
alu_operand_c_ex_o_tag + rf_reg[28],0,480,0.0,0.0
alu_operand_c_ex_o_tag + rf_reg[29],0,480,0.0,0.0
alu_operand_c_ex_o_tag + rf_reg[30],0,480,0.0,0.0
alu_operand_c_ex_o_tag + rf_reg[31],0,480,0.0,0.0
alu_operand_c_ex_o_tag + data_we_q_tag,0,480,0.0,0.0
rf_reg[23] + rf_reg[24],0,480,0.0,0.0
rf_reg[23] + rf_reg[25],0,480,0.0,0.0
rf_reg[23] + rf_reg[26],0,480,0.0,0.0
rf_reg[23] + rf_reg[27],0,480,0.0,0.0
rf_reg[23] + rf_reg[28],0,480,0.0,0.0
rf_reg[23] + rf_reg[29],0,480,0.0,0.0
rf_reg[23] + rf_reg[30],0,480,0.0,0.0
rf_reg[23] + rf_reg[31],0,480,0.0,0.0
rf_reg[23] + rs1_o_tag,0,480,0.0,0.0
data_we_q_tag + rf_reg[23],0,480,0.0,0.0
rf_reg[24] + rf_reg[25],0,480,0.0,0.0
rf_reg[24] + rf_reg[26],0,480,0.0,0.0
rf_reg[24] + rf_reg[27],0,480,0.0,0.0
rf_reg[24] + rf_reg[28],0,480,0.0,0.0
rf_reg[24] + rf_reg[29],0,480,0.0,0.0
rf_reg[24] + rf_reg[30],0,480,0.0,0.0
rf_reg[24] + rf_reg[31],0,480,0.0,0.0
rf_reg[24] + rs1_o_tag,0,480,0.0,0.0
data_we_q_tag + rf_reg[24],0,480,0.0,0.0
rf_reg[25] + rf_reg[26],0,480,0.0,0.0
rf_reg[25] + rf_reg[27],0,480,0.0,0.0
rf_reg[25] + rf_reg[28],0,480,0.0,0.0
rf_reg[25] + rf_reg[29],0,480,0.0,0.0
rf_reg[25] + rf_reg[30],0,480,0.0,0.0
rf_reg[25] + rf_reg[31],0,480,0.0,0.0
rf_reg[25] + rs1_o_tag,0,480,0.0,0.0
data_we_q_tag + rf_reg[25],0,480,0.0,0.0
rf_reg[26] + rf_reg[27],0,480,0.0,0.0
rf_reg[26] + rf_reg[28],0,480,0.0,0.0
rf_reg[26] + rf_reg[29],0,480,0.0,0.0
rf_reg[26] + rf_reg[30],0,480,0.0,0.0
rf_reg[26] + rf_reg[31],0,480,0.0,0.0
rf_reg[26] + rs1_o_tag,0,480,0.0,0.0
data_we_q_tag + rf_reg[26],0,480,0.0,0.0
rf_reg[27] + rf_reg[28],0,480,0.0,0.0
rf_reg[27] + rf_reg[29],0,480,0.0,0.0
rf_reg[27] + rf_reg[30],0,480,0.0,0.0
rf_reg[27] + rf_reg[31],0,480,0.0,0.0
rf_reg[27] + rs1_o_tag,0,480,0.0,0.0
data_we_q_tag + rf_reg[27],0,480,0.0,0.0
rf_reg[28] + rf_reg[29],0,480,0.0,0.0
rf_reg[28] + rf_reg[30],0,480,0.0,0.0
rf_reg[28] + rf_reg[31],0,480,0.0,0.0
rf_reg[28] + rs1_o_tag,0,480,0.0,0.0
data_we_q_tag + rf_reg[28],0,480,0.0,0.0
rf_reg[29] + rf_reg[30],0,480,0.0,0.0
rf_reg[29] + rf_reg[31],0,480,0.0,0.0
rf_reg[29] + rs1_o_tag,0,480,0.0,0.0
data_we_q_tag + rf_reg[29],0,480,0.0,0.0
rf_reg[30] + rf_reg[31],0,480,0.0,0.0
rf_reg[30] + rs1_o_tag,0,480,0.0,0.0
data_we_q_tag + rf_reg[30],0,480,0.0,0.0
rf_reg[31] + rs1_o_tag,0,480,0.0,0.0
data_we_q_tag + rf_reg[31],0,480,0.0,0.0
check_d_o_tag + check_s2_o_tag,0,480,0.0,0.0
check_d_o_tag + is_store_post_o_tag,0,480,0.0,0.0
check_d_o_tag + memory_set_o_tag,0,480,0.0,0.0
check_d_o_tag + rf_reg[0],0,480,0.0,0.0
check_d_o_tag + rf_reg[1],0,480,0.0,0.0
check_d_o_tag + rf_reg[2],0,480,0.0,0.0
check_d_o_tag + rf_reg[3],0,480,0.0,0.0
check_d_o_tag + rf_reg[4],0,480,0.0,0.0
check_d_o_tag + rf_reg[5],0,480,0.0,0.0
check_d_o_tag + rf_reg[6],0,480,0.0,0.0
check_d_o_tag + rf_reg[7],0,480,0.0,0.0
check_d_o_tag + rf_reg[8],0,480,0.0,0.0
check_d_o_tag + rf_reg[9],0,480,0.0,0.0
check_d_o_tag + rf_reg[10],0,480,0.0,0.0
check_d_o_tag + rf_reg[11],0,480,0.0,0.0
check_d_o_tag + rf_reg[12],0,480,0.0,0.0
check_d_o_tag + rf_reg[13],0,480,0.0,0.0
check_d_o_tag + rf_reg[14],0,480,0.0,0.0
check_d_o_tag + rf_reg[16],0,480,0.0,0.0
check_d_o_tag + rf_reg[17],0,480,0.0,0.0
check_d_o_tag + rf_reg[18],0,480,0.0,0.0
check_d_o_tag + rf_reg[19],0,480,0.0,0.0
check_d_o_tag + rf_reg[20],0,480,0.0,0.0
check_d_o_tag + rf_reg[21],0,480,0.0,0.0
check_d_o_tag + rf_reg[22],0,480,0.0,0.0
check_d_o_tag + rf_reg[23],0,480,0.0,0.0
check_d_o_tag + rf_reg[24],0,480,0.0,0.0
check_d_o_tag + rf_reg[25],0,480,0.0,0.0
check_d_o_tag + rf_reg[26],0,480,0.0,0.0
check_d_o_tag + rf_reg[27],0,480,0.0,0.0
check_d_o_tag + rf_reg[28],0,480,0.0,0.0
check_d_o_tag + rf_reg[29],0,480,0.0,0.0
check_d_o_tag + rf_reg[30],0,480,0.0,0.0
check_d_o_tag + rf_reg[31],0,480,0.0,0.0
check_d_o_tag + rs1_o_tag,0,480,0.0,0.0
check_d_o_tag + data_we_q_tag,0,480,0.0,0.0
check_s2_o_tag + register_set_o_tag,0,480,0.0,0.0
check_s2_o_tag + store_source_ex_o_tag,0,480,0.0,0.0
check_s2_o_tag + rf_reg[0],0,480,0.0,0.0
check_s2_o_tag + rf_reg[1],0,480,0.0,0.0
check_s2_o_tag + rf_reg[2],0,480,0.0,0.0
check_s2_o_tag + rf_reg[3],0,480,0.0,0.0
check_s2_o_tag + rf_reg[4],0,480,0.0,0.0
check_s2_o_tag + rf_reg[5],0,480,0.0,0.0
check_s2_o_tag + rf_reg[6],0,480,0.0,0.0
check_s2_o_tag + rf_reg[7],0,480,0.0,0.0
check_s2_o_tag + rf_reg[8],0,480,0.0,0.0
check_s2_o_tag + rf_reg[9],0,480,0.0,0.0
check_s2_o_tag + rf_reg[10],0,480,0.0,0.0
check_s2_o_tag + rf_reg[11],0,480,0.0,0.0
check_s2_o_tag + rf_reg[12],0,480,0.0,0.0
check_s2_o_tag + rf_reg[13],0,480,0.0,0.0
check_s2_o_tag + rf_reg[14],0,480,0.0,0.0
check_s2_o_tag + rf_reg[16],0,480,0.0,0.0
check_s2_o_tag + rf_reg[17],0,480,0.0,0.0
check_s2_o_tag + rf_reg[18],0,480,0.0,0.0
check_s2_o_tag + rf_reg[19],0,480,0.0,0.0
check_s2_o_tag + rf_reg[20],0,480,0.0,0.0
check_s2_o_tag + rf_reg[21],0,480,0.0,0.0
check_s2_o_tag + rf_reg[22],0,480,0.0,0.0
check_s2_o_tag + rf_reg[23],0,480,0.0,0.0
check_s2_o_tag + rf_reg[24],0,480,0.0,0.0
check_s2_o_tag + rf_reg[25],0,480,0.0,0.0
check_s2_o_tag + rf_reg[26],0,480,0.0,0.0
check_s2_o_tag + rf_reg[27],0,480,0.0,0.0
check_s2_o_tag + rf_reg[28],0,480,0.0,0.0
check_s2_o_tag + rf_reg[29],0,480,0.0,0.0
check_s2_o_tag + rf_reg[30],0,480,0.0,0.0
check_s2_o_tag + rf_reg[31],0,480,0.0,0.0
check_s2_o_tag + rs1_o_tag,0,480,0.0,0.0
check_s2_o_tag + data_we_q_tag,0,480,0.0,0.0
is_store_post_o_tag + memory_set_o_tag,0,480,0.0,0.0
is_store_post_o_tag + register_set_o_tag,0,480,0.0,0.0
is_store_post_o_tag + store_source_ex_o_tag,0,480,0.0,0.0
is_store_post_o_tag + rf_reg[0],0,480,0.0,0.0
is_store_post_o_tag + rf_reg[1],0,480,0.0,0.0
is_store_post_o_tag + rf_reg[2],0,480,0.0,0.0
is_store_post_o_tag + rf_reg[3],0,480,0.0,0.0
is_store_post_o_tag + rf_reg[4],0,480,0.0,0.0
is_store_post_o_tag + rf_reg[5],0,480,0.0,0.0
is_store_post_o_tag + rf_reg[6],0,480,0.0,0.0
is_store_post_o_tag + rf_reg[7],0,480,0.0,0.0
is_store_post_o_tag + rf_reg[8],0,480,0.0,0.0
is_store_post_o_tag + rf_reg[9],0,480,0.0,0.0
is_store_post_o_tag + rf_reg[10],0,480,0.0,0.0
is_store_post_o_tag + rf_reg[11],0,480,0.0,0.0
is_store_post_o_tag + rf_reg[12],0,480,0.0,0.0
is_store_post_o_tag + rf_reg[13],0,480,0.0,0.0
is_store_post_o_tag + rf_reg[14],0,480,0.0,0.0
is_store_post_o_tag + rf_reg[16],0,480,0.0,0.0
is_store_post_o_tag + rf_reg[17],0,480,0.0,0.0
is_store_post_o_tag + rf_reg[18],0,480,0.0,0.0
is_store_post_o_tag + rf_reg[19],0,480,0.0,0.0
is_store_post_o_tag + rf_reg[20],0,480,0.0,0.0
is_store_post_o_tag + rf_reg[21],0,480,0.0,0.0
is_store_post_o_tag + rf_reg[22],0,480,0.0,0.0
is_store_post_o_tag + rf_reg[23],0,480,0.0,0.0
is_store_post_o_tag + rf_reg[24],0,480,0.0,0.0
is_store_post_o_tag + rf_reg[25],0,480,0.0,0.0
is_store_post_o_tag + rf_reg[26],0,480,0.0,0.0
is_store_post_o_tag + rf_reg[27],0,480,0.0,0.0
is_store_post_o_tag + rf_reg[28],0,480,0.0,0.0
is_store_post_o_tag + rf_reg[29],0,480,0.0,0.0
is_store_post_o_tag + rf_reg[30],0,480,0.0,0.0
is_store_post_o_tag + rf_reg[31],0,480,0.0,0.0
is_store_post_o_tag + rs1_o_tag,0,480,0.0,0.0
data_we_q_tag + is_store_post_o_tag,0,480,0.0,0.0
memory_set_o_tag + register_set_o_tag,0,480,0.0,0.0
memory_set_o_tag + rf_reg[0],0,480,0.0,0.0
memory_set_o_tag + rf_reg[1],0,480,0.0,0.0
memory_set_o_tag + rf_reg[2],0,480,0.0,0.0
memory_set_o_tag + rf_reg[3],0,480,0.0,0.0
memory_set_o_tag + rf_reg[4],0,480,0.0,0.0
memory_set_o_tag + rf_reg[5],0,480,0.0,0.0
memory_set_o_tag + rf_reg[6],0,480,0.0,0.0
memory_set_o_tag + rf_reg[7],0,480,0.0,0.0
memory_set_o_tag + rf_reg[8],0,480,0.0,0.0
memory_set_o_tag + rf_reg[9],0,480,0.0,0.0
memory_set_o_tag + rf_reg[10],0,480,0.0,0.0
memory_set_o_tag + rf_reg[11],0,480,0.0,0.0
memory_set_o_tag + rf_reg[12],0,480,0.0,0.0
memory_set_o_tag + rf_reg[13],0,480,0.0,0.0
memory_set_o_tag + rf_reg[14],0,480,0.0,0.0
memory_set_o_tag + rf_reg[16],0,480,0.0,0.0
memory_set_o_tag + rf_reg[17],0,480,0.0,0.0
memory_set_o_tag + rf_reg[18],0,480,0.0,0.0
memory_set_o_tag + rf_reg[19],0,480,0.0,0.0
memory_set_o_tag + rf_reg[20],0,480,0.0,0.0
memory_set_o_tag + rf_reg[21],0,480,0.0,0.0
memory_set_o_tag + rf_reg[22],0,480,0.0,0.0
memory_set_o_tag + rf_reg[23],0,480,0.0,0.0
memory_set_o_tag + rf_reg[24],0,480,0.0,0.0
memory_set_o_tag + rf_reg[25],0,480,0.0,0.0
memory_set_o_tag + rf_reg[26],0,480,0.0,0.0
memory_set_o_tag + rf_reg[27],0,480,0.0,0.0
memory_set_o_tag + rf_reg[28],0,480,0.0,0.0
memory_set_o_tag + rf_reg[29],0,480,0.0,0.0
memory_set_o_tag + rf_reg[30],0,480,0.0,0.0
memory_set_o_tag + rf_reg[31],0,480,0.0,0.0
memory_set_o_tag + rs1_o_tag,0,480,0.0,0.0
data_we_q_tag + memory_set_o_tag,0,480,0.0,0.0
alu_operand_c_ex_o_tag + pc_if_o_tag,0,480,0.0,0.0
check_d_o_tag + pc_if_o_tag,0,480,0.0,0.0
check_s2_o_tag + pc_if_o_tag,0,480,0.0,0.0
is_store_post_o_tag + pc_if_o_tag,0,480,0.0,0.0
memory_set_o_tag + pc_if_o_tag,0,480,0.0,0.0
pc_if_o_tag + register_set_o_tag,0,480,0.0,0.0
pc_if_o_tag + store_source_ex_o_tag,0,480,0.0,0.0
pc_if_o_tag + rf_reg[0],0,480,0.0,0.0
pc_if_o_tag + rf_reg[1],0,480,0.0,0.0
pc_if_o_tag + rf_reg[2],0,480,0.0,0.0
pc_if_o_tag + rf_reg[3],0,480,0.0,0.0
pc_if_o_tag + rf_reg[4],0,480,0.0,0.0
pc_if_o_tag + rf_reg[5],0,480,0.0,0.0
pc_if_o_tag + rf_reg[6],0,480,0.0,0.0
pc_if_o_tag + rf_reg[7],0,480,0.0,0.0
pc_if_o_tag + rf_reg[8],0,480,0.0,0.0
pc_if_o_tag + rf_reg[9],0,480,0.0,0.0
pc_if_o_tag + rf_reg[10],0,480,0.0,0.0
pc_if_o_tag + rf_reg[11],0,480,0.0,0.0
pc_if_o_tag + rf_reg[12],0,480,0.0,0.0
pc_if_o_tag + rf_reg[13],0,480,0.0,0.0
pc_if_o_tag + rf_reg[14],0,480,0.0,0.0
pc_if_o_tag + rf_reg[16],0,480,0.0,0.0
pc_if_o_tag + rf_reg[17],0,480,0.0,0.0
pc_if_o_tag + rf_reg[18],0,480,0.0,0.0
pc_if_o_tag + rf_reg[19],0,480,0.0,0.0
pc_if_o_tag + rf_reg[20],0,480,0.0,0.0
pc_if_o_tag + rf_reg[21],0,480,0.0,0.0
pc_if_o_tag + rf_reg[22],0,480,0.0,0.0
pc_if_o_tag + rf_reg[23],0,480,0.0,0.0
pc_if_o_tag + rf_reg[24],0,480,0.0,0.0
pc_if_o_tag + rf_reg[25],0,480,0.0,0.0
pc_if_o_tag + rf_reg[26],0,480,0.0,0.0
pc_if_o_tag + rf_reg[27],0,480,0.0,0.0
pc_if_o_tag + rf_reg[28],0,480,0.0,0.0
pc_if_o_tag + rf_reg[29],0,480,0.0,0.0
pc_if_o_tag + rf_reg[30],0,480,0.0,0.0
pc_if_o_tag + rf_reg[31],0,480,0.0,0.0
pc_if_o_tag + rs1_o_tag,0,480,0.0,0.0
data_we_q_tag + pc_if_o_tag,0,480,0.0,0.0
register_set_o_tag + store_source_ex_o_tag,0,480,0.0,0.0
register_set_o_tag + rf_reg[0],0,480,0.0,0.0
register_set_o_tag + rf_reg[1],0,480,0.0,0.0
register_set_o_tag + rf_reg[2],0,480,0.0,0.0
register_set_o_tag + rf_reg[3],0,480,0.0,0.0
register_set_o_tag + rf_reg[4],0,480,0.0,0.0
register_set_o_tag + rf_reg[5],0,480,0.0,0.0
register_set_o_tag + rf_reg[6],0,480,0.0,0.0
register_set_o_tag + rf_reg[7],0,480,0.0,0.0
register_set_o_tag + rf_reg[8],0,480,0.0,0.0
register_set_o_tag + rf_reg[9],0,480,0.0,0.0
register_set_o_tag + rf_reg[10],0,480,0.0,0.0
register_set_o_tag + rf_reg[11],0,480,0.0,0.0
register_set_o_tag + rf_reg[12],0,480,0.0,0.0
register_set_o_tag + rf_reg[13],0,480,0.0,0.0
register_set_o_tag + rf_reg[14],0,480,0.0,0.0
register_set_o_tag + rf_reg[16],0,480,0.0,0.0
register_set_o_tag + rf_reg[17],0,480,0.0,0.0
register_set_o_tag + rf_reg[18],0,480,0.0,0.0
register_set_o_tag + rf_reg[19],0,480,0.0,0.0
register_set_o_tag + rf_reg[20],0,480,0.0,0.0
register_set_o_tag + rf_reg[21],0,480,0.0,0.0
register_set_o_tag + rf_reg[22],0,480,0.0,0.0
register_set_o_tag + rf_reg[23],0,480,0.0,0.0
register_set_o_tag + rf_reg[24],0,480,0.0,0.0
register_set_o_tag + rf_reg[25],0,480,0.0,0.0
register_set_o_tag + rf_reg[26],0,480,0.0,0.0
register_set_o_tag + rf_reg[27],0,480,0.0,0.0
register_set_o_tag + rf_reg[28],0,480,0.0,0.0
register_set_o_tag + rf_reg[29],0,480,0.0,0.0
register_set_o_tag + rf_reg[30],0,480,0.0,0.0
register_set_o_tag + rf_reg[31],0,480,0.0,0.0
register_set_o_tag + rs1_o_tag,0,480,0.0,0.0
data_we_q_tag + register_set_o_tag,0,480,0.0,0.0
rf_reg[0] + store_source_ex_o_tag,0,480,0.0,0.0
rf_reg[1] + store_source_ex_o_tag,0,480,0.0,0.0
rf_reg[2] + store_source_ex_o_tag,0,480,0.0,0.0
rf_reg[3] + store_source_ex_o_tag,0,480,0.0,0.0
rf_reg[4] + store_source_ex_o_tag,0,480,0.0,0.0
rf_reg[5] + store_source_ex_o_tag,0,480,0.0,0.0
rf_reg[6] + store_source_ex_o_tag,0,480,0.0,0.0
rf_reg[7] + store_source_ex_o_tag,0,480,0.0,0.0
rf_reg[8] + store_source_ex_o_tag,0,480,0.0,0.0
rf_reg[9] + store_source_ex_o_tag,0,480,0.0,0.0
rf_reg[10] + store_source_ex_o_tag,0,480,0.0,0.0
rf_reg[11] + store_source_ex_o_tag,0,480,0.0,0.0
rf_reg[12] + store_source_ex_o_tag,0,480,0.0,0.0
rf_reg[13] + store_source_ex_o_tag,0,480,0.0,0.0
rf_reg[14] + store_source_ex_o_tag,0,480,0.0,0.0
rf_reg[16] + store_source_ex_o_tag,0,480,0.0,0.0
rf_reg[17] + store_source_ex_o_tag,0,480,0.0,0.0
rf_reg[18] + store_source_ex_o_tag,0,480,0.0,0.0
rf_reg[19] + store_source_ex_o_tag,0,480,0.0,0.0
rf_reg[20] + store_source_ex_o_tag,0,480,0.0,0.0
rf_reg[21] + store_source_ex_o_tag,0,480,0.0,0.0
rf_reg[22] + store_source_ex_o_tag,0,480,0.0,0.0
rf_reg[23] + store_source_ex_o_tag,0,480,0.0,0.0
rf_reg[24] + store_source_ex_o_tag,0,480,0.0,0.0
rf_reg[25] + store_source_ex_o_tag,0,480,0.0,0.0
rf_reg[26] + store_source_ex_o_tag,0,480,0.0,0.0
rf_reg[27] + store_source_ex_o_tag,0,480,0.0,0.0
rf_reg[28] + store_source_ex_o_tag,0,480,0.0,0.0
rf_reg[29] + store_source_ex_o_tag,0,480,0.0,0.0
rf_reg[30] + store_source_ex_o_tag,0,480,0.0,0.0
rf_reg[31] + store_source_ex_o_tag,0,480,0.0,0.0
data_we_q_tag + store_source_ex_o_tag,0,480,0.0,0.0
rf_reg[0] + rf_reg[1],0,480,0.0,0.0
rf_reg[0] + rf_reg[2],0,480,0.0,0.0
rf_reg[0] + rf_reg[3],0,480,0.0,0.0
rf_reg[0] + rf_reg[4],0,480,0.0,0.0
rf_reg[0] + rf_reg[5],0,480,0.0,0.0
rf_reg[0] + rf_reg[6],0,480,0.0,0.0
rf_reg[0] + rf_reg[7],0,480,0.0,0.0
rf_reg[0] + rf_reg[8],0,480,0.0,0.0
rf_reg[0] + rf_reg[9],0,480,0.0,0.0
rf_reg[0] + rf_reg[10],0,480,0.0,0.0
rf_reg[0] + rf_reg[11],0,480,0.0,0.0
rf_reg[0] + rf_reg[12],0,480,0.0,0.0
rf_reg[0] + rf_reg[13],0,480,0.0,0.0
rf_reg[0] + rf_reg[14],0,480,0.0,0.0
rf_reg[0] + rf_reg[17],0,480,0.0,0.0
rf_reg[0] + rf_reg[18],0,480,0.0,0.0
rf_reg[0] + rf_reg[19],0,480,0.0,0.0
rf_reg[0] + rf_reg[20],0,480,0.0,0.0
rf_reg[0] + rf_reg[21],0,480,0.0,0.0
rf_reg[0] + rf_reg[22],0,480,0.0,0.0
rf_reg[0] + rf_reg[23],0,480,0.0,0.0
rf_reg[0] + rf_reg[24],0,480,0.0,0.0
rf_reg[0] + rf_reg[25],0,480,0.0,0.0
rf_reg[0] + rf_reg[26],0,480,0.0,0.0
rf_reg[0] + rf_reg[27],0,480,0.0,0.0
rf_reg[0] + rf_reg[28],0,480,0.0,0.0
rf_reg[0] + rf_reg[29],0,480,0.0,0.0
rf_reg[0] + rf_reg[30],0,480,0.0,0.0
rf_reg[0] + rf_reg[31],0,480,0.0,0.0
rf_reg[0] + rs1_o_tag,0,480,0.0,0.0
data_we_q_tag + rf_reg[0],0,480,0.0,0.0
rf_reg[1] + rf_reg[2],0,480,0.0,0.0
rf_reg[1] + rf_reg[3],0,480,0.0,0.0
rf_reg[1] + rf_reg[4],0,480,0.0,0.0
rf_reg[1] + rf_reg[5],0,480,0.0,0.0
rf_reg[1] + rf_reg[6],0,480,0.0,0.0
rf_reg[1] + rf_reg[7],0,480,0.0,0.0
rf_reg[1] + rf_reg[8],0,480,0.0,0.0
rf_reg[1] + rf_reg[9],0,480,0.0,0.0
rf_reg[10] + rf_reg[1],0,480,0.0,0.0
rf_reg[11] + rf_reg[1],0,480,0.0,0.0
rf_reg[12] + rf_reg[1],0,480,0.0,0.0
rf_reg[13] + rf_reg[1],0,480,0.0,0.0
rf_reg[14] + rf_reg[1],0,480,0.0,0.0
rf_reg[16] + rf_reg[1],0,480,0.0,0.0
rf_reg[17] + rf_reg[1],0,480,0.0,0.0
rf_reg[18] + rf_reg[1],0,480,0.0,0.0
rf_reg[19] + rf_reg[1],0,480,0.0,0.0
rf_reg[1] + rf_reg[20],0,480,0.0,0.0
rf_reg[1] + rf_reg[21],0,480,0.0,0.0
rf_reg[1] + rf_reg[22],0,480,0.0,0.0
rf_reg[1] + rf_reg[23],0,480,0.0,0.0
rf_reg[1] + rf_reg[24],0,480,0.0,0.0
rf_reg[1] + rf_reg[25],0,480,0.0,0.0
rf_reg[1] + rf_reg[26],0,480,0.0,0.0
rf_reg[1] + rf_reg[27],0,480,0.0,0.0
rf_reg[1] + rf_reg[28],0,480,0.0,0.0
rf_reg[1] + rf_reg[29],0,480,0.0,0.0
rf_reg[1] + rf_reg[30],0,480,0.0,0.0
rf_reg[1] + rf_reg[31],0,480,0.0,0.0
rf_reg[1] + rs1_o_tag,0,480,0.0,0.0
data_we_q_tag + rf_reg[1],0,480,0.0,0.0
rf_reg[2] + rf_reg[3],0,480,0.0,0.0
rf_reg[2] + rf_reg[4],0,480,0.0,0.0
rf_reg[2] + rf_reg[5],0,480,0.0,0.0
rf_reg[2] + rf_reg[6],0,480,0.0,0.0
rf_reg[2] + rf_reg[7],0,480,0.0,0.0
rf_reg[2] + rf_reg[8],0,480,0.0,0.0
rf_reg[2] + rf_reg[9],0,480,0.0,0.0
rf_reg[10] + rf_reg[2],0,480,0.0,0.0
rf_reg[11] + rf_reg[2],0,480,0.0,0.0
rf_reg[12] + rf_reg[2],0,480,0.0,0.0
rf_reg[13] + rf_reg[2],0,480,0.0,0.0
rf_reg[14] + rf_reg[2],0,480,0.0,0.0
rf_reg[16] + rf_reg[2],0,480,0.0,0.0
rf_reg[17] + rf_reg[2],0,480,0.0,0.0
rf_reg[18] + rf_reg[2],0,480,0.0,0.0
rf_reg[19] + rf_reg[2],0,480,0.0,0.0
rf_reg[20] + rf_reg[2],0,480,0.0,0.0
rf_reg[21] + rf_reg[2],0,480,0.0,0.0
rf_reg[22] + rf_reg[2],0,480,0.0,0.0
rf_reg[23] + rf_reg[2],0,480,0.0,0.0
rf_reg[24] + rf_reg[2],0,480,0.0,0.0
rf_reg[25] + rf_reg[2],0,480,0.0,0.0
rf_reg[26] + rf_reg[2],0,480,0.0,0.0
rf_reg[27] + rf_reg[2],0,480,0.0,0.0
rf_reg[28] + rf_reg[2],0,480,0.0,0.0
rf_reg[29] + rf_reg[2],0,480,0.0,0.0
rf_reg[2] + rf_reg[30],0,480,0.0,0.0
rf_reg[2] + rf_reg[31],0,480,0.0,0.0
rf_reg[2] + rs1_o_tag,0,480,0.0,0.0
data_we_q_tag + rf_reg[2],0,480,0.0,0.0
rf_reg[3] + rf_reg[4],0,480,0.0,0.0
rf_reg[3] + rf_reg[5],0,480,0.0,0.0
rf_reg[3] + rf_reg[6],0,480,0.0,0.0
rf_reg[3] + rf_reg[7],0,480,0.0,0.0
rf_reg[3] + rf_reg[8],0,480,0.0,0.0
rf_reg[3] + rf_reg[9],0,480,0.0,0.0
rf_reg[10] + rf_reg[3],0,480,0.0,0.0
rf_reg[11] + rf_reg[3],0,480,0.0,0.0
rf_reg[13] + rf_reg[3],0,480,0.0,0.0
rf_reg[14] + rf_reg[3],0,480,0.0,0.0
rf_reg[16] + rf_reg[3],0,480,0.0,0.0
rf_reg[17] + rf_reg[3],0,480,0.0,0.0
rf_reg[18] + rf_reg[3],0,480,0.0,0.0
rf_reg[19] + rf_reg[3],0,480,0.0,0.0
rf_reg[20] + rf_reg[3],0,480,0.0,0.0
rf_reg[21] + rf_reg[3],0,480,0.0,0.0
rf_reg[22] + rf_reg[3],0,480,0.0,0.0
rf_reg[23] + rf_reg[3],0,480,0.0,0.0
rf_reg[24] + rf_reg[3],0,480,0.0,0.0
rf_reg[25] + rf_reg[3],0,480,0.0,0.0
rf_reg[26] + rf_reg[3],0,480,0.0,0.0
rf_reg[27] + rf_reg[3],0,480,0.0,0.0
rf_reg[28] + rf_reg[3],0,480,0.0,0.0
rf_reg[29] + rf_reg[3],0,480,0.0,0.0
rf_reg[30] + rf_reg[3],0,480,0.0,0.0
rf_reg[31] + rf_reg[3],0,480,0.0,0.0
rf_reg[3] + rs1_o_tag,0,480,0.0,0.0
data_we_q_tag + rf_reg[3],0,480,0.0,0.0
rf_reg[4] + rf_reg[5],0,480,0.0,0.0
rf_reg[4] + rf_reg[6],0,480,0.0,0.0
rf_reg[4] + rf_reg[7],0,480,0.0,0.0
rf_reg[4] + rf_reg[8],0,480,0.0,0.0
rf_reg[4] + rf_reg[9],0,480,0.0,0.0
rf_reg[10] + rf_reg[4],0,480,0.0,0.0
rf_reg[11] + rf_reg[4],0,480,0.0,0.0
rf_reg[12] + rf_reg[4],0,480,0.0,0.0
rf_reg[13] + rf_reg[4],0,480,0.0,0.0
rf_reg[14] + rf_reg[4],0,480,0.0,0.0
rf_reg[16] + rf_reg[4],0,480,0.0,0.0
rf_reg[17] + rf_reg[4],0,480,0.0,0.0
rf_reg[18] + rf_reg[4],0,480,0.0,0.0
rf_reg[19] + rf_reg[4],0,480,0.0,0.0
rf_reg[20] + rf_reg[4],0,480,0.0,0.0
rf_reg[21] + rf_reg[4],0,480,0.0,0.0
rf_reg[23] + rf_reg[4],0,480,0.0,0.0
rf_reg[24] + rf_reg[4],0,480,0.0,0.0
rf_reg[25] + rf_reg[4],0,480,0.0,0.0
rf_reg[26] + rf_reg[4],0,480,0.0,0.0
rf_reg[27] + rf_reg[4],0,480,0.0,0.0
rf_reg[28] + rf_reg[4],0,480,0.0,0.0
rf_reg[29] + rf_reg[4],0,480,0.0,0.0
rf_reg[30] + rf_reg[4],0,480,0.0,0.0
rf_reg[31] + rf_reg[4],0,480,0.0,0.0
rf_reg[4] + rs1_o_tag,0,480,0.0,0.0
data_we_q_tag + rf_reg[4],0,480,0.0,0.0
rf_reg[5] + rf_reg[6],0,480,0.0,0.0
rf_reg[5] + rf_reg[7],0,480,0.0,0.0
rf_reg[5] + rf_reg[8],0,480,0.0,0.0
rf_reg[5] + rf_reg[9],0,480,0.0,0.0
rf_reg[10] + rf_reg[5],0,480,0.0,0.0
rf_reg[11] + rf_reg[5],0,480,0.0,0.0
rf_reg[12] + rf_reg[5],0,480,0.0,0.0
rf_reg[13] + rf_reg[5],0,480,0.0,0.0
rf_reg[14] + rf_reg[5],0,480,0.0,0.0
rf_reg[16] + rf_reg[5],0,480,0.0,0.0
rf_reg[17] + rf_reg[5],0,480,0.0,0.0
rf_reg[18] + rf_reg[5],0,480,0.0,0.0
rf_reg[19] + rf_reg[5],0,480,0.0,0.0
rf_reg[20] + rf_reg[5],0,480,0.0,0.0
rf_reg[21] + rf_reg[5],0,480,0.0,0.0
rf_reg[22] + rf_reg[5],0,480,0.0,0.0
rf_reg[23] + rf_reg[5],0,480,0.0,0.0
rf_reg[24] + rf_reg[5],0,480,0.0,0.0
rf_reg[26] + rf_reg[5],0,480,0.0,0.0
rf_reg[27] + rf_reg[5],0,480,0.0,0.0
rf_reg[28] + rf_reg[5],0,480,0.0,0.0
rf_reg[29] + rf_reg[5],0,480,0.0,0.0
rf_reg[30] + rf_reg[5],0,480,0.0,0.0
rf_reg[31] + rf_reg[5],0,480,0.0,0.0
rf_reg[5] + rs1_o_tag,0,480,0.0,0.0
data_we_q_tag + rf_reg[5],0,480,0.0,0.0
rf_reg[6] + rf_reg[7],0,480,0.0,0.0
rf_reg[6] + rf_reg[8],0,480,0.0,0.0
rf_reg[6] + rf_reg[9],0,480,0.0,0.0
rf_reg[10] + rf_reg[6],0,480,0.0,0.0
rf_reg[11] + rf_reg[6],0,480,0.0,0.0
rf_reg[12] + rf_reg[6],0,480,0.0,0.0
rf_reg[13] + rf_reg[6],0,480,0.0,0.0
rf_reg[14] + rf_reg[6],0,480,0.0,0.0
rf_reg[16] + rf_reg[6],0,480,0.0,0.0
rf_reg[17] + rf_reg[6],0,480,0.0,0.0
rf_reg[18] + rf_reg[6],0,480,0.0,0.0
rf_reg[19] + rf_reg[6],0,480,0.0,0.0
rf_reg[20] + rf_reg[6],0,480,0.0,0.0
rf_reg[21] + rf_reg[6],0,480,0.0,0.0
rf_reg[22] + rf_reg[6],0,480,0.0,0.0
rf_reg[23] + rf_reg[6],0,480,0.0,0.0
rf_reg[25] + rf_reg[6],0,480,0.0,0.0
rf_reg[26] + rf_reg[6],0,480,0.0,0.0
rf_reg[27] + rf_reg[6],0,480,0.0,0.0
rf_reg[28] + rf_reg[6],0,480,0.0,0.0
rf_reg[29] + rf_reg[6],0,480,0.0,0.0
rf_reg[30] + rf_reg[6],0,480,0.0,0.0
rf_reg[31] + rf_reg[6],0,480,0.0,0.0
rf_reg[6] + rs1_o_tag,0,480,0.0,0.0
data_we_q_tag + rf_reg[6],0,480,0.0,0.0
rf_reg[7] + rf_reg[8],0,480,0.0,0.0
rf_reg[7] + rf_reg[9],0,480,0.0,0.0
rf_reg[10] + rf_reg[7],0,480,0.0,0.0
rf_reg[11] + rf_reg[7],0,480,0.0,0.0
rf_reg[12] + rf_reg[7],0,480,0.0,0.0
rf_reg[13] + rf_reg[7],0,480,0.0,0.0
rf_reg[14] + rf_reg[7],0,480,0.0,0.0
rf_reg[16] + rf_reg[7],0,480,0.0,0.0
rf_reg[17] + rf_reg[7],0,480,0.0,0.0
rf_reg[18] + rf_reg[7],0,480,0.0,0.0
rf_reg[20] + rf_reg[7],0,480,0.0,0.0
rf_reg[21] + rf_reg[7],0,480,0.0,0.0
rf_reg[22] + rf_reg[7],0,480,0.0,0.0
rf_reg[23] + rf_reg[7],0,480,0.0,0.0
rf_reg[24] + rf_reg[7],0,480,0.0,0.0
rf_reg[25] + rf_reg[7],0,480,0.0,0.0
rf_reg[26] + rf_reg[7],0,480,0.0,0.0
rf_reg[27] + rf_reg[7],0,480,0.0,0.0
rf_reg[28] + rf_reg[7],0,480,0.0,0.0
rf_reg[29] + rf_reg[7],0,480,0.0,0.0
rf_reg[30] + rf_reg[7],0,480,0.0,0.0
rf_reg[31] + rf_reg[7],0,480,0.0,0.0
rf_reg[7] + rs1_o_tag,0,480,0.0,0.0
data_we_q_tag + rf_reg[7],0,480,0.0,0.0
rf_reg[8] + rf_reg[9],0,480,0.0,0.0
rf_reg[10] + rf_reg[8],0,480,0.0,0.0
rf_reg[11] + rf_reg[8],0,480,0.0,0.0
rf_reg[12] + rf_reg[8],0,480,0.0,0.0
rf_reg[13] + rf_reg[8],0,480,0.0,0.0
rf_reg[14] + rf_reg[8],0,480,0.0,0.0
rf_reg[16] + rf_reg[8],0,480,0.0,0.0
rf_reg[17] + rf_reg[8],0,480,0.0,0.0
rf_reg[19] + rf_reg[8],0,480,0.0,0.0
rf_reg[20] + rf_reg[8],0,480,0.0,0.0
rf_reg[21] + rf_reg[8],0,480,0.0,0.0
rf_reg[22] + rf_reg[8],0,480,0.0,0.0
rf_reg[23] + rf_reg[8],0,480,0.0,0.0
rf_reg[24] + rf_reg[8],0,480,0.0,0.0
rf_reg[25] + rf_reg[8],0,480,0.0,0.0
rf_reg[26] + rf_reg[8],0,480,0.0,0.0
rf_reg[27] + rf_reg[8],0,480,0.0,0.0
rf_reg[28] + rf_reg[8],0,480,0.0,0.0
rf_reg[29] + rf_reg[8],0,480,0.0,0.0
rf_reg[30] + rf_reg[8],0,480,0.0,0.0
rf_reg[31] + rf_reg[8],0,480,0.0,0.0
rf_reg[8] + rs1_o_tag,0,480,0.0,0.0
data_we_q_tag + rf_reg[8],0,480,0.0,0.0
rf_reg[10] + rf_reg[9],0,480,0.0,0.0
rf_reg[11] + rf_reg[9],0,480,0.0,0.0
rf_reg[12] + rf_reg[9],0,480,0.0,0.0
rf_reg[13] + rf_reg[9],0,480,0.0,0.0
rf_reg[14] + rf_reg[9],0,480,0.0,0.0
rf_reg[16] + rf_reg[9],0,480,0.0,0.0
rf_reg[17] + rf_reg[9],0,480,0.0,0.0
rf_reg[18] + rf_reg[9],0,480,0.0,0.0
rf_reg[19] + rf_reg[9],0,480,0.0,0.0
rf_reg[20] + rf_reg[9],0,480,0.0,0.0
rf_reg[22] + rf_reg[9],0,480,0.0,0.0
rf_reg[23] + rf_reg[9],0,480,0.0,0.0
rf_reg[24] + rf_reg[9],0,480,0.0,0.0
rf_reg[25] + rf_reg[9],0,480,0.0,0.0
rf_reg[26] + rf_reg[9],0,480,0.0,0.0
rf_reg[27] + rf_reg[9],0,480,0.0,0.0
rf_reg[28] + rf_reg[9],0,480,0.0,0.0
rf_reg[29] + rf_reg[9],0,480,0.0,0.0
rf_reg[30] + rf_reg[9],0,480,0.0,0.0
rf_reg[31] + rf_reg[9],0,480,0.0,0.0
rf_reg[9] + rs1_o_tag,0,480,0.0,0.0
data_we_q_tag + rf_reg[9],0,480,0.0,0.0
rf_reg[10] + rf_reg[11],0,480,0.0,0.0
rf_reg[10] + rf_reg[12],0,480,0.0,0.0
rf_reg[10] + rf_reg[13],0,480,0.0,0.0
rf_reg[10] + rf_reg[14],0,480,0.0,0.0
rf_reg[10] + rf_reg[16],0,480,0.0,0.0
rf_reg[10] + rf_reg[17],0,480,0.0,0.0
rf_reg[10] + rf_reg[18],0,480,0.0,0.0
rf_reg[10] + rf_reg[19],0,480,0.0,0.0
rf_reg[10] + rf_reg[21],0,480,0.0,0.0
rf_reg[10] + rf_reg[22],0,480,0.0,0.0
rf_reg[10] + rf_reg[23],0,480,0.0,0.0
rf_reg[10] + rf_reg[24],0,480,0.0,0.0
rf_reg[10] + rf_reg[25],0,480,0.0,0.0
rf_reg[10] + rf_reg[26],0,480,0.0,0.0
rf_reg[10] + rf_reg[27],0,480,0.0,0.0
rf_reg[10] + rf_reg[28],0,480,0.0,0.0
rf_reg[10] + rf_reg[29],0,480,0.0,0.0
rf_reg[10] + rf_reg[30],0,480,0.0,0.0
rf_reg[10] + rf_reg[31],0,480,0.0,0.0
rf_reg[10] + rs1_o_tag,0,480,0.0,0.0
data_we_q_tag + rf_reg[10],0,480,0.0,0.0
rf_reg[11] + rf_reg[12],0,480,0.0,0.0
rf_reg[11] + rf_reg[13],0,480,0.0,0.0
rf_reg[11] + rf_reg[14],0,480,0.0,0.0
rf_reg[11] + rf_reg[16],0,480,0.0,0.0
rf_reg[11] + rf_reg[17],0,480,0.0,0.0
rf_reg[11] + rf_reg[18],0,480,0.0,0.0
rf_reg[11] + rf_reg[19],0,480,0.0,0.0
rf_reg[11] + rf_reg[20],0,480,0.0,0.0
rf_reg[11] + rf_reg[21],0,480,0.0,0.0
rf_reg[11] + rf_reg[22],0,480,0.0,0.0
rf_reg[11] + rf_reg[23],0,480,0.0,0.0
rf_reg[11] + rf_reg[24],0,480,0.0,0.0
rf_reg[11] + rf_reg[25],0,480,0.0,0.0
rf_reg[11] + rf_reg[26],0,480,0.0,0.0
rf_reg[11] + rf_reg[27],0,480,0.0,0.0
rf_reg[11] + rf_reg[28],0,480,0.0,0.0
rf_reg[11] + rf_reg[29],0,480,0.0,0.0
rf_reg[11] + rf_reg[30],0,480,0.0,0.0
rf_reg[11] + rf_reg[31],0,480,0.0,0.0
rf_reg[11] + rs1_o_tag,0,480,0.0,0.0
data_we_q_tag + rf_reg[11],0,480,0.0,0.0
rf_reg[12] + rf_reg[13],0,480,0.0,0.0
rf_reg[12] + rf_reg[14],0,480,0.0,0.0
rf_reg[12] + rf_reg[16],0,480,0.0,0.0
rf_reg[12] + rf_reg[17],0,480,0.0,0.0
rf_reg[12] + rf_reg[18],0,480,0.0,0.0
rf_reg[12] + rf_reg[19],0,480,0.0,0.0
rf_reg[12] + rf_reg[20],0,480,0.0,0.0
rf_reg[12] + rf_reg[21],0,480,0.0,0.0
rf_reg[12] + rf_reg[22],0,480,0.0,0.0
rf_reg[12] + rf_reg[23],0,480,0.0,0.0
rf_reg[12] + rf_reg[24],0,480,0.0,0.0
rf_reg[12] + rf_reg[25],0,480,0.0,0.0
rf_reg[12] + rf_reg[26],0,480,0.0,0.0
rf_reg[12] + rf_reg[27],0,480,0.0,0.0
rf_reg[12] + rf_reg[28],0,480,0.0,0.0
rf_reg[12] + rf_reg[29],0,480,0.0,0.0
rf_reg[12] + rf_reg[30],0,480,0.0,0.0
rf_reg[12] + rf_reg[31],0,480,0.0,0.0
rf_reg[12] + rs1_o_tag,0,480,0.0,0.0
data_we_q_tag + rf_reg[12],0,480,0.0,0.0
rf_reg[13] + rf_reg[14],0,480,0.0,0.0
rf_reg[13] + rf_reg[16],0,480,0.0,0.0
rf_reg[13] + rf_reg[17],0,480,0.0,0.0
rf_reg[13] + rf_reg[18],0,480,0.0,0.0
rf_reg[13] + rf_reg[19],0,480,0.0,0.0
rf_reg[13] + rf_reg[20],0,480,0.0,0.0
rf_reg[13] + rf_reg[21],0,480,0.0,0.0
rf_reg[13] + rf_reg[22],0,480,0.0,0.0
rf_reg[13] + rf_reg[23],0,480,0.0,0.0
rf_reg[13] + rf_reg[24],0,480,0.0,0.0
rf_reg[13] + rf_reg[25],0,480,0.0,0.0
rf_reg[13] + rf_reg[26],0,480,0.0,0.0
rf_reg[13] + rf_reg[27],0,480,0.0,0.0
rf_reg[13] + rf_reg[28],0,480,0.0,0.0
rf_reg[13] + rf_reg[29],0,480,0.0,0.0
rf_reg[13] + rf_reg[30],0,480,0.0,0.0
rf_reg[13] + rf_reg[31],0,480,0.0,0.0
rf_reg[13] + rs1_o_tag,0,480,0.0,0.0
data_we_q_tag + rf_reg[13],0,480,0.0,0.0
rf_reg[14] + rf_reg[16],0,480,0.0,0.0
rf_reg[14] + rf_reg[17],0,480,0.0,0.0
rf_reg[14] + rf_reg[18],0,480,0.0,0.0
rf_reg[14] + rf_reg[19],0,480,0.0,0.0
rf_reg[14] + rf_reg[20],0,480,0.0,0.0
rf_reg[14] + rf_reg[21],0,480,0.0,0.0
rf_reg[14] + rf_reg[22],0,480,0.0,0.0
rf_reg[14] + rf_reg[23],0,480,0.0,0.0
rf_reg[14] + rf_reg[24],0,480,0.0,0.0
rf_reg[14] + rf_reg[25],0,480,0.0,0.0
rf_reg[14] + rf_reg[26],0,480,0.0,0.0
rf_reg[14] + rf_reg[27],0,480,0.0,0.0
rf_reg[14] + rf_reg[28],0,480,0.0,0.0
rf_reg[14] + rf_reg[29],0,480,0.0,0.0
rf_reg[14] + rf_reg[30],0,480,0.0,0.0
rf_reg[14] + rf_reg[31],0,480,0.0,0.0
rf_reg[14] + rs1_o_tag,0,480,0.0,0.0
data_we_q_tag + rf_reg[14],0,480,0.0,0.0
rf_reg[16] + rf_reg[17],0,480,0.0,0.0
rf_reg[16] + rf_reg[18],0,480,0.0,0.0
rf_reg[16] + rf_reg[19],0,480,0.0,0.0
rf_reg[16] + rf_reg[20],0,480,0.0,0.0
rf_reg[16] + rf_reg[21],0,480,0.0,0.0
rf_reg[16] + rf_reg[22],0,480,0.0,0.0
rf_reg[16] + rf_reg[23],0,480,0.0,0.0
rf_reg[16] + rf_reg[24],0,480,0.0,0.0
rf_reg[16] + rf_reg[25],0,480,0.0,0.0
rf_reg[16] + rf_reg[26],0,480,0.0,0.0
rf_reg[16] + rf_reg[27],0,480,0.0,0.0
rf_reg[16] + rf_reg[28],0,480,0.0,0.0
rf_reg[16] + rf_reg[29],0,480,0.0,0.0
rf_reg[16] + rf_reg[30],0,480,0.0,0.0
rf_reg[16] + rf_reg[31],0,480,0.0,0.0
rf_reg[16] + rs1_o_tag,0,480,0.0,0.0
data_we_q_tag + rf_reg[16],0,480,0.0,0.0
data_type_q_tag + sd_o_rf_tag,0,400,0.0,0.0
rdata_offset_q_tag + sd_o_rf_tag,0,400,0.0,0.0
alu_operator_o_mode + sd_o_rf_tag,0,400,0.0,0.0
data_type_q_tag + ex_stage/hc_o,0,320,0.0,0.0
ex_stage/hc_o + rdata_offset_q_tag,0,320,0.0,0.0
alu_operand_a_ex_o_tag + pc_if_o_tag/hc_o,0,320,0.0,0.0
alu_operand_a_ex_o_tag + pc_id_o_tag/hc_o,0,320,0.0,0.0
alu_operand_a_ex_o_tag + store_source_ex_o_tag/hc_o,0,320,0.0,0.0
alu_operand_a_ex_o_tag + alu_operand_c_ex_o_tag/hc_o,0,320,0.0,0.0
pc_if_o_tag/hc_o + register_set_o_tag,0,320,0.0,0.0
pc_id_o_tag/hc_o + register_set_o_tag,0,320,0.0,0.0
register_set_o_tag + store_source_ex_o_tag/hc_o,0,320,0.0,0.0
alu_operand_c_ex_o_tag/hc_o + register_set_o_tag,0,320,0.0,0.0
check_s2_o_tag/hc_o + register_set_o_tag,0,320,0.0,0.0
check_d_o_tag/hc_o + register_set_o_tag,0,320,0.0,0.0
register_set_o_tag + register_set_o_tag/hc_o,0,320,0.0,0.0
is_store_post_o_tag/hc_o + register_set_o_tag,0,320,0.0,0.0
memory_set_o_tag/hc_o + register_set_o_tag,0,320,0.0,0.0
register_set_o_tag + rs1_o_tag/hc_o,0,320,0.0,0.0
data_we_q_tag/hc_o + register_set_o_tag,0,320,0.0,0.0
pc_if_o_tag/hc_o + store_dest_addr_ex_o_tag,0,320,0.0,0.0
pc_id_o_tag/hc_o + store_dest_addr_ex_o_tag,0,320,0.0,0.0
store_dest_addr_ex_o_tag + store_source_ex_o_tag/hc_o,0,320,0.0,0.0
alu_operand_c_ex_o_tag/hc_o + store_dest_addr_ex_o_tag,0,320,0.0,0.0
check_s2_o_tag/hc_o + store_dest_addr_ex_o_tag,0,320,0.0,0.0
check_d_o_tag/hc_o + store_dest_addr_ex_o_tag,0,320,0.0,0.0
register_set_o_tag/hc_o + store_dest_addr_ex_o_tag,0,320,0.0,0.0
is_store_post_o_tag/hc_o + store_dest_addr_ex_o_tag,0,320,0.0,0.0
memory_set_o_tag/hc_o + store_dest_addr_ex_o_tag,0,320,0.0,0.0
rs1_o_tag/hc_o + store_dest_addr_ex_o_tag,0,320,0.0,0.0
data_we_q_tag/hc_o + store_dest_addr_ex_o_tag,0,320,0.0,0.0
pc_if_o_tag/hc_o + store_source_ex_o_tag,0,320,0.0,0.0
pc_id_o_tag/hc_o + store_source_ex_o_tag,0,320,0.0,0.0
alu_operand_a_ex_o_tag + check_s2_o_tag/hc_o,0,320,0.0,0.0
alu_operand_a_ex_o_tag + check_d_o_tag/hc_o,0,320,0.0,0.0
alu_operand_a_ex_o_tag + register_set_o_tag/hc_o,0,320,0.0,0.0
alu_operand_a_ex_o_tag + is_store_post_o_tag/hc_o,0,320,0.0,0.0
alu_operand_a_ex_o_tag + memory_set_o_tag/hc_o,0,320,0.0,0.0
alu_operand_a_ex_o_tag + rs1_o_tag/hc_o,0,320,0.0,0.0
store_source_ex_o_tag + store_source_ex_o_tag/hc_o,0,320,0.0,0.0
alu_operand_c_ex_o_tag/hc_o + store_source_ex_o_tag,0,320,0.0,0.0
check_s2_o_tag/hc_o + store_source_ex_o_tag,0,320,0.0,0.0
check_d_o_tag/hc_o + store_source_ex_o_tag,0,320,0.0,0.0
register_set_o_tag/hc_o + store_source_ex_o_tag,0,320,0.0,0.0
is_store_post_o_tag/hc_o + store_source_ex_o_tag,0,320,0.0,0.0
memory_set_o_tag/hc_o + store_source_ex_o_tag,0,320,0.0,0.0
rs1_o_tag/hc_o + store_source_ex_o_tag,0,320,0.0,0.0
data_we_q_tag/hc_o + store_source_ex_o_tag,0,320,0.0,0.0
pc_if_o_tag/hc_o + use_store_ops_ex_o,0,320,0.0,0.0
pc_id_o_tag/hc_o + use_store_ops_ex_o,0,320,0.0,0.0
store_source_ex_o_tag/hc_o + use_store_ops_ex_o,0,320,0.0,0.0
alu_operand_c_ex_o_tag/hc_o + use_store_ops_ex_o,0,320,0.0,0.0
check_s2_o_tag/hc_o + use_store_ops_ex_o,0,320,0.0,0.0
check_d_o_tag/hc_o + use_store_ops_ex_o,0,320,0.0,0.0
register_set_o_tag/hc_o + use_store_ops_ex_o,0,320,0.0,0.0
is_store_post_o_tag/hc_o + use_store_ops_ex_o,0,320,0.0,0.0
memory_set_o_tag/hc_o + use_store_ops_ex_o,0,320,0.0,0.0
rs1_o_tag/hc_o + use_store_ops_ex_o,0,320,0.0,0.0
data_we_q_tag/hc_o + use_store_ops_ex_o,0,320,0.0,0.0
pc_if_o_tag/hc_o + rf_reg[0],0,320,0.0,0.0
pc_id_o_tag/hc_o + rf_reg[0],0,320,0.0,0.0
rf_reg[0] + store_source_ex_o_tag/hc_o,0,320,0.0,0.0
alu_operand_c_ex_o_tag/hc_o + rf_reg[0],0,320,0.0,0.0
check_s2_o_tag/hc_o + rf_reg[0],0,320,0.0,0.0
check_d_o_tag/hc_o + rf_reg[0],0,320,0.0,0.0
register_set_o_tag/hc_o + rf_reg[0],0,320,0.0,0.0
is_store_post_o_tag/hc_o + rf_reg[0],0,320,0.0,0.0
memory_set_o_tag/hc_o + rf_reg[0],0,320,0.0,0.0
rf_reg[0] + rs1_o_tag/hc_o,0,320,0.0,0.0
data_we_q_tag/hc_o + rf_reg[0],0,320,0.0,0.0
pc_if_o_tag/hc_o + rf_reg[1],0,320,0.0,0.0
pc_id_o_tag/hc_o + rf_reg[1],0,320,0.0,0.0
alu_operand_a_ex_o_tag + data_we_q_tag/hc_o,0,320,0.0,0.0
rf_reg[1] + store_source_ex_o_tag/hc_o,0,320,0.0,0.0
alu_operand_c_ex_o_tag/hc_o + rf_reg[1],0,320,0.0,0.0
check_s2_o_tag/hc_o + rf_reg[1],0,320,0.0,0.0
check_d_o_tag/hc_o + rf_reg[1],0,320,0.0,0.0
register_set_o_tag/hc_o + rf_reg[1],0,320,0.0,0.0
is_store_post_o_tag/hc_o + rf_reg[1],0,320,0.0,0.0
memory_set_o_tag/hc_o + rf_reg[1],0,320,0.0,0.0
rf_reg[1] + rs1_o_tag/hc_o,0,320,0.0,0.0
data_we_q_tag/hc_o + rf_reg[1],0,320,0.0,0.0
pc_if_o_tag/hc_o + rf_reg[2],0,320,0.0,0.0
pc_id_o_tag/hc_o + rf_reg[2],0,320,0.0,0.0
rf_reg[2] + store_source_ex_o_tag/hc_o,0,320,0.0,0.0
alu_operand_c_ex_o_tag/hc_o + rf_reg[2],0,320,0.0,0.0
check_s2_o_tag/hc_o + rf_reg[2],0,320,0.0,0.0
check_d_o_tag/hc_o + rf_reg[2],0,320,0.0,0.0
register_set_o_tag/hc_o + rf_reg[2],0,320,0.0,0.0
is_store_post_o_tag/hc_o + rf_reg[2],0,320,0.0,0.0
memory_set_o_tag/hc_o + rf_reg[2],0,320,0.0,0.0
rf_reg[2] + rs1_o_tag/hc_o,0,320,0.0,0.0
data_we_q_tag/hc_o + rf_reg[2],0,320,0.0,0.0
pc_if_o_tag/hc_o + rf_reg[3],0,320,0.0,0.0
pc_id_o_tag/hc_o + rf_reg[3],0,320,0.0,0.0
rf_reg[3] + store_source_ex_o_tag/hc_o,0,320,0.0,0.0
alu_operand_c_ex_o_tag/hc_o + rf_reg[3],0,320,0.0,0.0
check_s2_o_tag/hc_o + rf_reg[3],0,320,0.0,0.0
check_d_o_tag/hc_o + rf_reg[3],0,320,0.0,0.0
register_set_o_tag/hc_o + rf_reg[3],0,320,0.0,0.0
is_store_post_o_tag/hc_o + rf_reg[3],0,320,0.0,0.0
memory_set_o_tag/hc_o + rf_reg[3],0,320,0.0,0.0
rf_reg[3] + rs1_o_tag/hc_o,0,320,0.0,0.0
data_we_q_tag/hc_o + rf_reg[3],0,320,0.0,0.0
pc_if_o_tag/hc_o + rf_reg[4],0,320,0.0,0.0
pc_id_o_tag/hc_o + rf_reg[4],0,320,0.0,0.0
rf_reg[4] + store_source_ex_o_tag/hc_o,0,320,0.0,0.0
alu_operand_c_ex_o_tag/hc_o + rf_reg[4],0,320,0.0,0.0
check_s2_o_tag/hc_o + rf_reg[4],0,320,0.0,0.0
check_d_o_tag/hc_o + rf_reg[4],0,320,0.0,0.0
register_set_o_tag/hc_o + rf_reg[4],0,320,0.0,0.0
is_store_post_o_tag/hc_o + rf_reg[4],0,320,0.0,0.0
memory_set_o_tag/hc_o + rf_reg[4],0,320,0.0,0.0
rf_reg[4] + rs1_o_tag/hc_o,0,320,0.0,0.0
data_we_q_tag/hc_o + rf_reg[4],0,320,0.0,0.0
pc_if_o_tag/hc_o + rf_reg[5],0,320,0.0,0.0
pc_id_o_tag/hc_o + rf_reg[5],0,320,0.0,0.0
rf_reg[5] + store_source_ex_o_tag/hc_o,0,320,0.0,0.0
alu_operand_c_ex_o_tag/hc_o + rf_reg[5],0,320,0.0,0.0
check_s2_o_tag/hc_o + rf_reg[5],0,320,0.0,0.0
check_d_o_tag/hc_o + rf_reg[5],0,320,0.0,0.0
register_set_o_tag/hc_o + rf_reg[5],0,320,0.0,0.0
is_store_post_o_tag/hc_o + rf_reg[5],0,320,0.0,0.0
memory_set_o_tag/hc_o + rf_reg[5],0,320,0.0,0.0
rf_reg[5] + rs1_o_tag/hc_o,0,320,0.0,0.0
data_we_q_tag/hc_o + rf_reg[5],0,320,0.0,0.0
pc_if_o_tag/hc_o + rf_reg[6],0,320,0.0,0.0
pc_id_o_tag/hc_o + rf_reg[6],0,320,0.0,0.0
rf_reg[6] + store_source_ex_o_tag/hc_o,0,320,0.0,0.0
alu_operand_c_ex_o_tag/hc_o + rf_reg[6],0,320,0.0,0.0
check_s2_o_tag/hc_o + rf_reg[6],0,320,0.0,0.0
check_d_o_tag/hc_o + rf_reg[6],0,320,0.0,0.0
register_set_o_tag/hc_o + rf_reg[6],0,320,0.0,0.0
is_store_post_o_tag/hc_o + rf_reg[6],0,320,0.0,0.0
memory_set_o_tag/hc_o + rf_reg[6],0,320,0.0,0.0
rf_reg[6] + rs1_o_tag/hc_o,0,320,0.0,0.0
data_we_q_tag/hc_o + rf_reg[6],0,320,0.0,0.0
pc_if_o_tag/hc_o + rf_reg[7],0,320,0.0,0.0
pc_id_o_tag/hc_o + rf_reg[7],0,320,0.0,0.0
rf_reg[7] + store_source_ex_o_tag/hc_o,0,320,0.0,0.0
alu_operand_c_ex_o_tag/hc_o + rf_reg[7],0,320,0.0,0.0
check_s2_o_tag/hc_o + rf_reg[7],0,320,0.0,0.0
check_d_o_tag/hc_o + rf_reg[7],0,320,0.0,0.0
register_set_o_tag/hc_o + rf_reg[7],0,320,0.0,0.0
alu_operand_b_ex_o_tag + pc_if_o_tag/hc_o,0,320,0.0,0.0
alu_operand_b_ex_o_tag + pc_id_o_tag/hc_o,0,320,0.0,0.0
alu_operand_b_ex_o_tag + store_source_ex_o_tag/hc_o,0,320,0.0,0.0
alu_operand_b_ex_o_tag + alu_operand_c_ex_o_tag/hc_o,0,320,0.0,0.0
alu_operand_b_ex_o_tag + check_s2_o_tag/hc_o,0,320,0.0,0.0
alu_operand_b_ex_o_tag + check_d_o_tag/hc_o,0,320,0.0,0.0
is_store_post_o_tag/hc_o + rf_reg[7],0,320,0.0,0.0
memory_set_o_tag/hc_o + rf_reg[7],0,320,0.0,0.0
rf_reg[7] + rs1_o_tag/hc_o,0,320,0.0,0.0
data_we_q_tag/hc_o + rf_reg[7],0,320,0.0,0.0
pc_if_o_tag/hc_o + rf_reg[8],0,320,0.0,0.0
pc_id_o_tag/hc_o + rf_reg[8],0,320,0.0,0.0
rf_reg[8] + store_source_ex_o_tag/hc_o,0,320,0.0,0.0
alu_operand_c_ex_o_tag/hc_o + rf_reg[8],0,320,0.0,0.0
check_s2_o_tag/hc_o + rf_reg[8],0,320,0.0,0.0
check_d_o_tag/hc_o + rf_reg[8],0,320,0.0,0.0
register_set_o_tag/hc_o + rf_reg[8],0,320,0.0,0.0
is_store_post_o_tag/hc_o + rf_reg[8],0,320,0.0,0.0
memory_set_o_tag/hc_o + rf_reg[8],0,320,0.0,0.0
rf_reg[8] + rs1_o_tag/hc_o,0,320,0.0,0.0
data_we_q_tag/hc_o + rf_reg[8],0,320,0.0,0.0
pc_if_o_tag/hc_o + rf_reg[9],0,320,0.0,0.0
pc_id_o_tag/hc_o + rf_reg[9],0,320,0.0,0.0
rf_reg[9] + store_source_ex_o_tag/hc_o,0,320,0.0,0.0
alu_operand_c_ex_o_tag/hc_o + rf_reg[9],0,320,0.0,0.0
check_s2_o_tag/hc_o + rf_reg[9],0,320,0.0,0.0
check_d_o_tag/hc_o + rf_reg[9],0,320,0.0,0.0
register_set_o_tag/hc_o + rf_reg[9],0,320,0.0,0.0
is_store_post_o_tag/hc_o + rf_reg[9],0,320,0.0,0.0
memory_set_o_tag/hc_o + rf_reg[9],0,320,0.0,0.0
rf_reg[9] + rs1_o_tag/hc_o,0,320,0.0,0.0
data_we_q_tag/hc_o + rf_reg[9],0,320,0.0,0.0
pc_if_o_tag/hc_o + rf_reg[10],0,320,0.0,0.0
pc_id_o_tag/hc_o + rf_reg[10],0,320,0.0,0.0
rf_reg[10] + store_source_ex_o_tag/hc_o,0,320,0.0,0.0
alu_operand_c_ex_o_tag/hc_o + rf_reg[10],0,320,0.0,0.0
check_s2_o_tag/hc_o + rf_reg[10],0,320,0.0,0.0
check_d_o_tag/hc_o + rf_reg[10],0,320,0.0,0.0
register_set_o_tag/hc_o + rf_reg[10],0,320,0.0,0.0
is_store_post_o_tag/hc_o + rf_reg[10],0,320,0.0,0.0
memory_set_o_tag/hc_o + rf_reg[10],0,320,0.0,0.0
alu_operand_b_ex_o_tag + register_set_o_tag/hc_o,0,320,0.0,0.0
alu_operand_b_ex_o_tag + is_store_post_o_tag/hc_o,0,320,0.0,0.0
alu_operand_b_ex_o_tag + memory_set_o_tag/hc_o,0,320,0.0,0.0
alu_operand_b_ex_o_tag + rs1_o_tag/hc_o,0,320,0.0,0.0
rf_reg[10] + rs1_o_tag/hc_o,0,320,0.0,0.0
data_we_q_tag/hc_o + rf_reg[10],0,320,0.0,0.0
pc_if_o_tag/hc_o + rf_reg[11],0,320,0.0,0.0
pc_id_o_tag/hc_o + rf_reg[11],0,320,0.0,0.0
rf_reg[11] + store_source_ex_o_tag/hc_o,0,320,0.0,0.0
alu_operand_c_ex_o_tag/hc_o + rf_reg[11],0,320,0.0,0.0
check_s2_o_tag/hc_o + rf_reg[11],0,320,0.0,0.0
check_d_o_tag/hc_o + rf_reg[11],0,320,0.0,0.0
register_set_o_tag/hc_o + rf_reg[11],0,320,0.0,0.0
is_store_post_o_tag/hc_o + rf_reg[11],0,320,0.0,0.0
memory_set_o_tag/hc_o + rf_reg[11],0,320,0.0,0.0
rf_reg[11] + rs1_o_tag/hc_o,0,320,0.0,0.0
data_we_q_tag/hc_o + rf_reg[11],0,320,0.0,0.0
pc_if_o_tag/hc_o + rf_reg[12],0,320,0.0,0.0
pc_id_o_tag/hc_o + rf_reg[12],0,320,0.0,0.0
rf_reg[12] + store_source_ex_o_tag/hc_o,0,320,0.0,0.0
alu_operand_c_ex_o_tag/hc_o + rf_reg[12],0,320,0.0,0.0
check_s2_o_tag/hc_o + rf_reg[12],0,320,0.0,0.0
check_d_o_tag/hc_o + rf_reg[12],0,320,0.0,0.0
register_set_o_tag/hc_o + rf_reg[12],0,320,0.0,0.0
is_store_post_o_tag/hc_o + rf_reg[12],0,320,0.0,0.0
memory_set_o_tag/hc_o + rf_reg[12],0,320,0.0,0.0
rf_reg[12] + rs1_o_tag/hc_o,0,320,0.0,0.0
data_we_q_tag/hc_o + rf_reg[12],0,320,0.0,0.0
pc_if_o_tag/hc_o + rf_reg[13],0,320,0.0,0.0
pc_id_o_tag/hc_o + rf_reg[13],0,320,0.0,0.0
rf_reg[13] + store_source_ex_o_tag/hc_o,0,320,0.0,0.0
alu_operand_c_ex_o_tag/hc_o + rf_reg[13],0,320,0.0,0.0
check_s2_o_tag/hc_o + rf_reg[13],0,320,0.0,0.0
check_d_o_tag/hc_o + rf_reg[13],0,320,0.0,0.0
register_set_o_tag/hc_o + rf_reg[13],0,320,0.0,0.0
is_store_post_o_tag/hc_o + rf_reg[13],0,320,0.0,0.0
memory_set_o_tag/hc_o + rf_reg[13],0,320,0.0,0.0
rf_reg[13] + rs1_o_tag/hc_o,0,320,0.0,0.0
alu_operand_b_ex_o_tag + data_we_q_tag/hc_o,0,320,0.0,0.0
data_we_q_tag/hc_o + rf_reg[13],0,320,0.0,0.0
pc_if_o_tag/hc_o + rf_reg[14],0,320,0.0,0.0
pc_id_o_tag/hc_o + rf_reg[14],0,320,0.0,0.0
rf_reg[14] + store_source_ex_o_tag/hc_o,0,320,0.0,0.0
alu_operand_c_ex_o_tag/hc_o + rf_reg[14],0,320,0.0,0.0
check_s2_o_tag/hc_o + rf_reg[14],0,320,0.0,0.0
check_d_o_tag/hc_o + rf_reg[14],0,320,0.0,0.0
register_set_o_tag/hc_o + rf_reg[14],0,320,0.0,0.0
is_store_post_o_tag/hc_o + rf_reg[14],0,320,0.0,0.0
memory_set_o_tag/hc_o + rf_reg[14],0,320,0.0,0.0
rf_reg[14] + rs1_o_tag/hc_o,0,320,0.0,0.0
data_we_q_tag/hc_o + rf_reg[14],0,320,0.0,0.0
pc_if_o_tag/hc_o + rf_reg[15],0,320,0.0,0.0
pc_id_o_tag/hc_o + rf_reg[15],0,320,0.0,0.0
rf_reg[15] + store_source_ex_o_tag/hc_o,0,320,0.0,0.0
alu_operand_c_ex_o_tag/hc_o + rf_reg[15],0,320,0.0,0.0
check_s2_o_tag/hc_o + rf_reg[15],0,320,0.0,0.0
check_d_o_tag/hc_o + rf_reg[15],0,320,0.0,0.0
register_set_o_tag/hc_o + rf_reg[15],0,320,0.0,0.0
is_store_post_o_tag/hc_o + rf_reg[15],0,320,0.0,0.0
memory_set_o_tag/hc_o + rf_reg[15],0,320,0.0,0.0
rf_reg[15] + rs1_o_tag/hc_o,0,320,0.0,0.0
data_we_q_tag/hc_o + rf_reg[15],0,320,0.0,0.0
pc_if_o_tag/hc_o + rf_reg[16],0,320,0.0,0.0
pc_id_o_tag/hc_o + rf_reg[16],0,320,0.0,0.0
rf_reg[16] + store_source_ex_o_tag/hc_o,0,320,0.0,0.0
alu_operand_c_ex_o_tag/hc_o + rf_reg[16],0,320,0.0,0.0
check_s2_o_tag/hc_o + rf_reg[16],0,320,0.0,0.0
check_d_o_tag/hc_o + rf_reg[16],0,320,0.0,0.0
register_set_o_tag/hc_o + rf_reg[16],0,320,0.0,0.0
is_store_post_o_tag/hc_o + rf_reg[16],0,320,0.0,0.0
memory_set_o_tag/hc_o + rf_reg[16],0,320,0.0,0.0
rf_reg[16] + rs1_o_tag/hc_o,0,320,0.0,0.0
data_we_q_tag/hc_o + rf_reg[16],0,320,0.0,0.0
pc_if_o_tag/hc_o + rf_reg[17],0,320,0.0,0.0
pc_id_o_tag/hc_o + rf_reg[17],0,320,0.0,0.0
rf_reg[17] + store_source_ex_o_tag/hc_o,0,320,0.0,0.0
alu_operand_c_ex_o_tag/hc_o + rf_reg[17],0,320,0.0,0.0
check_s2_o_tag/hc_o + rf_reg[17],0,320,0.0,0.0
check_d_o_tag/hc_o + rf_reg[17],0,320,0.0,0.0
register_set_o_tag/hc_o + rf_reg[17],0,320,0.0,0.0
is_store_post_o_tag/hc_o + rf_reg[17],0,320,0.0,0.0
memory_set_o_tag/hc_o + rf_reg[17],0,320,0.0,0.0
rf_reg[17] + rs1_o_tag/hc_o,0,320,0.0,0.0
data_we_q_tag/hc_o + rf_reg[17],0,320,0.0,0.0
pc_if_o_tag/hc_o + rf_reg[18],0,320,0.0,0.0
pc_id_o_tag/hc_o + rf_reg[18],0,320,0.0,0.0
rf_reg[18] + store_source_ex_o_tag/hc_o,0,320,0.0,0.0
alu_operand_c_ex_o_tag/hc_o + rf_reg[18],0,320,0.0,0.0
check_s2_o_tag/hc_o + rf_reg[18],0,320,0.0,0.0
check_d_o_tag/hc_o + rf_reg[18],0,320,0.0,0.0
register_set_o_tag/hc_o + rf_reg[18],0,320,0.0,0.0
is_store_post_o_tag/hc_o + rf_reg[18],0,320,0.0,0.0
memory_set_o_tag/hc_o + rf_reg[18],0,320,0.0,0.0
rf_reg[18] + rs1_o_tag/hc_o,0,320,0.0,0.0
data_we_q_tag/hc_o + rf_reg[18],0,320,0.0,0.0
pc_if_o_tag/hc_o + rf_reg[19],0,320,0.0,0.0
pc_id_o_tag/hc_o + rf_reg[19],0,320,0.0,0.0
rf_reg[19] + store_source_ex_o_tag/hc_o,0,320,0.0,0.0
alu_operand_c_ex_o_tag/hc_o + rf_reg[19],0,320,0.0,0.0
check_s2_o_tag/hc_o + rf_reg[19],0,320,0.0,0.0
check_d_o_tag/hc_o + rf_reg[19],0,320,0.0,0.0
register_set_o_tag/hc_o + rf_reg[19],0,320,0.0,0.0
is_store_post_o_tag/hc_o + rf_reg[19],0,320,0.0,0.0
memory_set_o_tag/hc_o + rf_reg[19],0,320,0.0,0.0
rf_reg[19] + rs1_o_tag/hc_o,0,320,0.0,0.0
data_we_q_tag/hc_o + rf_reg[19],0,320,0.0,0.0
pc_if_o_tag/hc_o + rf_reg[20],0,320,0.0,0.0
pc_id_o_tag/hc_o + rf_reg[20],0,320,0.0,0.0
rf_reg[20] + store_source_ex_o_tag/hc_o,0,320,0.0,0.0
alu_operand_c_ex_o_tag/hc_o + rf_reg[20],0,320,0.0,0.0
check_s2_o_tag/hc_o + rf_reg[20],0,320,0.0,0.0
check_d_o_tag/hc_o + rf_reg[20],0,320,0.0,0.0
register_set_o_tag/hc_o + rf_reg[20],0,320,0.0,0.0
is_store_post_o_tag/hc_o + rf_reg[20],0,320,0.0,0.0
memory_set_o_tag/hc_o + rf_reg[20],0,320,0.0,0.0
alu_operand_c_ex_o_tag + pc_if_o_tag/hc_o,0,320,0.0,0.0
alu_operand_c_ex_o_tag + pc_id_o_tag/hc_o,0,320,0.0,0.0
alu_operand_c_ex_o_tag + store_source_ex_o_tag/hc_o,0,320,0.0,0.0
alu_operand_c_ex_o_tag + alu_operand_c_ex_o_tag/hc_o,0,320,0.0,0.0
alu_operand_c_ex_o_tag + check_s2_o_tag/hc_o,0,320,0.0,0.0
alu_operand_c_ex_o_tag + check_d_o_tag/hc_o,0,320,0.0,0.0
alu_operand_c_ex_o_tag + register_set_o_tag/hc_o,0,320,0.0,0.0
alu_operand_c_ex_o_tag + is_store_post_o_tag/hc_o,0,320,0.0,0.0
rf_reg[20] + rs1_o_tag/hc_o,0,320,0.0,0.0
data_we_q_tag/hc_o + rf_reg[20],0,320,0.0,0.0
pc_if_o_tag/hc_o + rf_reg[21],0,320,0.0,0.0
pc_id_o_tag/hc_o + rf_reg[21],0,320,0.0,0.0
rf_reg[21] + store_source_ex_o_tag/hc_o,0,320,0.0,0.0
alu_operand_c_ex_o_tag/hc_o + rf_reg[21],0,320,0.0,0.0
check_s2_o_tag/hc_o + rf_reg[21],0,320,0.0,0.0
check_d_o_tag/hc_o + rf_reg[21],0,320,0.0,0.0
register_set_o_tag/hc_o + rf_reg[21],0,320,0.0,0.0
is_store_post_o_tag/hc_o + rf_reg[21],0,320,0.0,0.0
memory_set_o_tag/hc_o + rf_reg[21],0,320,0.0,0.0
rf_reg[21] + rs1_o_tag/hc_o,0,320,0.0,0.0
data_we_q_tag/hc_o + rf_reg[21],0,320,0.0,0.0
pc_if_o_tag/hc_o + rf_reg[22],0,320,0.0,0.0
pc_id_o_tag/hc_o + rf_reg[22],0,320,0.0,0.0
rf_reg[22] + store_source_ex_o_tag/hc_o,0,320,0.0,0.0
alu_operand_c_ex_o_tag/hc_o + rf_reg[22],0,320,0.0,0.0
check_s2_o_tag/hc_o + rf_reg[22],0,320,0.0,0.0
check_d_o_tag/hc_o + rf_reg[22],0,320,0.0,0.0
register_set_o_tag/hc_o + rf_reg[22],0,320,0.0,0.0
is_store_post_o_tag/hc_o + rf_reg[22],0,320,0.0,0.0
memory_set_o_tag/hc_o + rf_reg[22],0,320,0.0,0.0
rf_reg[22] + rs1_o_tag/hc_o,0,320,0.0,0.0
data_we_q_tag/hc_o + rf_reg[22],0,320,0.0,0.0
pc_if_o_tag/hc_o + rf_reg[23],0,320,0.0,0.0
pc_id_o_tag/hc_o + rf_reg[23],0,320,0.0,0.0
rf_reg[23] + store_source_ex_o_tag/hc_o,0,320,0.0,0.0
alu_operand_c_ex_o_tag/hc_o + rf_reg[23],0,320,0.0,0.0
check_s2_o_tag/hc_o + rf_reg[23],0,320,0.0,0.0
check_d_o_tag/hc_o + rf_reg[23],0,320,0.0,0.0
register_set_o_tag/hc_o + rf_reg[23],0,320,0.0,0.0
is_store_post_o_tag/hc_o + rf_reg[23],0,320,0.0,0.0
memory_set_o_tag/hc_o + rf_reg[23],0,320,0.0,0.0
rf_reg[23] + rs1_o_tag/hc_o,0,320,0.0,0.0
data_we_q_tag/hc_o + rf_reg[23],0,320,0.0,0.0
alu_operand_c_ex_o_tag + memory_set_o_tag/hc_o,0,320,0.0,0.0
alu_operand_c_ex_o_tag + rs1_o_tag/hc_o,0,320,0.0,0.0
pc_if_o_tag/hc_o + rf_reg[24],0,320,0.0,0.0
pc_id_o_tag/hc_o + rf_reg[24],0,320,0.0,0.0
rf_reg[24] + store_source_ex_o_tag/hc_o,0,320,0.0,0.0
alu_operand_c_ex_o_tag/hc_o + rf_reg[24],0,320,0.0,0.0
check_s2_o_tag/hc_o + rf_reg[24],0,320,0.0,0.0
check_d_o_tag/hc_o + rf_reg[24],0,320,0.0,0.0
register_set_o_tag/hc_o + rf_reg[24],0,320,0.0,0.0
is_store_post_o_tag/hc_o + rf_reg[24],0,320,0.0,0.0
memory_set_o_tag/hc_o + rf_reg[24],0,320,0.0,0.0
rf_reg[24] + rs1_o_tag/hc_o,0,320,0.0,0.0
data_we_q_tag/hc_o + rf_reg[24],0,320,0.0,0.0
pc_if_o_tag/hc_o + rf_reg[25],0,320,0.0,0.0
pc_id_o_tag/hc_o + rf_reg[25],0,320,0.0,0.0
rf_reg[25] + store_source_ex_o_tag/hc_o,0,320,0.0,0.0
alu_operand_c_ex_o_tag/hc_o + rf_reg[25],0,320,0.0,0.0
check_s2_o_tag/hc_o + rf_reg[25],0,320,0.0,0.0
check_d_o_tag/hc_o + rf_reg[25],0,320,0.0,0.0
register_set_o_tag/hc_o + rf_reg[25],0,320,0.0,0.0
is_store_post_o_tag/hc_o + rf_reg[25],0,320,0.0,0.0
memory_set_o_tag/hc_o + rf_reg[25],0,320,0.0,0.0
rf_reg[25] + rs1_o_tag/hc_o,0,320,0.0,0.0
data_we_q_tag/hc_o + rf_reg[25],0,320,0.0,0.0
pc_if_o_tag/hc_o + rf_reg[26],0,320,0.0,0.0
pc_id_o_tag/hc_o + rf_reg[26],0,320,0.0,0.0
rf_reg[26] + store_source_ex_o_tag/hc_o,0,320,0.0,0.0
alu_operand_c_ex_o_tag/hc_o + rf_reg[26],0,320,0.0,0.0
check_s2_o_tag/hc_o + rf_reg[26],0,320,0.0,0.0
check_d_o_tag/hc_o + rf_reg[26],0,320,0.0,0.0
register_set_o_tag/hc_o + rf_reg[26],0,320,0.0,0.0
is_store_post_o_tag/hc_o + rf_reg[26],0,320,0.0,0.0
memory_set_o_tag/hc_o + rf_reg[26],0,320,0.0,0.0
rf_reg[26] + rs1_o_tag/hc_o,0,320,0.0,0.0
data_we_q_tag/hc_o + rf_reg[26],0,320,0.0,0.0
pc_if_o_tag/hc_o + rf_reg[27],0,320,0.0,0.0
pc_id_o_tag/hc_o + rf_reg[27],0,320,0.0,0.0
rf_reg[27] + store_source_ex_o_tag/hc_o,0,320,0.0,0.0
alu_operand_c_ex_o_tag/hc_o + rf_reg[27],0,320,0.0,0.0
check_s2_o_tag/hc_o + rf_reg[27],0,320,0.0,0.0
check_d_o_tag/hc_o + rf_reg[27],0,320,0.0,0.0
register_set_o_tag/hc_o + rf_reg[27],0,320,0.0,0.0
is_store_post_o_tag/hc_o + rf_reg[27],0,320,0.0,0.0
memory_set_o_tag/hc_o + rf_reg[27],0,320,0.0,0.0
pc_id_o_tag + pc_if_o_tag/hc_o,0,320,0.0,0.0
pc_id_o_tag + pc_id_o_tag/hc_o,0,320,0.0,0.0
pc_id_o_tag + store_source_ex_o_tag/hc_o,0,320,0.0,0.0
alu_operand_c_ex_o_tag + data_we_q_tag/hc_o,0,320,0.0,0.0
rf_reg[27] + rs1_o_tag/hc_o,0,320,0.0,0.0
data_we_q_tag/hc_o + rf_reg[27],0,320,0.0,0.0
pc_if_o_tag/hc_o + rf_reg[28],0,320,0.0,0.0
pc_id_o_tag/hc_o + rf_reg[28],0,320,0.0,0.0
rf_reg[28] + store_source_ex_o_tag/hc_o,0,320,0.0,0.0
alu_operand_c_ex_o_tag/hc_o + rf_reg[28],0,320,0.0,0.0
check_s2_o_tag/hc_o + rf_reg[28],0,320,0.0,0.0
check_d_o_tag/hc_o + rf_reg[28],0,320,0.0,0.0
register_set_o_tag/hc_o + rf_reg[28],0,320,0.0,0.0
is_store_post_o_tag/hc_o + rf_reg[28],0,320,0.0,0.0
memory_set_o_tag/hc_o + rf_reg[28],0,320,0.0,0.0
rf_reg[28] + rs1_o_tag/hc_o,0,320,0.0,0.0
data_we_q_tag/hc_o + rf_reg[28],0,320,0.0,0.0
pc_if_o_tag/hc_o + rf_reg[29],0,320,0.0,0.0
pc_id_o_tag/hc_o + rf_reg[29],0,320,0.0,0.0
rf_reg[29] + store_source_ex_o_tag/hc_o,0,320,0.0,0.0
alu_operand_c_ex_o_tag/hc_o + rf_reg[29],0,320,0.0,0.0
check_s2_o_tag/hc_o + rf_reg[29],0,320,0.0,0.0
check_d_o_tag/hc_o + rf_reg[29],0,320,0.0,0.0
register_set_o_tag/hc_o + rf_reg[29],0,320,0.0,0.0
is_store_post_o_tag/hc_o + rf_reg[29],0,320,0.0,0.0
memory_set_o_tag/hc_o + rf_reg[29],0,320,0.0,0.0
rf_reg[29] + rs1_o_tag/hc_o,0,320,0.0,0.0
data_we_q_tag/hc_o + rf_reg[29],0,320,0.0,0.0
pc_if_o_tag/hc_o + rf_reg[30],0,320,0.0,0.0
pc_id_o_tag/hc_o + rf_reg[30],0,320,0.0,0.0
rf_reg[30] + store_source_ex_o_tag/hc_o,0,320,0.0,0.0
alu_operand_c_ex_o_tag/hc_o + rf_reg[30],0,320,0.0,0.0
check_s2_o_tag/hc_o + rf_reg[30],0,320,0.0,0.0
check_d_o_tag/hc_o + rf_reg[30],0,320,0.0,0.0
register_set_o_tag/hc_o + rf_reg[30],0,320,0.0,0.0
is_store_post_o_tag/hc_o + rf_reg[30],0,320,0.0,0.0
memory_set_o_tag/hc_o + rf_reg[30],0,320,0.0,0.0
rf_reg[30] + rs1_o_tag/hc_o,0,320,0.0,0.0
data_we_q_tag/hc_o + rf_reg[30],0,320,0.0,0.0
pc_if_o_tag/hc_o + rf_reg[31],0,320,0.0,0.0
pc_id_o_tag/hc_o + rf_reg[31],0,320,0.0,0.0
rf_reg[31] + store_source_ex_o_tag/hc_o,0,320,0.0,0.0
alu_operand_c_ex_o_tag/hc_o + rf_reg[31],0,320,0.0,0.0
check_s2_o_tag/hc_o + rf_reg[31],0,320,0.0,0.0
check_d_o_tag/hc_o + rf_reg[31],0,320,0.0,0.0
register_set_o_tag/hc_o + rf_reg[31],0,320,0.0,0.0
is_store_post_o_tag/hc_o + rf_reg[31],0,320,0.0,0.0
memory_set_o_tag/hc_o + rf_reg[31],0,320,0.0,0.0
rf_reg[31] + rs1_o_tag/hc_o,0,320,0.0,0.0
data_we_q_tag/hc_o + rf_reg[31],0,320,0.0,0.0
pc_if_o_tag/hc_o + rs1_o_tag,0,320,0.0,0.0
pc_id_o_tag/hc_o + rs1_o_tag,0,320,0.0,0.0
rs1_o_tag + store_source_ex_o_tag/hc_o,0,320,0.0,0.0
alu_operand_c_ex_o_tag/hc_o + rs1_o_tag,0,320,0.0,0.0
check_s2_o_tag/hc_o + rs1_o_tag,0,320,0.0,0.0
check_d_o_tag/hc_o + rs1_o_tag,0,320,0.0,0.0
register_set_o_tag/hc_o + rs1_o_tag,0,320,0.0,0.0
is_store_post_o_tag/hc_o + rs1_o_tag,0,320,0.0,0.0
memory_set_o_tag/hc_o + rs1_o_tag,0,320,0.0,0.0
rs1_o_tag + rs1_o_tag/hc_o,0,320,0.0,0.0
data_we_q_tag/hc_o + rs1_o_tag,0,320,0.0,0.0
data_we_q_tag + pc_if_o_tag/hc_o,0,320,0.0,0.0
data_we_q_tag + pc_id_o_tag/hc_o,0,320,0.0,0.0
data_we_q_tag + store_source_ex_o_tag/hc_o,0,320,0.0,0.0
alu_operand_c_ex_o_tag/hc_o + data_we_q_tag,0,320,0.0,0.0
check_s2_o_tag/hc_o + data_we_q_tag,0,320,0.0,0.0
check_d_o_tag/hc_o + data_we_q_tag,0,320,0.0,0.0
data_we_q_tag + register_set_o_tag/hc_o,0,320,0.0,0.0
data_we_q_tag + is_store_post_o_tag/hc_o,0,320,0.0,0.0
data_we_q_tag + memory_set_o_tag/hc_o,0,320,0.0,0.0
data_we_q_tag + rs1_o_tag/hc_o,0,320,0.0,0.0
data_we_q_tag + data_we_q_tag/hc_o,0,320,0.0,0.0
check_d_o_tag + pc_if_o_tag/hc_o,0,320,0.0,0.0
check_d_o_tag + pc_id_o_tag/hc_o,0,320,0.0,0.0
alu_operand_c_ex_o_tag/hc_o + pc_id_o_tag,0,320,0.0,0.0
check_s2_o_tag/hc_o + pc_id_o_tag,0,320,0.0,0.0
check_d_o_tag/hc_o + pc_id_o_tag,0,320,0.0,0.0
pc_id_o_tag + register_set_o_tag/hc_o,0,320,0.0,0.0
is_store_post_o_tag/hc_o + pc_id_o_tag,0,320,0.0,0.0
memory_set_o_tag/hc_o + pc_id_o_tag,0,320,0.0,0.0
check_d_o_tag + store_source_ex_o_tag/hc_o,0,320,0.0,0.0
alu_operand_c_ex_o_tag/hc_o + check_d_o_tag,0,320,0.0,0.0
check_d_o_tag + check_s2_o_tag/hc_o,0,320,0.0,0.0
check_d_o_tag + check_d_o_tag/hc_o,0,320,0.0,0.0
check_d_o_tag + register_set_o_tag/hc_o,0,320,0.0,0.0
check_d_o_tag + is_store_post_o_tag/hc_o,0,320,0.0,0.0
check_d_o_tag + memory_set_o_tag/hc_o,0,320,0.0,0.0
check_d_o_tag + rs1_o_tag/hc_o,0,320,0.0,0.0
check_d_o_tag + data_we_q_tag/hc_o,0,320,0.0,0.0
check_s1_o_tag + pc_if_o_tag/hc_o,0,320,0.0,0.0
check_s1_o_tag + pc_id_o_tag/hc_o,0,320,0.0,0.0
check_s1_o_tag + store_source_ex_o_tag/hc_o,0,320,0.0,0.0
alu_operand_c_ex_o_tag/hc_o + check_s1_o_tag,0,320,0.0,0.0
check_s1_o_tag + check_s2_o_tag/hc_o,0,320,0.0,0.0
check_d_o_tag/hc_o + check_s1_o_tag,0,320,0.0,0.0
check_s1_o_tag + register_set_o_tag/hc_o,0,320,0.0,0.0
check_s1_o_tag + is_store_post_o_tag/hc_o,0,320,0.0,0.0
check_s1_o_tag + memory_set_o_tag/hc_o,0,320,0.0,0.0
check_s1_o_tag + rs1_o_tag/hc_o,0,320,0.0,0.0
check_s1_o_tag + data_we_q_tag/hc_o,0,320,0.0,0.0
check_s2_o_tag + pc_if_o_tag/hc_o,0,320,0.0,0.0
check_s2_o_tag + pc_id_o_tag/hc_o,0,320,0.0,0.0
check_s2_o_tag + store_source_ex_o_tag/hc_o,0,320,0.0,0.0
alu_operand_c_ex_o_tag/hc_o + check_s2_o_tag,0,320,0.0,0.0
check_s2_o_tag + check_s2_o_tag/hc_o,0,320,0.0,0.0
check_d_o_tag/hc_o + check_s2_o_tag,0,320,0.0,0.0
check_s2_o_tag + register_set_o_tag/hc_o,0,320,0.0,0.0
check_s2_o_tag + is_store_post_o_tag/hc_o,0,320,0.0,0.0
check_s2_o_tag + memory_set_o_tag/hc_o,0,320,0.0,0.0
check_s2_o_tag + rs1_o_tag/hc_o,0,320,0.0,0.0
check_s2_o_tag + data_we_q_tag/hc_o,0,320,0.0,0.0
pc_id_o_tag + rs1_o_tag/hc_o,0,320,0.0,0.0
data_we_q_tag/hc_o + pc_id_o_tag,0,320,0.0,0.0
is_store_post_o_tag + pc_if_o_tag/hc_o,0,320,0.0,0.0
is_store_post_o_tag + pc_id_o_tag/hc_o,0,320,0.0,0.0
is_store_post_o_tag + store_source_ex_o_tag/hc_o,0,320,0.0,0.0
alu_operand_c_ex_o_tag/hc_o + is_store_post_o_tag,0,320,0.0,0.0
check_s2_o_tag/hc_o + is_store_post_o_tag,0,320,0.0,0.0
check_d_o_tag/hc_o + is_store_post_o_tag,0,320,0.0,0.0
is_store_post_o_tag + register_set_o_tag/hc_o,0,320,0.0,0.0
is_store_post_o_tag + is_store_post_o_tag/hc_o,0,320,0.0,0.0
is_store_post_o_tag + memory_set_o_tag/hc_o,0,320,0.0,0.0
is_store_post_o_tag + rs1_o_tag/hc_o,0,320,0.0,0.0
data_we_q_tag/hc_o + is_store_post_o_tag,0,320,0.0,0.0
memory_set_o_tag + pc_if_o_tag/hc_o,0,320,0.0,0.0
memory_set_o_tag + pc_id_o_tag/hc_o,0,320,0.0,0.0
memory_set_o_tag + store_source_ex_o_tag/hc_o,0,320,0.0,0.0
alu_operand_c_ex_o_tag/hc_o + memory_set_o_tag,0,320,0.0,0.0
check_s2_o_tag/hc_o + memory_set_o_tag,0,320,0.0,0.0
check_d_o_tag/hc_o + memory_set_o_tag,0,320,0.0,0.0
memory_set_o_tag + register_set_o_tag/hc_o,0,320,0.0,0.0
is_store_post_o_tag/hc_o + memory_set_o_tag,0,320,0.0,0.0
memory_set_o_tag + memory_set_o_tag/hc_o,0,320,0.0,0.0
memory_set_o_tag + rs1_o_tag/hc_o,0,320,0.0,0.0
data_we_q_tag/hc_o + memory_set_o_tag,0,320,0.0,0.0
pc_if_o_tag + pc_if_o_tag/hc_o,0,320,0.0,0.0
pc_id_o_tag/hc_o + pc_if_o_tag,0,320,0.0,0.0
pc_if_o_tag + store_source_ex_o_tag/hc_o,0,320,0.0,0.0
alu_operand_c_ex_o_tag/hc_o + pc_if_o_tag,0,320,0.0,0.0
check_s2_o_tag/hc_o + pc_if_o_tag,0,320,0.0,0.0
check_d_o_tag/hc_o + pc_if_o_tag,0,320,0.0,0.0
pc_if_o_tag + register_set_o_tag/hc_o,0,320,0.0,0.0
is_store_post_o_tag/hc_o + pc_if_o_tag,0,320,0.0,0.0
memory_set_o_tag/hc_o + pc_if_o_tag,0,320,0.0,0.0
pc_if_o_tag + rs1_o_tag/hc_o,0,320,0.0,0.0
data_we_q_tag/hc_o + pc_if_o_tag,0,320,0.0,0.0
register_set_o_tag + tcr_execute/hc_o,0,320,0.0,0.0
store_dest_addr_ex_o_tag + tcr_execute/hc_o,0,320,0.0,0.0
store_source_ex_o_tag + tcr_execute/hc_o,0,320,0.0,0.0
tcr_execute/hc_o + use_store_ops_ex_o,0,320,0.0,0.0
alu_operand_a_ex_o_tag + tcr_execute/hc_o,0,320,0.0,0.0
rf_reg[0] + tcr_execute/hc_o,0,320,0.0,0.0
rf_reg[1] + tcr_execute/hc_o,0,320,0.0,0.0
rf_reg[2] + tcr_execute/hc_o,0,320,0.0,0.0
rf_reg[3] + tcr_execute/hc_o,0,320,0.0,0.0
rf_reg[4] + tcr_execute/hc_o,0,320,0.0,0.0
rf_reg[5] + tcr_execute/hc_o,0,320,0.0,0.0
rf_reg[6] + tcr_execute/hc_o,0,320,0.0,0.0
rf_reg[7] + tcr_execute/hc_o,0,320,0.0,0.0
rf_reg[8] + tcr_execute/hc_o,0,320,0.0,0.0
rf_reg[9] + tcr_execute/hc_o,0,320,0.0,0.0
rf_reg[10] + tcr_execute/hc_o,0,320,0.0,0.0
rf_reg[11] + tcr_execute/hc_o,0,320,0.0,0.0
rf_reg[12] + tcr_execute/hc_o,0,320,0.0,0.0
alu_operand_b_ex_o_tag + tcr_execute/hc_o,0,320,0.0,0.0
rf_reg[13] + tcr_execute/hc_o,0,320,0.0,0.0
rf_reg[14] + tcr_execute/hc_o,0,320,0.0,0.0
rf_reg[15] + tcr_execute/hc_o,0,320,0.0,0.0
rf_reg[16] + tcr_execute/hc_o,0,320,0.0,0.0
rf_reg[17] + tcr_execute/hc_o,0,320,0.0,0.0
rf_reg[18] + tcr_execute/hc_o,0,320,0.0,0.0
rf_reg[19] + tcr_execute/hc_o,0,320,0.0,0.0
rf_reg[20] + tcr_execute/hc_o,0,320,0.0,0.0
rf_reg[21] + tcr_execute/hc_o,0,320,0.0,0.0
rf_reg[22] + tcr_execute/hc_o,0,320,0.0,0.0
rf_reg[23] + tcr_execute/hc_o,0,320,0.0,0.0
alu_operand_c_ex_o_tag + tcr_execute/hc_o,0,320,0.0,0.0
rf_reg[24] + tcr_execute/hc_o,0,320,0.0,0.0
rf_reg[25] + tcr_execute/hc_o,0,320,0.0,0.0
rf_reg[26] + tcr_execute/hc_o,0,320,0.0,0.0
rf_reg[27] + tcr_execute/hc_o,0,320,0.0,0.0
rf_reg[28] + tcr_execute/hc_o,0,320,0.0,0.0
rf_reg[29] + tcr_execute/hc_o,0,320,0.0,0.0
rf_reg[30] + tcr_execute/hc_o,0,320,0.0,0.0
rf_reg[31] + tcr_execute/hc_o,0,320,0.0,0.0
rs1_o_tag + tcr_execute/hc_o,0,320,0.0,0.0
data_we_q_tag + tcr_execute/hc_o,0,320,0.0,0.0
pc_if_o_tag/hc_o + tcr_execute/hc_o,0,320,0.0,0.0
pc_id_o_tag/hc_o + tcr_execute/hc_o,0,320,0.0,0.0
store_source_ex_o_tag/hc_o + tcr_execute/hc_o,0,320,0.0,0.0
check_d_o_tag + tcr_execute/hc_o,0,320,0.0,0.0
alu_operand_c_ex_o_tag/hc_o + tcr_execute/hc_o,0,320,0.0,0.0
check_s2_o_tag/hc_o + tcr_execute/hc_o,0,320,0.0,0.0
check_d_o_tag/hc_o + tcr_execute/hc_o,0,320,0.0,0.0
register_set_o_tag/hc_o + tcr_execute/hc_o,0,320,0.0,0.0
is_store_post_o_tag/hc_o + tcr_execute/hc_o,0,320,0.0,0.0
memory_set_o_tag/hc_o + tcr_execute/hc_o,0,320,0.0,0.0
check_s1_o_tag + tcr_execute/hc_o,0,320,0.0,0.0
rs1_o_tag/hc_o + tcr_execute/hc_o,0,320,0.0,0.0
check_s2_o_tag + tcr_execute/hc_o,0,320,0.0,0.0
pc_id_o_tag + tcr_execute/hc_o,0,320,0.0,0.0
is_store_post_o_tag + tcr_execute/hc_o,0,320,0.0,0.0
data_we_q_tag/hc_o + tcr_execute/hc_o,0,320,0.0,0.0
memory_set_o_tag + tcr_execute/hc_o,0,320,0.0,0.0
pc_if_o_tag + tcr_execute/hc_o,0,320,0.0,0.0
data_type_q_tag + id_group9/hc_o,0,320,0.0,0.0
csr_group14/hc_o + data_type_q_tag,0,320,0.0,0.0
csr_group18/hc_o + data_type_q_tag,0,320,0.0,0.0
csr_group19/hc_o + data_type_q_tag,0,320,0.0,0.0
id_group9/hc_o + rdata_offset_q_tag,0,320,0.0,0.0
alu_operator_o_mode + id_group9/hc_o,0,320,0.0,0.0
csr_group14/hc_o + rdata_offset_q_tag,0,320,0.0,0.0
csr_group18/hc_o + rdata_offset_q_tag,0,320,0.0,0.0
csr_group19/hc_o + rdata_offset_q_tag,0,320,0.0,0.0
alu_operator_o_mode + csr_group14/hc_o,0,320,0.0,0.0
alu_operator_o_mode + csr_group18/hc_o,0,320,0.0,0.0
alu_operator_o_mode + csr_group19/hc_o,0,320,0.0,0.0
csr_group14/hc_o + id_group9/hc_o,0,320,0.0,0.0
csr_group18/hc_o + id_group9/hc_o,0,320,0.0,0.0
csr_group19/hc_o + id_group9/hc_o,0,320,0.0,0.0
id_group9/hc_o + tcr_execute/hc_o,0,320,0.0,0.0
csr_group14/hc_o + csr_group18/hc_o,0,320,0.0,0.0
csr_group14/hc_o + csr_group19/hc_o,0,320,0.0,0.0
csr_group14/hc_o + tcr_execute/hc_o,0,320,0.0,0.0
csr_group18/hc_o + csr_group19/hc_o,0,320,0.0,0.0
csr_group18/hc_o + tcr_execute/hc_o,0,320,0.0,0.0
csr_group19/hc_o + tcr_execute/hc_o,0,320,0.0,0.0
register_set_o_tag + tpr_arith/hc_o,0,304,0.0,0.0
register_set_o_tag + tpr_branch/hc_o,0,304,0.0,0.0
register_set_o_tag + tpr_jump/hc_o,0,304,0.0,0.0
register_set_o_tag + tpr_shift/hc_o,0,304,0.0,0.0
register_set_o_tag + tpr_comparison/hc_o,0,304,0.0,0.0
register_set_o_tag + tpr_logical/hc_o,0,304,0.0,0.0
register_set_o_tag + tcr_arith/hc_o,0,304,0.0,0.0
register_set_o_tag + tcr_branch/hc_o,0,304,0.0,0.0
register_set_o_tag + tcr_jump/hc_o,0,304,0.0,0.0
register_set_o_tag + tcr_shift/hc_o,0,304,0.0,0.0
register_set_o_tag + tcr_comparison/hc_o,0,304,0.0,0.0
register_set_o_tag + tcr_logical/hc_o,0,304,0.0,0.0
store_dest_addr_ex_o_tag + tpr_arith/hc_o,0,304,0.0,0.0
store_dest_addr_ex_o_tag + tpr_branch/hc_o,0,304,0.0,0.0
store_dest_addr_ex_o_tag + tpr_jump/hc_o,0,304,0.0,0.0
store_dest_addr_ex_o_tag + tpr_shift/hc_o,0,304,0.0,0.0
store_dest_addr_ex_o_tag + tpr_comparison/hc_o,0,304,0.0,0.0
store_dest_addr_ex_o_tag + tpr_logical/hc_o,0,304,0.0,0.0
store_dest_addr_ex_o_tag + tcr_arith/hc_o,0,304,0.0,0.0
store_dest_addr_ex_o_tag + tcr_branch/hc_o,0,304,0.0,0.0
store_dest_addr_ex_o_tag + tcr_jump/hc_o,0,304,0.0,0.0
store_dest_addr_ex_o_tag + tcr_shift/hc_o,0,304,0.0,0.0
store_dest_addr_ex_o_tag + tcr_comparison/hc_o,0,304,0.0,0.0
store_dest_addr_ex_o_tag + tcr_logical/hc_o,0,304,0.0,0.0
alu_operand_a_ex_o_tag + tpr_arith/hc_o,0,304,0.0,0.0
alu_operand_a_ex_o_tag + tpr_branch/hc_o,0,304,0.0,0.0
alu_operand_a_ex_o_tag + tpr_jump/hc_o,0,304,0.0,0.0
alu_operand_a_ex_o_tag + tpr_shift/hc_o,0,304,0.0,0.0
alu_operand_a_ex_o_tag + tpr_comparison/hc_o,0,304,0.0,0.0
alu_operand_a_ex_o_tag + tpr_logical/hc_o,0,304,0.0,0.0
alu_operand_a_ex_o_tag + tcr_arith/hc_o,0,304,0.0,0.0
store_source_ex_o_tag + tpr_arith/hc_o,0,304,0.0,0.0
store_source_ex_o_tag + tpr_branch/hc_o,0,304,0.0,0.0
store_source_ex_o_tag + tpr_jump/hc_o,0,304,0.0,0.0
store_source_ex_o_tag + tpr_shift/hc_o,0,304,0.0,0.0
store_source_ex_o_tag + tpr_comparison/hc_o,0,304,0.0,0.0
store_source_ex_o_tag + tpr_logical/hc_o,0,304,0.0,0.0
store_source_ex_o_tag + tcr_arith/hc_o,0,304,0.0,0.0
store_source_ex_o_tag + tcr_branch/hc_o,0,304,0.0,0.0
store_source_ex_o_tag + tcr_jump/hc_o,0,304,0.0,0.0
store_source_ex_o_tag + tcr_shift/hc_o,0,304,0.0,0.0
store_source_ex_o_tag + tcr_comparison/hc_o,0,304,0.0,0.0
store_source_ex_o_tag + tcr_logical/hc_o,0,304,0.0,0.0
tpr_arith/hc_o + use_store_ops_ex_o,0,304,0.0,0.0
tpr_branch/hc_o + use_store_ops_ex_o,0,304,0.0,0.0
tpr_jump/hc_o + use_store_ops_ex_o,0,304,0.0,0.0
tpr_shift/hc_o + use_store_ops_ex_o,0,304,0.0,0.0
tpr_comparison/hc_o + use_store_ops_ex_o,0,304,0.0,0.0
tpr_logical/hc_o + use_store_ops_ex_o,0,304,0.0,0.0
tcr_arith/hc_o + use_store_ops_ex_o,0,304,0.0,0.0
tcr_branch/hc_o + use_store_ops_ex_o,0,304,0.0,0.0
tcr_jump/hc_o + use_store_ops_ex_o,0,304,0.0,0.0
tcr_shift/hc_o + use_store_ops_ex_o,0,304,0.0,0.0
tcr_comparison/hc_o + use_store_ops_ex_o,0,304,0.0,0.0
tcr_logical/hc_o + use_store_ops_ex_o,0,304,0.0,0.0
rf_reg[0] + tpr_arith/hc_o,0,304,0.0,0.0
rf_reg[0] + tpr_branch/hc_o,0,304,0.0,0.0
rf_reg[0] + tpr_jump/hc_o,0,304,0.0,0.0
rf_reg[0] + tpr_shift/hc_o,0,304,0.0,0.0
rf_reg[0] + tpr_comparison/hc_o,0,304,0.0,0.0
rf_reg[0] + tpr_logical/hc_o,0,304,0.0,0.0
alu_operand_a_ex_o_tag + tcr_branch/hc_o,0,304,0.0,0.0
alu_operand_a_ex_o_tag + tcr_jump/hc_o,0,304,0.0,0.0
alu_operand_a_ex_o_tag + tcr_shift/hc_o,0,304,0.0,0.0
alu_operand_a_ex_o_tag + tcr_comparison/hc_o,0,304,0.0,0.0
alu_operand_a_ex_o_tag + tcr_logical/hc_o,0,304,0.0,0.0
rf_reg[0] + tcr_arith/hc_o,0,304,0.0,0.0
rf_reg[0] + tcr_branch/hc_o,0,304,0.0,0.0
rf_reg[0] + tcr_jump/hc_o,0,304,0.0,0.0
rf_reg[0] + tcr_shift/hc_o,0,304,0.0,0.0
rf_reg[0] + tcr_comparison/hc_o,0,304,0.0,0.0
rf_reg[0] + tcr_logical/hc_o,0,304,0.0,0.0
rf_reg[1] + tpr_arith/hc_o,0,304,0.0,0.0
rf_reg[1] + tpr_branch/hc_o,0,304,0.0,0.0
rf_reg[1] + tpr_jump/hc_o,0,304,0.0,0.0
rf_reg[1] + tpr_shift/hc_o,0,304,0.0,0.0
rf_reg[1] + tpr_comparison/hc_o,0,304,0.0,0.0
rf_reg[1] + tpr_logical/hc_o,0,304,0.0,0.0
rf_reg[1] + tcr_arith/hc_o,0,304,0.0,0.0
rf_reg[1] + tcr_branch/hc_o,0,304,0.0,0.0
rf_reg[1] + tcr_jump/hc_o,0,304,0.0,0.0
rf_reg[1] + tcr_shift/hc_o,0,304,0.0,0.0
rf_reg[1] + tcr_comparison/hc_o,0,304,0.0,0.0
rf_reg[1] + tcr_logical/hc_o,0,304,0.0,0.0
rf_reg[2] + tpr_arith/hc_o,0,304,0.0,0.0
rf_reg[2] + tpr_branch/hc_o,0,304,0.0,0.0
rf_reg[2] + tpr_jump/hc_o,0,304,0.0,0.0
rf_reg[2] + tpr_shift/hc_o,0,304,0.0,0.0
rf_reg[2] + tpr_comparison/hc_o,0,304,0.0,0.0
rf_reg[2] + tpr_logical/hc_o,0,304,0.0,0.0
rf_reg[2] + tcr_arith/hc_o,0,304,0.0,0.0
rf_reg[2] + tcr_branch/hc_o,0,304,0.0,0.0
rf_reg[2] + tcr_jump/hc_o,0,304,0.0,0.0
rf_reg[2] + tcr_shift/hc_o,0,304,0.0,0.0
rf_reg[2] + tcr_comparison/hc_o,0,304,0.0,0.0
rf_reg[2] + tcr_logical/hc_o,0,304,0.0,0.0
rf_reg[3] + tpr_arith/hc_o,0,304,0.0,0.0
rf_reg[3] + tpr_branch/hc_o,0,304,0.0,0.0
rf_reg[3] + tpr_jump/hc_o,0,304,0.0,0.0
rf_reg[3] + tpr_shift/hc_o,0,304,0.0,0.0
rf_reg[3] + tpr_comparison/hc_o,0,304,0.0,0.0
rf_reg[3] + tpr_logical/hc_o,0,304,0.0,0.0
rf_reg[3] + tcr_arith/hc_o,0,304,0.0,0.0
rf_reg[3] + tcr_branch/hc_o,0,304,0.0,0.0
rf_reg[3] + tcr_jump/hc_o,0,304,0.0,0.0
rf_reg[3] + tcr_shift/hc_o,0,304,0.0,0.0
rf_reg[3] + tcr_comparison/hc_o,0,304,0.0,0.0
rf_reg[3] + tcr_logical/hc_o,0,304,0.0,0.0
rf_reg[4] + tpr_arith/hc_o,0,304,0.0,0.0
rf_reg[4] + tpr_branch/hc_o,0,304,0.0,0.0
rf_reg[4] + tpr_jump/hc_o,0,304,0.0,0.0
rf_reg[4] + tpr_shift/hc_o,0,304,0.0,0.0
rf_reg[4] + tpr_comparison/hc_o,0,304,0.0,0.0
rf_reg[4] + tpr_logical/hc_o,0,304,0.0,0.0
rf_reg[4] + tcr_arith/hc_o,0,304,0.0,0.0
rf_reg[4] + tcr_branch/hc_o,0,304,0.0,0.0
rf_reg[4] + tcr_jump/hc_o,0,304,0.0,0.0
rf_reg[4] + tcr_shift/hc_o,0,304,0.0,0.0
rf_reg[4] + tcr_comparison/hc_o,0,304,0.0,0.0
rf_reg[4] + tcr_logical/hc_o,0,304,0.0,0.0
rf_reg[5] + tpr_arith/hc_o,0,304,0.0,0.0
rf_reg[5] + tpr_branch/hc_o,0,304,0.0,0.0
rf_reg[5] + tpr_jump/hc_o,0,304,0.0,0.0
rf_reg[5] + tpr_shift/hc_o,0,304,0.0,0.0
rf_reg[5] + tpr_comparison/hc_o,0,304,0.0,0.0
rf_reg[5] + tpr_logical/hc_o,0,304,0.0,0.0
rf_reg[5] + tcr_arith/hc_o,0,304,0.0,0.0
rf_reg[5] + tcr_branch/hc_o,0,304,0.0,0.0
rf_reg[5] + tcr_jump/hc_o,0,304,0.0,0.0
rf_reg[5] + tcr_shift/hc_o,0,304,0.0,0.0
rf_reg[5] + tcr_comparison/hc_o,0,304,0.0,0.0
rf_reg[5] + tcr_logical/hc_o,0,304,0.0,0.0
rf_reg[6] + tpr_arith/hc_o,0,304,0.0,0.0
rf_reg[6] + tpr_branch/hc_o,0,304,0.0,0.0
rf_reg[6] + tpr_jump/hc_o,0,304,0.0,0.0
rf_reg[6] + tpr_shift/hc_o,0,304,0.0,0.0
rf_reg[6] + tpr_comparison/hc_o,0,304,0.0,0.0
rf_reg[6] + tpr_logical/hc_o,0,304,0.0,0.0
rf_reg[6] + tcr_arith/hc_o,0,304,0.0,0.0
rf_reg[6] + tcr_branch/hc_o,0,304,0.0,0.0
rf_reg[6] + tcr_jump/hc_o,0,304,0.0,0.0
rf_reg[6] + tcr_shift/hc_o,0,304,0.0,0.0
rf_reg[6] + tcr_comparison/hc_o,0,304,0.0,0.0
rf_reg[6] + tcr_logical/hc_o,0,304,0.0,0.0
rf_reg[7] + tpr_arith/hc_o,0,304,0.0,0.0
rf_reg[7] + tpr_branch/hc_o,0,304,0.0,0.0
rf_reg[7] + tpr_jump/hc_o,0,304,0.0,0.0
rf_reg[7] + tpr_shift/hc_o,0,304,0.0,0.0
rf_reg[7] + tpr_comparison/hc_o,0,304,0.0,0.0
rf_reg[7] + tpr_logical/hc_o,0,304,0.0,0.0
rf_reg[7] + tcr_arith/hc_o,0,304,0.0,0.0
rf_reg[7] + tcr_branch/hc_o,0,304,0.0,0.0
rf_reg[7] + tcr_jump/hc_o,0,304,0.0,0.0
rf_reg[7] + tcr_shift/hc_o,0,304,0.0,0.0
rf_reg[7] + tcr_comparison/hc_o,0,304,0.0,0.0
rf_reg[7] + tcr_logical/hc_o,0,304,0.0,0.0
alu_operand_b_ex_o_tag + tpr_arith/hc_o,0,304,0.0,0.0
alu_operand_b_ex_o_tag + tpr_branch/hc_o,0,304,0.0,0.0
rf_reg[8] + tpr_arith/hc_o,0,304,0.0,0.0
rf_reg[8] + tpr_branch/hc_o,0,304,0.0,0.0
rf_reg[8] + tpr_jump/hc_o,0,304,0.0,0.0
rf_reg[8] + tpr_shift/hc_o,0,304,0.0,0.0
rf_reg[8] + tpr_comparison/hc_o,0,304,0.0,0.0
rf_reg[8] + tpr_logical/hc_o,0,304,0.0,0.0
rf_reg[8] + tcr_arith/hc_o,0,304,0.0,0.0
rf_reg[8] + tcr_branch/hc_o,0,304,0.0,0.0
rf_reg[8] + tcr_jump/hc_o,0,304,0.0,0.0
rf_reg[8] + tcr_shift/hc_o,0,304,0.0,0.0
rf_reg[8] + tcr_comparison/hc_o,0,304,0.0,0.0
rf_reg[8] + tcr_logical/hc_o,0,304,0.0,0.0
rf_reg[9] + tpr_arith/hc_o,0,304,0.0,0.0
rf_reg[9] + tpr_branch/hc_o,0,304,0.0,0.0
rf_reg[9] + tpr_jump/hc_o,0,304,0.0,0.0
rf_reg[9] + tpr_shift/hc_o,0,304,0.0,0.0
rf_reg[9] + tpr_comparison/hc_o,0,304,0.0,0.0
rf_reg[9] + tpr_logical/hc_o,0,304,0.0,0.0
rf_reg[9] + tcr_arith/hc_o,0,304,0.0,0.0
rf_reg[9] + tcr_branch/hc_o,0,304,0.0,0.0
rf_reg[9] + tcr_jump/hc_o,0,304,0.0,0.0
rf_reg[9] + tcr_shift/hc_o,0,304,0.0,0.0
rf_reg[9] + tcr_comparison/hc_o,0,304,0.0,0.0
rf_reg[9] + tcr_logical/hc_o,0,304,0.0,0.0
rf_reg[10] + tpr_arith/hc_o,0,304,0.0,0.0
rf_reg[10] + tpr_branch/hc_o,0,304,0.0,0.0
rf_reg[10] + tpr_jump/hc_o,0,304,0.0,0.0
rf_reg[10] + tpr_shift/hc_o,0,304,0.0,0.0
rf_reg[10] + tpr_comparison/hc_o,0,304,0.0,0.0
rf_reg[10] + tpr_logical/hc_o,0,304,0.0,0.0
rf_reg[10] + tcr_arith/hc_o,0,304,0.0,0.0
rf_reg[10] + tcr_branch/hc_o,0,304,0.0,0.0
rf_reg[10] + tcr_jump/hc_o,0,304,0.0,0.0
rf_reg[10] + tcr_shift/hc_o,0,304,0.0,0.0
rf_reg[10] + tcr_comparison/hc_o,0,304,0.0,0.0
rf_reg[10] + tcr_logical/hc_o,0,304,0.0,0.0
alu_operand_b_ex_o_tag + tpr_jump/hc_o,0,304,0.0,0.0
alu_operand_b_ex_o_tag + tpr_shift/hc_o,0,304,0.0,0.0
alu_operand_b_ex_o_tag + tpr_comparison/hc_o,0,304,0.0,0.0
alu_operand_b_ex_o_tag + tpr_logical/hc_o,0,304,0.0,0.0
alu_operand_b_ex_o_tag + tcr_arith/hc_o,0,304,0.0,0.0
alu_operand_b_ex_o_tag + tcr_branch/hc_o,0,304,0.0,0.0
alu_operand_b_ex_o_tag + tcr_jump/hc_o,0,304,0.0,0.0
alu_operand_b_ex_o_tag + tcr_shift/hc_o,0,304,0.0,0.0
alu_operand_b_ex_o_tag + tcr_comparison/hc_o,0,304,0.0,0.0
alu_operand_b_ex_o_tag + tcr_logical/hc_o,0,304,0.0,0.0
rf_reg[11] + tpr_arith/hc_o,0,304,0.0,0.0
rf_reg[11] + tpr_branch/hc_o,0,304,0.0,0.0
rf_reg[11] + tpr_jump/hc_o,0,304,0.0,0.0
rf_reg[11] + tpr_shift/hc_o,0,304,0.0,0.0
rf_reg[11] + tpr_comparison/hc_o,0,304,0.0,0.0
rf_reg[11] + tpr_logical/hc_o,0,304,0.0,0.0
rf_reg[11] + tcr_arith/hc_o,0,304,0.0,0.0
rf_reg[11] + tcr_branch/hc_o,0,304,0.0,0.0
rf_reg[11] + tcr_jump/hc_o,0,304,0.0,0.0
rf_reg[11] + tcr_shift/hc_o,0,304,0.0,0.0
rf_reg[11] + tcr_comparison/hc_o,0,304,0.0,0.0
rf_reg[11] + tcr_logical/hc_o,0,304,0.0,0.0
rf_reg[12] + tpr_arith/hc_o,0,304,0.0,0.0
rf_reg[12] + tpr_branch/hc_o,0,304,0.0,0.0
rf_reg[12] + tpr_jump/hc_o,0,304,0.0,0.0
rf_reg[12] + tpr_shift/hc_o,0,304,0.0,0.0
rf_reg[12] + tpr_comparison/hc_o,0,304,0.0,0.0
rf_reg[12] + tpr_logical/hc_o,0,304,0.0,0.0
rf_reg[12] + tcr_arith/hc_o,0,304,0.0,0.0
rf_reg[12] + tcr_branch/hc_o,0,304,0.0,0.0
rf_reg[12] + tcr_jump/hc_o,0,304,0.0,0.0
rf_reg[12] + tcr_shift/hc_o,0,304,0.0,0.0
rf_reg[12] + tcr_comparison/hc_o,0,304,0.0,0.0
rf_reg[12] + tcr_logical/hc_o,0,304,0.0,0.0
rf_reg[13] + tpr_arith/hc_o,0,304,0.0,0.0
rf_reg[13] + tpr_branch/hc_o,0,304,0.0,0.0
rf_reg[13] + tpr_jump/hc_o,0,304,0.0,0.0
rf_reg[13] + tpr_shift/hc_o,0,304,0.0,0.0
rf_reg[13] + tpr_comparison/hc_o,0,304,0.0,0.0
rf_reg[13] + tpr_logical/hc_o,0,304,0.0,0.0
rf_reg[13] + tcr_arith/hc_o,0,304,0.0,0.0
rf_reg[13] + tcr_branch/hc_o,0,304,0.0,0.0
rf_reg[13] + tcr_jump/hc_o,0,304,0.0,0.0
rf_reg[13] + tcr_shift/hc_o,0,304,0.0,0.0
rf_reg[13] + tcr_comparison/hc_o,0,304,0.0,0.0
rf_reg[13] + tcr_logical/hc_o,0,304,0.0,0.0
rf_reg[14] + tpr_arith/hc_o,0,304,0.0,0.0
rf_reg[14] + tpr_branch/hc_o,0,304,0.0,0.0
rf_reg[14] + tpr_jump/hc_o,0,304,0.0,0.0
rf_reg[14] + tpr_shift/hc_o,0,304,0.0,0.0
rf_reg[14] + tpr_comparison/hc_o,0,304,0.0,0.0
rf_reg[14] + tpr_logical/hc_o,0,304,0.0,0.0
rf_reg[14] + tcr_arith/hc_o,0,304,0.0,0.0
rf_reg[14] + tcr_branch/hc_o,0,304,0.0,0.0
rf_reg[14] + tcr_jump/hc_o,0,304,0.0,0.0
rf_reg[14] + tcr_shift/hc_o,0,304,0.0,0.0
rf_reg[14] + tcr_comparison/hc_o,0,304,0.0,0.0
rf_reg[14] + tcr_logical/hc_o,0,304,0.0,0.0
rf_reg[15] + tpr_arith/hc_o,0,304,0.0,0.0
rf_reg[15] + tpr_branch/hc_o,0,304,0.0,0.0
rf_reg[15] + tpr_jump/hc_o,0,304,0.0,0.0
rf_reg[15] + tpr_shift/hc_o,0,304,0.0,0.0
rf_reg[15] + tpr_comparison/hc_o,0,304,0.0,0.0
rf_reg[15] + tpr_logical/hc_o,0,304,0.0,0.0
rf_reg[15] + tcr_arith/hc_o,0,304,0.0,0.0
rf_reg[15] + tcr_branch/hc_o,0,304,0.0,0.0
rf_reg[15] + tcr_jump/hc_o,0,304,0.0,0.0
rf_reg[15] + tcr_shift/hc_o,0,304,0.0,0.0
rf_reg[15] + tcr_comparison/hc_o,0,304,0.0,0.0
rf_reg[15] + tcr_logical/hc_o,0,304,0.0,0.0
rf_reg[16] + tpr_arith/hc_o,0,304,0.0,0.0
rf_reg[16] + tpr_branch/hc_o,0,304,0.0,0.0
rf_reg[16] + tpr_jump/hc_o,0,304,0.0,0.0
rf_reg[16] + tpr_shift/hc_o,0,304,0.0,0.0
rf_reg[16] + tpr_comparison/hc_o,0,304,0.0,0.0
rf_reg[16] + tpr_logical/hc_o,0,304,0.0,0.0
rf_reg[16] + tcr_arith/hc_o,0,304,0.0,0.0
rf_reg[16] + tcr_branch/hc_o,0,304,0.0,0.0
rf_reg[16] + tcr_jump/hc_o,0,304,0.0,0.0
rf_reg[16] + tcr_shift/hc_o,0,304,0.0,0.0
rf_reg[16] + tcr_comparison/hc_o,0,304,0.0,0.0
rf_reg[16] + tcr_logical/hc_o,0,304,0.0,0.0
rf_reg[17] + tpr_arith/hc_o,0,304,0.0,0.0
rf_reg[17] + tpr_branch/hc_o,0,304,0.0,0.0
rf_reg[17] + tpr_jump/hc_o,0,304,0.0,0.0
rf_reg[17] + tpr_shift/hc_o,0,304,0.0,0.0
rf_reg[17] + tpr_comparison/hc_o,0,304,0.0,0.0
rf_reg[17] + tpr_logical/hc_o,0,304,0.0,0.0
rf_reg[17] + tcr_arith/hc_o,0,304,0.0,0.0
rf_reg[17] + tcr_branch/hc_o,0,304,0.0,0.0
rf_reg[17] + tcr_jump/hc_o,0,304,0.0,0.0
rf_reg[17] + tcr_shift/hc_o,0,304,0.0,0.0
rf_reg[17] + tcr_comparison/hc_o,0,304,0.0,0.0
rf_reg[17] + tcr_logical/hc_o,0,304,0.0,0.0
rf_reg[18] + tpr_arith/hc_o,0,304,0.0,0.0
rf_reg[18] + tpr_branch/hc_o,0,304,0.0,0.0
rf_reg[18] + tpr_jump/hc_o,0,304,0.0,0.0
rf_reg[18] + tpr_shift/hc_o,0,304,0.0,0.0
rf_reg[18] + tpr_comparison/hc_o,0,304,0.0,0.0
rf_reg[18] + tpr_logical/hc_o,0,304,0.0,0.0
rf_reg[18] + tcr_arith/hc_o,0,304,0.0,0.0
rf_reg[18] + tcr_branch/hc_o,0,304,0.0,0.0
rf_reg[18] + tcr_jump/hc_o,0,304,0.0,0.0
rf_reg[18] + tcr_shift/hc_o,0,304,0.0,0.0
rf_reg[18] + tcr_comparison/hc_o,0,304,0.0,0.0
rf_reg[18] + tcr_logical/hc_o,0,304,0.0,0.0
rf_reg[19] + tpr_arith/hc_o,0,304,0.0,0.0
rf_reg[19] + tpr_branch/hc_o,0,304,0.0,0.0
rf_reg[19] + tpr_jump/hc_o,0,304,0.0,0.0
rf_reg[19] + tpr_shift/hc_o,0,304,0.0,0.0
rf_reg[19] + tpr_comparison/hc_o,0,304,0.0,0.0
rf_reg[19] + tpr_logical/hc_o,0,304,0.0,0.0
rf_reg[19] + tcr_arith/hc_o,0,304,0.0,0.0
rf_reg[19] + tcr_branch/hc_o,0,304,0.0,0.0
rf_reg[19] + tcr_jump/hc_o,0,304,0.0,0.0
rf_reg[19] + tcr_shift/hc_o,0,304,0.0,0.0
rf_reg[19] + tcr_comparison/hc_o,0,304,0.0,0.0
rf_reg[19] + tcr_logical/hc_o,0,304,0.0,0.0
rf_reg[20] + tpr_arith/hc_o,0,304,0.0,0.0
rf_reg[20] + tpr_branch/hc_o,0,304,0.0,0.0
rf_reg[20] + tpr_jump/hc_o,0,304,0.0,0.0
rf_reg[20] + tpr_shift/hc_o,0,304,0.0,0.0
rf_reg[20] + tpr_comparison/hc_o,0,304,0.0,0.0
rf_reg[20] + tpr_logical/hc_o,0,304,0.0,0.0
rf_reg[20] + tcr_arith/hc_o,0,304,0.0,0.0
rf_reg[20] + tcr_branch/hc_o,0,304,0.0,0.0
rf_reg[20] + tcr_jump/hc_o,0,304,0.0,0.0
rf_reg[20] + tcr_shift/hc_o,0,304,0.0,0.0
rf_reg[20] + tcr_comparison/hc_o,0,304,0.0,0.0
rf_reg[20] + tcr_logical/hc_o,0,304,0.0,0.0
rf_reg[21] + tpr_arith/hc_o,0,304,0.0,0.0
rf_reg[21] + tpr_branch/hc_o,0,304,0.0,0.0
rf_reg[21] + tpr_jump/hc_o,0,304,0.0,0.0
rf_reg[21] + tpr_shift/hc_o,0,304,0.0,0.0
rf_reg[21] + tpr_comparison/hc_o,0,304,0.0,0.0
rf_reg[21] + tpr_logical/hc_o,0,304,0.0,0.0
rf_reg[21] + tcr_arith/hc_o,0,304,0.0,0.0
rf_reg[21] + tcr_branch/hc_o,0,304,0.0,0.0
rf_reg[21] + tcr_jump/hc_o,0,304,0.0,0.0
rf_reg[21] + tcr_shift/hc_o,0,304,0.0,0.0
rf_reg[21] + tcr_comparison/hc_o,0,304,0.0,0.0
rf_reg[21] + tcr_logical/hc_o,0,304,0.0,0.0
alu_operand_c_ex_o_tag + tpr_arith/hc_o,0,304,0.0,0.0
alu_operand_c_ex_o_tag + tpr_branch/hc_o,0,304,0.0,0.0
alu_operand_c_ex_o_tag + tpr_jump/hc_o,0,304,0.0,0.0
alu_operand_c_ex_o_tag + tpr_shift/hc_o,0,304,0.0,0.0
alu_operand_c_ex_o_tag + tpr_comparison/hc_o,0,304,0.0,0.0
alu_operand_c_ex_o_tag + tpr_logical/hc_o,0,304,0.0,0.0
rf_reg[22] + tpr_arith/hc_o,0,304,0.0,0.0
rf_reg[22] + tpr_branch/hc_o,0,304,0.0,0.0
rf_reg[22] + tpr_jump/hc_o,0,304,0.0,0.0
rf_reg[22] + tpr_shift/hc_o,0,304,0.0,0.0
rf_reg[22] + tpr_comparison/hc_o,0,304,0.0,0.0
rf_reg[22] + tpr_logical/hc_o,0,304,0.0,0.0
rf_reg[22] + tcr_arith/hc_o,0,304,0.0,0.0
rf_reg[22] + tcr_branch/hc_o,0,304,0.0,0.0
rf_reg[22] + tcr_jump/hc_o,0,304,0.0,0.0
rf_reg[22] + tcr_shift/hc_o,0,304,0.0,0.0
rf_reg[22] + tcr_comparison/hc_o,0,304,0.0,0.0
rf_reg[22] + tcr_logical/hc_o,0,304,0.0,0.0
rf_reg[23] + tpr_arith/hc_o,0,304,0.0,0.0
rf_reg[23] + tpr_branch/hc_o,0,304,0.0,0.0
rf_reg[23] + tpr_jump/hc_o,0,304,0.0,0.0
rf_reg[23] + tpr_shift/hc_o,0,304,0.0,0.0
rf_reg[23] + tpr_comparison/hc_o,0,304,0.0,0.0
rf_reg[23] + tpr_logical/hc_o,0,304,0.0,0.0
rf_reg[23] + tcr_arith/hc_o,0,304,0.0,0.0
rf_reg[23] + tcr_branch/hc_o,0,304,0.0,0.0
rf_reg[23] + tcr_jump/hc_o,0,304,0.0,0.0
rf_reg[23] + tcr_shift/hc_o,0,304,0.0,0.0
rf_reg[23] + tcr_comparison/hc_o,0,304,0.0,0.0
rf_reg[23] + tcr_logical/hc_o,0,304,0.0,0.0
rf_reg[24] + tpr_arith/hc_o,0,304,0.0,0.0
rf_reg[24] + tpr_branch/hc_o,0,304,0.0,0.0
rf_reg[24] + tpr_jump/hc_o,0,304,0.0,0.0
rf_reg[24] + tpr_shift/hc_o,0,304,0.0,0.0
rf_reg[24] + tpr_comparison/hc_o,0,304,0.0,0.0
rf_reg[24] + tpr_logical/hc_o,0,304,0.0,0.0
rf_reg[24] + tcr_arith/hc_o,0,304,0.0,0.0
rf_reg[24] + tcr_branch/hc_o,0,304,0.0,0.0
rf_reg[24] + tcr_jump/hc_o,0,304,0.0,0.0
rf_reg[24] + tcr_shift/hc_o,0,304,0.0,0.0
alu_operand_c_ex_o_tag + tcr_arith/hc_o,0,304,0.0,0.0
alu_operand_c_ex_o_tag + tcr_branch/hc_o,0,304,0.0,0.0
alu_operand_c_ex_o_tag + tcr_jump/hc_o,0,304,0.0,0.0
alu_operand_c_ex_o_tag + tcr_shift/hc_o,0,304,0.0,0.0
alu_operand_c_ex_o_tag + tcr_comparison/hc_o,0,304,0.0,0.0
alu_operand_c_ex_o_tag + tcr_logical/hc_o,0,304,0.0,0.0
rf_reg[24] + tcr_comparison/hc_o,0,304,0.0,0.0
rf_reg[24] + tcr_logical/hc_o,0,304,0.0,0.0
rf_reg[25] + tpr_arith/hc_o,0,304,0.0,0.0
rf_reg[25] + tpr_branch/hc_o,0,304,0.0,0.0
rf_reg[25] + tpr_jump/hc_o,0,304,0.0,0.0
rf_reg[25] + tpr_shift/hc_o,0,304,0.0,0.0
rf_reg[25] + tpr_comparison/hc_o,0,304,0.0,0.0
rf_reg[25] + tpr_logical/hc_o,0,304,0.0,0.0
rf_reg[25] + tcr_arith/hc_o,0,304,0.0,0.0
rf_reg[25] + tcr_branch/hc_o,0,304,0.0,0.0
rf_reg[25] + tcr_jump/hc_o,0,304,0.0,0.0
rf_reg[25] + tcr_shift/hc_o,0,304,0.0,0.0
rf_reg[25] + tcr_comparison/hc_o,0,304,0.0,0.0
rf_reg[25] + tcr_logical/hc_o,0,304,0.0,0.0
rf_reg[26] + tpr_arith/hc_o,0,304,0.0,0.0
rf_reg[26] + tpr_branch/hc_o,0,304,0.0,0.0
rf_reg[26] + tpr_jump/hc_o,0,304,0.0,0.0
rf_reg[26] + tpr_shift/hc_o,0,304,0.0,0.0
rf_reg[26] + tpr_comparison/hc_o,0,304,0.0,0.0
rf_reg[26] + tpr_logical/hc_o,0,304,0.0,0.0
rf_reg[26] + tcr_arith/hc_o,0,304,0.0,0.0
rf_reg[26] + tcr_branch/hc_o,0,304,0.0,0.0
rf_reg[26] + tcr_jump/hc_o,0,304,0.0,0.0
rf_reg[26] + tcr_shift/hc_o,0,304,0.0,0.0
rf_reg[26] + tcr_comparison/hc_o,0,304,0.0,0.0
rf_reg[26] + tcr_logical/hc_o,0,304,0.0,0.0
rf_reg[27] + tpr_arith/hc_o,0,304,0.0,0.0
rf_reg[27] + tpr_branch/hc_o,0,304,0.0,0.0
rf_reg[27] + tpr_jump/hc_o,0,304,0.0,0.0
rf_reg[27] + tpr_shift/hc_o,0,304,0.0,0.0
rf_reg[27] + tpr_comparison/hc_o,0,304,0.0,0.0
rf_reg[27] + tpr_logical/hc_o,0,304,0.0,0.0
rf_reg[27] + tcr_arith/hc_o,0,304,0.0,0.0
rf_reg[27] + tcr_branch/hc_o,0,304,0.0,0.0
rf_reg[27] + tcr_jump/hc_o,0,304,0.0,0.0
rf_reg[27] + tcr_shift/hc_o,0,304,0.0,0.0
rf_reg[27] + tcr_comparison/hc_o,0,304,0.0,0.0
rf_reg[27] + tcr_logical/hc_o,0,304,0.0,0.0
rf_reg[28] + tpr_arith/hc_o,0,304,0.0,0.0
rf_reg[28] + tpr_branch/hc_o,0,304,0.0,0.0
rf_reg[28] + tpr_jump/hc_o,0,304,0.0,0.0
rf_reg[28] + tpr_shift/hc_o,0,304,0.0,0.0
rf_reg[28] + tpr_comparison/hc_o,0,304,0.0,0.0
rf_reg[28] + tpr_logical/hc_o,0,304,0.0,0.0
rf_reg[28] + tcr_arith/hc_o,0,304,0.0,0.0
rf_reg[28] + tcr_branch/hc_o,0,304,0.0,0.0
rf_reg[28] + tcr_jump/hc_o,0,304,0.0,0.0
rf_reg[28] + tcr_shift/hc_o,0,304,0.0,0.0
rf_reg[28] + tcr_comparison/hc_o,0,304,0.0,0.0
rf_reg[28] + tcr_logical/hc_o,0,304,0.0,0.0
rf_reg[29] + tpr_arith/hc_o,0,304,0.0,0.0
rf_reg[29] + tpr_branch/hc_o,0,304,0.0,0.0
rf_reg[29] + tpr_jump/hc_o,0,304,0.0,0.0
rf_reg[29] + tpr_shift/hc_o,0,304,0.0,0.0
rf_reg[29] + tpr_comparison/hc_o,0,304,0.0,0.0
rf_reg[29] + tpr_logical/hc_o,0,304,0.0,0.0
rf_reg[29] + tcr_arith/hc_o,0,304,0.0,0.0
rf_reg[29] + tcr_branch/hc_o,0,304,0.0,0.0
rf_reg[29] + tcr_jump/hc_o,0,304,0.0,0.0
rf_reg[29] + tcr_shift/hc_o,0,304,0.0,0.0
rf_reg[29] + tcr_comparison/hc_o,0,304,0.0,0.0
rf_reg[29] + tcr_logical/hc_o,0,304,0.0,0.0
rf_reg[30] + tpr_arith/hc_o,0,304,0.0,0.0
rf_reg[30] + tpr_branch/hc_o,0,304,0.0,0.0
rf_reg[30] + tpr_jump/hc_o,0,304,0.0,0.0
rf_reg[30] + tpr_shift/hc_o,0,304,0.0,0.0
rf_reg[30] + tpr_comparison/hc_o,0,304,0.0,0.0
rf_reg[30] + tpr_logical/hc_o,0,304,0.0,0.0
rf_reg[30] + tcr_arith/hc_o,0,304,0.0,0.0
rf_reg[30] + tcr_branch/hc_o,0,304,0.0,0.0
rf_reg[30] + tcr_jump/hc_o,0,304,0.0,0.0
rf_reg[30] + tcr_shift/hc_o,0,304,0.0,0.0
rf_reg[30] + tcr_comparison/hc_o,0,304,0.0,0.0
rf_reg[30] + tcr_logical/hc_o,0,304,0.0,0.0
rf_reg[31] + tpr_arith/hc_o,0,304,0.0,0.0
rf_reg[31] + tpr_branch/hc_o,0,304,0.0,0.0
rf_reg[31] + tpr_jump/hc_o,0,304,0.0,0.0
rf_reg[31] + tpr_shift/hc_o,0,304,0.0,0.0
rf_reg[31] + tpr_comparison/hc_o,0,304,0.0,0.0
rf_reg[31] + tpr_logical/hc_o,0,304,0.0,0.0
rf_reg[31] + tcr_arith/hc_o,0,304,0.0,0.0
rf_reg[31] + tcr_branch/hc_o,0,304,0.0,0.0
rf_reg[31] + tcr_jump/hc_o,0,304,0.0,0.0
rf_reg[31] + tcr_shift/hc_o,0,304,0.0,0.0
rf_reg[31] + tcr_comparison/hc_o,0,304,0.0,0.0
rf_reg[31] + tcr_logical/hc_o,0,304,0.0,0.0
rs1_o_tag + tpr_arith/hc_o,0,304,0.0,0.0
rs1_o_tag + tpr_branch/hc_o,0,304,0.0,0.0
rs1_o_tag + tpr_jump/hc_o,0,304,0.0,0.0
rs1_o_tag + tpr_shift/hc_o,0,304,0.0,0.0
rs1_o_tag + tpr_comparison/hc_o,0,304,0.0,0.0
rs1_o_tag + tpr_logical/hc_o,0,304,0.0,0.0
rs1_o_tag + tcr_arith/hc_o,0,304,0.0,0.0
rs1_o_tag + tcr_branch/hc_o,0,304,0.0,0.0
rs1_o_tag + tcr_jump/hc_o,0,304,0.0,0.0
rs1_o_tag + tcr_shift/hc_o,0,304,0.0,0.0
rs1_o_tag + tcr_comparison/hc_o,0,304,0.0,0.0
rs1_o_tag + tcr_logical/hc_o,0,304,0.0,0.0
data_we_q_tag + tpr_arith/hc_o,0,304,0.0,0.0
data_we_q_tag + tpr_branch/hc_o,0,304,0.0,0.0
data_we_q_tag + tpr_jump/hc_o,0,304,0.0,0.0
data_we_q_tag + tpr_shift/hc_o,0,304,0.0,0.0
data_we_q_tag + tpr_comparison/hc_o,0,304,0.0,0.0
data_we_q_tag + tpr_logical/hc_o,0,304,0.0,0.0
data_we_q_tag + tcr_arith/hc_o,0,304,0.0,0.0
data_we_q_tag + tcr_branch/hc_o,0,304,0.0,0.0
data_we_q_tag + tcr_jump/hc_o,0,304,0.0,0.0
data_we_q_tag + tcr_shift/hc_o,0,304,0.0,0.0
data_we_q_tag + tcr_comparison/hc_o,0,304,0.0,0.0
data_we_q_tag + tcr_logical/hc_o,0,304,0.0,0.0
check_d_o_tag + tpr_arith/hc_o,0,304,0.0,0.0
check_d_o_tag + tpr_branch/hc_o,0,304,0.0,0.0
check_d_o_tag + tpr_jump/hc_o,0,304,0.0,0.0
check_d_o_tag + tpr_shift/hc_o,0,304,0.0,0.0
check_d_o_tag + tpr_comparison/hc_o,0,304,0.0,0.0
check_d_o_tag + tpr_logical/hc_o,0,304,0.0,0.0
check_d_o_tag + tcr_arith/hc_o,0,304,0.0,0.0
check_d_o_tag + tcr_branch/hc_o,0,304,0.0,0.0
check_d_o_tag + tcr_jump/hc_o,0,304,0.0,0.0
check_d_o_tag + tcr_shift/hc_o,0,304,0.0,0.0
check_d_o_tag + tcr_comparison/hc_o,0,304,0.0,0.0
check_d_o_tag + tcr_logical/hc_o,0,304,0.0,0.0
pc_id_o_tag + tpr_arith/hc_o,0,304,0.0,0.0
pc_id_o_tag + tpr_branch/hc_o,0,304,0.0,0.0
pc_id_o_tag + tpr_jump/hc_o,0,304,0.0,0.0
pc_id_o_tag + tpr_shift/hc_o,0,304,0.0,0.0
pc_id_o_tag + tpr_comparison/hc_o,0,304,0.0,0.0
pc_id_o_tag + tpr_logical/hc_o,0,304,0.0,0.0
pc_id_o_tag + tcr_arith/hc_o,0,304,0.0,0.0
pc_id_o_tag + tcr_branch/hc_o,0,304,0.0,0.0
pc_id_o_tag + tcr_jump/hc_o,0,304,0.0,0.0
pc_id_o_tag + tcr_shift/hc_o,0,304,0.0,0.0
check_s1_o_tag + tpr_arith/hc_o,0,304,0.0,0.0
check_s1_o_tag + tpr_branch/hc_o,0,304,0.0,0.0
check_s1_o_tag + tpr_jump/hc_o,0,304,0.0,0.0
check_s1_o_tag + tpr_shift/hc_o,0,304,0.0,0.0
check_s1_o_tag + tpr_comparison/hc_o,0,304,0.0,0.0
check_s1_o_tag + tpr_logical/hc_o,0,304,0.0,0.0
check_s1_o_tag + tcr_arith/hc_o,0,304,0.0,0.0
check_s1_o_tag + tcr_branch/hc_o,0,304,0.0,0.0
check_s1_o_tag + tcr_jump/hc_o,0,304,0.0,0.0
check_s1_o_tag + tcr_shift/hc_o,0,304,0.0,0.0
check_s1_o_tag + tcr_comparison/hc_o,0,304,0.0,0.0
check_s1_o_tag + tcr_logical/hc_o,0,304,0.0,0.0
check_s2_o_tag + tpr_arith/hc_o,0,304,0.0,0.0
check_s2_o_tag + tpr_branch/hc_o,0,304,0.0,0.0
check_s2_o_tag + tpr_jump/hc_o,0,304,0.0,0.0
check_s2_o_tag + tpr_shift/hc_o,0,304,0.0,0.0
check_s2_o_tag + tpr_comparison/hc_o,0,304,0.0,0.0
check_s2_o_tag + tpr_logical/hc_o,0,304,0.0,0.0
check_s2_o_tag + tcr_arith/hc_o,0,304,0.0,0.0
check_s2_o_tag + tcr_branch/hc_o,0,304,0.0,0.0
check_s2_o_tag + tcr_jump/hc_o,0,304,0.0,0.0
check_s2_o_tag + tcr_shift/hc_o,0,304,0.0,0.0
check_s2_o_tag + tcr_comparison/hc_o,0,304,0.0,0.0
check_s2_o_tag + tcr_logical/hc_o,0,304,0.0,0.0
is_store_post_o_tag + tpr_arith/hc_o,0,304,0.0,0.0
is_store_post_o_tag + tpr_branch/hc_o,0,304,0.0,0.0
is_store_post_o_tag + tpr_jump/hc_o,0,304,0.0,0.0
is_store_post_o_tag + tpr_shift/hc_o,0,304,0.0,0.0
is_store_post_o_tag + tpr_comparison/hc_o,0,304,0.0,0.0
is_store_post_o_tag + tpr_logical/hc_o,0,304,0.0,0.0
pc_id_o_tag + tcr_comparison/hc_o,0,304,0.0,0.0
pc_id_o_tag + tcr_logical/hc_o,0,304,0.0,0.0
is_store_post_o_tag + tcr_arith/hc_o,0,304,0.0,0.0
is_store_post_o_tag + tcr_branch/hc_o,0,304,0.0,0.0
is_store_post_o_tag + tcr_jump/hc_o,0,304,0.0,0.0
is_store_post_o_tag + tcr_shift/hc_o,0,304,0.0,0.0
is_store_post_o_tag + tcr_comparison/hc_o,0,304,0.0,0.0
is_store_post_o_tag + tcr_logical/hc_o,0,304,0.0,0.0
memory_set_o_tag + tpr_arith/hc_o,0,304,0.0,0.0
memory_set_o_tag + tpr_branch/hc_o,0,304,0.0,0.0
memory_set_o_tag + tpr_jump/hc_o,0,304,0.0,0.0
memory_set_o_tag + tpr_shift/hc_o,0,304,0.0,0.0
memory_set_o_tag + tpr_comparison/hc_o,0,304,0.0,0.0
memory_set_o_tag + tpr_logical/hc_o,0,304,0.0,0.0
memory_set_o_tag + tcr_arith/hc_o,0,304,0.0,0.0
memory_set_o_tag + tcr_branch/hc_o,0,304,0.0,0.0
memory_set_o_tag + tcr_jump/hc_o,0,304,0.0,0.0
memory_set_o_tag + tcr_shift/hc_o,0,304,0.0,0.0
memory_set_o_tag + tcr_comparison/hc_o,0,304,0.0,0.0
memory_set_o_tag + tcr_logical/hc_o,0,304,0.0,0.0
pc_if_o_tag + tpr_arith/hc_o,0,304,0.0,0.0
pc_if_o_tag + tpr_branch/hc_o,0,304,0.0,0.0
pc_if_o_tag + tpr_jump/hc_o,0,304,0.0,0.0
pc_if_o_tag + tpr_shift/hc_o,0,304,0.0,0.0
pc_if_o_tag + tpr_comparison/hc_o,0,304,0.0,0.0
pc_if_o_tag + tpr_logical/hc_o,0,304,0.0,0.0
pc_if_o_tag + tcr_arith/hc_o,0,304,0.0,0.0
pc_if_o_tag + tcr_branch/hc_o,0,304,0.0,0.0
pc_if_o_tag + tcr_jump/hc_o,0,304,0.0,0.0
pc_if_o_tag + tcr_shift/hc_o,0,304,0.0,0.0
pc_if_o_tag + tcr_comparison/hc_o,0,304,0.0,0.0
pc_if_o_tag + tcr_logical/hc_o,0,304,0.0,0.0
csr_group10/hc_o + pc_if_o_tag,0,304,0.0,0.0
csr_group11/hc_o + pc_if_o_tag,0,304,0.0,0.0
csr_group13/hc_o + pc_if_o_tag,0,304,0.0,0.0
csr_group16/hc_o + pc_if_o_tag,0,304,0.0,0.0
csr_group17/hc_o + pc_if_o_tag,0,304,0.0,0.0
lsu_group1/hc_o + pc_if_o_tag,0,304,0.0,0.0
lsu_group2/hc_o + pc_if_o_tag,0,304,0.0,0.0
lsu_group3/hc_o + pc_if_o_tag,0,304,0.0,0.0
lsu_group4/hc_o + pc_if_o_tag,0,304,0.0,0.0
lsu_group5/hc_o + pc_if_o_tag,0,304,0.0,0.0
alu_operand_a_ex_o_tag + id_group6/hc_o,0,304,0.0,0.0
alu_operand_a_ex_o_tag + id_group7/hc_o,0,304,0.0,0.0
alu_operand_a_ex_o_tag + id_group8/hc_o,0,304,0.0,0.0
id_group6/hc_o + register_set_o_tag,0,304,0.0,0.0
id_group7/hc_o + register_set_o_tag,0,304,0.0,0.0
id_group8/hc_o + register_set_o_tag,0,304,0.0,0.0
csr_group0/hc_o + register_set_o_tag,0,304,0.0,0.0
csr_group1/hc_o + register_set_o_tag,0,304,0.0,0.0
csr_group2/hc_o + register_set_o_tag,0,304,0.0,0.0
csr_group3/hc_o + register_set_o_tag,0,304,0.0,0.0
csr_group4/hc_o + register_set_o_tag,0,304,0.0,0.0
csr_group5/hc_o + register_set_o_tag,0,304,0.0,0.0
csr_group6/hc_o + register_set_o_tag,0,304,0.0,0.0
csr_group7/hc_o + register_set_o_tag,0,304,0.0,0.0
csr_group8/hc_o + register_set_o_tag,0,304,0.0,0.0
csr_group9/hc_o + register_set_o_tag,0,304,0.0,0.0
csr_group10/hc_o + register_set_o_tag,0,304,0.0,0.0
csr_group11/hc_o + register_set_o_tag,0,304,0.0,0.0
csr_group13/hc_o + register_set_o_tag,0,304,0.0,0.0
csr_group16/hc_o + register_set_o_tag,0,304,0.0,0.0
csr_group17/hc_o + register_set_o_tag,0,304,0.0,0.0
lsu_group1/hc_o + register_set_o_tag,0,304,0.0,0.0
lsu_group2/hc_o + register_set_o_tag,0,304,0.0,0.0
lsu_group3/hc_o + register_set_o_tag,0,304,0.0,0.0
lsu_group4/hc_o + register_set_o_tag,0,304,0.0,0.0
lsu_group5/hc_o + register_set_o_tag,0,304,0.0,0.0
id_group6/hc_o + store_dest_addr_ex_o_tag,0,304,0.0,0.0
id_group7/hc_o + store_dest_addr_ex_o_tag,0,304,0.0,0.0
id_group8/hc_o + store_dest_addr_ex_o_tag,0,304,0.0,0.0
csr_group0/hc_o + store_dest_addr_ex_o_tag,0,304,0.0,0.0
csr_group1/hc_o + store_dest_addr_ex_o_tag,0,304,0.0,0.0
csr_group2/hc_o + store_dest_addr_ex_o_tag,0,304,0.0,0.0
csr_group3/hc_o + store_dest_addr_ex_o_tag,0,304,0.0,0.0
csr_group4/hc_o + store_dest_addr_ex_o_tag,0,304,0.0,0.0
alu_operand_a_ex_o_tag + csr_group0/hc_o,0,304,0.0,0.0
alu_operand_a_ex_o_tag + csr_group1/hc_o,0,304,0.0,0.0
alu_operand_a_ex_o_tag + csr_group2/hc_o,0,304,0.0,0.0
alu_operand_a_ex_o_tag + csr_group3/hc_o,0,304,0.0,0.0
alu_operand_a_ex_o_tag + csr_group4/hc_o,0,304,0.0,0.0
alu_operand_a_ex_o_tag + csr_group5/hc_o,0,304,0.0,0.0
alu_operand_a_ex_o_tag + csr_group6/hc_o,0,304,0.0,0.0
alu_operand_a_ex_o_tag + csr_group7/hc_o,0,304,0.0,0.0
alu_operand_a_ex_o_tag + csr_group8/hc_o,0,304,0.0,0.0
alu_operand_a_ex_o_tag + csr_group9/hc_o,0,304,0.0,0.0
alu_operand_a_ex_o_tag + csr_group10/hc_o,0,304,0.0,0.0
csr_group5/hc_o + store_dest_addr_ex_o_tag,0,304,0.0,0.0
csr_group6/hc_o + store_dest_addr_ex_o_tag,0,304,0.0,0.0
csr_group7/hc_o + store_dest_addr_ex_o_tag,0,304,0.0,0.0
csr_group8/hc_o + store_dest_addr_ex_o_tag,0,304,0.0,0.0
csr_group9/hc_o + store_dest_addr_ex_o_tag,0,304,0.0,0.0
csr_group10/hc_o + store_dest_addr_ex_o_tag,0,304,0.0,0.0
csr_group11/hc_o + store_dest_addr_ex_o_tag,0,304,0.0,0.0
csr_group13/hc_o + store_dest_addr_ex_o_tag,0,304,0.0,0.0
csr_group16/hc_o + store_dest_addr_ex_o_tag,0,304,0.0,0.0
csr_group17/hc_o + store_dest_addr_ex_o_tag,0,304,0.0,0.0
lsu_group1/hc_o + store_dest_addr_ex_o_tag,0,304,0.0,0.0
lsu_group2/hc_o + store_dest_addr_ex_o_tag,0,304,0.0,0.0
lsu_group3/hc_o + store_dest_addr_ex_o_tag,0,304,0.0,0.0
lsu_group4/hc_o + store_dest_addr_ex_o_tag,0,304,0.0,0.0
lsu_group5/hc_o + store_dest_addr_ex_o_tag,0,304,0.0,0.0
id_group6/hc_o + store_source_ex_o_tag,0,304,0.0,0.0
id_group7/hc_o + store_source_ex_o_tag,0,304,0.0,0.0
id_group8/hc_o + store_source_ex_o_tag,0,304,0.0,0.0
csr_group0/hc_o + store_source_ex_o_tag,0,304,0.0,0.0
csr_group1/hc_o + store_source_ex_o_tag,0,304,0.0,0.0
csr_group2/hc_o + store_source_ex_o_tag,0,304,0.0,0.0
csr_group3/hc_o + store_source_ex_o_tag,0,304,0.0,0.0
csr_group4/hc_o + store_source_ex_o_tag,0,304,0.0,0.0
csr_group5/hc_o + store_source_ex_o_tag,0,304,0.0,0.0
csr_group6/hc_o + store_source_ex_o_tag,0,304,0.0,0.0
csr_group7/hc_o + store_source_ex_o_tag,0,304,0.0,0.0
csr_group8/hc_o + store_source_ex_o_tag,0,304,0.0,0.0
csr_group9/hc_o + store_source_ex_o_tag,0,304,0.0,0.0
csr_group10/hc_o + store_source_ex_o_tag,0,304,0.0,0.0
csr_group11/hc_o + store_source_ex_o_tag,0,304,0.0,0.0
csr_group13/hc_o + store_source_ex_o_tag,0,304,0.0,0.0
csr_group16/hc_o + store_source_ex_o_tag,0,304,0.0,0.0
csr_group17/hc_o + store_source_ex_o_tag,0,304,0.0,0.0
lsu_group1/hc_o + store_source_ex_o_tag,0,304,0.0,0.0
lsu_group2/hc_o + store_source_ex_o_tag,0,304,0.0,0.0
lsu_group3/hc_o + store_source_ex_o_tag,0,304,0.0,0.0
lsu_group4/hc_o + store_source_ex_o_tag,0,304,0.0,0.0
lsu_group5/hc_o + store_source_ex_o_tag,0,304,0.0,0.0
id_group6/hc_o + use_store_ops_ex_o,0,304,0.0,0.0
id_group7/hc_o + use_store_ops_ex_o,0,304,0.0,0.0
id_group8/hc_o + use_store_ops_ex_o,0,304,0.0,0.0
csr_group0/hc_o + use_store_ops_ex_o,0,304,0.0,0.0
csr_group1/hc_o + use_store_ops_ex_o,0,304,0.0,0.0
csr_group2/hc_o + use_store_ops_ex_o,0,304,0.0,0.0
csr_group3/hc_o + use_store_ops_ex_o,0,304,0.0,0.0
csr_group4/hc_o + use_store_ops_ex_o,0,304,0.0,0.0
csr_group5/hc_o + use_store_ops_ex_o,0,304,0.0,0.0
csr_group6/hc_o + use_store_ops_ex_o,0,304,0.0,0.0
csr_group7/hc_o + use_store_ops_ex_o,0,304,0.0,0.0
csr_group8/hc_o + use_store_ops_ex_o,0,304,0.0,0.0
csr_group9/hc_o + use_store_ops_ex_o,0,304,0.0,0.0
csr_group10/hc_o + use_store_ops_ex_o,0,304,0.0,0.0
csr_group11/hc_o + use_store_ops_ex_o,0,304,0.0,0.0
csr_group13/hc_o + use_store_ops_ex_o,0,304,0.0,0.0
csr_group16/hc_o + use_store_ops_ex_o,0,304,0.0,0.0
csr_group17/hc_o + use_store_ops_ex_o,0,304,0.0,0.0
alu_operand_a_ex_o_tag + csr_group11/hc_o,0,304,0.0,0.0
alu_operand_a_ex_o_tag + csr_group13/hc_o,0,304,0.0,0.0
alu_operand_a_ex_o_tag + csr_group16/hc_o,0,304,0.0,0.0
alu_operand_a_ex_o_tag + csr_group17/hc_o,0,304,0.0,0.0
alu_operand_a_ex_o_tag + lsu_group1/hc_o,0,304,0.0,0.0
alu_operand_a_ex_o_tag + lsu_group2/hc_o,0,304,0.0,0.0
alu_operand_a_ex_o_tag + lsu_group3/hc_o,0,304,0.0,0.0
alu_operand_a_ex_o_tag + lsu_group4/hc_o,0,304,0.0,0.0
lsu_group1/hc_o + use_store_ops_ex_o,0,304,0.0,0.0
lsu_group2/hc_o + use_store_ops_ex_o,0,304,0.0,0.0
lsu_group3/hc_o + use_store_ops_ex_o,0,304,0.0,0.0
lsu_group4/hc_o + use_store_ops_ex_o,0,304,0.0,0.0
lsu_group5/hc_o + use_store_ops_ex_o,0,304,0.0,0.0
id_group6/hc_o + rf_reg[0],0,304,0.0,0.0
id_group7/hc_o + rf_reg[0],0,304,0.0,0.0
id_group8/hc_o + rf_reg[0],0,304,0.0,0.0
csr_group0/hc_o + rf_reg[0],0,304,0.0,0.0
csr_group1/hc_o + rf_reg[0],0,304,0.0,0.0
csr_group2/hc_o + rf_reg[0],0,304,0.0,0.0
csr_group3/hc_o + rf_reg[0],0,304,0.0,0.0
csr_group4/hc_o + rf_reg[0],0,304,0.0,0.0
csr_group5/hc_o + rf_reg[0],0,304,0.0,0.0
csr_group6/hc_o + rf_reg[0],0,304,0.0,0.0
csr_group7/hc_o + rf_reg[0],0,304,0.0,0.0
csr_group8/hc_o + rf_reg[0],0,304,0.0,0.0
csr_group9/hc_o + rf_reg[0],0,304,0.0,0.0
csr_group10/hc_o + rf_reg[0],0,304,0.0,0.0
csr_group11/hc_o + rf_reg[0],0,304,0.0,0.0
csr_group13/hc_o + rf_reg[0],0,304,0.0,0.0
csr_group16/hc_o + rf_reg[0],0,304,0.0,0.0
csr_group17/hc_o + rf_reg[0],0,304,0.0,0.0
lsu_group1/hc_o + rf_reg[0],0,304,0.0,0.0
lsu_group2/hc_o + rf_reg[0],0,304,0.0,0.0
lsu_group3/hc_o + rf_reg[0],0,304,0.0,0.0
lsu_group4/hc_o + rf_reg[0],0,304,0.0,0.0
lsu_group5/hc_o + rf_reg[0],0,304,0.0,0.0
id_group6/hc_o + rf_reg[1],0,304,0.0,0.0
id_group7/hc_o + rf_reg[1],0,304,0.0,0.0
id_group8/hc_o + rf_reg[1],0,304,0.0,0.0
csr_group0/hc_o + rf_reg[1],0,304,0.0,0.0
csr_group1/hc_o + rf_reg[1],0,304,0.0,0.0
csr_group2/hc_o + rf_reg[1],0,304,0.0,0.0
csr_group3/hc_o + rf_reg[1],0,304,0.0,0.0
csr_group4/hc_o + rf_reg[1],0,304,0.0,0.0
csr_group5/hc_o + rf_reg[1],0,304,0.0,0.0
csr_group6/hc_o + rf_reg[1],0,304,0.0,0.0
csr_group7/hc_o + rf_reg[1],0,304,0.0,0.0
csr_group8/hc_o + rf_reg[1],0,304,0.0,0.0
csr_group9/hc_o + rf_reg[1],0,304,0.0,0.0
csr_group10/hc_o + rf_reg[1],0,304,0.0,0.0
csr_group11/hc_o + rf_reg[1],0,304,0.0,0.0
csr_group13/hc_o + rf_reg[1],0,304,0.0,0.0
csr_group16/hc_o + rf_reg[1],0,304,0.0,0.0
csr_group17/hc_o + rf_reg[1],0,304,0.0,0.0
lsu_group1/hc_o + rf_reg[1],0,304,0.0,0.0
lsu_group2/hc_o + rf_reg[1],0,304,0.0,0.0
lsu_group3/hc_o + rf_reg[1],0,304,0.0,0.0
lsu_group4/hc_o + rf_reg[1],0,304,0.0,0.0
lsu_group5/hc_o + rf_reg[1],0,304,0.0,0.0
alu_operand_a_ex_o_tag + lsu_group5/hc_o,0,304,0.0,0.0
id_group6/hc_o + rf_reg[2],0,304,0.0,0.0
id_group7/hc_o + rf_reg[2],0,304,0.0,0.0
id_group8/hc_o + rf_reg[2],0,304,0.0,0.0
csr_group0/hc_o + rf_reg[2],0,304,0.0,0.0
csr_group1/hc_o + rf_reg[2],0,304,0.0,0.0
csr_group2/hc_o + rf_reg[2],0,304,0.0,0.0
csr_group3/hc_o + rf_reg[2],0,304,0.0,0.0
csr_group4/hc_o + rf_reg[2],0,304,0.0,0.0
csr_group5/hc_o + rf_reg[2],0,304,0.0,0.0
csr_group6/hc_o + rf_reg[2],0,304,0.0,0.0
csr_group7/hc_o + rf_reg[2],0,304,0.0,0.0
csr_group8/hc_o + rf_reg[2],0,304,0.0,0.0
csr_group9/hc_o + rf_reg[2],0,304,0.0,0.0
csr_group10/hc_o + rf_reg[2],0,304,0.0,0.0
csr_group11/hc_o + rf_reg[2],0,304,0.0,0.0
csr_group13/hc_o + rf_reg[2],0,304,0.0,0.0
csr_group16/hc_o + rf_reg[2],0,304,0.0,0.0
csr_group17/hc_o + rf_reg[2],0,304,0.0,0.0
lsu_group1/hc_o + rf_reg[2],0,304,0.0,0.0
lsu_group2/hc_o + rf_reg[2],0,304,0.0,0.0
lsu_group3/hc_o + rf_reg[2],0,304,0.0,0.0
lsu_group4/hc_o + rf_reg[2],0,304,0.0,0.0
lsu_group5/hc_o + rf_reg[2],0,304,0.0,0.0
id_group6/hc_o + rf_reg[3],0,304,0.0,0.0
id_group7/hc_o + rf_reg[3],0,304,0.0,0.0
id_group8/hc_o + rf_reg[3],0,304,0.0,0.0
csr_group0/hc_o + rf_reg[3],0,304,0.0,0.0
csr_group1/hc_o + rf_reg[3],0,304,0.0,0.0
csr_group2/hc_o + rf_reg[3],0,304,0.0,0.0
csr_group3/hc_o + rf_reg[3],0,304,0.0,0.0
csr_group4/hc_o + rf_reg[3],0,304,0.0,0.0
csr_group5/hc_o + rf_reg[3],0,304,0.0,0.0
csr_group6/hc_o + rf_reg[3],0,304,0.0,0.0
csr_group7/hc_o + rf_reg[3],0,304,0.0,0.0
csr_group8/hc_o + rf_reg[3],0,304,0.0,0.0
csr_group9/hc_o + rf_reg[3],0,304,0.0,0.0
csr_group10/hc_o + rf_reg[3],0,304,0.0,0.0
csr_group11/hc_o + rf_reg[3],0,304,0.0,0.0
csr_group13/hc_o + rf_reg[3],0,304,0.0,0.0
csr_group16/hc_o + rf_reg[3],0,304,0.0,0.0
csr_group17/hc_o + rf_reg[3],0,304,0.0,0.0
lsu_group1/hc_o + rf_reg[3],0,304,0.0,0.0
lsu_group2/hc_o + rf_reg[3],0,304,0.0,0.0
lsu_group3/hc_o + rf_reg[3],0,304,0.0,0.0
lsu_group4/hc_o + rf_reg[3],0,304,0.0,0.0
lsu_group5/hc_o + rf_reg[3],0,304,0.0,0.0
id_group6/hc_o + rf_reg[4],0,304,0.0,0.0
id_group7/hc_o + rf_reg[4],0,304,0.0,0.0
id_group8/hc_o + rf_reg[4],0,304,0.0,0.0
csr_group0/hc_o + rf_reg[4],0,304,0.0,0.0
csr_group1/hc_o + rf_reg[4],0,304,0.0,0.0
csr_group2/hc_o + rf_reg[4],0,304,0.0,0.0
csr_group3/hc_o + rf_reg[4],0,304,0.0,0.0
csr_group4/hc_o + rf_reg[4],0,304,0.0,0.0
csr_group5/hc_o + rf_reg[4],0,304,0.0,0.0
csr_group6/hc_o + rf_reg[4],0,304,0.0,0.0
csr_group7/hc_o + rf_reg[4],0,304,0.0,0.0
csr_group8/hc_o + rf_reg[4],0,304,0.0,0.0
csr_group9/hc_o + rf_reg[4],0,304,0.0,0.0
csr_group10/hc_o + rf_reg[4],0,304,0.0,0.0
csr_group11/hc_o + rf_reg[4],0,304,0.0,0.0
csr_group13/hc_o + rf_reg[4],0,304,0.0,0.0
csr_group16/hc_o + rf_reg[4],0,304,0.0,0.0
csr_group17/hc_o + rf_reg[4],0,304,0.0,0.0
lsu_group1/hc_o + rf_reg[4],0,304,0.0,0.0
lsu_group2/hc_o + rf_reg[4],0,304,0.0,0.0
lsu_group3/hc_o + rf_reg[4],0,304,0.0,0.0
lsu_group4/hc_o + rf_reg[4],0,304,0.0,0.0
lsu_group5/hc_o + rf_reg[4],0,304,0.0,0.0
id_group6/hc_o + rf_reg[5],0,304,0.0,0.0
id_group7/hc_o + rf_reg[5],0,304,0.0,0.0
id_group8/hc_o + rf_reg[5],0,304,0.0,0.0
csr_group0/hc_o + rf_reg[5],0,304,0.0,0.0
csr_group1/hc_o + rf_reg[5],0,304,0.0,0.0
csr_group2/hc_o + rf_reg[5],0,304,0.0,0.0
csr_group3/hc_o + rf_reg[5],0,304,0.0,0.0
csr_group4/hc_o + rf_reg[5],0,304,0.0,0.0
csr_group5/hc_o + rf_reg[5],0,304,0.0,0.0
csr_group6/hc_o + rf_reg[5],0,304,0.0,0.0
csr_group7/hc_o + rf_reg[5],0,304,0.0,0.0
csr_group8/hc_o + rf_reg[5],0,304,0.0,0.0
csr_group9/hc_o + rf_reg[5],0,304,0.0,0.0
csr_group10/hc_o + rf_reg[5],0,304,0.0,0.0
csr_group11/hc_o + rf_reg[5],0,304,0.0,0.0
csr_group13/hc_o + rf_reg[5],0,304,0.0,0.0
csr_group16/hc_o + rf_reg[5],0,304,0.0,0.0
csr_group17/hc_o + rf_reg[5],0,304,0.0,0.0
lsu_group1/hc_o + rf_reg[5],0,304,0.0,0.0
lsu_group2/hc_o + rf_reg[5],0,304,0.0,0.0
lsu_group3/hc_o + rf_reg[5],0,304,0.0,0.0
lsu_group4/hc_o + rf_reg[5],0,304,0.0,0.0
lsu_group5/hc_o + rf_reg[5],0,304,0.0,0.0
id_group6/hc_o + rf_reg[6],0,304,0.0,0.0
id_group7/hc_o + rf_reg[6],0,304,0.0,0.0
id_group8/hc_o + rf_reg[6],0,304,0.0,0.0
csr_group0/hc_o + rf_reg[6],0,304,0.0,0.0
csr_group1/hc_o + rf_reg[6],0,304,0.0,0.0
csr_group2/hc_o + rf_reg[6],0,304,0.0,0.0
csr_group3/hc_o + rf_reg[6],0,304,0.0,0.0
csr_group4/hc_o + rf_reg[6],0,304,0.0,0.0
csr_group5/hc_o + rf_reg[6],0,304,0.0,0.0
csr_group6/hc_o + rf_reg[6],0,304,0.0,0.0
csr_group7/hc_o + rf_reg[6],0,304,0.0,0.0
csr_group8/hc_o + rf_reg[6],0,304,0.0,0.0
csr_group9/hc_o + rf_reg[6],0,304,0.0,0.0
csr_group10/hc_o + rf_reg[6],0,304,0.0,0.0
csr_group11/hc_o + rf_reg[6],0,304,0.0,0.0
alu_operand_b_ex_o_tag + id_group6/hc_o,0,304,0.0,0.0
alu_operand_b_ex_o_tag + id_group7/hc_o,0,304,0.0,0.0
alu_operand_b_ex_o_tag + id_group8/hc_o,0,304,0.0,0.0
csr_group13/hc_o + rf_reg[6],0,304,0.0,0.0
csr_group16/hc_o + rf_reg[6],0,304,0.0,0.0
csr_group17/hc_o + rf_reg[6],0,304,0.0,0.0
lsu_group1/hc_o + rf_reg[6],0,304,0.0,0.0
lsu_group2/hc_o + rf_reg[6],0,304,0.0,0.0
lsu_group3/hc_o + rf_reg[6],0,304,0.0,0.0
lsu_group4/hc_o + rf_reg[6],0,304,0.0,0.0
lsu_group5/hc_o + rf_reg[6],0,304,0.0,0.0
id_group6/hc_o + rf_reg[7],0,304,0.0,0.0
id_group7/hc_o + rf_reg[7],0,304,0.0,0.0
id_group8/hc_o + rf_reg[7],0,304,0.0,0.0
csr_group0/hc_o + rf_reg[7],0,304,0.0,0.0
csr_group1/hc_o + rf_reg[7],0,304,0.0,0.0
csr_group2/hc_o + rf_reg[7],0,304,0.0,0.0
csr_group3/hc_o + rf_reg[7],0,304,0.0,0.0
csr_group4/hc_o + rf_reg[7],0,304,0.0,0.0
csr_group5/hc_o + rf_reg[7],0,304,0.0,0.0
csr_group6/hc_o + rf_reg[7],0,304,0.0,0.0
csr_group7/hc_o + rf_reg[7],0,304,0.0,0.0
csr_group8/hc_o + rf_reg[7],0,304,0.0,0.0
csr_group9/hc_o + rf_reg[7],0,304,0.0,0.0
csr_group10/hc_o + rf_reg[7],0,304,0.0,0.0
csr_group11/hc_o + rf_reg[7],0,304,0.0,0.0
csr_group13/hc_o + rf_reg[7],0,304,0.0,0.0
csr_group16/hc_o + rf_reg[7],0,304,0.0,0.0
csr_group17/hc_o + rf_reg[7],0,304,0.0,0.0
lsu_group1/hc_o + rf_reg[7],0,304,0.0,0.0
lsu_group2/hc_o + rf_reg[7],0,304,0.0,0.0
lsu_group3/hc_o + rf_reg[7],0,304,0.0,0.0
lsu_group4/hc_o + rf_reg[7],0,304,0.0,0.0
lsu_group5/hc_o + rf_reg[7],0,304,0.0,0.0
id_group6/hc_o + rf_reg[8],0,304,0.0,0.0
id_group7/hc_o + rf_reg[8],0,304,0.0,0.0
id_group8/hc_o + rf_reg[8],0,304,0.0,0.0
csr_group0/hc_o + rf_reg[8],0,304,0.0,0.0
csr_group1/hc_o + rf_reg[8],0,304,0.0,0.0
csr_group2/hc_o + rf_reg[8],0,304,0.0,0.0
csr_group3/hc_o + rf_reg[8],0,304,0.0,0.0
csr_group4/hc_o + rf_reg[8],0,304,0.0,0.0
csr_group5/hc_o + rf_reg[8],0,304,0.0,0.0
csr_group6/hc_o + rf_reg[8],0,304,0.0,0.0
csr_group7/hc_o + rf_reg[8],0,304,0.0,0.0
csr_group8/hc_o + rf_reg[8],0,304,0.0,0.0
csr_group9/hc_o + rf_reg[8],0,304,0.0,0.0
csr_group10/hc_o + rf_reg[8],0,304,0.0,0.0
csr_group11/hc_o + rf_reg[8],0,304,0.0,0.0
csr_group13/hc_o + rf_reg[8],0,304,0.0,0.0
csr_group16/hc_o + rf_reg[8],0,304,0.0,0.0
csr_group17/hc_o + rf_reg[8],0,304,0.0,0.0
lsu_group1/hc_o + rf_reg[8],0,304,0.0,0.0
lsu_group2/hc_o + rf_reg[8],0,304,0.0,0.0
lsu_group3/hc_o + rf_reg[8],0,304,0.0,0.0
lsu_group4/hc_o + rf_reg[8],0,304,0.0,0.0
lsu_group5/hc_o + rf_reg[8],0,304,0.0,0.0
alu_operand_b_ex_o_tag + csr_group0/hc_o,0,304,0.0,0.0
alu_operand_b_ex_o_tag + csr_group1/hc_o,0,304,0.0,0.0
alu_operand_b_ex_o_tag + csr_group2/hc_o,0,304,0.0,0.0
alu_operand_b_ex_o_tag + csr_group3/hc_o,0,304,0.0,0.0
alu_operand_b_ex_o_tag + csr_group4/hc_o,0,304,0.0,0.0
alu_operand_b_ex_o_tag + csr_group5/hc_o,0,304,0.0,0.0
alu_operand_b_ex_o_tag + csr_group6/hc_o,0,304,0.0,0.0
alu_operand_b_ex_o_tag + csr_group7/hc_o,0,304,0.0,0.0
alu_operand_b_ex_o_tag + csr_group8/hc_o,0,304,0.0,0.0
alu_operand_b_ex_o_tag + csr_group9/hc_o,0,304,0.0,0.0
alu_operand_b_ex_o_tag + csr_group10/hc_o,0,304,0.0,0.0
id_group6/hc_o + rf_reg[9],0,304,0.0,0.0
id_group7/hc_o + rf_reg[9],0,304,0.0,0.0
id_group8/hc_o + rf_reg[9],0,304,0.0,0.0
csr_group0/hc_o + rf_reg[9],0,304,0.0,0.0
csr_group1/hc_o + rf_reg[9],0,304,0.0,0.0
csr_group2/hc_o + rf_reg[9],0,304,0.0,0.0
csr_group3/hc_o + rf_reg[9],0,304,0.0,0.0
csr_group4/hc_o + rf_reg[9],0,304,0.0,0.0
csr_group5/hc_o + rf_reg[9],0,304,0.0,0.0
csr_group6/hc_o + rf_reg[9],0,304,0.0,0.0
csr_group7/hc_o + rf_reg[9],0,304,0.0,0.0
csr_group8/hc_o + rf_reg[9],0,304,0.0,0.0
csr_group9/hc_o + rf_reg[9],0,304,0.0,0.0
csr_group10/hc_o + rf_reg[9],0,304,0.0,0.0
csr_group11/hc_o + rf_reg[9],0,304,0.0,0.0
csr_group13/hc_o + rf_reg[9],0,304,0.0,0.0
csr_group16/hc_o + rf_reg[9],0,304,0.0,0.0
csr_group17/hc_o + rf_reg[9],0,304,0.0,0.0
lsu_group1/hc_o + rf_reg[9],0,304,0.0,0.0
lsu_group2/hc_o + rf_reg[9],0,304,0.0,0.0
lsu_group3/hc_o + rf_reg[9],0,304,0.0,0.0
lsu_group4/hc_o + rf_reg[9],0,304,0.0,0.0
lsu_group5/hc_o + rf_reg[9],0,304,0.0,0.0
id_group6/hc_o + rf_reg[10],0,304,0.0,0.0
id_group7/hc_o + rf_reg[10],0,304,0.0,0.0
id_group8/hc_o + rf_reg[10],0,304,0.0,0.0
csr_group0/hc_o + rf_reg[10],0,304,0.0,0.0
csr_group1/hc_o + rf_reg[10],0,304,0.0,0.0
csr_group2/hc_o + rf_reg[10],0,304,0.0,0.0
csr_group3/hc_o + rf_reg[10],0,304,0.0,0.0
csr_group4/hc_o + rf_reg[10],0,304,0.0,0.0
csr_group5/hc_o + rf_reg[10],0,304,0.0,0.0
csr_group6/hc_o + rf_reg[10],0,304,0.0,0.0
csr_group7/hc_o + rf_reg[10],0,304,0.0,0.0
csr_group8/hc_o + rf_reg[10],0,304,0.0,0.0
csr_group9/hc_o + rf_reg[10],0,304,0.0,0.0
csr_group10/hc_o + rf_reg[10],0,304,0.0,0.0
csr_group11/hc_o + rf_reg[10],0,304,0.0,0.0
csr_group13/hc_o + rf_reg[10],0,304,0.0,0.0
csr_group16/hc_o + rf_reg[10],0,304,0.0,0.0
csr_group17/hc_o + rf_reg[10],0,304,0.0,0.0
lsu_group1/hc_o + rf_reg[10],0,304,0.0,0.0
lsu_group2/hc_o + rf_reg[10],0,304,0.0,0.0
lsu_group3/hc_o + rf_reg[10],0,304,0.0,0.0
lsu_group4/hc_o + rf_reg[10],0,304,0.0,0.0
lsu_group5/hc_o + rf_reg[10],0,304,0.0,0.0
id_group6/hc_o + rf_reg[11],0,304,0.0,0.0
id_group7/hc_o + rf_reg[11],0,304,0.0,0.0
id_group8/hc_o + rf_reg[11],0,304,0.0,0.0
alu_operand_b_ex_o_tag + csr_group11/hc_o,0,304,0.0,0.0
alu_operand_b_ex_o_tag + csr_group13/hc_o,0,304,0.0,0.0
alu_operand_b_ex_o_tag + csr_group16/hc_o,0,304,0.0,0.0
alu_operand_b_ex_o_tag + csr_group17/hc_o,0,304,0.0,0.0
alu_operand_b_ex_o_tag + lsu_group1/hc_o,0,304,0.0,0.0
alu_operand_b_ex_o_tag + lsu_group2/hc_o,0,304,0.0,0.0
alu_operand_b_ex_o_tag + lsu_group3/hc_o,0,304,0.0,0.0
alu_operand_b_ex_o_tag + lsu_group4/hc_o,0,304,0.0,0.0
csr_group0/hc_o + rf_reg[11],0,304,0.0,0.0
csr_group1/hc_o + rf_reg[11],0,304,0.0,0.0
csr_group2/hc_o + rf_reg[11],0,304,0.0,0.0
csr_group3/hc_o + rf_reg[11],0,304,0.0,0.0
csr_group4/hc_o + rf_reg[11],0,304,0.0,0.0
csr_group5/hc_o + rf_reg[11],0,304,0.0,0.0
csr_group6/hc_o + rf_reg[11],0,304,0.0,0.0
csr_group7/hc_o + rf_reg[11],0,304,0.0,0.0
csr_group8/hc_o + rf_reg[11],0,304,0.0,0.0
csr_group9/hc_o + rf_reg[11],0,304,0.0,0.0
csr_group10/hc_o + rf_reg[11],0,304,0.0,0.0
csr_group11/hc_o + rf_reg[11],0,304,0.0,0.0
csr_group13/hc_o + rf_reg[11],0,304,0.0,0.0
csr_group16/hc_o + rf_reg[11],0,304,0.0,0.0
csr_group17/hc_o + rf_reg[11],0,304,0.0,0.0
lsu_group1/hc_o + rf_reg[11],0,304,0.0,0.0
lsu_group2/hc_o + rf_reg[11],0,304,0.0,0.0
lsu_group3/hc_o + rf_reg[11],0,304,0.0,0.0
lsu_group4/hc_o + rf_reg[11],0,304,0.0,0.0
lsu_group5/hc_o + rf_reg[11],0,304,0.0,0.0
id_group6/hc_o + rf_reg[12],0,304,0.0,0.0
id_group7/hc_o + rf_reg[12],0,304,0.0,0.0
id_group8/hc_o + rf_reg[12],0,304,0.0,0.0
csr_group0/hc_o + rf_reg[12],0,304,0.0,0.0
csr_group1/hc_o + rf_reg[12],0,304,0.0,0.0
csr_group2/hc_o + rf_reg[12],0,304,0.0,0.0
csr_group3/hc_o + rf_reg[12],0,304,0.0,0.0
csr_group4/hc_o + rf_reg[12],0,304,0.0,0.0
csr_group5/hc_o + rf_reg[12],0,304,0.0,0.0
csr_group6/hc_o + rf_reg[12],0,304,0.0,0.0
csr_group7/hc_o + rf_reg[12],0,304,0.0,0.0
csr_group8/hc_o + rf_reg[12],0,304,0.0,0.0
csr_group9/hc_o + rf_reg[12],0,304,0.0,0.0
csr_group10/hc_o + rf_reg[12],0,304,0.0,0.0
csr_group11/hc_o + rf_reg[12],0,304,0.0,0.0
csr_group13/hc_o + rf_reg[12],0,304,0.0,0.0
csr_group16/hc_o + rf_reg[12],0,304,0.0,0.0
csr_group17/hc_o + rf_reg[12],0,304,0.0,0.0
lsu_group1/hc_o + rf_reg[12],0,304,0.0,0.0
lsu_group2/hc_o + rf_reg[12],0,304,0.0,0.0
lsu_group3/hc_o + rf_reg[12],0,304,0.0,0.0
lsu_group4/hc_o + rf_reg[12],0,304,0.0,0.0
lsu_group5/hc_o + rf_reg[12],0,304,0.0,0.0
id_group6/hc_o + rf_reg[13],0,304,0.0,0.0
id_group7/hc_o + rf_reg[13],0,304,0.0,0.0
id_group8/hc_o + rf_reg[13],0,304,0.0,0.0
csr_group0/hc_o + rf_reg[13],0,304,0.0,0.0
csr_group1/hc_o + rf_reg[13],0,304,0.0,0.0
csr_group2/hc_o + rf_reg[13],0,304,0.0,0.0
csr_group3/hc_o + rf_reg[13],0,304,0.0,0.0
csr_group4/hc_o + rf_reg[13],0,304,0.0,0.0
csr_group5/hc_o + rf_reg[13],0,304,0.0,0.0
csr_group6/hc_o + rf_reg[13],0,304,0.0,0.0
csr_group7/hc_o + rf_reg[13],0,304,0.0,0.0
csr_group8/hc_o + rf_reg[13],0,304,0.0,0.0
csr_group9/hc_o + rf_reg[13],0,304,0.0,0.0
csr_group10/hc_o + rf_reg[13],0,304,0.0,0.0
csr_group11/hc_o + rf_reg[13],0,304,0.0,0.0
csr_group13/hc_o + rf_reg[13],0,304,0.0,0.0
csr_group16/hc_o + rf_reg[13],0,304,0.0,0.0
csr_group17/hc_o + rf_reg[13],0,304,0.0,0.0
alu_operand_b_ex_o_tag + lsu_group5/hc_o,0,304,0.0,0.0
lsu_group1/hc_o + rf_reg[13],0,304,0.0,0.0
lsu_group2/hc_o + rf_reg[13],0,304,0.0,0.0
lsu_group3/hc_o + rf_reg[13],0,304,0.0,0.0
lsu_group4/hc_o + rf_reg[13],0,304,0.0,0.0
lsu_group5/hc_o + rf_reg[13],0,304,0.0,0.0
id_group6/hc_o + rf_reg[14],0,304,0.0,0.0
id_group7/hc_o + rf_reg[14],0,304,0.0,0.0
id_group8/hc_o + rf_reg[14],0,304,0.0,0.0
csr_group0/hc_o + rf_reg[14],0,304,0.0,0.0
csr_group1/hc_o + rf_reg[14],0,304,0.0,0.0
csr_group2/hc_o + rf_reg[14],0,304,0.0,0.0
csr_group3/hc_o + rf_reg[14],0,304,0.0,0.0
csr_group4/hc_o + rf_reg[14],0,304,0.0,0.0
csr_group5/hc_o + rf_reg[14],0,304,0.0,0.0
csr_group6/hc_o + rf_reg[14],0,304,0.0,0.0
csr_group7/hc_o + rf_reg[14],0,304,0.0,0.0
csr_group8/hc_o + rf_reg[14],0,304,0.0,0.0
csr_group9/hc_o + rf_reg[14],0,304,0.0,0.0
csr_group10/hc_o + rf_reg[14],0,304,0.0,0.0
csr_group11/hc_o + rf_reg[14],0,304,0.0,0.0
csr_group13/hc_o + rf_reg[14],0,304,0.0,0.0
csr_group16/hc_o + rf_reg[14],0,304,0.0,0.0
csr_group17/hc_o + rf_reg[14],0,304,0.0,0.0
lsu_group1/hc_o + rf_reg[14],0,304,0.0,0.0
lsu_group2/hc_o + rf_reg[14],0,304,0.0,0.0
lsu_group3/hc_o + rf_reg[14],0,304,0.0,0.0
lsu_group4/hc_o + rf_reg[14],0,304,0.0,0.0
lsu_group5/hc_o + rf_reg[14],0,304,0.0,0.0
id_group6/hc_o + rf_reg[15],0,304,0.0,0.0
id_group7/hc_o + rf_reg[15],0,304,0.0,0.0
id_group8/hc_o + rf_reg[15],0,304,0.0,0.0
csr_group0/hc_o + rf_reg[15],0,304,0.0,0.0
csr_group1/hc_o + rf_reg[15],0,304,0.0,0.0
csr_group2/hc_o + rf_reg[15],0,304,0.0,0.0
csr_group3/hc_o + rf_reg[15],0,304,0.0,0.0
csr_group4/hc_o + rf_reg[15],0,304,0.0,0.0
csr_group5/hc_o + rf_reg[15],0,304,0.0,0.0
csr_group6/hc_o + rf_reg[15],0,304,0.0,0.0
csr_group7/hc_o + rf_reg[15],0,304,0.0,0.0
csr_group8/hc_o + rf_reg[15],0,304,0.0,0.0
csr_group9/hc_o + rf_reg[15],0,304,0.0,0.0
csr_group10/hc_o + rf_reg[15],0,304,0.0,0.0
csr_group11/hc_o + rf_reg[15],0,304,0.0,0.0
csr_group13/hc_o + rf_reg[15],0,304,0.0,0.0
csr_group16/hc_o + rf_reg[15],0,304,0.0,0.0
csr_group17/hc_o + rf_reg[15],0,304,0.0,0.0
lsu_group1/hc_o + rf_reg[15],0,304,0.0,0.0
lsu_group2/hc_o + rf_reg[15],0,304,0.0,0.0
lsu_group3/hc_o + rf_reg[15],0,304,0.0,0.0
lsu_group4/hc_o + rf_reg[15],0,304,0.0,0.0
lsu_group5/hc_o + rf_reg[15],0,304,0.0,0.0
id_group6/hc_o + rf_reg[16],0,304,0.0,0.0
id_group7/hc_o + rf_reg[16],0,304,0.0,0.0
id_group8/hc_o + rf_reg[16],0,304,0.0,0.0
csr_group0/hc_o + rf_reg[16],0,304,0.0,0.0
csr_group1/hc_o + rf_reg[16],0,304,0.0,0.0
csr_group2/hc_o + rf_reg[16],0,304,0.0,0.0
csr_group3/hc_o + rf_reg[16],0,304,0.0,0.0
csr_group4/hc_o + rf_reg[16],0,304,0.0,0.0
csr_group5/hc_o + rf_reg[16],0,304,0.0,0.0
csr_group6/hc_o + rf_reg[16],0,304,0.0,0.0
csr_group7/hc_o + rf_reg[16],0,304,0.0,0.0
csr_group8/hc_o + rf_reg[16],0,304,0.0,0.0
csr_group9/hc_o + rf_reg[16],0,304,0.0,0.0
csr_group10/hc_o + rf_reg[16],0,304,0.0,0.0
csr_group11/hc_o + rf_reg[16],0,304,0.0,0.0
csr_group13/hc_o + rf_reg[16],0,304,0.0,0.0
csr_group16/hc_o + rf_reg[16],0,304,0.0,0.0
csr_group17/hc_o + rf_reg[16],0,304,0.0,0.0
lsu_group1/hc_o + rf_reg[16],0,304,0.0,0.0
lsu_group2/hc_o + rf_reg[16],0,304,0.0,0.0
lsu_group3/hc_o + rf_reg[16],0,304,0.0,0.0
lsu_group4/hc_o + rf_reg[16],0,304,0.0,0.0
lsu_group5/hc_o + rf_reg[16],0,304,0.0,0.0
id_group6/hc_o + rf_reg[17],0,304,0.0,0.0
id_group7/hc_o + rf_reg[17],0,304,0.0,0.0
id_group8/hc_o + rf_reg[17],0,304,0.0,0.0
csr_group0/hc_o + rf_reg[17],0,304,0.0,0.0
csr_group1/hc_o + rf_reg[17],0,304,0.0,0.0
csr_group2/hc_o + rf_reg[17],0,304,0.0,0.0
csr_group3/hc_o + rf_reg[17],0,304,0.0,0.0
csr_group4/hc_o + rf_reg[17],0,304,0.0,0.0
csr_group5/hc_o + rf_reg[17],0,304,0.0,0.0
csr_group6/hc_o + rf_reg[17],0,304,0.0,0.0
csr_group7/hc_o + rf_reg[17],0,304,0.0,0.0
csr_group8/hc_o + rf_reg[17],0,304,0.0,0.0
csr_group9/hc_o + rf_reg[17],0,304,0.0,0.0
csr_group10/hc_o + rf_reg[17],0,304,0.0,0.0
csr_group11/hc_o + rf_reg[17],0,304,0.0,0.0
csr_group13/hc_o + rf_reg[17],0,304,0.0,0.0
csr_group16/hc_o + rf_reg[17],0,304,0.0,0.0
csr_group17/hc_o + rf_reg[17],0,304,0.0,0.0
lsu_group1/hc_o + rf_reg[17],0,304,0.0,0.0
lsu_group2/hc_o + rf_reg[17],0,304,0.0,0.0
lsu_group3/hc_o + rf_reg[17],0,304,0.0,0.0
lsu_group4/hc_o + rf_reg[17],0,304,0.0,0.0
lsu_group5/hc_o + rf_reg[17],0,304,0.0,0.0
id_group6/hc_o + rf_reg[18],0,304,0.0,0.0
id_group7/hc_o + rf_reg[18],0,304,0.0,0.0
id_group8/hc_o + rf_reg[18],0,304,0.0,0.0
csr_group0/hc_o + rf_reg[18],0,304,0.0,0.0
csr_group1/hc_o + rf_reg[18],0,304,0.0,0.0
csr_group2/hc_o + rf_reg[18],0,304,0.0,0.0
csr_group3/hc_o + rf_reg[18],0,304,0.0,0.0
csr_group4/hc_o + rf_reg[18],0,304,0.0,0.0
csr_group5/hc_o + rf_reg[18],0,304,0.0,0.0
csr_group6/hc_o + rf_reg[18],0,304,0.0,0.0
csr_group7/hc_o + rf_reg[18],0,304,0.0,0.0
csr_group8/hc_o + rf_reg[18],0,304,0.0,0.0
csr_group9/hc_o + rf_reg[18],0,304,0.0,0.0
csr_group10/hc_o + rf_reg[18],0,304,0.0,0.0
csr_group11/hc_o + rf_reg[18],0,304,0.0,0.0
alu_operand_c_ex_o_tag + id_group6/hc_o,0,304,0.0,0.0
alu_operand_c_ex_o_tag + id_group7/hc_o,0,304,0.0,0.0
alu_operand_c_ex_o_tag + id_group8/hc_o,0,304,0.0,0.0
csr_group13/hc_o + rf_reg[18],0,304,0.0,0.0
csr_group16/hc_o + rf_reg[18],0,304,0.0,0.0
csr_group17/hc_o + rf_reg[18],0,304,0.0,0.0
lsu_group1/hc_o + rf_reg[18],0,304,0.0,0.0
lsu_group2/hc_o + rf_reg[18],0,304,0.0,0.0
lsu_group3/hc_o + rf_reg[18],0,304,0.0,0.0
lsu_group4/hc_o + rf_reg[18],0,304,0.0,0.0
lsu_group5/hc_o + rf_reg[18],0,304,0.0,0.0
id_group6/hc_o + rf_reg[19],0,304,0.0,0.0
id_group7/hc_o + rf_reg[19],0,304,0.0,0.0
id_group8/hc_o + rf_reg[19],0,304,0.0,0.0
csr_group0/hc_o + rf_reg[19],0,304,0.0,0.0
csr_group1/hc_o + rf_reg[19],0,304,0.0,0.0
csr_group2/hc_o + rf_reg[19],0,304,0.0,0.0
csr_group3/hc_o + rf_reg[19],0,304,0.0,0.0
csr_group4/hc_o + rf_reg[19],0,304,0.0,0.0
csr_group5/hc_o + rf_reg[19],0,304,0.0,0.0
csr_group6/hc_o + rf_reg[19],0,304,0.0,0.0
csr_group7/hc_o + rf_reg[19],0,304,0.0,0.0
csr_group8/hc_o + rf_reg[19],0,304,0.0,0.0
csr_group9/hc_o + rf_reg[19],0,304,0.0,0.0
csr_group10/hc_o + rf_reg[19],0,304,0.0,0.0
csr_group11/hc_o + rf_reg[19],0,304,0.0,0.0
csr_group13/hc_o + rf_reg[19],0,304,0.0,0.0
csr_group16/hc_o + rf_reg[19],0,304,0.0,0.0
csr_group17/hc_o + rf_reg[19],0,304,0.0,0.0
lsu_group1/hc_o + rf_reg[19],0,304,0.0,0.0
lsu_group2/hc_o + rf_reg[19],0,304,0.0,0.0
lsu_group3/hc_o + rf_reg[19],0,304,0.0,0.0
lsu_group4/hc_o + rf_reg[19],0,304,0.0,0.0
lsu_group5/hc_o + rf_reg[19],0,304,0.0,0.0
id_group6/hc_o + rf_reg[20],0,304,0.0,0.0
id_group7/hc_o + rf_reg[20],0,304,0.0,0.0
id_group8/hc_o + rf_reg[20],0,304,0.0,0.0
csr_group0/hc_o + rf_reg[20],0,304,0.0,0.0
csr_group1/hc_o + rf_reg[20],0,304,0.0,0.0
csr_group2/hc_o + rf_reg[20],0,304,0.0,0.0
csr_group3/hc_o + rf_reg[20],0,304,0.0,0.0
csr_group4/hc_o + rf_reg[20],0,304,0.0,0.0
csr_group5/hc_o + rf_reg[20],0,304,0.0,0.0
csr_group6/hc_o + rf_reg[20],0,304,0.0,0.0
csr_group7/hc_o + rf_reg[20],0,304,0.0,0.0
csr_group8/hc_o + rf_reg[20],0,304,0.0,0.0
csr_group9/hc_o + rf_reg[20],0,304,0.0,0.0
csr_group10/hc_o + rf_reg[20],0,304,0.0,0.0
csr_group11/hc_o + rf_reg[20],0,304,0.0,0.0
csr_group13/hc_o + rf_reg[20],0,304,0.0,0.0
csr_group16/hc_o + rf_reg[20],0,304,0.0,0.0
csr_group17/hc_o + rf_reg[20],0,304,0.0,0.0
lsu_group1/hc_o + rf_reg[20],0,304,0.0,0.0
lsu_group2/hc_o + rf_reg[20],0,304,0.0,0.0
lsu_group3/hc_o + rf_reg[20],0,304,0.0,0.0
lsu_group4/hc_o + rf_reg[20],0,304,0.0,0.0
lsu_group5/hc_o + rf_reg[20],0,304,0.0,0.0
alu_operand_c_ex_o_tag + csr_group0/hc_o,0,304,0.0,0.0
alu_operand_c_ex_o_tag + csr_group1/hc_o,0,304,0.0,0.0
alu_operand_c_ex_o_tag + csr_group2/hc_o,0,304,0.0,0.0
alu_operand_c_ex_o_tag + csr_group3/hc_o,0,304,0.0,0.0
alu_operand_c_ex_o_tag + csr_group4/hc_o,0,304,0.0,0.0
alu_operand_c_ex_o_tag + csr_group5/hc_o,0,304,0.0,0.0
alu_operand_c_ex_o_tag + csr_group6/hc_o,0,304,0.0,0.0
alu_operand_c_ex_o_tag + csr_group7/hc_o,0,304,0.0,0.0
alu_operand_c_ex_o_tag + csr_group8/hc_o,0,304,0.0,0.0
alu_operand_c_ex_o_tag + csr_group9/hc_o,0,304,0.0,0.0
alu_operand_c_ex_o_tag + csr_group10/hc_o,0,304,0.0,0.0
id_group6/hc_o + rf_reg[21],0,304,0.0,0.0
id_group7/hc_o + rf_reg[21],0,304,0.0,0.0
id_group8/hc_o + rf_reg[21],0,304,0.0,0.0
csr_group0/hc_o + rf_reg[21],0,304,0.0,0.0
csr_group1/hc_o + rf_reg[21],0,304,0.0,0.0
csr_group2/hc_o + rf_reg[21],0,304,0.0,0.0
csr_group3/hc_o + rf_reg[21],0,304,0.0,0.0
csr_group4/hc_o + rf_reg[21],0,304,0.0,0.0
csr_group5/hc_o + rf_reg[21],0,304,0.0,0.0
csr_group6/hc_o + rf_reg[21],0,304,0.0,0.0
csr_group7/hc_o + rf_reg[21],0,304,0.0,0.0
csr_group8/hc_o + rf_reg[21],0,304,0.0,0.0
csr_group9/hc_o + rf_reg[21],0,304,0.0,0.0
csr_group10/hc_o + rf_reg[21],0,304,0.0,0.0
csr_group11/hc_o + rf_reg[21],0,304,0.0,0.0
csr_group13/hc_o + rf_reg[21],0,304,0.0,0.0
csr_group16/hc_o + rf_reg[21],0,304,0.0,0.0
csr_group17/hc_o + rf_reg[21],0,304,0.0,0.0
lsu_group1/hc_o + rf_reg[21],0,304,0.0,0.0
lsu_group2/hc_o + rf_reg[21],0,304,0.0,0.0
lsu_group3/hc_o + rf_reg[21],0,304,0.0,0.0
lsu_group4/hc_o + rf_reg[21],0,304,0.0,0.0
lsu_group5/hc_o + rf_reg[21],0,304,0.0,0.0
id_group6/hc_o + rf_reg[22],0,304,0.0,0.0
id_group7/hc_o + rf_reg[22],0,304,0.0,0.0
id_group8/hc_o + rf_reg[22],0,304,0.0,0.0
csr_group0/hc_o + rf_reg[22],0,304,0.0,0.0
csr_group1/hc_o + rf_reg[22],0,304,0.0,0.0
csr_group2/hc_o + rf_reg[22],0,304,0.0,0.0
csr_group3/hc_o + rf_reg[22],0,304,0.0,0.0
csr_group4/hc_o + rf_reg[22],0,304,0.0,0.0
csr_group5/hc_o + rf_reg[22],0,304,0.0,0.0
csr_group6/hc_o + rf_reg[22],0,304,0.0,0.0
csr_group7/hc_o + rf_reg[22],0,304,0.0,0.0
csr_group8/hc_o + rf_reg[22],0,304,0.0,0.0
csr_group9/hc_o + rf_reg[22],0,304,0.0,0.0
csr_group10/hc_o + rf_reg[22],0,304,0.0,0.0
csr_group11/hc_o + rf_reg[22],0,304,0.0,0.0
csr_group13/hc_o + rf_reg[22],0,304,0.0,0.0
csr_group16/hc_o + rf_reg[22],0,304,0.0,0.0
csr_group17/hc_o + rf_reg[22],0,304,0.0,0.0
lsu_group1/hc_o + rf_reg[22],0,304,0.0,0.0
lsu_group2/hc_o + rf_reg[22],0,304,0.0,0.0
lsu_group3/hc_o + rf_reg[22],0,304,0.0,0.0
lsu_group4/hc_o + rf_reg[22],0,304,0.0,0.0
lsu_group5/hc_o + rf_reg[22],0,304,0.0,0.0
id_group6/hc_o + rf_reg[23],0,304,0.0,0.0
id_group7/hc_o + rf_reg[23],0,304,0.0,0.0
id_group8/hc_o + rf_reg[23],0,304,0.0,0.0
csr_group0/hc_o + rf_reg[23],0,304,0.0,0.0
csr_group1/hc_o + rf_reg[23],0,304,0.0,0.0
csr_group2/hc_o + rf_reg[23],0,304,0.0,0.0
csr_group3/hc_o + rf_reg[23],0,304,0.0,0.0
csr_group4/hc_o + rf_reg[23],0,304,0.0,0.0
csr_group5/hc_o + rf_reg[23],0,304,0.0,0.0
csr_group6/hc_o + rf_reg[23],0,304,0.0,0.0
csr_group7/hc_o + rf_reg[23],0,304,0.0,0.0
csr_group8/hc_o + rf_reg[23],0,304,0.0,0.0
csr_group9/hc_o + rf_reg[23],0,304,0.0,0.0
csr_group10/hc_o + rf_reg[23],0,304,0.0,0.0
csr_group11/hc_o + rf_reg[23],0,304,0.0,0.0
csr_group13/hc_o + rf_reg[23],0,304,0.0,0.0
alu_operand_c_ex_o_tag + csr_group11/hc_o,0,304,0.0,0.0
alu_operand_c_ex_o_tag + csr_group13/hc_o,0,304,0.0,0.0
alu_operand_c_ex_o_tag + csr_group16/hc_o,0,304,0.0,0.0
alu_operand_c_ex_o_tag + csr_group17/hc_o,0,304,0.0,0.0
alu_operand_c_ex_o_tag + lsu_group1/hc_o,0,304,0.0,0.0
alu_operand_c_ex_o_tag + lsu_group2/hc_o,0,304,0.0,0.0
alu_operand_c_ex_o_tag + lsu_group3/hc_o,0,304,0.0,0.0
alu_operand_c_ex_o_tag + lsu_group4/hc_o,0,304,0.0,0.0
csr_group16/hc_o + rf_reg[23],0,304,0.0,0.0
csr_group17/hc_o + rf_reg[23],0,304,0.0,0.0
lsu_group1/hc_o + rf_reg[23],0,304,0.0,0.0
lsu_group2/hc_o + rf_reg[23],0,304,0.0,0.0
lsu_group3/hc_o + rf_reg[23],0,304,0.0,0.0
lsu_group4/hc_o + rf_reg[23],0,304,0.0,0.0
lsu_group5/hc_o + rf_reg[23],0,304,0.0,0.0
id_group6/hc_o + rf_reg[24],0,304,0.0,0.0
id_group7/hc_o + rf_reg[24],0,304,0.0,0.0
id_group8/hc_o + rf_reg[24],0,304,0.0,0.0
csr_group0/hc_o + rf_reg[24],0,304,0.0,0.0
csr_group1/hc_o + rf_reg[24],0,304,0.0,0.0
csr_group2/hc_o + rf_reg[24],0,304,0.0,0.0
csr_group3/hc_o + rf_reg[24],0,304,0.0,0.0
csr_group4/hc_o + rf_reg[24],0,304,0.0,0.0
csr_group5/hc_o + rf_reg[24],0,304,0.0,0.0
csr_group6/hc_o + rf_reg[24],0,304,0.0,0.0
csr_group7/hc_o + rf_reg[24],0,304,0.0,0.0
csr_group8/hc_o + rf_reg[24],0,304,0.0,0.0
csr_group9/hc_o + rf_reg[24],0,304,0.0,0.0
csr_group10/hc_o + rf_reg[24],0,304,0.0,0.0
csr_group11/hc_o + rf_reg[24],0,304,0.0,0.0
csr_group13/hc_o + rf_reg[24],0,304,0.0,0.0
csr_group16/hc_o + rf_reg[24],0,304,0.0,0.0
csr_group17/hc_o + rf_reg[24],0,304,0.0,0.0
lsu_group1/hc_o + rf_reg[24],0,304,0.0,0.0
lsu_group2/hc_o + rf_reg[24],0,304,0.0,0.0
lsu_group3/hc_o + rf_reg[24],0,304,0.0,0.0
lsu_group4/hc_o + rf_reg[24],0,304,0.0,0.0
lsu_group5/hc_o + rf_reg[24],0,304,0.0,0.0
id_group6/hc_o + rf_reg[25],0,304,0.0,0.0
id_group7/hc_o + rf_reg[25],0,304,0.0,0.0
id_group8/hc_o + rf_reg[25],0,304,0.0,0.0
csr_group0/hc_o + rf_reg[25],0,304,0.0,0.0
csr_group1/hc_o + rf_reg[25],0,304,0.0,0.0
csr_group2/hc_o + rf_reg[25],0,304,0.0,0.0
csr_group3/hc_o + rf_reg[25],0,304,0.0,0.0
csr_group4/hc_o + rf_reg[25],0,304,0.0,0.0
csr_group5/hc_o + rf_reg[25],0,304,0.0,0.0
csr_group6/hc_o + rf_reg[25],0,304,0.0,0.0
csr_group7/hc_o + rf_reg[25],0,304,0.0,0.0
csr_group8/hc_o + rf_reg[25],0,304,0.0,0.0
csr_group9/hc_o + rf_reg[25],0,304,0.0,0.0
csr_group10/hc_o + rf_reg[25],0,304,0.0,0.0
csr_group11/hc_o + rf_reg[25],0,304,0.0,0.0
csr_group13/hc_o + rf_reg[25],0,304,0.0,0.0
csr_group16/hc_o + rf_reg[25],0,304,0.0,0.0
csr_group17/hc_o + rf_reg[25],0,304,0.0,0.0
lsu_group1/hc_o + rf_reg[25],0,304,0.0,0.0
lsu_group2/hc_o + rf_reg[25],0,304,0.0,0.0
lsu_group3/hc_o + rf_reg[25],0,304,0.0,0.0
lsu_group4/hc_o + rf_reg[25],0,304,0.0,0.0
lsu_group5/hc_o + rf_reg[25],0,304,0.0,0.0
id_group6/hc_o + rf_reg[26],0,304,0.0,0.0
id_group7/hc_o + rf_reg[26],0,304,0.0,0.0
id_group8/hc_o + rf_reg[26],0,304,0.0,0.0
alu_operand_c_ex_o_tag + lsu_group5/hc_o,0,304,0.0,0.0
csr_group0/hc_o + rf_reg[26],0,304,0.0,0.0
csr_group1/hc_o + rf_reg[26],0,304,0.0,0.0
csr_group2/hc_o + rf_reg[26],0,304,0.0,0.0
csr_group3/hc_o + rf_reg[26],0,304,0.0,0.0
csr_group4/hc_o + rf_reg[26],0,304,0.0,0.0
csr_group5/hc_o + rf_reg[26],0,304,0.0,0.0
csr_group6/hc_o + rf_reg[26],0,304,0.0,0.0
csr_group7/hc_o + rf_reg[26],0,304,0.0,0.0
csr_group8/hc_o + rf_reg[26],0,304,0.0,0.0
csr_group9/hc_o + rf_reg[26],0,304,0.0,0.0
csr_group10/hc_o + rf_reg[26],0,304,0.0,0.0
csr_group11/hc_o + rf_reg[26],0,304,0.0,0.0
csr_group13/hc_o + rf_reg[26],0,304,0.0,0.0
csr_group16/hc_o + rf_reg[26],0,304,0.0,0.0
csr_group17/hc_o + rf_reg[26],0,304,0.0,0.0
lsu_group1/hc_o + rf_reg[26],0,304,0.0,0.0
lsu_group2/hc_o + rf_reg[26],0,304,0.0,0.0
lsu_group3/hc_o + rf_reg[26],0,304,0.0,0.0
lsu_group4/hc_o + rf_reg[26],0,304,0.0,0.0
lsu_group5/hc_o + rf_reg[26],0,304,0.0,0.0
id_group6/hc_o + rf_reg[27],0,304,0.0,0.0
id_group7/hc_o + rf_reg[27],0,304,0.0,0.0
id_group8/hc_o + rf_reg[27],0,304,0.0,0.0
csr_group0/hc_o + rf_reg[27],0,304,0.0,0.0
csr_group1/hc_o + rf_reg[27],0,304,0.0,0.0
csr_group2/hc_o + rf_reg[27],0,304,0.0,0.0
csr_group3/hc_o + rf_reg[27],0,304,0.0,0.0
csr_group4/hc_o + rf_reg[27],0,304,0.0,0.0
csr_group5/hc_o + rf_reg[27],0,304,0.0,0.0
csr_group6/hc_o + rf_reg[27],0,304,0.0,0.0
csr_group7/hc_o + rf_reg[27],0,304,0.0,0.0
csr_group8/hc_o + rf_reg[27],0,304,0.0,0.0
csr_group9/hc_o + rf_reg[27],0,304,0.0,0.0
csr_group10/hc_o + rf_reg[27],0,304,0.0,0.0
csr_group11/hc_o + rf_reg[27],0,304,0.0,0.0
csr_group13/hc_o + rf_reg[27],0,304,0.0,0.0
csr_group16/hc_o + rf_reg[27],0,304,0.0,0.0
csr_group17/hc_o + rf_reg[27],0,304,0.0,0.0
lsu_group1/hc_o + rf_reg[27],0,304,0.0,0.0
lsu_group2/hc_o + rf_reg[27],0,304,0.0,0.0
lsu_group3/hc_o + rf_reg[27],0,304,0.0,0.0
lsu_group4/hc_o + rf_reg[27],0,304,0.0,0.0
lsu_group5/hc_o + rf_reg[27],0,304,0.0,0.0
id_group6/hc_o + rf_reg[28],0,304,0.0,0.0
id_group7/hc_o + rf_reg[28],0,304,0.0,0.0
id_group8/hc_o + rf_reg[28],0,304,0.0,0.0
csr_group0/hc_o + rf_reg[28],0,304,0.0,0.0
csr_group1/hc_o + rf_reg[28],0,304,0.0,0.0
csr_group2/hc_o + rf_reg[28],0,304,0.0,0.0
csr_group3/hc_o + rf_reg[28],0,304,0.0,0.0
csr_group4/hc_o + rf_reg[28],0,304,0.0,0.0
csr_group5/hc_o + rf_reg[28],0,304,0.0,0.0
csr_group6/hc_o + rf_reg[28],0,304,0.0,0.0
csr_group7/hc_o + rf_reg[28],0,304,0.0,0.0
csr_group8/hc_o + rf_reg[28],0,304,0.0,0.0
csr_group9/hc_o + rf_reg[28],0,304,0.0,0.0
csr_group10/hc_o + rf_reg[28],0,304,0.0,0.0
csr_group11/hc_o + rf_reg[28],0,304,0.0,0.0
csr_group13/hc_o + rf_reg[28],0,304,0.0,0.0
csr_group16/hc_o + rf_reg[28],0,304,0.0,0.0
csr_group17/hc_o + rf_reg[28],0,304,0.0,0.0
lsu_group1/hc_o + rf_reg[28],0,304,0.0,0.0
lsu_group2/hc_o + rf_reg[28],0,304,0.0,0.0
lsu_group3/hc_o + rf_reg[28],0,304,0.0,0.0
lsu_group4/hc_o + rf_reg[28],0,304,0.0,0.0
lsu_group5/hc_o + rf_reg[28],0,304,0.0,0.0
id_group6/hc_o + rf_reg[29],0,304,0.0,0.0
id_group7/hc_o + rf_reg[29],0,304,0.0,0.0
id_group8/hc_o + rf_reg[29],0,304,0.0,0.0
csr_group0/hc_o + rf_reg[29],0,304,0.0,0.0
csr_group1/hc_o + rf_reg[29],0,304,0.0,0.0
csr_group2/hc_o + rf_reg[29],0,304,0.0,0.0
csr_group3/hc_o + rf_reg[29],0,304,0.0,0.0
csr_group4/hc_o + rf_reg[29],0,304,0.0,0.0
csr_group5/hc_o + rf_reg[29],0,304,0.0,0.0
csr_group6/hc_o + rf_reg[29],0,304,0.0,0.0
csr_group7/hc_o + rf_reg[29],0,304,0.0,0.0
csr_group8/hc_o + rf_reg[29],0,304,0.0,0.0
csr_group9/hc_o + rf_reg[29],0,304,0.0,0.0
csr_group10/hc_o + rf_reg[29],0,304,0.0,0.0
csr_group11/hc_o + rf_reg[29],0,304,0.0,0.0
csr_group13/hc_o + rf_reg[29],0,304,0.0,0.0
csr_group16/hc_o + rf_reg[29],0,304,0.0,0.0
csr_group17/hc_o + rf_reg[29],0,304,0.0,0.0
lsu_group1/hc_o + rf_reg[29],0,304,0.0,0.0
lsu_group2/hc_o + rf_reg[29],0,304,0.0,0.0
lsu_group3/hc_o + rf_reg[29],0,304,0.0,0.0
lsu_group4/hc_o + rf_reg[29],0,304,0.0,0.0
lsu_group5/hc_o + rf_reg[29],0,304,0.0,0.0
id_group6/hc_o + rf_reg[30],0,304,0.0,0.0
id_group7/hc_o + rf_reg[30],0,304,0.0,0.0
id_group8/hc_o + rf_reg[30],0,304,0.0,0.0
csr_group0/hc_o + rf_reg[30],0,304,0.0,0.0
csr_group1/hc_o + rf_reg[30],0,304,0.0,0.0
csr_group2/hc_o + rf_reg[30],0,304,0.0,0.0
csr_group3/hc_o + rf_reg[30],0,304,0.0,0.0
csr_group4/hc_o + rf_reg[30],0,304,0.0,0.0
csr_group5/hc_o + rf_reg[30],0,304,0.0,0.0
csr_group6/hc_o + rf_reg[30],0,304,0.0,0.0
csr_group7/hc_o + rf_reg[30],0,304,0.0,0.0
csr_group8/hc_o + rf_reg[30],0,304,0.0,0.0
csr_group9/hc_o + rf_reg[30],0,304,0.0,0.0
csr_group10/hc_o + rf_reg[30],0,304,0.0,0.0
csr_group11/hc_o + rf_reg[30],0,304,0.0,0.0
csr_group13/hc_o + rf_reg[30],0,304,0.0,0.0
csr_group16/hc_o + rf_reg[30],0,304,0.0,0.0
csr_group17/hc_o + rf_reg[30],0,304,0.0,0.0
lsu_group1/hc_o + rf_reg[30],0,304,0.0,0.0
lsu_group2/hc_o + rf_reg[30],0,304,0.0,0.0
lsu_group3/hc_o + rf_reg[30],0,304,0.0,0.0
lsu_group4/hc_o + rf_reg[30],0,304,0.0,0.0
lsu_group5/hc_o + rf_reg[30],0,304,0.0,0.0
id_group6/hc_o + rf_reg[31],0,304,0.0,0.0
id_group7/hc_o + rf_reg[31],0,304,0.0,0.0
id_group8/hc_o + rf_reg[31],0,304,0.0,0.0
csr_group0/hc_o + rf_reg[31],0,304,0.0,0.0
csr_group1/hc_o + rf_reg[31],0,304,0.0,0.0
csr_group2/hc_o + rf_reg[31],0,304,0.0,0.0
csr_group3/hc_o + rf_reg[31],0,304,0.0,0.0
csr_group4/hc_o + rf_reg[31],0,304,0.0,0.0
csr_group5/hc_o + rf_reg[31],0,304,0.0,0.0
csr_group6/hc_o + rf_reg[31],0,304,0.0,0.0
csr_group7/hc_o + rf_reg[31],0,304,0.0,0.0
csr_group8/hc_o + rf_reg[31],0,304,0.0,0.0
csr_group9/hc_o + rf_reg[31],0,304,0.0,0.0
csr_group10/hc_o + rf_reg[31],0,304,0.0,0.0
csr_group11/hc_o + rf_reg[31],0,304,0.0,0.0
csr_group13/hc_o + rf_reg[31],0,304,0.0,0.0
csr_group16/hc_o + rf_reg[31],0,304,0.0,0.0
csr_group17/hc_o + rf_reg[31],0,304,0.0,0.0
lsu_group1/hc_o + rf_reg[31],0,304,0.0,0.0
lsu_group2/hc_o + rf_reg[31],0,304,0.0,0.0
lsu_group3/hc_o + rf_reg[31],0,304,0.0,0.0
lsu_group4/hc_o + rf_reg[31],0,304,0.0,0.0
lsu_group5/hc_o + rf_reg[31],0,304,0.0,0.0
id_group6/hc_o + rs1_o_tag,0,304,0.0,0.0
id_group7/hc_o + rs1_o_tag,0,304,0.0,0.0
id_group8/hc_o + rs1_o_tag,0,304,0.0,0.0
csr_group0/hc_o + rs1_o_tag,0,304,0.0,0.0
csr_group1/hc_o + rs1_o_tag,0,304,0.0,0.0
csr_group2/hc_o + rs1_o_tag,0,304,0.0,0.0
csr_group3/hc_o + rs1_o_tag,0,304,0.0,0.0
csr_group4/hc_o + rs1_o_tag,0,304,0.0,0.0
csr_group5/hc_o + rs1_o_tag,0,304,0.0,0.0
csr_group6/hc_o + rs1_o_tag,0,304,0.0,0.0
csr_group7/hc_o + rs1_o_tag,0,304,0.0,0.0
csr_group8/hc_o + rs1_o_tag,0,304,0.0,0.0
csr_group9/hc_o + rs1_o_tag,0,304,0.0,0.0
csr_group10/hc_o + rs1_o_tag,0,304,0.0,0.0
csr_group11/hc_o + rs1_o_tag,0,304,0.0,0.0
csr_group13/hc_o + rs1_o_tag,0,304,0.0,0.0
csr_group16/hc_o + rs1_o_tag,0,304,0.0,0.0
csr_group17/hc_o + rs1_o_tag,0,304,0.0,0.0
lsu_group1/hc_o + rs1_o_tag,0,304,0.0,0.0
lsu_group2/hc_o + rs1_o_tag,0,304,0.0,0.0
lsu_group3/hc_o + rs1_o_tag,0,304,0.0,0.0
lsu_group4/hc_o + rs1_o_tag,0,304,0.0,0.0
lsu_group5/hc_o + rs1_o_tag,0,304,0.0,0.0
data_we_q_tag + id_group6/hc_o,0,304,0.0,0.0
data_we_q_tag + id_group7/hc_o,0,304,0.0,0.0
data_we_q_tag + id_group8/hc_o,0,304,0.0,0.0
csr_group0/hc_o + data_we_q_tag,0,304,0.0,0.0
csr_group1/hc_o + data_we_q_tag,0,304,0.0,0.0
csr_group2/hc_o + data_we_q_tag,0,304,0.0,0.0
csr_group3/hc_o + data_we_q_tag,0,304,0.0,0.0
csr_group4/hc_o + data_we_q_tag,0,304,0.0,0.0
csr_group5/hc_o + data_we_q_tag,0,304,0.0,0.0
csr_group6/hc_o + data_we_q_tag,0,304,0.0,0.0
csr_group7/hc_o + data_we_q_tag,0,304,0.0,0.0
csr_group8/hc_o + data_we_q_tag,0,304,0.0,0.0
csr_group9/hc_o + data_we_q_tag,0,304,0.0,0.0
csr_group10/hc_o + data_we_q_tag,0,304,0.0,0.0
csr_group11/hc_o + data_we_q_tag,0,304,0.0,0.0
csr_group13/hc_o + data_we_q_tag,0,304,0.0,0.0
csr_group16/hc_o + data_we_q_tag,0,304,0.0,0.0
csr_group17/hc_o + data_we_q_tag,0,304,0.0,0.0
data_we_q_tag + lsu_group1/hc_o,0,304,0.0,0.0
data_we_q_tag + lsu_group2/hc_o,0,304,0.0,0.0
data_we_q_tag + lsu_group3/hc_o,0,304,0.0,0.0
data_we_q_tag + lsu_group4/hc_o,0,304,0.0,0.0
data_we_q_tag + lsu_group5/hc_o,0,304,0.0,0.0
id_group6/hc_o + pc_id_o_tag,0,304,0.0,0.0
id_group7/hc_o + pc_id_o_tag,0,304,0.0,0.0
id_group8/hc_o + pc_id_o_tag,0,304,0.0,0.0
check_d_o_tag + id_group6/hc_o,0,304,0.0,0.0
check_d_o_tag + id_group7/hc_o,0,304,0.0,0.0
check_d_o_tag + id_group8/hc_o,0,304,0.0,0.0
check_d_o_tag + csr_group0/hc_o,0,304,0.0,0.0
check_d_o_tag + csr_group1/hc_o,0,304,0.0,0.0
check_d_o_tag + csr_group2/hc_o,0,304,0.0,0.0
check_d_o_tag + csr_group3/hc_o,0,304,0.0,0.0
check_d_o_tag + csr_group4/hc_o,0,304,0.0,0.0
check_d_o_tag + csr_group5/hc_o,0,304,0.0,0.0
check_d_o_tag + csr_group6/hc_o,0,304,0.0,0.0
check_d_o_tag + csr_group7/hc_o,0,304,0.0,0.0
check_d_o_tag + csr_group8/hc_o,0,304,0.0,0.0
check_d_o_tag + csr_group9/hc_o,0,304,0.0,0.0
check_d_o_tag + csr_group10/hc_o,0,304,0.0,0.0
check_d_o_tag + csr_group11/hc_o,0,304,0.0,0.0
check_d_o_tag + csr_group13/hc_o,0,304,0.0,0.0
csr_group0/hc_o + pc_id_o_tag,0,304,0.0,0.0
csr_group1/hc_o + pc_id_o_tag,0,304,0.0,0.0
csr_group2/hc_o + pc_id_o_tag,0,304,0.0,0.0
csr_group3/hc_o + pc_id_o_tag,0,304,0.0,0.0
csr_group4/hc_o + pc_id_o_tag,0,304,0.0,0.0
csr_group5/hc_o + pc_id_o_tag,0,304,0.0,0.0
csr_group6/hc_o + pc_id_o_tag,0,304,0.0,0.0
csr_group7/hc_o + pc_id_o_tag,0,304,0.0,0.0
csr_group8/hc_o + pc_id_o_tag,0,304,0.0,0.0
csr_group9/hc_o + pc_id_o_tag,0,304,0.0,0.0
csr_group10/hc_o + pc_id_o_tag,0,304,0.0,0.0
csr_group11/hc_o + pc_id_o_tag,0,304,0.0,0.0
check_d_o_tag + csr_group16/hc_o,0,304,0.0,0.0
check_d_o_tag + csr_group17/hc_o,0,304,0.0,0.0
check_d_o_tag + lsu_group1/hc_o,0,304,0.0,0.0
check_d_o_tag + lsu_group2/hc_o,0,304,0.0,0.0
check_d_o_tag + lsu_group3/hc_o,0,304,0.0,0.0
check_d_o_tag + lsu_group4/hc_o,0,304,0.0,0.0
check_d_o_tag + lsu_group5/hc_o,0,304,0.0,0.0
check_s1_o_tag + id_group6/hc_o,0,304,0.0,0.0
check_s1_o_tag + id_group7/hc_o,0,304,0.0,0.0
check_s1_o_tag + id_group8/hc_o,0,304,0.0,0.0
check_s1_o_tag + csr_group0/hc_o,0,304,0.0,0.0
check_s1_o_tag + csr_group1/hc_o,0,304,0.0,0.0
check_s1_o_tag + csr_group2/hc_o,0,304,0.0,0.0
check_s1_o_tag + csr_group3/hc_o,0,304,0.0,0.0
check_s1_o_tag + csr_group4/hc_o,0,304,0.0,0.0
check_s1_o_tag + csr_group5/hc_o,0,304,0.0,0.0
check_s1_o_tag + csr_group6/hc_o,0,304,0.0,0.0
check_s1_o_tag + csr_group7/hc_o,0,304,0.0,0.0
check_s1_o_tag + csr_group8/hc_o,0,304,0.0,0.0
check_s1_o_tag + csr_group9/hc_o,0,304,0.0,0.0
check_s1_o_tag + csr_group10/hc_o,0,304,0.0,0.0
check_s1_o_tag + csr_group11/hc_o,0,304,0.0,0.0
check_s1_o_tag + csr_group13/hc_o,0,304,0.0,0.0
check_s1_o_tag + csr_group16/hc_o,0,304,0.0,0.0
check_s1_o_tag + csr_group17/hc_o,0,304,0.0,0.0
check_s1_o_tag + lsu_group1/hc_o,0,304,0.0,0.0
check_s1_o_tag + lsu_group2/hc_o,0,304,0.0,0.0
check_s1_o_tag + lsu_group3/hc_o,0,304,0.0,0.0
check_s1_o_tag + lsu_group4/hc_o,0,304,0.0,0.0
check_s1_o_tag + lsu_group5/hc_o,0,304,0.0,0.0
check_s2_o_tag + id_group6/hc_o,0,304,0.0,0.0
check_s2_o_tag + id_group7/hc_o,0,304,0.0,0.0
check_s2_o_tag + id_group8/hc_o,0,304,0.0,0.0
check_s2_o_tag + csr_group0/hc_o,0,304,0.0,0.0
check_s2_o_tag + csr_group1/hc_o,0,304,0.0,0.0
check_s2_o_tag + csr_group2/hc_o,0,304,0.0,0.0
check_s2_o_tag + csr_group3/hc_o,0,304,0.0,0.0
check_s2_o_tag + csr_group4/hc_o,0,304,0.0,0.0
check_s2_o_tag + csr_group5/hc_o,0,304,0.0,0.0
check_s2_o_tag + csr_group6/hc_o,0,304,0.0,0.0
check_s2_o_tag + csr_group7/hc_o,0,304,0.0,0.0
check_s2_o_tag + csr_group8/hc_o,0,304,0.0,0.0
check_s2_o_tag + csr_group9/hc_o,0,304,0.0,0.0
check_s2_o_tag + csr_group10/hc_o,0,304,0.0,0.0
check_s2_o_tag + csr_group11/hc_o,0,304,0.0,0.0
check_s2_o_tag + csr_group13/hc_o,0,304,0.0,0.0
check_s2_o_tag + csr_group16/hc_o,0,304,0.0,0.0
csr_group13/hc_o + pc_id_o_tag,0,304,0.0,0.0
csr_group16/hc_o + pc_id_o_tag,0,304,0.0,0.0
csr_group17/hc_o + pc_id_o_tag,0,304,0.0,0.0
lsu_group1/hc_o + pc_id_o_tag,0,304,0.0,0.0
lsu_group2/hc_o + pc_id_o_tag,0,304,0.0,0.0
lsu_group3/hc_o + pc_id_o_tag,0,304,0.0,0.0
lsu_group4/hc_o + pc_id_o_tag,0,304,0.0,0.0
lsu_group5/hc_o + pc_id_o_tag,0,304,0.0,0.0
check_s2_o_tag + csr_group17/hc_o,0,304,0.0,0.0
check_s2_o_tag + lsu_group1/hc_o,0,304,0.0,0.0
check_s2_o_tag + lsu_group2/hc_o,0,304,0.0,0.0
check_s2_o_tag + lsu_group3/hc_o,0,304,0.0,0.0
check_s2_o_tag + lsu_group4/hc_o,0,304,0.0,0.0
check_s2_o_tag + lsu_group5/hc_o,0,304,0.0,0.0
id_group6/hc_o + is_store_post_o_tag,0,304,0.0,0.0
id_group7/hc_o + is_store_post_o_tag,0,304,0.0,0.0
id_group8/hc_o + is_store_post_o_tag,0,304,0.0,0.0
csr_group0/hc_o + is_store_post_o_tag,0,304,0.0,0.0
csr_group1/hc_o + is_store_post_o_tag,0,304,0.0,0.0
csr_group2/hc_o + is_store_post_o_tag,0,304,0.0,0.0
csr_group3/hc_o + is_store_post_o_tag,0,304,0.0,0.0
csr_group4/hc_o + is_store_post_o_tag,0,304,0.0,0.0
csr_group5/hc_o + is_store_post_o_tag,0,304,0.0,0.0
csr_group6/hc_o + is_store_post_o_tag,0,304,0.0,0.0
csr_group7/hc_o + is_store_post_o_tag,0,304,0.0,0.0
csr_group8/hc_o + is_store_post_o_tag,0,304,0.0,0.0
csr_group9/hc_o + is_store_post_o_tag,0,304,0.0,0.0
csr_group10/hc_o + is_store_post_o_tag,0,304,0.0,0.0
csr_group11/hc_o + is_store_post_o_tag,0,304,0.0,0.0
csr_group13/hc_o + is_store_post_o_tag,0,304,0.0,0.0
csr_group16/hc_o + is_store_post_o_tag,0,304,0.0,0.0
csr_group17/hc_o + is_store_post_o_tag,0,304,0.0,0.0
is_store_post_o_tag + lsu_group1/hc_o,0,304,0.0,0.0
is_store_post_o_tag + lsu_group2/hc_o,0,304,0.0,0.0
is_store_post_o_tag + lsu_group3/hc_o,0,304,0.0,0.0
is_store_post_o_tag + lsu_group4/hc_o,0,304,0.0,0.0
is_store_post_o_tag + lsu_group5/hc_o,0,304,0.0,0.0
id_group6/hc_o + memory_set_o_tag,0,304,0.0,0.0
id_group7/hc_o + memory_set_o_tag,0,304,0.0,0.0
id_group8/hc_o + memory_set_o_tag,0,304,0.0,0.0
csr_group0/hc_o + memory_set_o_tag,0,304,0.0,0.0
csr_group1/hc_o + memory_set_o_tag,0,304,0.0,0.0
csr_group2/hc_o + memory_set_o_tag,0,304,0.0,0.0
csr_group3/hc_o + memory_set_o_tag,0,304,0.0,0.0
csr_group4/hc_o + memory_set_o_tag,0,304,0.0,0.0
csr_group5/hc_o + memory_set_o_tag,0,304,0.0,0.0
csr_group6/hc_o + memory_set_o_tag,0,304,0.0,0.0
csr_group7/hc_o + memory_set_o_tag,0,304,0.0,0.0
csr_group8/hc_o + memory_set_o_tag,0,304,0.0,0.0
csr_group9/hc_o + memory_set_o_tag,0,304,0.0,0.0
csr_group10/hc_o + memory_set_o_tag,0,304,0.0,0.0
csr_group11/hc_o + memory_set_o_tag,0,304,0.0,0.0
csr_group13/hc_o + memory_set_o_tag,0,304,0.0,0.0
csr_group16/hc_o + memory_set_o_tag,0,304,0.0,0.0
csr_group17/hc_o + memory_set_o_tag,0,304,0.0,0.0
lsu_group1/hc_o + memory_set_o_tag,0,304,0.0,0.0
lsu_group2/hc_o + memory_set_o_tag,0,304,0.0,0.0
lsu_group3/hc_o + memory_set_o_tag,0,304,0.0,0.0
lsu_group4/hc_o + memory_set_o_tag,0,304,0.0,0.0
lsu_group5/hc_o + memory_set_o_tag,0,304,0.0,0.0
id_group6/hc_o + pc_if_o_tag,0,304,0.0,0.0
id_group7/hc_o + pc_if_o_tag,0,304,0.0,0.0
id_group8/hc_o + pc_if_o_tag,0,304,0.0,0.0
csr_group0/hc_o + pc_if_o_tag,0,304,0.0,0.0
csr_group1/hc_o + pc_if_o_tag,0,304,0.0,0.0
csr_group2/hc_o + pc_if_o_tag,0,304,0.0,0.0
csr_group3/hc_o + pc_if_o_tag,0,304,0.0,0.0
csr_group4/hc_o + pc_if_o_tag,0,304,0.0,0.0
csr_group5/hc_o + pc_if_o_tag,0,304,0.0,0.0
csr_group6/hc_o + pc_if_o_tag,0,304,0.0,0.0
csr_group7/hc_o + pc_if_o_tag,0,304,0.0,0.0
csr_group8/hc_o + pc_if_o_tag,0,304,0.0,0.0
csr_group9/hc_o + pc_if_o_tag,0,304,0.0,0.0
if_stage/hc_o + if_stage/sd_o,0,304,0.0,0.0
if_stage/hc_o + sd_o_rf_tag,0,304,0.0,0.0
alu_operator_o_mode/hc_o + pc_if_o_tag/sd_o,0,304,0.0,0.0
pc_if_o_tag/sd_o + rdata_offset_q_tag/hc_o,0,304,0.0,0.0
data_type_q_tag/hc_o + pc_if_o_tag/sd_o,0,304,0.0,0.0
pc_if_o_tag/sd_o + rdata_q_tag/hc_o,0,304,0.0,0.0
alu_operator_o_mode/hc_o + pc_id_o_tag/sd_o,0,304,0.0,0.0
pc_id_o_tag/sd_o + rdata_offset_q_tag/hc_o,0,304,0.0,0.0
data_type_q_tag/hc_o + pc_id_o_tag/sd_o,0,304,0.0,0.0
pc_id_o_tag/sd_o + rdata_q_tag/hc_o,0,304,0.0,0.0
alu_operator_o_mode/hc_o + sd_o_5,0,304,0.0,0.0
rdata_offset_q_tag/hc_o + sd_o_5,0,304,0.0,0.0
data_type_q_tag/hc_o + sd_o_5,0,304,0.0,0.0
rdata_q_tag/hc_o + sd_o_5,0,304,0.0,0.0
alu_operator_o_mode/hc_o + store_dest_addr_ex_o_tag/sd_o,0,304,0.0,0.0
alu_operator_o_mode/hc_o + store_source_ex_o_tag/sd_o,0,304,0.0,0.0
alu_operator_o_mode/hc_o + use_store_ops_ex_o/sd_o,0,304,0.0,0.0
alu_operand_a_ex_o_tag/sd_o + alu_operator_o_mode/hc_o,0,304,0.0,0.0
alu_operand_b_ex_o_tag/sd_o + alu_operator_o_mode/hc_o,0,304,0.0,0.0
alu_operand_c_ex_o_tag/sd_o + alu_operator_o_mode/hc_o,0,304,0.0,0.0
alu_operator_o_mode/hc_o + check_s1_o_tag/sd_o,0,304,0.0,0.0
alu_operator_o_mode/hc_o + check_s2_o_tag/sd_o,0,304,0.0,0.0
alu_operator_o_mode/hc_o + check_d_o_tag/sd_o,0,304,0.0,0.0
alu_operator_o_mode/hc_o + register_set_o_tag/sd_o,0,304,0.0,0.0
alu_operator_o_mode/hc_o + is_store_post_o_tag/sd_o,0,304,0.0,0.0
alu_operator_o_mode/hc_o + memory_set_o_tag/sd_o,0,304,0.0,0.0
alu_operator_o_mode/hc_o + sd_o_rf_tag,0,304,0.0,0.0
alu_operator_o_mode/hc_o + rs1_o_tag/sd_o,0,304,0.0,0.0
alu_operator_o_mode/hc_o + data_we_q_tag/sd_o,0,304,0.0,0.0
alu_operator_o_mode/hc_o + rdata_offset_q_tag/sd_o,0,304,0.0,0.0
alu_operator_o_mode/hc_o + data_type_q_tag/sd_o,0,304,0.0,0.0
alu_operator_o_mode/hc_o + rdata_q_tag/sd_o,0,304,0.0,0.0
alu_operator_o_mode/sd_o + rdata_offset_q_tag/hc_o,0,304,0.0,0.0
alu_operator_o_mode/sd_o + data_type_q_tag/hc_o,0,304,0.0,0.0
alu_operator_o_mode/sd_o + rdata_q_tag/hc_o,0,304,0.0,0.0
rdata_offset_q_tag/hc_o + store_dest_addr_ex_o_tag/sd_o,0,304,0.0,0.0
data_type_q_tag/hc_o + store_dest_addr_ex_o_tag/sd_o,0,304,0.0,0.0
rdata_q_tag/hc_o + store_dest_addr_ex_o_tag/sd_o,0,304,0.0,0.0
rdata_offset_q_tag/hc_o + store_source_ex_o_tag/sd_o,0,304,0.0,0.0
data_type_q_tag/hc_o + store_source_ex_o_tag/sd_o,0,304,0.0,0.0
rdata_q_tag/hc_o + store_source_ex_o_tag/sd_o,0,304,0.0,0.0
rdata_offset_q_tag/hc_o + use_store_ops_ex_o/sd_o,0,304,0.0,0.0
data_type_q_tag/hc_o + use_store_ops_ex_o/sd_o,0,304,0.0,0.0
rdata_q_tag/hc_o + use_store_ops_ex_o/sd_o,0,304,0.0,0.0
alu_operand_a_ex_o_tag/sd_o + rdata_offset_q_tag/hc_o,0,304,0.0,0.0
alu_operand_a_ex_o_tag/sd_o + data_type_q_tag/hc_o,0,304,0.0,0.0
alu_operand_a_ex_o_tag/sd_o + rdata_q_tag/hc_o,0,304,0.0,0.0
alu_operand_b_ex_o_tag/sd_o + rdata_offset_q_tag/hc_o,0,304,0.0,0.0
alu_operand_b_ex_o_tag/sd_o + data_type_q_tag/hc_o,0,304,0.0,0.0
alu_operand_b_ex_o_tag/sd_o + rdata_q_tag/hc_o,0,304,0.0,0.0
alu_operand_c_ex_o_tag/sd_o + rdata_offset_q_tag/hc_o,0,304,0.0,0.0
alu_operand_c_ex_o_tag/sd_o + data_type_q_tag/hc_o,0,304,0.0,0.0
alu_operand_c_ex_o_tag/sd_o + rdata_q_tag/hc_o,0,304,0.0,0.0
check_s1_o_tag/sd_o + rdata_offset_q_tag/hc_o,0,304,0.0,0.0
check_s1_o_tag/sd_o + data_type_q_tag/hc_o,0,304,0.0,0.0
check_s1_o_tag/sd_o + rdata_q_tag/hc_o,0,304,0.0,0.0
check_s2_o_tag/sd_o + rdata_offset_q_tag/hc_o,0,304,0.0,0.0
check_s2_o_tag/sd_o + data_type_q_tag/hc_o,0,304,0.0,0.0
check_s2_o_tag/sd_o + rdata_q_tag/hc_o,0,304,0.0,0.0
check_d_o_tag/sd_o + rdata_offset_q_tag/hc_o,0,304,0.0,0.0
check_d_o_tag/sd_o + data_type_q_tag/hc_o,0,304,0.0,0.0
check_d_o_tag/sd_o + rdata_q_tag/hc_o,0,304,0.0,0.0
rdata_offset_q_tag/hc_o + register_set_o_tag/sd_o,0,304,0.0,0.0
data_type_q_tag/hc_o + register_set_o_tag/sd_o,0,304,0.0,0.0
rdata_q_tag/hc_o + register_set_o_tag/sd_o,0,304,0.0,0.0
is_store_post_o_tag/sd_o + rdata_offset_q_tag/hc_o,0,304,0.0,0.0
data_type_q_tag/hc_o + is_store_post_o_tag/sd_o,0,304,0.0,0.0
is_store_post_o_tag/sd_o + rdata_q_tag/hc_o,0,304,0.0,0.0
memory_set_o_tag/sd_o + rdata_offset_q_tag/hc_o,0,304,0.0,0.0
data_type_q_tag/hc_o + memory_set_o_tag/sd_o,0,304,0.0,0.0
memory_set_o_tag/sd_o + rdata_q_tag/hc_o,0,304,0.0,0.0
rdata_offset_q_tag/hc_o + sd_o_rf_tag,0,304,0.0,0.0
data_type_q_tag/hc_o + sd_o_rf_tag,0,304,0.0,0.0
rdata_q_tag/hc_o + sd_o_rf_tag,0,304,0.0,0.0
rdata_offset_q_tag/hc_o + rs1_o_tag/sd_o,0,304,0.0,0.0
data_type_q_tag/hc_o + rs1_o_tag/sd_o,0,304,0.0,0.0
rdata_q_tag/hc_o + rs1_o_tag/sd_o,0,304,0.0,0.0
data_we_q_tag/sd_o + rdata_offset_q_tag/hc_o,0,304,0.0,0.0
data_type_q_tag/hc_o + data_we_q_tag/sd_o,0,304,0.0,0.0
data_we_q_tag/sd_o + rdata_q_tag/hc_o,0,304,0.0,0.0
rdata_offset_q_tag/hc_o + rdata_offset_q_tag/sd_o,0,304,0.0,0.0
data_type_q_tag/sd_o + rdata_offset_q_tag/hc_o,0,304,0.0,0.0
rdata_offset_q_tag/hc_o + rdata_q_tag/sd_o,0,304,0.0,0.0
data_type_q_tag/hc_o + rdata_offset_q_tag/sd_o,0,304,0.0,0.0
rdata_offset_q_tag/sd_o + rdata_q_tag/hc_o,0,304,0.0,0.0
data_type_q_tag/hc_o + data_type_q_tag/sd_o,0,304,0.0,0.0
data_type_q_tag/hc_o + rdata_q_tag/sd_o,0,304,0.0,0.0
data_type_q_tag/sd_o + rdata_q_tag/hc_o,0,304,0.0,0.0
rdata_q_tag/hc_o + rdata_q_tag/sd_o,0,304,0.0,0.0
lsu_reg/hc_o + rf_reg[0],0,288,0.0,0.0
lsu_reg/hc_o + rf_reg[1],0,288,0.0,0.0
lsu_reg/hc_o + rf_reg[2],0,288,0.0,0.0
lsu_reg/hc_o + rf_reg[3],0,288,0.0,0.0
alu_operand_a_ex_o_tag + lsu_reg/hc_o,0,288,0.0,0.0
lsu_reg/hc_o + rf_reg[4],0,288,0.0,0.0
lsu_reg/hc_o + rf_reg[5],0,288,0.0,0.0
lsu_reg/hc_o + rf_reg[6],0,288,0.0,0.0
lsu_reg/hc_o + rf_reg[7],0,288,0.0,0.0
lsu_reg/hc_o + rf_reg[8],0,288,0.0,0.0
lsu_reg/hc_o + rf_reg[9],0,288,0.0,0.0
lsu_reg/hc_o + rf_reg[10],0,288,0.0,0.0
lsu_reg/hc_o + rf_reg[11],0,288,0.0,0.0
lsu_reg/hc_o + rf_reg[12],0,288,0.0,0.0
lsu_reg/hc_o + rf_reg[13],0,288,0.0,0.0
lsu_reg/hc_o + rf_reg[14],0,288,0.0,0.0
alu_operand_b_ex_o_tag + lsu_reg/hc_o,0,288,0.0,0.0
lsu_reg/hc_o + rf_reg[15],0,288,0.0,0.0
lsu_reg/hc_o + rf_reg[16],0,288,0.0,0.0
lsu_reg/hc_o + rf_reg[17],0,288,0.0,0.0
lsu_reg/hc_o + rf_reg[18],0,288,0.0,0.0
lsu_reg/hc_o + rf_reg[19],0,288,0.0,0.0
lsu_reg/hc_o + rf_reg[20],0,288,0.0,0.0
lsu_reg/hc_o + rf_reg[21],0,288,0.0,0.0
lsu_reg/hc_o + rf_reg[22],0,288,0.0,0.0
lsu_reg/hc_o + rf_reg[23],0,288,0.0,0.0
lsu_reg/hc_o + rf_reg[24],0,288,0.0,0.0
lsu_reg/hc_o + rf_reg[25],0,288,0.0,0.0
lsu_reg/hc_o + rf_reg[26],0,288,0.0,0.0
lsu_reg/hc_o + rf_reg[27],0,288,0.0,0.0
alu_operand_c_ex_o_tag + lsu_reg/hc_o,0,288,0.0,0.0
lsu_reg/hc_o + rf_reg[28],0,288,0.0,0.0
lsu_reg/hc_o + rf_reg[29],0,288,0.0,0.0
lsu_reg/hc_o + rf_reg[30],0,288,0.0,0.0
lsu_reg/hc_o + rf_reg[31],0,288,0.0,0.0
lsu_reg/hc_o + rs1_o_tag,0,288,0.0,0.0
data_we_q_tag + lsu_reg/hc_o,0,288,0.0,0.0
check_d_o_tag + lsu_reg/hc_o,0,288,0.0,0.0
check_s1_o_tag + lsu_reg/hc_o,0,288,0.0,0.0
check_s2_o_tag + lsu_reg/hc_o,0,288,0.0,0.0
is_store_post_o_tag + lsu_reg/hc_o,0,288,0.0,0.0
lsu_reg/hc_o + pc_id_o_tag,0,288,0.0,0.0
lsu_reg/hc_o + memory_set_o_tag,0,288,0.0,0.0
lsu_reg/hc_o + pc_if_o_tag,0,288,0.0,0.0
lsu_reg/hc_o + register_set_o_tag,0,288,0.0,0.0
lsu_reg/hc_o + store_dest_addr_ex_o_tag,0,288,0.0,0.0
lsu_reg/hc_o + store_source_ex_o_tag,0,288,0.0,0.0
lsu_reg/hc_o + use_store_ops_ex_o,0,288,0.0,0.0
rdata_q_tag + sd_o_26,0,288,0.0,0.0
hc_o_5 + sd_o_26,0,288,0.0,0.0
lsu/hc_o + store_source_ex_o_tag,0,288,0.0,0.0
lsu/hc_o + use_store_ops_ex_o,0,288,0.0,0.0
lsu/hc_o + rf_reg[0],0,288,0.0,0.0
lsu/hc_o + rf_reg[1],0,288,0.0,0.0
alu_operand_a_ex_o_tag + lsu/hc_o,0,288,0.0,0.0
lsu/hc_o + rf_reg[2],0,288,0.0,0.0
lsu/hc_o + rf_reg[3],0,288,0.0,0.0
lsu/hc_o + rf_reg[4],0,288,0.0,0.0
lsu/hc_o + rf_reg[5],0,288,0.0,0.0
lsu/hc_o + rf_reg[6],0,288,0.0,0.0
lsu/hc_o + rf_reg[7],0,288,0.0,0.0
lsu/hc_o + rf_reg[8],0,288,0.0,0.0
lsu/hc_o + rf_reg[9],0,288,0.0,0.0
lsu/hc_o + rf_reg[10],0,288,0.0,0.0
lsu/hc_o + rf_reg[11],0,288,0.0,0.0
lsu/hc_o + rf_reg[12],0,288,0.0,0.0
lsu/hc_o + rf_reg[13],0,288,0.0,0.0
lsu/hc_o + rf_reg[14],0,288,0.0,0.0
lsu/hc_o + rf_reg[15],0,288,0.0,0.0
alu_operand_b_ex_o_tag + lsu/hc_o,0,288,0.0,0.0
lsu/hc_o + rf_reg[16],0,288,0.0,0.0
lsu/hc_o + rf_reg[17],0,288,0.0,0.0
lsu/hc_o + rf_reg[18],0,288,0.0,0.0
lsu/hc_o + rf_reg[19],0,288,0.0,0.0
lsu/hc_o + rf_reg[20],0,288,0.0,0.0
lsu/hc_o + rf_reg[21],0,288,0.0,0.0
lsu/hc_o + rf_reg[22],0,288,0.0,0.0
lsu/hc_o + rf_reg[23],0,288,0.0,0.0
lsu/hc_o + rf_reg[24],0,288,0.0,0.0
lsu/hc_o + rf_reg[25],0,288,0.0,0.0
lsu/hc_o + rf_reg[26],0,288,0.0,0.0
lsu/hc_o + rf_reg[27],0,288,0.0,0.0
alu_operand_c_ex_o_tag + lsu/hc_o,0,288,0.0,0.0
lsu/hc_o + rf_reg[28],0,288,0.0,0.0
lsu/hc_o + rf_reg[29],0,288,0.0,0.0
lsu/hc_o + rf_reg[30],0,288,0.0,0.0
lsu/hc_o + rf_reg[31],0,288,0.0,0.0
lsu/hc_o + rs1_o_tag,0,288,0.0,0.0
data_we_q_tag + lsu/hc_o,0,288,0.0,0.0
id_stage/sd_o + rdata_q_tag,0,288,0.0,0.0
ex_stage/sd_o + rdata_q_tag,0,288,0.0,0.0
lsu/sd_o + rdata_q_tag,0,288,0.0,0.0
if_stage/sd_o + lsu/hc_o,0,288,0.0,0.0
id_stage/sd_o + lsu/hc_o,0,288,0.0,0.0
lsu/hc_o + sd_o_rf_tag,0,288,0.0,0.0
ex_stage/sd_o + lsu/hc_o,0,288,0.0,0.0
check_d_o_tag + lsu/hc_o,0,288,0.0,0.0
lsu/hc_o + tpr/sd_o_32,0,288,0.0,0.0
lsu/hc_o + tcr/sd_o_32,0,288,0.0,0.0
lsu/hc_o + lsu/sd_o,0,288,0.0,0.0
check_s1_o_tag + lsu/hc_o,0,288,0.0,0.0
check_s2_o_tag + lsu/hc_o,0,288,0.0,0.0
is_store_post_o_tag + lsu/hc_o,0,288,0.0,0.0
lsu/hc_o + pc_id_o_tag,0,288,0.0,0.0
lsu/hc_o + memory_set_o_tag,0,288,0.0,0.0
lsu/hc_o + pc_if_o_tag,0,288,0.0,0.0
lsu/hc_o + register_set_o_tag,0,288,0.0,0.0
lsu/hc_o + store_dest_addr_ex_o_tag,0,288,0.0,0.0
rdata_q_tag + tpr_arith/sd_o,0,288,0.0,0.0
rdata_q_tag + tpr_branch/sd_o,0,288,0.0,0.0
rdata_q_tag + tpr_jump/sd_o,0,288,0.0,0.0
rdata_q_tag + tpr_shift/sd_o,0,288,0.0,0.0
rdata_q_tag + tpr_comparison/sd_o,0,288,0.0,0.0
rdata_q_tag + tpr_logical/sd_o,0,288,0.0,0.0
rdata_q_tag + tpr_load_store_mode/sd_o,0,288,0.0,0.0
rdata_q_tag + tpr_load_store_enable/sd_o,0,288,0.0,0.0
rdata_q_tag + tcr_arith/sd_o,0,288,0.0,0.0
rdata_q_tag + tcr_branch/sd_o,0,288,0.0,0.0
rdata_q_tag + tcr_jump/sd_o,0,288,0.0,0.0
rdata_q_tag + tcr_shift/sd_o,0,288,0.0,0.0
rdata_q_tag + tcr_comparison/sd_o,0,288,0.0,0.0
rdata_q_tag + tcr_logical/sd_o,0,288,0.0,0.0
rdata_q_tag + tcr_load_store/sd_o,0,288,0.0,0.0
hc_o_5 + tpr_arith/sd_o,0,288,0.0,0.0
hc_o_5 + tpr_branch/sd_o,0,288,0.0,0.0
hc_o_5 + tpr_jump/sd_o,0,288,0.0,0.0
hc_o_5 + tpr_shift/sd_o,0,288,0.0,0.0
hc_o_5 + tpr_comparison/sd_o,0,288,0.0,0.0
hc_o_5 + tpr_logical/sd_o,0,288,0.0,0.0
hc_o_5 + tpr_load_store_mode/sd_o,0,288,0.0,0.0
hc_o_5 + tpr_load_store_enable/sd_o,0,288,0.0,0.0
hc_o_5 + tcr_arith/sd_o,0,288,0.0,0.0
hc_o_5 + tcr_branch/sd_o,0,288,0.0,0.0
hc_o_5 + tcr_jump/sd_o,0,288,0.0,0.0
hc_o_5 + tcr_shift/sd_o,0,288,0.0,0.0
hc_o_5 + tcr_comparison/sd_o,0,288,0.0,0.0
hc_o_5 + tcr_logical/sd_o,0,288,0.0,0.0
hc_o_5 + tcr_load_store/sd_o,0,288,0.0,0.0
hc_o_5 + tcr_execute/sd_o,0,288,0.0,0.0
id_group0/sd_o + rdata_q_tag,0,288,0.0,0.0
id_group1/sd_o + rdata_q_tag,0,288,0.0,0.0
id_group2/sd_o + rdata_q_tag,0,288,0.0,0.0
id_group3/sd_o + rdata_q_tag,0,288,0.0,0.0
id_group4/sd_o + rdata_q_tag,0,288,0.0,0.0
id_group5/sd_o + rdata_q_tag,0,288,0.0,0.0
id_group6/sd_o + rdata_q_tag,0,288,0.0,0.0
id_group7/sd_o + rdata_q_tag,0,288,0.0,0.0
id_group8/sd_o + rdata_q_tag,0,288,0.0,0.0
id_group9/sd_o + rdata_q_tag,0,288,0.0,0.0
csr_group0/sd_o + rdata_q_tag,0,288,0.0,0.0
csr_group1/sd_o + rdata_q_tag,0,288,0.0,0.0
csr_group2/sd_o + rdata_q_tag,0,288,0.0,0.0
csr_group3/sd_o + rdata_q_tag,0,288,0.0,0.0
csr_group4/sd_o + rdata_q_tag,0,288,0.0,0.0
csr_group5/sd_o + rdata_q_tag,0,288,0.0,0.0
csr_group6/sd_o + rdata_q_tag,0,288,0.0,0.0
csr_group7/sd_o + rdata_q_tag,0,288,0.0,0.0
csr_group8/sd_o + rdata_q_tag,0,288,0.0,0.0
csr_group9/sd_o + rdata_q_tag,0,288,0.0,0.0
csr_group10/sd_o + rdata_q_tag,0,288,0.0,0.0
csr_group11/sd_o + rdata_q_tag,0,288,0.0,0.0
csr_group12/sd_o + rdata_q_tag,0,288,0.0,0.0
csr_group13/sd_o + rdata_q_tag,0,288,0.0,0.0
csr_group14/sd_o + rdata_q_tag,0,288,0.0,0.0
csr_group15/sd_o + rdata_q_tag,0,288,0.0,0.0
csr_group16/sd_o + rdata_q_tag,0,288,0.0,0.0
csr_group17/sd_o + rdata_q_tag,0,288,0.0,0.0
csr_group18/sd_o + rdata_q_tag,0,288,0.0,0.0
csr_group19/sd_o + rdata_q_tag,0,288,0.0,0.0
csr_group20/sd_o + rdata_q_tag,0,288,0.0,0.0
lsu_group1/sd_o + rdata_q_tag,0,288,0.0,0.0
lsu_group2/sd_o + rdata_q_tag,0,288,0.0,0.0
lsu_group3/sd_o + rdata_q_tag,0,288,0.0,0.0
lsu_group4/sd_o + rdata_q_tag,0,288,0.0,0.0
lsu_group5/sd_o + rdata_q_tag,0,288,0.0,0.0
rdata_q_tag + sp_o_5,0,288,0.0,0.0
rdata_q_tag + sp_o_26,0,288,0.0,0.0
rdata_q_tag + sp_o_rf_tag,0,288,0.0,0.0
sd_o_26 + tcr_q,0,256,0.0,0.0
sd_o_26 + tpr_q,0,256,0.0,0.0
id_stage/sd_o + tcr_q,0,256,0.0,0.0
ex_stage/sd_o + tcr_q,0,256,0.0,0.0
lsu/sd_o + tcr_q,0,256,0.0,0.0
id_stage/sd_o + tpr_q,0,256,0.0,0.0
ex_stage/sd_o + tpr_q,0,256,0.0,0.0
lsu/sd_o + tpr_q,0,256,0.0,0.0
tpr_arith/sd_o + tpr_q,0,256,0.0,0.0
tpr_branch/sd_o + tpr_q,0,256,0.0,0.0
tpr_jump/sd_o + tpr_q,0,256,0.0,0.0
tpr_q + tpr_shift/sd_o,0,256,0.0,0.0
tpr_comparison/sd_o + tpr_q,0,256,0.0,0.0
tpr_logical/sd_o + tpr_q,0,256,0.0,0.0
tpr_load_store_mode/sd_o + tpr_q,0,256,0.0,0.0
tpr_load_store_enable/sd_o + tpr_q,0,256,0.0,0.0
tcr_arith/sd_o + tpr_q,0,256,0.0,0.0
tcr_branch/sd_o + tpr_q,0,256,0.0,0.0
tcr_jump/sd_o + tpr_q,0,256,0.0,0.0
tcr_shift/sd_o + tpr_q,0,256,0.0,0.0
tcr_comparison/sd_o + tpr_q,0,256,0.0,0.0
tcr_logical/sd_o + tpr_q,0,256,0.0,0.0
tcr_load_store/sd_o + tpr_q,0,256,0.0,0.0
tcr_q + tpr_arith/sd_o,0,256,0.0,0.0
tcr_q + tpr_branch/sd_o,0,256,0.0,0.0
tcr_q + tpr_jump/sd_o,0,256,0.0,0.0
tcr_q + tpr_shift/sd_o,0,256,0.0,0.0
tcr_q + tpr_comparison/sd_o,0,256,0.0,0.0
tcr_q + tpr_logical/sd_o,0,256,0.0,0.0
tcr_q + tpr_load_store_mode/sd_o,0,256,0.0,0.0
tcr_q + tpr_load_store_enable/sd_o,0,256,0.0,0.0
tcr_arith/sd_o + tcr_q,0,256,0.0,0.0
tcr_branch/sd_o + tcr_q,0,256,0.0,0.0
tcr_jump/sd_o + tcr_q,0,256,0.0,0.0
tcr_q + tcr_shift/sd_o,0,256,0.0,0.0
tcr_comparison/sd_o + tcr_q,0,256,0.0,0.0
tcr_logical/sd_o + tcr_q,0,256,0.0,0.0
tcr_load_store/sd_o + tcr_q,0,256,0.0,0.0
id_group8/sd_o + tpr_q,0,256,0.0,0.0
id_group9/sd_o + tpr_q,0,256,0.0,0.0
csr_group0/sd_o + tpr_q,0,256,0.0,0.0
csr_group1/sd_o + tpr_q,0,256,0.0,0.0
csr_group2/sd_o + tpr_q,0,256,0.0,0.0
csr_group3/sd_o + tpr_q,0,256,0.0,0.0
csr_group4/sd_o + tpr_q,0,256,0.0,0.0
csr_group5/sd_o + tpr_q,0,256,0.0,0.0
csr_group6/sd_o + tpr_q,0,256,0.0,0.0
csr_group7/sd_o + tpr_q,0,256,0.0,0.0
csr_group8/sd_o + tpr_q,0,256,0.0,0.0
csr_group9/sd_o + tpr_q,0,256,0.0,0.0
csr_group10/sd_o + tpr_q,0,256,0.0,0.0
csr_group11/sd_o + tpr_q,0,256,0.0,0.0
csr_group12/sd_o + tpr_q,0,256,0.0,0.0
csr_group13/sd_o + tpr_q,0,256,0.0,0.0
csr_group14/sd_o + tpr_q,0,256,0.0,0.0
csr_group15/sd_o + tpr_q,0,256,0.0,0.0
csr_group16/sd_o + tpr_q,0,256,0.0,0.0
csr_group17/sd_o + tpr_q,0,256,0.0,0.0
csr_group18/sd_o + tpr_q,0,256,0.0,0.0
csr_group19/sd_o + tpr_q,0,256,0.0,0.0
csr_group20/sd_o + tpr_q,0,256,0.0,0.0
lsu_group1/sd_o + tpr_q,0,256,0.0,0.0
lsu_group2/sd_o + tpr_q,0,256,0.0,0.0
lsu_group3/sd_o + tpr_q,0,256,0.0,0.0
lsu_group4/sd_o + tpr_q,0,256,0.0,0.0
lsu_group5/sd_o + tpr_q,0,256,0.0,0.0
id_group0/sd_o + tpr_q,0,256,0.0,0.0
id_group1/sd_o + tpr_q,0,256,0.0,0.0
id_group2/sd_o + tpr_q,0,256,0.0,0.0
id_group3/sd_o + tpr_q,0,256,0.0,0.0
id_group4/sd_o + tpr_q,0,256,0.0,0.0
id_group5/sd_o + tpr_q,0,256,0.0,0.0
id_group6/sd_o + tpr_q,0,256,0.0,0.0
id_group7/sd_o + tpr_q,0,256,0.0,0.0
id_group0/sd_o + tcr_q,0,256,0.0,0.0
id_group1/sd_o + tcr_q,0,256,0.0,0.0
id_group2/sd_o + tcr_q,0,256,0.0,0.0
id_group3/sd_o + tcr_q,0,256,0.0,0.0
id_group4/sd_o + tcr_q,0,256,0.0,0.0
id_group5/sd_o + tcr_q,0,256,0.0,0.0
id_group6/sd_o + tcr_q,0,256,0.0,0.0
id_group7/sd_o + tcr_q,0,256,0.0,0.0
id_group8/sd_o + tcr_q,0,256,0.0,0.0
id_group9/sd_o + tcr_q,0,256,0.0,0.0
csr_group0/sd_o + tcr_q,0,256,0.0,0.0
csr_group1/sd_o + tcr_q,0,256,0.0,0.0
csr_group2/sd_o + tcr_q,0,256,0.0,0.0
csr_group3/sd_o + tcr_q,0,256,0.0,0.0
csr_group4/sd_o + tcr_q,0,256,0.0,0.0
csr_group5/sd_o + tcr_q,0,256,0.0,0.0
csr_group6/sd_o + tcr_q,0,256,0.0,0.0
csr_group7/sd_o + tcr_q,0,256,0.0,0.0
csr_group8/sd_o + tcr_q,0,256,0.0,0.0
csr_group9/sd_o + tcr_q,0,256,0.0,0.0
csr_group10/sd_o + tcr_q,0,256,0.0,0.0
csr_group11/sd_o + tcr_q,0,256,0.0,0.0
csr_group12/sd_o + tcr_q,0,256,0.0,0.0
csr_group13/sd_o + tcr_q,0,256,0.0,0.0
csr_group14/sd_o + tcr_q,0,256,0.0,0.0
csr_group15/sd_o + tcr_q,0,256,0.0,0.0
csr_group16/sd_o + tcr_q,0,256,0.0,0.0
csr_group17/sd_o + tcr_q,0,256,0.0,0.0
csr_group18/sd_o + tcr_q,0,256,0.0,0.0
csr_group19/sd_o + tcr_q,0,256,0.0,0.0
csr_group20/sd_o + tcr_q,0,256,0.0,0.0
lsu_group1/sd_o + tcr_q,0,256,0.0,0.0
lsu_group2/sd_o + tcr_q,0,256,0.0,0.0
lsu_group3/sd_o + tcr_q,0,256,0.0,0.0
lsu_group4/sd_o + tcr_q,0,256,0.0,0.0
lsu_group5/sd_o + tcr_q,0,256,0.0,0.0
sp_o_5 + tcr_q,0,256,0.0,0.0
sp_o_26 + tcr_q,0,256,0.0,0.0
sp_o_rf_tag + tcr_q,0,256,0.0,0.0
sp_o_5 + tpr_q,0,256,0.0,0.0
sp_o_26 + tpr_q,0,256,0.0,0.0
sp_o_rf_tag + tpr_q,0,256,0.0,0.0
data_type_q_tag + sd_o_5,0,240,0.0,0.0
data_type_q_tag + tpr/sd_o_32,0,240,0.0,0.0
data_type_q_tag + tcr/sd_o_32,0,240,0.0,0.0
rdata_offset_q_tag + sd_o_5,0,240,0.0,0.0
rdata_offset_q_tag + tpr/sd_o_32,0,240,0.0,0.0
rdata_offset_q_tag + tcr/sd_o_32,0,240,0.0,0.0
alu_operator_o_mode + sd_o_5,0,240,0.0,0.0
alu_operator_o_mode + tpr/sd_o_32,0,240,0.0,0.0
alu_operator_o_mode + tcr/sd_o_32,0,240,0.0,0.0
alu_operand_a_ex_o_tag + sd_o_rf_tag,0,200,0.0,0.0
rf_reg[0] + sd_o_rf_tag,0,200,0.0,0.0
rf_reg[1] + sd_o_rf_tag,0,200,0.0,0.0
rf_reg[2] + sd_o_rf_tag,0,200,0.0,0.0
rf_reg[3] + sd_o_rf_tag,0,200,0.0,0.0
rf_reg[4] + sd_o_rf_tag,0,200,0.0,0.0
rf_reg[5] + sd_o_rf_tag,0,200,0.0,0.0
rf_reg[6] + sd_o_rf_tag,0,200,0.0,0.0
rf_reg[7] + sd_o_rf_tag,0,200,0.0,0.0
rf_reg[8] + sd_o_rf_tag,0,200,0.0,0.0
rf_reg[9] + sd_o_rf_tag,0,200,0.0,0.0
rf_reg[10] + sd_o_rf_tag,0,200,0.0,0.0
rf_reg[11] + sd_o_rf_tag,0,200,0.0,0.0
rf_reg[12] + sd_o_rf_tag,0,200,0.0,0.0
rf_reg[13] + sd_o_rf_tag,0,200,0.0,0.0
rf_reg[14] + sd_o_rf_tag,0,200,0.0,0.0
alu_operand_b_ex_o_tag + sd_o_rf_tag,0,200,0.0,0.0
rf_reg[15] + sd_o_rf_tag,0,200,0.0,0.0
rf_reg[16] + sd_o_rf_tag,0,200,0.0,0.0
rf_reg[17] + sd_o_rf_tag,0,200,0.0,0.0
rf_reg[18] + sd_o_rf_tag,0,200,0.0,0.0
rf_reg[19] + sd_o_rf_tag,0,200,0.0,0.0
rf_reg[20] + sd_o_rf_tag,0,200,0.0,0.0
rf_reg[21] + sd_o_rf_tag,0,200,0.0,0.0
rf_reg[22] + sd_o_rf_tag,0,200,0.0,0.0
rf_reg[23] + sd_o_rf_tag,0,200,0.0,0.0
rf_reg[24] + sd_o_rf_tag,0,200,0.0,0.0
rf_reg[25] + sd_o_rf_tag,0,200,0.0,0.0
rf_reg[26] + sd_o_rf_tag,0,200,0.0,0.0
rf_reg[27] + sd_o_rf_tag,0,200,0.0,0.0
alu_operand_c_ex_o_tag + sd_o_rf_tag,0,200,0.0,0.0
rf_reg[28] + sd_o_rf_tag,0,200,0.0,0.0
rf_reg[29] + sd_o_rf_tag,0,200,0.0,0.0
rf_reg[30] + sd_o_rf_tag,0,200,0.0,0.0
rf_reg[31] + sd_o_rf_tag,0,200,0.0,0.0
rs1_o_tag + sd_o_rf_tag,0,200,0.0,0.0
data_we_q_tag + sd_o_rf_tag,0,200,0.0,0.0
check_d_o_tag + sd_o_rf_tag,0,200,0.0,0.0
pc_id_o_tag + sd_o_rf_tag,0,200,0.0,0.0
check_s1_o_tag + sd_o_rf_tag,0,200,0.0,0.0
check_s2_o_tag + sd_o_rf_tag,0,200,0.0,0.0
is_store_post_o_tag + sd_o_rf_tag,0,200,0.0,0.0
memory_set_o_tag + sd_o_rf_tag,0,200,0.0,0.0
pc_if_o_tag + sd_o_rf_tag,0,200,0.0,0.0
register_set_o_tag + sd_o_rf_tag,0,200,0.0,0.0
sd_o_rf_tag + store_dest_addr_ex_o_tag,0,200,0.0,0.0
sd_o_rf_tag + store_source_ex_o_tag,0,200,0.0,0.0
sd_o_rf_tag + use_store_ops_ex_o,0,200,0.0,0.0
alu_operand_a_ex_o_tag + ex_stage/hc_o,0,160,0.0,0.0
ex_stage/hc_o + rf_reg[0],0,160,0.0,0.0
ex_stage/hc_o + rf_reg[1],0,160,0.0,0.0
ex_stage/hc_o + rf_reg[2],0,160,0.0,0.0
ex_stage/hc_o + rf_reg[3],0,160,0.0,0.0
ex_stage/hc_o + rf_reg[4],0,160,0.0,0.0
ex_stage/hc_o + rf_reg[5],0,160,0.0,0.0
ex_stage/hc_o + rf_reg[6],0,160,0.0,0.0
ex_stage/hc_o + rf_reg[7],0,160,0.0,0.0
ex_stage/hc_o + rf_reg[8],0,160,0.0,0.0
ex_stage/hc_o + rf_reg[9],0,160,0.0,0.0
ex_stage/hc_o + rf_reg[10],0,160,0.0,0.0
alu_operand_b_ex_o_tag + ex_stage/hc_o,0,160,0.0,0.0
ex_stage/hc_o + rf_reg[11],0,160,0.0,0.0
ex_stage/hc_o + rf_reg[12],0,160,0.0,0.0
ex_stage/hc_o + rf_reg[13],0,160,0.0,0.0
ex_stage/hc_o + rf_reg[14],0,160,0.0,0.0
ex_stage/hc_o + rf_reg[15],0,160,0.0,0.0
ex_stage/hc_o + rf_reg[16],0,160,0.0,0.0
ex_stage/hc_o + rf_reg[17],0,160,0.0,0.0
ex_stage/hc_o + rf_reg[18],0,160,0.0,0.0
ex_stage/hc_o + rf_reg[19],0,160,0.0,0.0
ex_stage/hc_o + rf_reg[20],0,160,0.0,0.0
ex_stage/hc_o + rf_reg[21],0,160,0.0,0.0
ex_stage/hc_o + rf_reg[22],0,160,0.0,0.0
ex_stage/hc_o + rf_reg[23],0,160,0.0,0.0
ex_stage/hc_o + rf_reg[24],0,160,0.0,0.0
ex_stage/hc_o + rf_reg[25],0,160,0.0,0.0
ex_stage/hc_o + rf_reg[26],0,160,0.0,0.0
ex_stage/hc_o + rf_reg[27],0,160,0.0,0.0
alu_operand_c_ex_o_tag + ex_stage/hc_o,0,160,0.0,0.0
ex_stage/hc_o + rf_reg[28],0,160,0.0,0.0
ex_stage/hc_o + rf_reg[29],0,160,0.0,0.0
ex_stage/hc_o + rf_reg[30],0,160,0.0,0.0
ex_stage/hc_o + rf_reg[31],0,160,0.0,0.0
ex_stage/hc_o + rs1_o_tag,0,160,0.0,0.0
data_we_q_tag + ex_stage/hc_o,0,160,0.0,0.0
check_d_o_tag + ex_stage/hc_o,0,160,0.0,0.0
ex_stage/hc_o + pc_id_o_tag,0,160,0.0,0.0
check_s1_o_tag + ex_stage/hc_o,0,160,0.0,0.0
check_s2_o_tag + ex_stage/hc_o,0,160,0.0,0.0
ex_stage/hc_o + is_store_post_o_tag,0,160,0.0,0.0
ex_stage/hc_o + memory_set_o_tag,0,160,0.0,0.0
ex_stage/hc_o + pc_if_o_tag,0,160,0.0,0.0
ex_stage/hc_o + register_set_o_tag,0,160,0.0,0.0
ex_stage/hc_o + store_dest_addr_ex_o_tag,0,160,0.0,0.0
ex_stage/hc_o + store_source_ex_o_tag,0,160,0.0,0.0
ex_stage/hc_o + use_store_ops_ex_o,0,160,0.0,0.0
csr_group14/hc_o + pc_if_o_tag,0,160,0.0,0.0
csr_group18/hc_o + pc_if_o_tag,0,160,0.0,0.0
csr_group19/hc_o + pc_if_o_tag,0,160,0.0,0.0
alu_operand_a_ex_o_tag + id_group9/hc_o,0,160,0.0,0.0
id_group9/hc_o + register_set_o_tag,0,160,0.0,0.0
csr_group14/hc_o + register_set_o_tag,0,160,0.0,0.0
csr_group18/hc_o + register_set_o_tag,0,160,0.0,0.0
csr_group19/hc_o + register_set_o_tag,0,160,0.0,0.0
id_group9/hc_o + store_dest_addr_ex_o_tag,0,160,0.0,0.0
csr_group14/hc_o + store_dest_addr_ex_o_tag,0,160,0.0,0.0
csr_group18/hc_o + store_dest_addr_ex_o_tag,0,160,0.0,0.0
csr_group19/hc_o + store_dest_addr_ex_o_tag,0,160,0.0,0.0
id_group9/hc_o + store_source_ex_o_tag,0,160,0.0,0.0
csr_group14/hc_o + store_source_ex_o_tag,0,160,0.0,0.0
csr_group18/hc_o + store_source_ex_o_tag,0,160,0.0,0.0
csr_group19/hc_o + store_source_ex_o_tag,0,160,0.0,0.0
id_group9/hc_o + use_store_ops_ex_o,0,160,0.0,0.0
csr_group14/hc_o + use_store_ops_ex_o,0,160,0.0,0.0
csr_group18/hc_o + use_store_ops_ex_o,0,160,0.0,0.0
alu_operand_a_ex_o_tag + csr_group14/hc_o,0,160,0.0,0.0
alu_operand_a_ex_o_tag + csr_group18/hc_o,0,160,0.0,0.0
alu_operand_a_ex_o_tag + csr_group19/hc_o,0,160,0.0,0.0
csr_group19/hc_o + use_store_ops_ex_o,0,160,0.0,0.0
id_group9/hc_o + rf_reg[0],0,160,0.0,0.0
csr_group14/hc_o + rf_reg[0],0,160,0.0,0.0
csr_group18/hc_o + rf_reg[0],0,160,0.0,0.0
csr_group19/hc_o + rf_reg[0],0,160,0.0,0.0
id_group9/hc_o + rf_reg[1],0,160,0.0,0.0
csr_group14/hc_o + rf_reg[1],0,160,0.0,0.0
csr_group18/hc_o + rf_reg[1],0,160,0.0,0.0
csr_group19/hc_o + rf_reg[1],0,160,0.0,0.0
id_group9/hc_o + rf_reg[2],0,160,0.0,0.0
csr_group14/hc_o + rf_reg[2],0,160,0.0,0.0
csr_group18/hc_o + rf_reg[2],0,160,0.0,0.0
csr_group19/hc_o + rf_reg[2],0,160,0.0,0.0
id_group9/hc_o + rf_reg[3],0,160,0.0,0.0
csr_group14/hc_o + rf_reg[3],0,160,0.0,0.0
csr_group18/hc_o + rf_reg[3],0,160,0.0,0.0
csr_group19/hc_o + rf_reg[3],0,160,0.0,0.0
id_group9/hc_o + rf_reg[4],0,160,0.0,0.0
csr_group14/hc_o + rf_reg[4],0,160,0.0,0.0
csr_group18/hc_o + rf_reg[4],0,160,0.0,0.0
csr_group19/hc_o + rf_reg[4],0,160,0.0,0.0
id_group9/hc_o + rf_reg[5],0,160,0.0,0.0
csr_group14/hc_o + rf_reg[5],0,160,0.0,0.0
csr_group18/hc_o + rf_reg[5],0,160,0.0,0.0
csr_group19/hc_o + rf_reg[5],0,160,0.0,0.0
id_group9/hc_o + rf_reg[6],0,160,0.0,0.0
alu_operand_b_ex_o_tag + id_group9/hc_o,0,160,0.0,0.0
csr_group14/hc_o + rf_reg[6],0,160,0.0,0.0
csr_group18/hc_o + rf_reg[6],0,160,0.0,0.0
csr_group19/hc_o + rf_reg[6],0,160,0.0,0.0
id_group9/hc_o + rf_reg[7],0,160,0.0,0.0
csr_group14/hc_o + rf_reg[7],0,160,0.0,0.0
csr_group18/hc_o + rf_reg[7],0,160,0.0,0.0
csr_group19/hc_o + rf_reg[7],0,160,0.0,0.0
id_group9/hc_o + rf_reg[8],0,160,0.0,0.0
csr_group14/hc_o + rf_reg[8],0,160,0.0,0.0
csr_group18/hc_o + rf_reg[8],0,160,0.0,0.0
csr_group19/hc_o + rf_reg[8],0,160,0.0,0.0
id_group9/hc_o + rf_reg[9],0,160,0.0,0.0
csr_group14/hc_o + rf_reg[9],0,160,0.0,0.0
csr_group18/hc_o + rf_reg[9],0,160,0.0,0.0
csr_group19/hc_o + rf_reg[9],0,160,0.0,0.0
id_group9/hc_o + rf_reg[10],0,160,0.0,0.0
csr_group14/hc_o + rf_reg[10],0,160,0.0,0.0
csr_group18/hc_o + rf_reg[10],0,160,0.0,0.0
csr_group19/hc_o + rf_reg[10],0,160,0.0,0.0
id_group9/hc_o + rf_reg[11],0,160,0.0,0.0
alu_operand_b_ex_o_tag + csr_group14/hc_o,0,160,0.0,0.0
alu_operand_b_ex_o_tag + csr_group18/hc_o,0,160,0.0,0.0
alu_operand_b_ex_o_tag + csr_group19/hc_o,0,160,0.0,0.0
csr_group14/hc_o + rf_reg[11],0,160,0.0,0.0
csr_group18/hc_o + rf_reg[11],0,160,0.0,0.0
csr_group19/hc_o + rf_reg[11],0,160,0.0,0.0
id_group9/hc_o + rf_reg[12],0,160,0.0,0.0
csr_group14/hc_o + rf_reg[12],0,160,0.0,0.0
csr_group18/hc_o + rf_reg[12],0,160,0.0,0.0
csr_group19/hc_o + rf_reg[12],0,160,0.0,0.0
id_group9/hc_o + rf_reg[13],0,160,0.0,0.0
csr_group14/hc_o + rf_reg[13],0,160,0.0,0.0
csr_group18/hc_o + rf_reg[13],0,160,0.0,0.0
csr_group19/hc_o + rf_reg[13],0,160,0.0,0.0
id_group9/hc_o + rf_reg[14],0,160,0.0,0.0
csr_group14/hc_o + rf_reg[14],0,160,0.0,0.0
csr_group18/hc_o + rf_reg[14],0,160,0.0,0.0
csr_group19/hc_o + rf_reg[14],0,160,0.0,0.0
id_group9/hc_o + rf_reg[15],0,160,0.0,0.0
csr_group14/hc_o + rf_reg[15],0,160,0.0,0.0
csr_group18/hc_o + rf_reg[15],0,160,0.0,0.0
csr_group19/hc_o + rf_reg[15],0,160,0.0,0.0
id_group9/hc_o + rf_reg[16],0,160,0.0,0.0
csr_group14/hc_o + rf_reg[16],0,160,0.0,0.0
csr_group18/hc_o + rf_reg[16],0,160,0.0,0.0
csr_group19/hc_o + rf_reg[16],0,160,0.0,0.0
id_group9/hc_o + rf_reg[17],0,160,0.0,0.0
csr_group14/hc_o + rf_reg[17],0,160,0.0,0.0
csr_group18/hc_o + rf_reg[17],0,160,0.0,0.0
csr_group19/hc_o + rf_reg[17],0,160,0.0,0.0
id_group9/hc_o + rf_reg[18],0,160,0.0,0.0
alu_operand_c_ex_o_tag + id_group9/hc_o,0,160,0.0,0.0
csr_group14/hc_o + rf_reg[18],0,160,0.0,0.0
csr_group18/hc_o + rf_reg[18],0,160,0.0,0.0
csr_group19/hc_o + rf_reg[18],0,160,0.0,0.0
id_group9/hc_o + rf_reg[19],0,160,0.0,0.0
csr_group14/hc_o + rf_reg[19],0,160,0.0,0.0
csr_group18/hc_o + rf_reg[19],0,160,0.0,0.0
csr_group19/hc_o + rf_reg[19],0,160,0.0,0.0
id_group9/hc_o + rf_reg[20],0,160,0.0,0.0
csr_group14/hc_o + rf_reg[20],0,160,0.0,0.0
csr_group18/hc_o + rf_reg[20],0,160,0.0,0.0
csr_group19/hc_o + rf_reg[20],0,160,0.0,0.0
id_group9/hc_o + rf_reg[21],0,160,0.0,0.0
csr_group14/hc_o + rf_reg[21],0,160,0.0,0.0
csr_group18/hc_o + rf_reg[21],0,160,0.0,0.0
csr_group19/hc_o + rf_reg[21],0,160,0.0,0.0
id_group9/hc_o + rf_reg[22],0,160,0.0,0.0
csr_group14/hc_o + rf_reg[22],0,160,0.0,0.0
csr_group18/hc_o + rf_reg[22],0,160,0.0,0.0
csr_group19/hc_o + rf_reg[22],0,160,0.0,0.0
id_group9/hc_o + rf_reg[23],0,160,0.0,0.0
alu_operand_c_ex_o_tag + csr_group14/hc_o,0,160,0.0,0.0
alu_operand_c_ex_o_tag + csr_group18/hc_o,0,160,0.0,0.0
alu_operand_c_ex_o_tag + csr_group19/hc_o,0,160,0.0,0.0
csr_group14/hc_o + rf_reg[23],0,160,0.0,0.0
csr_group18/hc_o + rf_reg[23],0,160,0.0,0.0
csr_group19/hc_o + rf_reg[23],0,160,0.0,0.0
id_group9/hc_o + rf_reg[24],0,160,0.0,0.0
csr_group14/hc_o + rf_reg[24],0,160,0.0,0.0
csr_group18/hc_o + rf_reg[24],0,160,0.0,0.0
csr_group19/hc_o + rf_reg[24],0,160,0.0,0.0
id_group9/hc_o + rf_reg[25],0,160,0.0,0.0
csr_group14/hc_o + rf_reg[25],0,160,0.0,0.0
csr_group18/hc_o + rf_reg[25],0,160,0.0,0.0
csr_group19/hc_o + rf_reg[25],0,160,0.0,0.0
id_group9/hc_o + rf_reg[26],0,160,0.0,0.0
csr_group14/hc_o + rf_reg[26],0,160,0.0,0.0
csr_group18/hc_o + rf_reg[26],0,160,0.0,0.0
csr_group19/hc_o + rf_reg[26],0,160,0.0,0.0
id_group9/hc_o + rf_reg[27],0,160,0.0,0.0
csr_group14/hc_o + rf_reg[27],0,160,0.0,0.0
csr_group18/hc_o + rf_reg[27],0,160,0.0,0.0
csr_group19/hc_o + rf_reg[27],0,160,0.0,0.0
id_group9/hc_o + rf_reg[28],0,160,0.0,0.0
csr_group14/hc_o + rf_reg[28],0,160,0.0,0.0
csr_group18/hc_o + rf_reg[28],0,160,0.0,0.0
csr_group19/hc_o + rf_reg[28],0,160,0.0,0.0
id_group9/hc_o + rf_reg[29],0,160,0.0,0.0
csr_group14/hc_o + rf_reg[29],0,160,0.0,0.0
csr_group18/hc_o + rf_reg[29],0,160,0.0,0.0
csr_group19/hc_o + rf_reg[29],0,160,0.0,0.0
id_group9/hc_o + rf_reg[30],0,160,0.0,0.0
csr_group14/hc_o + rf_reg[30],0,160,0.0,0.0
csr_group18/hc_o + rf_reg[30],0,160,0.0,0.0
csr_group19/hc_o + rf_reg[30],0,160,0.0,0.0
id_group9/hc_o + rf_reg[31],0,160,0.0,0.0
csr_group14/hc_o + rf_reg[31],0,160,0.0,0.0
csr_group18/hc_o + rf_reg[31],0,160,0.0,0.0
csr_group19/hc_o + rf_reg[31],0,160,0.0,0.0
id_group9/hc_o + rs1_o_tag,0,160,0.0,0.0
csr_group14/hc_o + rs1_o_tag,0,160,0.0,0.0
csr_group18/hc_o + rs1_o_tag,0,160,0.0,0.0
csr_group19/hc_o + rs1_o_tag,0,160,0.0,0.0
data_we_q_tag + id_group9/hc_o,0,160,0.0,0.0
csr_group14/hc_o + data_we_q_tag,0,160,0.0,0.0
csr_group18/hc_o + data_we_q_tag,0,160,0.0,0.0
csr_group19/hc_o + data_we_q_tag,0,160,0.0,0.0
id_group9/hc_o + pc_id_o_tag,0,160,0.0,0.0
check_d_o_tag + id_group9/hc_o,0,160,0.0,0.0
check_d_o_tag + csr_group14/hc_o,0,160,0.0,0.0
check_d_o_tag + csr_group18/hc_o,0,160,0.0,0.0
check_d_o_tag + csr_group19/hc_o,0,160,0.0,0.0
check_s1_o_tag + id_group9/hc_o,0,160,0.0,0.0
check_s1_o_tag + csr_group14/hc_o,0,160,0.0,0.0
check_s1_o_tag + csr_group18/hc_o,0,160,0.0,0.0
check_s1_o_tag + csr_group19/hc_o,0,160,0.0,0.0
check_s2_o_tag + id_group9/hc_o,0,160,0.0,0.0
check_s2_o_tag + csr_group14/hc_o,0,160,0.0,0.0
csr_group14/hc_o + pc_id_o_tag,0,160,0.0,0.0
csr_group18/hc_o + pc_id_o_tag,0,160,0.0,0.0
csr_group19/hc_o + pc_id_o_tag,0,160,0.0,0.0
check_s2_o_tag + csr_group18/hc_o,0,160,0.0,0.0
check_s2_o_tag + csr_group19/hc_o,0,160,0.0,0.0
id_group9/hc_o + is_store_post_o_tag,0,160,0.0,0.0
csr_group14/hc_o + is_store_post_o_tag,0,160,0.0,0.0
csr_group18/hc_o + is_store_post_o_tag,0,160,0.0,0.0
csr_group19/hc_o + is_store_post_o_tag,0,160,0.0,0.0
id_group9/hc_o + memory_set_o_tag,0,160,0.0,0.0
csr_group14/hc_o + memory_set_o_tag,0,160,0.0,0.0
csr_group18/hc_o + memory_set_o_tag,0,160,0.0,0.0
csr_group19/hc_o + memory_set_o_tag,0,160,0.0,0.0
id_group9/hc_o + pc_if_o_tag,0,160,0.0,0.0
data_type_q_tag + if_stage/sd_o,0,160,0.0,0.0
if_stage/sd_o + rdata_offset_q_tag,0,160,0.0,0.0
alu_operator_o_mode + if_stage/sd_o,0,160,0.0,0.0
data_type_q_tag + pc_if_o_tag/sd_o,0,160,0.0,0.0
data_type_q_tag + pc_id_o_tag/sd_o,0,160,0.0,0.0
alu_operator_o_mode/sd_o + data_type_q_tag,0,160,0.0,0.0
data_type_q_tag + store_dest_addr_ex_o_tag/sd_o,0,160,0.0,0.0
data_type_q_tag + store_source_ex_o_tag/sd_o,0,160,0.0,0.0
data_type_q_tag + use_store_ops_ex_o/sd_o,0,160,0.0,0.0
alu_operand_a_ex_o_tag/sd_o + data_type_q_tag,0,160,0.0,0.0
alu_operand_b_ex_o_tag/sd_o + data_type_q_tag,0,160,0.0,0.0
alu_operand_c_ex_o_tag/sd_o + data_type_q_tag,0,160,0.0,0.0
check_s1_o_tag/sd_o + data_type_q_tag,0,160,0.0,0.0
check_s2_o_tag/sd_o + data_type_q_tag,0,160,0.0,0.0
check_d_o_tag/sd_o + data_type_q_tag,0,160,0.0,0.0
data_type_q_tag + register_set_o_tag/sd_o,0,160,0.0,0.0
data_type_q_tag + is_store_post_o_tag/sd_o,0,160,0.0,0.0
data_type_q_tag + memory_set_o_tag/sd_o,0,160,0.0,0.0
data_type_q_tag + rs1_o_tag/sd_o,0,160,0.0,0.0
alu_operator_o_mode + pc_if_o_tag/sd_o,0,160,0.0,0.0
data_type_q_tag + data_we_q_tag/sd_o,0,160,0.0,0.0
data_type_q_tag + rdata_offset_q_tag/sd_o,0,160,0.0,0.0
data_type_q_tag + data_type_q_tag/sd_o,0,160,0.0,0.0
data_type_q_tag + rdata_q_tag/sd_o,0,160,0.0,0.0
pc_if_o_tag/sd_o + rdata_offset_q_tag,0,160,0.0,0.0
pc_id_o_tag/sd_o + rdata_offset_q_tag,0,160,0.0,0.0
alu_operator_o_mode/sd_o + rdata_offset_q_tag,0,160,0.0,0.0
rdata_offset_q_tag + store_dest_addr_ex_o_tag/sd_o,0,160,0.0,0.0
rdata_offset_q_tag + store_source_ex_o_tag/sd_o,0,160,0.0,0.0
rdata_offset_q_tag + use_store_ops_ex_o/sd_o,0,160,0.0,0.0
alu_operand_a_ex_o_tag/sd_o + rdata_offset_q_tag,0,160,0.0,0.0
alu_operand_b_ex_o_tag/sd_o + rdata_offset_q_tag,0,160,0.0,0.0
alu_operand_c_ex_o_tag/sd_o + rdata_offset_q_tag,0,160,0.0,0.0
check_s1_o_tag/sd_o + rdata_offset_q_tag,0,160,0.0,0.0
check_s2_o_tag/sd_o + rdata_offset_q_tag,0,160,0.0,0.0
check_d_o_tag/sd_o + rdata_offset_q_tag,0,160,0.0,0.0
rdata_offset_q_tag + register_set_o_tag/sd_o,0,160,0.0,0.0
is_store_post_o_tag/sd_o + rdata_offset_q_tag,0,160,0.0,0.0
memory_set_o_tag/sd_o + rdata_offset_q_tag,0,160,0.0,0.0
rdata_offset_q_tag + rs1_o_tag/sd_o,0,160,0.0,0.0
data_we_q_tag/sd_o + rdata_offset_q_tag,0,160,0.0,0.0
alu_operator_o_mode + pc_id_o_tag/sd_o,0,160,0.0,0.0
alu_operator_o_mode + store_dest_addr_ex_o_tag/sd_o,0,160,0.0,0.0
alu_operator_o_mode + store_source_ex_o_tag/sd_o,0,160,0.0,0.0
alu_operator_o_mode + use_store_ops_ex_o/sd_o,0,160,0.0,0.0
rdata_offset_q_tag + rdata_offset_q_tag/sd_o,0,160,0.0,0.0
data_type_q_tag/sd_o + rdata_offset_q_tag,0,160,0.0,0.0
rdata_offset_q_tag + rdata_q_tag/sd_o,0,160,0.0,0.0
alu_operand_a_ex_o_tag/sd_o + alu_operator_o_mode,0,160,0.0,0.0
alu_operand_b_ex_o_tag/sd_o + alu_operator_o_mode,0,160,0.0,0.0
alu_operand_c_ex_o_tag/sd_o + alu_operator_o_mode,0,160,0.0,0.0
alu_operator_o_mode + check_s1_o_tag/sd_o,0,160,0.0,0.0
alu_operator_o_mode + check_s2_o_tag/sd_o,0,160,0.0,0.0
alu_operator_o_mode + check_d_o_tag/sd_o,0,160,0.0,0.0
alu_operator_o_mode + register_set_o_tag/sd_o,0,160,0.0,0.0
alu_operator_o_mode + is_store_post_o_tag/sd_o,0,160,0.0,0.0
alu_operator_o_mode + memory_set_o_tag/sd_o,0,160,0.0,0.0
pc_if_o_tag/hc_o + pc_if_o_tag/sd_o,0,160,0.0,0.0
pc_id_o_tag/sd_o + pc_if_o_tag/hc_o,0,160,0.0,0.0
pc_if_o_tag/hc_o + sd_o_5,0,160,0.0,0.0
alu_operator_o_mode/sd_o + pc_if_o_tag/hc_o,0,160,0.0,0.0
pc_if_o_tag/hc_o + store_dest_addr_ex_o_tag/sd_o,0,160,0.0,0.0
pc_if_o_tag/hc_o + store_source_ex_o_tag/sd_o,0,160,0.0,0.0
pc_if_o_tag/hc_o + use_store_ops_ex_o/sd_o,0,160,0.0,0.0
alu_operand_a_ex_o_tag/sd_o + pc_if_o_tag/hc_o,0,160,0.0,0.0
alu_operand_b_ex_o_tag/sd_o + pc_if_o_tag/hc_o,0,160,0.0,0.0
alu_operand_c_ex_o_tag/sd_o + pc_if_o_tag/hc_o,0,160,0.0,0.0
check_s1_o_tag/sd_o + pc_if_o_tag/hc_o,0,160,0.0,0.0
check_s2_o_tag/sd_o + pc_if_o_tag/hc_o,0,160,0.0,0.0
check_d_o_tag/sd_o + pc_if_o_tag/hc_o,0,160,0.0,0.0
pc_if_o_tag/hc_o + register_set_o_tag/sd_o,0,160,0.0,0.0
is_store_post_o_tag/sd_o + pc_if_o_tag/hc_o,0,160,0.0,0.0
memory_set_o_tag/sd_o + pc_if_o_tag/hc_o,0,160,0.0,0.0
pc_if_o_tag/hc_o + sd_o_rf_tag,0,160,0.0,0.0
pc_if_o_tag/hc_o + rs1_o_tag/sd_o,0,160,0.0,0.0
data_we_q_tag/sd_o + pc_if_o_tag/hc_o,0,160,0.0,0.0
pc_if_o_tag/hc_o + rdata_offset_q_tag/sd_o,0,160,0.0,0.0
data_type_q_tag/sd_o + pc_if_o_tag/hc_o,0,160,0.0,0.0
pc_if_o_tag/hc_o + rdata_q_tag/sd_o,0,160,0.0,0.0
pc_id_o_tag/hc_o + pc_if_o_tag/sd_o,0,160,0.0,0.0
pc_if_o_tag/sd_o + store_dest_addr_ex_o_tag/hc_o,0,160,0.0,0.0
pc_if_o_tag/sd_o + store_source_ex_o_tag/hc_o,0,160,0.0,0.0
pc_if_o_tag/sd_o + use_store_ops_ex_o/hc_o,0,160,0.0,0.0
alu_operand_a_ex_o_tag/hc_o + pc_if_o_tag/sd_o,0,160,0.0,0.0
alu_operand_b_ex_o_tag/hc_o + pc_if_o_tag/sd_o,0,160,0.0,0.0
alu_operand_c_ex_o_tag/hc_o + pc_if_o_tag/sd_o,0,160,0.0,0.0
check_s1_o_tag/hc_o + pc_if_o_tag/sd_o,0,160,0.0,0.0
alu_operator_o_mode + rs1_o_tag/sd_o,0,160,0.0,0.0
check_s2_o_tag/hc_o + pc_if_o_tag/sd_o,0,160,0.0,0.0
check_d_o_tag/hc_o + pc_if_o_tag/sd_o,0,160,0.0,0.0
pc_if_o_tag/sd_o + register_set_o_tag/hc_o,0,160,0.0,0.0
is_store_post_o_tag/hc_o + pc_if_o_tag/sd_o,0,160,0.0,0.0
memory_set_o_tag/hc_o + pc_if_o_tag/sd_o,0,160,0.0,0.0
pc_if_o_tag/sd_o + rs1_o_tag/hc_o,0,160,0.0,0.0
data_we_q_tag/hc_o + pc_if_o_tag/sd_o,0,160,0.0,0.0
pc_id_o_tag/hc_o + pc_id_o_tag/sd_o,0,160,0.0,0.0
pc_id_o_tag/hc_o + sd_o_5,0,160,0.0,0.0
alu_operator_o_mode/sd_o + pc_id_o_tag/hc_o,0,160,0.0,0.0
pc_id_o_tag/hc_o + store_dest_addr_ex_o_tag/sd_o,0,160,0.0,0.0
pc_id_o_tag/hc_o + store_source_ex_o_tag/sd_o,0,160,0.0,0.0
pc_id_o_tag/hc_o + use_store_ops_ex_o/sd_o,0,160,0.0,0.0
alu_operand_a_ex_o_tag/sd_o + pc_id_o_tag/hc_o,0,160,0.0,0.0
alu_operand_b_ex_o_tag/sd_o + pc_id_o_tag/hc_o,0,160,0.0,0.0
alu_operand_c_ex_o_tag/sd_o + pc_id_o_tag/hc_o,0,160,0.0,0.0
check_s1_o_tag/sd_o + pc_id_o_tag/hc_o,0,160,0.0,0.0
check_s2_o_tag/sd_o + pc_id_o_tag/hc_o,0,160,0.0,0.0
check_d_o_tag/sd_o + pc_id_o_tag/hc_o,0,160,0.0,0.0
pc_id_o_tag/hc_o + register_set_o_tag/sd_o,0,160,0.0,0.0
is_store_post_o_tag/sd_o + pc_id_o_tag/hc_o,0,160,0.0,0.0
memory_set_o_tag/sd_o + pc_id_o_tag/hc_o,0,160,0.0,0.0
pc_id_o_tag/hc_o + sd_o_rf_tag,0,160,0.0,0.0
pc_id_o_tag/hc_o + rs1_o_tag/sd_o,0,160,0.0,0.0
data_we_q_tag/sd_o + pc_id_o_tag/hc_o,0,160,0.0,0.0
pc_id_o_tag/hc_o + rdata_offset_q_tag/sd_o,0,160,0.0,0.0
data_type_q_tag/sd_o + pc_id_o_tag/hc_o,0,160,0.0,0.0
pc_id_o_tag/hc_o + rdata_q_tag/sd_o,0,160,0.0,0.0
pc_id_o_tag/sd_o + store_dest_addr_ex_o_tag/hc_o,0,160,0.0,0.0
pc_id_o_tag/sd_o + store_source_ex_o_tag/hc_o,0,160,0.0,0.0
pc_id_o_tag/sd_o + use_store_ops_ex_o/hc_o,0,160,0.0,0.0
alu_operand_a_ex_o_tag/hc_o + pc_id_o_tag/sd_o,0,160,0.0,0.0
alu_operand_b_ex_o_tag/hc_o + pc_id_o_tag/sd_o,0,160,0.0,0.0
alu_operand_c_ex_o_tag/hc_o + pc_id_o_tag/sd_o,0,160,0.0,0.0
check_s1_o_tag/hc_o + pc_id_o_tag/sd_o,0,160,0.0,0.0
check_s2_o_tag/hc_o + pc_id_o_tag/sd_o,0,160,0.0,0.0
check_d_o_tag/hc_o + pc_id_o_tag/sd_o,0,160,0.0,0.0
pc_id_o_tag/sd_o + register_set_o_tag/hc_o,0,160,0.0,0.0
is_store_post_o_tag/hc_o + pc_id_o_tag/sd_o,0,160,0.0,0.0
memory_set_o_tag/hc_o + pc_id_o_tag/sd_o,0,160,0.0,0.0
pc_id_o_tag/sd_o + rs1_o_tag/hc_o,0,160,0.0,0.0
alu_operator_o_mode + data_we_q_tag/sd_o,0,160,0.0,0.0
data_we_q_tag/hc_o + pc_id_o_tag/sd_o,0,160,0.0,0.0
alu_operator_o_mode + rdata_offset_q_tag/sd_o,0,160,0.0,0.0
alu_operator_o_mode + data_type_q_tag/sd_o,0,160,0.0,0.0
alu_operator_o_mode + rdata_q_tag/sd_o,0,160,0.0,0.0
sd_o_5 + store_dest_addr_ex_o_tag/hc_o,0,160,0.0,0.0
sd_o_5 + store_source_ex_o_tag/hc_o,0,160,0.0,0.0
sd_o_5 + use_store_ops_ex_o/hc_o,0,160,0.0,0.0
alu_operand_a_ex_o_tag/hc_o + sd_o_5,0,160,0.0,0.0
alu_operand_b_ex_o_tag/hc_o + sd_o_5,0,160,0.0,0.0
alu_operand_c_ex_o_tag/hc_o + sd_o_5,0,160,0.0,0.0
check_s1_o_tag/hc_o + sd_o_5,0,160,0.0,0.0
check_s2_o_tag/hc_o + sd_o_5,0,160,0.0,0.0
check_d_o_tag/hc_o + sd_o_5,0,160,0.0,0.0
register_set_o_tag/hc_o + sd_o_5,0,160,0.0,0.0
is_store_post_o_tag/hc_o + sd_o_5,0,160,0.0,0.0
memory_set_o_tag/hc_o + sd_o_5,0,160,0.0,0.0
rs1_o_tag/hc_o + sd_o_5,0,160,0.0,0.0
data_we_q_tag/hc_o + sd_o_5,0,160,0.0,0.0
alu_operator_o_mode/sd_o + store_dest_addr_ex_o_tag/hc_o,0,160,0.0,0.0
alu_operator_o_mode/sd_o + store_source_ex_o_tag/hc_o,0,160,0.0,0.0
alu_operator_o_mode/sd_o + use_store_ops_ex_o/hc_o,0,160,0.0,0.0
alu_operand_a_ex_o_tag/hc_o + alu_operator_o_mode/sd_o,0,160,0.0,0.0
alu_operand_b_ex_o_tag/hc_o + alu_operator_o_mode/sd_o,0,160,0.0,0.0
alu_operand_c_ex_o_tag/hc_o + alu_operator_o_mode/sd_o,0,160,0.0,0.0
alu_operator_o_mode/sd_o + check_s1_o_tag/hc_o,0,160,0.0,0.0
alu_operator_o_mode/sd_o + check_s2_o_tag/hc_o,0,160,0.0,0.0
alu_operator_o_mode/sd_o + check_d_o_tag/hc_o,0,160,0.0,0.0
alu_operator_o_mode/sd_o + register_set_o_tag/hc_o,0,160,0.0,0.0
alu_operator_o_mode/sd_o + is_store_post_o_tag/hc_o,0,160,0.0,0.0
alu_operator_o_mode/sd_o + memory_set_o_tag/hc_o,0,160,0.0,0.0
alu_operator_o_mode/sd_o + rs1_o_tag/hc_o,0,160,0.0,0.0
alu_operator_o_mode/sd_o + data_we_q_tag/hc_o,0,160,0.0,0.0
store_dest_addr_ex_o_tag/hc_o + store_source_ex_o_tag/sd_o,0,160,0.0,0.0
store_dest_addr_ex_o_tag/hc_o + use_store_ops_ex_o/sd_o,0,160,0.0,0.0
alu_operand_a_ex_o_tag/sd_o + store_dest_addr_ex_o_tag/hc_o,0,160,0.0,0.0
alu_operand_b_ex_o_tag/sd_o + store_dest_addr_ex_o_tag/hc_o,0,160,0.0,0.0
alu_operand_c_ex_o_tag/sd_o + store_dest_addr_ex_o_tag/hc_o,0,160,0.0,0.0
check_s1_o_tag/sd_o + store_dest_addr_ex_o_tag/hc_o,0,160,0.0,0.0
check_s2_o_tag/sd_o + store_dest_addr_ex_o_tag/hc_o,0,160,0.0,0.0
check_d_o_tag/sd_o + store_dest_addr_ex_o_tag/hc_o,0,160,0.0,0.0
register_set_o_tag/sd_o + store_dest_addr_ex_o_tag/hc_o,0,160,0.0,0.0
is_store_post_o_tag/sd_o + store_dest_addr_ex_o_tag/hc_o,0,160,0.0,0.0
memory_set_o_tag/sd_o + store_dest_addr_ex_o_tag/hc_o,0,160,0.0,0.0
sd_o_rf_tag + store_dest_addr_ex_o_tag/hc_o,0,160,0.0,0.0
rs1_o_tag/sd_o + store_dest_addr_ex_o_tag/hc_o,0,160,0.0,0.0
data_we_q_tag/sd_o + store_dest_addr_ex_o_tag/hc_o,0,160,0.0,0.0
rdata_offset_q_tag/sd_o + store_dest_addr_ex_o_tag/hc_o,0,160,0.0,0.0
data_type_q_tag/sd_o + store_dest_addr_ex_o_tag/hc_o,0,160,0.0,0.0
rdata_q_tag/sd_o + store_dest_addr_ex_o_tag/hc_o,0,160,0.0,0.0
store_dest_addr_ex_o_tag/sd_o + store_source_ex_o_tag/hc_o,0,160,0.0,0.0
store_dest_addr_ex_o_tag/sd_o + use_store_ops_ex_o/hc_o,0,160,0.0,0.0
alu_operand_a_ex_o_tag/hc_o + store_dest_addr_ex_o_tag/sd_o,0,160,0.0,0.0
alu_operand_b_ex_o_tag/hc_o + store_dest_addr_ex_o_tag/sd_o,0,160,0.0,0.0
alu_operand_c_ex_o_tag/hc_o + store_dest_addr_ex_o_tag/sd_o,0,160,0.0,0.0
check_s1_o_tag/hc_o + store_dest_addr_ex_o_tag/sd_o,0,160,0.0,0.0
check_s2_o_tag/hc_o + store_dest_addr_ex_o_tag/sd_o,0,160,0.0,0.0
check_d_o_tag/hc_o + store_dest_addr_ex_o_tag/sd_o,0,160,0.0,0.0
register_set_o_tag/hc_o + store_dest_addr_ex_o_tag/sd_o,0,160,0.0,0.0
is_store_post_o_tag/hc_o + store_dest_addr_ex_o_tag/sd_o,0,160,0.0,0.0
memory_set_o_tag/hc_o + store_dest_addr_ex_o_tag/sd_o,0,160,0.0,0.0
rs1_o_tag/hc_o + store_dest_addr_ex_o_tag/sd_o,0,160,0.0,0.0
data_we_q_tag/hc_o + store_dest_addr_ex_o_tag/sd_o,0,160,0.0,0.0
store_source_ex_o_tag/hc_o + store_source_ex_o_tag/sd_o,0,160,0.0,0.0
store_source_ex_o_tag/hc_o + use_store_ops_ex_o/sd_o,0,160,0.0,0.0
alu_operand_a_ex_o_tag/sd_o + store_source_ex_o_tag/hc_o,0,160,0.0,0.0
alu_operand_b_ex_o_tag/sd_o + store_source_ex_o_tag/hc_o,0,160,0.0,0.0
alu_operand_c_ex_o_tag/sd_o + store_source_ex_o_tag/hc_o,0,160,0.0,0.0
check_s1_o_tag/sd_o + store_source_ex_o_tag/hc_o,0,160,0.0,0.0
check_s2_o_tag/sd_o + store_source_ex_o_tag/hc_o,0,160,0.0,0.0
check_d_o_tag/sd_o + store_source_ex_o_tag/hc_o,0,160,0.0,0.0
register_set_o_tag/sd_o + store_source_ex_o_tag/hc_o,0,160,0.0,0.0
is_store_post_o_tag/sd_o + store_source_ex_o_tag/hc_o,0,160,0.0,0.0
memory_set_o_tag/sd_o + store_source_ex_o_tag/hc_o,0,160,0.0,0.0
sd_o_rf_tag + store_source_ex_o_tag/hc_o,0,160,0.0,0.0
rs1_o_tag/sd_o + store_source_ex_o_tag/hc_o,0,160,0.0,0.0
data_we_q_tag/sd_o + store_source_ex_o_tag/hc_o,0,160,0.0,0.0
rdata_offset_q_tag/sd_o + store_source_ex_o_tag/hc_o,0,160,0.0,0.0
data_type_q_tag/sd_o + store_source_ex_o_tag/hc_o,0,160,0.0,0.0
rdata_q_tag/sd_o + store_source_ex_o_tag/hc_o,0,160,0.0,0.0
store_source_ex_o_tag/sd_o + use_store_ops_ex_o/hc_o,0,160,0.0,0.0
alu_operand_a_ex_o_tag/hc_o + store_source_ex_o_tag/sd_o,0,160,0.0,0.0
alu_operand_b_ex_o_tag/hc_o + store_source_ex_o_tag/sd_o,0,160,0.0,0.0
alu_operand_c_ex_o_tag/hc_o + store_source_ex_o_tag/sd_o,0,160,0.0,0.0
check_s1_o_tag/hc_o + store_source_ex_o_tag/sd_o,0,160,0.0,0.0
check_s2_o_tag/hc_o + store_source_ex_o_tag/sd_o,0,160,0.0,0.0
check_d_o_tag/hc_o + store_source_ex_o_tag/sd_o,0,160,0.0,0.0
register_set_o_tag/hc_o + store_source_ex_o_tag/sd_o,0,160,0.0,0.0
is_store_post_o_tag/hc_o + store_source_ex_o_tag/sd_o,0,160,0.0,0.0
memory_set_o_tag/hc_o + store_source_ex_o_tag/sd_o,0,160,0.0,0.0
rs1_o_tag/hc_o + store_source_ex_o_tag/sd_o,0,160,0.0,0.0
data_we_q_tag/hc_o + store_source_ex_o_tag/sd_o,0,160,0.0,0.0
alu_operand_a_ex_o_tag/sd_o + use_store_ops_ex_o/hc_o,0,160,0.0,0.0
alu_operand_b_ex_o_tag/sd_o + use_store_ops_ex_o/hc_o,0,160,0.0,0.0
alu_operand_c_ex_o_tag/sd_o + use_store_ops_ex_o/hc_o,0,160,0.0,0.0
check_s1_o_tag/sd_o + use_store_ops_ex_o/hc_o,0,160,0.0,0.0
check_s2_o_tag/sd_o + use_store_ops_ex_o/hc_o,0,160,0.0,0.0
check_d_o_tag/sd_o + use_store_ops_ex_o/hc_o,0,160,0.0,0.0
register_set_o_tag/sd_o + use_store_ops_ex_o/hc_o,0,160,0.0,0.0
is_store_post_o_tag/sd_o + use_store_ops_ex_o/hc_o,0,160,0.0,0.0
memory_set_o_tag/sd_o + use_store_ops_ex_o/hc_o,0,160,0.0,0.0
sd_o_rf_tag + use_store_ops_ex_o/hc_o,0,160,0.0,0.0
rs1_o_tag/sd_o + use_store_ops_ex_o/hc_o,0,160,0.0,0.0
data_we_q_tag/sd_o + use_store_ops_ex_o/hc_o,0,160,0.0,0.0
rdata_offset_q_tag/sd_o + use_store_ops_ex_o/hc_o,0,160,0.0,0.0
data_type_q_tag/sd_o + use_store_ops_ex_o/hc_o,0,160,0.0,0.0
rdata_q_tag/sd_o + use_store_ops_ex_o/hc_o,0,160,0.0,0.0
alu_operand_a_ex_o_tag/hc_o + use_store_ops_ex_o/sd_o,0,160,0.0,0.0
alu_operand_b_ex_o_tag/hc_o + use_store_ops_ex_o/sd_o,0,160,0.0,0.0
alu_operand_c_ex_o_tag/hc_o + use_store_ops_ex_o/sd_o,0,160,0.0,0.0
check_s1_o_tag/hc_o + use_store_ops_ex_o/sd_o,0,160,0.0,0.0
check_s2_o_tag/hc_o + use_store_ops_ex_o/sd_o,0,160,0.0,0.0
check_d_o_tag/hc_o + use_store_ops_ex_o/sd_o,0,160,0.0,0.0
register_set_o_tag/hc_o + use_store_ops_ex_o/sd_o,0,160,0.0,0.0
is_store_post_o_tag/hc_o + use_store_ops_ex_o/sd_o,0,160,0.0,0.0
memory_set_o_tag/hc_o + use_store_ops_ex_o/sd_o,0,160,0.0,0.0
rs1_o_tag/hc_o + use_store_ops_ex_o/sd_o,0,160,0.0,0.0
data_we_q_tag/hc_o + use_store_ops_ex_o/sd_o,0,160,0.0,0.0
alu_operand_a_ex_o_tag/hc_o + alu_operand_b_ex_o_tag/sd_o,0,160,0.0,0.0
alu_operand_a_ex_o_tag/hc_o + alu_operand_c_ex_o_tag/sd_o,0,160,0.0,0.0
alu_operand_a_ex_o_tag/hc_o + check_s1_o_tag/sd_o,0,160,0.0,0.0
alu_operand_a_ex_o_tag/hc_o + check_s2_o_tag/sd_o,0,160,0.0,0.0
alu_operand_a_ex_o_tag/hc_o + check_d_o_tag/sd_o,0,160,0.0,0.0
alu_operand_a_ex_o_tag/hc_o + register_set_o_tag/sd_o,0,160,0.0,0.0
alu_operand_a_ex_o_tag/hc_o + is_store_post_o_tag/sd_o,0,160,0.0,0.0
alu_operand_a_ex_o_tag/hc_o + memory_set_o_tag/sd_o,0,160,0.0,0.0
alu_operand_a_ex_o_tag/hc_o + sd_o_rf_tag,0,160,0.0,0.0
alu_operand_a_ex_o_tag/hc_o + rs1_o_tag/sd_o,0,160,0.0,0.0
alu_operand_a_ex_o_tag/hc_o + data_we_q_tag/sd_o,0,160,0.0,0.0
alu_operand_a_ex_o_tag/hc_o + rdata_offset_q_tag/sd_o,0,160,0.0,0.0
alu_operand_a_ex_o_tag/hc_o + data_type_q_tag/sd_o,0,160,0.0,0.0
alu_operand_a_ex_o_tag/hc_o + rdata_q_tag/sd_o,0,160,0.0,0.0
alu_operand_a_ex_o_tag/sd_o + alu_operand_b_ex_o_tag/hc_o,0,160,0.0,0.0
alu_operand_a_ex_o_tag/sd_o + alu_operand_c_ex_o_tag/hc_o,0,160,0.0,0.0
alu_operand_a_ex_o_tag/sd_o + check_s1_o_tag/hc_o,0,160,0.0,0.0
alu_operand_a_ex_o_tag/sd_o + check_s2_o_tag/hc_o,0,160,0.0,0.0
alu_operand_a_ex_o_tag/sd_o + check_d_o_tag/hc_o,0,160,0.0,0.0
alu_operand_a_ex_o_tag/sd_o + register_set_o_tag/hc_o,0,160,0.0,0.0
alu_operand_a_ex_o_tag/sd_o + is_store_post_o_tag/hc_o,0,160,0.0,0.0
alu_operand_a_ex_o_tag/sd_o + memory_set_o_tag/hc_o,0,160,0.0,0.0
alu_operand_a_ex_o_tag/sd_o + rs1_o_tag/hc_o,0,160,0.0,0.0
alu_operand_a_ex_o_tag/sd_o + data_we_q_tag/hc_o,0,160,0.0,0.0
alu_operand_b_ex_o_tag/hc_o + alu_operand_c_ex_o_tag/sd_o,0,160,0.0,0.0
alu_operand_b_ex_o_tag/hc_o + check_s1_o_tag/sd_o,0,160,0.0,0.0
alu_operand_b_ex_o_tag/hc_o + check_s2_o_tag/sd_o,0,160,0.0,0.0
alu_operand_b_ex_o_tag/hc_o + check_d_o_tag/sd_o,0,160,0.0,0.0
alu_operand_b_ex_o_tag/hc_o + register_set_o_tag/sd_o,0,160,0.0,0.0
alu_operand_b_ex_o_tag/hc_o + is_store_post_o_tag/sd_o,0,160,0.0,0.0
alu_operand_b_ex_o_tag/hc_o + memory_set_o_tag/sd_o,0,160,0.0,0.0
alu_operand_b_ex_o_tag/hc_o + sd_o_rf_tag,0,160,0.0,0.0
alu_operand_b_ex_o_tag/hc_o + rs1_o_tag/sd_o,0,160,0.0,0.0
alu_operand_b_ex_o_tag/hc_o + data_we_q_tag/sd_o,0,160,0.0,0.0
alu_operand_b_ex_o_tag/hc_o + rdata_offset_q_tag/sd_o,0,160,0.0,0.0
alu_operand_b_ex_o_tag/hc_o + data_type_q_tag/sd_o,0,160,0.0,0.0
alu_operand_b_ex_o_tag/hc_o + rdata_q_tag/sd_o,0,160,0.0,0.0
alu_operand_b_ex_o_tag/sd_o + alu_operand_c_ex_o_tag/hc_o,0,160,0.0,0.0
alu_operand_b_ex_o_tag/sd_o + check_s1_o_tag/hc_o,0,160,0.0,0.0
alu_operand_b_ex_o_tag/sd_o + check_s2_o_tag/hc_o,0,160,0.0,0.0
alu_operand_b_ex_o_tag/sd_o + check_d_o_tag/hc_o,0,160,0.0,0.0
alu_operand_b_ex_o_tag/sd_o + register_set_o_tag/hc_o,0,160,0.0,0.0
alu_operand_b_ex_o_tag/sd_o + is_store_post_o_tag/hc_o,0,160,0.0,0.0
alu_operand_b_ex_o_tag/sd_o + memory_set_o_tag/hc_o,0,160,0.0,0.0
alu_operand_b_ex_o_tag/sd_o + rs1_o_tag/hc_o,0,160,0.0,0.0
alu_operand_b_ex_o_tag/sd_o + data_we_q_tag/hc_o,0,160,0.0,0.0
alu_operand_c_ex_o_tag/hc_o + alu_operand_c_ex_o_tag/sd_o,0,160,0.0,0.0
alu_operand_c_ex_o_tag/hc_o + check_s1_o_tag/sd_o,0,160,0.0,0.0
alu_operand_c_ex_o_tag/hc_o + check_s2_o_tag/sd_o,0,160,0.0,0.0
alu_operand_c_ex_o_tag/hc_o + check_d_o_tag/sd_o,0,160,0.0,0.0
alu_operand_c_ex_o_tag/hc_o + register_set_o_tag/sd_o,0,160,0.0,0.0
alu_operand_c_ex_o_tag/hc_o + is_store_post_o_tag/sd_o,0,160,0.0,0.0
alu_operand_c_ex_o_tag/hc_o + memory_set_o_tag/sd_o,0,160,0.0,0.0
alu_operand_c_ex_o_tag/hc_o + sd_o_rf_tag,0,160,0.0,0.0
alu_operand_c_ex_o_tag/hc_o + rs1_o_tag/sd_o,0,160,0.0,0.0
alu_operand_c_ex_o_tag/hc_o + data_we_q_tag/sd_o,0,160,0.0,0.0
alu_operand_c_ex_o_tag/hc_o + rdata_offset_q_tag/sd_o,0,160,0.0,0.0
alu_operand_c_ex_o_tag/hc_o + data_type_q_tag/sd_o,0,160,0.0,0.0
alu_operand_c_ex_o_tag/hc_o + rdata_q_tag/sd_o,0,160,0.0,0.0
alu_operand_c_ex_o_tag/sd_o + check_s1_o_tag/hc_o,0,160,0.0,0.0
alu_operand_c_ex_o_tag/sd_o + check_s2_o_tag/hc_o,0,160,0.0,0.0
alu_operand_c_ex_o_tag/sd_o + check_d_o_tag/hc_o,0,160,0.0,0.0
alu_operand_c_ex_o_tag/sd_o + register_set_o_tag/hc_o,0,160,0.0,0.0
alu_operand_c_ex_o_tag/sd_o + is_store_post_o_tag/hc_o,0,160,0.0,0.0
alu_operand_c_ex_o_tag/sd_o + memory_set_o_tag/hc_o,0,160,0.0,0.0
alu_operand_c_ex_o_tag/sd_o + rs1_o_tag/hc_o,0,160,0.0,0.0
alu_operand_c_ex_o_tag/sd_o + data_we_q_tag/hc_o,0,160,0.0,0.0
check_s1_o_tag/hc_o + check_s2_o_tag/sd_o,0,160,0.0,0.0
check_d_o_tag/sd_o + check_s1_o_tag/hc_o,0,160,0.0,0.0
check_s1_o_tag/hc_o + register_set_o_tag/sd_o,0,160,0.0,0.0
check_s1_o_tag/hc_o + is_store_post_o_tag/sd_o,0,160,0.0,0.0
check_s1_o_tag/hc_o + memory_set_o_tag/sd_o,0,160,0.0,0.0
check_s1_o_tag/hc_o + sd_o_rf_tag,0,160,0.0,0.0
check_s1_o_tag/hc_o + rs1_o_tag/sd_o,0,160,0.0,0.0
check_s1_o_tag/hc_o + data_we_q_tag/sd_o,0,160,0.0,0.0
check_s1_o_tag/hc_o + rdata_offset_q_tag/sd_o,0,160,0.0,0.0
check_s1_o_tag/hc_o + data_type_q_tag/sd_o,0,160,0.0,0.0
check_s1_o_tag/hc_o + rdata_q_tag/sd_o,0,160,0.0,0.0
check_s1_o_tag/sd_o + check_s2_o_tag/hc_o,0,160,0.0,0.0
check_d_o_tag/hc_o + check_s1_o_tag/sd_o,0,160,0.0,0.0
check_s1_o_tag/sd_o + register_set_o_tag/hc_o,0,160,0.0,0.0
check_s1_o_tag/sd_o + is_store_post_o_tag/hc_o,0,160,0.0,0.0
check_s1_o_tag/sd_o + memory_set_o_tag/hc_o,0,160,0.0,0.0
check_s1_o_tag/sd_o + rs1_o_tag/hc_o,0,160,0.0,0.0
check_s1_o_tag/sd_o + data_we_q_tag/hc_o,0,160,0.0,0.0
check_s2_o_tag/hc_o + check_s2_o_tag/sd_o,0,160,0.0,0.0
check_d_o_tag/sd_o + check_s2_o_tag/hc_o,0,160,0.0,0.0
check_s2_o_tag/hc_o + register_set_o_tag/sd_o,0,160,0.0,0.0
check_s2_o_tag/hc_o + is_store_post_o_tag/sd_o,0,160,0.0,0.0
check_s2_o_tag/hc_o + memory_set_o_tag/sd_o,0,160,0.0,0.0
check_s2_o_tag/hc_o + sd_o_rf_tag,0,160,0.0,0.0
check_s2_o_tag/hc_o + rs1_o_tag/sd_o,0,160,0.0,0.0
check_s2_o_tag/hc_o + data_we_q_tag/sd_o,0,160,0.0,0.0
check_s2_o_tag/hc_o + rdata_offset_q_tag/sd_o,0,160,0.0,0.0
check_s2_o_tag/hc_o + data_type_q_tag/sd_o,0,160,0.0,0.0
check_s2_o_tag/hc_o + rdata_q_tag/sd_o,0,160,0.0,0.0
check_d_o_tag/hc_o + check_s2_o_tag/sd_o,0,160,0.0,0.0
check_s2_o_tag/sd_o + register_set_o_tag/hc_o,0,160,0.0,0.0
check_s2_o_tag/sd_o + is_store_post_o_tag/hc_o,0,160,0.0,0.0
check_s2_o_tag/sd_o + memory_set_o_tag/hc_o,0,160,0.0,0.0
check_s2_o_tag/sd_o + rs1_o_tag/hc_o,0,160,0.0,0.0
check_s2_o_tag/sd_o + data_we_q_tag/hc_o,0,160,0.0,0.0
check_d_o_tag/hc_o + check_d_o_tag/sd_o,0,160,0.0,0.0
check_d_o_tag/hc_o + register_set_o_tag/sd_o,0,160,0.0,0.0
check_d_o_tag/hc_o + is_store_post_o_tag/sd_o,0,160,0.0,0.0
check_d_o_tag/hc_o + memory_set_o_tag/sd_o,0,160,0.0,0.0
check_d_o_tag/hc_o + sd_o_rf_tag,0,160,0.0,0.0
check_d_o_tag/hc_o + rs1_o_tag/sd_o,0,160,0.0,0.0
check_d_o_tag/hc_o + data_we_q_tag/sd_o,0,160,0.0,0.0
check_d_o_tag/hc_o + rdata_offset_q_tag/sd_o,0,160,0.0,0.0
check_d_o_tag/hc_o + data_type_q_tag/sd_o,0,160,0.0,0.0
check_d_o_tag/hc_o + rdata_q_tag/sd_o,0,160,0.0,0.0
check_d_o_tag/sd_o + register_set_o_tag/hc_o,0,160,0.0,0.0
check_d_o_tag/sd_o + is_store_post_o_tag/hc_o,0,160,0.0,0.0
check_d_o_tag/sd_o + memory_set_o_tag/hc_o,0,160,0.0,0.0
check_d_o_tag/sd_o + rs1_o_tag/hc_o,0,160,0.0,0.0
check_d_o_tag/sd_o + data_we_q_tag/hc_o,0,160,0.0,0.0
register_set_o_tag/hc_o + register_set_o_tag/sd_o,0,160,0.0,0.0
is_store_post_o_tag/sd_o + register_set_o_tag/hc_o,0,160,0.0,0.0
memory_set_o_tag/sd_o + register_set_o_tag/hc_o,0,160,0.0,0.0
register_set_o_tag/hc_o + sd_o_rf_tag,0,160,0.0,0.0
register_set_o_tag/hc_o + rs1_o_tag/sd_o,0,160,0.0,0.0
data_we_q_tag/sd_o + register_set_o_tag/hc_o,0,160,0.0,0.0
rdata_offset_q_tag/sd_o + register_set_o_tag/hc_o,0,160,0.0,0.0
data_type_q_tag/sd_o + register_set_o_tag/hc_o,0,160,0.0,0.0
rdata_q_tag/sd_o + register_set_o_tag/hc_o,0,160,0.0,0.0
is_store_post_o_tag/hc_o + register_set_o_tag/sd_o,0,160,0.0,0.0
memory_set_o_tag/hc_o + register_set_o_tag/sd_o,0,160,0.0,0.0
register_set_o_tag/sd_o + rs1_o_tag/hc_o,0,160,0.0,0.0
data_we_q_tag/hc_o + register_set_o_tag/sd_o,0,160,0.0,0.0
is_store_post_o_tag/hc_o + is_store_post_o_tag/sd_o,0,160,0.0,0.0
is_store_post_o_tag/hc_o + memory_set_o_tag/sd_o,0,160,0.0,0.0
is_store_post_o_tag/hc_o + sd_o_rf_tag,0,160,0.0,0.0
is_store_post_o_tag/hc_o + rs1_o_tag/sd_o,0,160,0.0,0.0
data_we_q_tag/sd_o + is_store_post_o_tag/hc_o,0,160,0.0,0.0
is_store_post_o_tag/hc_o + rdata_offset_q_tag/sd_o,0,160,0.0,0.0
data_type_q_tag/sd_o + is_store_post_o_tag/hc_o,0,160,0.0,0.0
is_store_post_o_tag/hc_o + rdata_q_tag/sd_o,0,160,0.0,0.0
is_store_post_o_tag/sd_o + memory_set_o_tag/hc_o,0,160,0.0,0.0
is_store_post_o_tag/sd_o + rs1_o_tag/hc_o,0,160,0.0,0.0
data_we_q_tag/hc_o + is_store_post_o_tag/sd_o,0,160,0.0,0.0
memory_set_o_tag/hc_o + memory_set_o_tag/sd_o,0,160,0.0,0.0
memory_set_o_tag/hc_o + sd_o_rf_tag,0,160,0.0,0.0
memory_set_o_tag/hc_o + rs1_o_tag/sd_o,0,160,0.0,0.0
data_we_q_tag/sd_o + memory_set_o_tag/hc_o,0,160,0.0,0.0
memory_set_o_tag/hc_o + rdata_offset_q_tag/sd_o,0,160,0.0,0.0
data_type_q_tag/sd_o + memory_set_o_tag/hc_o,0,160,0.0,0.0
memory_set_o_tag/hc_o + rdata_q_tag/sd_o,0,160,0.0,0.0
memory_set_o_tag/sd_o + rs1_o_tag/hc_o,0,160,0.0,0.0
data_we_q_tag/hc_o + memory_set_o_tag/sd_o,0,160,0.0,0.0
rs1_o_tag/hc_o + sd_o_rf_tag,0,160,0.0,0.0
data_we_q_tag/hc_o + sd_o_rf_tag,0,160,0.0,0.0
rs1_o_tag/hc_o + rs1_o_tag/sd_o,0,160,0.0,0.0
data_we_q_tag/sd_o + rs1_o_tag/hc_o,0,160,0.0,0.0
rdata_offset_q_tag/sd_o + rs1_o_tag/hc_o,0,160,0.0,0.0
data_type_q_tag/sd_o + rs1_o_tag/hc_o,0,160,0.0,0.0
rdata_q_tag/sd_o + rs1_o_tag/hc_o,0,160,0.0,0.0
data_we_q_tag/hc_o + rs1_o_tag/sd_o,0,160,0.0,0.0
data_we_q_tag/hc_o + data_we_q_tag/sd_o,0,160,0.0,0.0
data_we_q_tag/hc_o + rdata_offset_q_tag/sd_o,0,160,0.0,0.0
data_type_q_tag/sd_o + data_we_q_tag/hc_o,0,160,0.0,0.0
data_we_q_tag/hc_o + rdata_q_tag/sd_o,0,160,0.0,0.0
data_type_q_tag + tcr_execute/sd_o,0,160,0.0,0.0
rdata_offset_q_tag + tcr_execute/sd_o,0,160,0.0,0.0
alu_operator_o_mode + tcr_execute/sd_o,0,160,0.0,0.0
sd_o_rf_tag + tcr_execute/hc_o,0,160,0.0,0.0
tcr_execute/hc_o + tcr_execute/sd_o,0,160,0.0,0.0
data_type_q_tag + sp_o_32,0,160,0.0,0.0
rdata_offset_q_tag + sp_o_32,0,160,0.0,0.0
id_stage/sd_o + if_stage/hc_o,0,152,0.0,0.0
ex_stage/sd_o + if_stage/hc_o,0,152,0.0,0.0
if_stage/hc_o + tpr/sd_o_32,0,152,0.0,0.0
if_stage/hc_o + tcr/sd_o_32,0,152,0.0,0.0
if_stage/hc_o + lsu/sd_o,0,152,0.0,0.0
alu_operator_o_mode/hc_o + tpr/sd_o_32,0,152,0.0,0.0
alu_operator_o_mode/hc_o + tcr/sd_o_32,0,152,0.0,0.0
rdata_offset_q_tag/hc_o + tpr/sd_o_32,0,152,0.0,0.0
data_type_q_tag/hc_o + tpr/sd_o_32,0,152,0.0,0.0
rdata_q_tag/hc_o + tpr/sd_o_32,0,152,0.0,0.0
rdata_offset_q_tag/hc_o + tcr/sd_o_32,0,152,0.0,0.0
data_type_q_tag/hc_o + tcr/sd_o_32,0,152,0.0,0.0
rdata_q_tag/hc_o + tcr/sd_o_32,0,152,0.0,0.0
pc_if_o_tag/sd_o + tpr_arith/hc_o,0,152,0.0,0.0
pc_if_o_tag/sd_o + tpr_branch/hc_o,0,152,0.0,0.0
pc_if_o_tag/sd_o + tpr_jump/hc_o,0,152,0.0,0.0
pc_if_o_tag/sd_o + tpr_shift/hc_o,0,152,0.0,0.0
pc_if_o_tag/sd_o + tpr_comparison/hc_o,0,152,0.0,0.0
pc_if_o_tag/sd_o + tpr_logical/hc_o,0,152,0.0,0.0
pc_if_o_tag/sd_o + tpr_load_store_mode/hc_o,0,152,0.0,0.0
pc_if_o_tag/sd_o + tpr_load_store_enable/hc_o,0,152,0.0,0.0
pc_if_o_tag/sd_o + tcr_arith/hc_o,0,152,0.0,0.0
pc_if_o_tag/sd_o + tcr_branch/hc_o,0,152,0.0,0.0
pc_if_o_tag/sd_o + tcr_jump/hc_o,0,152,0.0,0.0
pc_if_o_tag/sd_o + tcr_shift/hc_o,0,152,0.0,0.0
pc_if_o_tag/sd_o + tcr_comparison/hc_o,0,152,0.0,0.0
pc_if_o_tag/sd_o + tcr_logical/hc_o,0,152,0.0,0.0
pc_id_o_tag/sd_o + tpr_arith/hc_o,0,152,0.0,0.0
pc_id_o_tag/sd_o + tpr_branch/hc_o,0,152,0.0,0.0
pc_id_o_tag/sd_o + tpr_jump/hc_o,0,152,0.0,0.0
pc_id_o_tag/sd_o + tpr_shift/hc_o,0,152,0.0,0.0
pc_id_o_tag/sd_o + tpr_comparison/hc_o,0,152,0.0,0.0
pc_id_o_tag/sd_o + tpr_logical/hc_o,0,152,0.0,0.0
pc_id_o_tag/sd_o + tpr_load_store_mode/hc_o,0,152,0.0,0.0
pc_id_o_tag/sd_o + tpr_load_store_enable/hc_o,0,152,0.0,0.0
pc_id_o_tag/sd_o + tcr_arith/hc_o,0,152,0.0,0.0
pc_id_o_tag/sd_o + tcr_branch/hc_o,0,152,0.0,0.0
pc_id_o_tag/sd_o + tcr_jump/hc_o,0,152,0.0,0.0
pc_id_o_tag/sd_o + tcr_shift/hc_o,0,152,0.0,0.0
pc_id_o_tag/sd_o + tcr_comparison/hc_o,0,152,0.0,0.0
pc_id_o_tag/sd_o + tcr_logical/hc_o,0,152,0.0,0.0
sd_o_5 + tpr_arith/hc_o,0,152,0.0,0.0
sd_o_5 + tpr_branch/hc_o,0,152,0.0,0.0
sd_o_5 + tpr_jump/hc_o,0,152,0.0,0.0
sd_o_5 + tpr_shift/hc_o,0,152,0.0,0.0
sd_o_5 + tpr_comparison/hc_o,0,152,0.0,0.0
sd_o_5 + tpr_logical/hc_o,0,152,0.0,0.0
sd_o_5 + tpr_load_store_mode/hc_o,0,152,0.0,0.0
sd_o_5 + tpr_load_store_enable/hc_o,0,152,0.0,0.0
sd_o_5 + tcr_arith/hc_o,0,152,0.0,0.0
sd_o_5 + tcr_branch/hc_o,0,152,0.0,0.0
sd_o_5 + tcr_jump/hc_o,0,152,0.0,0.0
sd_o_5 + tcr_shift/hc_o,0,152,0.0,0.0
sd_o_5 + tcr_comparison/hc_o,0,152,0.0,0.0
sd_o_5 + tcr_logical/hc_o,0,152,0.0,0.0
alu_operator_o_mode/hc_o + tpr_arith/sd_o,0,152,0.0,0.0
alu_operator_o_mode/hc_o + tpr_branch/sd_o,0,152,0.0,0.0
alu_operator_o_mode/hc_o + tpr_jump/sd_o,0,152,0.0,0.0
alu_operator_o_mode/hc_o + tpr_shift/sd_o,0,152,0.0,0.0
alu_operator_o_mode/hc_o + tpr_comparison/sd_o,0,152,0.0,0.0
alu_operator_o_mode/hc_o + tpr_logical/sd_o,0,152,0.0,0.0
alu_operator_o_mode/hc_o + tpr_load_store_mode/sd_o,0,152,0.0,0.0
alu_operator_o_mode/hc_o + tpr_load_store_enable/sd_o,0,152,0.0,0.0
alu_operator_o_mode/hc_o + tcr_arith/sd_o,0,152,0.0,0.0
alu_operator_o_mode/hc_o + tcr_branch/sd_o,0,152,0.0,0.0
alu_operator_o_mode/hc_o + tcr_jump/sd_o,0,152,0.0,0.0
alu_operator_o_mode/hc_o + tcr_shift/sd_o,0,152,0.0,0.0
alu_operator_o_mode/hc_o + tcr_comparison/sd_o,0,152,0.0,0.0
alu_operator_o_mode/hc_o + tcr_logical/sd_o,0,152,0.0,0.0
alu_operator_o_mode/hc_o + tcr_load_store/sd_o,0,152,0.0,0.0
alu_operator_o_mode/hc_o + tcr_execute/sd_o,0,152,0.0,0.0
alu_operator_o_mode/sd_o + tpr_arith/hc_o,0,152,0.0,0.0
alu_operator_o_mode/sd_o + tpr_branch/hc_o,0,152,0.0,0.0
alu_operator_o_mode/sd_o + tpr_jump/hc_o,0,152,0.0,0.0
alu_operator_o_mode/sd_o + tpr_shift/hc_o,0,152,0.0,0.0
alu_operator_o_mode/sd_o + tpr_comparison/hc_o,0,152,0.0,0.0
alu_operator_o_mode/sd_o + tpr_logical/hc_o,0,152,0.0,0.0
alu_operator_o_mode/sd_o + tpr_load_store_mode/hc_o,0,152,0.0,0.0
alu_operator_o_mode/sd_o + tpr_load_store_enable/hc_o,0,152,0.0,0.0
alu_operator_o_mode/sd_o + tcr_arith/hc_o,0,152,0.0,0.0
alu_operator_o_mode/sd_o + tcr_branch/hc_o,0,152,0.0,0.0
alu_operator_o_mode/sd_o + tcr_jump/hc_o,0,152,0.0,0.0
alu_operator_o_mode/sd_o + tcr_shift/hc_o,0,152,0.0,0.0
alu_operator_o_mode/sd_o + tcr_comparison/hc_o,0,152,0.0,0.0
alu_operator_o_mode/sd_o + tcr_logical/hc_o,0,152,0.0,0.0
store_dest_addr_ex_o_tag/sd_o + tpr_arith/hc_o,0,152,0.0,0.0
store_dest_addr_ex_o_tag/sd_o + tpr_branch/hc_o,0,152,0.0,0.0
store_dest_addr_ex_o_tag/sd_o + tpr_jump/hc_o,0,152,0.0,0.0
store_dest_addr_ex_o_tag/sd_o + tpr_shift/hc_o,0,152,0.0,0.0
store_dest_addr_ex_o_tag/sd_o + tpr_comparison/hc_o,0,152,0.0,0.0
store_dest_addr_ex_o_tag/sd_o + tpr_logical/hc_o,0,152,0.0,0.0
store_dest_addr_ex_o_tag/sd_o + tpr_load_store_mode/hc_o,0,152,0.0,0.0
store_dest_addr_ex_o_tag/sd_o + tpr_load_store_enable/hc_o,0,152,0.0,0.0
store_dest_addr_ex_o_tag/sd_o + tcr_arith/hc_o,0,152,0.0,0.0
store_dest_addr_ex_o_tag/sd_o + tcr_branch/hc_o,0,152,0.0,0.0
store_dest_addr_ex_o_tag/sd_o + tcr_jump/hc_o,0,152,0.0,0.0
store_dest_addr_ex_o_tag/sd_o + tcr_shift/hc_o,0,152,0.0,0.0
store_dest_addr_ex_o_tag/sd_o + tcr_comparison/hc_o,0,152,0.0,0.0
store_dest_addr_ex_o_tag/sd_o + tcr_logical/hc_o,0,152,0.0,0.0
store_source_ex_o_tag/sd_o + tpr_arith/hc_o,0,152,0.0,0.0
store_source_ex_o_tag/sd_o + tpr_branch/hc_o,0,152,0.0,0.0
store_source_ex_o_tag/sd_o + tpr_jump/hc_o,0,152,0.0,0.0
store_source_ex_o_tag/sd_o + tpr_shift/hc_o,0,152,0.0,0.0
store_source_ex_o_tag/sd_o + tpr_comparison/hc_o,0,152,0.0,0.0
store_source_ex_o_tag/sd_o + tpr_logical/hc_o,0,152,0.0,0.0
store_source_ex_o_tag/sd_o + tpr_load_store_mode/hc_o,0,152,0.0,0.0
store_source_ex_o_tag/sd_o + tpr_load_store_enable/hc_o,0,152,0.0,0.0
store_source_ex_o_tag/sd_o + tcr_arith/hc_o,0,152,0.0,0.0
store_source_ex_o_tag/sd_o + tcr_branch/hc_o,0,152,0.0,0.0
store_source_ex_o_tag/sd_o + tcr_jump/hc_o,0,152,0.0,0.0
store_source_ex_o_tag/sd_o + tcr_shift/hc_o,0,152,0.0,0.0
store_source_ex_o_tag/sd_o + tcr_comparison/hc_o,0,152,0.0,0.0
store_source_ex_o_tag/sd_o + tcr_logical/hc_o,0,152,0.0,0.0
tpr_arith/hc_o + use_store_ops_ex_o/sd_o,0,152,0.0,0.0
tpr_branch/hc_o + use_store_ops_ex_o/sd_o,0,152,0.0,0.0
tpr_jump/hc_o + use_store_ops_ex_o/sd_o,0,152,0.0,0.0
tpr_shift/hc_o + use_store_ops_ex_o/sd_o,0,152,0.0,0.0
tpr_comparison/hc_o + use_store_ops_ex_o/sd_o,0,152,0.0,0.0
tpr_logical/hc_o + use_store_ops_ex_o/sd_o,0,152,0.0,0.0
tpr_load_store_mode/hc_o + use_store_ops_ex_o/sd_o,0,152,0.0,0.0
tpr_load_store_enable/hc_o + use_store_ops_ex_o/sd_o,0,152,0.0,0.0
tcr_arith/hc_o + use_store_ops_ex_o/sd_o,0,152,0.0,0.0
tcr_branch/hc_o + use_store_ops_ex_o/sd_o,0,152,0.0,0.0
tcr_jump/hc_o + use_store_ops_ex_o/sd_o,0,152,0.0,0.0
tcr_shift/hc_o + use_store_ops_ex_o/sd_o,0,152,0.0,0.0
tcr_comparison/hc_o + use_store_ops_ex_o/sd_o,0,152,0.0,0.0
tcr_logical/hc_o + use_store_ops_ex_o/sd_o,0,152,0.0,0.0
alu_operand_a_ex_o_tag/sd_o + tpr_arith/hc_o,0,152,0.0,0.0
alu_operand_a_ex_o_tag/sd_o + tpr_branch/hc_o,0,152,0.0,0.0
alu_operand_a_ex_o_tag/sd_o + tpr_jump/hc_o,0,152,0.0,0.0
alu_operand_a_ex_o_tag/sd_o + tpr_shift/hc_o,0,152,0.0,0.0
alu_operand_a_ex_o_tag/sd_o + tpr_comparison/hc_o,0,152,0.0,0.0
alu_operand_a_ex_o_tag/sd_o + tpr_logical/hc_o,0,152,0.0,0.0
alu_operand_a_ex_o_tag/sd_o + tpr_load_store_mode/hc_o,0,152,0.0,0.0
alu_operand_a_ex_o_tag/sd_o + tpr_load_store_enable/hc_o,0,152,0.0,0.0
alu_operand_a_ex_o_tag/sd_o + tcr_arith/hc_o,0,152,0.0,0.0
alu_operand_a_ex_o_tag/sd_o + tcr_branch/hc_o,0,152,0.0,0.0
alu_operand_a_ex_o_tag/sd_o + tcr_jump/hc_o,0,152,0.0,0.0
alu_operand_a_ex_o_tag/sd_o + tcr_shift/hc_o,0,152,0.0,0.0
alu_operand_a_ex_o_tag/sd_o + tcr_comparison/hc_o,0,152,0.0,0.0
alu_operand_a_ex_o_tag/sd_o + tcr_logical/hc_o,0,152,0.0,0.0
alu_operand_b_ex_o_tag/sd_o + tpr_arith/hc_o,0,152,0.0,0.0
alu_operand_b_ex_o_tag/sd_o + tpr_branch/hc_o,0,152,0.0,0.0
alu_operand_b_ex_o_tag/sd_o + tpr_jump/hc_o,0,152,0.0,0.0
alu_operand_b_ex_o_tag/sd_o + tpr_shift/hc_o,0,152,0.0,0.0
alu_operand_b_ex_o_tag/sd_o + tpr_comparison/hc_o,0,152,0.0,0.0
alu_operand_b_ex_o_tag/sd_o + tpr_logical/hc_o,0,152,0.0,0.0
alu_operand_b_ex_o_tag/sd_o + tpr_load_store_mode/hc_o,0,152,0.0,0.0
alu_operand_b_ex_o_tag/sd_o + tpr_load_store_enable/hc_o,0,152,0.0,0.0
alu_operand_b_ex_o_tag/sd_o + tcr_arith/hc_o,0,152,0.0,0.0
alu_operand_b_ex_o_tag/sd_o + tcr_branch/hc_o,0,152,0.0,0.0
alu_operand_b_ex_o_tag/sd_o + tcr_jump/hc_o,0,152,0.0,0.0
alu_operand_b_ex_o_tag/sd_o + tcr_shift/hc_o,0,152,0.0,0.0
alu_operand_b_ex_o_tag/sd_o + tcr_comparison/hc_o,0,152,0.0,0.0
alu_operand_b_ex_o_tag/sd_o + tcr_logical/hc_o,0,152,0.0,0.0
alu_operand_c_ex_o_tag/sd_o + tpr_arith/hc_o,0,152,0.0,0.0
alu_operand_c_ex_o_tag/sd_o + tpr_branch/hc_o,0,152,0.0,0.0
alu_operand_c_ex_o_tag/sd_o + tpr_jump/hc_o,0,152,0.0,0.0
alu_operand_c_ex_o_tag/sd_o + tpr_shift/hc_o,0,152,0.0,0.0
alu_operand_c_ex_o_tag/sd_o + tpr_comparison/hc_o,0,152,0.0,0.0
alu_operand_c_ex_o_tag/sd_o + tpr_logical/hc_o,0,152,0.0,0.0
alu_operand_c_ex_o_tag/sd_o + tpr_load_store_mode/hc_o,0,152,0.0,0.0
alu_operand_c_ex_o_tag/sd_o + tpr_load_store_enable/hc_o,0,152,0.0,0.0
alu_operand_c_ex_o_tag/sd_o + tcr_arith/hc_o,0,152,0.0,0.0
alu_operand_c_ex_o_tag/sd_o + tcr_branch/hc_o,0,152,0.0,0.0
alu_operand_c_ex_o_tag/sd_o + tcr_jump/hc_o,0,152,0.0,0.0
alu_operand_c_ex_o_tag/sd_o + tcr_shift/hc_o,0,152,0.0,0.0
alu_operand_c_ex_o_tag/sd_o + tcr_comparison/hc_o,0,152,0.0,0.0
alu_operand_c_ex_o_tag/sd_o + tcr_logical/hc_o,0,152,0.0,0.0
check_s1_o_tag/sd_o + tpr_arith/hc_o,0,152,0.0,0.0
check_s1_o_tag/sd_o + tpr_branch/hc_o,0,152,0.0,0.0
check_s1_o_tag/sd_o + tpr_jump/hc_o,0,152,0.0,0.0
check_s1_o_tag/sd_o + tpr_shift/hc_o,0,152,0.0,0.0
check_s1_o_tag/sd_o + tpr_comparison/hc_o,0,152,0.0,0.0
check_s1_o_tag/sd_o + tpr_logical/hc_o,0,152,0.0,0.0
check_s1_o_tag/sd_o + tpr_load_store_mode/hc_o,0,152,0.0,0.0
check_s1_o_tag/sd_o + tpr_load_store_enable/hc_o,0,152,0.0,0.0
check_s1_o_tag/sd_o + tcr_arith/hc_o,0,152,0.0,0.0
check_s1_o_tag/sd_o + tcr_branch/hc_o,0,152,0.0,0.0
check_s1_o_tag/sd_o + tcr_jump/hc_o,0,152,0.0,0.0
check_s1_o_tag/sd_o + tcr_shift/hc_o,0,152,0.0,0.0
check_s1_o_tag/sd_o + tcr_comparison/hc_o,0,152,0.0,0.0
check_s1_o_tag/sd_o + tcr_logical/hc_o,0,152,0.0,0.0
check_s2_o_tag/sd_o + tpr_arith/hc_o,0,152,0.0,0.0
check_s2_o_tag/sd_o + tpr_branch/hc_o,0,152,0.0,0.0
check_s2_o_tag/sd_o + tpr_jump/hc_o,0,152,0.0,0.0
check_s2_o_tag/sd_o + tpr_shift/hc_o,0,152,0.0,0.0
check_s2_o_tag/sd_o + tpr_comparison/hc_o,0,152,0.0,0.0
check_s2_o_tag/sd_o + tpr_logical/hc_o,0,152,0.0,0.0
check_s2_o_tag/sd_o + tpr_load_store_mode/hc_o,0,152,0.0,0.0
check_s2_o_tag/sd_o + tpr_load_store_enable/hc_o,0,152,0.0,0.0
check_s2_o_tag/sd_o + tcr_arith/hc_o,0,152,0.0,0.0
check_s2_o_tag/sd_o + tcr_branch/hc_o,0,152,0.0,0.0
check_s2_o_tag/sd_o + tcr_jump/hc_o,0,152,0.0,0.0
check_s2_o_tag/sd_o + tcr_shift/hc_o,0,152,0.0,0.0
check_s2_o_tag/sd_o + tcr_comparison/hc_o,0,152,0.0,0.0
check_s2_o_tag/sd_o + tcr_logical/hc_o,0,152,0.0,0.0
check_d_o_tag/sd_o + tpr_arith/hc_o,0,152,0.0,0.0
check_d_o_tag/sd_o + tpr_branch/hc_o,0,152,0.0,0.0
check_d_o_tag/sd_o + tpr_jump/hc_o,0,152,0.0,0.0
check_d_o_tag/sd_o + tpr_shift/hc_o,0,152,0.0,0.0
check_d_o_tag/sd_o + tpr_comparison/hc_o,0,152,0.0,0.0
check_d_o_tag/sd_o + tpr_logical/hc_o,0,152,0.0,0.0
check_d_o_tag/sd_o + tpr_load_store_mode/hc_o,0,152,0.0,0.0
check_d_o_tag/sd_o + tpr_load_store_enable/hc_o,0,152,0.0,0.0
check_d_o_tag/sd_o + tcr_arith/hc_o,0,152,0.0,0.0
check_d_o_tag/sd_o + tcr_branch/hc_o,0,152,0.0,0.0
check_d_o_tag/sd_o + tcr_jump/hc_o,0,152,0.0,0.0
check_d_o_tag/sd_o + tcr_shift/hc_o,0,152,0.0,0.0
check_d_o_tag/sd_o + tcr_comparison/hc_o,0,152,0.0,0.0
check_d_o_tag/sd_o + tcr_logical/hc_o,0,152,0.0,0.0
register_set_o_tag/sd_o + tpr_arith/hc_o,0,152,0.0,0.0
register_set_o_tag/sd_o + tpr_branch/hc_o,0,152,0.0,0.0
register_set_o_tag/sd_o + tpr_jump/hc_o,0,152,0.0,0.0
register_set_o_tag/sd_o + tpr_shift/hc_o,0,152,0.0,0.0
register_set_o_tag/sd_o + tpr_comparison/hc_o,0,152,0.0,0.0
register_set_o_tag/sd_o + tpr_logical/hc_o,0,152,0.0,0.0
register_set_o_tag/sd_o + tpr_load_store_mode/hc_o,0,152,0.0,0.0
register_set_o_tag/sd_o + tpr_load_store_enable/hc_o,0,152,0.0,0.0
register_set_o_tag/sd_o + tcr_arith/hc_o,0,152,0.0,0.0
register_set_o_tag/sd_o + tcr_branch/hc_o,0,152,0.0,0.0
register_set_o_tag/sd_o + tcr_jump/hc_o,0,152,0.0,0.0
register_set_o_tag/sd_o + tcr_shift/hc_o,0,152,0.0,0.0
register_set_o_tag/sd_o + tcr_comparison/hc_o,0,152,0.0,0.0
register_set_o_tag/sd_o + tcr_logical/hc_o,0,152,0.0,0.0
is_store_post_o_tag/sd_o + tpr_arith/hc_o,0,152,0.0,0.0
is_store_post_o_tag/sd_o + tpr_branch/hc_o,0,152,0.0,0.0
is_store_post_o_tag/sd_o + tpr_jump/hc_o,0,152,0.0,0.0
is_store_post_o_tag/sd_o + tpr_shift/hc_o,0,152,0.0,0.0
is_store_post_o_tag/sd_o + tpr_comparison/hc_o,0,152,0.0,0.0
is_store_post_o_tag/sd_o + tpr_logical/hc_o,0,152,0.0,0.0
is_store_post_o_tag/sd_o + tpr_load_store_mode/hc_o,0,152,0.0,0.0
is_store_post_o_tag/sd_o + tpr_load_store_enable/hc_o,0,152,0.0,0.0
is_store_post_o_tag/sd_o + tcr_arith/hc_o,0,152,0.0,0.0
is_store_post_o_tag/sd_o + tcr_branch/hc_o,0,152,0.0,0.0
is_store_post_o_tag/sd_o + tcr_jump/hc_o,0,152,0.0,0.0
is_store_post_o_tag/sd_o + tcr_shift/hc_o,0,152,0.0,0.0
is_store_post_o_tag/sd_o + tcr_comparison/hc_o,0,152,0.0,0.0
is_store_post_o_tag/sd_o + tcr_logical/hc_o,0,152,0.0,0.0
memory_set_o_tag/sd_o + tpr_arith/hc_o,0,152,0.0,0.0
memory_set_o_tag/sd_o + tpr_branch/hc_o,0,152,0.0,0.0
memory_set_o_tag/sd_o + tpr_jump/hc_o,0,152,0.0,0.0
memory_set_o_tag/sd_o + tpr_shift/hc_o,0,152,0.0,0.0
memory_set_o_tag/sd_o + tpr_comparison/hc_o,0,152,0.0,0.0
memory_set_o_tag/sd_o + tpr_logical/hc_o,0,152,0.0,0.0
memory_set_o_tag/sd_o + tpr_load_store_mode/hc_o,0,152,0.0,0.0
memory_set_o_tag/sd_o + tpr_load_store_enable/hc_o,0,152,0.0,0.0
memory_set_o_tag/sd_o + tcr_arith/hc_o,0,152,0.0,0.0
memory_set_o_tag/sd_o + tcr_branch/hc_o,0,152,0.0,0.0
memory_set_o_tag/sd_o + tcr_jump/hc_o,0,152,0.0,0.0
memory_set_o_tag/sd_o + tcr_shift/hc_o,0,152,0.0,0.0
memory_set_o_tag/sd_o + tcr_comparison/hc_o,0,152,0.0,0.0
memory_set_o_tag/sd_o + tcr_logical/hc_o,0,152,0.0,0.0
sd_o_rf_tag + tpr_arith/hc_o,0,152,0.0,0.0
sd_o_rf_tag + tpr_branch/hc_o,0,152,0.0,0.0
sd_o_rf_tag + tpr_jump/hc_o,0,152,0.0,0.0
sd_o_rf_tag + tpr_shift/hc_o,0,152,0.0,0.0
sd_o_rf_tag + tpr_comparison/hc_o,0,152,0.0,0.0
sd_o_rf_tag + tpr_logical/hc_o,0,152,0.0,0.0
sd_o_rf_tag + tpr_load_store_mode/hc_o,0,152,0.0,0.0
sd_o_rf_tag + tpr_load_store_enable/hc_o,0,152,0.0,0.0
sd_o_rf_tag + tcr_arith/hc_o,0,152,0.0,0.0
sd_o_rf_tag + tcr_branch/hc_o,0,152,0.0,0.0
sd_o_rf_tag + tcr_jump/hc_o,0,152,0.0,0.0
sd_o_rf_tag + tcr_shift/hc_o,0,152,0.0,0.0
sd_o_rf_tag + tcr_comparison/hc_o,0,152,0.0,0.0
sd_o_rf_tag + tcr_logical/hc_o,0,152,0.0,0.0
rs1_o_tag/sd_o + tpr_arith/hc_o,0,152,0.0,0.0
rs1_o_tag/sd_o + tpr_branch/hc_o,0,152,0.0,0.0
rs1_o_tag/sd_o + tpr_jump/hc_o,0,152,0.0,0.0
rs1_o_tag/sd_o + tpr_shift/hc_o,0,152,0.0,0.0
rs1_o_tag/sd_o + tpr_comparison/hc_o,0,152,0.0,0.0
rs1_o_tag/sd_o + tpr_logical/hc_o,0,152,0.0,0.0
rs1_o_tag/sd_o + tpr_load_store_mode/hc_o,0,152,0.0,0.0
rs1_o_tag/sd_o + tpr_load_store_enable/hc_o,0,152,0.0,0.0
rs1_o_tag/sd_o + tcr_arith/hc_o,0,152,0.0,0.0
rs1_o_tag/sd_o + tcr_branch/hc_o,0,152,0.0,0.0
rs1_o_tag/sd_o + tcr_jump/hc_o,0,152,0.0,0.0
rs1_o_tag/sd_o + tcr_shift/hc_o,0,152,0.0,0.0
rs1_o_tag/sd_o + tcr_comparison/hc_o,0,152,0.0,0.0
rs1_o_tag/sd_o + tcr_logical/hc_o,0,152,0.0,0.0
tpr_arith/hc_o + tpr_arith/sd_o,0,152,0.0,0.0
tpr_arith/hc_o + tpr_branch/sd_o,0,152,0.0,0.0
tpr_arith/hc_o + tpr_jump/sd_o,0,152,0.0,0.0
tpr_arith/hc_o + tpr_shift/sd_o,0,152,0.0,0.0
tpr_arith/hc_o + tpr_comparison/sd_o,0,152,0.0,0.0
tpr_arith/hc_o + tpr_logical/sd_o,0,152,0.0,0.0
tpr_arith/hc_o + tpr_load_store_mode/sd_o,0,152,0.0,0.0
tpr_arith/hc_o + tpr_load_store_enable/sd_o,0,152,0.0,0.0
tcr_arith/sd_o + tpr_arith/hc_o,0,152,0.0,0.0
tcr_branch/sd_o + tpr_arith/hc_o,0,152,0.0,0.0
tcr_jump/sd_o + tpr_arith/hc_o,0,152,0.0,0.0
tcr_shift/sd_o + tpr_arith/hc_o,0,152,0.0,0.0
tcr_comparison/sd_o + tpr_arith/hc_o,0,152,0.0,0.0
tcr_logical/sd_o + tpr_arith/hc_o,0,152,0.0,0.0
tcr_load_store/sd_o + tpr_arith/hc_o,0,152,0.0,0.0
tcr_execute/sd_o + tpr_arith/hc_o,0,152,0.0,0.0
data_we_q_tag/sd_o + tpr_arith/hc_o,0,152,0.0,0.0
rdata_offset_q_tag/sd_o + tpr_arith/hc_o,0,152,0.0,0.0
data_type_q_tag/sd_o + tpr_arith/hc_o,0,152,0.0,0.0
rdata_q_tag/sd_o + tpr_arith/hc_o,0,152,0.0,0.0
tpr_arith/sd_o + tpr_branch/hc_o,0,152,0.0,0.0
tpr_arith/sd_o + tpr_jump/hc_o,0,152,0.0,0.0
tpr_arith/sd_o + tpr_shift/hc_o,0,152,0.0,0.0
tpr_arith/sd_o + tpr_comparison/hc_o,0,152,0.0,0.0
tpr_arith/sd_o + tpr_logical/hc_o,0,152,0.0,0.0
tpr_arith/sd_o + tpr_load_store_mode/hc_o,0,152,0.0,0.0
tpr_arith/sd_o + tpr_load_store_enable/hc_o,0,152,0.0,0.0
tcr_arith/hc_o + tpr_arith/sd_o,0,152,0.0,0.0
tcr_branch/hc_o + tpr_arith/sd_o,0,152,0.0,0.0
tcr_jump/hc_o + tpr_arith/sd_o,0,152,0.0,0.0
tcr_shift/hc_o + tpr_arith/sd_o,0,152,0.0,0.0
tcr_comparison/hc_o + tpr_arith/sd_o,0,152,0.0,0.0
tcr_logical/hc_o + tpr_arith/sd_o,0,152,0.0,0.0
rdata_offset_q_tag/hc_o + tpr_arith/sd_o,0,152,0.0,0.0
data_type_q_tag/hc_o + tpr_arith/sd_o,0,152,0.0,0.0
rdata_q_tag/hc_o + tpr_arith/sd_o,0,152,0.0,0.0
tpr_branch/hc_o + tpr_branch/sd_o,0,152,0.0,0.0
tpr_branch/hc_o + tpr_jump/sd_o,0,152,0.0,0.0
tpr_branch/hc_o + tpr_shift/sd_o,0,152,0.0,0.0
tpr_branch/hc_o + tpr_comparison/sd_o,0,152,0.0,0.0
tpr_branch/hc_o + tpr_logical/sd_o,0,152,0.0,0.0
tpr_branch/hc_o + tpr_load_store_mode/sd_o,0,152,0.0,0.0
tpr_branch/hc_o + tpr_load_store_enable/sd_o,0,152,0.0,0.0
tcr_arith/sd_o + tpr_branch/hc_o,0,152,0.0,0.0
tcr_branch/sd_o + tpr_branch/hc_o,0,152,0.0,0.0
tcr_jump/sd_o + tpr_branch/hc_o,0,152,0.0,0.0
tcr_shift/sd_o + tpr_branch/hc_o,0,152,0.0,0.0
tcr_comparison/sd_o + tpr_branch/hc_o,0,152,0.0,0.0
tcr_logical/sd_o + tpr_branch/hc_o,0,152,0.0,0.0
tcr_load_store/sd_o + tpr_branch/hc_o,0,152,0.0,0.0
tcr_execute/sd_o + tpr_branch/hc_o,0,152,0.0,0.0
data_we_q_tag/sd_o + tpr_branch/hc_o,0,152,0.0,0.0
rdata_offset_q_tag/sd_o + tpr_branch/hc_o,0,152,0.0,0.0
data_type_q_tag/sd_o + tpr_branch/hc_o,0,152,0.0,0.0
rdata_q_tag/sd_o + tpr_branch/hc_o,0,152,0.0,0.0
tpr_branch/sd_o + tpr_jump/hc_o,0,152,0.0,0.0
tpr_branch/sd_o + tpr_shift/hc_o,0,152,0.0,0.0
tpr_branch/sd_o + tpr_comparison/hc_o,0,152,0.0,0.0
tpr_branch/sd_o + tpr_logical/hc_o,0,152,0.0,0.0
tpr_branch/sd_o + tpr_load_store_mode/hc_o,0,152,0.0,0.0
tpr_branch/sd_o + tpr_load_store_enable/hc_o,0,152,0.0,0.0
tcr_arith/hc_o + tpr_branch/sd_o,0,152,0.0,0.0
tcr_branch/hc_o + tpr_branch/sd_o,0,152,0.0,0.0
tcr_jump/hc_o + tpr_branch/sd_o,0,152,0.0,0.0
tcr_shift/hc_o + tpr_branch/sd_o,0,152,0.0,0.0
tcr_comparison/hc_o + tpr_branch/sd_o,0,152,0.0,0.0
tcr_logical/hc_o + tpr_branch/sd_o,0,152,0.0,0.0
rdata_offset_q_tag/hc_o + tpr_branch/sd_o,0,152,0.0,0.0
data_type_q_tag/hc_o + tpr_branch/sd_o,0,152,0.0,0.0
rdata_q_tag/hc_o + tpr_branch/sd_o,0,152,0.0,0.0
tpr_jump/hc_o + tpr_jump/sd_o,0,152,0.0,0.0
tpr_jump/hc_o + tpr_shift/sd_o,0,152,0.0,0.0
tpr_comparison/sd_o + tpr_jump/hc_o,0,152,0.0,0.0
tpr_jump/hc_o + tpr_logical/sd_o,0,152,0.0,0.0
tpr_jump/hc_o + tpr_load_store_mode/sd_o,0,152,0.0,0.0
tpr_jump/hc_o + tpr_load_store_enable/sd_o,0,152,0.0,0.0
tcr_arith/sd_o + tpr_jump/hc_o,0,152,0.0,0.0
tcr_branch/sd_o + tpr_jump/hc_o,0,152,0.0,0.0
tcr_jump/sd_o + tpr_jump/hc_o,0,152,0.0,0.0
tcr_shift/sd_o + tpr_jump/hc_o,0,152,0.0,0.0
tcr_comparison/sd_o + tpr_jump/hc_o,0,152,0.0,0.0
tcr_logical/sd_o + tpr_jump/hc_o,0,152,0.0,0.0
tcr_load_store/sd_o + tpr_jump/hc_o,0,152,0.0,0.0
tcr_execute/sd_o + tpr_jump/hc_o,0,152,0.0,0.0
data_we_q_tag/sd_o + tpr_jump/hc_o,0,152,0.0,0.0
rdata_offset_q_tag/sd_o + tpr_jump/hc_o,0,152,0.0,0.0
data_type_q_tag/sd_o + tpr_jump/hc_o,0,152,0.0,0.0
rdata_q_tag/sd_o + tpr_jump/hc_o,0,152,0.0,0.0
tpr_jump/sd_o + tpr_shift/hc_o,0,152,0.0,0.0
tpr_comparison/hc_o + tpr_jump/sd_o,0,152,0.0,0.0
tpr_jump/sd_o + tpr_logical/hc_o,0,152,0.0,0.0
tpr_jump/sd_o + tpr_load_store_mode/hc_o,0,152,0.0,0.0
tpr_jump/sd_o + tpr_load_store_enable/hc_o,0,152,0.0,0.0
tcr_arith/hc_o + tpr_jump/sd_o,0,152,0.0,0.0
tcr_branch/hc_o + tpr_jump/sd_o,0,152,0.0,0.0
tcr_jump/hc_o + tpr_jump/sd_o,0,152,0.0,0.0
tcr_shift/hc_o + tpr_jump/sd_o,0,152,0.0,0.0
tcr_comparison/hc_o + tpr_jump/sd_o,0,152,0.0,0.0
tcr_logical/hc_o + tpr_jump/sd_o,0,152,0.0,0.0
rdata_offset_q_tag/hc_o + tpr_jump/sd_o,0,152,0.0,0.0
data_type_q_tag/hc_o + tpr_jump/sd_o,0,152,0.0,0.0
rdata_q_tag/hc_o + tpr_jump/sd_o,0,152,0.0,0.0
tpr_shift/hc_o + tpr_shift/sd_o,0,152,0.0,0.0
tpr_comparison/sd_o + tpr_shift/hc_o,0,152,0.0,0.0
tpr_logical/sd_o + tpr_shift/hc_o,0,152,0.0,0.0
tpr_load_store_mode/sd_o + tpr_shift/hc_o,0,152,0.0,0.0
tpr_load_store_enable/sd_o + tpr_shift/hc_o,0,152,0.0,0.0
tcr_arith/sd_o + tpr_shift/hc_o,0,152,0.0,0.0
tcr_branch/sd_o + tpr_shift/hc_o,0,152,0.0,0.0
tcr_jump/sd_o + tpr_shift/hc_o,0,152,0.0,0.0
tcr_shift/sd_o + tpr_shift/hc_o,0,152,0.0,0.0
tcr_comparison/sd_o + tpr_shift/hc_o,0,152,0.0,0.0
tcr_logical/sd_o + tpr_shift/hc_o,0,152,0.0,0.0
tcr_load_store/sd_o + tpr_shift/hc_o,0,152,0.0,0.0
tcr_execute/sd_o + tpr_shift/hc_o,0,152,0.0,0.0
data_we_q_tag/sd_o + tpr_shift/hc_o,0,152,0.0,0.0
rdata_offset_q_tag/sd_o + tpr_shift/hc_o,0,152,0.0,0.0
data_type_q_tag/sd_o + tpr_shift/hc_o,0,152,0.0,0.0
rdata_q_tag/sd_o + tpr_shift/hc_o,0,152,0.0,0.0
tpr_comparison/hc_o + tpr_shift/sd_o,0,152,0.0,0.0
tpr_logical/hc_o + tpr_shift/sd_o,0,152,0.0,0.0
tpr_load_store_mode/hc_o + tpr_shift/sd_o,0,152,0.0,0.0
tpr_load_store_enable/hc_o + tpr_shift/sd_o,0,152,0.0,0.0
tcr_arith/hc_o + tpr_shift/sd_o,0,152,0.0,0.0
tcr_branch/hc_o + tpr_shift/sd_o,0,152,0.0,0.0
tcr_jump/hc_o + tpr_shift/sd_o,0,152,0.0,0.0
tcr_shift/hc_o + tpr_shift/sd_o,0,152,0.0,0.0
tcr_comparison/hc_o + tpr_shift/sd_o,0,152,0.0,0.0
tcr_logical/hc_o + tpr_shift/sd_o,0,152,0.0,0.0
rdata_offset_q_tag/hc_o + tpr_shift/sd_o,0,152,0.0,0.0
data_type_q_tag/hc_o + tpr_shift/sd_o,0,152,0.0,0.0
rdata_q_tag/hc_o + tpr_shift/sd_o,0,152,0.0,0.0
tpr_comparison/hc_o + tpr_comparison/sd_o,0,152,0.0,0.0
tpr_comparison/hc_o + tpr_logical/sd_o,0,152,0.0,0.0
tpr_comparison/hc_o + tpr_load_store_mode/sd_o,0,152,0.0,0.0
tpr_comparison/hc_o + tpr_load_store_enable/sd_o,0,152,0.0,0.0
tcr_arith/sd_o + tpr_comparison/hc_o,0,152,0.0,0.0
tcr_branch/sd_o + tpr_comparison/hc_o,0,152,0.0,0.0
tcr_jump/sd_o + tpr_comparison/hc_o,0,152,0.0,0.0
tcr_shift/sd_o + tpr_comparison/hc_o,0,152,0.0,0.0
tcr_comparison/sd_o + tpr_comparison/hc_o,0,152,0.0,0.0
tcr_logical/sd_o + tpr_comparison/hc_o,0,152,0.0,0.0
tcr_load_store/sd_o + tpr_comparison/hc_o,0,152,0.0,0.0
tcr_execute/sd_o + tpr_comparison/hc_o,0,152,0.0,0.0
data_we_q_tag/sd_o + tpr_comparison/hc_o,0,152,0.0,0.0
rdata_offset_q_tag/sd_o + tpr_comparison/hc_o,0,152,0.0,0.0
data_type_q_tag/sd_o + tpr_comparison/hc_o,0,152,0.0,0.0
rdata_q_tag/sd_o + tpr_comparison/hc_o,0,152,0.0,0.0
tpr_comparison/sd_o + tpr_logical/hc_o,0,152,0.0,0.0
tpr_comparison/sd_o + tpr_load_store_mode/hc_o,0,152,0.0,0.0
tpr_comparison/sd_o + tpr_load_store_enable/hc_o,0,152,0.0,0.0
tcr_arith/hc_o + tpr_comparison/sd_o,0,152,0.0,0.0
tcr_branch/hc_o + tpr_comparison/sd_o,0,152,0.0,0.0
tcr_jump/hc_o + tpr_comparison/sd_o,0,152,0.0,0.0
tcr_shift/hc_o + tpr_comparison/sd_o,0,152,0.0,0.0
tcr_comparison/hc_o + tpr_comparison/sd_o,0,152,0.0,0.0
tcr_logical/hc_o + tpr_comparison/sd_o,0,152,0.0,0.0
rdata_offset_q_tag/hc_o + tpr_comparison/sd_o,0,152,0.0,0.0
data_type_q_tag/hc_o + tpr_comparison/sd_o,0,152,0.0,0.0
rdata_q_tag/hc_o + tpr_comparison/sd_o,0,152,0.0,0.0
tpr_logical/hc_o + tpr_logical/sd_o,0,152,0.0,0.0
tpr_load_store_mode/sd_o + tpr_logical/hc_o,0,152,0.0,0.0
tpr_load_store_enable/sd_o + tpr_logical/hc_o,0,152,0.0,0.0
tcr_arith/sd_o + tpr_logical/hc_o,0,152,0.0,0.0
tcr_branch/sd_o + tpr_logical/hc_o,0,152,0.0,0.0
tcr_jump/sd_o + tpr_logical/hc_o,0,152,0.0,0.0
tcr_shift/sd_o + tpr_logical/hc_o,0,152,0.0,0.0
tcr_comparison/sd_o + tpr_logical/hc_o,0,152,0.0,0.0
tcr_logical/sd_o + tpr_logical/hc_o,0,152,0.0,0.0
tcr_load_store/sd_o + tpr_logical/hc_o,0,152,0.0,0.0
tcr_execute/sd_o + tpr_logical/hc_o,0,152,0.0,0.0
data_we_q_tag/sd_o + tpr_logical/hc_o,0,152,0.0,0.0
rdata_offset_q_tag/sd_o + tpr_logical/hc_o,0,152,0.0,0.0
data_type_q_tag/sd_o + tpr_logical/hc_o,0,152,0.0,0.0
rdata_q_tag/sd_o + tpr_logical/hc_o,0,152,0.0,0.0
tpr_load_store_mode/hc_o + tpr_logical/sd_o,0,152,0.0,0.0
tpr_load_store_enable/hc_o + tpr_logical/sd_o,0,152,0.0,0.0
tcr_arith/hc_o + tpr_logical/sd_o,0,152,0.0,0.0
tcr_branch/hc_o + tpr_logical/sd_o,0,152,0.0,0.0
tcr_jump/hc_o + tpr_logical/sd_o,0,152,0.0,0.0
tcr_shift/hc_o + tpr_logical/sd_o,0,152,0.0,0.0
tcr_comparison/hc_o + tpr_logical/sd_o,0,152,0.0,0.0
tcr_logical/hc_o + tpr_logical/sd_o,0,152,0.0,0.0
rdata_offset_q_tag/hc_o + tpr_logical/sd_o,0,152,0.0,0.0
data_type_q_tag/hc_o + tpr_logical/sd_o,0,152,0.0,0.0
rdata_q_tag/hc_o + tpr_logical/sd_o,0,152,0.0,0.0
tpr_load_store_enable/sd_o + tpr_load_store_mode/hc_o,0,152,0.0,0.0
tcr_arith/sd_o + tpr_load_store_mode/hc_o,0,152,0.0,0.0
tcr_branch/sd_o + tpr_load_store_mode/hc_o,0,152,0.0,0.0
tcr_jump/sd_o + tpr_load_store_mode/hc_o,0,152,0.0,0.0
tcr_shift/sd_o + tpr_load_store_mode/hc_o,0,152,0.0,0.0
tcr_comparison/sd_o + tpr_load_store_mode/hc_o,0,152,0.0,0.0
tcr_logical/sd_o + tpr_load_store_mode/hc_o,0,152,0.0,0.0
tcr_load_store/sd_o + tpr_load_store_mode/hc_o,0,152,0.0,0.0
tcr_execute/sd_o + tpr_load_store_mode/hc_o,0,152,0.0,0.0
data_we_q_tag/sd_o + tpr_load_store_mode/hc_o,0,152,0.0,0.0
rdata_offset_q_tag/sd_o + tpr_load_store_mode/hc_o,0,152,0.0,0.0
data_type_q_tag/sd_o + tpr_load_store_mode/hc_o,0,152,0.0,0.0
rdata_q_tag/sd_o + tpr_load_store_mode/hc_o,0,152,0.0,0.0
tpr_load_store_enable/hc_o + tpr_load_store_mode/sd_o,0,152,0.0,0.0
tcr_arith/hc_o + tpr_load_store_mode/sd_o,0,152,0.0,0.0
tcr_branch/hc_o + tpr_load_store_mode/sd_o,0,152,0.0,0.0
tcr_jump/hc_o + tpr_load_store_mode/sd_o,0,152,0.0,0.0
tcr_shift/hc_o + tpr_load_store_mode/sd_o,0,152,0.0,0.0
tcr_comparison/hc_o + tpr_load_store_mode/sd_o,0,152,0.0,0.0
tcr_logical/hc_o + tpr_load_store_mode/sd_o,0,152,0.0,0.0
rdata_offset_q_tag/hc_o + tpr_load_store_mode/sd_o,0,152,0.0,0.0
data_type_q_tag/hc_o + tpr_load_store_mode/sd_o,0,152,0.0,0.0
rdata_q_tag/hc_o + tpr_load_store_mode/sd_o,0,152,0.0,0.0
tcr_arith/sd_o + tpr_load_store_enable/hc_o,0,152,0.0,0.0
tcr_branch/sd_o + tpr_load_store_enable/hc_o,0,152,0.0,0.0
tcr_jump/sd_o + tpr_load_store_enable/hc_o,0,152,0.0,0.0
tcr_shift/sd_o + tpr_load_store_enable/hc_o,0,152,0.0,0.0
tcr_comparison/sd_o + tpr_load_store_enable/hc_o,0,152,0.0,0.0
tcr_logical/sd_o + tpr_load_store_enable/hc_o,0,152,0.0,0.0
tcr_load_store/sd_o + tpr_load_store_enable/hc_o,0,152,0.0,0.0
tcr_execute/sd_o + tpr_load_store_enable/hc_o,0,152,0.0,0.0
data_we_q_tag/sd_o + tpr_load_store_enable/hc_o,0,152,0.0,0.0
rdata_offset_q_tag/sd_o + tpr_load_store_enable/hc_o,0,152,0.0,0.0
data_type_q_tag/sd_o + tpr_load_store_enable/hc_o,0,152,0.0,0.0
rdata_q_tag/sd_o + tpr_load_store_enable/hc_o,0,152,0.0,0.0
tcr_arith/hc_o + tpr_load_store_enable/sd_o,0,152,0.0,0.0
tcr_branch/hc_o + tpr_load_store_enable/sd_o,0,152,0.0,0.0
tcr_jump/hc_o + tpr_load_store_enable/sd_o,0,152,0.0,0.0
tcr_shift/hc_o + tpr_load_store_enable/sd_o,0,152,0.0,0.0
tcr_comparison/hc_o + tpr_load_store_enable/sd_o,0,152,0.0,0.0
tcr_logical/hc_o + tpr_load_store_enable/sd_o,0,152,0.0,0.0
rdata_offset_q_tag/hc_o + tpr_load_store_enable/sd_o,0,152,0.0,0.0
data_type_q_tag/hc_o + tpr_load_store_enable/sd_o,0,152,0.0,0.0
rdata_q_tag/hc_o + tpr_load_store_enable/sd_o,0,152,0.0,0.0
tcr_arith/hc_o + tcr_arith/sd_o,0,152,0.0,0.0
tcr_arith/hc_o + tcr_branch/sd_o,0,152,0.0,0.0
tcr_arith/hc_o + tcr_jump/sd_o,0,152,0.0,0.0
tcr_arith/hc_o + tcr_shift/sd_o,0,152,0.0,0.0
tcr_arith/hc_o + tcr_comparison/sd_o,0,152,0.0,0.0
tcr_arith/hc_o + tcr_logical/sd_o,0,152,0.0,0.0
tcr_arith/hc_o + tcr_load_store/sd_o,0,152,0.0,0.0
tcr_arith/hc_o + tcr_execute/sd_o,0,152,0.0,0.0
data_we_q_tag/sd_o + tcr_arith/hc_o,0,152,0.0,0.0
rdata_offset_q_tag/sd_o + tcr_arith/hc_o,0,152,0.0,0.0
data_type_q_tag/sd_o + tcr_arith/hc_o,0,152,0.0,0.0
rdata_q_tag/sd_o + tcr_arith/hc_o,0,152,0.0,0.0
tcr_arith/sd_o + tcr_branch/hc_o,0,152,0.0,0.0
tcr_arith/sd_o + tcr_jump/hc_o,0,152,0.0,0.0
tcr_arith/sd_o + tcr_shift/hc_o,0,152,0.0,0.0
tcr_arith/sd_o + tcr_comparison/hc_o,0,152,0.0,0.0
tcr_arith/sd_o + tcr_logical/hc_o,0,152,0.0,0.0
rdata_offset_q_tag/hc_o + tcr_arith/sd_o,0,152,0.0,0.0
data_type_q_tag/hc_o + tcr_arith/sd_o,0,152,0.0,0.0
rdata_q_tag/hc_o + tcr_arith/sd_o,0,152,0.0,0.0
tcr_branch/hc_o + tcr_branch/sd_o,0,152,0.0,0.0
tcr_branch/hc_o + tcr_jump/sd_o,0,152,0.0,0.0
tcr_branch/hc_o + tcr_shift/sd_o,0,152,0.0,0.0
tcr_branch/hc_o + tcr_comparison/sd_o,0,152,0.0,0.0
tcr_branch/hc_o + tcr_logical/sd_o,0,152,0.0,0.0
tcr_branch/hc_o + tcr_load_store/sd_o,0,152,0.0,0.0
tcr_branch/hc_o + tcr_execute/sd_o,0,152,0.0,0.0
data_we_q_tag/sd_o + tcr_branch/hc_o,0,152,0.0,0.0
rdata_offset_q_tag/sd_o + tcr_branch/hc_o,0,152,0.0,0.0
data_type_q_tag/sd_o + tcr_branch/hc_o,0,152,0.0,0.0
rdata_q_tag/sd_o + tcr_branch/hc_o,0,152,0.0,0.0
tcr_branch/sd_o + tcr_jump/hc_o,0,152,0.0,0.0
tcr_branch/sd_o + tcr_shift/hc_o,0,152,0.0,0.0
tcr_branch/sd_o + tcr_comparison/hc_o,0,152,0.0,0.0
tcr_branch/sd_o + tcr_logical/hc_o,0,152,0.0,0.0
rdata_offset_q_tag/hc_o + tcr_branch/sd_o,0,152,0.0,0.0
data_type_q_tag/hc_o + tcr_branch/sd_o,0,152,0.0,0.0
rdata_q_tag/hc_o + tcr_branch/sd_o,0,152,0.0,0.0
tcr_jump/hc_o + tcr_jump/sd_o,0,152,0.0,0.0
tcr_jump/hc_o + tcr_shift/sd_o,0,152,0.0,0.0
tcr_comparison/sd_o + tcr_jump/hc_o,0,152,0.0,0.0
tcr_jump/hc_o + tcr_logical/sd_o,0,152,0.0,0.0
tcr_jump/hc_o + tcr_load_store/sd_o,0,152,0.0,0.0
tcr_execute/sd_o + tcr_jump/hc_o,0,152,0.0,0.0
data_we_q_tag/sd_o + tcr_jump/hc_o,0,152,0.0,0.0
rdata_offset_q_tag/sd_o + tcr_jump/hc_o,0,152,0.0,0.0
data_type_q_tag/sd_o + tcr_jump/hc_o,0,152,0.0,0.0
rdata_q_tag/sd_o + tcr_jump/hc_o,0,152,0.0,0.0
tcr_jump/sd_o + tcr_shift/hc_o,0,152,0.0,0.0
tcr_comparison/hc_o + tcr_jump/sd_o,0,152,0.0,0.0
tcr_jump/sd_o + tcr_logical/hc_o,0,152,0.0,0.0
rdata_offset_q_tag/hc_o + tcr_jump/sd_o,0,152,0.0,0.0
data_type_q_tag/hc_o + tcr_jump/sd_o,0,152,0.0,0.0
rdata_q_tag/hc_o + tcr_jump/sd_o,0,152,0.0,0.0
tcr_shift/hc_o + tcr_shift/sd_o,0,152,0.0,0.0
tcr_comparison/sd_o + tcr_shift/hc_o,0,152,0.0,0.0
tcr_logical/sd_o + tcr_shift/hc_o,0,152,0.0,0.0
tcr_load_store/sd_o + tcr_shift/hc_o,0,152,0.0,0.0
tcr_execute/sd_o + tcr_shift/hc_o,0,152,0.0,0.0
data_we_q_tag/sd_o + tcr_shift/hc_o,0,152,0.0,0.0
rdata_offset_q_tag/sd_o + tcr_shift/hc_o,0,152,0.0,0.0
data_type_q_tag/sd_o + tcr_shift/hc_o,0,152,0.0,0.0
rdata_q_tag/sd_o + tcr_shift/hc_o,0,152,0.0,0.0
tcr_comparison/hc_o + tcr_shift/sd_o,0,152,0.0,0.0
tcr_logical/hc_o + tcr_shift/sd_o,0,152,0.0,0.0
rdata_offset_q_tag/hc_o + tcr_shift/sd_o,0,152,0.0,0.0
data_type_q_tag/hc_o + tcr_shift/sd_o,0,152,0.0,0.0
rdata_q_tag/hc_o + tcr_shift/sd_o,0,152,0.0,0.0
tcr_comparison/hc_o + tcr_comparison/sd_o,0,152,0.0,0.0
tcr_comparison/hc_o + tcr_logical/sd_o,0,152,0.0,0.0
tcr_comparison/hc_o + tcr_load_store/sd_o,0,152,0.0,0.0
tcr_comparison/hc_o + tcr_execute/sd_o,0,152,0.0,0.0
data_we_q_tag/sd_o + tcr_comparison/hc_o,0,152,0.0,0.0
rdata_offset_q_tag/sd_o + tcr_comparison/hc_o,0,152,0.0,0.0
data_type_q_tag/sd_o + tcr_comparison/hc_o,0,152,0.0,0.0
rdata_q_tag/sd_o + tcr_comparison/hc_o,0,152,0.0,0.0
tcr_comparison/sd_o + tcr_logical/hc_o,0,152,0.0,0.0
rdata_offset_q_tag/hc_o + tcr_comparison/sd_o,0,152,0.0,0.0
data_type_q_tag/hc_o + tcr_comparison/sd_o,0,152,0.0,0.0
rdata_q_tag/hc_o + tcr_comparison/sd_o,0,152,0.0,0.0
tcr_logical/hc_o + tcr_logical/sd_o,0,152,0.0,0.0
tcr_load_store/sd_o + tcr_logical/hc_o,0,152,0.0,0.0
tcr_execute/sd_o + tcr_logical/hc_o,0,152,0.0,0.0
data_we_q_tag/sd_o + tcr_logical/hc_o,0,152,0.0,0.0
rdata_offset_q_tag/sd_o + tcr_logical/hc_o,0,152,0.0,0.0
data_type_q_tag/sd_o + tcr_logical/hc_o,0,152,0.0,0.0
rdata_q_tag/sd_o + tcr_logical/hc_o,0,152,0.0,0.0
rdata_offset_q_tag/hc_o + tcr_logical/sd_o,0,152,0.0,0.0
data_type_q_tag/hc_o + tcr_logical/sd_o,0,152,0.0,0.0
rdata_q_tag/hc_o + tcr_logical/sd_o,0,152,0.0,0.0
rdata_offset_q_tag/hc_o + tcr_load_store/sd_o,0,152,0.0,0.0
data_type_q_tag/hc_o + tcr_load_store/sd_o,0,152,0.0,0.0
rdata_q_tag/hc_o + tcr_load_store/sd_o,0,152,0.0,0.0
rdata_offset_q_tag/hc_o + tcr_execute/sd_o,0,152,0.0,0.0
data_type_q_tag/hc_o + tcr_execute/sd_o,0,152,0.0,0.0
rdata_q_tag/hc_o + tcr_execute/sd_o,0,152,0.0,0.0
id_group0/sd_o + if_stage/hc_o,0,152,0.0,0.0
id_group1/sd_o + if_stage/hc_o,0,152,0.0,0.0
id_group2/sd_o + if_stage/hc_o,0,152,0.0,0.0
id_group3/sd_o + if_stage/hc_o,0,152,0.0,0.0
id_group4/sd_o + if_stage/hc_o,0,152,0.0,0.0
id_group5/sd_o + if_stage/hc_o,0,152,0.0,0.0
id_group6/sd_o + if_stage/hc_o,0,152,0.0,0.0
id_group7/sd_o + if_stage/hc_o,0,152,0.0,0.0
id_group8/sd_o + if_stage/hc_o,0,152,0.0,0.0
id_group9/sd_o + if_stage/hc_o,0,152,0.0,0.0
csr_group0/sd_o + if_stage/hc_o,0,152,0.0,0.0
csr_group1/sd_o + if_stage/hc_o,0,152,0.0,0.0
csr_group2/sd_o + if_stage/hc_o,0,152,0.0,0.0
csr_group3/sd_o + if_stage/hc_o,0,152,0.0,0.0
csr_group4/sd_o + if_stage/hc_o,0,152,0.0,0.0
csr_group5/sd_o + if_stage/hc_o,0,152,0.0,0.0
csr_group6/sd_o + if_stage/hc_o,0,152,0.0,0.0
csr_group7/sd_o + if_stage/hc_o,0,152,0.0,0.0
csr_group8/sd_o + if_stage/hc_o,0,152,0.0,0.0
csr_group9/sd_o + if_stage/hc_o,0,152,0.0,0.0
csr_group10/sd_o + if_stage/hc_o,0,152,0.0,0.0
csr_group11/sd_o + if_stage/hc_o,0,152,0.0,0.0
csr_group12/sd_o + if_stage/hc_o,0,152,0.0,0.0
csr_group13/sd_o + if_stage/hc_o,0,152,0.0,0.0
csr_group14/sd_o + if_stage/hc_o,0,152,0.0,0.0
csr_group15/sd_o + if_stage/hc_o,0,152,0.0,0.0
csr_group16/sd_o + if_stage/hc_o,0,152,0.0,0.0
csr_group17/sd_o + if_stage/hc_o,0,152,0.0,0.0
csr_group18/sd_o + if_stage/hc_o,0,152,0.0,0.0
csr_group19/sd_o + if_stage/hc_o,0,152,0.0,0.0
csr_group20/sd_o + if_stage/hc_o,0,152,0.0,0.0
if_stage/hc_o + tcr_execute/sd_o,0,152,0.0,0.0
if_stage/hc_o + lsu_group1/sd_o,0,152,0.0,0.0
if_stage/hc_o + lsu_group2/sd_o,0,152,0.0,0.0
if_stage/hc_o + lsu_group3/sd_o,0,152,0.0,0.0
if_stage/hc_o + lsu_group4/sd_o,0,152,0.0,0.0
if_stage/hc_o + lsu_group5/sd_o,0,152,0.0,0.0
id_group0/hc_o + if_stage/sd_o,0,152,0.0,0.0
id_group1/hc_o + if_stage/sd_o,0,152,0.0,0.0
id_group2/hc_o + if_stage/sd_o,0,152,0.0,0.0
id_group3/hc_o + if_stage/sd_o,0,152,0.0,0.0
id_group4/hc_o + if_stage/sd_o,0,152,0.0,0.0
id_group5/hc_o + if_stage/sd_o,0,152,0.0,0.0
id_group6/hc_o + if_stage/sd_o,0,152,0.0,0.0
id_group7/hc_o + if_stage/sd_o,0,152,0.0,0.0
id_group8/hc_o + if_stage/sd_o,0,152,0.0,0.0
csr_group0/hc_o + if_stage/sd_o,0,152,0.0,0.0
csr_group1/hc_o + if_stage/sd_o,0,152,0.0,0.0
csr_group2/hc_o + if_stage/sd_o,0,152,0.0,0.0
csr_group3/hc_o + if_stage/sd_o,0,152,0.0,0.0
csr_group4/hc_o + if_stage/sd_o,0,152,0.0,0.0
csr_group5/hc_o + if_stage/sd_o,0,152,0.0,0.0
csr_group6/hc_o + if_stage/sd_o,0,152,0.0,0.0
csr_group7/hc_o + if_stage/sd_o,0,152,0.0,0.0
csr_group8/hc_o + if_stage/sd_o,0,152,0.0,0.0
csr_group9/hc_o + if_stage/sd_o,0,152,0.0,0.0
csr_group10/hc_o + if_stage/sd_o,0,152,0.0,0.0
csr_group11/hc_o + if_stage/sd_o,0,152,0.0,0.0
csr_group12/hc_o + if_stage/sd_o,0,152,0.0,0.0
csr_group13/hc_o + if_stage/sd_o,0,152,0.0,0.0
csr_group15/hc_o + if_stage/sd_o,0,152,0.0,0.0
csr_group16/hc_o + if_stage/sd_o,0,152,0.0,0.0
csr_group17/hc_o + if_stage/sd_o,0,152,0.0,0.0
if_stage/sd_o + lsu_group1/hc_o,0,152,0.0,0.0
if_stage/sd_o + lsu_group2/hc_o,0,152,0.0,0.0
if_stage/sd_o + lsu_group3/hc_o,0,152,0.0,0.0
if_stage/sd_o + lsu_group4/hc_o,0,152,0.0,0.0
if_stage/sd_o + lsu_group5/hc_o,0,152,0.0,0.0
id_group0/hc_o + id_group1/sd_o,0,152,0.0,0.0
id_group0/hc_o + id_group2/sd_o,0,152,0.0,0.0
id_group0/hc_o + id_group3/sd_o,0,152,0.0,0.0
id_group0/hc_o + id_group4/sd_o,0,152,0.0,0.0
id_group0/hc_o + id_group5/sd_o,0,152,0.0,0.0
id_group0/hc_o + id_group6/sd_o,0,152,0.0,0.0
id_group0/hc_o + id_group7/sd_o,0,152,0.0,0.0
id_group0/hc_o + id_group8/sd_o,0,152,0.0,0.0
id_group0/hc_o + id_group9/sd_o,0,152,0.0,0.0
id_group0/hc_o + sd_o_rf_tag,0,152,0.0,0.0
csr_group0/sd_o + id_group0/hc_o,0,152,0.0,0.0
csr_group1/sd_o + id_group0/hc_o,0,152,0.0,0.0
csr_group2/sd_o + id_group0/hc_o,0,152,0.0,0.0
csr_group3/sd_o + id_group0/hc_o,0,152,0.0,0.0
csr_group4/sd_o + id_group0/hc_o,0,152,0.0,0.0
csr_group5/sd_o + id_group0/hc_o,0,152,0.0,0.0
csr_group6/sd_o + id_group0/hc_o,0,152,0.0,0.0
csr_group7/sd_o + id_group0/hc_o,0,152,0.0,0.0
csr_group8/sd_o + id_group0/hc_o,0,152,0.0,0.0
csr_group9/sd_o + id_group0/hc_o,0,152,0.0,0.0
csr_group10/sd_o + id_group0/hc_o,0,152,0.0,0.0
csr_group11/sd_o + id_group0/hc_o,0,152,0.0,0.0
csr_group12/sd_o + id_group0/hc_o,0,152,0.0,0.0
csr_group13/sd_o + id_group0/hc_o,0,152,0.0,0.0
csr_group14/sd_o + id_group0/hc_o,0,152,0.0,0.0
csr_group15/sd_o + id_group0/hc_o,0,152,0.0,0.0
csr_group16/sd_o + id_group0/hc_o,0,152,0.0,0.0
csr_group17/sd_o + id_group0/hc_o,0,152,0.0,0.0
csr_group18/sd_o + id_group0/hc_o,0,152,0.0,0.0
csr_group19/sd_o + id_group0/hc_o,0,152,0.0,0.0
csr_group20/sd_o + id_group0/hc_o,0,152,0.0,0.0
id_group0/hc_o + tcr_execute/sd_o,0,152,0.0,0.0
id_group0/hc_o + lsu_group1/sd_o,0,152,0.0,0.0
id_group0/hc_o + lsu_group2/sd_o,0,152,0.0,0.0
id_group0/hc_o + lsu_group3/sd_o,0,152,0.0,0.0
id_group0/hc_o + lsu_group4/sd_o,0,152,0.0,0.0
id_group0/hc_o + lsu_group5/sd_o,0,152,0.0,0.0
id_group0/sd_o + id_group1/hc_o,0,152,0.0,0.0
id_group0/sd_o + id_group2/hc_o,0,152,0.0,0.0
id_group0/sd_o + id_group3/hc_o,0,152,0.0,0.0
id_group0/sd_o + id_group4/hc_o,0,152,0.0,0.0
id_group0/sd_o + id_group5/hc_o,0,152,0.0,0.0
id_group0/sd_o + id_group6/hc_o,0,152,0.0,0.0
id_group0/sd_o + id_group7/hc_o,0,152,0.0,0.0
id_group0/sd_o + id_group8/hc_o,0,152,0.0,0.0
csr_group0/hc_o + id_group0/sd_o,0,152,0.0,0.0
csr_group1/hc_o + id_group0/sd_o,0,152,0.0,0.0
csr_group2/hc_o + id_group0/sd_o,0,152,0.0,0.0
csr_group3/hc_o + id_group0/sd_o,0,152,0.0,0.0
csr_group4/hc_o + id_group0/sd_o,0,152,0.0,0.0
csr_group5/hc_o + id_group0/sd_o,0,152,0.0,0.0
csr_group6/hc_o + id_group0/sd_o,0,152,0.0,0.0
csr_group7/hc_o + id_group0/sd_o,0,152,0.0,0.0
csr_group8/hc_o + id_group0/sd_o,0,152,0.0,0.0
csr_group9/hc_o + id_group0/sd_o,0,152,0.0,0.0
csr_group10/hc_o + id_group0/sd_o,0,152,0.0,0.0
csr_group11/hc_o + id_group0/sd_o,0,152,0.0,0.0
csr_group12/hc_o + id_group0/sd_o,0,152,0.0,0.0
csr_group13/hc_o + id_group0/sd_o,0,152,0.0,0.0
csr_group15/hc_o + id_group0/sd_o,0,152,0.0,0.0
csr_group16/hc_o + id_group0/sd_o,0,152,0.0,0.0
csr_group17/hc_o + id_group0/sd_o,0,152,0.0,0.0
id_group0/sd_o + lsu_group1/hc_o,0,152,0.0,0.0
id_group0/sd_o + lsu_group2/hc_o,0,152,0.0,0.0
id_group0/sd_o + lsu_group3/hc_o,0,152,0.0,0.0
id_group0/sd_o + lsu_group4/hc_o,0,152,0.0,0.0
id_group0/sd_o + lsu_group5/hc_o,0,152,0.0,0.0
id_group1/hc_o + id_group2/sd_o,0,152,0.0,0.0
id_group1/hc_o + id_group3/sd_o,0,152,0.0,0.0
id_group1/hc_o + id_group4/sd_o,0,152,0.0,0.0
id_group1/hc_o + id_group5/sd_o,0,152,0.0,0.0
id_group1/hc_o + id_group6/sd_o,0,152,0.0,0.0
id_group1/hc_o + id_group7/sd_o,0,152,0.0,0.0
id_group1/hc_o + id_group8/sd_o,0,152,0.0,0.0
id_group1/hc_o + id_group9/sd_o,0,152,0.0,0.0
id_group1/hc_o + sd_o_rf_tag,0,152,0.0,0.0
csr_group0/sd_o + id_group1/hc_o,0,152,0.0,0.0
csr_group1/sd_o + id_group1/hc_o,0,152,0.0,0.0
csr_group2/sd_o + id_group1/hc_o,0,152,0.0,0.0
csr_group3/sd_o + id_group1/hc_o,0,152,0.0,0.0
csr_group4/sd_o + id_group1/hc_o,0,152,0.0,0.0
csr_group5/sd_o + id_group1/hc_o,0,152,0.0,0.0
csr_group6/sd_o + id_group1/hc_o,0,152,0.0,0.0
csr_group7/sd_o + id_group1/hc_o,0,152,0.0,0.0
csr_group8/sd_o + id_group1/hc_o,0,152,0.0,0.0
csr_group9/sd_o + id_group1/hc_o,0,152,0.0,0.0
csr_group10/sd_o + id_group1/hc_o,0,152,0.0,0.0
csr_group11/sd_o + id_group1/hc_o,0,152,0.0,0.0
csr_group12/sd_o + id_group1/hc_o,0,152,0.0,0.0
csr_group13/sd_o + id_group1/hc_o,0,152,0.0,0.0
csr_group14/sd_o + id_group1/hc_o,0,152,0.0,0.0
csr_group15/sd_o + id_group1/hc_o,0,152,0.0,0.0
csr_group16/sd_o + id_group1/hc_o,0,152,0.0,0.0
csr_group17/sd_o + id_group1/hc_o,0,152,0.0,0.0
csr_group18/sd_o + id_group1/hc_o,0,152,0.0,0.0
csr_group19/sd_o + id_group1/hc_o,0,152,0.0,0.0
csr_group20/sd_o + id_group1/hc_o,0,152,0.0,0.0
id_group1/hc_o + tcr_execute/sd_o,0,152,0.0,0.0
id_group1/hc_o + lsu_group1/sd_o,0,152,0.0,0.0
id_group1/hc_o + lsu_group2/sd_o,0,152,0.0,0.0
id_group1/hc_o + lsu_group3/sd_o,0,152,0.0,0.0
id_group1/hc_o + lsu_group4/sd_o,0,152,0.0,0.0
id_group1/hc_o + lsu_group5/sd_o,0,152,0.0,0.0
id_group1/sd_o + id_group2/hc_o,0,152,0.0,0.0
id_group1/sd_o + id_group3/hc_o,0,152,0.0,0.0
id_group1/sd_o + id_group4/hc_o,0,152,0.0,0.0
id_group1/sd_o + id_group5/hc_o,0,152,0.0,0.0
id_group1/sd_o + id_group6/hc_o,0,152,0.0,0.0
id_group1/sd_o + id_group7/hc_o,0,152,0.0,0.0
id_group1/sd_o + id_group8/hc_o,0,152,0.0,0.0
csr_group0/hc_o + id_group1/sd_o,0,152,0.0,0.0
csr_group1/hc_o + id_group1/sd_o,0,152,0.0,0.0
csr_group2/hc_o + id_group1/sd_o,0,152,0.0,0.0
csr_group3/hc_o + id_group1/sd_o,0,152,0.0,0.0
csr_group4/hc_o + id_group1/sd_o,0,152,0.0,0.0
csr_group5/hc_o + id_group1/sd_o,0,152,0.0,0.0
csr_group6/hc_o + id_group1/sd_o,0,152,0.0,0.0
csr_group7/hc_o + id_group1/sd_o,0,152,0.0,0.0
csr_group8/hc_o + id_group1/sd_o,0,152,0.0,0.0
csr_group9/hc_o + id_group1/sd_o,0,152,0.0,0.0
csr_group10/hc_o + id_group1/sd_o,0,152,0.0,0.0
csr_group11/hc_o + id_group1/sd_o,0,152,0.0,0.0
csr_group12/hc_o + id_group1/sd_o,0,152,0.0,0.0
csr_group13/hc_o + id_group1/sd_o,0,152,0.0,0.0
csr_group15/hc_o + id_group1/sd_o,0,152,0.0,0.0
csr_group16/hc_o + id_group1/sd_o,0,152,0.0,0.0
csr_group17/hc_o + id_group1/sd_o,0,152,0.0,0.0
id_group1/sd_o + lsu_group1/hc_o,0,152,0.0,0.0
id_group1/sd_o + lsu_group2/hc_o,0,152,0.0,0.0
id_group1/sd_o + lsu_group3/hc_o,0,152,0.0,0.0
id_group1/sd_o + lsu_group4/hc_o,0,152,0.0,0.0
id_group1/sd_o + lsu_group5/hc_o,0,152,0.0,0.0
id_group2/hc_o + id_group3/sd_o,0,152,0.0,0.0
id_group2/hc_o + id_group4/sd_o,0,152,0.0,0.0
id_group2/hc_o + id_group5/sd_o,0,152,0.0,0.0
id_group2/hc_o + id_group6/sd_o,0,152,0.0,0.0
id_group2/hc_o + id_group7/sd_o,0,152,0.0,0.0
id_group2/hc_o + id_group8/sd_o,0,152,0.0,0.0
id_group2/hc_o + id_group9/sd_o,0,152,0.0,0.0
id_group2/hc_o + sd_o_rf_tag,0,152,0.0,0.0
csr_group0/sd_o + id_group2/hc_o,0,152,0.0,0.0
csr_group1/sd_o + id_group2/hc_o,0,152,0.0,0.0
csr_group2/sd_o + id_group2/hc_o,0,152,0.0,0.0
csr_group3/sd_o + id_group2/hc_o,0,152,0.0,0.0
csr_group4/sd_o + id_group2/hc_o,0,152,0.0,0.0
csr_group5/sd_o + id_group2/hc_o,0,152,0.0,0.0
csr_group6/sd_o + id_group2/hc_o,0,152,0.0,0.0
csr_group7/sd_o + id_group2/hc_o,0,152,0.0,0.0
csr_group8/sd_o + id_group2/hc_o,0,152,0.0,0.0
csr_group9/sd_o + id_group2/hc_o,0,152,0.0,0.0
csr_group10/sd_o + id_group2/hc_o,0,152,0.0,0.0
csr_group11/sd_o + id_group2/hc_o,0,152,0.0,0.0
csr_group12/sd_o + id_group2/hc_o,0,152,0.0,0.0
csr_group13/sd_o + id_group2/hc_o,0,152,0.0,0.0
csr_group14/sd_o + id_group2/hc_o,0,152,0.0,0.0
csr_group15/sd_o + id_group2/hc_o,0,152,0.0,0.0
csr_group16/sd_o + id_group2/hc_o,0,152,0.0,0.0
csr_group17/sd_o + id_group2/hc_o,0,152,0.0,0.0
csr_group18/sd_o + id_group2/hc_o,0,152,0.0,0.0
csr_group19/sd_o + id_group2/hc_o,0,152,0.0,0.0
csr_group20/sd_o + id_group2/hc_o,0,152,0.0,0.0
id_group2/hc_o + tcr_execute/sd_o,0,152,0.0,0.0
id_group2/hc_o + lsu_group1/sd_o,0,152,0.0,0.0
id_group2/hc_o + lsu_group2/sd_o,0,152,0.0,0.0
id_group2/hc_o + lsu_group3/sd_o,0,152,0.0,0.0
id_group2/hc_o + lsu_group4/sd_o,0,152,0.0,0.0
id_group2/hc_o + lsu_group5/sd_o,0,152,0.0,0.0
id_group2/sd_o + id_group3/hc_o,0,152,0.0,0.0
id_group2/sd_o + id_group4/hc_o,0,152,0.0,0.0
id_group2/sd_o + id_group5/hc_o,0,152,0.0,0.0
id_group2/sd_o + id_group6/hc_o,0,152,0.0,0.0
id_group2/sd_o + id_group7/hc_o,0,152,0.0,0.0
id_group2/sd_o + id_group8/hc_o,0,152,0.0,0.0
csr_group0/hc_o + id_group2/sd_o,0,152,0.0,0.0
csr_group1/hc_o + id_group2/sd_o,0,152,0.0,0.0
csr_group2/hc_o + id_group2/sd_o,0,152,0.0,0.0
csr_group3/hc_o + id_group2/sd_o,0,152,0.0,0.0
csr_group4/hc_o + id_group2/sd_o,0,152,0.0,0.0
csr_group5/hc_o + id_group2/sd_o,0,152,0.0,0.0
csr_group6/hc_o + id_group2/sd_o,0,152,0.0,0.0
csr_group7/hc_o + id_group2/sd_o,0,152,0.0,0.0
csr_group8/hc_o + id_group2/sd_o,0,152,0.0,0.0
csr_group9/hc_o + id_group2/sd_o,0,152,0.0,0.0
csr_group10/hc_o + id_group2/sd_o,0,152,0.0,0.0
csr_group11/hc_o + id_group2/sd_o,0,152,0.0,0.0
csr_group12/hc_o + id_group2/sd_o,0,152,0.0,0.0
csr_group13/hc_o + id_group2/sd_o,0,152,0.0,0.0
csr_group15/hc_o + id_group2/sd_o,0,152,0.0,0.0
csr_group16/hc_o + id_group2/sd_o,0,152,0.0,0.0
csr_group17/hc_o + id_group2/sd_o,0,152,0.0,0.0
id_group2/sd_o + lsu_group1/hc_o,0,152,0.0,0.0
id_group2/sd_o + lsu_group2/hc_o,0,152,0.0,0.0
id_group2/sd_o + lsu_group3/hc_o,0,152,0.0,0.0
id_group2/sd_o + lsu_group4/hc_o,0,152,0.0,0.0
id_group2/sd_o + lsu_group5/hc_o,0,152,0.0,0.0
id_group3/hc_o + id_group4/sd_o,0,152,0.0,0.0
id_group3/hc_o + id_group5/sd_o,0,152,0.0,0.0
id_group3/hc_o + id_group6/sd_o,0,152,0.0,0.0
id_group3/hc_o + id_group7/sd_o,0,152,0.0,0.0
id_group3/hc_o + id_group8/sd_o,0,152,0.0,0.0
id_group3/hc_o + id_group9/sd_o,0,152,0.0,0.0
id_group3/hc_o + sd_o_rf_tag,0,152,0.0,0.0
csr_group0/sd_o + id_group3/hc_o,0,152,0.0,0.0
csr_group1/sd_o + id_group3/hc_o,0,152,0.0,0.0
csr_group2/sd_o + id_group3/hc_o,0,152,0.0,0.0
csr_group3/sd_o + id_group3/hc_o,0,152,0.0,0.0
csr_group4/sd_o + id_group3/hc_o,0,152,0.0,0.0
csr_group5/sd_o + id_group3/hc_o,0,152,0.0,0.0
csr_group6/sd_o + id_group3/hc_o,0,152,0.0,0.0
csr_group7/sd_o + id_group3/hc_o,0,152,0.0,0.0
csr_group8/sd_o + id_group3/hc_o,0,152,0.0,0.0
csr_group9/sd_o + id_group3/hc_o,0,152,0.0,0.0
csr_group10/sd_o + id_group3/hc_o,0,152,0.0,0.0
csr_group11/sd_o + id_group3/hc_o,0,152,0.0,0.0
csr_group12/sd_o + id_group3/hc_o,0,152,0.0,0.0
csr_group13/sd_o + id_group3/hc_o,0,152,0.0,0.0
csr_group14/sd_o + id_group3/hc_o,0,152,0.0,0.0
csr_group15/sd_o + id_group3/hc_o,0,152,0.0,0.0
csr_group16/sd_o + id_group3/hc_o,0,152,0.0,0.0
csr_group17/sd_o + id_group3/hc_o,0,152,0.0,0.0
csr_group18/sd_o + id_group3/hc_o,0,152,0.0,0.0
csr_group19/sd_o + id_group3/hc_o,0,152,0.0,0.0
csr_group20/sd_o + id_group3/hc_o,0,152,0.0,0.0
id_group3/hc_o + tcr_execute/sd_o,0,152,0.0,0.0
id_group3/hc_o + lsu_group1/sd_o,0,152,0.0,0.0
id_group3/hc_o + lsu_group2/sd_o,0,152,0.0,0.0
id_group3/hc_o + lsu_group3/sd_o,0,152,0.0,0.0
id_group3/hc_o + lsu_group4/sd_o,0,152,0.0,0.0
id_group3/hc_o + lsu_group5/sd_o,0,152,0.0,0.0
id_group3/sd_o + id_group4/hc_o,0,152,0.0,0.0
id_group3/sd_o + id_group5/hc_o,0,152,0.0,0.0
id_group3/sd_o + id_group6/hc_o,0,152,0.0,0.0
id_group3/sd_o + id_group7/hc_o,0,152,0.0,0.0
id_group3/sd_o + id_group8/hc_o,0,152,0.0,0.0
csr_group0/hc_o + id_group3/sd_o,0,152,0.0,0.0
csr_group1/hc_o + id_group3/sd_o,0,152,0.0,0.0
csr_group2/hc_o + id_group3/sd_o,0,152,0.0,0.0
csr_group3/hc_o + id_group3/sd_o,0,152,0.0,0.0
csr_group4/hc_o + id_group3/sd_o,0,152,0.0,0.0
csr_group5/hc_o + id_group3/sd_o,0,152,0.0,0.0
csr_group6/hc_o + id_group3/sd_o,0,152,0.0,0.0
csr_group7/hc_o + id_group3/sd_o,0,152,0.0,0.0
csr_group8/hc_o + id_group3/sd_o,0,152,0.0,0.0
csr_group9/hc_o + id_group3/sd_o,0,152,0.0,0.0
csr_group10/hc_o + id_group3/sd_o,0,152,0.0,0.0
csr_group11/hc_o + id_group3/sd_o,0,152,0.0,0.0
csr_group12/hc_o + id_group3/sd_o,0,152,0.0,0.0
csr_group13/hc_o + id_group3/sd_o,0,152,0.0,0.0
csr_group15/hc_o + id_group3/sd_o,0,152,0.0,0.0
csr_group16/hc_o + id_group3/sd_o,0,152,0.0,0.0
csr_group17/hc_o + id_group3/sd_o,0,152,0.0,0.0
id_group3/sd_o + lsu_group1/hc_o,0,152,0.0,0.0
id_group3/sd_o + lsu_group2/hc_o,0,152,0.0,0.0
id_group3/sd_o + lsu_group3/hc_o,0,152,0.0,0.0
id_group3/sd_o + lsu_group4/hc_o,0,152,0.0,0.0
id_group3/sd_o + lsu_group5/hc_o,0,152,0.0,0.0
id_group4/hc_o + id_group5/sd_o,0,152,0.0,0.0
id_group4/hc_o + id_group6/sd_o,0,152,0.0,0.0
id_group4/hc_o + id_group7/sd_o,0,152,0.0,0.0
id_group4/hc_o + id_group8/sd_o,0,152,0.0,0.0
id_group4/hc_o + id_group9/sd_o,0,152,0.0,0.0
id_group4/hc_o + sd_o_rf_tag,0,152,0.0,0.0
csr_group0/sd_o + id_group4/hc_o,0,152,0.0,0.0
csr_group1/sd_o + id_group4/hc_o,0,152,0.0,0.0
csr_group2/sd_o + id_group4/hc_o,0,152,0.0,0.0
csr_group3/sd_o + id_group4/hc_o,0,152,0.0,0.0
csr_group4/sd_o + id_group4/hc_o,0,152,0.0,0.0
csr_group5/sd_o + id_group4/hc_o,0,152,0.0,0.0
csr_group6/sd_o + id_group4/hc_o,0,152,0.0,0.0
csr_group7/sd_o + id_group4/hc_o,0,152,0.0,0.0
csr_group8/sd_o + id_group4/hc_o,0,152,0.0,0.0
csr_group9/sd_o + id_group4/hc_o,0,152,0.0,0.0
csr_group10/sd_o + id_group4/hc_o,0,152,0.0,0.0
csr_group11/sd_o + id_group4/hc_o,0,152,0.0,0.0
csr_group12/sd_o + id_group4/hc_o,0,152,0.0,0.0
csr_group13/sd_o + id_group4/hc_o,0,152,0.0,0.0
csr_group14/sd_o + id_group4/hc_o,0,152,0.0,0.0
csr_group15/sd_o + id_group4/hc_o,0,152,0.0,0.0
csr_group16/sd_o + id_group4/hc_o,0,152,0.0,0.0
csr_group17/sd_o + id_group4/hc_o,0,152,0.0,0.0
csr_group18/sd_o + id_group4/hc_o,0,152,0.0,0.0
csr_group19/sd_o + id_group4/hc_o,0,152,0.0,0.0
csr_group20/sd_o + id_group4/hc_o,0,152,0.0,0.0
id_group4/hc_o + tcr_execute/sd_o,0,152,0.0,0.0
id_group4/hc_o + lsu_group1/sd_o,0,152,0.0,0.0
id_group4/hc_o + lsu_group2/sd_o,0,152,0.0,0.0
id_group4/hc_o + lsu_group3/sd_o,0,152,0.0,0.0
id_group4/hc_o + lsu_group4/sd_o,0,152,0.0,0.0
id_group4/hc_o + lsu_group5/sd_o,0,152,0.0,0.0
id_group4/sd_o + id_group5/hc_o,0,152,0.0,0.0
id_group4/sd_o + id_group6/hc_o,0,152,0.0,0.0
id_group4/sd_o + id_group7/hc_o,0,152,0.0,0.0
id_group4/sd_o + id_group8/hc_o,0,152,0.0,0.0
csr_group0/hc_o + id_group4/sd_o,0,152,0.0,0.0
csr_group1/hc_o + id_group4/sd_o,0,152,0.0,0.0
csr_group2/hc_o + id_group4/sd_o,0,152,0.0,0.0
csr_group3/hc_o + id_group4/sd_o,0,152,0.0,0.0
csr_group4/hc_o + id_group4/sd_o,0,152,0.0,0.0
csr_group5/hc_o + id_group4/sd_o,0,152,0.0,0.0
csr_group6/hc_o + id_group4/sd_o,0,152,0.0,0.0
csr_group7/hc_o + id_group4/sd_o,0,152,0.0,0.0
csr_group8/hc_o + id_group4/sd_o,0,152,0.0,0.0
csr_group9/hc_o + id_group4/sd_o,0,152,0.0,0.0
csr_group10/hc_o + id_group4/sd_o,0,152,0.0,0.0
csr_group11/hc_o + id_group4/sd_o,0,152,0.0,0.0
csr_group12/hc_o + id_group4/sd_o,0,152,0.0,0.0
csr_group13/hc_o + id_group4/sd_o,0,152,0.0,0.0
csr_group15/hc_o + id_group4/sd_o,0,152,0.0,0.0
csr_group16/hc_o + id_group4/sd_o,0,152,0.0,0.0
csr_group17/hc_o + id_group4/sd_o,0,152,0.0,0.0
id_group4/sd_o + lsu_group1/hc_o,0,152,0.0,0.0
id_group4/sd_o + lsu_group2/hc_o,0,152,0.0,0.0
id_group4/sd_o + lsu_group3/hc_o,0,152,0.0,0.0
id_group4/sd_o + lsu_group4/hc_o,0,152,0.0,0.0
id_group4/sd_o + lsu_group5/hc_o,0,152,0.0,0.0
id_group5/hc_o + id_group6/sd_o,0,152,0.0,0.0
id_group5/hc_o + id_group7/sd_o,0,152,0.0,0.0
id_group5/hc_o + id_group8/sd_o,0,152,0.0,0.0
id_group5/hc_o + id_group9/sd_o,0,152,0.0,0.0
id_group5/hc_o + sd_o_rf_tag,0,152,0.0,0.0
csr_group0/sd_o + id_group5/hc_o,0,152,0.0,0.0
csr_group1/sd_o + id_group5/hc_o,0,152,0.0,0.0
csr_group2/sd_o + id_group5/hc_o,0,152,0.0,0.0
csr_group3/sd_o + id_group5/hc_o,0,152,0.0,0.0
csr_group4/sd_o + id_group5/hc_o,0,152,0.0,0.0
csr_group5/sd_o + id_group5/hc_o,0,152,0.0,0.0
csr_group6/sd_o + id_group5/hc_o,0,152,0.0,0.0
csr_group7/sd_o + id_group5/hc_o,0,152,0.0,0.0
csr_group8/sd_o + id_group5/hc_o,0,152,0.0,0.0
csr_group9/sd_o + id_group5/hc_o,0,152,0.0,0.0
csr_group10/sd_o + id_group5/hc_o,0,152,0.0,0.0
csr_group11/sd_o + id_group5/hc_o,0,152,0.0,0.0
csr_group12/sd_o + id_group5/hc_o,0,152,0.0,0.0
csr_group13/sd_o + id_group5/hc_o,0,152,0.0,0.0
csr_group14/sd_o + id_group5/hc_o,0,152,0.0,0.0
csr_group15/sd_o + id_group5/hc_o,0,152,0.0,0.0
csr_group16/sd_o + id_group5/hc_o,0,152,0.0,0.0
csr_group17/sd_o + id_group5/hc_o,0,152,0.0,0.0
csr_group18/sd_o + id_group5/hc_o,0,152,0.0,0.0
csr_group19/sd_o + id_group5/hc_o,0,152,0.0,0.0
csr_group20/sd_o + id_group5/hc_o,0,152,0.0,0.0
id_group5/hc_o + tcr_execute/sd_o,0,152,0.0,0.0
id_group5/hc_o + lsu_group1/sd_o,0,152,0.0,0.0
id_group5/hc_o + lsu_group2/sd_o,0,152,0.0,0.0
id_group5/hc_o + lsu_group3/sd_o,0,152,0.0,0.0
id_group5/hc_o + lsu_group4/sd_o,0,152,0.0,0.0
id_group5/hc_o + lsu_group5/sd_o,0,152,0.0,0.0
id_group5/sd_o + id_group6/hc_o,0,152,0.0,0.0
id_group5/sd_o + id_group7/hc_o,0,152,0.0,0.0
id_group5/sd_o + id_group8/hc_o,0,152,0.0,0.0
csr_group0/hc_o + id_group5/sd_o,0,152,0.0,0.0
csr_group1/hc_o + id_group5/sd_o,0,152,0.0,0.0
csr_group2/hc_o + id_group5/sd_o,0,152,0.0,0.0
csr_group3/hc_o + id_group5/sd_o,0,152,0.0,0.0
csr_group4/hc_o + id_group5/sd_o,0,152,0.0,0.0
csr_group5/hc_o + id_group5/sd_o,0,152,0.0,0.0
csr_group6/hc_o + id_group5/sd_o,0,152,0.0,0.0
csr_group7/hc_o + id_group5/sd_o,0,152,0.0,0.0
csr_group8/hc_o + id_group5/sd_o,0,152,0.0,0.0
csr_group9/hc_o + id_group5/sd_o,0,152,0.0,0.0
csr_group10/hc_o + id_group5/sd_o,0,152,0.0,0.0
csr_group11/hc_o + id_group5/sd_o,0,152,0.0,0.0
csr_group12/hc_o + id_group5/sd_o,0,152,0.0,0.0
csr_group13/hc_o + id_group5/sd_o,0,152,0.0,0.0
csr_group15/hc_o + id_group5/sd_o,0,152,0.0,0.0
csr_group16/hc_o + id_group5/sd_o,0,152,0.0,0.0
csr_group17/hc_o + id_group5/sd_o,0,152,0.0,0.0
id_group5/sd_o + lsu_group1/hc_o,0,152,0.0,0.0
id_group5/sd_o + lsu_group2/hc_o,0,152,0.0,0.0
id_group5/sd_o + lsu_group3/hc_o,0,152,0.0,0.0
id_group5/sd_o + lsu_group4/hc_o,0,152,0.0,0.0
id_group5/sd_o + lsu_group5/hc_o,0,152,0.0,0.0
id_group6/hc_o + id_group6/sd_o,0,152,0.0,0.0
id_group6/hc_o + id_group7/sd_o,0,152,0.0,0.0
id_group6/hc_o + id_group8/sd_o,0,152,0.0,0.0
id_group6/hc_o + id_group9/sd_o,0,152,0.0,0.0
id_group6/hc_o + sd_o_rf_tag,0,152,0.0,0.0
csr_group0/sd_o + id_group6/hc_o,0,152,0.0,0.0
csr_group1/sd_o + id_group6/hc_o,0,152,0.0,0.0
csr_group2/sd_o + id_group6/hc_o,0,152,0.0,0.0
csr_group3/sd_o + id_group6/hc_o,0,152,0.0,0.0
csr_group4/sd_o + id_group6/hc_o,0,152,0.0,0.0
csr_group5/sd_o + id_group6/hc_o,0,152,0.0,0.0
csr_group6/sd_o + id_group6/hc_o,0,152,0.0,0.0
csr_group7/sd_o + id_group6/hc_o,0,152,0.0,0.0
csr_group8/sd_o + id_group6/hc_o,0,152,0.0,0.0
csr_group9/sd_o + id_group6/hc_o,0,152,0.0,0.0
csr_group10/sd_o + id_group6/hc_o,0,152,0.0,0.0
csr_group11/sd_o + id_group6/hc_o,0,152,0.0,0.0
csr_group12/sd_o + id_group6/hc_o,0,152,0.0,0.0
csr_group13/sd_o + id_group6/hc_o,0,152,0.0,0.0
csr_group14/sd_o + id_group6/hc_o,0,152,0.0,0.0
csr_group15/sd_o + id_group6/hc_o,0,152,0.0,0.0
csr_group16/sd_o + id_group6/hc_o,0,152,0.0,0.0
csr_group17/sd_o + id_group6/hc_o,0,152,0.0,0.0
csr_group18/sd_o + id_group6/hc_o,0,152,0.0,0.0
csr_group19/sd_o + id_group6/hc_o,0,152,0.0,0.0
csr_group20/sd_o + id_group6/hc_o,0,152,0.0,0.0
id_group6/hc_o + tcr_execute/sd_o,0,152,0.0,0.0
id_group6/hc_o + lsu_group1/sd_o,0,152,0.0,0.0
id_group6/hc_o + lsu_group2/sd_o,0,152,0.0,0.0
id_group6/hc_o + lsu_group3/sd_o,0,152,0.0,0.0
id_group6/hc_o + lsu_group4/sd_o,0,152,0.0,0.0
id_group6/hc_o + lsu_group5/sd_o,0,152,0.0,0.0
id_group6/sd_o + id_group7/hc_o,0,152,0.0,0.0
id_group6/sd_o + id_group8/hc_o,0,152,0.0,0.0
csr_group0/hc_o + id_group6/sd_o,0,152,0.0,0.0
csr_group1/hc_o + id_group6/sd_o,0,152,0.0,0.0
csr_group2/hc_o + id_group6/sd_o,0,152,0.0,0.0
csr_group3/hc_o + id_group6/sd_o,0,152,0.0,0.0
csr_group4/hc_o + id_group6/sd_o,0,152,0.0,0.0
csr_group5/hc_o + id_group6/sd_o,0,152,0.0,0.0
csr_group6/hc_o + id_group6/sd_o,0,152,0.0,0.0
csr_group7/hc_o + id_group6/sd_o,0,152,0.0,0.0
csr_group8/hc_o + id_group6/sd_o,0,152,0.0,0.0
csr_group9/hc_o + id_group6/sd_o,0,152,0.0,0.0
csr_group10/hc_o + id_group6/sd_o,0,152,0.0,0.0
csr_group11/hc_o + id_group6/sd_o,0,152,0.0,0.0
csr_group12/hc_o + id_group6/sd_o,0,152,0.0,0.0
csr_group13/hc_o + id_group6/sd_o,0,152,0.0,0.0
csr_group15/hc_o + id_group6/sd_o,0,152,0.0,0.0
csr_group16/hc_o + id_group6/sd_o,0,152,0.0,0.0
csr_group17/hc_o + id_group6/sd_o,0,152,0.0,0.0
id_group6/sd_o + lsu_group1/hc_o,0,152,0.0,0.0
id_group6/sd_o + lsu_group2/hc_o,0,152,0.0,0.0
id_group6/sd_o + lsu_group3/hc_o,0,152,0.0,0.0
id_group6/sd_o + lsu_group4/hc_o,0,152,0.0,0.0
id_group6/sd_o + lsu_group5/hc_o,0,152,0.0,0.0
id_group7/hc_o + id_group7/sd_o,0,152,0.0,0.0
id_group7/hc_o + id_group8/sd_o,0,152,0.0,0.0
id_group7/hc_o + id_group9/sd_o,0,152,0.0,0.0
id_group7/hc_o + sd_o_rf_tag,0,152,0.0,0.0
csr_group0/sd_o + id_group7/hc_o,0,152,0.0,0.0
csr_group1/sd_o + id_group7/hc_o,0,152,0.0,0.0
csr_group2/sd_o + id_group7/hc_o,0,152,0.0,0.0
csr_group3/sd_o + id_group7/hc_o,0,152,0.0,0.0
csr_group4/sd_o + id_group7/hc_o,0,152,0.0,0.0
csr_group5/sd_o + id_group7/hc_o,0,152,0.0,0.0
csr_group6/sd_o + id_group7/hc_o,0,152,0.0,0.0
csr_group7/sd_o + id_group7/hc_o,0,152,0.0,0.0
csr_group8/sd_o + id_group7/hc_o,0,152,0.0,0.0
csr_group9/sd_o + id_group7/hc_o,0,152,0.0,0.0
csr_group10/sd_o + id_group7/hc_o,0,152,0.0,0.0
csr_group11/sd_o + id_group7/hc_o,0,152,0.0,0.0
csr_group12/sd_o + id_group7/hc_o,0,152,0.0,0.0
csr_group13/sd_o + id_group7/hc_o,0,152,0.0,0.0
csr_group14/sd_o + id_group7/hc_o,0,152,0.0,0.0
csr_group15/sd_o + id_group7/hc_o,0,152,0.0,0.0
csr_group16/sd_o + id_group7/hc_o,0,152,0.0,0.0
csr_group17/sd_o + id_group7/hc_o,0,152,0.0,0.0
csr_group18/sd_o + id_group7/hc_o,0,152,0.0,0.0
csr_group19/sd_o + id_group7/hc_o,0,152,0.0,0.0
csr_group20/sd_o + id_group7/hc_o,0,152,0.0,0.0
id_group7/hc_o + tcr_execute/sd_o,0,152,0.0,0.0
id_group7/hc_o + lsu_group1/sd_o,0,152,0.0,0.0
id_group7/hc_o + lsu_group2/sd_o,0,152,0.0,0.0
id_group7/hc_o + lsu_group3/sd_o,0,152,0.0,0.0
id_group7/hc_o + lsu_group4/sd_o,0,152,0.0,0.0
id_group7/hc_o + lsu_group5/sd_o,0,152,0.0,0.0
id_group7/sd_o + id_group8/hc_o,0,152,0.0,0.0
csr_group0/hc_o + id_group7/sd_o,0,152,0.0,0.0
csr_group1/hc_o + id_group7/sd_o,0,152,0.0,0.0
csr_group2/hc_o + id_group7/sd_o,0,152,0.0,0.0
csr_group3/hc_o + id_group7/sd_o,0,152,0.0,0.0
csr_group4/hc_o + id_group7/sd_o,0,152,0.0,0.0
csr_group5/hc_o + id_group7/sd_o,0,152,0.0,0.0
csr_group6/hc_o + id_group7/sd_o,0,152,0.0,0.0
csr_group7/hc_o + id_group7/sd_o,0,152,0.0,0.0
csr_group8/hc_o + id_group7/sd_o,0,152,0.0,0.0
csr_group9/hc_o + id_group7/sd_o,0,152,0.0,0.0
csr_group10/hc_o + id_group7/sd_o,0,152,0.0,0.0
csr_group11/hc_o + id_group7/sd_o,0,152,0.0,0.0
csr_group12/hc_o + id_group7/sd_o,0,152,0.0,0.0
csr_group13/hc_o + id_group7/sd_o,0,152,0.0,0.0
csr_group15/hc_o + id_group7/sd_o,0,152,0.0,0.0
csr_group16/hc_o + id_group7/sd_o,0,152,0.0,0.0
csr_group17/hc_o + id_group7/sd_o,0,152,0.0,0.0
id_group7/sd_o + lsu_group1/hc_o,0,152,0.0,0.0
id_group7/sd_o + lsu_group2/hc_o,0,152,0.0,0.0
id_group7/sd_o + lsu_group3/hc_o,0,152,0.0,0.0
id_group7/sd_o + lsu_group4/hc_o,0,152,0.0,0.0
id_group7/sd_o + lsu_group5/hc_o,0,152,0.0,0.0
id_group8/hc_o + id_group8/sd_o,0,152,0.0,0.0
id_group8/hc_o + id_group9/sd_o,0,152,0.0,0.0
id_group8/hc_o + sd_o_rf_tag,0,152,0.0,0.0
csr_group0/sd_o + id_group8/hc_o,0,152,0.0,0.0
csr_group1/sd_o + id_group8/hc_o,0,152,0.0,0.0
csr_group2/sd_o + id_group8/hc_o,0,152,0.0,0.0
csr_group3/sd_o + id_group8/hc_o,0,152,0.0,0.0
csr_group4/sd_o + id_group8/hc_o,0,152,0.0,0.0
csr_group5/sd_o + id_group8/hc_o,0,152,0.0,0.0
csr_group6/sd_o + id_group8/hc_o,0,152,0.0,0.0
csr_group7/sd_o + id_group8/hc_o,0,152,0.0,0.0
csr_group8/sd_o + id_group8/hc_o,0,152,0.0,0.0
csr_group9/sd_o + id_group8/hc_o,0,152,0.0,0.0
csr_group10/sd_o + id_group8/hc_o,0,152,0.0,0.0
csr_group11/sd_o + id_group8/hc_o,0,152,0.0,0.0
csr_group12/sd_o + id_group8/hc_o,0,152,0.0,0.0
csr_group13/sd_o + id_group8/hc_o,0,152,0.0,0.0
csr_group14/sd_o + id_group8/hc_o,0,152,0.0,0.0
csr_group15/sd_o + id_group8/hc_o,0,152,0.0,0.0
csr_group16/sd_o + id_group8/hc_o,0,152,0.0,0.0
csr_group17/sd_o + id_group8/hc_o,0,152,0.0,0.0
csr_group18/sd_o + id_group8/hc_o,0,152,0.0,0.0
csr_group19/sd_o + id_group8/hc_o,0,152,0.0,0.0
csr_group20/sd_o + id_group8/hc_o,0,152,0.0,0.0
id_group8/hc_o + tcr_execute/sd_o,0,152,0.0,0.0
id_group8/hc_o + lsu_group1/sd_o,0,152,0.0,0.0
id_group8/hc_o + lsu_group2/sd_o,0,152,0.0,0.0
id_group8/hc_o + lsu_group3/sd_o,0,152,0.0,0.0
id_group8/hc_o + lsu_group4/sd_o,0,152,0.0,0.0
id_group8/hc_o + lsu_group5/sd_o,0,152,0.0,0.0
csr_group0/hc_o + id_group8/sd_o,0,152,0.0,0.0
csr_group1/hc_o + id_group8/sd_o,0,152,0.0,0.0
csr_group2/hc_o + id_group8/sd_o,0,152,0.0,0.0
csr_group3/hc_o + id_group8/sd_o,0,152,0.0,0.0
csr_group4/hc_o + id_group8/sd_o,0,152,0.0,0.0
csr_group5/hc_o + id_group8/sd_o,0,152,0.0,0.0
csr_group6/hc_o + id_group8/sd_o,0,152,0.0,0.0
csr_group7/hc_o + id_group8/sd_o,0,152,0.0,0.0
csr_group8/hc_o + id_group8/sd_o,0,152,0.0,0.0
csr_group9/hc_o + id_group8/sd_o,0,152,0.0,0.0
csr_group10/hc_o + id_group8/sd_o,0,152,0.0,0.0
csr_group11/hc_o + id_group8/sd_o,0,152,0.0,0.0
csr_group12/hc_o + id_group8/sd_o,0,152,0.0,0.0
csr_group13/hc_o + id_group8/sd_o,0,152,0.0,0.0
csr_group15/hc_o + id_group8/sd_o,0,152,0.0,0.0
csr_group16/hc_o + id_group8/sd_o,0,152,0.0,0.0
csr_group17/hc_o + id_group8/sd_o,0,152,0.0,0.0
id_group8/sd_o + lsu_group1/hc_o,0,152,0.0,0.0
id_group8/sd_o + lsu_group2/hc_o,0,152,0.0,0.0
id_group8/sd_o + lsu_group3/hc_o,0,152,0.0,0.0
id_group8/sd_o + lsu_group4/hc_o,0,152,0.0,0.0
id_group8/sd_o + lsu_group5/hc_o,0,152,0.0,0.0
csr_group0/hc_o + id_group9/sd_o,0,152,0.0,0.0
csr_group1/hc_o + id_group9/sd_o,0,152,0.0,0.0
csr_group2/hc_o + id_group9/sd_o,0,152,0.0,0.0
csr_group3/hc_o + id_group9/sd_o,0,152,0.0,0.0
csr_group4/hc_o + id_group9/sd_o,0,152,0.0,0.0
csr_group5/hc_o + id_group9/sd_o,0,152,0.0,0.0
csr_group6/hc_o + id_group9/sd_o,0,152,0.0,0.0
csr_group7/hc_o + id_group9/sd_o,0,152,0.0,0.0
csr_group8/hc_o + id_group9/sd_o,0,152,0.0,0.0
csr_group9/hc_o + id_group9/sd_o,0,152,0.0,0.0
csr_group10/hc_o + id_group9/sd_o,0,152,0.0,0.0
csr_group11/hc_o + id_group9/sd_o,0,152,0.0,0.0
csr_group12/hc_o + id_group9/sd_o,0,152,0.0,0.0
csr_group13/hc_o + id_group9/sd_o,0,152,0.0,0.0
csr_group15/hc_o + id_group9/sd_o,0,152,0.0,0.0
csr_group16/hc_o + id_group9/sd_o,0,152,0.0,0.0
csr_group17/hc_o + id_group9/sd_o,0,152,0.0,0.0
id_group9/sd_o + lsu_group1/hc_o,0,152,0.0,0.0
id_group9/sd_o + lsu_group2/hc_o,0,152,0.0,0.0
id_group9/sd_o + lsu_group3/hc_o,0,152,0.0,0.0
id_group9/sd_o + lsu_group4/hc_o,0,152,0.0,0.0
id_group9/sd_o + lsu_group5/hc_o,0,152,0.0,0.0
csr_group0/hc_o + sd_o_rf_tag,0,152,0.0,0.0
csr_group1/hc_o + sd_o_rf_tag,0,152,0.0,0.0
csr_group2/hc_o + sd_o_rf_tag,0,152,0.0,0.0
csr_group3/hc_o + sd_o_rf_tag,0,152,0.0,0.0
csr_group4/hc_o + sd_o_rf_tag,0,152,0.0,0.0
csr_group5/hc_o + sd_o_rf_tag,0,152,0.0,0.0
csr_group6/hc_o + sd_o_rf_tag,0,152,0.0,0.0
csr_group7/hc_o + sd_o_rf_tag,0,152,0.0,0.0
csr_group8/hc_o + sd_o_rf_tag,0,152,0.0,0.0
csr_group9/hc_o + sd_o_rf_tag,0,152,0.0,0.0
csr_group10/hc_o + sd_o_rf_tag,0,152,0.0,0.0
csr_group11/hc_o + sd_o_rf_tag,0,152,0.0,0.0
csr_group12/hc_o + sd_o_rf_tag,0,152,0.0,0.0
csr_group13/hc_o + sd_o_rf_tag,0,152,0.0,0.0
csr_group15/hc_o + sd_o_rf_tag,0,152,0.0,0.0
csr_group16/hc_o + sd_o_rf_tag,0,152,0.0,0.0
csr_group17/hc_o + sd_o_rf_tag,0,152,0.0,0.0
lsu_group1/hc_o + sd_o_rf_tag,0,152,0.0,0.0
lsu_group2/hc_o + sd_o_rf_tag,0,152,0.0,0.0
lsu_group3/hc_o + sd_o_rf_tag,0,152,0.0,0.0
lsu_group4/hc_o + sd_o_rf_tag,0,152,0.0,0.0
lsu_group5/hc_o + sd_o_rf_tag,0,152,0.0,0.0
csr_group0/hc_o + csr_group0/sd_o,0,152,0.0,0.0
csr_group0/hc_o + csr_group1/sd_o,0,152,0.0,0.0
csr_group0/hc_o + csr_group2/sd_o,0,152,0.0,0.0
csr_group0/hc_o + csr_group3/sd_o,0,152,0.0,0.0
csr_group0/hc_o + csr_group4/sd_o,0,152,0.0,0.0
csr_group0/hc_o + csr_group5/sd_o,0,152,0.0,0.0
csr_group0/hc_o + csr_group6/sd_o,0,152,0.0,0.0
csr_group0/hc_o + csr_group7/sd_o,0,152,0.0,0.0
csr_group0/hc_o + csr_group8/sd_o,0,152,0.0,0.0
csr_group0/hc_o + csr_group9/sd_o,0,152,0.0,0.0
csr_group0/hc_o + csr_group10/sd_o,0,152,0.0,0.0
csr_group0/hc_o + csr_group11/sd_o,0,152,0.0,0.0
csr_group0/hc_o + csr_group12/sd_o,0,152,0.0,0.0
csr_group0/hc_o + csr_group13/sd_o,0,152,0.0,0.0
csr_group0/hc_o + csr_group14/sd_o,0,152,0.0,0.0
csr_group0/hc_o + csr_group15/sd_o,0,152,0.0,0.0
csr_group0/hc_o + csr_group16/sd_o,0,152,0.0,0.0
csr_group0/hc_o + csr_group17/sd_o,0,152,0.0,0.0
csr_group0/hc_o + csr_group18/sd_o,0,152,0.0,0.0
csr_group0/hc_o + csr_group19/sd_o,0,152,0.0,0.0
csr_group0/hc_o + csr_group20/sd_o,0,152,0.0,0.0
csr_group0/hc_o + tcr_execute/sd_o,0,152,0.0,0.0
csr_group0/hc_o + lsu_group1/sd_o,0,152,0.0,0.0
csr_group0/hc_o + lsu_group2/sd_o,0,152,0.0,0.0
csr_group0/hc_o + lsu_group3/sd_o,0,152,0.0,0.0
csr_group0/hc_o + lsu_group4/sd_o,0,152,0.0,0.0
csr_group0/hc_o + lsu_group5/sd_o,0,152,0.0,0.0
csr_group0/sd_o + csr_group1/hc_o,0,152,0.0,0.0
csr_group0/sd_o + csr_group2/hc_o,0,152,0.0,0.0
csr_group0/sd_o + csr_group3/hc_o,0,152,0.0,0.0
csr_group0/sd_o + csr_group4/hc_o,0,152,0.0,0.0
csr_group0/sd_o + csr_group5/hc_o,0,152,0.0,0.0
csr_group0/sd_o + csr_group6/hc_o,0,152,0.0,0.0
csr_group0/sd_o + csr_group7/hc_o,0,152,0.0,0.0
csr_group0/sd_o + csr_group8/hc_o,0,152,0.0,0.0
csr_group0/sd_o + csr_group9/hc_o,0,152,0.0,0.0
csr_group0/sd_o + csr_group10/hc_o,0,152,0.0,0.0
csr_group0/sd_o + csr_group11/hc_o,0,152,0.0,0.0
csr_group0/sd_o + csr_group12/hc_o,0,152,0.0,0.0
csr_group0/sd_o + csr_group13/hc_o,0,152,0.0,0.0
csr_group0/sd_o + csr_group15/hc_o,0,152,0.0,0.0
csr_group0/sd_o + csr_group16/hc_o,0,152,0.0,0.0
csr_group0/sd_o + csr_group17/hc_o,0,152,0.0,0.0
csr_group0/sd_o + lsu_group1/hc_o,0,152,0.0,0.0
csr_group0/sd_o + lsu_group2/hc_o,0,152,0.0,0.0
csr_group0/sd_o + lsu_group3/hc_o,0,152,0.0,0.0
csr_group0/sd_o + lsu_group4/hc_o,0,152,0.0,0.0
csr_group0/sd_o + lsu_group5/hc_o,0,152,0.0,0.0
csr_group1/hc_o + csr_group1/sd_o,0,152,0.0,0.0
csr_group1/hc_o + csr_group2/sd_o,0,152,0.0,0.0
csr_group1/hc_o + csr_group3/sd_o,0,152,0.0,0.0
csr_group1/hc_o + csr_group4/sd_o,0,152,0.0,0.0
csr_group1/hc_o + csr_group5/sd_o,0,152,0.0,0.0
csr_group1/hc_o + csr_group6/sd_o,0,152,0.0,0.0
csr_group1/hc_o + csr_group7/sd_o,0,152,0.0,0.0
csr_group1/hc_o + csr_group8/sd_o,0,152,0.0,0.0
csr_group1/hc_o + csr_group9/sd_o,0,152,0.0,0.0
csr_group1/hc_o + csr_group10/sd_o,0,152,0.0,0.0
csr_group1/hc_o + csr_group11/sd_o,0,152,0.0,0.0
csr_group1/hc_o + csr_group12/sd_o,0,152,0.0,0.0
csr_group1/hc_o + csr_group13/sd_o,0,152,0.0,0.0
csr_group1/hc_o + csr_group14/sd_o,0,152,0.0,0.0
csr_group1/hc_o + csr_group15/sd_o,0,152,0.0,0.0
csr_group1/hc_o + csr_group16/sd_o,0,152,0.0,0.0
csr_group1/hc_o + csr_group17/sd_o,0,152,0.0,0.0
csr_group1/hc_o + csr_group18/sd_o,0,152,0.0,0.0
csr_group1/hc_o + csr_group19/sd_o,0,152,0.0,0.0
csr_group1/hc_o + csr_group20/sd_o,0,152,0.0,0.0
csr_group1/hc_o + tcr_execute/sd_o,0,152,0.0,0.0
csr_group1/hc_o + lsu_group1/sd_o,0,152,0.0,0.0
csr_group1/hc_o + lsu_group2/sd_o,0,152,0.0,0.0
csr_group1/hc_o + lsu_group3/sd_o,0,152,0.0,0.0
csr_group1/hc_o + lsu_group4/sd_o,0,152,0.0,0.0
csr_group1/hc_o + lsu_group5/sd_o,0,152,0.0,0.0
csr_group1/sd_o + csr_group2/hc_o,0,152,0.0,0.0
csr_group1/sd_o + csr_group3/hc_o,0,152,0.0,0.0
csr_group1/sd_o + csr_group4/hc_o,0,152,0.0,0.0
csr_group1/sd_o + csr_group5/hc_o,0,152,0.0,0.0
csr_group1/sd_o + csr_group6/hc_o,0,152,0.0,0.0
csr_group1/sd_o + csr_group7/hc_o,0,152,0.0,0.0
csr_group1/sd_o + csr_group8/hc_o,0,152,0.0,0.0
csr_group1/sd_o + csr_group9/hc_o,0,152,0.0,0.0
csr_group1/sd_o + csr_group10/hc_o,0,152,0.0,0.0
csr_group1/sd_o + csr_group11/hc_o,0,152,0.0,0.0
csr_group1/sd_o + csr_group12/hc_o,0,152,0.0,0.0
csr_group1/sd_o + csr_group13/hc_o,0,152,0.0,0.0
csr_group1/sd_o + csr_group15/hc_o,0,152,0.0,0.0
csr_group1/sd_o + csr_group16/hc_o,0,152,0.0,0.0
csr_group1/sd_o + csr_group17/hc_o,0,152,0.0,0.0
csr_group1/sd_o + lsu_group1/hc_o,0,152,0.0,0.0
csr_group1/sd_o + lsu_group2/hc_o,0,152,0.0,0.0
csr_group1/sd_o + lsu_group3/hc_o,0,152,0.0,0.0
csr_group1/sd_o + lsu_group4/hc_o,0,152,0.0,0.0
csr_group1/sd_o + lsu_group5/hc_o,0,152,0.0,0.0
csr_group2/hc_o + csr_group2/sd_o,0,152,0.0,0.0
csr_group2/hc_o + csr_group3/sd_o,0,152,0.0,0.0
csr_group2/hc_o + csr_group4/sd_o,0,152,0.0,0.0
csr_group2/hc_o + csr_group5/sd_o,0,152,0.0,0.0
csr_group2/hc_o + csr_group6/sd_o,0,152,0.0,0.0
csr_group2/hc_o + csr_group7/sd_o,0,152,0.0,0.0
csr_group2/hc_o + csr_group8/sd_o,0,152,0.0,0.0
csr_group2/hc_o + csr_group9/sd_o,0,152,0.0,0.0
csr_group10/sd_o + csr_group2/hc_o,0,152,0.0,0.0
csr_group11/sd_o + csr_group2/hc_o,0,152,0.0,0.0
csr_group12/sd_o + csr_group2/hc_o,0,152,0.0,0.0
csr_group13/sd_o + csr_group2/hc_o,0,152,0.0,0.0
csr_group14/sd_o + csr_group2/hc_o,0,152,0.0,0.0
csr_group15/sd_o + csr_group2/hc_o,0,152,0.0,0.0
csr_group16/sd_o + csr_group2/hc_o,0,152,0.0,0.0
csr_group17/sd_o + csr_group2/hc_o,0,152,0.0,0.0
csr_group18/sd_o + csr_group2/hc_o,0,152,0.0,0.0
csr_group19/sd_o + csr_group2/hc_o,0,152,0.0,0.0
csr_group2/hc_o + csr_group20/sd_o,0,152,0.0,0.0
csr_group2/hc_o + tcr_execute/sd_o,0,152,0.0,0.0
csr_group2/hc_o + lsu_group1/sd_o,0,152,0.0,0.0
csr_group2/hc_o + lsu_group2/sd_o,0,152,0.0,0.0
csr_group2/hc_o + lsu_group3/sd_o,0,152,0.0,0.0
csr_group2/hc_o + lsu_group4/sd_o,0,152,0.0,0.0
csr_group2/hc_o + lsu_group5/sd_o,0,152,0.0,0.0
csr_group2/sd_o + csr_group3/hc_o,0,152,0.0,0.0
csr_group2/sd_o + csr_group4/hc_o,0,152,0.0,0.0
csr_group2/sd_o + csr_group5/hc_o,0,152,0.0,0.0
csr_group2/sd_o + csr_group6/hc_o,0,152,0.0,0.0
csr_group2/sd_o + csr_group7/hc_o,0,152,0.0,0.0
csr_group2/sd_o + csr_group8/hc_o,0,152,0.0,0.0
csr_group2/sd_o + csr_group9/hc_o,0,152,0.0,0.0
csr_group10/hc_o + csr_group2/sd_o,0,152,0.0,0.0
csr_group11/hc_o + csr_group2/sd_o,0,152,0.0,0.0
csr_group12/hc_o + csr_group2/sd_o,0,152,0.0,0.0
csr_group13/hc_o + csr_group2/sd_o,0,152,0.0,0.0
csr_group15/hc_o + csr_group2/sd_o,0,152,0.0,0.0
csr_group16/hc_o + csr_group2/sd_o,0,152,0.0,0.0
csr_group17/hc_o + csr_group2/sd_o,0,152,0.0,0.0
csr_group2/sd_o + lsu_group1/hc_o,0,152,0.0,0.0
csr_group2/sd_o + lsu_group2/hc_o,0,152,0.0,0.0
csr_group2/sd_o + lsu_group3/hc_o,0,152,0.0,0.0
csr_group2/sd_o + lsu_group4/hc_o,0,152,0.0,0.0
csr_group2/sd_o + lsu_group5/hc_o,0,152,0.0,0.0
csr_group3/hc_o + csr_group3/sd_o,0,152,0.0,0.0
csr_group3/hc_o + csr_group4/sd_o,0,152,0.0,0.0
csr_group3/hc_o + csr_group5/sd_o,0,152,0.0,0.0
csr_group3/hc_o + csr_group6/sd_o,0,152,0.0,0.0
csr_group3/hc_o + csr_group7/sd_o,0,152,0.0,0.0
csr_group3/hc_o + csr_group8/sd_o,0,152,0.0,0.0
csr_group3/hc_o + csr_group9/sd_o,0,152,0.0,0.0
csr_group10/sd_o + csr_group3/hc_o,0,152,0.0,0.0
csr_group11/sd_o + csr_group3/hc_o,0,152,0.0,0.0
csr_group12/sd_o + csr_group3/hc_o,0,152,0.0,0.0
csr_group13/sd_o + csr_group3/hc_o,0,152,0.0,0.0
csr_group14/sd_o + csr_group3/hc_o,0,152,0.0,0.0
csr_group15/sd_o + csr_group3/hc_o,0,152,0.0,0.0
csr_group16/sd_o + csr_group3/hc_o,0,152,0.0,0.0
csr_group17/sd_o + csr_group3/hc_o,0,152,0.0,0.0
csr_group18/sd_o + csr_group3/hc_o,0,152,0.0,0.0
csr_group19/sd_o + csr_group3/hc_o,0,152,0.0,0.0
csr_group20/sd_o + csr_group3/hc_o,0,152,0.0,0.0
csr_group3/hc_o + tcr_execute/sd_o,0,152,0.0,0.0
csr_group3/hc_o + lsu_group1/sd_o,0,152,0.0,0.0
csr_group3/hc_o + lsu_group2/sd_o,0,152,0.0,0.0
csr_group3/hc_o + lsu_group3/sd_o,0,152,0.0,0.0
csr_group3/hc_o + lsu_group4/sd_o,0,152,0.0,0.0
csr_group3/hc_o + lsu_group5/sd_o,0,152,0.0,0.0
csr_group3/sd_o + csr_group4/hc_o,0,152,0.0,0.0
csr_group3/sd_o + csr_group5/hc_o,0,152,0.0,0.0
csr_group3/sd_o + csr_group6/hc_o,0,152,0.0,0.0
csr_group3/sd_o + csr_group7/hc_o,0,152,0.0,0.0
csr_group3/sd_o + csr_group8/hc_o,0,152,0.0,0.0
csr_group3/sd_o + csr_group9/hc_o,0,152,0.0,0.0
csr_group10/hc_o + csr_group3/sd_o,0,152,0.0,0.0
csr_group11/hc_o + csr_group3/sd_o,0,152,0.0,0.0
csr_group12/hc_o + csr_group3/sd_o,0,152,0.0,0.0
csr_group13/hc_o + csr_group3/sd_o,0,152,0.0,0.0
csr_group15/hc_o + csr_group3/sd_o,0,152,0.0,0.0
csr_group16/hc_o + csr_group3/sd_o,0,152,0.0,0.0
csr_group17/hc_o + csr_group3/sd_o,0,152,0.0,0.0
csr_group3/sd_o + lsu_group1/hc_o,0,152,0.0,0.0
csr_group3/sd_o + lsu_group2/hc_o,0,152,0.0,0.0
csr_group3/sd_o + lsu_group3/hc_o,0,152,0.0,0.0
csr_group3/sd_o + lsu_group4/hc_o,0,152,0.0,0.0
csr_group3/sd_o + lsu_group5/hc_o,0,152,0.0,0.0
csr_group4/hc_o + csr_group4/sd_o,0,152,0.0,0.0
csr_group4/hc_o + csr_group5/sd_o,0,152,0.0,0.0
csr_group4/hc_o + csr_group6/sd_o,0,152,0.0,0.0
csr_group4/hc_o + csr_group7/sd_o,0,152,0.0,0.0
csr_group4/hc_o + csr_group8/sd_o,0,152,0.0,0.0
csr_group4/hc_o + csr_group9/sd_o,0,152,0.0,0.0
csr_group10/sd_o + csr_group4/hc_o,0,152,0.0,0.0
csr_group11/sd_o + csr_group4/hc_o,0,152,0.0,0.0
csr_group12/sd_o + csr_group4/hc_o,0,152,0.0,0.0
csr_group13/sd_o + csr_group4/hc_o,0,152,0.0,0.0
csr_group14/sd_o + csr_group4/hc_o,0,152,0.0,0.0
csr_group15/sd_o + csr_group4/hc_o,0,152,0.0,0.0
csr_group16/sd_o + csr_group4/hc_o,0,152,0.0,0.0
csr_group17/sd_o + csr_group4/hc_o,0,152,0.0,0.0
csr_group18/sd_o + csr_group4/hc_o,0,152,0.0,0.0
csr_group19/sd_o + csr_group4/hc_o,0,152,0.0,0.0
csr_group20/sd_o + csr_group4/hc_o,0,152,0.0,0.0
csr_group4/hc_o + tcr_execute/sd_o,0,152,0.0,0.0
csr_group4/hc_o + lsu_group1/sd_o,0,152,0.0,0.0
csr_group4/hc_o + lsu_group2/sd_o,0,152,0.0,0.0
csr_group4/hc_o + lsu_group3/sd_o,0,152,0.0,0.0
csr_group4/hc_o + lsu_group4/sd_o,0,152,0.0,0.0
csr_group4/hc_o + lsu_group5/sd_o,0,152,0.0,0.0
csr_group4/sd_o + csr_group5/hc_o,0,152,0.0,0.0
csr_group4/sd_o + csr_group6/hc_o,0,152,0.0,0.0
csr_group4/sd_o + csr_group7/hc_o,0,152,0.0,0.0
csr_group4/sd_o + csr_group8/hc_o,0,152,0.0,0.0
csr_group4/sd_o + csr_group9/hc_o,0,152,0.0,0.0
csr_group10/hc_o + csr_group4/sd_o,0,152,0.0,0.0
csr_group11/hc_o + csr_group4/sd_o,0,152,0.0,0.0
csr_group12/hc_o + csr_group4/sd_o,0,152,0.0,0.0
csr_group13/hc_o + csr_group4/sd_o,0,152,0.0,0.0
csr_group15/hc_o + csr_group4/sd_o,0,152,0.0,0.0
csr_group16/hc_o + csr_group4/sd_o,0,152,0.0,0.0
csr_group17/hc_o + csr_group4/sd_o,0,152,0.0,0.0
csr_group4/sd_o + lsu_group1/hc_o,0,152,0.0,0.0
csr_group4/sd_o + lsu_group2/hc_o,0,152,0.0,0.0
csr_group4/sd_o + lsu_group3/hc_o,0,152,0.0,0.0
csr_group4/sd_o + lsu_group4/hc_o,0,152,0.0,0.0
csr_group4/sd_o + lsu_group5/hc_o,0,152,0.0,0.0
csr_group5/hc_o + csr_group5/sd_o,0,152,0.0,0.0
csr_group5/hc_o + csr_group6/sd_o,0,152,0.0,0.0
csr_group5/hc_o + csr_group7/sd_o,0,152,0.0,0.0
csr_group5/hc_o + csr_group8/sd_o,0,152,0.0,0.0
csr_group5/hc_o + csr_group9/sd_o,0,152,0.0,0.0
csr_group10/sd_o + csr_group5/hc_o,0,152,0.0,0.0
csr_group11/sd_o + csr_group5/hc_o,0,152,0.0,0.0
csr_group12/sd_o + csr_group5/hc_o,0,152,0.0,0.0
csr_group13/sd_o + csr_group5/hc_o,0,152,0.0,0.0
csr_group14/sd_o + csr_group5/hc_o,0,152,0.0,0.0
csr_group15/sd_o + csr_group5/hc_o,0,152,0.0,0.0
csr_group16/sd_o + csr_group5/hc_o,0,152,0.0,0.0
csr_group17/sd_o + csr_group5/hc_o,0,152,0.0,0.0
csr_group18/sd_o + csr_group5/hc_o,0,152,0.0,0.0
csr_group19/sd_o + csr_group5/hc_o,0,152,0.0,0.0
csr_group20/sd_o + csr_group5/hc_o,0,152,0.0,0.0
csr_group5/hc_o + tcr_execute/sd_o,0,152,0.0,0.0
csr_group5/hc_o + lsu_group1/sd_o,0,152,0.0,0.0
csr_group5/hc_o + lsu_group2/sd_o,0,152,0.0,0.0
csr_group5/hc_o + lsu_group3/sd_o,0,152,0.0,0.0
csr_group5/hc_o + lsu_group4/sd_o,0,152,0.0,0.0
csr_group5/hc_o + lsu_group5/sd_o,0,152,0.0,0.0
csr_group5/sd_o + csr_group6/hc_o,0,152,0.0,0.0
csr_group5/sd_o + csr_group7/hc_o,0,152,0.0,0.0
csr_group5/sd_o + csr_group8/hc_o,0,152,0.0,0.0
csr_group5/sd_o + csr_group9/hc_o,0,152,0.0,0.0
csr_group10/hc_o + csr_group5/sd_o,0,152,0.0,0.0
csr_group11/hc_o + csr_group5/sd_o,0,152,0.0,0.0
csr_group12/hc_o + csr_group5/sd_o,0,152,0.0,0.0
csr_group13/hc_o + csr_group5/sd_o,0,152,0.0,0.0
csr_group15/hc_o + csr_group5/sd_o,0,152,0.0,0.0
csr_group16/hc_o + csr_group5/sd_o,0,152,0.0,0.0
csr_group17/hc_o + csr_group5/sd_o,0,152,0.0,0.0
csr_group5/sd_o + lsu_group1/hc_o,0,152,0.0,0.0
csr_group5/sd_o + lsu_group2/hc_o,0,152,0.0,0.0
csr_group5/sd_o + lsu_group3/hc_o,0,152,0.0,0.0
csr_group5/sd_o + lsu_group4/hc_o,0,152,0.0,0.0
csr_group5/sd_o + lsu_group5/hc_o,0,152,0.0,0.0
csr_group6/hc_o + csr_group6/sd_o,0,152,0.0,0.0
csr_group6/hc_o + csr_group7/sd_o,0,152,0.0,0.0
csr_group6/hc_o + csr_group8/sd_o,0,152,0.0,0.0
csr_group6/hc_o + csr_group9/sd_o,0,152,0.0,0.0
csr_group10/sd_o + csr_group6/hc_o,0,152,0.0,0.0
csr_group11/sd_o + csr_group6/hc_o,0,152,0.0,0.0
csr_group12/sd_o + csr_group6/hc_o,0,152,0.0,0.0
csr_group13/sd_o + csr_group6/hc_o,0,152,0.0,0.0
csr_group14/sd_o + csr_group6/hc_o,0,152,0.0,0.0
csr_group15/sd_o + csr_group6/hc_o,0,152,0.0,0.0
csr_group16/sd_o + csr_group6/hc_o,0,152,0.0,0.0
csr_group17/sd_o + csr_group6/hc_o,0,152,0.0,0.0
csr_group18/sd_o + csr_group6/hc_o,0,152,0.0,0.0
csr_group19/sd_o + csr_group6/hc_o,0,152,0.0,0.0
csr_group20/sd_o + csr_group6/hc_o,0,152,0.0,0.0
csr_group6/hc_o + tcr_execute/sd_o,0,152,0.0,0.0
csr_group6/hc_o + lsu_group1/sd_o,0,152,0.0,0.0
csr_group6/hc_o + lsu_group2/sd_o,0,152,0.0,0.0
csr_group6/hc_o + lsu_group3/sd_o,0,152,0.0,0.0
csr_group6/hc_o + lsu_group4/sd_o,0,152,0.0,0.0
csr_group6/hc_o + lsu_group5/sd_o,0,152,0.0,0.0
csr_group6/sd_o + csr_group7/hc_o,0,152,0.0,0.0
csr_group6/sd_o + csr_group8/hc_o,0,152,0.0,0.0
csr_group6/sd_o + csr_group9/hc_o,0,152,0.0,0.0
csr_group10/hc_o + csr_group6/sd_o,0,152,0.0,0.0
csr_group11/hc_o + csr_group6/sd_o,0,152,0.0,0.0
csr_group12/hc_o + csr_group6/sd_o,0,152,0.0,0.0
csr_group13/hc_o + csr_group6/sd_o,0,152,0.0,0.0
csr_group15/hc_o + csr_group6/sd_o,0,152,0.0,0.0
csr_group16/hc_o + csr_group6/sd_o,0,152,0.0,0.0
csr_group17/hc_o + csr_group6/sd_o,0,152,0.0,0.0
csr_group6/sd_o + lsu_group1/hc_o,0,152,0.0,0.0
csr_group6/sd_o + lsu_group2/hc_o,0,152,0.0,0.0
csr_group6/sd_o + lsu_group3/hc_o,0,152,0.0,0.0
csr_group6/sd_o + lsu_group4/hc_o,0,152,0.0,0.0
csr_group6/sd_o + lsu_group5/hc_o,0,152,0.0,0.0
csr_group7/hc_o + csr_group7/sd_o,0,152,0.0,0.0
csr_group7/hc_o + csr_group8/sd_o,0,152,0.0,0.0
csr_group7/hc_o + csr_group9/sd_o,0,152,0.0,0.0
csr_group10/sd_o + csr_group7/hc_o,0,152,0.0,0.0
csr_group11/sd_o + csr_group7/hc_o,0,152,0.0,0.0
csr_group12/sd_o + csr_group7/hc_o,0,152,0.0,0.0
csr_group13/sd_o + csr_group7/hc_o,0,152,0.0,0.0
csr_group14/sd_o + csr_group7/hc_o,0,152,0.0,0.0
csr_group15/sd_o + csr_group7/hc_o,0,152,0.0,0.0
csr_group16/sd_o + csr_group7/hc_o,0,152,0.0,0.0
csr_group17/sd_o + csr_group7/hc_o,0,152,0.0,0.0
csr_group18/sd_o + csr_group7/hc_o,0,152,0.0,0.0
csr_group19/sd_o + csr_group7/hc_o,0,152,0.0,0.0
csr_group20/sd_o + csr_group7/hc_o,0,152,0.0,0.0
csr_group7/hc_o + tcr_execute/sd_o,0,152,0.0,0.0
csr_group7/hc_o + lsu_group1/sd_o,0,152,0.0,0.0
csr_group7/hc_o + lsu_group2/sd_o,0,152,0.0,0.0
csr_group7/hc_o + lsu_group3/sd_o,0,152,0.0,0.0
csr_group7/hc_o + lsu_group4/sd_o,0,152,0.0,0.0
csr_group7/hc_o + lsu_group5/sd_o,0,152,0.0,0.0
csr_group7/sd_o + csr_group8/hc_o,0,152,0.0,0.0
csr_group7/sd_o + csr_group9/hc_o,0,152,0.0,0.0
csr_group10/hc_o + csr_group7/sd_o,0,152,0.0,0.0
csr_group11/hc_o + csr_group7/sd_o,0,152,0.0,0.0
csr_group12/hc_o + csr_group7/sd_o,0,152,0.0,0.0
csr_group13/hc_o + csr_group7/sd_o,0,152,0.0,0.0
csr_group15/hc_o + csr_group7/sd_o,0,152,0.0,0.0
csr_group16/hc_o + csr_group7/sd_o,0,152,0.0,0.0
csr_group17/hc_o + csr_group7/sd_o,0,152,0.0,0.0
csr_group7/sd_o + lsu_group1/hc_o,0,152,0.0,0.0
csr_group7/sd_o + lsu_group2/hc_o,0,152,0.0,0.0
csr_group7/sd_o + lsu_group3/hc_o,0,152,0.0,0.0
csr_group7/sd_o + lsu_group4/hc_o,0,152,0.0,0.0
csr_group7/sd_o + lsu_group5/hc_o,0,152,0.0,0.0
csr_group8/hc_o + csr_group8/sd_o,0,152,0.0,0.0
csr_group8/hc_o + csr_group9/sd_o,0,152,0.0,0.0
csr_group10/sd_o + csr_group8/hc_o,0,152,0.0,0.0
csr_group11/sd_o + csr_group8/hc_o,0,152,0.0,0.0
csr_group12/sd_o + csr_group8/hc_o,0,152,0.0,0.0
csr_group13/sd_o + csr_group8/hc_o,0,152,0.0,0.0
csr_group14/sd_o + csr_group8/hc_o,0,152,0.0,0.0
csr_group15/sd_o + csr_group8/hc_o,0,152,0.0,0.0
csr_group16/sd_o + csr_group8/hc_o,0,152,0.0,0.0
csr_group17/sd_o + csr_group8/hc_o,0,152,0.0,0.0
csr_group18/sd_o + csr_group8/hc_o,0,152,0.0,0.0
csr_group19/sd_o + csr_group8/hc_o,0,152,0.0,0.0
csr_group20/sd_o + csr_group8/hc_o,0,152,0.0,0.0
csr_group8/hc_o + tcr_execute/sd_o,0,152,0.0,0.0
csr_group8/hc_o + lsu_group1/sd_o,0,152,0.0,0.0
csr_group8/hc_o + lsu_group2/sd_o,0,152,0.0,0.0
csr_group8/hc_o + lsu_group3/sd_o,0,152,0.0,0.0
csr_group8/hc_o + lsu_group4/sd_o,0,152,0.0,0.0
csr_group8/hc_o + lsu_group5/sd_o,0,152,0.0,0.0
csr_group8/sd_o + csr_group9/hc_o,0,152,0.0,0.0
csr_group10/hc_o + csr_group8/sd_o,0,152,0.0,0.0
csr_group11/hc_o + csr_group8/sd_o,0,152,0.0,0.0
csr_group12/hc_o + csr_group8/sd_o,0,152,0.0,0.0
csr_group13/hc_o + csr_group8/sd_o,0,152,0.0,0.0
csr_group15/hc_o + csr_group8/sd_o,0,152,0.0,0.0
csr_group16/hc_o + csr_group8/sd_o,0,152,0.0,0.0
csr_group17/hc_o + csr_group8/sd_o,0,152,0.0,0.0
csr_group8/sd_o + lsu_group1/hc_o,0,152,0.0,0.0
csr_group8/sd_o + lsu_group2/hc_o,0,152,0.0,0.0
csr_group8/sd_o + lsu_group3/hc_o,0,152,0.0,0.0
csr_group8/sd_o + lsu_group4/hc_o,0,152,0.0,0.0
csr_group8/sd_o + lsu_group5/hc_o,0,152,0.0,0.0
csr_group9/hc_o + csr_group9/sd_o,0,152,0.0,0.0
csr_group10/sd_o + csr_group9/hc_o,0,152,0.0,0.0
csr_group11/sd_o + csr_group9/hc_o,0,152,0.0,0.0
csr_group12/sd_o + csr_group9/hc_o,0,152,0.0,0.0
csr_group13/sd_o + csr_group9/hc_o,0,152,0.0,0.0
csr_group14/sd_o + csr_group9/hc_o,0,152,0.0,0.0
csr_group15/sd_o + csr_group9/hc_o,0,152,0.0,0.0
csr_group16/sd_o + csr_group9/hc_o,0,152,0.0,0.0
csr_group17/sd_o + csr_group9/hc_o,0,152,0.0,0.0
csr_group18/sd_o + csr_group9/hc_o,0,152,0.0,0.0
csr_group19/sd_o + csr_group9/hc_o,0,152,0.0,0.0
csr_group20/sd_o + csr_group9/hc_o,0,152,0.0,0.0
csr_group9/hc_o + tcr_execute/sd_o,0,152,0.0,0.0
csr_group9/hc_o + lsu_group1/sd_o,0,152,0.0,0.0
csr_group9/hc_o + lsu_group2/sd_o,0,152,0.0,0.0
csr_group9/hc_o + lsu_group3/sd_o,0,152,0.0,0.0
csr_group9/hc_o + lsu_group4/sd_o,0,152,0.0,0.0
csr_group9/hc_o + lsu_group5/sd_o,0,152,0.0,0.0
csr_group10/hc_o + csr_group9/sd_o,0,152,0.0,0.0
csr_group11/hc_o + csr_group9/sd_o,0,152,0.0,0.0
csr_group12/hc_o + csr_group9/sd_o,0,152,0.0,0.0
csr_group13/hc_o + csr_group9/sd_o,0,152,0.0,0.0
csr_group15/hc_o + csr_group9/sd_o,0,152,0.0,0.0
csr_group16/hc_o + csr_group9/sd_o,0,152,0.0,0.0
csr_group17/hc_o + csr_group9/sd_o,0,152,0.0,0.0
csr_group9/sd_o + lsu_group1/hc_o,0,152,0.0,0.0
csr_group9/sd_o + lsu_group2/hc_o,0,152,0.0,0.0
csr_group9/sd_o + lsu_group3/hc_o,0,152,0.0,0.0
csr_group9/sd_o + lsu_group4/hc_o,0,152,0.0,0.0
csr_group9/sd_o + lsu_group5/hc_o,0,152,0.0,0.0
csr_group10/hc_o + csr_group10/sd_o,0,152,0.0,0.0
csr_group10/hc_o + csr_group11/sd_o,0,152,0.0,0.0
csr_group10/hc_o + csr_group12/sd_o,0,152,0.0,0.0
csr_group10/hc_o + csr_group13/sd_o,0,152,0.0,0.0
csr_group10/hc_o + csr_group14/sd_o,0,152,0.0,0.0
csr_group10/hc_o + csr_group15/sd_o,0,152,0.0,0.0
csr_group10/hc_o + csr_group16/sd_o,0,152,0.0,0.0
csr_group10/hc_o + csr_group17/sd_o,0,152,0.0,0.0
csr_group10/hc_o + csr_group18/sd_o,0,152,0.0,0.0
csr_group10/hc_o + csr_group19/sd_o,0,152,0.0,0.0
csr_group10/hc_o + csr_group20/sd_o,0,152,0.0,0.0
csr_group10/hc_o + tcr_execute/sd_o,0,152,0.0,0.0
csr_group10/hc_o + lsu_group1/sd_o,0,152,0.0,0.0
csr_group10/hc_o + lsu_group2/sd_o,0,152,0.0,0.0
csr_group10/hc_o + lsu_group3/sd_o,0,152,0.0,0.0
csr_group10/hc_o + lsu_group4/sd_o,0,152,0.0,0.0
csr_group10/hc_o + lsu_group5/sd_o,0,152,0.0,0.0
csr_group10/sd_o + csr_group11/hc_o,0,152,0.0,0.0
csr_group10/sd_o + csr_group12/hc_o,0,152,0.0,0.0
csr_group10/sd_o + csr_group13/hc_o,0,152,0.0,0.0
csr_group10/sd_o + csr_group15/hc_o,0,152,0.0,0.0
csr_group10/sd_o + csr_group16/hc_o,0,152,0.0,0.0
csr_group10/sd_o + csr_group17/hc_o,0,152,0.0,0.0
csr_group10/sd_o + lsu_group1/hc_o,0,152,0.0,0.0
csr_group10/sd_o + lsu_group2/hc_o,0,152,0.0,0.0
csr_group10/sd_o + lsu_group3/hc_o,0,152,0.0,0.0
csr_group10/sd_o + lsu_group4/hc_o,0,152,0.0,0.0
csr_group10/sd_o + lsu_group5/hc_o,0,152,0.0,0.0
csr_group11/hc_o + csr_group11/sd_o,0,152,0.0,0.0
csr_group11/hc_o + csr_group12/sd_o,0,152,0.0,0.0
csr_group11/hc_o + csr_group13/sd_o,0,152,0.0,0.0
csr_group11/hc_o + csr_group14/sd_o,0,152,0.0,0.0
csr_group11/hc_o + csr_group15/sd_o,0,152,0.0,0.0
csr_group11/hc_o + csr_group16/sd_o,0,152,0.0,0.0
csr_group11/hc_o + csr_group17/sd_o,0,152,0.0,0.0
csr_group11/hc_o + csr_group18/sd_o,0,152,0.0,0.0
csr_group11/hc_o + csr_group19/sd_o,0,152,0.0,0.0
csr_group11/hc_o + csr_group20/sd_o,0,152,0.0,0.0
csr_group11/hc_o + tcr_execute/sd_o,0,152,0.0,0.0
csr_group11/hc_o + lsu_group1/sd_o,0,152,0.0,0.0
csr_group11/hc_o + lsu_group2/sd_o,0,152,0.0,0.0
csr_group11/hc_o + lsu_group3/sd_o,0,152,0.0,0.0
csr_group11/hc_o + lsu_group4/sd_o,0,152,0.0,0.0
csr_group11/hc_o + lsu_group5/sd_o,0,152,0.0,0.0
csr_group11/sd_o + csr_group12/hc_o,0,152,0.0,0.0
csr_group11/sd_o + csr_group13/hc_o,0,152,0.0,0.0
csr_group11/sd_o + csr_group15/hc_o,0,152,0.0,0.0
csr_group11/sd_o + csr_group16/hc_o,0,152,0.0,0.0
csr_group11/sd_o + csr_group17/hc_o,0,152,0.0,0.0
csr_group11/sd_o + lsu_group1/hc_o,0,152,0.0,0.0
csr_group11/sd_o + lsu_group2/hc_o,0,152,0.0,0.0
csr_group11/sd_o + lsu_group3/hc_o,0,152,0.0,0.0
csr_group11/sd_o + lsu_group4/hc_o,0,152,0.0,0.0
csr_group11/sd_o + lsu_group5/hc_o,0,152,0.0,0.0
csr_group12/hc_o + csr_group13/sd_o,0,152,0.0,0.0
csr_group12/hc_o + csr_group14/sd_o,0,152,0.0,0.0
csr_group12/hc_o + csr_group15/sd_o,0,152,0.0,0.0
csr_group12/hc_o + csr_group16/sd_o,0,152,0.0,0.0
csr_group12/hc_o + csr_group17/sd_o,0,152,0.0,0.0
csr_group12/hc_o + csr_group18/sd_o,0,152,0.0,0.0
csr_group12/hc_o + csr_group19/sd_o,0,152,0.0,0.0
csr_group12/hc_o + csr_group20/sd_o,0,152,0.0,0.0
csr_group12/hc_o + tcr_execute/sd_o,0,152,0.0,0.0
csr_group12/hc_o + lsu_group1/sd_o,0,152,0.0,0.0
csr_group12/hc_o + lsu_group2/sd_o,0,152,0.0,0.0
csr_group12/hc_o + lsu_group3/sd_o,0,152,0.0,0.0
csr_group12/hc_o + lsu_group4/sd_o,0,152,0.0,0.0
csr_group12/hc_o + lsu_group5/sd_o,0,152,0.0,0.0
csr_group12/sd_o + csr_group13/hc_o,0,152,0.0,0.0
csr_group12/sd_o + csr_group15/hc_o,0,152,0.0,0.0
csr_group12/sd_o + csr_group16/hc_o,0,152,0.0,0.0
csr_group12/sd_o + csr_group17/hc_o,0,152,0.0,0.0
csr_group12/sd_o + lsu_group1/hc_o,0,152,0.0,0.0
csr_group12/sd_o + lsu_group2/hc_o,0,152,0.0,0.0
csr_group12/sd_o + lsu_group3/hc_o,0,152,0.0,0.0
csr_group12/sd_o + lsu_group4/hc_o,0,152,0.0,0.0
csr_group12/sd_o + lsu_group5/hc_o,0,152,0.0,0.0
csr_group13/hc_o + csr_group13/sd_o,0,152,0.0,0.0
csr_group13/hc_o + csr_group14/sd_o,0,152,0.0,0.0
csr_group13/hc_o + csr_group15/sd_o,0,152,0.0,0.0
csr_group13/hc_o + csr_group16/sd_o,0,152,0.0,0.0
csr_group13/hc_o + csr_group17/sd_o,0,152,0.0,0.0
csr_group13/hc_o + csr_group18/sd_o,0,152,0.0,0.0
csr_group13/hc_o + csr_group19/sd_o,0,152,0.0,0.0
csr_group13/hc_o + csr_group20/sd_o,0,152,0.0,0.0
csr_group13/hc_o + tcr_execute/sd_o,0,152,0.0,0.0
csr_group13/hc_o + lsu_group1/sd_o,0,152,0.0,0.0
csr_group13/hc_o + lsu_group2/sd_o,0,152,0.0,0.0
csr_group13/hc_o + lsu_group3/sd_o,0,152,0.0,0.0
csr_group13/hc_o + lsu_group4/sd_o,0,152,0.0,0.0
csr_group13/hc_o + lsu_group5/sd_o,0,152,0.0,0.0
csr_group13/sd_o + csr_group15/hc_o,0,152,0.0,0.0
csr_group13/sd_o + csr_group16/hc_o,0,152,0.0,0.0
csr_group13/sd_o + csr_group17/hc_o,0,152,0.0,0.0
csr_group13/sd_o + lsu_group1/hc_o,0,152,0.0,0.0
csr_group13/sd_o + lsu_group2/hc_o,0,152,0.0,0.0
csr_group13/sd_o + lsu_group3/hc_o,0,152,0.0,0.0
csr_group13/sd_o + lsu_group4/hc_o,0,152,0.0,0.0
csr_group13/sd_o + lsu_group5/hc_o,0,152,0.0,0.0
csr_group14/sd_o + csr_group15/hc_o,0,152,0.0,0.0
csr_group14/sd_o + csr_group16/hc_o,0,152,0.0,0.0
csr_group14/sd_o + csr_group17/hc_o,0,152,0.0,0.0
csr_group14/sd_o + lsu_group1/hc_o,0,152,0.0,0.0
csr_group14/sd_o + lsu_group2/hc_o,0,152,0.0,0.0
csr_group14/sd_o + lsu_group3/hc_o,0,152,0.0,0.0
csr_group14/sd_o + lsu_group4/hc_o,0,152,0.0,0.0
csr_group14/sd_o + lsu_group5/hc_o,0,152,0.0,0.0
csr_group15/hc_o + csr_group16/sd_o,0,152,0.0,0.0
csr_group15/hc_o + csr_group17/sd_o,0,152,0.0,0.0
csr_group15/hc_o + csr_group18/sd_o,0,152,0.0,0.0
csr_group15/hc_o + csr_group19/sd_o,0,152,0.0,0.0
csr_group15/hc_o + csr_group20/sd_o,0,152,0.0,0.0
csr_group15/hc_o + tcr_execute/sd_o,0,152,0.0,0.0
csr_group15/hc_o + lsu_group1/sd_o,0,152,0.0,0.0
csr_group15/hc_o + lsu_group2/sd_o,0,152,0.0,0.0
csr_group15/hc_o + lsu_group3/sd_o,0,152,0.0,0.0
csr_group15/hc_o + lsu_group4/sd_o,0,152,0.0,0.0
csr_group15/hc_o + lsu_group5/sd_o,0,152,0.0,0.0
csr_group15/sd_o + csr_group16/hc_o,0,152,0.0,0.0
csr_group15/sd_o + csr_group17/hc_o,0,152,0.0,0.0
csr_group15/sd_o + lsu_group1/hc_o,0,152,0.0,0.0
csr_group15/sd_o + lsu_group2/hc_o,0,152,0.0,0.0
csr_group15/sd_o + lsu_group3/hc_o,0,152,0.0,0.0
csr_group15/sd_o + lsu_group4/hc_o,0,152,0.0,0.0
csr_group15/sd_o + lsu_group5/hc_o,0,152,0.0,0.0
csr_group16/hc_o + csr_group16/sd_o,0,152,0.0,0.0
csr_group16/hc_o + csr_group17/sd_o,0,152,0.0,0.0
csr_group16/hc_o + csr_group18/sd_o,0,152,0.0,0.0
csr_group16/hc_o + csr_group19/sd_o,0,152,0.0,0.0
csr_group16/hc_o + csr_group20/sd_o,0,152,0.0,0.0
csr_group16/hc_o + tcr_execute/sd_o,0,152,0.0,0.0
csr_group16/hc_o + lsu_group1/sd_o,0,152,0.0,0.0
csr_group16/hc_o + lsu_group2/sd_o,0,152,0.0,0.0
csr_group16/hc_o + lsu_group3/sd_o,0,152,0.0,0.0
csr_group16/hc_o + lsu_group4/sd_o,0,152,0.0,0.0
csr_group16/hc_o + lsu_group5/sd_o,0,152,0.0,0.0
csr_group16/sd_o + csr_group17/hc_o,0,152,0.0,0.0
csr_group16/sd_o + lsu_group1/hc_o,0,152,0.0,0.0
csr_group16/sd_o + lsu_group2/hc_o,0,152,0.0,0.0
csr_group16/sd_o + lsu_group3/hc_o,0,152,0.0,0.0
csr_group16/sd_o + lsu_group4/hc_o,0,152,0.0,0.0
csr_group16/sd_o + lsu_group5/hc_o,0,152,0.0,0.0
csr_group17/hc_o + csr_group17/sd_o,0,152,0.0,0.0
csr_group17/hc_o + csr_group18/sd_o,0,152,0.0,0.0
csr_group17/hc_o + csr_group19/sd_o,0,152,0.0,0.0
csr_group17/hc_o + csr_group20/sd_o,0,152,0.0,0.0
csr_group17/hc_o + tcr_execute/sd_o,0,152,0.0,0.0
csr_group17/hc_o + lsu_group1/sd_o,0,152,0.0,0.0
csr_group17/hc_o + lsu_group2/sd_o,0,152,0.0,0.0
csr_group17/hc_o + lsu_group3/sd_o,0,152,0.0,0.0
csr_group17/hc_o + lsu_group4/sd_o,0,152,0.0,0.0
csr_group17/hc_o + lsu_group5/sd_o,0,152,0.0,0.0
csr_group17/sd_o + lsu_group1/hc_o,0,152,0.0,0.0
csr_group17/sd_o + lsu_group2/hc_o,0,152,0.0,0.0
csr_group17/sd_o + lsu_group3/hc_o,0,152,0.0,0.0
csr_group17/sd_o + lsu_group4/hc_o,0,152,0.0,0.0
csr_group17/sd_o + lsu_group5/hc_o,0,152,0.0,0.0
csr_group18/sd_o + lsu_group1/hc_o,0,152,0.0,0.0
csr_group18/sd_o + lsu_group2/hc_o,0,152,0.0,0.0
csr_group18/sd_o + lsu_group3/hc_o,0,152,0.0,0.0
csr_group18/sd_o + lsu_group4/hc_o,0,152,0.0,0.0
csr_group18/sd_o + lsu_group5/hc_o,0,152,0.0,0.0
csr_group19/sd_o + lsu_group1/hc_o,0,152,0.0,0.0
csr_group19/sd_o + lsu_group2/hc_o,0,152,0.0,0.0
csr_group19/sd_o + lsu_group3/hc_o,0,152,0.0,0.0
csr_group19/sd_o + lsu_group4/hc_o,0,152,0.0,0.0
csr_group19/sd_o + lsu_group5/hc_o,0,152,0.0,0.0
csr_group20/sd_o + lsu_group1/hc_o,0,152,0.0,0.0
csr_group20/sd_o + lsu_group2/hc_o,0,152,0.0,0.0
csr_group20/sd_o + lsu_group3/hc_o,0,152,0.0,0.0
csr_group20/sd_o + lsu_group4/hc_o,0,152,0.0,0.0
csr_group20/sd_o + lsu_group5/hc_o,0,152,0.0,0.0
lsu_group1/hc_o + tcr_execute/sd_o,0,152,0.0,0.0
lsu_group2/hc_o + tcr_execute/sd_o,0,152,0.0,0.0
lsu_group3/hc_o + tcr_execute/sd_o,0,152,0.0,0.0
lsu_group4/hc_o + tcr_execute/sd_o,0,152,0.0,0.0
lsu_group5/hc_o + tcr_execute/sd_o,0,152,0.0,0.0
lsu_group1/hc_o + lsu_group1/sd_o,0,152,0.0,0.0
lsu_group1/hc_o + lsu_group2/sd_o,0,152,0.0,0.0
lsu_group1/hc_o + lsu_group3/sd_o,0,152,0.0,0.0
lsu_group1/hc_o + lsu_group4/sd_o,0,152,0.0,0.0
lsu_group1/hc_o + lsu_group5/sd_o,0,152,0.0,0.0
lsu_group1/sd_o + lsu_group2/hc_o,0,152,0.0,0.0
lsu_group1/sd_o + lsu_group3/hc_o,0,152,0.0,0.0
lsu_group1/sd_o + lsu_group4/hc_o,0,152,0.0,0.0
lsu_group1/sd_o + lsu_group5/hc_o,0,152,0.0,0.0
lsu_group2/hc_o + lsu_group2/sd_o,0,152,0.0,0.0
lsu_group2/hc_o + lsu_group3/sd_o,0,152,0.0,0.0
lsu_group2/hc_o + lsu_group4/sd_o,0,152,0.0,0.0
lsu_group2/hc_o + lsu_group5/sd_o,0,152,0.0,0.0
lsu_group2/sd_o + lsu_group3/hc_o,0,152,0.0,0.0
lsu_group2/sd_o + lsu_group4/hc_o,0,152,0.0,0.0
lsu_group2/sd_o + lsu_group5/hc_o,0,152,0.0,0.0
lsu_group3/hc_o + lsu_group3/sd_o,0,152,0.0,0.0
lsu_group3/hc_o + lsu_group4/sd_o,0,152,0.0,0.0
lsu_group3/hc_o + lsu_group5/sd_o,0,152,0.0,0.0
lsu_group3/sd_o + lsu_group4/hc_o,0,152,0.0,0.0
lsu_group3/sd_o + lsu_group5/hc_o,0,152,0.0,0.0
lsu_group4/hc_o + lsu_group4/sd_o,0,152,0.0,0.0
lsu_group4/hc_o + lsu_group5/sd_o,0,152,0.0,0.0
lsu_group4/sd_o + lsu_group5/hc_o,0,152,0.0,0.0
lsu_group5/hc_o + lsu_group5/sd_o,0,152,0.0,0.0
alu_operand_a_ex_o_tag + tpr/sd_o_32,0,120,0.0,0.0
rf_reg[0] + sd_o_5,0,120,0.0,0.0
rf_reg[0] + tpr/sd_o_32,0,120,0.0,0.0
rf_reg[0] + tcr/sd_o_32,0,120,0.0,0.0
rf_reg[1] + sd_o_5,0,120,0.0,0.0
rf_reg[1] + tpr/sd_o_32,0,120,0.0,0.0
rf_reg[1] + tcr/sd_o_32,0,120,0.0,0.0
rf_reg[2] + sd_o_5,0,120,0.0,0.0
rf_reg[2] + tpr/sd_o_32,0,120,0.0,0.0
rf_reg[2] + tcr/sd_o_32,0,120,0.0,0.0
rf_reg[3] + sd_o_5,0,120,0.0,0.0
rf_reg[3] + tpr/sd_o_32,0,120,0.0,0.0
alu_operand_a_ex_o_tag + tcr/sd_o_32,0,120,0.0,0.0
rf_reg[3] + tcr/sd_o_32,0,120,0.0,0.0
rf_reg[4] + sd_o_5,0,120,0.0,0.0
rf_reg[4] + tpr/sd_o_32,0,120,0.0,0.0
rf_reg[4] + tcr/sd_o_32,0,120,0.0,0.0
rf_reg[5] + sd_o_5,0,120,0.0,0.0
rf_reg[5] + tpr/sd_o_32,0,120,0.0,0.0
rf_reg[5] + tcr/sd_o_32,0,120,0.0,0.0
rf_reg[6] + sd_o_5,0,120,0.0,0.0
rf_reg[6] + tpr/sd_o_32,0,120,0.0,0.0
rf_reg[6] + tcr/sd_o_32,0,120,0.0,0.0
rf_reg[7] + sd_o_5,0,120,0.0,0.0
alu_operand_b_ex_o_tag + sd_o_5,0,120,0.0,0.0
rf_reg[7] + tpr/sd_o_32,0,120,0.0,0.0
rf_reg[7] + tcr/sd_o_32,0,120,0.0,0.0
rf_reg[8] + sd_o_5,0,120,0.0,0.0
rf_reg[8] + tpr/sd_o_32,0,120,0.0,0.0
rf_reg[8] + tcr/sd_o_32,0,120,0.0,0.0
rf_reg[9] + sd_o_5,0,120,0.0,0.0
rf_reg[9] + tpr/sd_o_32,0,120,0.0,0.0
rf_reg[9] + tcr/sd_o_32,0,120,0.0,0.0
rf_reg[10] + sd_o_5,0,120,0.0,0.0
rf_reg[10] + tpr/sd_o_32,0,120,0.0,0.0
rf_reg[10] + tcr/sd_o_32,0,120,0.0,0.0
rf_reg[11] + sd_o_5,0,120,0.0,0.0
rf_reg[11] + tpr/sd_o_32,0,120,0.0,0.0
rf_reg[11] + tcr/sd_o_32,0,120,0.0,0.0
rf_reg[12] + sd_o_5,0,120,0.0,0.0
rf_reg[12] + tpr/sd_o_32,0,120,0.0,0.0
rf_reg[12] + tcr/sd_o_32,0,120,0.0,0.0
rf_reg[13] + sd_o_5,0,120,0.0,0.0
rf_reg[13] + tpr/sd_o_32,0,120,0.0,0.0
rf_reg[13] + tcr/sd_o_32,0,120,0.0,0.0
rf_reg[14] + sd_o_5,0,120,0.0,0.0
rf_reg[14] + tpr/sd_o_32,0,120,0.0,0.0
rf_reg[14] + tcr/sd_o_32,0,120,0.0,0.0
alu_operand_b_ex_o_tag + tpr/sd_o_32,0,120,0.0,0.0
alu_operand_b_ex_o_tag + tcr/sd_o_32,0,120,0.0,0.0
rf_reg[15] + sd_o_5,0,120,0.0,0.0
rf_reg[15] + tpr/sd_o_32,0,120,0.0,0.0
rf_reg[15] + tcr/sd_o_32,0,120,0.0,0.0
rf_reg[16] + sd_o_5,0,120,0.0,0.0
rf_reg[16] + tpr/sd_o_32,0,120,0.0,0.0
rf_reg[16] + tcr/sd_o_32,0,120,0.0,0.0
rf_reg[17] + sd_o_5,0,120,0.0,0.0
rf_reg[17] + tpr/sd_o_32,0,120,0.0,0.0
rf_reg[17] + tcr/sd_o_32,0,120,0.0,0.0
rf_reg[18] + sd_o_5,0,120,0.0,0.0
rf_reg[18] + tpr/sd_o_32,0,120,0.0,0.0
rf_reg[18] + tcr/sd_o_32,0,120,0.0,0.0
rf_reg[19] + sd_o_5,0,120,0.0,0.0
rf_reg[19] + tpr/sd_o_32,0,120,0.0,0.0
rf_reg[19] + tcr/sd_o_32,0,120,0.0,0.0
rf_reg[20] + sd_o_5,0,120,0.0,0.0
rf_reg[20] + tpr/sd_o_32,0,120,0.0,0.0
rf_reg[20] + tcr/sd_o_32,0,120,0.0,0.0
rf_reg[21] + sd_o_5,0,120,0.0,0.0
rf_reg[21] + tpr/sd_o_32,0,120,0.0,0.0
rf_reg[21] + tcr/sd_o_32,0,120,0.0,0.0
rf_reg[22] + sd_o_5,0,120,0.0,0.0
rf_reg[22] + tpr/sd_o_32,0,120,0.0,0.0
rf_reg[22] + tcr/sd_o_32,0,120,0.0,0.0
rf_reg[23] + sd_o_5,0,120,0.0,0.0
alu_operand_c_ex_o_tag + sd_o_5,0,120,0.0,0.0
rf_reg[23] + tpr/sd_o_32,0,120,0.0,0.0
rf_reg[23] + tcr/sd_o_32,0,120,0.0,0.0
rf_reg[24] + sd_o_5,0,120,0.0,0.0
rf_reg[24] + tpr/sd_o_32,0,120,0.0,0.0
rf_reg[24] + tcr/sd_o_32,0,120,0.0,0.0
rf_reg[25] + sd_o_5,0,120,0.0,0.0
rf_reg[25] + tpr/sd_o_32,0,120,0.0,0.0
rf_reg[25] + tcr/sd_o_32,0,120,0.0,0.0
rf_reg[26] + sd_o_5,0,120,0.0,0.0
rf_reg[26] + tpr/sd_o_32,0,120,0.0,0.0
rf_reg[26] + tcr/sd_o_32,0,120,0.0,0.0
rf_reg[27] + sd_o_5,0,120,0.0,0.0
rf_reg[27] + tpr/sd_o_32,0,120,0.0,0.0
alu_operand_c_ex_o_tag + tpr/sd_o_32,0,120,0.0,0.0
rf_reg[27] + tcr/sd_o_32,0,120,0.0,0.0
rf_reg[28] + sd_o_5,0,120,0.0,0.0
rf_reg[28] + tpr/sd_o_32,0,120,0.0,0.0
rf_reg[28] + tcr/sd_o_32,0,120,0.0,0.0
rf_reg[29] + sd_o_5,0,120,0.0,0.0
rf_reg[29] + tpr/sd_o_32,0,120,0.0,0.0
rf_reg[29] + tcr/sd_o_32,0,120,0.0,0.0
rf_reg[30] + sd_o_5,0,120,0.0,0.0
rf_reg[30] + tpr/sd_o_32,0,120,0.0,0.0
rf_reg[30] + tcr/sd_o_32,0,120,0.0,0.0
rf_reg[31] + sd_o_5,0,120,0.0,0.0
rf_reg[31] + tpr/sd_o_32,0,120,0.0,0.0
rf_reg[31] + tcr/sd_o_32,0,120,0.0,0.0
rs1_o_tag + sd_o_5,0,120,0.0,0.0
alu_operand_c_ex_o_tag + tcr/sd_o_32,0,120,0.0,0.0
rs1_o_tag + tpr/sd_o_32,0,120,0.0,0.0
rs1_o_tag + tcr/sd_o_32,0,120,0.0,0.0
data_we_q_tag + sd_o_5,0,120,0.0,0.0
data_we_q_tag + tpr/sd_o_32,0,120,0.0,0.0
data_we_q_tag + tcr/sd_o_32,0,120,0.0,0.0
pc_id_o_tag + sd_o_5,0,120,0.0,0.0
sd_o_5 + sd_o_rf_tag,0,120,0.0,0.0
check_d_o_tag + sd_o_5,0,120,0.0,0.0
sd_o_rf_tag + tpr/sd_o_32,0,120,0.0,0.0
sd_o_rf_tag + tcr/sd_o_32,0,120,0.0,0.0
check_d_o_tag + tpr/sd_o_32,0,120,0.0,0.0
tcr/sd_o_32 + tpr/sd_o_32,0,120,0.0,0.0
check_d_o_tag + tcr/sd_o_32,0,120,0.0,0.0
check_s1_o_tag + sd_o_5,0,120,0.0,0.0
check_s1_o_tag + tpr/sd_o_32,0,120,0.0,0.0
check_s1_o_tag + tcr/sd_o_32,0,120,0.0,0.0
check_s2_o_tag + sd_o_5,0,120,0.0,0.0
check_s2_o_tag + tpr/sd_o_32,0,120,0.0,0.0
check_s2_o_tag + tcr/sd_o_32,0,120,0.0,0.0
is_store_post_o_tag + sd_o_5,0,120,0.0,0.0
is_store_post_o_tag + tpr/sd_o_32,0,120,0.0,0.0
is_store_post_o_tag + tcr/sd_o_32,0,120,0.0,0.0
memory_set_o_tag + sd_o_5,0,120,0.0,0.0
pc_id_o_tag + tpr/sd_o_32,0,120,0.0,0.0
pc_id_o_tag + tcr/sd_o_32,0,120,0.0,0.0
memory_set_o_tag + tpr/sd_o_32,0,120,0.0,0.0
memory_set_o_tag + tcr/sd_o_32,0,120,0.0,0.0
pc_if_o_tag + sd_o_5,0,120,0.0,0.0
pc_if_o_tag + tpr/sd_o_32,0,120,0.0,0.0
pc_if_o_tag + tcr/sd_o_32,0,120,0.0,0.0
register_set_o_tag + sd_o_5,0,120,0.0,0.0
alu_operand_a_ex_o_tag + sd_o_5,0,120,0.0,0.0
register_set_o_tag + tpr/sd_o_32,0,120,0.0,0.0
register_set_o_tag + tcr/sd_o_32,0,120,0.0,0.0
sd_o_5 + store_dest_addr_ex_o_tag,0,120,0.0,0.0
store_dest_addr_ex_o_tag + tpr/sd_o_32,0,120,0.0,0.0
store_dest_addr_ex_o_tag + tcr/sd_o_32,0,120,0.0,0.0
sd_o_5 + store_source_ex_o_tag,0,120,0.0,0.0
store_source_ex_o_tag + tpr/sd_o_32,0,120,0.0,0.0
store_source_ex_o_tag + tcr/sd_o_32,0,120,0.0,0.0
sd_o_5 + use_store_ops_ex_o,0,120,0.0,0.0
tpr/sd_o_32 + use_store_ops_ex_o,0,120,0.0,0.0
tcr/sd_o_32 + use_store_ops_ex_o,0,120,0.0,0.0
data_type_q_tag + sd_o_26,0,80,0.0,0.0
rdata_offset_q_tag + sd_o_26,0,80,0.0,0.0
sd_o_5 + tpr/sd_o_32,0,80,0.0,0.0
sd_o_5 + tcr/sd_o_32,0,80,0.0,0.0
if_stage/sd_o + use_store_ops_ex_o,0,80,0.0,0.0
if_stage/sd_o + rf_reg[0],0,80,0.0,0.0
if_stage/sd_o + rf_reg[1],0,80,0.0,0.0
if_stage/sd_o + rf_reg[2],0,80,0.0,0.0
if_stage/sd_o + rf_reg[3],0,80,0.0,0.0
if_stage/sd_o + rf_reg[4],0,80,0.0,0.0
if_stage/sd_o + rf_reg[5],0,80,0.0,0.0
if_stage/sd_o + rf_reg[6],0,80,0.0,0.0
if_stage/sd_o + rf_reg[7],0,80,0.0,0.0
if_stage/sd_o + rf_reg[8],0,80,0.0,0.0
alu_operand_b_ex_o_tag + if_stage/sd_o,0,80,0.0,0.0
if_stage/sd_o + rf_reg[9],0,80,0.0,0.0
if_stage/sd_o + rf_reg[10],0,80,0.0,0.0
if_stage/sd_o + rf_reg[11],0,80,0.0,0.0
if_stage/sd_o + rf_reg[12],0,80,0.0,0.0
if_stage/sd_o + rf_reg[13],0,80,0.0,0.0
if_stage/sd_o + rf_reg[14],0,80,0.0,0.0
if_stage/sd_o + rf_reg[15],0,80,0.0,0.0
if_stage/sd_o + rf_reg[16],0,80,0.0,0.0
if_stage/sd_o + rf_reg[17],0,80,0.0,0.0
if_stage/sd_o + rf_reg[18],0,80,0.0,0.0
if_stage/sd_o + rf_reg[19],0,80,0.0,0.0
if_stage/sd_o + rf_reg[20],0,80,0.0,0.0
alu_operand_c_ex_o_tag + if_stage/sd_o,0,80,0.0,0.0
if_stage/sd_o + rf_reg[21],0,80,0.0,0.0
if_stage/sd_o + rf_reg[22],0,80,0.0,0.0
if_stage/sd_o + rf_reg[23],0,80,0.0,0.0
if_stage/sd_o + rf_reg[24],0,80,0.0,0.0
if_stage/sd_o + rf_reg[25],0,80,0.0,0.0
if_stage/sd_o + rf_reg[26],0,80,0.0,0.0
if_stage/sd_o + rf_reg[27],0,80,0.0,0.0
if_stage/sd_o + rf_reg[28],0,80,0.0,0.0
if_stage/sd_o + rf_reg[29],0,80,0.0,0.0
if_stage/sd_o + rf_reg[30],0,80,0.0,0.0
if_stage/sd_o + rf_reg[31],0,80,0.0,0.0
if_stage/sd_o + rs1_o_tag,0,80,0.0,0.0
data_type_q_tag + id_stage/sd_o,0,80,0.0,0.0
data_type_q_tag + ex_stage/sd_o,0,80,0.0,0.0
data_type_q_tag + lsu/sd_o,0,80,0.0,0.0
data_we_q_tag + if_stage/sd_o,0,80,0.0,0.0
id_stage/sd_o + rdata_offset_q_tag,0,80,0.0,0.0
ex_stage/sd_o + rdata_offset_q_tag,0,80,0.0,0.0
if_stage/sd_o + pc_id_o_tag,0,80,0.0,0.0
lsu/sd_o + rdata_offset_q_tag,0,80,0.0,0.0
if_stage/sd_o + sd_o_rf_tag,0,80,0.0,0.0
ex_stage/hc_o + if_stage/sd_o,0,80,0.0,0.0
alu_operator_o_mode + ex_stage/sd_o,0,80,0.0,0.0
alu_operator_o_mode + lsu/sd_o,0,80,0.0,0.0
ex_stage/hc_o + id_stage/sd_o,0,80,0.0,0.0
check_d_o_tag + if_stage/sd_o,0,80,0.0,0.0
ex_stage/hc_o + sd_o_rf_tag,0,80,0.0,0.0
ex_stage/hc_o + ex_stage/sd_o,0,80,0.0,0.0
ex_stage/hc_o + tpr/sd_o_32,0,80,0.0,0.0
ex_stage/hc_o + tcr/sd_o_32,0,80,0.0,0.0
ex_stage/hc_o + lsu/sd_o,0,80,0.0,0.0
check_s1_o_tag + if_stage/sd_o,0,80,0.0,0.0
check_s2_o_tag + if_stage/sd_o,0,80,0.0,0.0
if_stage/sd_o + is_store_post_o_tag,0,80,0.0,0.0
if_stage/sd_o + memory_set_o_tag,0,80,0.0,0.0
if_stage/sd_o + pc_if_o_tag,0,80,0.0,0.0
alu_operand_a_ex_o_tag + if_stage/sd_o,0,80,0.0,0.0
if_stage/sd_o + register_set_o_tag,0,80,0.0,0.0
if_stage/sd_o + store_dest_addr_ex_o_tag,0,80,0.0,0.0
if_stage/sd_o + store_source_ex_o_tag,0,80,0.0,0.0
alu_operand_a_ex_o_tag + pc_if_o_tag/sd_o,0,80,0.0,0.0
alu_operand_a_ex_o_tag + pc_id_o_tag/sd_o,0,80,0.0,0.0
alu_operand_a_ex_o_tag + alu_operator_o_mode/sd_o,0,80,0.0,0.0
alu_operand_a_ex_o_tag + store_dest_addr_ex_o_tag/sd_o,0,80,0.0,0.0
alu_operand_a_ex_o_tag + store_source_ex_o_tag/sd_o,0,80,0.0,0.0
alu_operand_a_ex_o_tag + use_store_ops_ex_o/sd_o,0,80,0.0,0.0
alu_operand_a_ex_o_tag + alu_operand_a_ex_o_tag/sd_o,0,80,0.0,0.0
pc_if_o_tag/sd_o + register_set_o_tag,0,80,0.0,0.0
pc_id_o_tag/sd_o + register_set_o_tag,0,80,0.0,0.0
alu_operator_o_mode/sd_o + register_set_o_tag,0,80,0.0,0.0
register_set_o_tag + store_dest_addr_ex_o_tag/sd_o,0,80,0.0,0.0
register_set_o_tag + store_source_ex_o_tag/sd_o,0,80,0.0,0.0
register_set_o_tag + use_store_ops_ex_o/sd_o,0,80,0.0,0.0
alu_operand_a_ex_o_tag/sd_o + register_set_o_tag,0,80,0.0,0.0
alu_operand_b_ex_o_tag/sd_o + register_set_o_tag,0,80,0.0,0.0
alu_operand_c_ex_o_tag/sd_o + register_set_o_tag,0,80,0.0,0.0
check_s1_o_tag/sd_o + register_set_o_tag,0,80,0.0,0.0
check_s2_o_tag/sd_o + register_set_o_tag,0,80,0.0,0.0
check_d_o_tag/sd_o + register_set_o_tag,0,80,0.0,0.0
register_set_o_tag + register_set_o_tag/sd_o,0,80,0.0,0.0
is_store_post_o_tag/sd_o + register_set_o_tag,0,80,0.0,0.0
memory_set_o_tag/sd_o + register_set_o_tag,0,80,0.0,0.0
register_set_o_tag + rs1_o_tag/sd_o,0,80,0.0,0.0
data_we_q_tag/sd_o + register_set_o_tag,0,80,0.0,0.0
rdata_offset_q_tag/sd_o + register_set_o_tag,0,80,0.0,0.0
data_type_q_tag/sd_o + register_set_o_tag,0,80,0.0,0.0
rdata_q_tag/sd_o + register_set_o_tag,0,80,0.0,0.0
alu_operand_a_ex_o_tag + alu_operand_b_ex_o_tag/sd_o,0,80,0.0,0.0
alu_operand_a_ex_o_tag + alu_operand_c_ex_o_tag/sd_o,0,80,0.0,0.0
alu_operand_a_ex_o_tag + check_s1_o_tag/sd_o,0,80,0.0,0.0
alu_operand_a_ex_o_tag + check_s2_o_tag/sd_o,0,80,0.0,0.0
alu_operand_a_ex_o_tag + check_d_o_tag/sd_o,0,80,0.0,0.0
alu_operand_a_ex_o_tag + register_set_o_tag/sd_o,0,80,0.0,0.0
alu_operand_a_ex_o_tag + is_store_post_o_tag/sd_o,0,80,0.0,0.0
alu_operand_a_ex_o_tag + memory_set_o_tag/sd_o,0,80,0.0,0.0
pc_if_o_tag/sd_o + store_dest_addr_ex_o_tag,0,80,0.0,0.0
pc_id_o_tag/sd_o + store_dest_addr_ex_o_tag,0,80,0.0,0.0
alu_operator_o_mode/sd_o + store_dest_addr_ex_o_tag,0,80,0.0,0.0
store_dest_addr_ex_o_tag + store_dest_addr_ex_o_tag/sd_o,0,80,0.0,0.0
store_dest_addr_ex_o_tag + store_source_ex_o_tag/sd_o,0,80,0.0,0.0
store_dest_addr_ex_o_tag + use_store_ops_ex_o/sd_o,0,80,0.0,0.0
alu_operand_a_ex_o_tag/sd_o + store_dest_addr_ex_o_tag,0,80,0.0,0.0
alu_operand_b_ex_o_tag/sd_o + store_dest_addr_ex_o_tag,0,80,0.0,0.0
alu_operand_c_ex_o_tag/sd_o + store_dest_addr_ex_o_tag,0,80,0.0,0.0
check_s1_o_tag/sd_o + store_dest_addr_ex_o_tag,0,80,0.0,0.0
check_s2_o_tag/sd_o + store_dest_addr_ex_o_tag,0,80,0.0,0.0
check_d_o_tag/sd_o + store_dest_addr_ex_o_tag,0,80,0.0,0.0
register_set_o_tag/sd_o + store_dest_addr_ex_o_tag,0,80,0.0,0.0
is_store_post_o_tag/sd_o + store_dest_addr_ex_o_tag,0,80,0.0,0.0
memory_set_o_tag/sd_o + store_dest_addr_ex_o_tag,0,80,0.0,0.0
rs1_o_tag/sd_o + store_dest_addr_ex_o_tag,0,80,0.0,0.0
data_we_q_tag/sd_o + store_dest_addr_ex_o_tag,0,80,0.0,0.0
rdata_offset_q_tag/sd_o + store_dest_addr_ex_o_tag,0,80,0.0,0.0
data_type_q_tag/sd_o + store_dest_addr_ex_o_tag,0,80,0.0,0.0
rdata_q_tag/sd_o + store_dest_addr_ex_o_tag,0,80,0.0,0.0
pc_if_o_tag/sd_o + store_source_ex_o_tag,0,80,0.0,0.0
pc_id_o_tag/sd_o + store_source_ex_o_tag,0,80,0.0,0.0
alu_operator_o_mode/sd_o + store_source_ex_o_tag,0,80,0.0,0.0
store_dest_addr_ex_o_tag/sd_o + store_source_ex_o_tag,0,80,0.0,0.0
store_source_ex_o_tag + store_source_ex_o_tag/sd_o,0,80,0.0,0.0
store_source_ex_o_tag + use_store_ops_ex_o/sd_o,0,80,0.0,0.0
alu_operand_a_ex_o_tag/sd_o + store_source_ex_o_tag,0,80,0.0,0.0
alu_operand_b_ex_o_tag/sd_o + store_source_ex_o_tag,0,80,0.0,0.0
alu_operand_c_ex_o_tag/sd_o + store_source_ex_o_tag,0,80,0.0,0.0
check_s1_o_tag/sd_o + store_source_ex_o_tag,0,80,0.0,0.0
check_s2_o_tag/sd_o + store_source_ex_o_tag,0,80,0.0,0.0
check_d_o_tag/sd_o + store_source_ex_o_tag,0,80,0.0,0.0
register_set_o_tag/sd_o + store_source_ex_o_tag,0,80,0.0,0.0
is_store_post_o_tag/sd_o + store_source_ex_o_tag,0,80,0.0,0.0
memory_set_o_tag/sd_o + store_source_ex_o_tag,0,80,0.0,0.0
rs1_o_tag/sd_o + store_source_ex_o_tag,0,80,0.0,0.0
data_we_q_tag/sd_o + store_source_ex_o_tag,0,80,0.0,0.0
rdata_offset_q_tag/sd_o + store_source_ex_o_tag,0,80,0.0,0.0
data_type_q_tag/sd_o + store_source_ex_o_tag,0,80,0.0,0.0
rdata_q_tag/sd_o + store_source_ex_o_tag,0,80,0.0,0.0
pc_if_o_tag/sd_o + use_store_ops_ex_o,0,80,0.0,0.0
pc_id_o_tag/sd_o + use_store_ops_ex_o,0,80,0.0,0.0
alu_operator_o_mode/sd_o + use_store_ops_ex_o,0,80,0.0,0.0
store_dest_addr_ex_o_tag/sd_o + use_store_ops_ex_o,0,80,0.0,0.0
store_source_ex_o_tag/sd_o + use_store_ops_ex_o,0,80,0.0,0.0
use_store_ops_ex_o + use_store_ops_ex_o/sd_o,0,80,0.0,0.0
alu_operand_a_ex_o_tag/sd_o + use_store_ops_ex_o,0,80,0.0,0.0
alu_operand_b_ex_o_tag/sd_o + use_store_ops_ex_o,0,80,0.0,0.0
alu_operand_c_ex_o_tag/sd_o + use_store_ops_ex_o,0,80,0.0,0.0
check_s1_o_tag/sd_o + use_store_ops_ex_o,0,80,0.0,0.0
check_s2_o_tag/sd_o + use_store_ops_ex_o,0,80,0.0,0.0
check_d_o_tag/sd_o + use_store_ops_ex_o,0,80,0.0,0.0
register_set_o_tag/sd_o + use_store_ops_ex_o,0,80,0.0,0.0
is_store_post_o_tag/sd_o + use_store_ops_ex_o,0,80,0.0,0.0
memory_set_o_tag/sd_o + use_store_ops_ex_o,0,80,0.0,0.0
rs1_o_tag/sd_o + use_store_ops_ex_o,0,80,0.0,0.0
alu_operand_a_ex_o_tag + rs1_o_tag/sd_o,0,80,0.0,0.0
alu_operand_a_ex_o_tag + data_we_q_tag/sd_o,0,80,0.0,0.0
data_we_q_tag/sd_o + use_store_ops_ex_o,0,80,0.0,0.0
rdata_offset_q_tag/sd_o + use_store_ops_ex_o,0,80,0.0,0.0
data_type_q_tag/sd_o + use_store_ops_ex_o,0,80,0.0,0.0
rdata_q_tag/sd_o + use_store_ops_ex_o,0,80,0.0,0.0
pc_if_o_tag/sd_o + rf_reg[0],0,80,0.0,0.0
pc_id_o_tag/sd_o + rf_reg[0],0,80,0.0,0.0
alu_operator_o_mode/sd_o + rf_reg[0],0,80,0.0,0.0
rf_reg[0] + store_dest_addr_ex_o_tag/sd_o,0,80,0.0,0.0
rf_reg[0] + store_source_ex_o_tag/sd_o,0,80,0.0,0.0
rf_reg[0] + use_store_ops_ex_o/sd_o,0,80,0.0,0.0
alu_operand_a_ex_o_tag/sd_o + rf_reg[0],0,80,0.0,0.0
alu_operand_b_ex_o_tag/sd_o + rf_reg[0],0,80,0.0,0.0
alu_operand_c_ex_o_tag/sd_o + rf_reg[0],0,80,0.0,0.0
check_s1_o_tag/sd_o + rf_reg[0],0,80,0.0,0.0
check_s2_o_tag/sd_o + rf_reg[0],0,80,0.0,0.0
check_d_o_tag/sd_o + rf_reg[0],0,80,0.0,0.0
register_set_o_tag/sd_o + rf_reg[0],0,80,0.0,0.0
is_store_post_o_tag/sd_o + rf_reg[0],0,80,0.0,0.0
memory_set_o_tag/sd_o + rf_reg[0],0,80,0.0,0.0
rf_reg[0] + rs1_o_tag/sd_o,0,80,0.0,0.0
data_we_q_tag/sd_o + rf_reg[0],0,80,0.0,0.0
rdata_offset_q_tag/sd_o + rf_reg[0],0,80,0.0,0.0
data_type_q_tag/sd_o + rf_reg[0],0,80,0.0,0.0
rdata_q_tag/sd_o + rf_reg[0],0,80,0.0,0.0
pc_if_o_tag/sd_o + rf_reg[1],0,80,0.0,0.0
pc_id_o_tag/sd_o + rf_reg[1],0,80,0.0,0.0
alu_operator_o_mode/sd_o + rf_reg[1],0,80,0.0,0.0
rf_reg[1] + store_dest_addr_ex_o_tag/sd_o,0,80,0.0,0.0
rf_reg[1] + store_source_ex_o_tag/sd_o,0,80,0.0,0.0
rf_reg[1] + use_store_ops_ex_o/sd_o,0,80,0.0,0.0
alu_operand_a_ex_o_tag/sd_o + rf_reg[1],0,80,0.0,0.0
alu_operand_b_ex_o_tag/sd_o + rf_reg[1],0,80,0.0,0.0
alu_operand_c_ex_o_tag/sd_o + rf_reg[1],0,80,0.0,0.0
check_s1_o_tag/sd_o + rf_reg[1],0,80,0.0,0.0
check_s2_o_tag/sd_o + rf_reg[1],0,80,0.0,0.0
check_d_o_tag/sd_o + rf_reg[1],0,80,0.0,0.0
register_set_o_tag/sd_o + rf_reg[1],0,80,0.0,0.0
is_store_post_o_tag/sd_o + rf_reg[1],0,80,0.0,0.0
memory_set_o_tag/sd_o + rf_reg[1],0,80,0.0,0.0
rf_reg[1] + rs1_o_tag/sd_o,0,80,0.0,0.0
data_we_q_tag/sd_o + rf_reg[1],0,80,0.0,0.0
rdata_offset_q_tag/sd_o + rf_reg[1],0,80,0.0,0.0
data_type_q_tag/sd_o + rf_reg[1],0,80,0.0,0.0
rdata_q_tag/sd_o + rf_reg[1],0,80,0.0,0.0
pc_if_o_tag/sd_o + rf_reg[2],0,80,0.0,0.0
pc_id_o_tag/sd_o + rf_reg[2],0,80,0.0,0.0
alu_operator_o_mode/sd_o + rf_reg[2],0,80,0.0,0.0
rf_reg[2] + store_dest_addr_ex_o_tag/sd_o,0,80,0.0,0.0
rf_reg[2] + store_source_ex_o_tag/sd_o,0,80,0.0,0.0
rf_reg[2] + use_store_ops_ex_o/sd_o,0,80,0.0,0.0
alu_operand_a_ex_o_tag/sd_o + rf_reg[2],0,80,0.0,0.0
alu_operand_b_ex_o_tag/sd_o + rf_reg[2],0,80,0.0,0.0
alu_operand_c_ex_o_tag/sd_o + rf_reg[2],0,80,0.0,0.0
check_s1_o_tag/sd_o + rf_reg[2],0,80,0.0,0.0
check_s2_o_tag/sd_o + rf_reg[2],0,80,0.0,0.0
check_d_o_tag/sd_o + rf_reg[2],0,80,0.0,0.0
register_set_o_tag/sd_o + rf_reg[2],0,80,0.0,0.0
is_store_post_o_tag/sd_o + rf_reg[2],0,80,0.0,0.0
alu_operand_a_ex_o_tag + rdata_offset_q_tag/sd_o,0,80,0.0,0.0
alu_operand_a_ex_o_tag + data_type_q_tag/sd_o,0,80,0.0,0.0
alu_operand_a_ex_o_tag + rdata_q_tag/sd_o,0,80,0.0,0.0
memory_set_o_tag/sd_o + rf_reg[2],0,80,0.0,0.0
rf_reg[2] + rs1_o_tag/sd_o,0,80,0.0,0.0
data_we_q_tag/sd_o + rf_reg[2],0,80,0.0,0.0
rdata_offset_q_tag/sd_o + rf_reg[2],0,80,0.0,0.0
data_type_q_tag/sd_o + rf_reg[2],0,80,0.0,0.0
rdata_q_tag/sd_o + rf_reg[2],0,80,0.0,0.0
pc_if_o_tag/sd_o + rf_reg[3],0,80,0.0,0.0
pc_id_o_tag/sd_o + rf_reg[3],0,80,0.0,0.0
alu_operator_o_mode/sd_o + rf_reg[3],0,80,0.0,0.0
rf_reg[3] + store_dest_addr_ex_o_tag/sd_o,0,80,0.0,0.0
rf_reg[3] + store_source_ex_o_tag/sd_o,0,80,0.0,0.0
rf_reg[3] + use_store_ops_ex_o/sd_o,0,80,0.0,0.0
alu_operand_a_ex_o_tag/sd_o + rf_reg[3],0,80,0.0,0.0
alu_operand_b_ex_o_tag/sd_o + rf_reg[3],0,80,0.0,0.0
alu_operand_c_ex_o_tag/sd_o + rf_reg[3],0,80,0.0,0.0
check_s1_o_tag/sd_o + rf_reg[3],0,80,0.0,0.0
check_s2_o_tag/sd_o + rf_reg[3],0,80,0.0,0.0
check_d_o_tag/sd_o + rf_reg[3],0,80,0.0,0.0
register_set_o_tag/sd_o + rf_reg[3],0,80,0.0,0.0
is_store_post_o_tag/sd_o + rf_reg[3],0,80,0.0,0.0
memory_set_o_tag/sd_o + rf_reg[3],0,80,0.0,0.0
rf_reg[3] + rs1_o_tag/sd_o,0,80,0.0,0.0
data_we_q_tag/sd_o + rf_reg[3],0,80,0.0,0.0
rdata_offset_q_tag/sd_o + rf_reg[3],0,80,0.0,0.0
data_type_q_tag/sd_o + rf_reg[3],0,80,0.0,0.0
rdata_q_tag/sd_o + rf_reg[3],0,80,0.0,0.0
pc_if_o_tag/sd_o + rf_reg[4],0,80,0.0,0.0
pc_id_o_tag/sd_o + rf_reg[4],0,80,0.0,0.0
alu_operator_o_mode/sd_o + rf_reg[4],0,80,0.0,0.0
rf_reg[4] + store_dest_addr_ex_o_tag/sd_o,0,80,0.0,0.0
rf_reg[4] + store_source_ex_o_tag/sd_o,0,80,0.0,0.0
rf_reg[4] + use_store_ops_ex_o/sd_o,0,80,0.0,0.0
alu_operand_a_ex_o_tag/sd_o + rf_reg[4],0,80,0.0,0.0
alu_operand_b_ex_o_tag/sd_o + rf_reg[4],0,80,0.0,0.0
alu_operand_c_ex_o_tag/sd_o + rf_reg[4],0,80,0.0,0.0
check_s1_o_tag/sd_o + rf_reg[4],0,80,0.0,0.0
check_s2_o_tag/sd_o + rf_reg[4],0,80,0.0,0.0
check_d_o_tag/sd_o + rf_reg[4],0,80,0.0,0.0
register_set_o_tag/sd_o + rf_reg[4],0,80,0.0,0.0
is_store_post_o_tag/sd_o + rf_reg[4],0,80,0.0,0.0
memory_set_o_tag/sd_o + rf_reg[4],0,80,0.0,0.0
rf_reg[4] + rs1_o_tag/sd_o,0,80,0.0,0.0
data_we_q_tag/sd_o + rf_reg[4],0,80,0.0,0.0
rdata_offset_q_tag/sd_o + rf_reg[4],0,80,0.0,0.0
data_type_q_tag/sd_o + rf_reg[4],0,80,0.0,0.0
rdata_q_tag/sd_o + rf_reg[4],0,80,0.0,0.0
alu_operand_b_ex_o_tag + pc_if_o_tag/sd_o,0,80,0.0,0.0
alu_operand_b_ex_o_tag + pc_id_o_tag/sd_o,0,80,0.0,0.0
pc_if_o_tag/sd_o + rf_reg[5],0,80,0.0,0.0
pc_id_o_tag/sd_o + rf_reg[5],0,80,0.0,0.0
alu_operator_o_mode/sd_o + rf_reg[5],0,80,0.0,0.0
rf_reg[5] + store_dest_addr_ex_o_tag/sd_o,0,80,0.0,0.0
rf_reg[5] + store_source_ex_o_tag/sd_o,0,80,0.0,0.0
rf_reg[5] + use_store_ops_ex_o/sd_o,0,80,0.0,0.0
alu_operand_a_ex_o_tag/sd_o + rf_reg[5],0,80,0.0,0.0
alu_operand_b_ex_o_tag/sd_o + rf_reg[5],0,80,0.0,0.0
alu_operand_c_ex_o_tag/sd_o + rf_reg[5],0,80,0.0,0.0
check_s1_o_tag/sd_o + rf_reg[5],0,80,0.0,0.0
check_s2_o_tag/sd_o + rf_reg[5],0,80,0.0,0.0
check_d_o_tag/sd_o + rf_reg[5],0,80,0.0,0.0
register_set_o_tag/sd_o + rf_reg[5],0,80,0.0,0.0
is_store_post_o_tag/sd_o + rf_reg[5],0,80,0.0,0.0
memory_set_o_tag/sd_o + rf_reg[5],0,80,0.0,0.0
rf_reg[5] + rs1_o_tag/sd_o,0,80,0.0,0.0
data_we_q_tag/sd_o + rf_reg[5],0,80,0.0,0.0
rdata_offset_q_tag/sd_o + rf_reg[5],0,80,0.0,0.0
data_type_q_tag/sd_o + rf_reg[5],0,80,0.0,0.0
rdata_q_tag/sd_o + rf_reg[5],0,80,0.0,0.0
pc_if_o_tag/sd_o + rf_reg[6],0,80,0.0,0.0
pc_id_o_tag/sd_o + rf_reg[6],0,80,0.0,0.0
alu_operator_o_mode/sd_o + rf_reg[6],0,80,0.0,0.0
rf_reg[6] + store_dest_addr_ex_o_tag/sd_o,0,80,0.0,0.0
rf_reg[6] + store_source_ex_o_tag/sd_o,0,80,0.0,0.0
rf_reg[6] + use_store_ops_ex_o/sd_o,0,80,0.0,0.0
alu_operand_a_ex_o_tag/sd_o + rf_reg[6],0,80,0.0,0.0
alu_operand_b_ex_o_tag/sd_o + rf_reg[6],0,80,0.0,0.0
alu_operand_c_ex_o_tag/sd_o + rf_reg[6],0,80,0.0,0.0
check_s1_o_tag/sd_o + rf_reg[6],0,80,0.0,0.0
check_s2_o_tag/sd_o + rf_reg[6],0,80,0.0,0.0
check_d_o_tag/sd_o + rf_reg[6],0,80,0.0,0.0
register_set_o_tag/sd_o + rf_reg[6],0,80,0.0,0.0
is_store_post_o_tag/sd_o + rf_reg[6],0,80,0.0,0.0
memory_set_o_tag/sd_o + rf_reg[6],0,80,0.0,0.0
rf_reg[6] + rs1_o_tag/sd_o,0,80,0.0,0.0
data_we_q_tag/sd_o + rf_reg[6],0,80,0.0,0.0
rdata_offset_q_tag/sd_o + rf_reg[6],0,80,0.0,0.0
data_type_q_tag/sd_o + rf_reg[6],0,80,0.0,0.0
rdata_q_tag/sd_o + rf_reg[6],0,80,0.0,0.0
pc_if_o_tag/sd_o + rf_reg[7],0,80,0.0,0.0
pc_id_o_tag/sd_o + rf_reg[7],0,80,0.0,0.0
alu_operator_o_mode/sd_o + rf_reg[7],0,80,0.0,0.0
rf_reg[7] + store_dest_addr_ex_o_tag/sd_o,0,80,0.0,0.0
rf_reg[7] + store_source_ex_o_tag/sd_o,0,80,0.0,0.0
rf_reg[7] + use_store_ops_ex_o/sd_o,0,80,0.0,0.0
alu_operand_a_ex_o_tag/sd_o + rf_reg[7],0,80,0.0,0.0
alu_operand_b_ex_o_tag/sd_o + rf_reg[7],0,80,0.0,0.0
alu_operand_c_ex_o_tag/sd_o + rf_reg[7],0,80,0.0,0.0
check_s1_o_tag/sd_o + rf_reg[7],0,80,0.0,0.0
check_s2_o_tag/sd_o + rf_reg[7],0,80,0.0,0.0
check_d_o_tag/sd_o + rf_reg[7],0,80,0.0,0.0
register_set_o_tag/sd_o + rf_reg[7],0,80,0.0,0.0
is_store_post_o_tag/sd_o + rf_reg[7],0,80,0.0,0.0
memory_set_o_tag/sd_o + rf_reg[7],0,80,0.0,0.0
rf_reg[7] + rs1_o_tag/sd_o,0,80,0.0,0.0
data_we_q_tag/sd_o + rf_reg[7],0,80,0.0,0.0
alu_operand_b_ex_o_tag + alu_operator_o_mode/sd_o,0,80,0.0,0.0
alu_operand_b_ex_o_tag + store_dest_addr_ex_o_tag/sd_o,0,80,0.0,0.0
alu_operand_b_ex_o_tag + store_source_ex_o_tag/sd_o,0,80,0.0,0.0
alu_operand_b_ex_o_tag + use_store_ops_ex_o/sd_o,0,80,0.0,0.0
alu_operand_a_ex_o_tag/sd_o + alu_operand_b_ex_o_tag,0,80,0.0,0.0
alu_operand_b_ex_o_tag + alu_operand_b_ex_o_tag/sd_o,0,80,0.0,0.0
alu_operand_b_ex_o_tag + alu_operand_c_ex_o_tag/sd_o,0,80,0.0,0.0
alu_operand_b_ex_o_tag + check_s1_o_tag/sd_o,0,80,0.0,0.0
alu_operand_b_ex_o_tag + check_s2_o_tag/sd_o,0,80,0.0,0.0
alu_operand_b_ex_o_tag + check_d_o_tag/sd_o,0,80,0.0,0.0
alu_operand_b_ex_o_tag + register_set_o_tag/sd_o,0,80,0.0,0.0
alu_operand_b_ex_o_tag + is_store_post_o_tag/sd_o,0,80,0.0,0.0
alu_operand_b_ex_o_tag + memory_set_o_tag/sd_o,0,80,0.0,0.0
rdata_offset_q_tag/sd_o + rf_reg[7],0,80,0.0,0.0
data_type_q_tag/sd_o + rf_reg[7],0,80,0.0,0.0
rdata_q_tag/sd_o + rf_reg[7],0,80,0.0,0.0
pc_if_o_tag/sd_o + rf_reg[8],0,80,0.0,0.0
pc_id_o_tag/sd_o + rf_reg[8],0,80,0.0,0.0
alu_operator_o_mode/sd_o + rf_reg[8],0,80,0.0,0.0
rf_reg[8] + store_dest_addr_ex_o_tag/sd_o,0,80,0.0,0.0
rf_reg[8] + store_source_ex_o_tag/sd_o,0,80,0.0,0.0
rf_reg[8] + use_store_ops_ex_o/sd_o,0,80,0.0,0.0
alu_operand_a_ex_o_tag/sd_o + rf_reg[8],0,80,0.0,0.0
alu_operand_b_ex_o_tag/sd_o + rf_reg[8],0,80,0.0,0.0
alu_operand_c_ex_o_tag/sd_o + rf_reg[8],0,80,0.0,0.0
check_s1_o_tag/sd_o + rf_reg[8],0,80,0.0,0.0
check_s2_o_tag/sd_o + rf_reg[8],0,80,0.0,0.0
check_d_o_tag/sd_o + rf_reg[8],0,80,0.0,0.0
register_set_o_tag/sd_o + rf_reg[8],0,80,0.0,0.0
is_store_post_o_tag/sd_o + rf_reg[8],0,80,0.0,0.0
memory_set_o_tag/sd_o + rf_reg[8],0,80,0.0,0.0
rf_reg[8] + rs1_o_tag/sd_o,0,80,0.0,0.0
data_we_q_tag/sd_o + rf_reg[8],0,80,0.0,0.0
rdata_offset_q_tag/sd_o + rf_reg[8],0,80,0.0,0.0
data_type_q_tag/sd_o + rf_reg[8],0,80,0.0,0.0
rdata_q_tag/sd_o + rf_reg[8],0,80,0.0,0.0
pc_if_o_tag/sd_o + rf_reg[9],0,80,0.0,0.0
pc_id_o_tag/sd_o + rf_reg[9],0,80,0.0,0.0
alu_operator_o_mode/sd_o + rf_reg[9],0,80,0.0,0.0
rf_reg[9] + store_dest_addr_ex_o_tag/sd_o,0,80,0.0,0.0
rf_reg[9] + store_source_ex_o_tag/sd_o,0,80,0.0,0.0
rf_reg[9] + use_store_ops_ex_o/sd_o,0,80,0.0,0.0
alu_operand_a_ex_o_tag/sd_o + rf_reg[9],0,80,0.0,0.0
alu_operand_b_ex_o_tag/sd_o + rf_reg[9],0,80,0.0,0.0
alu_operand_c_ex_o_tag/sd_o + rf_reg[9],0,80,0.0,0.0
check_s1_o_tag/sd_o + rf_reg[9],0,80,0.0,0.0
check_s2_o_tag/sd_o + rf_reg[9],0,80,0.0,0.0
check_d_o_tag/sd_o + rf_reg[9],0,80,0.0,0.0
register_set_o_tag/sd_o + rf_reg[9],0,80,0.0,0.0
is_store_post_o_tag/sd_o + rf_reg[9],0,80,0.0,0.0
memory_set_o_tag/sd_o + rf_reg[9],0,80,0.0,0.0
rf_reg[9] + rs1_o_tag/sd_o,0,80,0.0,0.0
data_we_q_tag/sd_o + rf_reg[9],0,80,0.0,0.0
rdata_offset_q_tag/sd_o + rf_reg[9],0,80,0.0,0.0
data_type_q_tag/sd_o + rf_reg[9],0,80,0.0,0.0
rdata_q_tag/sd_o + rf_reg[9],0,80,0.0,0.0
pc_if_o_tag/sd_o + rf_reg[10],0,80,0.0,0.0
pc_id_o_tag/sd_o + rf_reg[10],0,80,0.0,0.0
alu_operator_o_mode/sd_o + rf_reg[10],0,80,0.0,0.0
rf_reg[10] + store_dest_addr_ex_o_tag/sd_o,0,80,0.0,0.0
rf_reg[10] + store_source_ex_o_tag/sd_o,0,80,0.0,0.0
rf_reg[10] + use_store_ops_ex_o/sd_o,0,80,0.0,0.0
alu_operand_a_ex_o_tag/sd_o + rf_reg[10],0,80,0.0,0.0
alu_operand_b_ex_o_tag/sd_o + rf_reg[10],0,80,0.0,0.0
alu_operand_c_ex_o_tag/sd_o + rf_reg[10],0,80,0.0,0.0
check_s1_o_tag/sd_o + rf_reg[10],0,80,0.0,0.0
check_s2_o_tag/sd_o + rf_reg[10],0,80,0.0,0.0
check_d_o_tag/sd_o + rf_reg[10],0,80,0.0,0.0
register_set_o_tag/sd_o + rf_reg[10],0,80,0.0,0.0
is_store_post_o_tag/sd_o + rf_reg[10],0,80,0.0,0.0
memory_set_o_tag/sd_o + rf_reg[10],0,80,0.0,0.0
alu_operand_b_ex_o_tag + rs1_o_tag/sd_o,0,80,0.0,0.0
rf_reg[10] + rs1_o_tag/sd_o,0,80,0.0,0.0
data_we_q_tag/sd_o + rf_reg[10],0,80,0.0,0.0
rdata_offset_q_tag/sd_o + rf_reg[10],0,80,0.0,0.0
data_type_q_tag/sd_o + rf_reg[10],0,80,0.0,0.0
rdata_q_tag/sd_o + rf_reg[10],0,80,0.0,0.0
pc_if_o_tag/sd_o + rf_reg[11],0,80,0.0,0.0
pc_id_o_tag/sd_o + rf_reg[11],0,80,0.0,0.0
alu_operator_o_mode/sd_o + rf_reg[11],0,80,0.0,0.0
rf_reg[11] + store_dest_addr_ex_o_tag/sd_o,0,80,0.0,0.0
rf_reg[11] + store_source_ex_o_tag/sd_o,0,80,0.0,0.0
rf_reg[11] + use_store_ops_ex_o/sd_o,0,80,0.0,0.0
alu_operand_a_ex_o_tag/sd_o + rf_reg[11],0,80,0.0,0.0
alu_operand_b_ex_o_tag/sd_o + rf_reg[11],0,80,0.0,0.0
alu_operand_c_ex_o_tag/sd_o + rf_reg[11],0,80,0.0,0.0
check_s1_o_tag/sd_o + rf_reg[11],0,80,0.0,0.0
check_s2_o_tag/sd_o + rf_reg[11],0,80,0.0,0.0
check_d_o_tag/sd_o + rf_reg[11],0,80,0.0,0.0
register_set_o_tag/sd_o + rf_reg[11],0,80,0.0,0.0
is_store_post_o_tag/sd_o + rf_reg[11],0,80,0.0,0.0
memory_set_o_tag/sd_o + rf_reg[11],0,80,0.0,0.0
rf_reg[11] + rs1_o_tag/sd_o,0,80,0.0,0.0
data_we_q_tag/sd_o + rf_reg[11],0,80,0.0,0.0
rdata_offset_q_tag/sd_o + rf_reg[11],0,80,0.0,0.0
data_type_q_tag/sd_o + rf_reg[11],0,80,0.0,0.0
rdata_q_tag/sd_o + rf_reg[11],0,80,0.0,0.0
pc_if_o_tag/sd_o + rf_reg[12],0,80,0.0,0.0
pc_id_o_tag/sd_o + rf_reg[12],0,80,0.0,0.0
alu_operator_o_mode/sd_o + rf_reg[12],0,80,0.0,0.0
rf_reg[12] + store_dest_addr_ex_o_tag/sd_o,0,80,0.0,0.0
rf_reg[12] + store_source_ex_o_tag/sd_o,0,80,0.0,0.0
rf_reg[12] + use_store_ops_ex_o/sd_o,0,80,0.0,0.0
alu_operand_a_ex_o_tag/sd_o + rf_reg[12],0,80,0.0,0.0
alu_operand_b_ex_o_tag/sd_o + rf_reg[12],0,80,0.0,0.0
alu_operand_c_ex_o_tag/sd_o + rf_reg[12],0,80,0.0,0.0
check_s1_o_tag/sd_o + rf_reg[12],0,80,0.0,0.0
check_s2_o_tag/sd_o + rf_reg[12],0,80,0.0,0.0
check_d_o_tag/sd_o + rf_reg[12],0,80,0.0,0.0
register_set_o_tag/sd_o + rf_reg[12],0,80,0.0,0.0
is_store_post_o_tag/sd_o + rf_reg[12],0,80,0.0,0.0
memory_set_o_tag/sd_o + rf_reg[12],0,80,0.0,0.0
rf_reg[12] + rs1_o_tag/sd_o,0,80,0.0,0.0
data_we_q_tag/sd_o + rf_reg[12],0,80,0.0,0.0
rdata_offset_q_tag/sd_o + rf_reg[12],0,80,0.0,0.0
data_type_q_tag/sd_o + rf_reg[12],0,80,0.0,0.0
rdata_q_tag/sd_o + rf_reg[12],0,80,0.0,0.0
pc_if_o_tag/sd_o + rf_reg[13],0,80,0.0,0.0
pc_id_o_tag/sd_o + rf_reg[13],0,80,0.0,0.0
alu_operator_o_mode/sd_o + rf_reg[13],0,80,0.0,0.0
rf_reg[13] + store_dest_addr_ex_o_tag/sd_o,0,80,0.0,0.0
rf_reg[13] + store_source_ex_o_tag/sd_o,0,80,0.0,0.0
rf_reg[13] + use_store_ops_ex_o/sd_o,0,80,0.0,0.0
alu_operand_a_ex_o_tag/sd_o + rf_reg[13],0,80,0.0,0.0
alu_operand_b_ex_o_tag/sd_o + rf_reg[13],0,80,0.0,0.0
alu_operand_c_ex_o_tag/sd_o + rf_reg[13],0,80,0.0,0.0
check_s1_o_tag/sd_o + rf_reg[13],0,80,0.0,0.0
check_s2_o_tag/sd_o + rf_reg[13],0,80,0.0,0.0
check_d_o_tag/sd_o + rf_reg[13],0,80,0.0,0.0
register_set_o_tag/sd_o + rf_reg[13],0,80,0.0,0.0
is_store_post_o_tag/sd_o + rf_reg[13],0,80,0.0,0.0
memory_set_o_tag/sd_o + rf_reg[13],0,80,0.0,0.0
alu_operand_b_ex_o_tag + data_we_q_tag/sd_o,0,80,0.0,0.0
alu_operand_b_ex_o_tag + rdata_offset_q_tag/sd_o,0,80,0.0,0.0
alu_operand_b_ex_o_tag + data_type_q_tag/sd_o,0,80,0.0,0.0
alu_operand_b_ex_o_tag + rdata_q_tag/sd_o,0,80,0.0,0.0
rf_reg[13] + rs1_o_tag/sd_o,0,80,0.0,0.0
data_we_q_tag/sd_o + rf_reg[13],0,80,0.0,0.0
rdata_offset_q_tag/sd_o + rf_reg[13],0,80,0.0,0.0
data_type_q_tag/sd_o + rf_reg[13],0,80,0.0,0.0
rdata_q_tag/sd_o + rf_reg[13],0,80,0.0,0.0
pc_if_o_tag/sd_o + rf_reg[14],0,80,0.0,0.0
pc_id_o_tag/sd_o + rf_reg[14],0,80,0.0,0.0
alu_operator_o_mode/sd_o + rf_reg[14],0,80,0.0,0.0
rf_reg[14] + store_dest_addr_ex_o_tag/sd_o,0,80,0.0,0.0
rf_reg[14] + store_source_ex_o_tag/sd_o,0,80,0.0,0.0
rf_reg[14] + use_store_ops_ex_o/sd_o,0,80,0.0,0.0
alu_operand_a_ex_o_tag/sd_o + rf_reg[14],0,80,0.0,0.0
alu_operand_b_ex_o_tag/sd_o + rf_reg[14],0,80,0.0,0.0
alu_operand_c_ex_o_tag/sd_o + rf_reg[14],0,80,0.0,0.0
check_s1_o_tag/sd_o + rf_reg[14],0,80,0.0,0.0
check_s2_o_tag/sd_o + rf_reg[14],0,80,0.0,0.0
check_d_o_tag/sd_o + rf_reg[14],0,80,0.0,0.0
register_set_o_tag/sd_o + rf_reg[14],0,80,0.0,0.0
is_store_post_o_tag/sd_o + rf_reg[14],0,80,0.0,0.0
memory_set_o_tag/sd_o + rf_reg[14],0,80,0.0,0.0
rf_reg[14] + rs1_o_tag/sd_o,0,80,0.0,0.0
data_we_q_tag/sd_o + rf_reg[14],0,80,0.0,0.0
rdata_offset_q_tag/sd_o + rf_reg[14],0,80,0.0,0.0
data_type_q_tag/sd_o + rf_reg[14],0,80,0.0,0.0
rdata_q_tag/sd_o + rf_reg[14],0,80,0.0,0.0
pc_if_o_tag/sd_o + rf_reg[15],0,80,0.0,0.0
pc_id_o_tag/sd_o + rf_reg[15],0,80,0.0,0.0
alu_operator_o_mode/sd_o + rf_reg[15],0,80,0.0,0.0
rf_reg[15] + store_dest_addr_ex_o_tag/sd_o,0,80,0.0,0.0
rf_reg[15] + store_source_ex_o_tag/sd_o,0,80,0.0,0.0
rf_reg[15] + use_store_ops_ex_o/sd_o,0,80,0.0,0.0
alu_operand_a_ex_o_tag/sd_o + rf_reg[15],0,80,0.0,0.0
alu_operand_b_ex_o_tag/sd_o + rf_reg[15],0,80,0.0,0.0
alu_operand_c_ex_o_tag/sd_o + rf_reg[15],0,80,0.0,0.0
check_s1_o_tag/sd_o + rf_reg[15],0,80,0.0,0.0
check_s2_o_tag/sd_o + rf_reg[15],0,80,0.0,0.0
check_d_o_tag/sd_o + rf_reg[15],0,80,0.0,0.0
register_set_o_tag/sd_o + rf_reg[15],0,80,0.0,0.0
is_store_post_o_tag/sd_o + rf_reg[15],0,80,0.0,0.0
memory_set_o_tag/sd_o + rf_reg[15],0,80,0.0,0.0
rf_reg[15] + rs1_o_tag/sd_o,0,80,0.0,0.0
data_we_q_tag/sd_o + rf_reg[15],0,80,0.0,0.0
rdata_offset_q_tag/sd_o + rf_reg[15],0,80,0.0,0.0
data_type_q_tag/sd_o + rf_reg[15],0,80,0.0,0.0
rdata_q_tag/sd_o + rf_reg[15],0,80,0.0,0.0
pc_if_o_tag/sd_o + rf_reg[16],0,80,0.0,0.0
pc_id_o_tag/sd_o + rf_reg[16],0,80,0.0,0.0
alu_operator_o_mode/sd_o + rf_reg[16],0,80,0.0,0.0
rf_reg[16] + store_dest_addr_ex_o_tag/sd_o,0,80,0.0,0.0
rf_reg[16] + store_source_ex_o_tag/sd_o,0,80,0.0,0.0
rf_reg[16] + use_store_ops_ex_o/sd_o,0,80,0.0,0.0
alu_operand_a_ex_o_tag/sd_o + rf_reg[16],0,80,0.0,0.0
alu_operand_b_ex_o_tag/sd_o + rf_reg[16],0,80,0.0,0.0
alu_operand_c_ex_o_tag/sd_o + rf_reg[16],0,80,0.0,0.0
check_s1_o_tag/sd_o + rf_reg[16],0,80,0.0,0.0
check_s2_o_tag/sd_o + rf_reg[16],0,80,0.0,0.0
check_d_o_tag/sd_o + rf_reg[16],0,80,0.0,0.0
register_set_o_tag/sd_o + rf_reg[16],0,80,0.0,0.0
is_store_post_o_tag/sd_o + rf_reg[16],0,80,0.0,0.0
memory_set_o_tag/sd_o + rf_reg[16],0,80,0.0,0.0
rf_reg[16] + rs1_o_tag/sd_o,0,80,0.0,0.0
data_we_q_tag/sd_o + rf_reg[16],0,80,0.0,0.0
rdata_offset_q_tag/sd_o + rf_reg[16],0,80,0.0,0.0
data_type_q_tag/sd_o + rf_reg[16],0,80,0.0,0.0
rdata_q_tag/sd_o + rf_reg[16],0,80,0.0,0.0
pc_if_o_tag/sd_o + rf_reg[17],0,80,0.0,0.0
pc_id_o_tag/sd_o + rf_reg[17],0,80,0.0,0.0
alu_operator_o_mode/sd_o + rf_reg[17],0,80,0.0,0.0
rf_reg[17] + store_dest_addr_ex_o_tag/sd_o,0,80,0.0,0.0
rf_reg[17] + store_source_ex_o_tag/sd_o,0,80,0.0,0.0
rf_reg[17] + use_store_ops_ex_o/sd_o,0,80,0.0,0.0
alu_operand_a_ex_o_tag/sd_o + rf_reg[17],0,80,0.0,0.0
alu_operand_b_ex_o_tag/sd_o + rf_reg[17],0,80,0.0,0.0
alu_operand_c_ex_o_tag/sd_o + rf_reg[17],0,80,0.0,0.0
check_s1_o_tag/sd_o + rf_reg[17],0,80,0.0,0.0
check_s2_o_tag/sd_o + rf_reg[17],0,80,0.0,0.0
check_d_o_tag/sd_o + rf_reg[17],0,80,0.0,0.0
register_set_o_tag/sd_o + rf_reg[17],0,80,0.0,0.0
is_store_post_o_tag/sd_o + rf_reg[17],0,80,0.0,0.0
memory_set_o_tag/sd_o + rf_reg[17],0,80,0.0,0.0
rf_reg[17] + rs1_o_tag/sd_o,0,80,0.0,0.0
data_we_q_tag/sd_o + rf_reg[17],0,80,0.0,0.0
rdata_offset_q_tag/sd_o + rf_reg[17],0,80,0.0,0.0
data_type_q_tag/sd_o + rf_reg[17],0,80,0.0,0.0
rdata_q_tag/sd_o + rf_reg[17],0,80,0.0,0.0
pc_if_o_tag/sd_o + rf_reg[18],0,80,0.0,0.0
pc_id_o_tag/sd_o + rf_reg[18],0,80,0.0,0.0
alu_operator_o_mode/sd_o + rf_reg[18],0,80,0.0,0.0
rf_reg[18] + store_dest_addr_ex_o_tag/sd_o,0,80,0.0,0.0
rf_reg[18] + store_source_ex_o_tag/sd_o,0,80,0.0,0.0
rf_reg[18] + use_store_ops_ex_o/sd_o,0,80,0.0,0.0
alu_operand_a_ex_o_tag/sd_o + rf_reg[18],0,80,0.0,0.0
alu_operand_b_ex_o_tag/sd_o + rf_reg[18],0,80,0.0,0.0
alu_operand_c_ex_o_tag/sd_o + rf_reg[18],0,80,0.0,0.0
check_s1_o_tag/sd_o + rf_reg[18],0,80,0.0,0.0
check_s2_o_tag/sd_o + rf_reg[18],0,80,0.0,0.0
check_d_o_tag/sd_o + rf_reg[18],0,80,0.0,0.0
register_set_o_tag/sd_o + rf_reg[18],0,80,0.0,0.0
is_store_post_o_tag/sd_o + rf_reg[18],0,80,0.0,0.0
memory_set_o_tag/sd_o + rf_reg[18],0,80,0.0,0.0
rf_reg[18] + rs1_o_tag/sd_o,0,80,0.0,0.0
data_we_q_tag/sd_o + rf_reg[18],0,80,0.0,0.0
rdata_offset_q_tag/sd_o + rf_reg[18],0,80,0.0,0.0
data_type_q_tag/sd_o + rf_reg[18],0,80,0.0,0.0
rdata_q_tag/sd_o + rf_reg[18],0,80,0.0,0.0
pc_if_o_tag/sd_o + rf_reg[19],0,80,0.0,0.0
pc_id_o_tag/sd_o + rf_reg[19],0,80,0.0,0.0
pc_id_o_tag + pc_if_o_tag/sd_o,0,80,0.0,0.0
pc_id_o_tag + pc_id_o_tag/sd_o,0,80,0.0,0.0
alu_operator_o_mode/sd_o + pc_id_o_tag,0,80,0.0,0.0
pc_id_o_tag + store_dest_addr_ex_o_tag/sd_o,0,80,0.0,0.0
alu_operand_c_ex_o_tag + pc_if_o_tag/sd_o,0,80,0.0,0.0
alu_operand_c_ex_o_tag + pc_id_o_tag/sd_o,0,80,0.0,0.0
alu_operand_c_ex_o_tag + alu_operator_o_mode/sd_o,0,80,0.0,0.0
alu_operand_c_ex_o_tag + store_dest_addr_ex_o_tag/sd_o,0,80,0.0,0.0
alu_operand_c_ex_o_tag + store_source_ex_o_tag/sd_o,0,80,0.0,0.0
alu_operand_c_ex_o_tag + use_store_ops_ex_o/sd_o,0,80,0.0,0.0
alu_operand_a_ex_o_tag/sd_o + alu_operand_c_ex_o_tag,0,80,0.0,0.0
alu_operand_b_ex_o_tag/sd_o + alu_operand_c_ex_o_tag,0,80,0.0,0.0
alu_operand_c_ex_o_tag + alu_operand_c_ex_o_tag/sd_o,0,80,0.0,0.0
alu_operand_c_ex_o_tag + check_s1_o_tag/sd_o,0,80,0.0,0.0
alu_operand_c_ex_o_tag + check_s2_o_tag/sd_o,0,80,0.0,0.0
alu_operator_o_mode/sd_o + rf_reg[19],0,80,0.0,0.0
rf_reg[19] + store_dest_addr_ex_o_tag/sd_o,0,80,0.0,0.0
rf_reg[19] + store_source_ex_o_tag/sd_o,0,80,0.0,0.0
rf_reg[19] + use_store_ops_ex_o/sd_o,0,80,0.0,0.0
alu_operand_a_ex_o_tag/sd_o + rf_reg[19],0,80,0.0,0.0
alu_operand_b_ex_o_tag/sd_o + rf_reg[19],0,80,0.0,0.0
alu_operand_c_ex_o_tag/sd_o + rf_reg[19],0,80,0.0,0.0
check_s1_o_tag/sd_o + rf_reg[19],0,80,0.0,0.0
check_s2_o_tag/sd_o + rf_reg[19],0,80,0.0,0.0
check_d_o_tag/sd_o + rf_reg[19],0,80,0.0,0.0
register_set_o_tag/sd_o + rf_reg[19],0,80,0.0,0.0
is_store_post_o_tag/sd_o + rf_reg[19],0,80,0.0,0.0
memory_set_o_tag/sd_o + rf_reg[19],0,80,0.0,0.0
rf_reg[19] + rs1_o_tag/sd_o,0,80,0.0,0.0
data_we_q_tag/sd_o + rf_reg[19],0,80,0.0,0.0
rdata_offset_q_tag/sd_o + rf_reg[19],0,80,0.0,0.0
data_type_q_tag/sd_o + rf_reg[19],0,80,0.0,0.0
rdata_q_tag/sd_o + rf_reg[19],0,80,0.0,0.0
pc_if_o_tag/sd_o + rf_reg[20],0,80,0.0,0.0
pc_id_o_tag/sd_o + rf_reg[20],0,80,0.0,0.0
alu_operator_o_mode/sd_o + rf_reg[20],0,80,0.0,0.0
rf_reg[20] + store_dest_addr_ex_o_tag/sd_o,0,80,0.0,0.0
rf_reg[20] + store_source_ex_o_tag/sd_o,0,80,0.0,0.0
rf_reg[20] + use_store_ops_ex_o/sd_o,0,80,0.0,0.0
alu_operand_a_ex_o_tag/sd_o + rf_reg[20],0,80,0.0,0.0
alu_operand_b_ex_o_tag/sd_o + rf_reg[20],0,80,0.0,0.0
alu_operand_c_ex_o_tag/sd_o + rf_reg[20],0,80,0.0,0.0
check_s1_o_tag/sd_o + rf_reg[20],0,80,0.0,0.0
check_s2_o_tag/sd_o + rf_reg[20],0,80,0.0,0.0
check_d_o_tag/sd_o + rf_reg[20],0,80,0.0,0.0
register_set_o_tag/sd_o + rf_reg[20],0,80,0.0,0.0
is_store_post_o_tag/sd_o + rf_reg[20],0,80,0.0,0.0
memory_set_o_tag/sd_o + rf_reg[20],0,80,0.0,0.0
rf_reg[20] + rs1_o_tag/sd_o,0,80,0.0,0.0
data_we_q_tag/sd_o + rf_reg[20],0,80,0.0,0.0
rdata_offset_q_tag/sd_o + rf_reg[20],0,80,0.0,0.0
data_type_q_tag/sd_o + rf_reg[20],0,80,0.0,0.0
rdata_q_tag/sd_o + rf_reg[20],0,80,0.0,0.0
pc_if_o_tag/sd_o + rf_reg[21],0,80,0.0,0.0
pc_id_o_tag/sd_o + rf_reg[21],0,80,0.0,0.0
alu_operator_o_mode/sd_o + rf_reg[21],0,80,0.0,0.0
rf_reg[21] + store_dest_addr_ex_o_tag/sd_o,0,80,0.0,0.0
rf_reg[21] + store_source_ex_o_tag/sd_o,0,80,0.0,0.0
rf_reg[21] + use_store_ops_ex_o/sd_o,0,80,0.0,0.0
alu_operand_a_ex_o_tag/sd_o + rf_reg[21],0,80,0.0,0.0
alu_operand_b_ex_o_tag/sd_o + rf_reg[21],0,80,0.0,0.0
alu_operand_c_ex_o_tag/sd_o + rf_reg[21],0,80,0.0,0.0
check_s1_o_tag/sd_o + rf_reg[21],0,80,0.0,0.0
check_s2_o_tag/sd_o + rf_reg[21],0,80,0.0,0.0
check_d_o_tag/sd_o + rf_reg[21],0,80,0.0,0.0
register_set_o_tag/sd_o + rf_reg[21],0,80,0.0,0.0
is_store_post_o_tag/sd_o + rf_reg[21],0,80,0.0,0.0
memory_set_o_tag/sd_o + rf_reg[21],0,80,0.0,0.0
rf_reg[21] + rs1_o_tag/sd_o,0,80,0.0,0.0
data_we_q_tag/sd_o + rf_reg[21],0,80,0.0,0.0
rdata_offset_q_tag/sd_o + rf_reg[21],0,80,0.0,0.0
data_type_q_tag/sd_o + rf_reg[21],0,80,0.0,0.0
rdata_q_tag/sd_o + rf_reg[21],0,80,0.0,0.0
pc_if_o_tag/sd_o + rf_reg[22],0,80,0.0,0.0
pc_id_o_tag/sd_o + rf_reg[22],0,80,0.0,0.0
alu_operand_c_ex_o_tag + check_d_o_tag/sd_o,0,80,0.0,0.0
alu_operand_c_ex_o_tag + register_set_o_tag/sd_o,0,80,0.0,0.0
alu_operand_c_ex_o_tag + is_store_post_o_tag/sd_o,0,80,0.0,0.0
alu_operand_c_ex_o_tag + memory_set_o_tag/sd_o,0,80,0.0,0.0
alu_operand_c_ex_o_tag + rs1_o_tag/sd_o,0,80,0.0,0.0
alu_operator_o_mode/sd_o + rf_reg[22],0,80,0.0,0.0
rf_reg[22] + store_dest_addr_ex_o_tag/sd_o,0,80,0.0,0.0
rf_reg[22] + store_source_ex_o_tag/sd_o,0,80,0.0,0.0
rf_reg[22] + use_store_ops_ex_o/sd_o,0,80,0.0,0.0
alu_operand_a_ex_o_tag/sd_o + rf_reg[22],0,80,0.0,0.0
alu_operand_b_ex_o_tag/sd_o + rf_reg[22],0,80,0.0,0.0
alu_operand_c_ex_o_tag/sd_o + rf_reg[22],0,80,0.0,0.0
check_s1_o_tag/sd_o + rf_reg[22],0,80,0.0,0.0
check_s2_o_tag/sd_o + rf_reg[22],0,80,0.0,0.0
check_d_o_tag/sd_o + rf_reg[22],0,80,0.0,0.0
register_set_o_tag/sd_o + rf_reg[22],0,80,0.0,0.0
is_store_post_o_tag/sd_o + rf_reg[22],0,80,0.0,0.0
memory_set_o_tag/sd_o + rf_reg[22],0,80,0.0,0.0
rf_reg[22] + rs1_o_tag/sd_o,0,80,0.0,0.0
data_we_q_tag/sd_o + rf_reg[22],0,80,0.0,0.0
rdata_offset_q_tag/sd_o + rf_reg[22],0,80,0.0,0.0
data_type_q_tag/sd_o + rf_reg[22],0,80,0.0,0.0
rdata_q_tag/sd_o + rf_reg[22],0,80,0.0,0.0
pc_if_o_tag/sd_o + rf_reg[23],0,80,0.0,0.0
pc_id_o_tag/sd_o + rf_reg[23],0,80,0.0,0.0
alu_operator_o_mode/sd_o + rf_reg[23],0,80,0.0,0.0
rf_reg[23] + store_dest_addr_ex_o_tag/sd_o,0,80,0.0,0.0
rf_reg[23] + store_source_ex_o_tag/sd_o,0,80,0.0,0.0
rf_reg[23] + use_store_ops_ex_o/sd_o,0,80,0.0,0.0
alu_operand_a_ex_o_tag/sd_o + rf_reg[23],0,80,0.0,0.0
alu_operand_b_ex_o_tag/sd_o + rf_reg[23],0,80,0.0,0.0
alu_operand_c_ex_o_tag/sd_o + rf_reg[23],0,80,0.0,0.0
check_s1_o_tag/sd_o + rf_reg[23],0,80,0.0,0.0
check_s2_o_tag/sd_o + rf_reg[23],0,80,0.0,0.0
check_d_o_tag/sd_o + rf_reg[23],0,80,0.0,0.0
register_set_o_tag/sd_o + rf_reg[23],0,80,0.0,0.0
is_store_post_o_tag/sd_o + rf_reg[23],0,80,0.0,0.0
memory_set_o_tag/sd_o + rf_reg[23],0,80,0.0,0.0
rf_reg[23] + rs1_o_tag/sd_o,0,80,0.0,0.0
data_we_q_tag/sd_o + rf_reg[23],0,80,0.0,0.0
rdata_offset_q_tag/sd_o + rf_reg[23],0,80,0.0,0.0
data_type_q_tag/sd_o + rf_reg[23],0,80,0.0,0.0
rdata_q_tag/sd_o + rf_reg[23],0,80,0.0,0.0
pc_if_o_tag/sd_o + rf_reg[24],0,80,0.0,0.0
pc_id_o_tag/sd_o + rf_reg[24],0,80,0.0,0.0
alu_operator_o_mode/sd_o + rf_reg[24],0,80,0.0,0.0
rf_reg[24] + store_dest_addr_ex_o_tag/sd_o,0,80,0.0,0.0
rf_reg[24] + store_source_ex_o_tag/sd_o,0,80,0.0,0.0
rf_reg[24] + use_store_ops_ex_o/sd_o,0,80,0.0,0.0
alu_operand_a_ex_o_tag/sd_o + rf_reg[24],0,80,0.0,0.0
alu_operand_b_ex_o_tag/sd_o + rf_reg[24],0,80,0.0,0.0
alu_operand_c_ex_o_tag/sd_o + rf_reg[24],0,80,0.0,0.0
check_s1_o_tag/sd_o + rf_reg[24],0,80,0.0,0.0
check_s2_o_tag/sd_o + rf_reg[24],0,80,0.0,0.0
check_d_o_tag/sd_o + rf_reg[24],0,80,0.0,0.0
register_set_o_tag/sd_o + rf_reg[24],0,80,0.0,0.0
is_store_post_o_tag/sd_o + rf_reg[24],0,80,0.0,0.0
memory_set_o_tag/sd_o + rf_reg[24],0,80,0.0,0.0
rf_reg[24] + rs1_o_tag/sd_o,0,80,0.0,0.0
data_we_q_tag/sd_o + rf_reg[24],0,80,0.0,0.0
rdata_offset_q_tag/sd_o + rf_reg[24],0,80,0.0,0.0
data_type_q_tag/sd_o + rf_reg[24],0,80,0.0,0.0
rdata_q_tag/sd_o + rf_reg[24],0,80,0.0,0.0
pc_if_o_tag/sd_o + rf_reg[25],0,80,0.0,0.0
pc_id_o_tag/sd_o + rf_reg[25],0,80,0.0,0.0
alu_operand_c_ex_o_tag + data_we_q_tag/sd_o,0,80,0.0,0.0
alu_operand_c_ex_o_tag + rdata_offset_q_tag/sd_o,0,80,0.0,0.0
alu_operand_c_ex_o_tag + data_type_q_tag/sd_o,0,80,0.0,0.0
alu_operand_c_ex_o_tag + rdata_q_tag/sd_o,0,80,0.0,0.0
alu_operator_o_mode/sd_o + rf_reg[25],0,80,0.0,0.0
rf_reg[25] + store_dest_addr_ex_o_tag/sd_o,0,80,0.0,0.0
rf_reg[25] + store_source_ex_o_tag/sd_o,0,80,0.0,0.0
rf_reg[25] + use_store_ops_ex_o/sd_o,0,80,0.0,0.0
alu_operand_a_ex_o_tag/sd_o + rf_reg[25],0,80,0.0,0.0
alu_operand_b_ex_o_tag/sd_o + rf_reg[25],0,80,0.0,0.0
alu_operand_c_ex_o_tag/sd_o + rf_reg[25],0,80,0.0,0.0
check_s1_o_tag/sd_o + rf_reg[25],0,80,0.0,0.0
check_s2_o_tag/sd_o + rf_reg[25],0,80,0.0,0.0
check_d_o_tag/sd_o + rf_reg[25],0,80,0.0,0.0
register_set_o_tag/sd_o + rf_reg[25],0,80,0.0,0.0
is_store_post_o_tag/sd_o + rf_reg[25],0,80,0.0,0.0
memory_set_o_tag/sd_o + rf_reg[25],0,80,0.0,0.0
rf_reg[25] + rs1_o_tag/sd_o,0,80,0.0,0.0
data_we_q_tag/sd_o + rf_reg[25],0,80,0.0,0.0
rdata_offset_q_tag/sd_o + rf_reg[25],0,80,0.0,0.0
data_type_q_tag/sd_o + rf_reg[25],0,80,0.0,0.0
rdata_q_tag/sd_o + rf_reg[25],0,80,0.0,0.0
pc_if_o_tag/sd_o + rf_reg[26],0,80,0.0,0.0
pc_id_o_tag/sd_o + rf_reg[26],0,80,0.0,0.0
alu_operator_o_mode/sd_o + rf_reg[26],0,80,0.0,0.0
rf_reg[26] + store_dest_addr_ex_o_tag/sd_o,0,80,0.0,0.0
rf_reg[26] + store_source_ex_o_tag/sd_o,0,80,0.0,0.0
rf_reg[26] + use_store_ops_ex_o/sd_o,0,80,0.0,0.0
alu_operand_a_ex_o_tag/sd_o + rf_reg[26],0,80,0.0,0.0
alu_operand_b_ex_o_tag/sd_o + rf_reg[26],0,80,0.0,0.0
alu_operand_c_ex_o_tag/sd_o + rf_reg[26],0,80,0.0,0.0
check_s1_o_tag/sd_o + rf_reg[26],0,80,0.0,0.0
check_s2_o_tag/sd_o + rf_reg[26],0,80,0.0,0.0
check_d_o_tag/sd_o + rf_reg[26],0,80,0.0,0.0
register_set_o_tag/sd_o + rf_reg[26],0,80,0.0,0.0
is_store_post_o_tag/sd_o + rf_reg[26],0,80,0.0,0.0
memory_set_o_tag/sd_o + rf_reg[26],0,80,0.0,0.0
rf_reg[26] + rs1_o_tag/sd_o,0,80,0.0,0.0
data_we_q_tag/sd_o + rf_reg[26],0,80,0.0,0.0
rdata_offset_q_tag/sd_o + rf_reg[26],0,80,0.0,0.0
data_type_q_tag/sd_o + rf_reg[26],0,80,0.0,0.0
rdata_q_tag/sd_o + rf_reg[26],0,80,0.0,0.0
pc_if_o_tag/sd_o + rf_reg[27],0,80,0.0,0.0
pc_id_o_tag/sd_o + rf_reg[27],0,80,0.0,0.0
alu_operator_o_mode/sd_o + rf_reg[27],0,80,0.0,0.0
rf_reg[27] + store_dest_addr_ex_o_tag/sd_o,0,80,0.0,0.0
rf_reg[27] + store_source_ex_o_tag/sd_o,0,80,0.0,0.0
rf_reg[27] + use_store_ops_ex_o/sd_o,0,80,0.0,0.0
alu_operand_a_ex_o_tag/sd_o + rf_reg[27],0,80,0.0,0.0
alu_operand_b_ex_o_tag/sd_o + rf_reg[27],0,80,0.0,0.0
alu_operand_c_ex_o_tag/sd_o + rf_reg[27],0,80,0.0,0.0
check_s1_o_tag/sd_o + rf_reg[27],0,80,0.0,0.0
check_s2_o_tag/sd_o + rf_reg[27],0,80,0.0,0.0
check_d_o_tag/sd_o + rf_reg[27],0,80,0.0,0.0
register_set_o_tag/sd_o + rf_reg[27],0,80,0.0,0.0
is_store_post_o_tag/sd_o + rf_reg[27],0,80,0.0,0.0
memory_set_o_tag/sd_o + rf_reg[27],0,80,0.0,0.0
rf_reg[27] + rs1_o_tag/sd_o,0,80,0.0,0.0
data_we_q_tag/sd_o + rf_reg[27],0,80,0.0,0.0
rdata_offset_q_tag/sd_o + rf_reg[27],0,80,0.0,0.0
data_type_q_tag/sd_o + rf_reg[27],0,80,0.0,0.0
rdata_q_tag/sd_o + rf_reg[27],0,80,0.0,0.0
pc_if_o_tag/sd_o + rf_reg[28],0,80,0.0,0.0
pc_id_o_tag/sd_o + rf_reg[28],0,80,0.0,0.0
alu_operator_o_mode/sd_o + rf_reg[28],0,80,0.0,0.0
rf_reg[28] + store_dest_addr_ex_o_tag/sd_o,0,80,0.0,0.0
rf_reg[28] + store_source_ex_o_tag/sd_o,0,80,0.0,0.0
rf_reg[28] + use_store_ops_ex_o/sd_o,0,80,0.0,0.0
alu_operand_a_ex_o_tag/sd_o + rf_reg[28],0,80,0.0,0.0
alu_operand_b_ex_o_tag/sd_o + rf_reg[28],0,80,0.0,0.0
alu_operand_c_ex_o_tag/sd_o + rf_reg[28],0,80,0.0,0.0
check_s1_o_tag/sd_o + rf_reg[28],0,80,0.0,0.0
check_s2_o_tag/sd_o + rf_reg[28],0,80,0.0,0.0
check_d_o_tag/sd_o + rf_reg[28],0,80,0.0,0.0
register_set_o_tag/sd_o + rf_reg[28],0,80,0.0,0.0
is_store_post_o_tag/sd_o + rf_reg[28],0,80,0.0,0.0
memory_set_o_tag/sd_o + rf_reg[28],0,80,0.0,0.0
rf_reg[28] + rs1_o_tag/sd_o,0,80,0.0,0.0
data_we_q_tag/sd_o + rf_reg[28],0,80,0.0,0.0
rdata_offset_q_tag/sd_o + rf_reg[28],0,80,0.0,0.0
data_type_q_tag/sd_o + rf_reg[28],0,80,0.0,0.0
rdata_q_tag/sd_o + rf_reg[28],0,80,0.0,0.0
pc_if_o_tag/sd_o + rf_reg[29],0,80,0.0,0.0
pc_id_o_tag/sd_o + rf_reg[29],0,80,0.0,0.0
alu_operator_o_mode/sd_o + rf_reg[29],0,80,0.0,0.0
rf_reg[29] + store_dest_addr_ex_o_tag/sd_o,0,80,0.0,0.0
rf_reg[29] + store_source_ex_o_tag/sd_o,0,80,0.0,0.0
rf_reg[29] + use_store_ops_ex_o/sd_o,0,80,0.0,0.0
alu_operand_a_ex_o_tag/sd_o + rf_reg[29],0,80,0.0,0.0
alu_operand_b_ex_o_tag/sd_o + rf_reg[29],0,80,0.0,0.0
alu_operand_c_ex_o_tag/sd_o + rf_reg[29],0,80,0.0,0.0
check_s1_o_tag/sd_o + rf_reg[29],0,80,0.0,0.0
check_s2_o_tag/sd_o + rf_reg[29],0,80,0.0,0.0
check_d_o_tag/sd_o + rf_reg[29],0,80,0.0,0.0
register_set_o_tag/sd_o + rf_reg[29],0,80,0.0,0.0
is_store_post_o_tag/sd_o + rf_reg[29],0,80,0.0,0.0
memory_set_o_tag/sd_o + rf_reg[29],0,80,0.0,0.0
rf_reg[29] + rs1_o_tag/sd_o,0,80,0.0,0.0
data_we_q_tag/sd_o + rf_reg[29],0,80,0.0,0.0
rdata_offset_q_tag/sd_o + rf_reg[29],0,80,0.0,0.0
data_type_q_tag/sd_o + rf_reg[29],0,80,0.0,0.0
rdata_q_tag/sd_o + rf_reg[29],0,80,0.0,0.0
pc_if_o_tag/sd_o + rf_reg[30],0,80,0.0,0.0
pc_id_o_tag/sd_o + rf_reg[30],0,80,0.0,0.0
alu_operator_o_mode/sd_o + rf_reg[30],0,80,0.0,0.0
rf_reg[30] + store_dest_addr_ex_o_tag/sd_o,0,80,0.0,0.0
rf_reg[30] + store_source_ex_o_tag/sd_o,0,80,0.0,0.0
rf_reg[30] + use_store_ops_ex_o/sd_o,0,80,0.0,0.0
alu_operand_a_ex_o_tag/sd_o + rf_reg[30],0,80,0.0,0.0
alu_operand_b_ex_o_tag/sd_o + rf_reg[30],0,80,0.0,0.0
alu_operand_c_ex_o_tag/sd_o + rf_reg[30],0,80,0.0,0.0
check_s1_o_tag/sd_o + rf_reg[30],0,80,0.0,0.0
check_s2_o_tag/sd_o + rf_reg[30],0,80,0.0,0.0
check_d_o_tag/sd_o + rf_reg[30],0,80,0.0,0.0
register_set_o_tag/sd_o + rf_reg[30],0,80,0.0,0.0
is_store_post_o_tag/sd_o + rf_reg[30],0,80,0.0,0.0
memory_set_o_tag/sd_o + rf_reg[30],0,80,0.0,0.0
rf_reg[30] + rs1_o_tag/sd_o,0,80,0.0,0.0
data_we_q_tag/sd_o + rf_reg[30],0,80,0.0,0.0
rdata_offset_q_tag/sd_o + rf_reg[30],0,80,0.0,0.0
data_type_q_tag/sd_o + rf_reg[30],0,80,0.0,0.0
rdata_q_tag/sd_o + rf_reg[30],0,80,0.0,0.0
pc_if_o_tag/sd_o + rf_reg[31],0,80,0.0,0.0
pc_id_o_tag/sd_o + rf_reg[31],0,80,0.0,0.0
alu_operator_o_mode/sd_o + rf_reg[31],0,80,0.0,0.0
rf_reg[31] + store_dest_addr_ex_o_tag/sd_o,0,80,0.0,0.0
rf_reg[31] + store_source_ex_o_tag/sd_o,0,80,0.0,0.0
rf_reg[31] + use_store_ops_ex_o/sd_o,0,80,0.0,0.0
alu_operand_a_ex_o_tag/sd_o + rf_reg[31],0,80,0.0,0.0
alu_operand_b_ex_o_tag/sd_o + rf_reg[31],0,80,0.0,0.0
alu_operand_c_ex_o_tag/sd_o + rf_reg[31],0,80,0.0,0.0
check_s1_o_tag/sd_o + rf_reg[31],0,80,0.0,0.0
check_s2_o_tag/sd_o + rf_reg[31],0,80,0.0,0.0
check_d_o_tag/sd_o + rf_reg[31],0,80,0.0,0.0
register_set_o_tag/sd_o + rf_reg[31],0,80,0.0,0.0
is_store_post_o_tag/sd_o + rf_reg[31],0,80,0.0,0.0
memory_set_o_tag/sd_o + rf_reg[31],0,80,0.0,0.0
rf_reg[31] + rs1_o_tag/sd_o,0,80,0.0,0.0
data_we_q_tag/sd_o + rf_reg[31],0,80,0.0,0.0
rdata_offset_q_tag/sd_o + rf_reg[31],0,80,0.0,0.0
data_type_q_tag/sd_o + rf_reg[31],0,80,0.0,0.0
rdata_q_tag/sd_o + rf_reg[31],0,80,0.0,0.0
pc_if_o_tag/sd_o + rs1_o_tag,0,80,0.0,0.0
pc_id_o_tag/sd_o + rs1_o_tag,0,80,0.0,0.0
alu_operator_o_mode/sd_o + rs1_o_tag,0,80,0.0,0.0
rs1_o_tag + store_dest_addr_ex_o_tag/sd_o,0,80,0.0,0.0
rs1_o_tag + store_source_ex_o_tag/sd_o,0,80,0.0,0.0
rs1_o_tag + use_store_ops_ex_o/sd_o,0,80,0.0,0.0
alu_operand_a_ex_o_tag/sd_o + rs1_o_tag,0,80,0.0,0.0
alu_operand_b_ex_o_tag/sd_o + rs1_o_tag,0,80,0.0,0.0
alu_operand_c_ex_o_tag/sd_o + rs1_o_tag,0,80,0.0,0.0
check_s1_o_tag/sd_o + rs1_o_tag,0,80,0.0,0.0
check_s2_o_tag/sd_o + rs1_o_tag,0,80,0.0,0.0
check_d_o_tag/sd_o + rs1_o_tag,0,80,0.0,0.0
register_set_o_tag/sd_o + rs1_o_tag,0,80,0.0,0.0
is_store_post_o_tag/sd_o + rs1_o_tag,0,80,0.0,0.0
memory_set_o_tag/sd_o + rs1_o_tag,0,80,0.0,0.0
rs1_o_tag + rs1_o_tag/sd_o,0,80,0.0,0.0
data_we_q_tag/sd_o + rs1_o_tag,0,80,0.0,0.0
rdata_offset_q_tag/sd_o + rs1_o_tag,0,80,0.0,0.0
data_type_q_tag/sd_o + rs1_o_tag,0,80,0.0,0.0
rdata_q_tag/sd_o + rs1_o_tag,0,80,0.0,0.0
data_we_q_tag + pc_if_o_tag/sd_o,0,80,0.0,0.0
data_we_q_tag + pc_id_o_tag/sd_o,0,80,0.0,0.0
alu_operator_o_mode/sd_o + data_we_q_tag,0,80,0.0,0.0
data_we_q_tag + store_dest_addr_ex_o_tag/sd_o,0,80,0.0,0.0
data_we_q_tag + store_source_ex_o_tag/sd_o,0,80,0.0,0.0
data_we_q_tag + use_store_ops_ex_o/sd_o,0,80,0.0,0.0
alu_operand_a_ex_o_tag/sd_o + data_we_q_tag,0,80,0.0,0.0
alu_operand_b_ex_o_tag/sd_o + data_we_q_tag,0,80,0.0,0.0
alu_operand_c_ex_o_tag/sd_o + data_we_q_tag,0,80,0.0,0.0
check_s1_o_tag/sd_o + data_we_q_tag,0,80,0.0,0.0
check_s2_o_tag/sd_o + data_we_q_tag,0,80,0.0,0.0
check_d_o_tag/sd_o + data_we_q_tag,0,80,0.0,0.0
data_we_q_tag + register_set_o_tag/sd_o,0,80,0.0,0.0
data_we_q_tag + is_store_post_o_tag/sd_o,0,80,0.0,0.0
data_we_q_tag + memory_set_o_tag/sd_o,0,80,0.0,0.0
data_we_q_tag + rs1_o_tag/sd_o,0,80,0.0,0.0
data_we_q_tag + data_we_q_tag/sd_o,0,80,0.0,0.0
data_we_q_tag + rdata_offset_q_tag/sd_o,0,80,0.0,0.0
data_type_q_tag/sd_o + data_we_q_tag,0,80,0.0,0.0
data_we_q_tag + rdata_q_tag/sd_o,0,80,0.0,0.0
pc_if_o_tag/hc_o + tpr/sd_o_32,0,80,0.0,0.0
pc_if_o_tag/hc_o + tcr/sd_o_32,0,80,0.0,0.0
pc_id_o_tag/sd_o + pc_if_o_tag/sd_o,0,80,0.0,0.0
pc_if_o_tag/sd_o + sd_o_5,0,80,0.0,0.0
alu_operator_o_mode/sd_o + pc_if_o_tag/sd_o,0,80,0.0,0.0
pc_if_o_tag/sd_o + store_dest_addr_ex_o_tag/sd_o,0,80,0.0,0.0
pc_if_o_tag/sd_o + store_source_ex_o_tag/sd_o,0,80,0.0,0.0
pc_if_o_tag/sd_o + use_store_ops_ex_o/sd_o,0,80,0.0,0.0
alu_operand_a_ex_o_tag/sd_o + pc_if_o_tag/sd_o,0,80,0.0,0.0
alu_operand_b_ex_o_tag/sd_o + pc_if_o_tag/sd_o,0,80,0.0,0.0
alu_operand_c_ex_o_tag/sd_o + pc_if_o_tag/sd_o,0,80,0.0,0.0
check_s1_o_tag/sd_o + pc_if_o_tag/sd_o,0,80,0.0,0.0
check_s2_o_tag/sd_o + pc_if_o_tag/sd_o,0,80,0.0,0.0
check_d_o_tag/sd_o + pc_if_o_tag/sd_o,0,80,0.0,0.0
pc_if_o_tag/sd_o + register_set_o_tag/sd_o,0,80,0.0,0.0
is_store_post_o_tag/sd_o + pc_if_o_tag/sd_o,0,80,0.0,0.0
memory_set_o_tag/sd_o + pc_if_o_tag/sd_o,0,80,0.0,0.0
pc_if_o_tag/sd_o + sd_o_rf_tag,0,80,0.0,0.0
pc_if_o_tag/sd_o + rs1_o_tag/sd_o,0,80,0.0,0.0
data_we_q_tag/sd_o + pc_if_o_tag/sd_o,0,80,0.0,0.0
pc_if_o_tag/sd_o + rdata_offset_q_tag/sd_o,0,80,0.0,0.0
data_type_q_tag/sd_o + pc_if_o_tag/sd_o,0,80,0.0,0.0
pc_if_o_tag/sd_o + rdata_q_tag/sd_o,0,80,0.0,0.0
pc_id_o_tag/hc_o + tpr/sd_o_32,0,80,0.0,0.0
pc_id_o_tag/hc_o + tcr/sd_o_32,0,80,0.0,0.0
pc_id_o_tag/sd_o + sd_o_5,0,80,0.0,0.0
alu_operator_o_mode/sd_o + pc_id_o_tag/sd_o,0,80,0.0,0.0
pc_id_o_tag/sd_o + store_dest_addr_ex_o_tag/sd_o,0,80,0.0,0.0
pc_id_o_tag/sd_o + store_source_ex_o_tag/sd_o,0,80,0.0,0.0
pc_id_o_tag/sd_o + use_store_ops_ex_o/sd_o,0,80,0.0,0.0
alu_operand_a_ex_o_tag/sd_o + pc_id_o_tag/sd_o,0,80,0.0,0.0
alu_operand_b_ex_o_tag/sd_o + pc_id_o_tag/sd_o,0,80,0.0,0.0
alu_operand_c_ex_o_tag/sd_o + pc_id_o_tag/sd_o,0,80,0.0,0.0
check_s1_o_tag/sd_o + pc_id_o_tag/sd_o,0,80,0.0,0.0
check_s2_o_tag/sd_o + pc_id_o_tag/sd_o,0,80,0.0,0.0
check_d_o_tag/sd_o + pc_id_o_tag/sd_o,0,80,0.0,0.0
pc_id_o_tag/sd_o + register_set_o_tag/sd_o,0,80,0.0,0.0
is_store_post_o_tag/sd_o + pc_id_o_tag/sd_o,0,80,0.0,0.0
memory_set_o_tag/sd_o + pc_id_o_tag/sd_o,0,80,0.0,0.0
pc_id_o_tag/sd_o + sd_o_rf_tag,0,80,0.0,0.0
pc_id_o_tag/sd_o + rs1_o_tag/sd_o,0,80,0.0,0.0
pc_id_o_tag + store_source_ex_o_tag/sd_o,0,80,0.0,0.0
pc_id_o_tag + use_store_ops_ex_o/sd_o,0,80,0.0,0.0
alu_operand_a_ex_o_tag/sd_o + pc_id_o_tag,0,80,0.0,0.0
alu_operand_b_ex_o_tag/sd_o + pc_id_o_tag,0,80,0.0,0.0
alu_operand_c_ex_o_tag/sd_o + pc_id_o_tag,0,80,0.0,0.0
check_s1_o_tag/sd_o + pc_id_o_tag,0,80,0.0,0.0
check_s2_o_tag/sd_o + pc_id_o_tag,0,80,0.0,0.0
check_d_o_tag/sd_o + pc_id_o_tag,0,80,0.0,0.0
pc_id_o_tag + register_set_o_tag/sd_o,0,80,0.0,0.0
is_store_post_o_tag/sd_o + pc_id_o_tag,0,80,0.0,0.0
memory_set_o_tag/sd_o + pc_id_o_tag,0,80,0.0,0.0
data_we_q_tag/sd_o + pc_id_o_tag/sd_o,0,80,0.0,0.0
pc_id_o_tag/sd_o + rdata_offset_q_tag/sd_o,0,80,0.0,0.0
data_type_q_tag/sd_o + pc_id_o_tag/sd_o,0,80,0.0,0.0
pc_id_o_tag/sd_o + rdata_q_tag/sd_o,0,80,0.0,0.0
alu_operator_o_mode/sd_o + sd_o_5,0,80,0.0,0.0
sd_o_5 + store_dest_addr_ex_o_tag/sd_o,0,80,0.0,0.0
sd_o_5 + store_source_ex_o_tag/sd_o,0,80,0.0,0.0
sd_o_5 + use_store_ops_ex_o/sd_o,0,80,0.0,0.0
alu_operand_a_ex_o_tag/sd_o + sd_o_5,0,80,0.0,0.0
alu_operand_b_ex_o_tag/sd_o + sd_o_5,0,80,0.0,0.0
alu_operand_c_ex_o_tag/sd_o + sd_o_5,0,80,0.0,0.0
check_s1_o_tag/sd_o + sd_o_5,0,80,0.0,0.0
check_s2_o_tag/sd_o + sd_o_5,0,80,0.0,0.0
check_d_o_tag/sd_o + sd_o_5,0,80,0.0,0.0
register_set_o_tag/sd_o + sd_o_5,0,80,0.0,0.0
is_store_post_o_tag/sd_o + sd_o_5,0,80,0.0,0.0
memory_set_o_tag/sd_o + sd_o_5,0,80,0.0,0.0
rs1_o_tag/sd_o + sd_o_5,0,80,0.0,0.0
data_we_q_tag/sd_o + sd_o_5,0,80,0.0,0.0
rdata_offset_q_tag/sd_o + sd_o_5,0,80,0.0,0.0
data_type_q_tag/sd_o + sd_o_5,0,80,0.0,0.0
rdata_q_tag/sd_o + sd_o_5,0,80,0.0,0.0
check_d_o_tag + pc_if_o_tag/sd_o,0,80,0.0,0.0
check_d_o_tag + pc_id_o_tag/sd_o,0,80,0.0,0.0
alu_operator_o_mode/sd_o + check_d_o_tag,0,80,0.0,0.0
check_d_o_tag + store_dest_addr_ex_o_tag/sd_o,0,80,0.0,0.0
check_d_o_tag + store_source_ex_o_tag/sd_o,0,80,0.0,0.0
check_d_o_tag + use_store_ops_ex_o/sd_o,0,80,0.0,0.0
alu_operand_a_ex_o_tag/sd_o + check_d_o_tag,0,80,0.0,0.0
alu_operand_b_ex_o_tag/sd_o + check_d_o_tag,0,80,0.0,0.0
alu_operand_c_ex_o_tag/sd_o + check_d_o_tag,0,80,0.0,0.0
check_d_o_tag + check_s1_o_tag/sd_o,0,80,0.0,0.0
check_d_o_tag + check_s2_o_tag/sd_o,0,80,0.0,0.0
check_d_o_tag + check_d_o_tag/sd_o,0,80,0.0,0.0
check_d_o_tag + register_set_o_tag/sd_o,0,80,0.0,0.0
alu_operator_o_mode/sd_o + store_dest_addr_ex_o_tag/sd_o,0,80,0.0,0.0
alu_operator_o_mode/sd_o + store_source_ex_o_tag/sd_o,0,80,0.0,0.0
alu_operator_o_mode/sd_o + use_store_ops_ex_o/sd_o,0,80,0.0,0.0
alu_operand_a_ex_o_tag/sd_o + alu_operator_o_mode/sd_o,0,80,0.0,0.0
alu_operand_b_ex_o_tag/sd_o + alu_operator_o_mode/sd_o,0,80,0.0,0.0
alu_operand_c_ex_o_tag/sd_o + alu_operator_o_mode/sd_o,0,80,0.0,0.0
alu_operator_o_mode/sd_o + check_s1_o_tag/sd_o,0,80,0.0,0.0
alu_operator_o_mode/sd_o + check_s2_o_tag/sd_o,0,80,0.0,0.0
alu_operator_o_mode/sd_o + check_d_o_tag/sd_o,0,80,0.0,0.0
alu_operator_o_mode/sd_o + register_set_o_tag/sd_o,0,80,0.0,0.0
alu_operator_o_mode/sd_o + is_store_post_o_tag/sd_o,0,80,0.0,0.0
alu_operator_o_mode/sd_o + memory_set_o_tag/sd_o,0,80,0.0,0.0
alu_operator_o_mode/sd_o + sd_o_rf_tag,0,80,0.0,0.0
alu_operator_o_mode/sd_o + rs1_o_tag/sd_o,0,80,0.0,0.0
alu_operator_o_mode/sd_o + data_we_q_tag/sd_o,0,80,0.0,0.0
alu_operator_o_mode/sd_o + rdata_offset_q_tag/sd_o,0,80,0.0,0.0
alu_operator_o_mode/sd_o + data_type_q_tag/sd_o,0,80,0.0,0.0
alu_operator_o_mode/sd_o + rdata_q_tag/sd_o,0,80,0.0,0.0
store_dest_addr_ex_o_tag/hc_o + tpr/sd_o_32,0,80,0.0,0.0
check_d_o_tag + is_store_post_o_tag/sd_o,0,80,0.0,0.0
check_d_o_tag + memory_set_o_tag/sd_o,0,80,0.0,0.0
check_d_o_tag + rs1_o_tag/sd_o,0,80,0.0,0.0
store_dest_addr_ex_o_tag/hc_o + tcr/sd_o_32,0,80,0.0,0.0
store_dest_addr_ex_o_tag/sd_o + store_source_ex_o_tag/sd_o,0,80,0.0,0.0
store_dest_addr_ex_o_tag/sd_o + use_store_ops_ex_o/sd_o,0,80,0.0,0.0
alu_operand_a_ex_o_tag/sd_o + store_dest_addr_ex_o_tag/sd_o,0,80,0.0,0.0
alu_operand_b_ex_o_tag/sd_o + store_dest_addr_ex_o_tag/sd_o,0,80,0.0,0.0
alu_operand_c_ex_o_tag/sd_o + store_dest_addr_ex_o_tag/sd_o,0,80,0.0,0.0
check_s1_o_tag/sd_o + store_dest_addr_ex_o_tag/sd_o,0,80,0.0,0.0
check_s2_o_tag/sd_o + store_dest_addr_ex_o_tag/sd_o,0,80,0.0,0.0
check_d_o_tag/sd_o + store_dest_addr_ex_o_tag/sd_o,0,80,0.0,0.0
register_set_o_tag/sd_o + store_dest_addr_ex_o_tag/sd_o,0,80,0.0,0.0
is_store_post_o_tag/sd_o + store_dest_addr_ex_o_tag/sd_o,0,80,0.0,0.0
memory_set_o_tag/sd_o + store_dest_addr_ex_o_tag/sd_o,0,80,0.0,0.0
sd_o_rf_tag + store_dest_addr_ex_o_tag/sd_o,0,80,0.0,0.0
rs1_o_tag/sd_o + store_dest_addr_ex_o_tag/sd_o,0,80,0.0,0.0
data_we_q_tag/sd_o + store_dest_addr_ex_o_tag/sd_o,0,80,0.0,0.0
rdata_offset_q_tag/sd_o + store_dest_addr_ex_o_tag/sd_o,0,80,0.0,0.0
data_type_q_tag/sd_o + store_dest_addr_ex_o_tag/sd_o,0,80,0.0,0.0
rdata_q_tag/sd_o + store_dest_addr_ex_o_tag/sd_o,0,80,0.0,0.0
store_source_ex_o_tag/hc_o + tpr/sd_o_32,0,80,0.0,0.0
store_source_ex_o_tag/hc_o + tcr/sd_o_32,0,80,0.0,0.0
store_source_ex_o_tag/sd_o + use_store_ops_ex_o/sd_o,0,80,0.0,0.0
alu_operand_a_ex_o_tag/sd_o + store_source_ex_o_tag/sd_o,0,80,0.0,0.0
alu_operand_b_ex_o_tag/sd_o + store_source_ex_o_tag/sd_o,0,80,0.0,0.0
alu_operand_c_ex_o_tag/sd_o + store_source_ex_o_tag/sd_o,0,80,0.0,0.0
check_s1_o_tag/sd_o + store_source_ex_o_tag/sd_o,0,80,0.0,0.0
check_s2_o_tag/sd_o + store_source_ex_o_tag/sd_o,0,80,0.0,0.0
check_d_o_tag/sd_o + store_source_ex_o_tag/sd_o,0,80,0.0,0.0
register_set_o_tag/sd_o + store_source_ex_o_tag/sd_o,0,80,0.0,0.0
is_store_post_o_tag/sd_o + store_source_ex_o_tag/sd_o,0,80,0.0,0.0
memory_set_o_tag/sd_o + store_source_ex_o_tag/sd_o,0,80,0.0,0.0
sd_o_rf_tag + store_source_ex_o_tag/sd_o,0,80,0.0,0.0
rs1_o_tag/sd_o + store_source_ex_o_tag/sd_o,0,80,0.0,0.0
check_d_o_tag + data_we_q_tag/sd_o,0,80,0.0,0.0
check_d_o_tag + rdata_offset_q_tag/sd_o,0,80,0.0,0.0
check_d_o_tag + data_type_q_tag/sd_o,0,80,0.0,0.0
check_d_o_tag + rdata_q_tag/sd_o,0,80,0.0,0.0
data_we_q_tag/sd_o + store_source_ex_o_tag/sd_o,0,80,0.0,0.0
rdata_offset_q_tag/sd_o + store_source_ex_o_tag/sd_o,0,80,0.0,0.0
data_type_q_tag/sd_o + store_source_ex_o_tag/sd_o,0,80,0.0,0.0
rdata_q_tag/sd_o + store_source_ex_o_tag/sd_o,0,80,0.0,0.0
tpr/sd_o_32 + use_store_ops_ex_o/hc_o,0,80,0.0,0.0
tcr/sd_o_32 + use_store_ops_ex_o/hc_o,0,80,0.0,0.0
alu_operand_a_ex_o_tag/sd_o + use_store_ops_ex_o/sd_o,0,80,0.0,0.0
alu_operand_b_ex_o_tag/sd_o + use_store_ops_ex_o/sd_o,0,80,0.0,0.0
alu_operand_c_ex_o_tag/sd_o + use_store_ops_ex_o/sd_o,0,80,0.0,0.0
check_s1_o_tag/sd_o + use_store_ops_ex_o/sd_o,0,80,0.0,0.0
check_s2_o_tag/sd_o + use_store_ops_ex_o/sd_o,0,80,0.0,0.0
check_d_o_tag/sd_o + use_store_ops_ex_o/sd_o,0,80,0.0,0.0
register_set_o_tag/sd_o + use_store_ops_ex_o/sd_o,0,80,0.0,0.0
is_store_post_o_tag/sd_o + use_store_ops_ex_o/sd_o,0,80,0.0,0.0
memory_set_o_tag/sd_o + use_store_ops_ex_o/sd_o,0,80,0.0,0.0
sd_o_rf_tag + use_store_ops_ex_o/sd_o,0,80,0.0,0.0
rs1_o_tag/sd_o + use_store_ops_ex_o/sd_o,0,80,0.0,0.0
data_we_q_tag/sd_o + use_store_ops_ex_o/sd_o,0,80,0.0,0.0
rdata_offset_q_tag/sd_o + use_store_ops_ex_o/sd_o,0,80,0.0,0.0
data_type_q_tag/sd_o + use_store_ops_ex_o/sd_o,0,80,0.0,0.0
rdata_q_tag/sd_o + use_store_ops_ex_o/sd_o,0,80,0.0,0.0
alu_operand_a_ex_o_tag/hc_o + tpr/sd_o_32,0,80,0.0,0.0
alu_operand_a_ex_o_tag/hc_o + tcr/sd_o_32,0,80,0.0,0.0
alu_operand_a_ex_o_tag/sd_o + alu_operand_b_ex_o_tag/sd_o,0,80,0.0,0.0
alu_operand_a_ex_o_tag/sd_o + alu_operand_c_ex_o_tag/sd_o,0,80,0.0,0.0
alu_operand_a_ex_o_tag/sd_o + check_s1_o_tag/sd_o,0,80,0.0,0.0
alu_operand_a_ex_o_tag/sd_o + check_s2_o_tag/sd_o,0,80,0.0,0.0
alu_operand_a_ex_o_tag/sd_o + check_d_o_tag/sd_o,0,80,0.0,0.0
alu_operand_a_ex_o_tag/sd_o + register_set_o_tag/sd_o,0,80,0.0,0.0
alu_operand_a_ex_o_tag/sd_o + is_store_post_o_tag/sd_o,0,80,0.0,0.0
alu_operand_a_ex_o_tag/sd_o + memory_set_o_tag/sd_o,0,80,0.0,0.0
alu_operand_a_ex_o_tag/sd_o + sd_o_rf_tag,0,80,0.0,0.0
alu_operand_a_ex_o_tag/sd_o + rs1_o_tag/sd_o,0,80,0.0,0.0
alu_operand_a_ex_o_tag/sd_o + data_we_q_tag/sd_o,0,80,0.0,0.0
alu_operand_a_ex_o_tag/sd_o + rdata_offset_q_tag/sd_o,0,80,0.0,0.0
alu_operand_a_ex_o_tag/sd_o + data_type_q_tag/sd_o,0,80,0.0,0.0
alu_operand_a_ex_o_tag/sd_o + rdata_q_tag/sd_o,0,80,0.0,0.0
alu_operand_b_ex_o_tag/hc_o + tpr/sd_o_32,0,80,0.0,0.0
alu_operand_b_ex_o_tag/hc_o + tcr/sd_o_32,0,80,0.0,0.0
alu_operand_b_ex_o_tag/sd_o + alu_operand_c_ex_o_tag/sd_o,0,80,0.0,0.0
alu_operand_b_ex_o_tag/sd_o + check_s1_o_tag/sd_o,0,80,0.0,0.0
alu_operand_b_ex_o_tag/sd_o + check_s2_o_tag/sd_o,0,80,0.0,0.0
alu_operand_b_ex_o_tag/sd_o + check_d_o_tag/sd_o,0,80,0.0,0.0
alu_operand_b_ex_o_tag/sd_o + register_set_o_tag/sd_o,0,80,0.0,0.0
alu_operand_b_ex_o_tag/sd_o + is_store_post_o_tag/sd_o,0,80,0.0,0.0
alu_operand_b_ex_o_tag/sd_o + memory_set_o_tag/sd_o,0,80,0.0,0.0
check_s1_o_tag + pc_if_o_tag/sd_o,0,80,0.0,0.0
check_s1_o_tag + pc_id_o_tag/sd_o,0,80,0.0,0.0
alu_operator_o_mode/sd_o + check_s1_o_tag,0,80,0.0,0.0
check_s1_o_tag + store_dest_addr_ex_o_tag/sd_o,0,80,0.0,0.0
check_s1_o_tag + store_source_ex_o_tag/sd_o,0,80,0.0,0.0
check_s1_o_tag + use_store_ops_ex_o/sd_o,0,80,0.0,0.0
alu_operand_a_ex_o_tag/sd_o + check_s1_o_tag,0,80,0.0,0.0
alu_operand_b_ex_o_tag/sd_o + check_s1_o_tag,0,80,0.0,0.0
alu_operand_b_ex_o_tag/sd_o + sd_o_rf_tag,0,80,0.0,0.0
alu_operand_b_ex_o_tag/sd_o + rs1_o_tag/sd_o,0,80,0.0,0.0
alu_operand_b_ex_o_tag/sd_o + data_we_q_tag/sd_o,0,80,0.0,0.0
alu_operand_b_ex_o_tag/sd_o + rdata_offset_q_tag/sd_o,0,80,0.0,0.0
alu_operand_b_ex_o_tag/sd_o + data_type_q_tag/sd_o,0,80,0.0,0.0
alu_operand_b_ex_o_tag/sd_o + rdata_q_tag/sd_o,0,80,0.0,0.0
alu_operand_c_ex_o_tag/hc_o + tpr/sd_o_32,0,80,0.0,0.0
alu_operand_c_ex_o_tag/hc_o + tcr/sd_o_32,0,80,0.0,0.0
alu_operand_c_ex_o_tag/sd_o + check_s1_o_tag/sd_o,0,80,0.0,0.0
alu_operand_c_ex_o_tag/sd_o + check_s2_o_tag/sd_o,0,80,0.0,0.0
alu_operand_c_ex_o_tag/sd_o + check_d_o_tag/sd_o,0,80,0.0,0.0
alu_operand_c_ex_o_tag/sd_o + register_set_o_tag/sd_o,0,80,0.0,0.0
alu_operand_c_ex_o_tag/sd_o + is_store_post_o_tag/sd_o,0,80,0.0,0.0
alu_operand_c_ex_o_tag/sd_o + memory_set_o_tag/sd_o,0,80,0.0,0.0
alu_operand_c_ex_o_tag/sd_o + sd_o_rf_tag,0,80,0.0,0.0
alu_operand_c_ex_o_tag/sd_o + rs1_o_tag/sd_o,0,80,0.0,0.0
alu_operand_c_ex_o_tag/sd_o + data_we_q_tag/sd_o,0,80,0.0,0.0
alu_operand_c_ex_o_tag/sd_o + rdata_offset_q_tag/sd_o,0,80,0.0,0.0
alu_operand_c_ex_o_tag/sd_o + data_type_q_tag/sd_o,0,80,0.0,0.0
alu_operand_c_ex_o_tag/sd_o + rdata_q_tag/sd_o,0,80,0.0,0.0
alu_operand_c_ex_o_tag/sd_o + check_s1_o_tag,0,80,0.0,0.0
check_s1_o_tag + check_s1_o_tag/sd_o,0,80,0.0,0.0
check_s1_o_tag + check_s2_o_tag/sd_o,0,80,0.0,0.0
check_d_o_tag/sd_o + check_s1_o_tag,0,80,0.0,0.0
check_s1_o_tag + register_set_o_tag/sd_o,0,80,0.0,0.0
check_s1_o_tag + is_store_post_o_tag/sd_o,0,80,0.0,0.0
check_s1_o_tag + memory_set_o_tag/sd_o,0,80,0.0,0.0
check_s1_o_tag/hc_o + tpr/sd_o_32,0,80,0.0,0.0
check_s1_o_tag/hc_o + tcr/sd_o_32,0,80,0.0,0.0
check_s1_o_tag/sd_o + check_s2_o_tag/sd_o,0,80,0.0,0.0
check_d_o_tag/sd_o + check_s1_o_tag/sd_o,0,80,0.0,0.0
check_s1_o_tag/sd_o + register_set_o_tag/sd_o,0,80,0.0,0.0
check_s1_o_tag/sd_o + is_store_post_o_tag/sd_o,0,80,0.0,0.0
check_s1_o_tag/sd_o + memory_set_o_tag/sd_o,0,80,0.0,0.0
check_s1_o_tag/sd_o + sd_o_rf_tag,0,80,0.0,0.0
check_s1_o_tag/sd_o + rs1_o_tag/sd_o,0,80,0.0,0.0
check_s1_o_tag/sd_o + data_we_q_tag/sd_o,0,80,0.0,0.0
check_s1_o_tag/sd_o + rdata_offset_q_tag/sd_o,0,80,0.0,0.0
check_s1_o_tag/sd_o + data_type_q_tag/sd_o,0,80,0.0,0.0
check_s1_o_tag/sd_o + rdata_q_tag/sd_o,0,80,0.0,0.0
check_s2_o_tag/hc_o + tpr/sd_o_32,0,80,0.0,0.0
check_s2_o_tag/hc_o + tcr/sd_o_32,0,80,0.0,0.0
check_d_o_tag/sd_o + check_s2_o_tag/sd_o,0,80,0.0,0.0
check_s2_o_tag/sd_o + register_set_o_tag/sd_o,0,80,0.0,0.0
check_s2_o_tag/sd_o + is_store_post_o_tag/sd_o,0,80,0.0,0.0
check_s2_o_tag/sd_o + memory_set_o_tag/sd_o,0,80,0.0,0.0
check_s2_o_tag/sd_o + sd_o_rf_tag,0,80,0.0,0.0
check_s2_o_tag/sd_o + rs1_o_tag/sd_o,0,80,0.0,0.0
check_s2_o_tag/sd_o + data_we_q_tag/sd_o,0,80,0.0,0.0
check_s2_o_tag/sd_o + rdata_offset_q_tag/sd_o,0,80,0.0,0.0
check_s2_o_tag/sd_o + data_type_q_tag/sd_o,0,80,0.0,0.0
check_s2_o_tag/sd_o + rdata_q_tag/sd_o,0,80,0.0,0.0
check_s1_o_tag + rs1_o_tag/sd_o,0,80,0.0,0.0
check_s1_o_tag + data_we_q_tag/sd_o,0,80,0.0,0.0
check_s1_o_tag + rdata_offset_q_tag/sd_o,0,80,0.0,0.0
check_d_o_tag/hc_o + tpr/sd_o_32,0,80,0.0,0.0
check_d_o_tag/hc_o + tcr/sd_o_32,0,80,0.0,0.0
check_d_o_tag/sd_o + register_set_o_tag/sd_o,0,80,0.0,0.0
check_d_o_tag/sd_o + is_store_post_o_tag/sd_o,0,80,0.0,0.0
check_d_o_tag/sd_o + memory_set_o_tag/sd_o,0,80,0.0,0.0
check_d_o_tag/sd_o + sd_o_rf_tag,0,80,0.0,0.0
check_d_o_tag/sd_o + rs1_o_tag/sd_o,0,80,0.0,0.0
check_d_o_tag/sd_o + data_we_q_tag/sd_o,0,80,0.0,0.0
check_d_o_tag/sd_o + rdata_offset_q_tag/sd_o,0,80,0.0,0.0
check_d_o_tag/sd_o + data_type_q_tag/sd_o,0,80,0.0,0.0
check_d_o_tag/sd_o + rdata_q_tag/sd_o,0,80,0.0,0.0
register_set_o_tag/hc_o + tpr/sd_o_32,0,80,0.0,0.0
register_set_o_tag/hc_o + tcr/sd_o_32,0,80,0.0,0.0
is_store_post_o_tag/sd_o + register_set_o_tag/sd_o,0,80,0.0,0.0
memory_set_o_tag/sd_o + register_set_o_tag/sd_o,0,80,0.0,0.0
pc_id_o_tag + rs1_o_tag/sd_o,0,80,0.0,0.0
check_s1_o_tag + data_type_q_tag/sd_o,0,80,0.0,0.0
check_s1_o_tag + rdata_q_tag/sd_o,0,80,0.0,0.0
register_set_o_tag/sd_o + sd_o_rf_tag,0,80,0.0,0.0
register_set_o_tag/sd_o + rs1_o_tag/sd_o,0,80,0.0,0.0
data_we_q_tag/sd_o + register_set_o_tag/sd_o,0,80,0.0,0.0
rdata_offset_q_tag/sd_o + register_set_o_tag/sd_o,0,80,0.0,0.0
data_type_q_tag/sd_o + register_set_o_tag/sd_o,0,80,0.0,0.0
rdata_q_tag/sd_o + register_set_o_tag/sd_o,0,80,0.0,0.0
is_store_post_o_tag/hc_o + tpr/sd_o_32,0,80,0.0,0.0
is_store_post_o_tag/hc_o + tcr/sd_o_32,0,80,0.0,0.0
is_store_post_o_tag/sd_o + memory_set_o_tag/sd_o,0,80,0.0,0.0
is_store_post_o_tag/sd_o + sd_o_rf_tag,0,80,0.0,0.0
is_store_post_o_tag/sd_o + rs1_o_tag/sd_o,0,80,0.0,0.0
data_we_q_tag/sd_o + is_store_post_o_tag/sd_o,0,80,0.0,0.0
is_store_post_o_tag/sd_o + rdata_offset_q_tag/sd_o,0,80,0.0,0.0
data_type_q_tag/sd_o + is_store_post_o_tag/sd_o,0,80,0.0,0.0
is_store_post_o_tag/sd_o + rdata_q_tag/sd_o,0,80,0.0,0.0
memory_set_o_tag/hc_o + tpr/sd_o_32,0,80,0.0,0.0
memory_set_o_tag/hc_o + tcr/sd_o_32,0,80,0.0,0.0
check_s2_o_tag + pc_if_o_tag/sd_o,0,80,0.0,0.0
check_s2_o_tag + pc_id_o_tag/sd_o,0,80,0.0,0.0
alu_operator_o_mode/sd_o + check_s2_o_tag,0,80,0.0,0.0
check_s2_o_tag + store_dest_addr_ex_o_tag/sd_o,0,80,0.0,0.0
memory_set_o_tag/sd_o + sd_o_rf_tag,0,80,0.0,0.0
memory_set_o_tag/sd_o + rs1_o_tag/sd_o,0,80,0.0,0.0
data_we_q_tag/sd_o + memory_set_o_tag/sd_o,0,80,0.0,0.0
memory_set_o_tag/sd_o + rdata_offset_q_tag/sd_o,0,80,0.0,0.0
data_type_q_tag/sd_o + memory_set_o_tag/sd_o,0,80,0.0,0.0
memory_set_o_tag/sd_o + rdata_q_tag/sd_o,0,80,0.0,0.0
check_s2_o_tag + store_source_ex_o_tag/sd_o,0,80,0.0,0.0
check_s2_o_tag + use_store_ops_ex_o/sd_o,0,80,0.0,0.0
alu_operand_a_ex_o_tag/sd_o + check_s2_o_tag,0,80,0.0,0.0
alu_operand_b_ex_o_tag/sd_o + check_s2_o_tag,0,80,0.0,0.0
alu_operand_c_ex_o_tag/sd_o + check_s2_o_tag,0,80,0.0,0.0
check_s1_o_tag/sd_o + check_s2_o_tag,0,80,0.0,0.0
check_s2_o_tag + check_s2_o_tag/sd_o,0,80,0.0,0.0
check_d_o_tag/sd_o + check_s2_o_tag,0,80,0.0,0.0
check_s2_o_tag + register_set_o_tag/sd_o,0,80,0.0,0.0
check_s2_o_tag + is_store_post_o_tag/sd_o,0,80,0.0,0.0
check_s2_o_tag + memory_set_o_tag/sd_o,0,80,0.0,0.0
check_s2_o_tag + rs1_o_tag/sd_o,0,80,0.0,0.0
check_s2_o_tag + data_we_q_tag/sd_o,0,80,0.0,0.0
check_s2_o_tag + rdata_offset_q_tag/sd_o,0,80,0.0,0.0
check_s2_o_tag + data_type_q_tag/sd_o,0,80,0.0,0.0
check_s2_o_tag + rdata_q_tag/sd_o,0,80,0.0,0.0
rs1_o_tag/sd_o + sd_o_rf_tag,0,80,0.0,0.0
data_we_q_tag/sd_o + sd_o_rf_tag,0,80,0.0,0.0
rdata_offset_q_tag/sd_o + sd_o_rf_tag,0,80,0.0,0.0
data_type_q_tag/sd_o + sd_o_rf_tag,0,80,0.0,0.0
rdata_q_tag/sd_o + sd_o_rf_tag,0,80,0.0,0.0
is_store_post_o_tag + pc_if_o_tag/sd_o,0,80,0.0,0.0
is_store_post_o_tag + pc_id_o_tag/sd_o,0,80,0.0,0.0
rs1_o_tag/hc_o + tpr/sd_o_32,0,80,0.0,0.0
rs1_o_tag/hc_o + tcr/sd_o_32,0,80,0.0,0.0
data_we_q_tag/sd_o + rs1_o_tag/sd_o,0,80,0.0,0.0
rdata_offset_q_tag/sd_o + rs1_o_tag/sd_o,0,80,0.0,0.0
data_type_q_tag/sd_o + rs1_o_tag/sd_o,0,80,0.0,0.0
rdata_q_tag/sd_o + rs1_o_tag/sd_o,0,80,0.0,0.0
alu_operator_o_mode/sd_o + is_store_post_o_tag,0,80,0.0,0.0
is_store_post_o_tag + store_dest_addr_ex_o_tag/sd_o,0,80,0.0,0.0
is_store_post_o_tag + store_source_ex_o_tag/sd_o,0,80,0.0,0.0
is_store_post_o_tag + use_store_ops_ex_o/sd_o,0,80,0.0,0.0
alu_operand_a_ex_o_tag/sd_o + is_store_post_o_tag,0,80,0.0,0.0
alu_operand_b_ex_o_tag/sd_o + is_store_post_o_tag,0,80,0.0,0.0
alu_operand_c_ex_o_tag/sd_o + is_store_post_o_tag,0,80,0.0,0.0
check_s1_o_tag/sd_o + is_store_post_o_tag,0,80,0.0,0.0
check_s2_o_tag/sd_o + is_store_post_o_tag,0,80,0.0,0.0
check_d_o_tag/sd_o + is_store_post_o_tag,0,80,0.0,0.0
is_store_post_o_tag + register_set_o_tag/sd_o,0,80,0.0,0.0
is_store_post_o_tag + is_store_post_o_tag/sd_o,0,80,0.0,0.0
is_store_post_o_tag + memory_set_o_tag/sd_o,0,80,0.0,0.0
data_we_q_tag/hc_o + tpr/sd_o_32,0,80,0.0,0.0
is_store_post_o_tag + rs1_o_tag/sd_o,0,80,0.0,0.0
data_we_q_tag/hc_o + tcr/sd_o_32,0,80,0.0,0.0
data_we_q_tag/sd_o + rdata_offset_q_tag/sd_o,0,80,0.0,0.0
data_type_q_tag/sd_o + data_we_q_tag/sd_o,0,80,0.0,0.0
data_we_q_tag/sd_o + rdata_q_tag/sd_o,0,80,0.0,0.0
data_type_q_tag/sd_o + rdata_offset_q_tag/sd_o,0,80,0.0,0.0
rdata_offset_q_tag/sd_o + rdata_q_tag/sd_o,0,80,0.0,0.0
data_type_q_tag/sd_o + rdata_q_tag/sd_o,0,80,0.0,0.0
data_we_q_tag/sd_o + is_store_post_o_tag,0,80,0.0,0.0
is_store_post_o_tag + rdata_offset_q_tag/sd_o,0,80,0.0,0.0
data_type_q_tag/sd_o + is_store_post_o_tag,0,80,0.0,0.0
is_store_post_o_tag + rdata_q_tag/sd_o,0,80,0.0,0.0
data_we_q_tag/sd_o + pc_id_o_tag,0,80,0.0,0.0
pc_id_o_tag + rdata_offset_q_tag/sd_o,0,80,0.0,0.0
data_type_q_tag/sd_o + pc_id_o_tag,0,80,0.0,0.0
pc_id_o_tag + rdata_q_tag/sd_o,0,80,0.0,0.0
memory_set_o_tag + pc_if_o_tag/sd_o,0,80,0.0,0.0
memory_set_o_tag + pc_id_o_tag/sd_o,0,80,0.0,0.0
alu_operator_o_mode/sd_o + memory_set_o_tag,0,80,0.0,0.0
memory_set_o_tag + store_dest_addr_ex_o_tag/sd_o,0,80,0.0,0.0
memory_set_o_tag + store_source_ex_o_tag/sd_o,0,80,0.0,0.0
memory_set_o_tag + use_store_ops_ex_o/sd_o,0,80,0.0,0.0
alu_operand_a_ex_o_tag/sd_o + memory_set_o_tag,0,80,0.0,0.0
alu_operand_b_ex_o_tag/sd_o + memory_set_o_tag,0,80,0.0,0.0
alu_operand_c_ex_o_tag/sd_o + memory_set_o_tag,0,80,0.0,0.0
check_s1_o_tag/sd_o + memory_set_o_tag,0,80,0.0,0.0
check_s2_o_tag/sd_o + memory_set_o_tag,0,80,0.0,0.0
check_d_o_tag/sd_o + memory_set_o_tag,0,80,0.0,0.0
memory_set_o_tag + register_set_o_tag/sd_o,0,80,0.0,0.0
is_store_post_o_tag/sd_o + memory_set_o_tag,0,80,0.0,0.0
memory_set_o_tag + memory_set_o_tag/sd_o,0,80,0.0,0.0
memory_set_o_tag + rs1_o_tag/sd_o,0,80,0.0,0.0
data_we_q_tag/sd_o + memory_set_o_tag,0,80,0.0,0.0
memory_set_o_tag + rdata_offset_q_tag/sd_o,0,80,0.0,0.0
data_type_q_tag/sd_o + memory_set_o_tag,0,80,0.0,0.0
memory_set_o_tag + rdata_q_tag/sd_o,0,80,0.0,0.0
pc_if_o_tag + pc_if_o_tag/sd_o,0,80,0.0,0.0
pc_id_o_tag/sd_o + pc_if_o_tag,0,80,0.0,0.0
alu_operator_o_mode/sd_o + pc_if_o_tag,0,80,0.0,0.0
pc_if_o_tag + store_dest_addr_ex_o_tag/sd_o,0,80,0.0,0.0
pc_if_o_tag + store_source_ex_o_tag/sd_o,0,80,0.0,0.0
pc_if_o_tag + use_store_ops_ex_o/sd_o,0,80,0.0,0.0
alu_operand_a_ex_o_tag/sd_o + pc_if_o_tag,0,80,0.0,0.0
alu_operand_b_ex_o_tag/sd_o + pc_if_o_tag,0,80,0.0,0.0
alu_operand_c_ex_o_tag/sd_o + pc_if_o_tag,0,80,0.0,0.0
check_s1_o_tag/sd_o + pc_if_o_tag,0,80,0.0,0.0
check_s2_o_tag/sd_o + pc_if_o_tag,0,80,0.0,0.0
check_d_o_tag/sd_o + pc_if_o_tag,0,80,0.0,0.0
pc_if_o_tag + register_set_o_tag/sd_o,0,80,0.0,0.0
is_store_post_o_tag/sd_o + pc_if_o_tag,0,80,0.0,0.0
memory_set_o_tag/sd_o + pc_if_o_tag,0,80,0.0,0.0
pc_if_o_tag + rs1_o_tag/sd_o,0,80,0.0,0.0
data_we_q_tag/sd_o + pc_if_o_tag,0,80,0.0,0.0
pc_if_o_tag + rdata_offset_q_tag/sd_o,0,80,0.0,0.0
data_type_q_tag/sd_o + pc_if_o_tag,0,80,0.0,0.0
pc_if_o_tag + rdata_q_tag/sd_o,0,80,0.0,0.0
pc_if_o_tag + tcr_execute/sd_o,0,80,0.0,0.0
register_set_o_tag + tcr_execute/sd_o,0,80,0.0,0.0
store_dest_addr_ex_o_tag + tcr_execute/sd_o,0,80,0.0,0.0
store_source_ex_o_tag + tcr_execute/sd_o,0,80,0.0,0.0
tcr_execute/sd_o + use_store_ops_ex_o,0,80,0.0,0.0
alu_operand_a_ex_o_tag + tcr_execute/sd_o,0,80,0.0,0.0
rf_reg[0] + tcr_execute/sd_o,0,80,0.0,0.0
rf_reg[1] + tcr_execute/sd_o,0,80,0.0,0.0
rf_reg[2] + tcr_execute/sd_o,0,80,0.0,0.0
rf_reg[3] + tcr_execute/sd_o,0,80,0.0,0.0
rf_reg[4] + tcr_execute/sd_o,0,80,0.0,0.0
rf_reg[5] + tcr_execute/sd_o,0,80,0.0,0.0
rf_reg[6] + tcr_execute/sd_o,0,80,0.0,0.0
rf_reg[7] + tcr_execute/sd_o,0,80,0.0,0.0
rf_reg[8] + tcr_execute/sd_o,0,80,0.0,0.0
rf_reg[9] + tcr_execute/sd_o,0,80,0.0,0.0
rf_reg[10] + tcr_execute/sd_o,0,80,0.0,0.0
alu_operand_b_ex_o_tag + tcr_execute/sd_o,0,80,0.0,0.0
rf_reg[11] + tcr_execute/sd_o,0,80,0.0,0.0
rf_reg[12] + tcr_execute/sd_o,0,80,0.0,0.0
rf_reg[13] + tcr_execute/sd_o,0,80,0.0,0.0
rf_reg[14] + tcr_execute/sd_o,0,80,0.0,0.0
rf_reg[15] + tcr_execute/sd_o,0,80,0.0,0.0
rf_reg[16] + tcr_execute/sd_o,0,80,0.0,0.0
rf_reg[17] + tcr_execute/sd_o,0,80,0.0,0.0
rf_reg[18] + tcr_execute/sd_o,0,80,0.0,0.0
rf_reg[19] + tcr_execute/sd_o,0,80,0.0,0.0
rf_reg[20] + tcr_execute/sd_o,0,80,0.0,0.0
rf_reg[21] + tcr_execute/sd_o,0,80,0.0,0.0
rf_reg[22] + tcr_execute/sd_o,0,80,0.0,0.0
rf_reg[23] + tcr_execute/sd_o,0,80,0.0,0.0
alu_operand_c_ex_o_tag + tcr_execute/sd_o,0,80,0.0,0.0
rf_reg[24] + tcr_execute/sd_o,0,80,0.0,0.0
rf_reg[25] + tcr_execute/sd_o,0,80,0.0,0.0
rf_reg[26] + tcr_execute/sd_o,0,80,0.0,0.0
rf_reg[27] + tcr_execute/sd_o,0,80,0.0,0.0
rf_reg[28] + tcr_execute/sd_o,0,80,0.0,0.0
rf_reg[29] + tcr_execute/sd_o,0,80,0.0,0.0
rf_reg[30] + tcr_execute/sd_o,0,80,0.0,0.0
rf_reg[31] + tcr_execute/sd_o,0,80,0.0,0.0
rs1_o_tag + tcr_execute/sd_o,0,80,0.0,0.0
data_type_q_tag + tpr_arith/sd_o,0,80,0.0,0.0
data_type_q_tag + tpr_branch/sd_o,0,80,0.0,0.0
data_type_q_tag + tpr_jump/sd_o,0,80,0.0,0.0
data_type_q_tag + tpr_shift/sd_o,0,80,0.0,0.0
data_type_q_tag + tpr_comparison/sd_o,0,80,0.0,0.0
data_type_q_tag + tpr_logical/sd_o,0,80,0.0,0.0
data_type_q_tag + tpr_load_store_mode/sd_o,0,80,0.0,0.0
data_type_q_tag + tpr_load_store_enable/sd_o,0,80,0.0,0.0
data_type_q_tag + tcr_arith/sd_o,0,80,0.0,0.0
data_type_q_tag + tcr_branch/sd_o,0,80,0.0,0.0
data_type_q_tag + tcr_jump/sd_o,0,80,0.0,0.0
data_type_q_tag + tcr_shift/sd_o,0,80,0.0,0.0
data_type_q_tag + tcr_comparison/sd_o,0,80,0.0,0.0
data_type_q_tag + tcr_logical/sd_o,0,80,0.0,0.0
data_type_q_tag + tcr_load_store/sd_o,0,80,0.0,0.0
data_we_q_tag + tcr_execute/sd_o,0,80,0.0,0.0
rdata_offset_q_tag + tpr_arith/sd_o,0,80,0.0,0.0
rdata_offset_q_tag + tpr_branch/sd_o,0,80,0.0,0.0
rdata_offset_q_tag + tpr_jump/sd_o,0,80,0.0,0.0
rdata_offset_q_tag + tpr_shift/sd_o,0,80,0.0,0.0
rdata_offset_q_tag + tpr_comparison/sd_o,0,80,0.0,0.0
rdata_offset_q_tag + tpr_logical/sd_o,0,80,0.0,0.0
rdata_offset_q_tag + tpr_load_store_mode/sd_o,0,80,0.0,0.0
rdata_offset_q_tag + tpr_load_store_enable/sd_o,0,80,0.0,0.0
rdata_offset_q_tag + tcr_arith/sd_o,0,80,0.0,0.0
rdata_offset_q_tag + tcr_branch/sd_o,0,80,0.0,0.0
rdata_offset_q_tag + tcr_jump/sd_o,0,80,0.0,0.0
rdata_offset_q_tag + tcr_shift/sd_o,0,80,0.0,0.0
rdata_offset_q_tag + tcr_comparison/sd_o,0,80,0.0,0.0
rdata_offset_q_tag + tcr_logical/sd_o,0,80,0.0,0.0
rdata_offset_q_tag + tcr_load_store/sd_o,0,80,0.0,0.0
alu_operator_o_mode + tpr_arith/sd_o,0,80,0.0,0.0
alu_operator_o_mode + tpr_branch/sd_o,0,80,0.0,0.0
alu_operator_o_mode + tpr_jump/sd_o,0,80,0.0,0.0
alu_operator_o_mode + tpr_shift/sd_o,0,80,0.0,0.0
alu_operator_o_mode + tpr_comparison/sd_o,0,80,0.0,0.0
alu_operator_o_mode + tpr_logical/sd_o,0,80,0.0,0.0
alu_operator_o_mode + tpr_load_store_mode/sd_o,0,80,0.0,0.0
alu_operator_o_mode + tpr_load_store_enable/sd_o,0,80,0.0,0.0
alu_operator_o_mode + tcr_arith/sd_o,0,80,0.0,0.0
pc_if_o_tag/hc_o + tpr_arith/sd_o,0,80,0.0,0.0
pc_if_o_tag/hc_o + tpr_branch/sd_o,0,80,0.0,0.0
pc_if_o_tag/hc_o + tpr_jump/sd_o,0,80,0.0,0.0
pc_if_o_tag/hc_o + tpr_shift/sd_o,0,80,0.0,0.0
pc_if_o_tag/hc_o + tpr_comparison/sd_o,0,80,0.0,0.0
pc_if_o_tag/hc_o + tpr_logical/sd_o,0,80,0.0,0.0
pc_if_o_tag/hc_o + tpr_load_store_mode/sd_o,0,80,0.0,0.0
pc_if_o_tag/hc_o + tpr_load_store_enable/sd_o,0,80,0.0,0.0
pc_if_o_tag/hc_o + tcr_arith/sd_o,0,80,0.0,0.0
pc_if_o_tag/hc_o + tcr_branch/sd_o,0,80,0.0,0.0
pc_if_o_tag/hc_o + tcr_jump/sd_o,0,80,0.0,0.0
pc_if_o_tag/hc_o + tcr_shift/sd_o,0,80,0.0,0.0
alu_operator_o_mode + tcr_branch/sd_o,0,80,0.0,0.0
alu_operator_o_mode + tcr_jump/sd_o,0,80,0.0,0.0
alu_operator_o_mode + tcr_shift/sd_o,0,80,0.0,0.0
alu_operator_o_mode + tcr_comparison/sd_o,0,80,0.0,0.0
alu_operator_o_mode + tcr_logical/sd_o,0,80,0.0,0.0
pc_if_o_tag/hc_o + tcr_comparison/sd_o,0,80,0.0,0.0
pc_if_o_tag/hc_o + tcr_logical/sd_o,0,80,0.0,0.0
pc_if_o_tag/hc_o + tcr_load_store/sd_o,0,80,0.0,0.0
pc_if_o_tag/hc_o + tcr_execute/sd_o,0,80,0.0,0.0
pc_if_o_tag/sd_o + tcr_execute/hc_o,0,80,0.0,0.0
pc_id_o_tag/hc_o + tpr_arith/sd_o,0,80,0.0,0.0
pc_id_o_tag/hc_o + tpr_branch/sd_o,0,80,0.0,0.0
pc_id_o_tag/hc_o + tpr_jump/sd_o,0,80,0.0,0.0
pc_id_o_tag/hc_o + tpr_shift/sd_o,0,80,0.0,0.0
pc_id_o_tag/hc_o + tpr_comparison/sd_o,0,80,0.0,0.0
pc_id_o_tag/hc_o + tpr_logical/sd_o,0,80,0.0,0.0
alu_operator_o_mode + tcr_load_store/sd_o,0,80,0.0,0.0
pc_id_o_tag/hc_o + tpr_load_store_mode/sd_o,0,80,0.0,0.0
pc_id_o_tag/hc_o + tpr_load_store_enable/sd_o,0,80,0.0,0.0
pc_id_o_tag/hc_o + tcr_arith/sd_o,0,80,0.0,0.0
pc_id_o_tag/hc_o + tcr_branch/sd_o,0,80,0.0,0.0
pc_id_o_tag/hc_o + tcr_jump/sd_o,0,80,0.0,0.0
pc_id_o_tag/hc_o + tcr_shift/sd_o,0,80,0.0,0.0
pc_id_o_tag/hc_o + tcr_comparison/sd_o,0,80,0.0,0.0
pc_id_o_tag/hc_o + tcr_logical/sd_o,0,80,0.0,0.0
pc_id_o_tag/hc_o + tcr_load_store/sd_o,0,80,0.0,0.0
pc_id_o_tag/hc_o + tcr_execute/sd_o,0,80,0.0,0.0
pc_id_o_tag/sd_o + tcr_execute/hc_o,0,80,0.0,0.0
sd_o_5 + tcr_execute/hc_o,0,80,0.0,0.0
check_d_o_tag + tcr_execute/sd_o,0,80,0.0,0.0
alu_operator_o_mode/sd_o + tcr_execute/hc_o,0,80,0.0,0.0
store_dest_addr_ex_o_tag/hc_o + tpr_arith/sd_o,0,80,0.0,0.0
store_dest_addr_ex_o_tag/hc_o + tpr_branch/sd_o,0,80,0.0,0.0
store_dest_addr_ex_o_tag/hc_o + tpr_jump/sd_o,0,80,0.0,0.0
store_dest_addr_ex_o_tag/hc_o + tpr_shift/sd_o,0,80,0.0,0.0
store_dest_addr_ex_o_tag/hc_o + tpr_comparison/sd_o,0,80,0.0,0.0
store_dest_addr_ex_o_tag/hc_o + tpr_logical/sd_o,0,80,0.0,0.0
store_dest_addr_ex_o_tag/hc_o + tpr_load_store_mode/sd_o,0,80,0.0,0.0
store_dest_addr_ex_o_tag/hc_o + tpr_load_store_enable/sd_o,0,80,0.0,0.0
store_dest_addr_ex_o_tag/hc_o + tcr_arith/sd_o,0,80,0.0,0.0
store_dest_addr_ex_o_tag/hc_o + tcr_branch/sd_o,0,80,0.0,0.0
store_dest_addr_ex_o_tag/hc_o + tcr_jump/sd_o,0,80,0.0,0.0
store_dest_addr_ex_o_tag/hc_o + tcr_shift/sd_o,0,80,0.0,0.0
store_dest_addr_ex_o_tag/hc_o + tcr_comparison/sd_o,0,80,0.0,0.0
store_dest_addr_ex_o_tag/hc_o + tcr_logical/sd_o,0,80,0.0,0.0
store_dest_addr_ex_o_tag/hc_o + tcr_load_store/sd_o,0,80,0.0,0.0
store_dest_addr_ex_o_tag/hc_o + tcr_execute/sd_o,0,80,0.0,0.0
store_dest_addr_ex_o_tag/sd_o + tcr_execute/hc_o,0,80,0.0,0.0
store_source_ex_o_tag/hc_o + tpr_arith/sd_o,0,80,0.0,0.0
store_source_ex_o_tag/hc_o + tpr_branch/sd_o,0,80,0.0,0.0
store_source_ex_o_tag/hc_o + tpr_jump/sd_o,0,80,0.0,0.0
store_source_ex_o_tag/hc_o + tpr_shift/sd_o,0,80,0.0,0.0
store_source_ex_o_tag/hc_o + tpr_comparison/sd_o,0,80,0.0,0.0
store_source_ex_o_tag/hc_o + tpr_logical/sd_o,0,80,0.0,0.0
store_source_ex_o_tag/hc_o + tpr_load_store_mode/sd_o,0,80,0.0,0.0
store_source_ex_o_tag/hc_o + tpr_load_store_enable/sd_o,0,80,0.0,0.0
store_source_ex_o_tag/hc_o + tcr_arith/sd_o,0,80,0.0,0.0
store_source_ex_o_tag/hc_o + tcr_branch/sd_o,0,80,0.0,0.0
store_source_ex_o_tag/hc_o + tcr_jump/sd_o,0,80,0.0,0.0
store_source_ex_o_tag/hc_o + tcr_shift/sd_o,0,80,0.0,0.0
store_source_ex_o_tag/hc_o + tcr_comparison/sd_o,0,80,0.0,0.0
store_source_ex_o_tag/hc_o + tcr_logical/sd_o,0,80,0.0,0.0
store_source_ex_o_tag/hc_o + tcr_load_store/sd_o,0,80,0.0,0.0
store_source_ex_o_tag/hc_o + tcr_execute/sd_o,0,80,0.0,0.0
store_source_ex_o_tag/sd_o + tcr_execute/hc_o,0,80,0.0,0.0
tpr_arith/sd_o + use_store_ops_ex_o/hc_o,0,80,0.0,0.0
tpr_branch/sd_o + use_store_ops_ex_o/hc_o,0,80,0.0,0.0
tpr_jump/sd_o + use_store_ops_ex_o/hc_o,0,80,0.0,0.0
tpr_shift/sd_o + use_store_ops_ex_o/hc_o,0,80,0.0,0.0
tpr_comparison/sd_o + use_store_ops_ex_o/hc_o,0,80,0.0,0.0
tpr_logical/sd_o + use_store_ops_ex_o/hc_o,0,80,0.0,0.0
tpr_load_store_mode/sd_o + use_store_ops_ex_o/hc_o,0,80,0.0,0.0
tpr_load_store_enable/sd_o + use_store_ops_ex_o/hc_o,0,80,0.0,0.0
tcr_arith/sd_o + use_store_ops_ex_o/hc_o,0,80,0.0,0.0
tcr_branch/sd_o + use_store_ops_ex_o/hc_o,0,80,0.0,0.0
tcr_jump/sd_o + use_store_ops_ex_o/hc_o,0,80,0.0,0.0
tcr_shift/sd_o + use_store_ops_ex_o/hc_o,0,80,0.0,0.0
tcr_comparison/sd_o + use_store_ops_ex_o/hc_o,0,80,0.0,0.0
tcr_logical/sd_o + use_store_ops_ex_o/hc_o,0,80,0.0,0.0
tcr_load_store/sd_o + use_store_ops_ex_o/hc_o,0,80,0.0,0.0
tcr_execute/sd_o + use_store_ops_ex_o/hc_o,0,80,0.0,0.0
tcr_execute/hc_o + use_store_ops_ex_o/sd_o,0,80,0.0,0.0
alu_operand_a_ex_o_tag/hc_o + tpr_arith/sd_o,0,80,0.0,0.0
alu_operand_a_ex_o_tag/hc_o + tpr_branch/sd_o,0,80,0.0,0.0
alu_operand_a_ex_o_tag/hc_o + tpr_jump/sd_o,0,80,0.0,0.0
alu_operand_a_ex_o_tag/hc_o + tpr_shift/sd_o,0,80,0.0,0.0
alu_operand_a_ex_o_tag/hc_o + tpr_comparison/sd_o,0,80,0.0,0.0
alu_operand_a_ex_o_tag/hc_o + tpr_logical/sd_o,0,80,0.0,0.0
alu_operand_a_ex_o_tag/hc_o + tpr_load_store_mode/sd_o,0,80,0.0,0.0
alu_operand_a_ex_o_tag/hc_o + tpr_load_store_enable/sd_o,0,80,0.0,0.0
alu_operand_a_ex_o_tag/hc_o + tcr_arith/sd_o,0,80,0.0,0.0
alu_operand_a_ex_o_tag/hc_o + tcr_branch/sd_o,0,80,0.0,0.0
alu_operand_a_ex_o_tag/hc_o + tcr_jump/sd_o,0,80,0.0,0.0
alu_operand_a_ex_o_tag/hc_o + tcr_shift/sd_o,0,80,0.0,0.0
alu_operand_a_ex_o_tag/hc_o + tcr_comparison/sd_o,0,80,0.0,0.0
alu_operand_a_ex_o_tag/hc_o + tcr_logical/sd_o,0,80,0.0,0.0
alu_operand_a_ex_o_tag/hc_o + tcr_load_store/sd_o,0,80,0.0,0.0
alu_operand_a_ex_o_tag/hc_o + tcr_execute/sd_o,0,80,0.0,0.0
alu_operand_a_ex_o_tag/sd_o + tcr_execute/hc_o,0,80,0.0,0.0
alu_operand_b_ex_o_tag/hc_o + tpr_arith/sd_o,0,80,0.0,0.0
alu_operand_b_ex_o_tag/hc_o + tpr_branch/sd_o,0,80,0.0,0.0
alu_operand_b_ex_o_tag/hc_o + tpr_jump/sd_o,0,80,0.0,0.0
alu_operand_b_ex_o_tag/hc_o + tpr_shift/sd_o,0,80,0.0,0.0
alu_operand_b_ex_o_tag/hc_o + tpr_comparison/sd_o,0,80,0.0,0.0
alu_operand_b_ex_o_tag/hc_o + tpr_logical/sd_o,0,80,0.0,0.0
alu_operand_b_ex_o_tag/hc_o + tpr_load_store_mode/sd_o,0,80,0.0,0.0
alu_operand_b_ex_o_tag/hc_o + tpr_load_store_enable/sd_o,0,80,0.0,0.0
alu_operand_b_ex_o_tag/hc_o + tcr_arith/sd_o,0,80,0.0,0.0
alu_operand_b_ex_o_tag/hc_o + tcr_branch/sd_o,0,80,0.0,0.0
alu_operand_b_ex_o_tag/hc_o + tcr_jump/sd_o,0,80,0.0,0.0
alu_operand_b_ex_o_tag/hc_o + tcr_shift/sd_o,0,80,0.0,0.0
alu_operand_b_ex_o_tag/hc_o + tcr_comparison/sd_o,0,80,0.0,0.0
alu_operand_b_ex_o_tag/hc_o + tcr_logical/sd_o,0,80,0.0,0.0
alu_operand_b_ex_o_tag/hc_o + tcr_load_store/sd_o,0,80,0.0,0.0
alu_operand_b_ex_o_tag/hc_o + tcr_execute/sd_o,0,80,0.0,0.0
check_s1_o_tag + tcr_execute/sd_o,0,80,0.0,0.0
alu_operand_b_ex_o_tag/sd_o + tcr_execute/hc_o,0,80,0.0,0.0
alu_operand_c_ex_o_tag/hc_o + tpr_arith/sd_o,0,80,0.0,0.0
alu_operand_c_ex_o_tag/hc_o + tpr_branch/sd_o,0,80,0.0,0.0
alu_operand_c_ex_o_tag/hc_o + tpr_jump/sd_o,0,80,0.0,0.0
alu_operand_c_ex_o_tag/hc_o + tpr_shift/sd_o,0,80,0.0,0.0
alu_operand_c_ex_o_tag/hc_o + tpr_comparison/sd_o,0,80,0.0,0.0
alu_operand_c_ex_o_tag/hc_o + tpr_logical/sd_o,0,80,0.0,0.0
alu_operand_c_ex_o_tag/hc_o + tpr_load_store_mode/sd_o,0,80,0.0,0.0
alu_operand_c_ex_o_tag/hc_o + tpr_load_store_enable/sd_o,0,80,0.0,0.0
alu_operand_c_ex_o_tag/hc_o + tcr_arith/sd_o,0,80,0.0,0.0
alu_operand_c_ex_o_tag/hc_o + tcr_branch/sd_o,0,80,0.0,0.0
alu_operand_c_ex_o_tag/hc_o + tcr_jump/sd_o,0,80,0.0,0.0
alu_operand_c_ex_o_tag/hc_o + tcr_shift/sd_o,0,80,0.0,0.0
alu_operand_c_ex_o_tag/hc_o + tcr_comparison/sd_o,0,80,0.0,0.0
alu_operand_c_ex_o_tag/hc_o + tcr_logical/sd_o,0,80,0.0,0.0
alu_operand_c_ex_o_tag/hc_o + tcr_load_store/sd_o,0,80,0.0,0.0
alu_operand_c_ex_o_tag/hc_o + tcr_execute/sd_o,0,80,0.0,0.0
alu_operand_c_ex_o_tag/sd_o + tcr_execute/hc_o,0,80,0.0,0.0
check_s1_o_tag/hc_o + tpr_arith/sd_o,0,80,0.0,0.0
check_s1_o_tag/hc_o + tpr_branch/sd_o,0,80,0.0,0.0
check_s1_o_tag/hc_o + tpr_jump/sd_o,0,80,0.0,0.0
check_s1_o_tag/hc_o + tpr_shift/sd_o,0,80,0.0,0.0
check_s1_o_tag/hc_o + tpr_comparison/sd_o,0,80,0.0,0.0
check_s1_o_tag/hc_o + tpr_logical/sd_o,0,80,0.0,0.0
check_s1_o_tag/hc_o + tpr_load_store_mode/sd_o,0,80,0.0,0.0
check_s1_o_tag/hc_o + tpr_load_store_enable/sd_o,0,80,0.0,0.0
check_s1_o_tag/hc_o + tcr_arith/sd_o,0,80,0.0,0.0
check_s1_o_tag/hc_o + tcr_branch/sd_o,0,80,0.0,0.0
check_s1_o_tag/hc_o + tcr_jump/sd_o,0,80,0.0,0.0
check_s1_o_tag/hc_o + tcr_shift/sd_o,0,80,0.0,0.0
check_s1_o_tag/hc_o + tcr_comparison/sd_o,0,80,0.0,0.0
check_s1_o_tag/hc_o + tcr_logical/sd_o,0,80,0.0,0.0
check_s1_o_tag/hc_o + tcr_load_store/sd_o,0,80,0.0,0.0
check_s1_o_tag/hc_o + tcr_execute/sd_o,0,80,0.0,0.0
check_s1_o_tag/sd_o + tcr_execute/hc_o,0,80,0.0,0.0
check_s2_o_tag/hc_o + tpr_arith/sd_o,0,80,0.0,0.0
check_s2_o_tag/hc_o + tpr_branch/sd_o,0,80,0.0,0.0
check_s2_o_tag/hc_o + tpr_jump/sd_o,0,80,0.0,0.0
check_s2_o_tag/hc_o + tpr_shift/sd_o,0,80,0.0,0.0
check_s2_o_tag/hc_o + tpr_comparison/sd_o,0,80,0.0,0.0
check_s2_o_tag/hc_o + tpr_logical/sd_o,0,80,0.0,0.0
check_s2_o_tag/hc_o + tpr_load_store_mode/sd_o,0,80,0.0,0.0
check_s2_o_tag/hc_o + tpr_load_store_enable/sd_o,0,80,0.0,0.0
check_s2_o_tag/hc_o + tcr_arith/sd_o,0,80,0.0,0.0
check_s2_o_tag/hc_o + tcr_branch/sd_o,0,80,0.0,0.0
check_s2_o_tag/hc_o + tcr_jump/sd_o,0,80,0.0,0.0
check_s2_o_tag/hc_o + tcr_shift/sd_o,0,80,0.0,0.0
check_s2_o_tag/hc_o + tcr_comparison/sd_o,0,80,0.0,0.0
check_s2_o_tag/hc_o + tcr_logical/sd_o,0,80,0.0,0.0
check_s2_o_tag/hc_o + tcr_load_store/sd_o,0,80,0.0,0.0
check_s2_o_tag/hc_o + tcr_execute/sd_o,0,80,0.0,0.0
check_s2_o_tag/sd_o + tcr_execute/hc_o,0,80,0.0,0.0
pc_id_o_tag + tcr_execute/sd_o,0,80,0.0,0.0
check_d_o_tag/hc_o + tpr_arith/sd_o,0,80,0.0,0.0
check_d_o_tag/hc_o + tpr_branch/sd_o,0,80,0.0,0.0
check_d_o_tag/hc_o + tpr_jump/sd_o,0,80,0.0,0.0
check_d_o_tag/hc_o + tpr_shift/sd_o,0,80,0.0,0.0
check_d_o_tag/hc_o + tpr_comparison/sd_o,0,80,0.0,0.0
check_d_o_tag/hc_o + tpr_logical/sd_o,0,80,0.0,0.0
check_d_o_tag/hc_o + tpr_load_store_mode/sd_o,0,80,0.0,0.0
check_d_o_tag/hc_o + tpr_load_store_enable/sd_o,0,80,0.0,0.0
check_d_o_tag/hc_o + tcr_arith/sd_o,0,80,0.0,0.0
check_d_o_tag/hc_o + tcr_branch/sd_o,0,80,0.0,0.0
check_d_o_tag/hc_o + tcr_jump/sd_o,0,80,0.0,0.0
check_d_o_tag/hc_o + tcr_shift/sd_o,0,80,0.0,0.0
check_d_o_tag/hc_o + tcr_comparison/sd_o,0,80,0.0,0.0
check_d_o_tag/hc_o + tcr_logical/sd_o,0,80,0.0,0.0
check_d_o_tag/hc_o + tcr_load_store/sd_o,0,80,0.0,0.0
check_d_o_tag/hc_o + tcr_execute/sd_o,0,80,0.0,0.0
check_d_o_tag/sd_o + tcr_execute/hc_o,0,80,0.0,0.0
register_set_o_tag/hc_o + tpr_arith/sd_o,0,80,0.0,0.0
register_set_o_tag/hc_o + tpr_branch/sd_o,0,80,0.0,0.0
register_set_o_tag/hc_o + tpr_jump/sd_o,0,80,0.0,0.0
register_set_o_tag/hc_o + tpr_shift/sd_o,0,80,0.0,0.0
register_set_o_tag/hc_o + tpr_comparison/sd_o,0,80,0.0,0.0
register_set_o_tag/hc_o + tpr_logical/sd_o,0,80,0.0,0.0
register_set_o_tag/hc_o + tpr_load_store_mode/sd_o,0,80,0.0,0.0
register_set_o_tag/hc_o + tpr_load_store_enable/sd_o,0,80,0.0,0.0
register_set_o_tag/hc_o + tcr_arith/sd_o,0,80,0.0,0.0
register_set_o_tag/hc_o + tcr_branch/sd_o,0,80,0.0,0.0
register_set_o_tag/hc_o + tcr_jump/sd_o,0,80,0.0,0.0
register_set_o_tag/hc_o + tcr_shift/sd_o,0,80,0.0,0.0
register_set_o_tag/hc_o + tcr_comparison/sd_o,0,80,0.0,0.0
register_set_o_tag/hc_o + tcr_logical/sd_o,0,80,0.0,0.0
register_set_o_tag/hc_o + tcr_load_store/sd_o,0,80,0.0,0.0
register_set_o_tag/hc_o + tcr_execute/sd_o,0,80,0.0,0.0
register_set_o_tag/sd_o + tcr_execute/hc_o,0,80,0.0,0.0
is_store_post_o_tag/hc_o + tpr_arith/sd_o,0,80,0.0,0.0
is_store_post_o_tag/hc_o + tpr_branch/sd_o,0,80,0.0,0.0
is_store_post_o_tag/hc_o + tpr_jump/sd_o,0,80,0.0,0.0
is_store_post_o_tag/hc_o + tpr_shift/sd_o,0,80,0.0,0.0
is_store_post_o_tag/hc_o + tpr_comparison/sd_o,0,80,0.0,0.0
is_store_post_o_tag/hc_o + tpr_logical/sd_o,0,80,0.0,0.0
is_store_post_o_tag/hc_o + tpr_load_store_mode/sd_o,0,80,0.0,0.0
is_store_post_o_tag/hc_o + tpr_load_store_enable/sd_o,0,80,0.0,0.0
is_store_post_o_tag/hc_o + tcr_arith/sd_o,0,80,0.0,0.0
is_store_post_o_tag/hc_o + tcr_branch/sd_o,0,80,0.0,0.0
is_store_post_o_tag/hc_o + tcr_jump/sd_o,0,80,0.0,0.0
is_store_post_o_tag/hc_o + tcr_shift/sd_o,0,80,0.0,0.0
is_store_post_o_tag/hc_o + tcr_comparison/sd_o,0,80,0.0,0.0
is_store_post_o_tag/hc_o + tcr_logical/sd_o,0,80,0.0,0.0
is_store_post_o_tag/hc_o + tcr_load_store/sd_o,0,80,0.0,0.0
is_store_post_o_tag/hc_o + tcr_execute/sd_o,0,80,0.0,0.0
is_store_post_o_tag/sd_o + tcr_execute/hc_o,0,80,0.0,0.0
memory_set_o_tag/hc_o + tpr_arith/sd_o,0,80,0.0,0.0
memory_set_o_tag/hc_o + tpr_branch/sd_o,0,80,0.0,0.0
memory_set_o_tag/hc_o + tpr_jump/sd_o,0,80,0.0,0.0
memory_set_o_tag/hc_o + tpr_shift/sd_o,0,80,0.0,0.0
memory_set_o_tag/hc_o + tpr_comparison/sd_o,0,80,0.0,0.0
memory_set_o_tag/hc_o + tpr_logical/sd_o,0,80,0.0,0.0
memory_set_o_tag/hc_o + tpr_load_store_mode/sd_o,0,80,0.0,0.0
memory_set_o_tag/hc_o + tpr_load_store_enable/sd_o,0,80,0.0,0.0
memory_set_o_tag/hc_o + tcr_arith/sd_o,0,80,0.0,0.0
memory_set_o_tag/hc_o + tcr_branch/sd_o,0,80,0.0,0.0
memory_set_o_tag/hc_o + tcr_jump/sd_o,0,80,0.0,0.0
memory_set_o_tag/hc_o + tcr_shift/sd_o,0,80,0.0,0.0
memory_set_o_tag/hc_o + tcr_comparison/sd_o,0,80,0.0,0.0
memory_set_o_tag/hc_o + tcr_logical/sd_o,0,80,0.0,0.0
memory_set_o_tag/hc_o + tcr_load_store/sd_o,0,80,0.0,0.0
memory_set_o_tag/hc_o + tcr_execute/sd_o,0,80,0.0,0.0
check_s2_o_tag + tcr_execute/sd_o,0,80,0.0,0.0
memory_set_o_tag/sd_o + tcr_execute/hc_o,0,80,0.0,0.0
is_store_post_o_tag + tcr_execute/sd_o,0,80,0.0,0.0
sd_o_rf_tag + tcr_execute/sd_o,0,80,0.0,0.0
rs1_o_tag/hc_o + tpr_arith/sd_o,0,80,0.0,0.0
rs1_o_tag/hc_o + tpr_branch/sd_o,0,80,0.0,0.0
rs1_o_tag/hc_o + tpr_jump/sd_o,0,80,0.0,0.0
rs1_o_tag/hc_o + tpr_shift/sd_o,0,80,0.0,0.0
rs1_o_tag/hc_o + tpr_comparison/sd_o,0,80,0.0,0.0
rs1_o_tag/hc_o + tpr_logical/sd_o,0,80,0.0,0.0
rs1_o_tag/hc_o + tpr_load_store_mode/sd_o,0,80,0.0,0.0
rs1_o_tag/hc_o + tpr_load_store_enable/sd_o,0,80,0.0,0.0
rs1_o_tag/hc_o + tcr_arith/sd_o,0,80,0.0,0.0
rs1_o_tag/hc_o + tcr_branch/sd_o,0,80,0.0,0.0
rs1_o_tag/hc_o + tcr_jump/sd_o,0,80,0.0,0.0
rs1_o_tag/hc_o + tcr_shift/sd_o,0,80,0.0,0.0
rs1_o_tag/hc_o + tcr_comparison/sd_o,0,80,0.0,0.0
rs1_o_tag/hc_o + tcr_logical/sd_o,0,80,0.0,0.0
rs1_o_tag/hc_o + tcr_load_store/sd_o,0,80,0.0,0.0
rs1_o_tag/hc_o + tcr_execute/sd_o,0,80,0.0,0.0
rs1_o_tag/sd_o + tcr_execute/hc_o,0,80,0.0,0.0
tcr_execute/hc_o + tpr_arith/sd_o,0,80,0.0,0.0
data_we_q_tag/hc_o + tpr_arith/sd_o,0,80,0.0,0.0
tcr_execute/hc_o + tpr_branch/sd_o,0,80,0.0,0.0
data_we_q_tag/hc_o + tpr_branch/sd_o,0,80,0.0,0.0
memory_set_o_tag + tcr_execute/sd_o,0,80,0.0,0.0
tcr_execute/hc_o + tpr_jump/sd_o,0,80,0.0,0.0
data_we_q_tag/hc_o + tpr_jump/sd_o,0,80,0.0,0.0
tcr_execute/hc_o + tpr_shift/sd_o,0,80,0.0,0.0
data_we_q_tag/hc_o + tpr_shift/sd_o,0,80,0.0,0.0
tcr_execute/hc_o + tpr_comparison/sd_o,0,80,0.0,0.0
data_we_q_tag/hc_o + tpr_comparison/sd_o,0,80,0.0,0.0
tcr_execute/hc_o + tpr_logical/sd_o,0,80,0.0,0.0
data_we_q_tag/hc_o + tpr_logical/sd_o,0,80,0.0,0.0
tcr_execute/hc_o + tpr_load_store_mode/sd_o,0,80,0.0,0.0
data_we_q_tag/hc_o + tpr_load_store_mode/sd_o,0,80,0.0,0.0
tcr_execute/hc_o + tpr_load_store_enable/sd_o,0,80,0.0,0.0
data_we_q_tag/hc_o + tpr_load_store_enable/sd_o,0,80,0.0,0.0
tcr_arith/sd_o + tcr_execute/hc_o,0,80,0.0,0.0
data_we_q_tag/hc_o + tcr_arith/sd_o,0,80,0.0,0.0
tcr_branch/sd_o + tcr_execute/hc_o,0,80,0.0,0.0
data_we_q_tag/hc_o + tcr_branch/sd_o,0,80,0.0,0.0
tcr_execute/hc_o + tcr_jump/sd_o,0,80,0.0,0.0
data_we_q_tag/hc_o + tcr_jump/sd_o,0,80,0.0,0.0
tcr_execute/hc_o + tcr_shift/sd_o,0,80,0.0,0.0
data_we_q_tag/hc_o + tcr_shift/sd_o,0,80,0.0,0.0
tcr_comparison/sd_o + tcr_execute/hc_o,0,80,0.0,0.0
data_we_q_tag/hc_o + tcr_comparison/sd_o,0,80,0.0,0.0
tcr_execute/hc_o + tcr_logical/sd_o,0,80,0.0,0.0
data_we_q_tag/hc_o + tcr_logical/sd_o,0,80,0.0,0.0
tcr_execute/hc_o + tcr_load_store/sd_o,0,80,0.0,0.0
data_we_q_tag/hc_o + tcr_load_store/sd_o,0,80,0.0,0.0
data_we_q_tag/sd_o + tcr_execute/hc_o,0,80,0.0,0.0
rdata_offset_q_tag/sd_o + tcr_execute/hc_o,0,80,0.0,0.0
data_type_q_tag/sd_o + tcr_execute/hc_o,0,80,0.0,0.0
rdata_q_tag/sd_o + tcr_execute/hc_o,0,80,0.0,0.0
data_we_q_tag/hc_o + tcr_execute/sd_o,0,80,0.0,0.0
alu_operator_o_mode + id_group0/sd_o,0,80,0.0,0.0
alu_operator_o_mode + id_group1/sd_o,0,80,0.0,0.0
alu_operator_o_mode + id_group2/sd_o,0,80,0.0,0.0
alu_operator_o_mode + id_group3/sd_o,0,80,0.0,0.0
alu_operator_o_mode + id_group4/sd_o,0,80,0.0,0.0
alu_operator_o_mode + id_group5/sd_o,0,80,0.0,0.0
data_type_q_tag + id_group0/sd_o,0,80,0.0,0.0
data_type_q_tag + id_group1/sd_o,0,80,0.0,0.0
data_type_q_tag + id_group2/sd_o,0,80,0.0,0.0
data_type_q_tag + id_group3/sd_o,0,80,0.0,0.0
data_type_q_tag + id_group4/sd_o,0,80,0.0,0.0
data_type_q_tag + id_group5/sd_o,0,80,0.0,0.0
data_type_q_tag + id_group6/sd_o,0,80,0.0,0.0
data_type_q_tag + id_group7/sd_o,0,80,0.0,0.0
data_type_q_tag + id_group8/sd_o,0,80,0.0,0.0
data_type_q_tag + id_group9/sd_o,0,80,0.0,0.0
csr_group0/sd_o + data_type_q_tag,0,80,0.0,0.0
csr_group1/sd_o + data_type_q_tag,0,80,0.0,0.0
csr_group2/sd_o + data_type_q_tag,0,80,0.0,0.0
csr_group3/sd_o + data_type_q_tag,0,80,0.0,0.0
csr_group4/sd_o + data_type_q_tag,0,80,0.0,0.0
csr_group5/sd_o + data_type_q_tag,0,80,0.0,0.0
csr_group6/sd_o + data_type_q_tag,0,80,0.0,0.0
csr_group7/sd_o + data_type_q_tag,0,80,0.0,0.0
csr_group8/sd_o + data_type_q_tag,0,80,0.0,0.0
csr_group9/sd_o + data_type_q_tag,0,80,0.0,0.0
csr_group10/sd_o + data_type_q_tag,0,80,0.0,0.0
csr_group11/sd_o + data_type_q_tag,0,80,0.0,0.0
csr_group12/sd_o + data_type_q_tag,0,80,0.0,0.0
csr_group13/sd_o + data_type_q_tag,0,80,0.0,0.0
csr_group14/sd_o + data_type_q_tag,0,80,0.0,0.0
csr_group15/sd_o + data_type_q_tag,0,80,0.0,0.0
csr_group16/sd_o + data_type_q_tag,0,80,0.0,0.0
csr_group17/sd_o + data_type_q_tag,0,80,0.0,0.0
csr_group18/sd_o + data_type_q_tag,0,80,0.0,0.0
alu_operator_o_mode + id_group6/sd_o,0,80,0.0,0.0
alu_operator_o_mode + id_group7/sd_o,0,80,0.0,0.0
alu_operator_o_mode + id_group8/sd_o,0,80,0.0,0.0
alu_operator_o_mode + id_group9/sd_o,0,80,0.0,0.0
csr_group19/sd_o + data_type_q_tag,0,80,0.0,0.0
csr_group20/sd_o + data_type_q_tag,0,80,0.0,0.0
data_type_q_tag + lsu_group1/sd_o,0,80,0.0,0.0
data_type_q_tag + lsu_group2/sd_o,0,80,0.0,0.0
data_type_q_tag + lsu_group3/sd_o,0,80,0.0,0.0
data_type_q_tag + lsu_group4/sd_o,0,80,0.0,0.0
data_type_q_tag + lsu_group5/sd_o,0,80,0.0,0.0
id_group0/sd_o + rdata_offset_q_tag,0,80,0.0,0.0
id_group1/sd_o + rdata_offset_q_tag,0,80,0.0,0.0
id_group2/sd_o + rdata_offset_q_tag,0,80,0.0,0.0
id_group3/sd_o + rdata_offset_q_tag,0,80,0.0,0.0
id_group4/sd_o + rdata_offset_q_tag,0,80,0.0,0.0
id_group5/sd_o + rdata_offset_q_tag,0,80,0.0,0.0
id_group6/sd_o + rdata_offset_q_tag,0,80,0.0,0.0
id_group7/sd_o + rdata_offset_q_tag,0,80,0.0,0.0
id_group8/sd_o + rdata_offset_q_tag,0,80,0.0,0.0
id_group9/sd_o + rdata_offset_q_tag,0,80,0.0,0.0
csr_group0/sd_o + rdata_offset_q_tag,0,80,0.0,0.0
csr_group1/sd_o + rdata_offset_q_tag,0,80,0.0,0.0
csr_group2/sd_o + rdata_offset_q_tag,0,80,0.0,0.0
csr_group3/sd_o + rdata_offset_q_tag,0,80,0.0,0.0
csr_group4/sd_o + rdata_offset_q_tag,0,80,0.0,0.0
csr_group5/sd_o + rdata_offset_q_tag,0,80,0.0,0.0
csr_group6/sd_o + rdata_offset_q_tag,0,80,0.0,0.0
csr_group7/sd_o + rdata_offset_q_tag,0,80,0.0,0.0
csr_group8/sd_o + rdata_offset_q_tag,0,80,0.0,0.0
csr_group9/sd_o + rdata_offset_q_tag,0,80,0.0,0.0
csr_group10/sd_o + rdata_offset_q_tag,0,80,0.0,0.0
csr_group11/sd_o + rdata_offset_q_tag,0,80,0.0,0.0
csr_group12/sd_o + rdata_offset_q_tag,0,80,0.0,0.0
csr_group13/sd_o + rdata_offset_q_tag,0,80,0.0,0.0
csr_group14/sd_o + rdata_offset_q_tag,0,80,0.0,0.0
csr_group15/sd_o + rdata_offset_q_tag,0,80,0.0,0.0
csr_group16/sd_o + rdata_offset_q_tag,0,80,0.0,0.0
csr_group17/sd_o + rdata_offset_q_tag,0,80,0.0,0.0
csr_group18/sd_o + rdata_offset_q_tag,0,80,0.0,0.0
csr_group19/sd_o + rdata_offset_q_tag,0,80,0.0,0.0
csr_group20/sd_o + rdata_offset_q_tag,0,80,0.0,0.0
lsu_group1/sd_o + rdata_offset_q_tag,0,80,0.0,0.0
lsu_group2/sd_o + rdata_offset_q_tag,0,80,0.0,0.0
lsu_group3/sd_o + rdata_offset_q_tag,0,80,0.0,0.0
lsu_group4/sd_o + rdata_offset_q_tag,0,80,0.0,0.0
lsu_group5/sd_o + rdata_offset_q_tag,0,80,0.0,0.0
alu_operator_o_mode + csr_group0/sd_o,0,80,0.0,0.0
alu_operator_o_mode + csr_group1/sd_o,0,80,0.0,0.0
alu_operator_o_mode + csr_group2/sd_o,0,80,0.0,0.0
alu_operator_o_mode + csr_group3/sd_o,0,80,0.0,0.0
alu_operator_o_mode + csr_group4/sd_o,0,80,0.0,0.0
alu_operator_o_mode + csr_group5/sd_o,0,80,0.0,0.0
alu_operator_o_mode + csr_group6/sd_o,0,80,0.0,0.0
alu_operator_o_mode + csr_group7/sd_o,0,80,0.0,0.0
alu_operator_o_mode + csr_group8/sd_o,0,80,0.0,0.0
alu_operator_o_mode + csr_group9/sd_o,0,80,0.0,0.0
alu_operator_o_mode + csr_group10/sd_o,0,80,0.0,0.0
alu_operator_o_mode + csr_group11/sd_o,0,80,0.0,0.0
alu_operator_o_mode + csr_group12/sd_o,0,80,0.0,0.0
alu_operator_o_mode + csr_group13/sd_o,0,80,0.0,0.0
alu_operator_o_mode + csr_group14/sd_o,0,80,0.0,0.0
alu_operator_o_mode + csr_group15/sd_o,0,80,0.0,0.0
alu_operator_o_mode + csr_group16/sd_o,0,80,0.0,0.0
alu_operator_o_mode + csr_group17/sd_o,0,80,0.0,0.0
alu_operator_o_mode + csr_group18/sd_o,0,80,0.0,0.0
alu_operator_o_mode + csr_group19/sd_o,0,80,0.0,0.0
alu_operator_o_mode + csr_group20/sd_o,0,80,0.0,0.0
alu_operator_o_mode + lsu_group1/sd_o,0,80,0.0,0.0
alu_operator_o_mode + lsu_group2/sd_o,0,80,0.0,0.0
alu_operator_o_mode + lsu_group3/sd_o,0,80,0.0,0.0
alu_operator_o_mode + lsu_group4/sd_o,0,80,0.0,0.0
alu_operator_o_mode + lsu_group5/sd_o,0,80,0.0,0.0
id_group9/hc_o + if_stage/sd_o,0,80,0.0,0.0
csr_group14/hc_o + if_stage/sd_o,0,80,0.0,0.0
csr_group18/hc_o + if_stage/sd_o,0,80,0.0,0.0
csr_group19/hc_o + if_stage/sd_o,0,80,0.0,0.0
csr_group20/hc_o + if_stage/sd_o,0,80,0.0,0.0
if_stage/sd_o + tcr_execute/hc_o,0,80,0.0,0.0
id_group0/sd_o + id_group9/hc_o,0,80,0.0,0.0
csr_group14/hc_o + id_group0/sd_o,0,80,0.0,0.0
csr_group18/hc_o + id_group0/sd_o,0,80,0.0,0.0
csr_group19/hc_o + id_group0/sd_o,0,80,0.0,0.0
csr_group20/hc_o + id_group0/sd_o,0,80,0.0,0.0
id_group0/sd_o + tcr_execute/hc_o,0,80,0.0,0.0
id_group1/sd_o + id_group9/hc_o,0,80,0.0,0.0
csr_group14/hc_o + id_group1/sd_o,0,80,0.0,0.0
csr_group18/hc_o + id_group1/sd_o,0,80,0.0,0.0
csr_group19/hc_o + id_group1/sd_o,0,80,0.0,0.0
csr_group20/hc_o + id_group1/sd_o,0,80,0.0,0.0
id_group1/sd_o + tcr_execute/hc_o,0,80,0.0,0.0
id_group2/sd_o + id_group9/hc_o,0,80,0.0,0.0
csr_group14/hc_o + id_group2/sd_o,0,80,0.0,0.0
csr_group18/hc_o + id_group2/sd_o,0,80,0.0,0.0
csr_group19/hc_o + id_group2/sd_o,0,80,0.0,0.0
csr_group20/hc_o + id_group2/sd_o,0,80,0.0,0.0
id_group2/sd_o + tcr_execute/hc_o,0,80,0.0,0.0
id_group3/sd_o + id_group9/hc_o,0,80,0.0,0.0
csr_group14/hc_o + id_group3/sd_o,0,80,0.0,0.0
csr_group18/hc_o + id_group3/sd_o,0,80,0.0,0.0
csr_group19/hc_o + id_group3/sd_o,0,80,0.0,0.0
csr_group20/hc_o + id_group3/sd_o,0,80,0.0,0.0
id_group3/sd_o + tcr_execute/hc_o,0,80,0.0,0.0
id_group4/sd_o + id_group9/hc_o,0,80,0.0,0.0
csr_group14/hc_o + id_group4/sd_o,0,80,0.0,0.0
csr_group18/hc_o + id_group4/sd_o,0,80,0.0,0.0
csr_group19/hc_o + id_group4/sd_o,0,80,0.0,0.0
csr_group20/hc_o + id_group4/sd_o,0,80,0.0,0.0
id_group4/sd_o + tcr_execute/hc_o,0,80,0.0,0.0
id_group5/sd_o + id_group9/hc_o,0,80,0.0,0.0
csr_group14/hc_o + id_group5/sd_o,0,80,0.0,0.0
csr_group18/hc_o + id_group5/sd_o,0,80,0.0,0.0
csr_group19/hc_o + id_group5/sd_o,0,80,0.0,0.0
csr_group20/hc_o + id_group5/sd_o,0,80,0.0,0.0
id_group5/sd_o + tcr_execute/hc_o,0,80,0.0,0.0
id_group6/sd_o + id_group9/hc_o,0,80,0.0,0.0
csr_group14/hc_o + id_group6/sd_o,0,80,0.0,0.0
csr_group18/hc_o + id_group6/sd_o,0,80,0.0,0.0
csr_group19/hc_o + id_group6/sd_o,0,80,0.0,0.0
csr_group20/hc_o + id_group6/sd_o,0,80,0.0,0.0
id_group6/sd_o + tcr_execute/hc_o,0,80,0.0,0.0
id_group7/sd_o + id_group9/hc_o,0,80,0.0,0.0
csr_group14/hc_o + id_group7/sd_o,0,80,0.0,0.0
csr_group18/hc_o + id_group7/sd_o,0,80,0.0,0.0
csr_group19/hc_o + id_group7/sd_o,0,80,0.0,0.0
csr_group20/hc_o + id_group7/sd_o,0,80,0.0,0.0
id_group7/sd_o + tcr_execute/hc_o,0,80,0.0,0.0
id_group8/sd_o + id_group9/hc_o,0,80,0.0,0.0
csr_group14/hc_o + id_group8/sd_o,0,80,0.0,0.0
csr_group18/hc_o + id_group8/sd_o,0,80,0.0,0.0
csr_group19/hc_o + id_group8/sd_o,0,80,0.0,0.0
csr_group20/hc_o + id_group8/sd_o,0,80,0.0,0.0
id_group8/sd_o + tcr_execute/hc_o,0,80,0.0,0.0
id_group9/hc_o + id_group9/sd_o,0,80,0.0,0.0
id_group9/hc_o + sd_o_rf_tag,0,80,0.0,0.0
csr_group0/sd_o + id_group9/hc_o,0,80,0.0,0.0
csr_group1/sd_o + id_group9/hc_o,0,80,0.0,0.0
csr_group2/sd_o + id_group9/hc_o,0,80,0.0,0.0
csr_group3/sd_o + id_group9/hc_o,0,80,0.0,0.0
csr_group4/sd_o + id_group9/hc_o,0,80,0.0,0.0
csr_group5/sd_o + id_group9/hc_o,0,80,0.0,0.0
csr_group6/sd_o + id_group9/hc_o,0,80,0.0,0.0
csr_group7/sd_o + id_group9/hc_o,0,80,0.0,0.0
csr_group8/sd_o + id_group9/hc_o,0,80,0.0,0.0
csr_group9/sd_o + id_group9/hc_o,0,80,0.0,0.0
csr_group10/sd_o + id_group9/hc_o,0,80,0.0,0.0
csr_group11/sd_o + id_group9/hc_o,0,80,0.0,0.0
csr_group12/sd_o + id_group9/hc_o,0,80,0.0,0.0
csr_group13/sd_o + id_group9/hc_o,0,80,0.0,0.0
csr_group14/sd_o + id_group9/hc_o,0,80,0.0,0.0
csr_group15/sd_o + id_group9/hc_o,0,80,0.0,0.0
csr_group16/sd_o + id_group9/hc_o,0,80,0.0,0.0
csr_group17/sd_o + id_group9/hc_o,0,80,0.0,0.0
csr_group18/sd_o + id_group9/hc_o,0,80,0.0,0.0
csr_group19/sd_o + id_group9/hc_o,0,80,0.0,0.0
csr_group20/sd_o + id_group9/hc_o,0,80,0.0,0.0
id_group9/hc_o + tcr_execute/sd_o,0,80,0.0,0.0
id_group9/hc_o + lsu_group1/sd_o,0,80,0.0,0.0
id_group9/hc_o + lsu_group2/sd_o,0,80,0.0,0.0
id_group9/hc_o + lsu_group3/sd_o,0,80,0.0,0.0
id_group9/hc_o + lsu_group4/sd_o,0,80,0.0,0.0
id_group9/hc_o + lsu_group5/sd_o,0,80,0.0,0.0
csr_group14/hc_o + id_group9/sd_o,0,80,0.0,0.0
csr_group18/hc_o + id_group9/sd_o,0,80,0.0,0.0
csr_group19/hc_o + id_group9/sd_o,0,80,0.0,0.0
csr_group20/hc_o + id_group9/sd_o,0,80,0.0,0.0
id_group9/sd_o + tcr_execute/hc_o,0,80,0.0,0.0
csr_group14/hc_o + sd_o_rf_tag,0,80,0.0,0.0
csr_group18/hc_o + sd_o_rf_tag,0,80,0.0,0.0
csr_group19/hc_o + sd_o_rf_tag,0,80,0.0,0.0
csr_group20/hc_o + sd_o_rf_tag,0,80,0.0,0.0
csr_group0/sd_o + csr_group14/hc_o,0,80,0.0,0.0
csr_group0/sd_o + csr_group18/hc_o,0,80,0.0,0.0
csr_group0/sd_o + csr_group19/hc_o,0,80,0.0,0.0
csr_group0/sd_o + csr_group20/hc_o,0,80,0.0,0.0
csr_group0/sd_o + tcr_execute/hc_o,0,80,0.0,0.0
csr_group1/sd_o + csr_group14/hc_o,0,80,0.0,0.0
csr_group1/sd_o + csr_group18/hc_o,0,80,0.0,0.0
csr_group1/sd_o + csr_group19/hc_o,0,80,0.0,0.0
csr_group1/sd_o + csr_group20/hc_o,0,80,0.0,0.0
csr_group1/sd_o + tcr_execute/hc_o,0,80,0.0,0.0
csr_group14/hc_o + csr_group2/sd_o,0,80,0.0,0.0
csr_group18/hc_o + csr_group2/sd_o,0,80,0.0,0.0
csr_group19/hc_o + csr_group2/sd_o,0,80,0.0,0.0
csr_group2/sd_o + csr_group20/hc_o,0,80,0.0,0.0
csr_group2/sd_o + tcr_execute/hc_o,0,80,0.0,0.0
csr_group14/hc_o + csr_group3/sd_o,0,80,0.0,0.0
csr_group18/hc_o + csr_group3/sd_o,0,80,0.0,0.0
csr_group19/hc_o + csr_group3/sd_o,0,80,0.0,0.0
csr_group20/hc_o + csr_group3/sd_o,0,80,0.0,0.0
csr_group3/sd_o + tcr_execute/hc_o,0,80,0.0,0.0
csr_group14/hc_o + csr_group4/sd_o,0,80,0.0,0.0
csr_group18/hc_o + csr_group4/sd_o,0,80,0.0,0.0
csr_group19/hc_o + csr_group4/sd_o,0,80,0.0,0.0
csr_group20/hc_o + csr_group4/sd_o,0,80,0.0,0.0
csr_group4/sd_o + tcr_execute/hc_o,0,80,0.0,0.0
csr_group14/hc_o + csr_group5/sd_o,0,80,0.0,0.0
csr_group18/hc_o + csr_group5/sd_o,0,80,0.0,0.0
csr_group19/hc_o + csr_group5/sd_o,0,80,0.0,0.0
csr_group20/hc_o + csr_group5/sd_o,0,80,0.0,0.0
csr_group5/sd_o + tcr_execute/hc_o,0,80,0.0,0.0
csr_group14/hc_o + csr_group6/sd_o,0,80,0.0,0.0
csr_group18/hc_o + csr_group6/sd_o,0,80,0.0,0.0
csr_group19/hc_o + csr_group6/sd_o,0,80,0.0,0.0
csr_group20/hc_o + csr_group6/sd_o,0,80,0.0,0.0
csr_group6/sd_o + tcr_execute/hc_o,0,80,0.0,0.0
csr_group14/hc_o + csr_group7/sd_o,0,80,0.0,0.0
csr_group18/hc_o + csr_group7/sd_o,0,80,0.0,0.0
csr_group19/hc_o + csr_group7/sd_o,0,80,0.0,0.0
csr_group20/hc_o + csr_group7/sd_o,0,80,0.0,0.0
csr_group7/sd_o + tcr_execute/hc_o,0,80,0.0,0.0
csr_group14/hc_o + csr_group8/sd_o,0,80,0.0,0.0
csr_group18/hc_o + csr_group8/sd_o,0,80,0.0,0.0
csr_group19/hc_o + csr_group8/sd_o,0,80,0.0,0.0
csr_group20/hc_o + csr_group8/sd_o,0,80,0.0,0.0
csr_group8/sd_o + tcr_execute/hc_o,0,80,0.0,0.0
csr_group14/hc_o + csr_group9/sd_o,0,80,0.0,0.0
csr_group18/hc_o + csr_group9/sd_o,0,80,0.0,0.0
csr_group19/hc_o + csr_group9/sd_o,0,80,0.0,0.0
csr_group20/hc_o + csr_group9/sd_o,0,80,0.0,0.0
csr_group9/sd_o + tcr_execute/hc_o,0,80,0.0,0.0
csr_group10/sd_o + csr_group14/hc_o,0,80,0.0,0.0
csr_group10/sd_o + csr_group18/hc_o,0,80,0.0,0.0
csr_group10/sd_o + csr_group19/hc_o,0,80,0.0,0.0
csr_group10/sd_o + csr_group20/hc_o,0,80,0.0,0.0
csr_group10/sd_o + tcr_execute/hc_o,0,80,0.0,0.0
csr_group11/sd_o + csr_group14/hc_o,0,80,0.0,0.0
csr_group11/sd_o + csr_group18/hc_o,0,80,0.0,0.0
csr_group11/sd_o + csr_group19/hc_o,0,80,0.0,0.0
csr_group11/sd_o + csr_group20/hc_o,0,80,0.0,0.0
csr_group11/sd_o + tcr_execute/hc_o,0,80,0.0,0.0
csr_group12/sd_o + csr_group14/hc_o,0,80,0.0,0.0
csr_group12/sd_o + csr_group18/hc_o,0,80,0.0,0.0
csr_group12/sd_o + csr_group19/hc_o,0,80,0.0,0.0
csr_group12/sd_o + csr_group20/hc_o,0,80,0.0,0.0
csr_group12/sd_o + tcr_execute/hc_o,0,80,0.0,0.0
csr_group13/sd_o + csr_group14/hc_o,0,80,0.0,0.0
csr_group13/sd_o + csr_group18/hc_o,0,80,0.0,0.0
csr_group13/sd_o + csr_group19/hc_o,0,80,0.0,0.0
csr_group13/sd_o + csr_group20/hc_o,0,80,0.0,0.0
csr_group13/sd_o + tcr_execute/hc_o,0,80,0.0,0.0
csr_group14/hc_o + csr_group14/sd_o,0,80,0.0,0.0
csr_group14/hc_o + csr_group15/sd_o,0,80,0.0,0.0
csr_group14/hc_o + csr_group16/sd_o,0,80,0.0,0.0
csr_group14/hc_o + csr_group17/sd_o,0,80,0.0,0.0
csr_group14/hc_o + csr_group18/sd_o,0,80,0.0,0.0
csr_group14/hc_o + csr_group19/sd_o,0,80,0.0,0.0
csr_group14/hc_o + csr_group20/sd_o,0,80,0.0,0.0
csr_group14/hc_o + tcr_execute/sd_o,0,80,0.0,0.0
csr_group14/hc_o + lsu_group1/sd_o,0,80,0.0,0.0
csr_group14/hc_o + lsu_group2/sd_o,0,80,0.0,0.0
csr_group14/hc_o + lsu_group3/sd_o,0,80,0.0,0.0
csr_group14/hc_o + lsu_group4/sd_o,0,80,0.0,0.0
csr_group14/hc_o + lsu_group5/sd_o,0,80,0.0,0.0
csr_group14/sd_o + csr_group18/hc_o,0,80,0.0,0.0
csr_group14/sd_o + csr_group19/hc_o,0,80,0.0,0.0
csr_group14/sd_o + csr_group20/hc_o,0,80,0.0,0.0
csr_group14/sd_o + tcr_execute/hc_o,0,80,0.0,0.0
csr_group15/sd_o + csr_group18/hc_o,0,80,0.0,0.0
csr_group15/sd_o + csr_group19/hc_o,0,80,0.0,0.0
csr_group15/sd_o + csr_group20/hc_o,0,80,0.0,0.0
csr_group15/sd_o + tcr_execute/hc_o,0,80,0.0,0.0
csr_group16/sd_o + csr_group18/hc_o,0,80,0.0,0.0
csr_group16/sd_o + csr_group19/hc_o,0,80,0.0,0.0
csr_group16/sd_o + csr_group20/hc_o,0,80,0.0,0.0
csr_group16/sd_o + tcr_execute/hc_o,0,80,0.0,0.0
csr_group17/sd_o + csr_group18/hc_o,0,80,0.0,0.0
csr_group17/sd_o + csr_group19/hc_o,0,80,0.0,0.0
csr_group17/sd_o + csr_group20/hc_o,0,80,0.0,0.0
csr_group17/sd_o + tcr_execute/hc_o,0,80,0.0,0.0
csr_group18/hc_o + csr_group18/sd_o,0,80,0.0,0.0
csr_group18/hc_o + csr_group19/sd_o,0,80,0.0,0.0
csr_group18/hc_o + csr_group20/sd_o,0,80,0.0,0.0
csr_group18/hc_o + tcr_execute/sd_o,0,80,0.0,0.0
csr_group18/hc_o + lsu_group1/sd_o,0,80,0.0,0.0
csr_group18/hc_o + lsu_group2/sd_o,0,80,0.0,0.0
csr_group18/hc_o + lsu_group3/sd_o,0,80,0.0,0.0
csr_group18/hc_o + lsu_group4/sd_o,0,80,0.0,0.0
csr_group18/hc_o + lsu_group5/sd_o,0,80,0.0,0.0
csr_group18/sd_o + csr_group19/hc_o,0,80,0.0,0.0
csr_group18/sd_o + csr_group20/hc_o,0,80,0.0,0.0
csr_group18/sd_o + tcr_execute/hc_o,0,80,0.0,0.0
csr_group19/hc_o + csr_group19/sd_o,0,80,0.0,0.0
csr_group19/hc_o + csr_group20/sd_o,0,80,0.0,0.0
csr_group19/hc_o + tcr_execute/sd_o,0,80,0.0,0.0
csr_group19/hc_o + lsu_group1/sd_o,0,80,0.0,0.0
csr_group19/hc_o + lsu_group2/sd_o,0,80,0.0,0.0
csr_group19/hc_o + lsu_group3/sd_o,0,80,0.0,0.0
csr_group19/hc_o + lsu_group4/sd_o,0,80,0.0,0.0
csr_group19/hc_o + lsu_group5/sd_o,0,80,0.0,0.0
csr_group19/sd_o + csr_group20/hc_o,0,80,0.0,0.0
csr_group19/sd_o + tcr_execute/hc_o,0,80,0.0,0.0
csr_group20/hc_o + tcr_execute/sd_o,0,80,0.0,0.0
csr_group20/hc_o + lsu_group1/sd_o,0,80,0.0,0.0
csr_group20/hc_o + lsu_group2/sd_o,0,80,0.0,0.0
csr_group20/hc_o + lsu_group3/sd_o,0,80,0.0,0.0
csr_group20/hc_o + lsu_group4/sd_o,0,80,0.0,0.0
csr_group20/hc_o + lsu_group5/sd_o,0,80,0.0,0.0
csr_group20/sd_o + tcr_execute/hc_o,0,80,0.0,0.0
lsu_group1/sd_o + tcr_execute/hc_o,0,80,0.0,0.0
lsu_group2/sd_o + tcr_execute/hc_o,0,80,0.0,0.0
lsu_group3/sd_o + tcr_execute/hc_o,0,80,0.0,0.0
lsu_group4/sd_o + tcr_execute/hc_o,0,80,0.0,0.0
lsu_group5/sd_o + tcr_execute/hc_o,0,80,0.0,0.0
check_d_o_tag + sp_o_32,0,80,0.0,0.0
check_s1_o_tag + sp_o_32,0,80,0.0,0.0
check_s2_o_tag + sp_o_32,0,80,0.0,0.0
is_store_post_o_tag + sp_o_32,0,80,0.0,0.0
memory_set_o_tag + sp_o_32,0,80,0.0,0.0
pc_id_o_tag + sp_o_32,0,80,0.0,0.0
register_set_o_tag + sp_o_32,0,80,0.0,0.0
sp_o_32 + store_dest_addr_ex_o_tag,0,80,0.0,0.0
sp_o_32 + store_source_ex_o_tag,0,80,0.0,0.0
pc_if_o_tag + sp_o_32,0,80,0.0,0.0
sp_o_32 + use_store_ops_ex_o,0,80,0.0,0.0
rf_reg[0] + sp_o_32,0,80,0.0,0.0
rf_reg[1] + sp_o_32,0,80,0.0,0.0
rf_reg[2] + sp_o_32,0,80,0.0,0.0
rf_reg[3] + sp_o_32,0,80,0.0,0.0
rf_reg[4] + sp_o_32,0,80,0.0,0.0
rf_reg[5] + sp_o_32,0,80,0.0,0.0
rf_reg[6] + sp_o_32,0,80,0.0,0.0
rf_reg[7] + sp_o_32,0,80,0.0,0.0
rf_reg[8] + sp_o_32,0,80,0.0,0.0
rf_reg[9] + sp_o_32,0,80,0.0,0.0
rf_reg[10] + sp_o_32,0,80,0.0,0.0
rf_reg[11] + sp_o_32,0,80,0.0,0.0
rf_reg[12] + sp_o_32,0,80,0.0,0.0
rf_reg[13] + sp_o_32,0,80,0.0,0.0
alu_operand_a_ex_o_tag + sp_o_32,0,80,0.0,0.0
rf_reg[14] + sp_o_32,0,80,0.0,0.0
rf_reg[15] + sp_o_32,0,80,0.0,0.0
rf_reg[16] + sp_o_32,0,80,0.0,0.0
rf_reg[17] + sp_o_32,0,80,0.0,0.0
rf_reg[18] + sp_o_32,0,80,0.0,0.0
rf_reg[19] + sp_o_32,0,80,0.0,0.0
rf_reg[20] + sp_o_32,0,80,0.0,0.0
rf_reg[21] + sp_o_32,0,80,0.0,0.0
rf_reg[22] + sp_o_32,0,80,0.0,0.0
rf_reg[23] + sp_o_32,0,80,0.0,0.0
rf_reg[24] + sp_o_32,0,80,0.0,0.0
rf_reg[25] + sp_o_32,0,80,0.0,0.0
rf_reg[26] + sp_o_32,0,80,0.0,0.0
rf_reg[27] + sp_o_32,0,80,0.0,0.0
rf_reg[28] + sp_o_32,0,80,0.0,0.0
rf_reg[29] + sp_o_32,0,80,0.0,0.0
rf_reg[30] + sp_o_32,0,80,0.0,0.0
rf_reg[31] + sp_o_32,0,80,0.0,0.0
rs1_o_tag + sp_o_32,0,80,0.0,0.0
data_type_q_tag + sp_o_5,0,80,0.0,0.0
data_type_q_tag + sp_o_26,0,80,0.0,0.0
data_type_q_tag + sp_o_rf_tag,0,80,0.0,0.0
data_we_q_tag + sp_o_32,0,80,0.0,0.0
rdata_offset_q_tag + sp_o_5,0,80,0.0,0.0
rdata_offset_q_tag + sp_o_26,0,80,0.0,0.0
rdata_offset_q_tag + sp_o_rf_tag,0,80,0.0,0.0
sp_o_32 + sp_o_5,0,80,0.0,0.0
sp_o_26 + sp_o_32,0,80,0.0,0.0
sp_o_32 + sp_o_rf_tag,0,80,0.0,0.0
alu_operand_b_ex_o_tag + sp_o_32,0,80,0.0,0.0
alu_operand_c_ex_o_tag + sp_o_32,0,80,0.0,0.0
rf_reg[0] + sd_o_26,0,40,0.0,0.0
rf_reg[1] + sd_o_26,0,40,0.0,0.0
rf_reg[2] + sd_o_26,0,40,0.0,0.0
rf_reg[3] + sd_o_26,0,40,0.0,0.0
rf_reg[4] + sd_o_26,0,40,0.0,0.0
rf_reg[5] + sd_o_26,0,40,0.0,0.0
rf_reg[6] + sd_o_26,0,40,0.0,0.0
rf_reg[7] + sd_o_26,0,40,0.0,0.0
rf_reg[8] + sd_o_26,0,40,0.0,0.0
rf_reg[9] + sd_o_26,0,40,0.0,0.0
rf_reg[10] + sd_o_26,0,40,0.0,0.0
alu_operand_b_ex_o_tag + sd_o_26,0,40,0.0,0.0
rf_reg[11] + sd_o_26,0,40,0.0,0.0
rf_reg[12] + sd_o_26,0,40,0.0,0.0
rf_reg[13] + sd_o_26,0,40,0.0,0.0
rf_reg[14] + sd_o_26,0,40,0.0,0.0
rf_reg[15] + sd_o_26,0,40,0.0,0.0
rf_reg[16] + sd_o_26,0,40,0.0,0.0
rf_reg[17] + sd_o_26,0,40,0.0,0.0
rf_reg[18] + sd_o_26,0,40,0.0,0.0
rf_reg[19] + sd_o_26,0,40,0.0,0.0
rf_reg[20] + sd_o_26,0,40,0.0,0.0
rf_reg[21] + sd_o_26,0,40,0.0,0.0
rf_reg[22] + sd_o_26,0,40,0.0,0.0
rf_reg[23] + sd_o_26,0,40,0.0,0.0
alu_operand_c_ex_o_tag + sd_o_26,0,40,0.0,0.0
rf_reg[24] + sd_o_26,0,40,0.0,0.0
rf_reg[25] + sd_o_26,0,40,0.0,0.0
rf_reg[26] + sd_o_26,0,40,0.0,0.0
rf_reg[27] + sd_o_26,0,40,0.0,0.0
rf_reg[28] + sd_o_26,0,40,0.0,0.0
rf_reg[29] + sd_o_26,0,40,0.0,0.0
rf_reg[30] + sd_o_26,0,40,0.0,0.0
rf_reg[31] + sd_o_26,0,40,0.0,0.0
rs1_o_tag + sd_o_26,0,40,0.0,0.0
data_we_q_tag + sd_o_26,0,40,0.0,0.0
sd_o_26 + sd_o_5,0,40,0.0,0.0
sd_o_26 + sd_o_rf_tag,0,40,0.0,0.0
sd_o_26 + tpr/sd_o_32,0,40,0.0,0.0
sd_o_26 + tcr/sd_o_32,0,40,0.0,0.0
check_d_o_tag + sd_o_26,0,40,0.0,0.0
pc_id_o_tag + sd_o_26,0,40,0.0,0.0
check_s1_o_tag + sd_o_26,0,40,0.0,0.0
check_s2_o_tag + sd_o_26,0,40,0.0,0.0
is_store_post_o_tag + sd_o_26,0,40,0.0,0.0
memory_set_o_tag + sd_o_26,0,40,0.0,0.0
pc_if_o_tag + sd_o_26,0,40,0.0,0.0
register_set_o_tag + sd_o_26,0,40,0.0,0.0
alu_operand_a_ex_o_tag + sd_o_26,0,40,0.0,0.0
sd_o_26 + store_dest_addr_ex_o_tag,0,40,0.0,0.0
sd_o_26 + store_source_ex_o_tag,0,40,0.0,0.0
sd_o_26 + use_store_ops_ex_o,0,40,0.0,0.0
alu_operand_a_ex_o_tag + id_stage/sd_o,0,40,0.0,0.0
alu_operand_a_ex_o_tag + ex_stage/sd_o,0,40,0.0,0.0
lsu/sd_o + store_source_ex_o_tag,0,40,0.0,0.0
id_stage/sd_o + use_store_ops_ex_o,0,40,0.0,0.0
ex_stage/sd_o + use_store_ops_ex_o,0,40,0.0,0.0
lsu/sd_o + use_store_ops_ex_o,0,40,0.0,0.0
id_stage/sd_o + rf_reg[0],0,40,0.0,0.0
ex_stage/sd_o + rf_reg[0],0,40,0.0,0.0
lsu/sd_o + rf_reg[0],0,40,0.0,0.0
id_stage/sd_o + rf_reg[1],0,40,0.0,0.0
ex_stage/sd_o + rf_reg[1],0,40,0.0,0.0
lsu/sd_o + rf_reg[1],0,40,0.0,0.0
alu_operand_a_ex_o_tag + lsu/sd_o,0,40,0.0,0.0
id_stage/sd_o + rf_reg[2],0,40,0.0,0.0
ex_stage/sd_o + rf_reg[2],0,40,0.0,0.0
lsu/sd_o + rf_reg[2],0,40,0.0,0.0
id_stage/sd_o + rf_reg[3],0,40,0.0,0.0
ex_stage/sd_o + rf_reg[3],0,40,0.0,0.0
lsu/sd_o + rf_reg[3],0,40,0.0,0.0
id_stage/sd_o + rf_reg[4],0,40,0.0,0.0
ex_stage/sd_o + rf_reg[4],0,40,0.0,0.0
lsu/sd_o + rf_reg[4],0,40,0.0,0.0
id_stage/sd_o + rf_reg[5],0,40,0.0,0.0
ex_stage/sd_o + rf_reg[5],0,40,0.0,0.0
lsu/sd_o + rf_reg[5],0,40,0.0,0.0
id_stage/sd_o + rf_reg[6],0,40,0.0,0.0
ex_stage/sd_o + rf_reg[6],0,40,0.0,0.0
lsu/sd_o + rf_reg[6],0,40,0.0,0.0
id_stage/sd_o + rf_reg[7],0,40,0.0,0.0
ex_stage/sd_o + rf_reg[7],0,40,0.0,0.0
lsu/sd_o + rf_reg[7],0,40,0.0,0.0
id_stage/sd_o + rf_reg[8],0,40,0.0,0.0
ex_stage/sd_o + rf_reg[8],0,40,0.0,0.0
lsu/sd_o + rf_reg[8],0,40,0.0,0.0
alu_operand_b_ex_o_tag + id_stage/sd_o,0,40,0.0,0.0
id_stage/sd_o + rf_reg[9],0,40,0.0,0.0
ex_stage/sd_o + rf_reg[9],0,40,0.0,0.0
lsu/sd_o + rf_reg[9],0,40,0.0,0.0
id_stage/sd_o + rf_reg[10],0,40,0.0,0.0
ex_stage/sd_o + rf_reg[10],0,40,0.0,0.0
lsu/sd_o + rf_reg[10],0,40,0.0,0.0
id_stage/sd_o + rf_reg[11],0,40,0.0,0.0
ex_stage/sd_o + rf_reg[11],0,40,0.0,0.0
lsu/sd_o + rf_reg[11],0,40,0.0,0.0
id_stage/sd_o + rf_reg[12],0,40,0.0,0.0
ex_stage/sd_o + rf_reg[12],0,40,0.0,0.0
alu_operand_b_ex_o_tag + ex_stage/sd_o,0,40,0.0,0.0
lsu/sd_o + rf_reg[12],0,40,0.0,0.0
id_stage/sd_o + rf_reg[13],0,40,0.0,0.0
ex_stage/sd_o + rf_reg[13],0,40,0.0,0.0
lsu/sd_o + rf_reg[13],0,40,0.0,0.0
id_stage/sd_o + rf_reg[14],0,40,0.0,0.0
ex_stage/sd_o + rf_reg[14],0,40,0.0,0.0
lsu/sd_o + rf_reg[14],0,40,0.0,0.0
id_stage/sd_o + rf_reg[15],0,40,0.0,0.0
ex_stage/sd_o + rf_reg[15],0,40,0.0,0.0
lsu/sd_o + rf_reg[15],0,40,0.0,0.0
id_stage/sd_o + rf_reg[16],0,40,0.0,0.0
alu_operand_b_ex_o_tag + lsu/sd_o,0,40,0.0,0.0
ex_stage/sd_o + rf_reg[16],0,40,0.0,0.0
lsu/sd_o + rf_reg[16],0,40,0.0,0.0
id_stage/sd_o + rf_reg[17],0,40,0.0,0.0
ex_stage/sd_o + rf_reg[17],0,40,0.0,0.0
lsu/sd_o + rf_reg[17],0,40,0.0,0.0
id_stage/sd_o + rf_reg[18],0,40,0.0,0.0
ex_stage/sd_o + rf_reg[18],0,40,0.0,0.0
lsu/sd_o + rf_reg[18],0,40,0.0,0.0
id_stage/sd_o + rf_reg[19],0,40,0.0,0.0
ex_stage/sd_o + rf_reg[19],0,40,0.0,0.0
lsu/sd_o + rf_reg[19],0,40,0.0,0.0
id_stage/sd_o + rf_reg[20],0,40,0.0,0.0
ex_stage/sd_o + rf_reg[20],0,40,0.0,0.0
lsu/sd_o + rf_reg[20],0,40,0.0,0.0
id_stage/sd_o + rf_reg[21],0,40,0.0,0.0
ex_stage/sd_o + rf_reg[21],0,40,0.0,0.0
lsu/sd_o + rf_reg[21],0,40,0.0,0.0
id_stage/sd_o + rf_reg[22],0,40,0.0,0.0
ex_stage/sd_o + rf_reg[22],0,40,0.0,0.0
lsu/sd_o + rf_reg[22],0,40,0.0,0.0
id_stage/sd_o + rf_reg[23],0,40,0.0,0.0
ex_stage/sd_o + rf_reg[23],0,40,0.0,0.0
lsu/sd_o + rf_reg[23],0,40,0.0,0.0
id_stage/sd_o + rf_reg[24],0,40,0.0,0.0
alu_operand_c_ex_o_tag + id_stage/sd_o,0,40,0.0,0.0
alu_operand_c_ex_o_tag + ex_stage/sd_o,0,40,0.0,0.0
ex_stage/sd_o + rf_reg[24],0,40,0.0,0.0
lsu/sd_o + rf_reg[24],0,40,0.0,0.0
id_stage/sd_o + rf_reg[25],0,40,0.0,0.0
ex_stage/sd_o + rf_reg[25],0,40,0.0,0.0
lsu/sd_o + rf_reg[25],0,40,0.0,0.0
id_stage/sd_o + rf_reg[26],0,40,0.0,0.0
ex_stage/sd_o + rf_reg[26],0,40,0.0,0.0
lsu/sd_o + rf_reg[26],0,40,0.0,0.0
id_stage/sd_o + rf_reg[27],0,40,0.0,0.0
ex_stage/sd_o + rf_reg[27],0,40,0.0,0.0
lsu/sd_o + rf_reg[27],0,40,0.0,0.0
id_stage/sd_o + rf_reg[28],0,40,0.0,0.0
alu_operand_c_ex_o_tag + lsu/sd_o,0,40,0.0,0.0
ex_stage/sd_o + rf_reg[28],0,40,0.0,0.0
lsu/sd_o + rf_reg[28],0,40,0.0,0.0
id_stage/sd_o + rf_reg[29],0,40,0.0,0.0
ex_stage/sd_o + rf_reg[29],0,40,0.0,0.0
lsu/sd_o + rf_reg[29],0,40,0.0,0.0
id_stage/sd_o + rf_reg[30],0,40,0.0,0.0
ex_stage/sd_o + rf_reg[30],0,40,0.0,0.0
lsu/sd_o + rf_reg[30],0,40,0.0,0.0
id_stage/sd_o + rf_reg[31],0,40,0.0,0.0
ex_stage/sd_o + rf_reg[31],0,40,0.0,0.0
lsu/sd_o + rf_reg[31],0,40,0.0,0.0
id_stage/sd_o + rs1_o_tag,0,40,0.0,0.0
ex_stage/sd_o + rs1_o_tag,0,40,0.0,0.0
lsu/sd_o + rs1_o_tag,0,40,0.0,0.0
data_we_q_tag + id_stage/sd_o,0,40,0.0,0.0
data_we_q_tag + ex_stage/sd_o,0,40,0.0,0.0
data_we_q_tag + lsu/sd_o,0,40,0.0,0.0
id_stage/sd_o + pc_id_o_tag,0,40,0.0,0.0
id_stage/sd_o + if_stage/sd_o,0,40,0.0,0.0
ex_stage/sd_o + if_stage/sd_o,0,40,0.0,0.0
if_stage/sd_o + tpr/sd_o_32,0,40,0.0,0.0
if_stage/sd_o + tcr/sd_o_32,0,40,0.0,0.0
if_stage/sd_o + lsu/sd_o,0,40,0.0,0.0
id_stage/sd_o + sd_o_rf_tag,0,40,0.0,0.0
ex_stage/sd_o + id_stage/sd_o,0,40,0.0,0.0
id_stage/sd_o + tpr/sd_o_32,0,40,0.0,0.0
id_stage/sd_o + tcr/sd_o_32,0,40,0.0,0.0
id_stage/sd_o + lsu/sd_o,0,40,0.0,0.0
check_d_o_tag + id_stage/sd_o,0,40,0.0,0.0
check_d_o_tag + ex_stage/sd_o,0,40,0.0,0.0
ex_stage/sd_o + sd_o_rf_tag,0,40,0.0,0.0
lsu/sd_o + sd_o_rf_tag,0,40,0.0,0.0
ex_stage/sd_o + tpr/sd_o_32,0,40,0.0,0.0
ex_stage/sd_o + tcr/sd_o_32,0,40,0.0,0.0
ex_stage/sd_o + lsu/sd_o,0,40,0.0,0.0
check_d_o_tag + lsu/sd_o,0,40,0.0,0.0
lsu/sd_o + tpr/sd_o_32,0,40,0.0,0.0
ex_stage/sd_o + pc_id_o_tag,0,40,0.0,0.0
lsu/sd_o + tcr/sd_o_32,0,40,0.0,0.0
check_s1_o_tag + id_stage/sd_o,0,40,0.0,0.0
check_s1_o_tag + ex_stage/sd_o,0,40,0.0,0.0
check_s1_o_tag + lsu/sd_o,0,40,0.0,0.0
check_s2_o_tag + id_stage/sd_o,0,40,0.0,0.0
check_s2_o_tag + ex_stage/sd_o,0,40,0.0,0.0
check_s2_o_tag + lsu/sd_o,0,40,0.0,0.0
id_stage/sd_o + is_store_post_o_tag,0,40,0.0,0.0
ex_stage/sd_o + is_store_post_o_tag,0,40,0.0,0.0
is_store_post_o_tag + lsu/sd_o,0,40,0.0,0.0
lsu/sd_o + pc_id_o_tag,0,40,0.0,0.0
id_stage/sd_o + memory_set_o_tag,0,40,0.0,0.0
ex_stage/sd_o + memory_set_o_tag,0,40,0.0,0.0
lsu/sd_o + memory_set_o_tag,0,40,0.0,0.0
id_stage/sd_o + pc_if_o_tag,0,40,0.0,0.0
ex_stage/sd_o + pc_if_o_tag,0,40,0.0,0.0
lsu/sd_o + pc_if_o_tag,0,40,0.0,0.0
id_stage/sd_o + register_set_o_tag,0,40,0.0,0.0
ex_stage/sd_o + register_set_o_tag,0,40,0.0,0.0
lsu/sd_o + register_set_o_tag,0,40,0.0,0.0
id_stage/sd_o + store_dest_addr_ex_o_tag,0,40,0.0,0.0
ex_stage/sd_o + store_dest_addr_ex_o_tag,0,40,0.0,0.0
lsu/sd_o + store_dest_addr_ex_o_tag,0,40,0.0,0.0
id_stage/sd_o + store_source_ex_o_tag,0,40,0.0,0.0
ex_stage/sd_o + store_source_ex_o_tag,0,40,0.0,0.0
pc_if_o_tag/sd_o + tpr/sd_o_32,0,40,0.0,0.0
pc_if_o_tag/sd_o + tcr/sd_o_32,0,40,0.0,0.0
pc_id_o_tag/sd_o + tpr/sd_o_32,0,40,0.0,0.0
pc_id_o_tag/sd_o + tcr/sd_o_32,0,40,0.0,0.0
alu_operator_o_mode/sd_o + tpr/sd_o_32,0,40,0.0,0.0
alu_operator_o_mode/sd_o + tcr/sd_o_32,0,40,0.0,0.0
store_dest_addr_ex_o_tag/sd_o + tpr/sd_o_32,0,40,0.0,0.0
store_dest_addr_ex_o_tag/sd_o + tcr/sd_o_32,0,40,0.0,0.0
store_source_ex_o_tag/sd_o + tpr/sd_o_32,0,40,0.0,0.0
store_source_ex_o_tag/sd_o + tcr/sd_o_32,0,40,0.0,0.0
tpr/sd_o_32 + use_store_ops_ex_o/sd_o,0,40,0.0,0.0
tcr/sd_o_32 + use_store_ops_ex_o/sd_o,0,40,0.0,0.0
alu_operand_a_ex_o_tag/sd_o + tpr/sd_o_32,0,40,0.0,0.0
alu_operand_a_ex_o_tag/sd_o + tcr/sd_o_32,0,40,0.0,0.0
alu_operand_b_ex_o_tag/sd_o + tpr/sd_o_32,0,40,0.0,0.0
alu_operand_b_ex_o_tag/sd_o + tcr/sd_o_32,0,40,0.0,0.0
alu_operand_c_ex_o_tag/sd_o + tpr/sd_o_32,0,40,0.0,0.0
alu_operand_c_ex_o_tag/sd_o + tcr/sd_o_32,0,40,0.0,0.0
check_s1_o_tag/sd_o + tpr/sd_o_32,0,40,0.0,0.0
check_s1_o_tag/sd_o + tcr/sd_o_32,0,40,0.0,0.0
check_s2_o_tag/sd_o + tpr/sd_o_32,0,40,0.0,0.0
check_s2_o_tag/sd_o + tcr/sd_o_32,0,40,0.0,0.0
check_d_o_tag/sd_o + tpr/sd_o_32,0,40,0.0,0.0
check_d_o_tag/sd_o + tcr/sd_o_32,0,40,0.0,0.0
register_set_o_tag/sd_o + tpr/sd_o_32,0,40,0.0,0.0
register_set_o_tag/sd_o + tcr/sd_o_32,0,40,0.0,0.0
is_store_post_o_tag/sd_o + tpr/sd_o_32,0,40,0.0,0.0
is_store_post_o_tag/sd_o + tcr/sd_o_32,0,40,0.0,0.0
memory_set_o_tag/sd_o + tpr/sd_o_32,0,40,0.0,0.0
memory_set_o_tag/sd_o + tcr/sd_o_32,0,40,0.0,0.0
rs1_o_tag/sd_o + tpr/sd_o_32,0,40,0.0,0.0
rs1_o_tag/sd_o + tcr/sd_o_32,0,40,0.0,0.0
data_we_q_tag/sd_o + tpr/sd_o_32,0,40,0.0,0.0
rdata_offset_q_tag/sd_o + tpr/sd_o_32,0,40,0.0,0.0
data_type_q_tag/sd_o + tpr/sd_o_32,0,40,0.0,0.0
rdata_q_tag/sd_o + tpr/sd_o_32,0,40,0.0,0.0
data_we_q_tag/sd_o + tcr/sd_o_32,0,40,0.0,0.0
rdata_offset_q_tag/sd_o + tcr/sd_o_32,0,40,0.0,0.0
data_type_q_tag/sd_o + tcr/sd_o_32,0,40,0.0,0.0
rdata_q_tag/sd_o + tcr/sd_o_32,0,40,0.0,0.0
pc_if_o_tag + tpr_jump/sd_o,0,40,0.0,0.0
pc_if_o_tag + tpr_shift/sd_o,0,40,0.0,0.0
pc_if_o_tag + tpr_comparison/sd_o,0,40,0.0,0.0
pc_if_o_tag + tpr_logical/sd_o,0,40,0.0,0.0
pc_if_o_tag + tpr_load_store_mode/sd_o,0,40,0.0,0.0
pc_if_o_tag + tpr_load_store_enable/sd_o,0,40,0.0,0.0
pc_if_o_tag + tcr_arith/sd_o,0,40,0.0,0.0
pc_if_o_tag + tcr_branch/sd_o,0,40,0.0,0.0
pc_if_o_tag + tcr_jump/sd_o,0,40,0.0,0.0
pc_if_o_tag + tcr_shift/sd_o,0,40,0.0,0.0
pc_if_o_tag + tcr_comparison/sd_o,0,40,0.0,0.0
pc_if_o_tag + tcr_logical/sd_o,0,40,0.0,0.0
pc_if_o_tag + tcr_load_store/sd_o,0,40,0.0,0.0
register_set_o_tag + tpr_arith/sd_o,0,40,0.0,0.0
register_set_o_tag + tpr_branch/sd_o,0,40,0.0,0.0
register_set_o_tag + tpr_jump/sd_o,0,40,0.0,0.0
register_set_o_tag + tpr_shift/sd_o,0,40,0.0,0.0
register_set_o_tag + tpr_comparison/sd_o,0,40,0.0,0.0
register_set_o_tag + tpr_logical/sd_o,0,40,0.0,0.0
register_set_o_tag + tpr_load_store_mode/sd_o,0,40,0.0,0.0
register_set_o_tag + tpr_load_store_enable/sd_o,0,40,0.0,0.0
register_set_o_tag + tcr_arith/sd_o,0,40,0.0,0.0
register_set_o_tag + tcr_branch/sd_o,0,40,0.0,0.0
register_set_o_tag + tcr_jump/sd_o,0,40,0.0,0.0
register_set_o_tag + tcr_shift/sd_o,0,40,0.0,0.0
register_set_o_tag + tcr_comparison/sd_o,0,40,0.0,0.0
register_set_o_tag + tcr_logical/sd_o,0,40,0.0,0.0
register_set_o_tag + tcr_load_store/sd_o,0,40,0.0,0.0
store_dest_addr_ex_o_tag + tpr_arith/sd_o,0,40,0.0,0.0
store_dest_addr_ex_o_tag + tpr_branch/sd_o,0,40,0.0,0.0
store_dest_addr_ex_o_tag + tpr_jump/sd_o,0,40,0.0,0.0
store_dest_addr_ex_o_tag + tpr_shift/sd_o,0,40,0.0,0.0
store_dest_addr_ex_o_tag + tpr_comparison/sd_o,0,40,0.0,0.0
store_dest_addr_ex_o_tag + tpr_logical/sd_o,0,40,0.0,0.0
store_dest_addr_ex_o_tag + tpr_load_store_mode/sd_o,0,40,0.0,0.0
store_dest_addr_ex_o_tag + tpr_load_store_enable/sd_o,0,40,0.0,0.0
store_dest_addr_ex_o_tag + tcr_arith/sd_o,0,40,0.0,0.0
store_dest_addr_ex_o_tag + tcr_branch/sd_o,0,40,0.0,0.0
store_dest_addr_ex_o_tag + tcr_jump/sd_o,0,40,0.0,0.0
store_dest_addr_ex_o_tag + tcr_shift/sd_o,0,40,0.0,0.0
store_dest_addr_ex_o_tag + tcr_comparison/sd_o,0,40,0.0,0.0
store_dest_addr_ex_o_tag + tcr_logical/sd_o,0,40,0.0,0.0
store_dest_addr_ex_o_tag + tcr_load_store/sd_o,0,40,0.0,0.0
alu_operand_a_ex_o_tag + tpr_arith/sd_o,0,40,0.0,0.0
alu_operand_a_ex_o_tag + tpr_branch/sd_o,0,40,0.0,0.0
alu_operand_a_ex_o_tag + tpr_jump/sd_o,0,40,0.0,0.0
alu_operand_a_ex_o_tag + tpr_shift/sd_o,0,40,0.0,0.0
alu_operand_a_ex_o_tag + tpr_comparison/sd_o,0,40,0.0,0.0
alu_operand_a_ex_o_tag + tpr_logical/sd_o,0,40,0.0,0.0
alu_operand_a_ex_o_tag + tpr_load_store_mode/sd_o,0,40,0.0,0.0
alu_operand_a_ex_o_tag + tpr_load_store_enable/sd_o,0,40,0.0,0.0
alu_operand_a_ex_o_tag + tcr_arith/sd_o,0,40,0.0,0.0
store_source_ex_o_tag + tpr_arith/sd_o,0,40,0.0,0.0
store_source_ex_o_tag + tpr_branch/sd_o,0,40,0.0,0.0
store_source_ex_o_tag + tpr_jump/sd_o,0,40,0.0,0.0
store_source_ex_o_tag + tpr_shift/sd_o,0,40,0.0,0.0
store_source_ex_o_tag + tpr_comparison/sd_o,0,40,0.0,0.0
store_source_ex_o_tag + tpr_logical/sd_o,0,40,0.0,0.0
store_source_ex_o_tag + tpr_load_store_mode/sd_o,0,40,0.0,0.0
store_source_ex_o_tag + tpr_load_store_enable/sd_o,0,40,0.0,0.0
store_source_ex_o_tag + tcr_arith/sd_o,0,40,0.0,0.0
store_source_ex_o_tag + tcr_branch/sd_o,0,40,0.0,0.0
store_source_ex_o_tag + tcr_jump/sd_o,0,40,0.0,0.0
store_source_ex_o_tag + tcr_shift/sd_o,0,40,0.0,0.0
store_source_ex_o_tag + tcr_comparison/sd_o,0,40,0.0,0.0
store_source_ex_o_tag + tcr_logical/sd_o,0,40,0.0,0.0
store_source_ex_o_tag + tcr_load_store/sd_o,0,40,0.0,0.0
tpr_arith/sd_o + use_store_ops_ex_o,0,40,0.0,0.0
tpr_branch/sd_o + use_store_ops_ex_o,0,40,0.0,0.0
tpr_jump/sd_o + use_store_ops_ex_o,0,40,0.0,0.0
tpr_shift/sd_o + use_store_ops_ex_o,0,40,0.0,0.0
tpr_comparison/sd_o + use_store_ops_ex_o,0,40,0.0,0.0
tpr_logical/sd_o + use_store_ops_ex_o,0,40,0.0,0.0
tpr_load_store_mode/sd_o + use_store_ops_ex_o,0,40,0.0,0.0
tpr_load_store_enable/sd_o + use_store_ops_ex_o,0,40,0.0,0.0
tcr_arith/sd_o + use_store_ops_ex_o,0,40,0.0,0.0
tcr_branch/sd_o + use_store_ops_ex_o,0,40,0.0,0.0
tcr_jump/sd_o + use_store_ops_ex_o,0,40,0.0,0.0
tcr_shift/sd_o + use_store_ops_ex_o,0,40,0.0,0.0
tcr_comparison/sd_o + use_store_ops_ex_o,0,40,0.0,0.0
tcr_logical/sd_o + use_store_ops_ex_o,0,40,0.0,0.0
tcr_load_store/sd_o + use_store_ops_ex_o,0,40,0.0,0.0
alu_operand_a_ex_o_tag + tcr_branch/sd_o,0,40,0.0,0.0
alu_operand_a_ex_o_tag + tcr_jump/sd_o,0,40,0.0,0.0
alu_operand_a_ex_o_tag + tcr_shift/sd_o,0,40,0.0,0.0
alu_operand_a_ex_o_tag + tcr_comparison/sd_o,0,40,0.0,0.0
alu_operand_a_ex_o_tag + tcr_logical/sd_o,0,40,0.0,0.0
alu_operand_a_ex_o_tag + tcr_load_store/sd_o,0,40,0.0,0.0
rf_reg[0] + tpr_arith/sd_o,0,40,0.0,0.0
rf_reg[0] + tpr_branch/sd_o,0,40,0.0,0.0
rf_reg[0] + tpr_jump/sd_o,0,40,0.0,0.0
rf_reg[0] + tpr_shift/sd_o,0,40,0.0,0.0
rf_reg[0] + tpr_comparison/sd_o,0,40,0.0,0.0
rf_reg[0] + tpr_logical/sd_o,0,40,0.0,0.0
rf_reg[0] + tpr_load_store_mode/sd_o,0,40,0.0,0.0
rf_reg[0] + tpr_load_store_enable/sd_o,0,40,0.0,0.0
rf_reg[0] + tcr_arith/sd_o,0,40,0.0,0.0
rf_reg[0] + tcr_branch/sd_o,0,40,0.0,0.0
rf_reg[0] + tcr_jump/sd_o,0,40,0.0,0.0
rf_reg[0] + tcr_shift/sd_o,0,40,0.0,0.0
rf_reg[0] + tcr_comparison/sd_o,0,40,0.0,0.0
rf_reg[0] + tcr_logical/sd_o,0,40,0.0,0.0
rf_reg[0] + tcr_load_store/sd_o,0,40,0.0,0.0
rf_reg[1] + tpr_arith/sd_o,0,40,0.0,0.0
rf_reg[1] + tpr_branch/sd_o,0,40,0.0,0.0
rf_reg[1] + tpr_jump/sd_o,0,40,0.0,0.0
rf_reg[1] + tpr_shift/sd_o,0,40,0.0,0.0
rf_reg[1] + tpr_comparison/sd_o,0,40,0.0,0.0
rf_reg[1] + tpr_logical/sd_o,0,40,0.0,0.0
rf_reg[1] + tpr_load_store_mode/sd_o,0,40,0.0,0.0
rf_reg[1] + tpr_load_store_enable/sd_o,0,40,0.0,0.0
rf_reg[1] + tcr_arith/sd_o,0,40,0.0,0.0
rf_reg[1] + tcr_branch/sd_o,0,40,0.0,0.0
rf_reg[1] + tcr_jump/sd_o,0,40,0.0,0.0
rf_reg[1] + tcr_shift/sd_o,0,40,0.0,0.0
rf_reg[1] + tcr_comparison/sd_o,0,40,0.0,0.0
rf_reg[1] + tcr_logical/sd_o,0,40,0.0,0.0
rf_reg[1] + tcr_load_store/sd_o,0,40,0.0,0.0
rf_reg[2] + tpr_arith/sd_o,0,40,0.0,0.0
rf_reg[2] + tpr_branch/sd_o,0,40,0.0,0.0
rf_reg[2] + tpr_jump/sd_o,0,40,0.0,0.0
rf_reg[2] + tpr_shift/sd_o,0,40,0.0,0.0
rf_reg[2] + tpr_comparison/sd_o,0,40,0.0,0.0
rf_reg[2] + tpr_logical/sd_o,0,40,0.0,0.0
rf_reg[2] + tpr_load_store_mode/sd_o,0,40,0.0,0.0
rf_reg[2] + tpr_load_store_enable/sd_o,0,40,0.0,0.0
rf_reg[2] + tcr_arith/sd_o,0,40,0.0,0.0
rf_reg[2] + tcr_branch/sd_o,0,40,0.0,0.0
rf_reg[2] + tcr_jump/sd_o,0,40,0.0,0.0
rf_reg[2] + tcr_shift/sd_o,0,40,0.0,0.0
rf_reg[2] + tcr_comparison/sd_o,0,40,0.0,0.0
rf_reg[2] + tcr_logical/sd_o,0,40,0.0,0.0
rf_reg[2] + tcr_load_store/sd_o,0,40,0.0,0.0
rf_reg[3] + tpr_arith/sd_o,0,40,0.0,0.0
rf_reg[3] + tpr_branch/sd_o,0,40,0.0,0.0
rf_reg[3] + tpr_jump/sd_o,0,40,0.0,0.0
rf_reg[3] + tpr_shift/sd_o,0,40,0.0,0.0
rf_reg[3] + tpr_comparison/sd_o,0,40,0.0,0.0
rf_reg[3] + tpr_logical/sd_o,0,40,0.0,0.0
rf_reg[3] + tpr_load_store_mode/sd_o,0,40,0.0,0.0
rf_reg[3] + tpr_load_store_enable/sd_o,0,40,0.0,0.0
rf_reg[3] + tcr_arith/sd_o,0,40,0.0,0.0
rf_reg[3] + tcr_branch/sd_o,0,40,0.0,0.0
rf_reg[3] + tcr_jump/sd_o,0,40,0.0,0.0
rf_reg[3] + tcr_shift/sd_o,0,40,0.0,0.0
rf_reg[3] + tcr_comparison/sd_o,0,40,0.0,0.0
rf_reg[3] + tcr_logical/sd_o,0,40,0.0,0.0
rf_reg[3] + tcr_load_store/sd_o,0,40,0.0,0.0
rf_reg[4] + tpr_arith/sd_o,0,40,0.0,0.0
rf_reg[4] + tpr_branch/sd_o,0,40,0.0,0.0
rf_reg[4] + tpr_jump/sd_o,0,40,0.0,0.0
rf_reg[4] + tpr_shift/sd_o,0,40,0.0,0.0
rf_reg[4] + tpr_comparison/sd_o,0,40,0.0,0.0
rf_reg[4] + tpr_logical/sd_o,0,40,0.0,0.0
rf_reg[4] + tpr_load_store_mode/sd_o,0,40,0.0,0.0
rf_reg[4] + tpr_load_store_enable/sd_o,0,40,0.0,0.0
rf_reg[4] + tcr_arith/sd_o,0,40,0.0,0.0
rf_reg[4] + tcr_branch/sd_o,0,40,0.0,0.0
rf_reg[4] + tcr_jump/sd_o,0,40,0.0,0.0
rf_reg[4] + tcr_shift/sd_o,0,40,0.0,0.0
rf_reg[4] + tcr_comparison/sd_o,0,40,0.0,0.0
rf_reg[4] + tcr_logical/sd_o,0,40,0.0,0.0
rf_reg[4] + tcr_load_store/sd_o,0,40,0.0,0.0
rf_reg[5] + tpr_arith/sd_o,0,40,0.0,0.0
rf_reg[5] + tpr_branch/sd_o,0,40,0.0,0.0
rf_reg[5] + tpr_jump/sd_o,0,40,0.0,0.0
rf_reg[5] + tpr_shift/sd_o,0,40,0.0,0.0
rf_reg[5] + tpr_comparison/sd_o,0,40,0.0,0.0
rf_reg[5] + tpr_logical/sd_o,0,40,0.0,0.0
rf_reg[5] + tpr_load_store_mode/sd_o,0,40,0.0,0.0
rf_reg[5] + tpr_load_store_enable/sd_o,0,40,0.0,0.0
rf_reg[5] + tcr_arith/sd_o,0,40,0.0,0.0
rf_reg[5] + tcr_branch/sd_o,0,40,0.0,0.0
rf_reg[5] + tcr_jump/sd_o,0,40,0.0,0.0
rf_reg[5] + tcr_shift/sd_o,0,40,0.0,0.0
rf_reg[5] + tcr_comparison/sd_o,0,40,0.0,0.0
rf_reg[5] + tcr_logical/sd_o,0,40,0.0,0.0
rf_reg[5] + tcr_load_store/sd_o,0,40,0.0,0.0
rf_reg[6] + tpr_arith/sd_o,0,40,0.0,0.0
rf_reg[6] + tpr_branch/sd_o,0,40,0.0,0.0
rf_reg[6] + tpr_jump/sd_o,0,40,0.0,0.0
rf_reg[6] + tpr_shift/sd_o,0,40,0.0,0.0
rf_reg[6] + tpr_comparison/sd_o,0,40,0.0,0.0
rf_reg[6] + tpr_logical/sd_o,0,40,0.0,0.0
rf_reg[6] + tpr_load_store_mode/sd_o,0,40,0.0,0.0
rf_reg[6] + tpr_load_store_enable/sd_o,0,40,0.0,0.0
rf_reg[6] + tcr_arith/sd_o,0,40,0.0,0.0
rf_reg[6] + tcr_branch/sd_o,0,40,0.0,0.0
rf_reg[6] + tcr_jump/sd_o,0,40,0.0,0.0
rf_reg[6] + tcr_shift/sd_o,0,40,0.0,0.0
rf_reg[6] + tcr_comparison/sd_o,0,40,0.0,0.0
rf_reg[6] + tcr_logical/sd_o,0,40,0.0,0.0
rf_reg[6] + tcr_load_store/sd_o,0,40,0.0,0.0
rf_reg[7] + tpr_arith/sd_o,0,40,0.0,0.0
rf_reg[7] + tpr_branch/sd_o,0,40,0.0,0.0
rf_reg[7] + tpr_jump/sd_o,0,40,0.0,0.0
rf_reg[7] + tpr_shift/sd_o,0,40,0.0,0.0
rf_reg[7] + tpr_comparison/sd_o,0,40,0.0,0.0
rf_reg[7] + tpr_logical/sd_o,0,40,0.0,0.0
rf_reg[7] + tpr_load_store_mode/sd_o,0,40,0.0,0.0
rf_reg[7] + tpr_load_store_enable/sd_o,0,40,0.0,0.0
rf_reg[7] + tcr_arith/sd_o,0,40,0.0,0.0
rf_reg[7] + tcr_branch/sd_o,0,40,0.0,0.0
rf_reg[7] + tcr_jump/sd_o,0,40,0.0,0.0
rf_reg[7] + tcr_shift/sd_o,0,40,0.0,0.0
rf_reg[7] + tcr_comparison/sd_o,0,40,0.0,0.0
rf_reg[7] + tcr_logical/sd_o,0,40,0.0,0.0
rf_reg[7] + tcr_load_store/sd_o,0,40,0.0,0.0
rf_reg[8] + tpr_arith/sd_o,0,40,0.0,0.0
rf_reg[8] + tpr_branch/sd_o,0,40,0.0,0.0
rf_reg[8] + tpr_jump/sd_o,0,40,0.0,0.0
rf_reg[8] + tpr_shift/sd_o,0,40,0.0,0.0
rf_reg[8] + tpr_comparison/sd_o,0,40,0.0,0.0
rf_reg[8] + tpr_logical/sd_o,0,40,0.0,0.0
rf_reg[8] + tpr_load_store_mode/sd_o,0,40,0.0,0.0
rf_reg[8] + tpr_load_store_enable/sd_o,0,40,0.0,0.0
rf_reg[8] + tcr_arith/sd_o,0,40,0.0,0.0
alu_operand_b_ex_o_tag + tpr_arith/sd_o,0,40,0.0,0.0
alu_operand_b_ex_o_tag + tpr_branch/sd_o,0,40,0.0,0.0
alu_operand_b_ex_o_tag + tpr_jump/sd_o,0,40,0.0,0.0
alu_operand_b_ex_o_tag + tpr_shift/sd_o,0,40,0.0,0.0
alu_operand_b_ex_o_tag + tpr_comparison/sd_o,0,40,0.0,0.0
alu_operand_b_ex_o_tag + tpr_logical/sd_o,0,40,0.0,0.0
alu_operand_b_ex_o_tag + tpr_load_store_mode/sd_o,0,40,0.0,0.0
rf_reg[8] + tcr_branch/sd_o,0,40,0.0,0.0
rf_reg[8] + tcr_jump/sd_o,0,40,0.0,0.0
rf_reg[8] + tcr_shift/sd_o,0,40,0.0,0.0
rf_reg[8] + tcr_comparison/sd_o,0,40,0.0,0.0
rf_reg[8] + tcr_logical/sd_o,0,40,0.0,0.0
rf_reg[8] + tcr_load_store/sd_o,0,40,0.0,0.0
rf_reg[9] + tpr_arith/sd_o,0,40,0.0,0.0
rf_reg[9] + tpr_branch/sd_o,0,40,0.0,0.0
rf_reg[9] + tpr_jump/sd_o,0,40,0.0,0.0
rf_reg[9] + tpr_shift/sd_o,0,40,0.0,0.0
rf_reg[9] + tpr_comparison/sd_o,0,40,0.0,0.0
rf_reg[9] + tpr_logical/sd_o,0,40,0.0,0.0
rf_reg[9] + tpr_load_store_mode/sd_o,0,40,0.0,0.0
rf_reg[9] + tpr_load_store_enable/sd_o,0,40,0.0,0.0
rf_reg[9] + tcr_arith/sd_o,0,40,0.0,0.0
rf_reg[9] + tcr_branch/sd_o,0,40,0.0,0.0
rf_reg[9] + tcr_jump/sd_o,0,40,0.0,0.0
rf_reg[9] + tcr_shift/sd_o,0,40,0.0,0.0
rf_reg[9] + tcr_comparison/sd_o,0,40,0.0,0.0
rf_reg[9] + tcr_logical/sd_o,0,40,0.0,0.0
rf_reg[9] + tcr_load_store/sd_o,0,40,0.0,0.0
rf_reg[10] + tpr_arith/sd_o,0,40,0.0,0.0
rf_reg[10] + tpr_branch/sd_o,0,40,0.0,0.0
rf_reg[10] + tpr_jump/sd_o,0,40,0.0,0.0
rf_reg[10] + tpr_shift/sd_o,0,40,0.0,0.0
rf_reg[10] + tpr_comparison/sd_o,0,40,0.0,0.0
rf_reg[10] + tpr_logical/sd_o,0,40,0.0,0.0
rf_reg[10] + tpr_load_store_mode/sd_o,0,40,0.0,0.0
rf_reg[10] + tpr_load_store_enable/sd_o,0,40,0.0,0.0
rf_reg[10] + tcr_arith/sd_o,0,40,0.0,0.0
rf_reg[10] + tcr_branch/sd_o,0,40,0.0,0.0
rf_reg[10] + tcr_jump/sd_o,0,40,0.0,0.0
rf_reg[10] + tcr_shift/sd_o,0,40,0.0,0.0
rf_reg[10] + tcr_comparison/sd_o,0,40,0.0,0.0
rf_reg[10] + tcr_logical/sd_o,0,40,0.0,0.0
rf_reg[10] + tcr_load_store/sd_o,0,40,0.0,0.0
alu_operand_b_ex_o_tag + tpr_load_store_enable/sd_o,0,40,0.0,0.0
alu_operand_b_ex_o_tag + tcr_arith/sd_o,0,40,0.0,0.0
alu_operand_b_ex_o_tag + tcr_branch/sd_o,0,40,0.0,0.0
alu_operand_b_ex_o_tag + tcr_jump/sd_o,0,40,0.0,0.0
alu_operand_b_ex_o_tag + tcr_shift/sd_o,0,40,0.0,0.0
alu_operand_b_ex_o_tag + tcr_comparison/sd_o,0,40,0.0,0.0
alu_operand_b_ex_o_tag + tcr_logical/sd_o,0,40,0.0,0.0
alu_operand_b_ex_o_tag + tcr_load_store/sd_o,0,40,0.0,0.0
rf_reg[11] + tpr_arith/sd_o,0,40,0.0,0.0
rf_reg[11] + tpr_branch/sd_o,0,40,0.0,0.0
rf_reg[11] + tpr_jump/sd_o,0,40,0.0,0.0
rf_reg[11] + tpr_shift/sd_o,0,40,0.0,0.0
rf_reg[11] + tpr_comparison/sd_o,0,40,0.0,0.0
rf_reg[11] + tpr_logical/sd_o,0,40,0.0,0.0
rf_reg[11] + tpr_load_store_mode/sd_o,0,40,0.0,0.0
rf_reg[11] + tpr_load_store_enable/sd_o,0,40,0.0,0.0
rf_reg[11] + tcr_arith/sd_o,0,40,0.0,0.0
rf_reg[11] + tcr_branch/sd_o,0,40,0.0,0.0
rf_reg[11] + tcr_jump/sd_o,0,40,0.0,0.0
rf_reg[11] + tcr_shift/sd_o,0,40,0.0,0.0
rf_reg[11] + tcr_comparison/sd_o,0,40,0.0,0.0
rf_reg[11] + tcr_logical/sd_o,0,40,0.0,0.0
rf_reg[11] + tcr_load_store/sd_o,0,40,0.0,0.0
rf_reg[12] + tpr_arith/sd_o,0,40,0.0,0.0
rf_reg[12] + tpr_branch/sd_o,0,40,0.0,0.0
rf_reg[12] + tpr_jump/sd_o,0,40,0.0,0.0
rf_reg[12] + tpr_shift/sd_o,0,40,0.0,0.0
rf_reg[12] + tpr_comparison/sd_o,0,40,0.0,0.0
rf_reg[12] + tpr_logical/sd_o,0,40,0.0,0.0
rf_reg[12] + tpr_load_store_mode/sd_o,0,40,0.0,0.0
rf_reg[12] + tpr_load_store_enable/sd_o,0,40,0.0,0.0
rf_reg[12] + tcr_arith/sd_o,0,40,0.0,0.0
rf_reg[12] + tcr_branch/sd_o,0,40,0.0,0.0
rf_reg[12] + tcr_jump/sd_o,0,40,0.0,0.0
rf_reg[12] + tcr_shift/sd_o,0,40,0.0,0.0
rf_reg[12] + tcr_comparison/sd_o,0,40,0.0,0.0
rf_reg[12] + tcr_logical/sd_o,0,40,0.0,0.0
rf_reg[12] + tcr_load_store/sd_o,0,40,0.0,0.0
rf_reg[13] + tpr_arith/sd_o,0,40,0.0,0.0
rf_reg[13] + tpr_branch/sd_o,0,40,0.0,0.0
rf_reg[13] + tpr_jump/sd_o,0,40,0.0,0.0
rf_reg[13] + tpr_shift/sd_o,0,40,0.0,0.0
rf_reg[13] + tpr_comparison/sd_o,0,40,0.0,0.0
rf_reg[13] + tpr_logical/sd_o,0,40,0.0,0.0
rf_reg[13] + tpr_load_store_mode/sd_o,0,40,0.0,0.0
rf_reg[13] + tpr_load_store_enable/sd_o,0,40,0.0,0.0
rf_reg[13] + tcr_arith/sd_o,0,40,0.0,0.0
rf_reg[13] + tcr_branch/sd_o,0,40,0.0,0.0
rf_reg[13] + tcr_jump/sd_o,0,40,0.0,0.0
rf_reg[13] + tcr_shift/sd_o,0,40,0.0,0.0
rf_reg[13] + tcr_comparison/sd_o,0,40,0.0,0.0
rf_reg[13] + tcr_logical/sd_o,0,40,0.0,0.0
rf_reg[13] + tcr_load_store/sd_o,0,40,0.0,0.0
rf_reg[14] + tpr_arith/sd_o,0,40,0.0,0.0
rf_reg[14] + tpr_branch/sd_o,0,40,0.0,0.0
rf_reg[14] + tpr_jump/sd_o,0,40,0.0,0.0
rf_reg[14] + tpr_shift/sd_o,0,40,0.0,0.0
rf_reg[14] + tpr_comparison/sd_o,0,40,0.0,0.0
rf_reg[14] + tpr_logical/sd_o,0,40,0.0,0.0
rf_reg[14] + tpr_load_store_mode/sd_o,0,40,0.0,0.0
rf_reg[14] + tpr_load_store_enable/sd_o,0,40,0.0,0.0
rf_reg[14] + tcr_arith/sd_o,0,40,0.0,0.0
rf_reg[14] + tcr_branch/sd_o,0,40,0.0,0.0
rf_reg[14] + tcr_jump/sd_o,0,40,0.0,0.0
rf_reg[14] + tcr_shift/sd_o,0,40,0.0,0.0
rf_reg[14] + tcr_comparison/sd_o,0,40,0.0,0.0
rf_reg[14] + tcr_logical/sd_o,0,40,0.0,0.0
rf_reg[14] + tcr_load_store/sd_o,0,40,0.0,0.0
rf_reg[15] + tpr_arith/sd_o,0,40,0.0,0.0
rf_reg[15] + tpr_branch/sd_o,0,40,0.0,0.0
rf_reg[15] + tpr_jump/sd_o,0,40,0.0,0.0
rf_reg[15] + tpr_shift/sd_o,0,40,0.0,0.0
rf_reg[15] + tpr_comparison/sd_o,0,40,0.0,0.0
rf_reg[15] + tpr_logical/sd_o,0,40,0.0,0.0
rf_reg[15] + tpr_load_store_mode/sd_o,0,40,0.0,0.0
rf_reg[15] + tpr_load_store_enable/sd_o,0,40,0.0,0.0
rf_reg[15] + tcr_arith/sd_o,0,40,0.0,0.0
rf_reg[15] + tcr_branch/sd_o,0,40,0.0,0.0
rf_reg[15] + tcr_jump/sd_o,0,40,0.0,0.0
rf_reg[15] + tcr_shift/sd_o,0,40,0.0,0.0
rf_reg[15] + tcr_comparison/sd_o,0,40,0.0,0.0
rf_reg[15] + tcr_logical/sd_o,0,40,0.0,0.0
rf_reg[15] + tcr_load_store/sd_o,0,40,0.0,0.0
rf_reg[16] + tpr_arith/sd_o,0,40,0.0,0.0
rf_reg[16] + tpr_branch/sd_o,0,40,0.0,0.0
rf_reg[16] + tpr_jump/sd_o,0,40,0.0,0.0
rf_reg[16] + tpr_shift/sd_o,0,40,0.0,0.0
rf_reg[16] + tpr_comparison/sd_o,0,40,0.0,0.0
rf_reg[16] + tpr_logical/sd_o,0,40,0.0,0.0
rf_reg[16] + tpr_load_store_mode/sd_o,0,40,0.0,0.0
rf_reg[16] + tpr_load_store_enable/sd_o,0,40,0.0,0.0
rf_reg[16] + tcr_arith/sd_o,0,40,0.0,0.0
rf_reg[16] + tcr_branch/sd_o,0,40,0.0,0.0
rf_reg[16] + tcr_jump/sd_o,0,40,0.0,0.0
rf_reg[16] + tcr_shift/sd_o,0,40,0.0,0.0
rf_reg[16] + tcr_comparison/sd_o,0,40,0.0,0.0
rf_reg[16] + tcr_logical/sd_o,0,40,0.0,0.0
rf_reg[16] + tcr_load_store/sd_o,0,40,0.0,0.0
rf_reg[17] + tpr_arith/sd_o,0,40,0.0,0.0
rf_reg[17] + tpr_branch/sd_o,0,40,0.0,0.0
rf_reg[17] + tpr_jump/sd_o,0,40,0.0,0.0
rf_reg[17] + tpr_shift/sd_o,0,40,0.0,0.0
rf_reg[17] + tpr_comparison/sd_o,0,40,0.0,0.0
rf_reg[17] + tpr_logical/sd_o,0,40,0.0,0.0
rf_reg[17] + tpr_load_store_mode/sd_o,0,40,0.0,0.0
rf_reg[17] + tpr_load_store_enable/sd_o,0,40,0.0,0.0
rf_reg[17] + tcr_arith/sd_o,0,40,0.0,0.0
rf_reg[17] + tcr_branch/sd_o,0,40,0.0,0.0
rf_reg[17] + tcr_jump/sd_o,0,40,0.0,0.0
rf_reg[17] + tcr_shift/sd_o,0,40,0.0,0.0
rf_reg[17] + tcr_comparison/sd_o,0,40,0.0,0.0
rf_reg[17] + tcr_logical/sd_o,0,40,0.0,0.0
rf_reg[17] + tcr_load_store/sd_o,0,40,0.0,0.0
rf_reg[18] + tpr_arith/sd_o,0,40,0.0,0.0
rf_reg[18] + tpr_branch/sd_o,0,40,0.0,0.0
rf_reg[18] + tpr_jump/sd_o,0,40,0.0,0.0
rf_reg[18] + tpr_shift/sd_o,0,40,0.0,0.0
rf_reg[18] + tpr_comparison/sd_o,0,40,0.0,0.0
rf_reg[18] + tpr_logical/sd_o,0,40,0.0,0.0
rf_reg[18] + tpr_load_store_mode/sd_o,0,40,0.0,0.0
rf_reg[18] + tpr_load_store_enable/sd_o,0,40,0.0,0.0
rf_reg[18] + tcr_arith/sd_o,0,40,0.0,0.0
rf_reg[18] + tcr_branch/sd_o,0,40,0.0,0.0
rf_reg[18] + tcr_jump/sd_o,0,40,0.0,0.0
rf_reg[18] + tcr_shift/sd_o,0,40,0.0,0.0
rf_reg[18] + tcr_comparison/sd_o,0,40,0.0,0.0
rf_reg[18] + tcr_logical/sd_o,0,40,0.0,0.0
rf_reg[18] + tcr_load_store/sd_o,0,40,0.0,0.0
rf_reg[19] + tpr_arith/sd_o,0,40,0.0,0.0
rf_reg[19] + tpr_branch/sd_o,0,40,0.0,0.0
rf_reg[19] + tpr_jump/sd_o,0,40,0.0,0.0
rf_reg[19] + tpr_shift/sd_o,0,40,0.0,0.0
rf_reg[19] + tpr_comparison/sd_o,0,40,0.0,0.0
rf_reg[19] + tpr_logical/sd_o,0,40,0.0,0.0
rf_reg[19] + tpr_load_store_mode/sd_o,0,40,0.0,0.0
rf_reg[19] + tpr_load_store_enable/sd_o,0,40,0.0,0.0
rf_reg[19] + tcr_arith/sd_o,0,40,0.0,0.0
rf_reg[19] + tcr_branch/sd_o,0,40,0.0,0.0
rf_reg[19] + tcr_jump/sd_o,0,40,0.0,0.0
rf_reg[19] + tcr_shift/sd_o,0,40,0.0,0.0
rf_reg[19] + tcr_comparison/sd_o,0,40,0.0,0.0
rf_reg[19] + tcr_logical/sd_o,0,40,0.0,0.0
rf_reg[19] + tcr_load_store/sd_o,0,40,0.0,0.0
alu_operand_c_ex_o_tag + tpr_arith/sd_o,0,40,0.0,0.0
alu_operand_c_ex_o_tag + tpr_branch/sd_o,0,40,0.0,0.0
alu_operand_c_ex_o_tag + tpr_jump/sd_o,0,40,0.0,0.0
alu_operand_c_ex_o_tag + tpr_shift/sd_o,0,40,0.0,0.0
rf_reg[20] + tpr_arith/sd_o,0,40,0.0,0.0
rf_reg[20] + tpr_branch/sd_o,0,40,0.0,0.0
rf_reg[20] + tpr_jump/sd_o,0,40,0.0,0.0
rf_reg[20] + tpr_shift/sd_o,0,40,0.0,0.0
rf_reg[20] + tpr_comparison/sd_o,0,40,0.0,0.0
rf_reg[20] + tpr_logical/sd_o,0,40,0.0,0.0
rf_reg[20] + tpr_load_store_mode/sd_o,0,40,0.0,0.0
rf_reg[20] + tpr_load_store_enable/sd_o,0,40,0.0,0.0
rf_reg[20] + tcr_arith/sd_o,0,40,0.0,0.0
rf_reg[20] + tcr_branch/sd_o,0,40,0.0,0.0
rf_reg[20] + tcr_jump/sd_o,0,40,0.0,0.0
rf_reg[20] + tcr_shift/sd_o,0,40,0.0,0.0
rf_reg[20] + tcr_comparison/sd_o,0,40,0.0,0.0
rf_reg[20] + tcr_logical/sd_o,0,40,0.0,0.0
rf_reg[20] + tcr_load_store/sd_o,0,40,0.0,0.0
rf_reg[21] + tpr_arith/sd_o,0,40,0.0,0.0
rf_reg[21] + tpr_branch/sd_o,0,40,0.0,0.0
rf_reg[21] + tpr_jump/sd_o,0,40,0.0,0.0
rf_reg[21] + tpr_shift/sd_o,0,40,0.0,0.0
rf_reg[21] + tpr_comparison/sd_o,0,40,0.0,0.0
rf_reg[21] + tpr_logical/sd_o,0,40,0.0,0.0
rf_reg[21] + tpr_load_store_mode/sd_o,0,40,0.0,0.0
rf_reg[21] + tpr_load_store_enable/sd_o,0,40,0.0,0.0
rf_reg[21] + tcr_arith/sd_o,0,40,0.0,0.0
rf_reg[21] + tcr_branch/sd_o,0,40,0.0,0.0
rf_reg[21] + tcr_jump/sd_o,0,40,0.0,0.0
rf_reg[21] + tcr_shift/sd_o,0,40,0.0,0.0
rf_reg[21] + tcr_comparison/sd_o,0,40,0.0,0.0
rf_reg[21] + tcr_logical/sd_o,0,40,0.0,0.0
rf_reg[21] + tcr_load_store/sd_o,0,40,0.0,0.0
alu_operand_c_ex_o_tag + tpr_comparison/sd_o,0,40,0.0,0.0
alu_operand_c_ex_o_tag + tpr_logical/sd_o,0,40,0.0,0.0
alu_operand_c_ex_o_tag + tpr_load_store_mode/sd_o,0,40,0.0,0.0
alu_operand_c_ex_o_tag + tpr_load_store_enable/sd_o,0,40,0.0,0.0
alu_operand_c_ex_o_tag + tcr_arith/sd_o,0,40,0.0,0.0
alu_operand_c_ex_o_tag + tcr_branch/sd_o,0,40,0.0,0.0
alu_operand_c_ex_o_tag + tcr_jump/sd_o,0,40,0.0,0.0
alu_operand_c_ex_o_tag + tcr_shift/sd_o,0,40,0.0,0.0
alu_operand_c_ex_o_tag + tcr_comparison/sd_o,0,40,0.0,0.0
alu_operand_c_ex_o_tag + tcr_logical/sd_o,0,40,0.0,0.0
rf_reg[22] + tpr_arith/sd_o,0,40,0.0,0.0
rf_reg[22] + tpr_branch/sd_o,0,40,0.0,0.0
rf_reg[22] + tpr_jump/sd_o,0,40,0.0,0.0
rf_reg[22] + tpr_shift/sd_o,0,40,0.0,0.0
rf_reg[22] + tpr_comparison/sd_o,0,40,0.0,0.0
rf_reg[22] + tpr_logical/sd_o,0,40,0.0,0.0
rf_reg[22] + tpr_load_store_mode/sd_o,0,40,0.0,0.0
rf_reg[22] + tpr_load_store_enable/sd_o,0,40,0.0,0.0
rf_reg[22] + tcr_arith/sd_o,0,40,0.0,0.0
rf_reg[22] + tcr_branch/sd_o,0,40,0.0,0.0
rf_reg[22] + tcr_jump/sd_o,0,40,0.0,0.0
rf_reg[22] + tcr_shift/sd_o,0,40,0.0,0.0
rf_reg[22] + tcr_comparison/sd_o,0,40,0.0,0.0
rf_reg[22] + tcr_logical/sd_o,0,40,0.0,0.0
rf_reg[22] + tcr_load_store/sd_o,0,40,0.0,0.0
rf_reg[23] + tpr_arith/sd_o,0,40,0.0,0.0
rf_reg[23] + tpr_branch/sd_o,0,40,0.0,0.0
rf_reg[23] + tpr_jump/sd_o,0,40,0.0,0.0
rf_reg[23] + tpr_shift/sd_o,0,40,0.0,0.0
rf_reg[23] + tpr_comparison/sd_o,0,40,0.0,0.0
rf_reg[23] + tpr_logical/sd_o,0,40,0.0,0.0
rf_reg[23] + tpr_load_store_mode/sd_o,0,40,0.0,0.0
rf_reg[23] + tpr_load_store_enable/sd_o,0,40,0.0,0.0
rf_reg[23] + tcr_arith/sd_o,0,40,0.0,0.0
rf_reg[23] + tcr_branch/sd_o,0,40,0.0,0.0
rf_reg[23] + tcr_jump/sd_o,0,40,0.0,0.0
rf_reg[23] + tcr_shift/sd_o,0,40,0.0,0.0
rf_reg[23] + tcr_comparison/sd_o,0,40,0.0,0.0
rf_reg[23] + tcr_logical/sd_o,0,40,0.0,0.0
rf_reg[23] + tcr_load_store/sd_o,0,40,0.0,0.0
rf_reg[24] + tpr_arith/sd_o,0,40,0.0,0.0
rf_reg[24] + tpr_branch/sd_o,0,40,0.0,0.0
rf_reg[24] + tpr_jump/sd_o,0,40,0.0,0.0
rf_reg[24] + tpr_shift/sd_o,0,40,0.0,0.0
rf_reg[24] + tpr_comparison/sd_o,0,40,0.0,0.0
rf_reg[24] + tpr_logical/sd_o,0,40,0.0,0.0
rf_reg[24] + tpr_load_store_mode/sd_o,0,40,0.0,0.0
rf_reg[24] + tpr_load_store_enable/sd_o,0,40,0.0,0.0
rf_reg[24] + tcr_arith/sd_o,0,40,0.0,0.0
rf_reg[24] + tcr_branch/sd_o,0,40,0.0,0.0
rf_reg[24] + tcr_jump/sd_o,0,40,0.0,0.0
alu_operand_c_ex_o_tag + tcr_load_store/sd_o,0,40,0.0,0.0
rf_reg[24] + tcr_shift/sd_o,0,40,0.0,0.0
rf_reg[24] + tcr_comparison/sd_o,0,40,0.0,0.0
rf_reg[24] + tcr_logical/sd_o,0,40,0.0,0.0
rf_reg[24] + tcr_load_store/sd_o,0,40,0.0,0.0
rf_reg[25] + tpr_arith/sd_o,0,40,0.0,0.0
rf_reg[25] + tpr_branch/sd_o,0,40,0.0,0.0
rf_reg[25] + tpr_jump/sd_o,0,40,0.0,0.0
rf_reg[25] + tpr_shift/sd_o,0,40,0.0,0.0
rf_reg[25] + tpr_comparison/sd_o,0,40,0.0,0.0
rf_reg[25] + tpr_logical/sd_o,0,40,0.0,0.0
rf_reg[25] + tpr_load_store_mode/sd_o,0,40,0.0,0.0
rf_reg[25] + tpr_load_store_enable/sd_o,0,40,0.0,0.0
rf_reg[25] + tcr_arith/sd_o,0,40,0.0,0.0
rf_reg[25] + tcr_branch/sd_o,0,40,0.0,0.0
rf_reg[25] + tcr_jump/sd_o,0,40,0.0,0.0
rf_reg[25] + tcr_shift/sd_o,0,40,0.0,0.0
rf_reg[25] + tcr_comparison/sd_o,0,40,0.0,0.0
rf_reg[25] + tcr_logical/sd_o,0,40,0.0,0.0
rf_reg[25] + tcr_load_store/sd_o,0,40,0.0,0.0
rf_reg[26] + tpr_arith/sd_o,0,40,0.0,0.0
rf_reg[26] + tpr_branch/sd_o,0,40,0.0,0.0
rf_reg[26] + tpr_jump/sd_o,0,40,0.0,0.0
rf_reg[26] + tpr_shift/sd_o,0,40,0.0,0.0
rf_reg[26] + tpr_comparison/sd_o,0,40,0.0,0.0
rf_reg[26] + tpr_logical/sd_o,0,40,0.0,0.0
rf_reg[26] + tpr_load_store_mode/sd_o,0,40,0.0,0.0
rf_reg[26] + tpr_load_store_enable/sd_o,0,40,0.0,0.0
rf_reg[26] + tcr_arith/sd_o,0,40,0.0,0.0
rf_reg[26] + tcr_branch/sd_o,0,40,0.0,0.0
rf_reg[26] + tcr_jump/sd_o,0,40,0.0,0.0
rf_reg[26] + tcr_shift/sd_o,0,40,0.0,0.0
rf_reg[26] + tcr_comparison/sd_o,0,40,0.0,0.0
rf_reg[26] + tcr_logical/sd_o,0,40,0.0,0.0
rf_reg[26] + tcr_load_store/sd_o,0,40,0.0,0.0
rf_reg[27] + tpr_arith/sd_o,0,40,0.0,0.0
rf_reg[27] + tpr_branch/sd_o,0,40,0.0,0.0
rf_reg[27] + tpr_jump/sd_o,0,40,0.0,0.0
rf_reg[27] + tpr_shift/sd_o,0,40,0.0,0.0
rf_reg[27] + tpr_comparison/sd_o,0,40,0.0,0.0
rf_reg[27] + tpr_logical/sd_o,0,40,0.0,0.0
rf_reg[27] + tpr_load_store_mode/sd_o,0,40,0.0,0.0
rf_reg[27] + tpr_load_store_enable/sd_o,0,40,0.0,0.0
rf_reg[27] + tcr_arith/sd_o,0,40,0.0,0.0
rf_reg[27] + tcr_branch/sd_o,0,40,0.0,0.0
rf_reg[27] + tcr_jump/sd_o,0,40,0.0,0.0
rf_reg[27] + tcr_shift/sd_o,0,40,0.0,0.0
rf_reg[27] + tcr_comparison/sd_o,0,40,0.0,0.0
rf_reg[27] + tcr_logical/sd_o,0,40,0.0,0.0
rf_reg[27] + tcr_load_store/sd_o,0,40,0.0,0.0
rf_reg[28] + tpr_arith/sd_o,0,40,0.0,0.0
rf_reg[28] + tpr_branch/sd_o,0,40,0.0,0.0
rf_reg[28] + tpr_jump/sd_o,0,40,0.0,0.0
rf_reg[28] + tpr_shift/sd_o,0,40,0.0,0.0
rf_reg[28] + tpr_comparison/sd_o,0,40,0.0,0.0
rf_reg[28] + tpr_logical/sd_o,0,40,0.0,0.0
rf_reg[28] + tpr_load_store_mode/sd_o,0,40,0.0,0.0
rf_reg[28] + tpr_load_store_enable/sd_o,0,40,0.0,0.0
rf_reg[28] + tcr_arith/sd_o,0,40,0.0,0.0
rf_reg[28] + tcr_branch/sd_o,0,40,0.0,0.0
rf_reg[28] + tcr_jump/sd_o,0,40,0.0,0.0
rf_reg[28] + tcr_shift/sd_o,0,40,0.0,0.0
rf_reg[28] + tcr_comparison/sd_o,0,40,0.0,0.0
rf_reg[28] + tcr_logical/sd_o,0,40,0.0,0.0
rf_reg[28] + tcr_load_store/sd_o,0,40,0.0,0.0
rf_reg[29] + tpr_arith/sd_o,0,40,0.0,0.0
rf_reg[29] + tpr_branch/sd_o,0,40,0.0,0.0
rf_reg[29] + tpr_jump/sd_o,0,40,0.0,0.0
rf_reg[29] + tpr_shift/sd_o,0,40,0.0,0.0
rf_reg[29] + tpr_comparison/sd_o,0,40,0.0,0.0
rf_reg[29] + tpr_logical/sd_o,0,40,0.0,0.0
rf_reg[29] + tpr_load_store_mode/sd_o,0,40,0.0,0.0
rf_reg[29] + tpr_load_store_enable/sd_o,0,40,0.0,0.0
rf_reg[29] + tcr_arith/sd_o,0,40,0.0,0.0
rf_reg[29] + tcr_branch/sd_o,0,40,0.0,0.0
rf_reg[29] + tcr_jump/sd_o,0,40,0.0,0.0
rf_reg[29] + tcr_shift/sd_o,0,40,0.0,0.0
rf_reg[29] + tcr_comparison/sd_o,0,40,0.0,0.0
rf_reg[29] + tcr_logical/sd_o,0,40,0.0,0.0
rf_reg[29] + tcr_load_store/sd_o,0,40,0.0,0.0
rf_reg[30] + tpr_arith/sd_o,0,40,0.0,0.0
rf_reg[30] + tpr_branch/sd_o,0,40,0.0,0.0
rf_reg[30] + tpr_jump/sd_o,0,40,0.0,0.0
rf_reg[30] + tpr_shift/sd_o,0,40,0.0,0.0
rf_reg[30] + tpr_comparison/sd_o,0,40,0.0,0.0
rf_reg[30] + tpr_logical/sd_o,0,40,0.0,0.0
rf_reg[30] + tpr_load_store_mode/sd_o,0,40,0.0,0.0
rf_reg[30] + tpr_load_store_enable/sd_o,0,40,0.0,0.0
rf_reg[30] + tcr_arith/sd_o,0,40,0.0,0.0
rf_reg[30] + tcr_branch/sd_o,0,40,0.0,0.0
rf_reg[30] + tcr_jump/sd_o,0,40,0.0,0.0
rf_reg[30] + tcr_shift/sd_o,0,40,0.0,0.0
rf_reg[30] + tcr_comparison/sd_o,0,40,0.0,0.0
rf_reg[30] + tcr_logical/sd_o,0,40,0.0,0.0
rf_reg[30] + tcr_load_store/sd_o,0,40,0.0,0.0
rf_reg[31] + tpr_arith/sd_o,0,40,0.0,0.0
rf_reg[31] + tpr_branch/sd_o,0,40,0.0,0.0
rf_reg[31] + tpr_jump/sd_o,0,40,0.0,0.0
rf_reg[31] + tpr_shift/sd_o,0,40,0.0,0.0
rf_reg[31] + tpr_comparison/sd_o,0,40,0.0,0.0
rf_reg[31] + tpr_logical/sd_o,0,40,0.0,0.0
rf_reg[31] + tpr_load_store_mode/sd_o,0,40,0.0,0.0
rf_reg[31] + tpr_load_store_enable/sd_o,0,40,0.0,0.0
rf_reg[31] + tcr_arith/sd_o,0,40,0.0,0.0
rf_reg[31] + tcr_branch/sd_o,0,40,0.0,0.0
rf_reg[31] + tcr_jump/sd_o,0,40,0.0,0.0
rf_reg[31] + tcr_shift/sd_o,0,40,0.0,0.0
rf_reg[31] + tcr_comparison/sd_o,0,40,0.0,0.0
rf_reg[31] + tcr_logical/sd_o,0,40,0.0,0.0
rf_reg[31] + tcr_load_store/sd_o,0,40,0.0,0.0
rs1_o_tag + tpr_arith/sd_o,0,40,0.0,0.0
rs1_o_tag + tpr_branch/sd_o,0,40,0.0,0.0
rs1_o_tag + tpr_jump/sd_o,0,40,0.0,0.0
rs1_o_tag + tpr_shift/sd_o,0,40,0.0,0.0
rs1_o_tag + tpr_comparison/sd_o,0,40,0.0,0.0
rs1_o_tag + tpr_logical/sd_o,0,40,0.0,0.0
rs1_o_tag + tpr_load_store_mode/sd_o,0,40,0.0,0.0
rs1_o_tag + tpr_load_store_enable/sd_o,0,40,0.0,0.0
rs1_o_tag + tcr_arith/sd_o,0,40,0.0,0.0
rs1_o_tag + tcr_branch/sd_o,0,40,0.0,0.0
rs1_o_tag + tcr_jump/sd_o,0,40,0.0,0.0
rs1_o_tag + tcr_shift/sd_o,0,40,0.0,0.0
rs1_o_tag + tcr_comparison/sd_o,0,40,0.0,0.0
rs1_o_tag + tcr_logical/sd_o,0,40,0.0,0.0
rs1_o_tag + tcr_load_store/sd_o,0,40,0.0,0.0
data_we_q_tag + tpr_arith/sd_o,0,40,0.0,0.0
data_we_q_tag + tpr_branch/sd_o,0,40,0.0,0.0
data_we_q_tag + tpr_jump/sd_o,0,40,0.0,0.0
data_we_q_tag + tpr_shift/sd_o,0,40,0.0,0.0
data_we_q_tag + tpr_comparison/sd_o,0,40,0.0,0.0
data_we_q_tag + tpr_logical/sd_o,0,40,0.0,0.0
data_we_q_tag + tpr_load_store_mode/sd_o,0,40,0.0,0.0
data_we_q_tag + tpr_load_store_enable/sd_o,0,40,0.0,0.0
data_we_q_tag + tcr_arith/sd_o,0,40,0.0,0.0
data_we_q_tag + tcr_branch/sd_o,0,40,0.0,0.0
data_we_q_tag + tcr_jump/sd_o,0,40,0.0,0.0
data_we_q_tag + tcr_shift/sd_o,0,40,0.0,0.0
data_we_q_tag + tcr_comparison/sd_o,0,40,0.0,0.0
data_we_q_tag + tcr_logical/sd_o,0,40,0.0,0.0
data_we_q_tag + tcr_load_store/sd_o,0,40,0.0,0.0
pc_if_o_tag/sd_o + tpr_arith/sd_o,0,40,0.0,0.0
pc_if_o_tag/sd_o + tpr_branch/sd_o,0,40,0.0,0.0
pc_if_o_tag/sd_o + tpr_jump/sd_o,0,40,0.0,0.0
pc_if_o_tag/sd_o + tpr_shift/sd_o,0,40,0.0,0.0
pc_if_o_tag/sd_o + tpr_comparison/sd_o,0,40,0.0,0.0
pc_if_o_tag/sd_o + tpr_logical/sd_o,0,40,0.0,0.0
pc_if_o_tag/sd_o + tpr_load_store_mode/sd_o,0,40,0.0,0.0
pc_if_o_tag/sd_o + tpr_load_store_enable/sd_o,0,40,0.0,0.0
pc_if_o_tag/sd_o + tcr_arith/sd_o,0,40,0.0,0.0
pc_if_o_tag/sd_o + tcr_branch/sd_o,0,40,0.0,0.0
pc_if_o_tag/sd_o + tcr_jump/sd_o,0,40,0.0,0.0
pc_if_o_tag/sd_o + tcr_shift/sd_o,0,40,0.0,0.0
pc_if_o_tag/sd_o + tcr_comparison/sd_o,0,40,0.0,0.0
pc_if_o_tag/sd_o + tcr_logical/sd_o,0,40,0.0,0.0
pc_if_o_tag/sd_o + tcr_load_store/sd_o,0,40,0.0,0.0
pc_if_o_tag/sd_o + tcr_execute/sd_o,0,40,0.0,0.0
pc_id_o_tag/sd_o + tpr_arith/sd_o,0,40,0.0,0.0
pc_id_o_tag/sd_o + tpr_branch/sd_o,0,40,0.0,0.0
pc_id_o_tag/sd_o + tpr_jump/sd_o,0,40,0.0,0.0
pc_id_o_tag/sd_o + tpr_shift/sd_o,0,40,0.0,0.0
pc_id_o_tag/sd_o + tpr_comparison/sd_o,0,40,0.0,0.0
pc_id_o_tag/sd_o + tpr_logical/sd_o,0,40,0.0,0.0
pc_id_o_tag/sd_o + tpr_load_store_mode/sd_o,0,40,0.0,0.0
pc_id_o_tag/sd_o + tpr_load_store_enable/sd_o,0,40,0.0,0.0
pc_id_o_tag/sd_o + tcr_arith/sd_o,0,40,0.0,0.0
pc_id_o_tag/sd_o + tcr_branch/sd_o,0,40,0.0,0.0
pc_id_o_tag/sd_o + tcr_jump/sd_o,0,40,0.0,0.0
pc_id_o_tag/sd_o + tcr_shift/sd_o,0,40,0.0,0.0
pc_id_o_tag/sd_o + tcr_comparison/sd_o,0,40,0.0,0.0
pc_id_o_tag/sd_o + tcr_logical/sd_o,0,40,0.0,0.0
pc_id_o_tag/sd_o + tcr_load_store/sd_o,0,40,0.0,0.0
pc_id_o_tag/sd_o + tcr_execute/sd_o,0,40,0.0,0.0
pc_id_o_tag + tpr_arith/sd_o,0,40,0.0,0.0
pc_id_o_tag + tpr_branch/sd_o,0,40,0.0,0.0
pc_id_o_tag + tpr_jump/sd_o,0,40,0.0,0.0
pc_id_o_tag + tpr_shift/sd_o,0,40,0.0,0.0
pc_id_o_tag + tpr_comparison/sd_o,0,40,0.0,0.0
pc_id_o_tag + tpr_logical/sd_o,0,40,0.0,0.0
sd_o_5 + tpr_arith/sd_o,0,40,0.0,0.0
sd_o_5 + tpr_branch/sd_o,0,40,0.0,0.0
sd_o_5 + tpr_jump/sd_o,0,40,0.0,0.0
sd_o_5 + tpr_shift/sd_o,0,40,0.0,0.0
sd_o_5 + tpr_comparison/sd_o,0,40,0.0,0.0
sd_o_5 + tpr_logical/sd_o,0,40,0.0,0.0
sd_o_5 + tpr_load_store_mode/sd_o,0,40,0.0,0.0
sd_o_5 + tpr_load_store_enable/sd_o,0,40,0.0,0.0
sd_o_5 + tcr_arith/sd_o,0,40,0.0,0.0
sd_o_5 + tcr_branch/sd_o,0,40,0.0,0.0
sd_o_5 + tcr_jump/sd_o,0,40,0.0,0.0
sd_o_5 + tcr_shift/sd_o,0,40,0.0,0.0
sd_o_5 + tcr_comparison/sd_o,0,40,0.0,0.0
sd_o_5 + tcr_logical/sd_o,0,40,0.0,0.0
sd_o_5 + tcr_load_store/sd_o,0,40,0.0,0.0
sd_o_5 + tcr_execute/sd_o,0,40,0.0,0.0
check_d_o_tag + tpr_arith/sd_o,0,40,0.0,0.0
check_d_o_tag + tpr_branch/sd_o,0,40,0.0,0.0
check_d_o_tag + tpr_jump/sd_o,0,40,0.0,0.0
check_d_o_tag + tpr_shift/sd_o,0,40,0.0,0.0
check_d_o_tag + tpr_comparison/sd_o,0,40,0.0,0.0
check_d_o_tag + tpr_logical/sd_o,0,40,0.0,0.0
check_d_o_tag + tpr_load_store_mode/sd_o,0,40,0.0,0.0
check_d_o_tag + tpr_load_store_enable/sd_o,0,40,0.0,0.0
check_d_o_tag + tcr_arith/sd_o,0,40,0.0,0.0
check_d_o_tag + tcr_branch/sd_o,0,40,0.0,0.0
check_d_o_tag + tcr_jump/sd_o,0,40,0.0,0.0
check_d_o_tag + tcr_shift/sd_o,0,40,0.0,0.0
check_d_o_tag + tcr_comparison/sd_o,0,40,0.0,0.0
check_d_o_tag + tcr_logical/sd_o,0,40,0.0,0.0
check_d_o_tag + tcr_load_store/sd_o,0,40,0.0,0.0
alu_operator_o_mode/sd_o + tpr_arith/sd_o,0,40,0.0,0.0
alu_operator_o_mode/sd_o + tpr_branch/sd_o,0,40,0.0,0.0
alu_operator_o_mode/sd_o + tpr_jump/sd_o,0,40,0.0,0.0
alu_operator_o_mode/sd_o + tpr_shift/sd_o,0,40,0.0,0.0
alu_operator_o_mode/sd_o + tpr_comparison/sd_o,0,40,0.0,0.0
alu_operator_o_mode/sd_o + tpr_logical/sd_o,0,40,0.0,0.0
alu_operator_o_mode/sd_o + tpr_load_store_mode/sd_o,0,40,0.0,0.0
alu_operator_o_mode/sd_o + tpr_load_store_enable/sd_o,0,40,0.0,0.0
alu_operator_o_mode/sd_o + tcr_arith/sd_o,0,40,0.0,0.0
alu_operator_o_mode/sd_o + tcr_branch/sd_o,0,40,0.0,0.0
alu_operator_o_mode/sd_o + tcr_jump/sd_o,0,40,0.0,0.0
alu_operator_o_mode/sd_o + tcr_shift/sd_o,0,40,0.0,0.0
alu_operator_o_mode/sd_o + tcr_comparison/sd_o,0,40,0.0,0.0
alu_operator_o_mode/sd_o + tcr_logical/sd_o,0,40,0.0,0.0
alu_operator_o_mode/sd_o + tcr_load_store/sd_o,0,40,0.0,0.0
alu_operator_o_mode/sd_o + tcr_execute/sd_o,0,40,0.0,0.0
store_dest_addr_ex_o_tag/sd_o + tpr_arith/sd_o,0,40,0.0,0.0
store_dest_addr_ex_o_tag/sd_o + tpr_branch/sd_o,0,40,0.0,0.0
store_dest_addr_ex_o_tag/sd_o + tpr_jump/sd_o,0,40,0.0,0.0
store_dest_addr_ex_o_tag/sd_o + tpr_shift/sd_o,0,40,0.0,0.0
store_dest_addr_ex_o_tag/sd_o + tpr_comparison/sd_o,0,40,0.0,0.0
store_dest_addr_ex_o_tag/sd_o + tpr_logical/sd_o,0,40,0.0,0.0
store_dest_addr_ex_o_tag/sd_o + tpr_load_store_mode/sd_o,0,40,0.0,0.0
store_dest_addr_ex_o_tag/sd_o + tpr_load_store_enable/sd_o,0,40,0.0,0.0
store_dest_addr_ex_o_tag/sd_o + tcr_arith/sd_o,0,40,0.0,0.0
store_dest_addr_ex_o_tag/sd_o + tcr_branch/sd_o,0,40,0.0,0.0
store_dest_addr_ex_o_tag/sd_o + tcr_jump/sd_o,0,40,0.0,0.0
store_dest_addr_ex_o_tag/sd_o + tcr_shift/sd_o,0,40,0.0,0.0
store_dest_addr_ex_o_tag/sd_o + tcr_comparison/sd_o,0,40,0.0,0.0
store_dest_addr_ex_o_tag/sd_o + tcr_logical/sd_o,0,40,0.0,0.0
store_dest_addr_ex_o_tag/sd_o + tcr_load_store/sd_o,0,40,0.0,0.0
store_dest_addr_ex_o_tag/sd_o + tcr_execute/sd_o,0,40,0.0,0.0
store_source_ex_o_tag/sd_o + tpr_arith/sd_o,0,40,0.0,0.0
store_source_ex_o_tag/sd_o + tpr_branch/sd_o,0,40,0.0,0.0
store_source_ex_o_tag/sd_o + tpr_jump/sd_o,0,40,0.0,0.0
store_source_ex_o_tag/sd_o + tpr_shift/sd_o,0,40,0.0,0.0
store_source_ex_o_tag/sd_o + tpr_comparison/sd_o,0,40,0.0,0.0
store_source_ex_o_tag/sd_o + tpr_logical/sd_o,0,40,0.0,0.0
store_source_ex_o_tag/sd_o + tpr_load_store_mode/sd_o,0,40,0.0,0.0
store_source_ex_o_tag/sd_o + tpr_load_store_enable/sd_o,0,40,0.0,0.0
store_source_ex_o_tag/sd_o + tcr_arith/sd_o,0,40,0.0,0.0
store_source_ex_o_tag/sd_o + tcr_branch/sd_o,0,40,0.0,0.0
store_source_ex_o_tag/sd_o + tcr_jump/sd_o,0,40,0.0,0.0
store_source_ex_o_tag/sd_o + tcr_shift/sd_o,0,40,0.0,0.0
store_source_ex_o_tag/sd_o + tcr_comparison/sd_o,0,40,0.0,0.0
store_source_ex_o_tag/sd_o + tcr_logical/sd_o,0,40,0.0,0.0
store_source_ex_o_tag/sd_o + tcr_load_store/sd_o,0,40,0.0,0.0
store_source_ex_o_tag/sd_o + tcr_execute/sd_o,0,40,0.0,0.0
tpr_arith/sd_o + use_store_ops_ex_o/sd_o,0,40,0.0,0.0
tpr_branch/sd_o + use_store_ops_ex_o/sd_o,0,40,0.0,0.0
tpr_jump/sd_o + use_store_ops_ex_o/sd_o,0,40,0.0,0.0
tpr_shift/sd_o + use_store_ops_ex_o/sd_o,0,40,0.0,0.0
tpr_comparison/sd_o + use_store_ops_ex_o/sd_o,0,40,0.0,0.0
tpr_logical/sd_o + use_store_ops_ex_o/sd_o,0,40,0.0,0.0
tpr_load_store_mode/sd_o + use_store_ops_ex_o/sd_o,0,40,0.0,0.0
tpr_load_store_enable/sd_o + use_store_ops_ex_o/sd_o,0,40,0.0,0.0
tcr_arith/sd_o + use_store_ops_ex_o/sd_o,0,40,0.0,0.0
tcr_branch/sd_o + use_store_ops_ex_o/sd_o,0,40,0.0,0.0
tcr_jump/sd_o + use_store_ops_ex_o/sd_o,0,40,0.0,0.0
tcr_shift/sd_o + use_store_ops_ex_o/sd_o,0,40,0.0,0.0
tcr_comparison/sd_o + use_store_ops_ex_o/sd_o,0,40,0.0,0.0
tcr_logical/sd_o + use_store_ops_ex_o/sd_o,0,40,0.0,0.0
tcr_load_store/sd_o + use_store_ops_ex_o/sd_o,0,40,0.0,0.0
tcr_execute/sd_o + use_store_ops_ex_o/sd_o,0,40,0.0,0.0
check_s1_o_tag + tpr_arith/sd_o,0,40,0.0,0.0
check_s1_o_tag + tpr_branch/sd_o,0,40,0.0,0.0
check_s1_o_tag + tpr_jump/sd_o,0,40,0.0,0.0
check_s1_o_tag + tpr_shift/sd_o,0,40,0.0,0.0
check_s1_o_tag + tpr_comparison/sd_o,0,40,0.0,0.0
check_s1_o_tag + tpr_logical/sd_o,0,40,0.0,0.0
alu_operand_a_ex_o_tag/sd_o + tpr_arith/sd_o,0,40,0.0,0.0
alu_operand_a_ex_o_tag/sd_o + tpr_branch/sd_o,0,40,0.0,0.0
alu_operand_a_ex_o_tag/sd_o + tpr_jump/sd_o,0,40,0.0,0.0
alu_operand_a_ex_o_tag/sd_o + tpr_shift/sd_o,0,40,0.0,0.0
alu_operand_a_ex_o_tag/sd_o + tpr_comparison/sd_o,0,40,0.0,0.0
alu_operand_a_ex_o_tag/sd_o + tpr_logical/sd_o,0,40,0.0,0.0
alu_operand_a_ex_o_tag/sd_o + tpr_load_store_mode/sd_o,0,40,0.0,0.0
alu_operand_a_ex_o_tag/sd_o + tpr_load_store_enable/sd_o,0,40,0.0,0.0
alu_operand_a_ex_o_tag/sd_o + tcr_arith/sd_o,0,40,0.0,0.0
alu_operand_a_ex_o_tag/sd_o + tcr_branch/sd_o,0,40,0.0,0.0
alu_operand_a_ex_o_tag/sd_o + tcr_jump/sd_o,0,40,0.0,0.0
alu_operand_a_ex_o_tag/sd_o + tcr_shift/sd_o,0,40,0.0,0.0
alu_operand_a_ex_o_tag/sd_o + tcr_comparison/sd_o,0,40,0.0,0.0
alu_operand_a_ex_o_tag/sd_o + tcr_logical/sd_o,0,40,0.0,0.0
alu_operand_a_ex_o_tag/sd_o + tcr_load_store/sd_o,0,40,0.0,0.0
alu_operand_a_ex_o_tag/sd_o + tcr_execute/sd_o,0,40,0.0,0.0
check_s1_o_tag + tpr_load_store_mode/sd_o,0,40,0.0,0.0
check_s1_o_tag + tpr_load_store_enable/sd_o,0,40,0.0,0.0
check_s1_o_tag + tcr_arith/sd_o,0,40,0.0,0.0
check_s1_o_tag + tcr_branch/sd_o,0,40,0.0,0.0
check_s1_o_tag + tcr_jump/sd_o,0,40,0.0,0.0
check_s1_o_tag + tcr_shift/sd_o,0,40,0.0,0.0
check_s1_o_tag + tcr_comparison/sd_o,0,40,0.0,0.0
check_s1_o_tag + tcr_logical/sd_o,0,40,0.0,0.0
check_s1_o_tag + tcr_load_store/sd_o,0,40,0.0,0.0
alu_operand_b_ex_o_tag/sd_o + tpr_arith/sd_o,0,40,0.0,0.0
alu_operand_b_ex_o_tag/sd_o + tpr_branch/sd_o,0,40,0.0,0.0
alu_operand_b_ex_o_tag/sd_o + tpr_jump/sd_o,0,40,0.0,0.0
alu_operand_b_ex_o_tag/sd_o + tpr_shift/sd_o,0,40,0.0,0.0
alu_operand_b_ex_o_tag/sd_o + tpr_comparison/sd_o,0,40,0.0,0.0
alu_operand_b_ex_o_tag/sd_o + tpr_logical/sd_o,0,40,0.0,0.0
alu_operand_b_ex_o_tag/sd_o + tpr_load_store_mode/sd_o,0,40,0.0,0.0
alu_operand_b_ex_o_tag/sd_o + tpr_load_store_enable/sd_o,0,40,0.0,0.0
alu_operand_b_ex_o_tag/sd_o + tcr_arith/sd_o,0,40,0.0,0.0
alu_operand_b_ex_o_tag/sd_o + tcr_branch/sd_o,0,40,0.0,0.0
alu_operand_b_ex_o_tag/sd_o + tcr_jump/sd_o,0,40,0.0,0.0
alu_operand_b_ex_o_tag/sd_o + tcr_shift/sd_o,0,40,0.0,0.0
alu_operand_b_ex_o_tag/sd_o + tcr_comparison/sd_o,0,40,0.0,0.0
alu_operand_b_ex_o_tag/sd_o + tcr_logical/sd_o,0,40,0.0,0.0
alu_operand_b_ex_o_tag/sd_o + tcr_load_store/sd_o,0,40,0.0,0.0
alu_operand_b_ex_o_tag/sd_o + tcr_execute/sd_o,0,40,0.0,0.0
alu_operand_c_ex_o_tag/sd_o + tpr_arith/sd_o,0,40,0.0,0.0
alu_operand_c_ex_o_tag/sd_o + tpr_branch/sd_o,0,40,0.0,0.0
alu_operand_c_ex_o_tag/sd_o + tpr_jump/sd_o,0,40,0.0,0.0
alu_operand_c_ex_o_tag/sd_o + tpr_shift/sd_o,0,40,0.0,0.0
alu_operand_c_ex_o_tag/sd_o + tpr_comparison/sd_o,0,40,0.0,0.0
alu_operand_c_ex_o_tag/sd_o + tpr_logical/sd_o,0,40,0.0,0.0
alu_operand_c_ex_o_tag/sd_o + tpr_load_store_mode/sd_o,0,40,0.0,0.0
alu_operand_c_ex_o_tag/sd_o + tpr_load_store_enable/sd_o,0,40,0.0,0.0
alu_operand_c_ex_o_tag/sd_o + tcr_arith/sd_o,0,40,0.0,0.0
alu_operand_c_ex_o_tag/sd_o + tcr_branch/sd_o,0,40,0.0,0.0
alu_operand_c_ex_o_tag/sd_o + tcr_jump/sd_o,0,40,0.0,0.0
alu_operand_c_ex_o_tag/sd_o + tcr_shift/sd_o,0,40,0.0,0.0
alu_operand_c_ex_o_tag/sd_o + tcr_comparison/sd_o,0,40,0.0,0.0
alu_operand_c_ex_o_tag/sd_o + tcr_logical/sd_o,0,40,0.0,0.0
alu_operand_c_ex_o_tag/sd_o + tcr_load_store/sd_o,0,40,0.0,0.0
alu_operand_c_ex_o_tag/sd_o + tcr_execute/sd_o,0,40,0.0,0.0
check_s1_o_tag/sd_o + tpr_arith/sd_o,0,40,0.0,0.0
check_s1_o_tag/sd_o + tpr_branch/sd_o,0,40,0.0,0.0
check_s1_o_tag/sd_o + tpr_jump/sd_o,0,40,0.0,0.0
check_s1_o_tag/sd_o + tpr_shift/sd_o,0,40,0.0,0.0
check_s1_o_tag/sd_o + tpr_comparison/sd_o,0,40,0.0,0.0
check_s1_o_tag/sd_o + tpr_logical/sd_o,0,40,0.0,0.0
check_s1_o_tag/sd_o + tpr_load_store_mode/sd_o,0,40,0.0,0.0
check_s1_o_tag/sd_o + tpr_load_store_enable/sd_o,0,40,0.0,0.0
check_s1_o_tag/sd_o + tcr_arith/sd_o,0,40,0.0,0.0
check_s1_o_tag/sd_o + tcr_branch/sd_o,0,40,0.0,0.0
check_s1_o_tag/sd_o + tcr_jump/sd_o,0,40,0.0,0.0
check_s1_o_tag/sd_o + tcr_shift/sd_o,0,40,0.0,0.0
check_s1_o_tag/sd_o + tcr_comparison/sd_o,0,40,0.0,0.0
check_s1_o_tag/sd_o + tcr_logical/sd_o,0,40,0.0,0.0
check_s1_o_tag/sd_o + tcr_load_store/sd_o,0,40,0.0,0.0
check_s1_o_tag/sd_o + tcr_execute/sd_o,0,40,0.0,0.0
check_s2_o_tag/sd_o + tpr_arith/sd_o,0,40,0.0,0.0
check_s2_o_tag/sd_o + tpr_branch/sd_o,0,40,0.0,0.0
check_s2_o_tag/sd_o + tpr_jump/sd_o,0,40,0.0,0.0
check_s2_o_tag/sd_o + tpr_shift/sd_o,0,40,0.0,0.0
check_s2_o_tag/sd_o + tpr_comparison/sd_o,0,40,0.0,0.0
check_s2_o_tag/sd_o + tpr_logical/sd_o,0,40,0.0,0.0
check_s2_o_tag/sd_o + tpr_load_store_mode/sd_o,0,40,0.0,0.0
check_s2_o_tag/sd_o + tpr_load_store_enable/sd_o,0,40,0.0,0.0
check_s2_o_tag/sd_o + tcr_arith/sd_o,0,40,0.0,0.0
check_s2_o_tag/sd_o + tcr_branch/sd_o,0,40,0.0,0.0
check_s2_o_tag/sd_o + tcr_jump/sd_o,0,40,0.0,0.0
check_s2_o_tag/sd_o + tcr_shift/sd_o,0,40,0.0,0.0
check_s2_o_tag/sd_o + tcr_comparison/sd_o,0,40,0.0,0.0
check_s2_o_tag/sd_o + tcr_logical/sd_o,0,40,0.0,0.0
check_s2_o_tag/sd_o + tcr_load_store/sd_o,0,40,0.0,0.0
check_s2_o_tag/sd_o + tcr_execute/sd_o,0,40,0.0,0.0
pc_id_o_tag + tpr_load_store_mode/sd_o,0,40,0.0,0.0
pc_id_o_tag + tpr_load_store_enable/sd_o,0,40,0.0,0.0
pc_id_o_tag + tcr_arith/sd_o,0,40,0.0,0.0
pc_id_o_tag + tcr_branch/sd_o,0,40,0.0,0.0
pc_id_o_tag + tcr_jump/sd_o,0,40,0.0,0.0
pc_id_o_tag + tcr_shift/sd_o,0,40,0.0,0.0
pc_id_o_tag + tcr_comparison/sd_o,0,40,0.0,0.0
pc_id_o_tag + tcr_logical/sd_o,0,40,0.0,0.0
pc_id_o_tag + tcr_load_store/sd_o,0,40,0.0,0.0
check_d_o_tag/sd_o + tpr_arith/sd_o,0,40,0.0,0.0
check_d_o_tag/sd_o + tpr_branch/sd_o,0,40,0.0,0.0
check_d_o_tag/sd_o + tpr_jump/sd_o,0,40,0.0,0.0
check_d_o_tag/sd_o + tpr_shift/sd_o,0,40,0.0,0.0
check_d_o_tag/sd_o + tpr_comparison/sd_o,0,40,0.0,0.0
check_d_o_tag/sd_o + tpr_logical/sd_o,0,40,0.0,0.0
check_d_o_tag/sd_o + tpr_load_store_mode/sd_o,0,40,0.0,0.0
check_d_o_tag/sd_o + tpr_load_store_enable/sd_o,0,40,0.0,0.0
check_d_o_tag/sd_o + tcr_arith/sd_o,0,40,0.0,0.0
check_d_o_tag/sd_o + tcr_branch/sd_o,0,40,0.0,0.0
check_d_o_tag/sd_o + tcr_jump/sd_o,0,40,0.0,0.0
check_d_o_tag/sd_o + tcr_shift/sd_o,0,40,0.0,0.0
check_d_o_tag/sd_o + tcr_comparison/sd_o,0,40,0.0,0.0
check_d_o_tag/sd_o + tcr_logical/sd_o,0,40,0.0,0.0
check_d_o_tag/sd_o + tcr_load_store/sd_o,0,40,0.0,0.0
check_d_o_tag/sd_o + tcr_execute/sd_o,0,40,0.0,0.0
check_s2_o_tag + tpr_arith/sd_o,0,40,0.0,0.0
check_s2_o_tag + tpr_branch/sd_o,0,40,0.0,0.0
check_s2_o_tag + tpr_jump/sd_o,0,40,0.0,0.0
check_s2_o_tag + tpr_shift/sd_o,0,40,0.0,0.0
register_set_o_tag/sd_o + tpr_arith/sd_o,0,40,0.0,0.0
register_set_o_tag/sd_o + tpr_branch/sd_o,0,40,0.0,0.0
register_set_o_tag/sd_o + tpr_jump/sd_o,0,40,0.0,0.0
register_set_o_tag/sd_o + tpr_shift/sd_o,0,40,0.0,0.0
register_set_o_tag/sd_o + tpr_comparison/sd_o,0,40,0.0,0.0
register_set_o_tag/sd_o + tpr_logical/sd_o,0,40,0.0,0.0
register_set_o_tag/sd_o + tpr_load_store_mode/sd_o,0,40,0.0,0.0
register_set_o_tag/sd_o + tpr_load_store_enable/sd_o,0,40,0.0,0.0
register_set_o_tag/sd_o + tcr_arith/sd_o,0,40,0.0,0.0
register_set_o_tag/sd_o + tcr_branch/sd_o,0,40,0.0,0.0
register_set_o_tag/sd_o + tcr_jump/sd_o,0,40,0.0,0.0
register_set_o_tag/sd_o + tcr_shift/sd_o,0,40,0.0,0.0
register_set_o_tag/sd_o + tcr_comparison/sd_o,0,40,0.0,0.0
register_set_o_tag/sd_o + tcr_logical/sd_o,0,40,0.0,0.0
register_set_o_tag/sd_o + tcr_load_store/sd_o,0,40,0.0,0.0
register_set_o_tag/sd_o + tcr_execute/sd_o,0,40,0.0,0.0
check_s2_o_tag + tpr_comparison/sd_o,0,40,0.0,0.0
check_s2_o_tag + tpr_logical/sd_o,0,40,0.0,0.0
check_s2_o_tag + tpr_load_store_mode/sd_o,0,40,0.0,0.0
check_s2_o_tag + tpr_load_store_enable/sd_o,0,40,0.0,0.0
check_s2_o_tag + tcr_arith/sd_o,0,40,0.0,0.0
check_s2_o_tag + tcr_branch/sd_o,0,40,0.0,0.0
check_s2_o_tag + tcr_jump/sd_o,0,40,0.0,0.0
check_s2_o_tag + tcr_shift/sd_o,0,40,0.0,0.0
check_s2_o_tag + tcr_comparison/sd_o,0,40,0.0,0.0
check_s2_o_tag + tcr_logical/sd_o,0,40,0.0,0.0
is_store_post_o_tag/sd_o + tpr_arith/sd_o,0,40,0.0,0.0
is_store_post_o_tag/sd_o + tpr_branch/sd_o,0,40,0.0,0.0
is_store_post_o_tag/sd_o + tpr_jump/sd_o,0,40,0.0,0.0
is_store_post_o_tag/sd_o + tpr_shift/sd_o,0,40,0.0,0.0
is_store_post_o_tag/sd_o + tpr_comparison/sd_o,0,40,0.0,0.0
is_store_post_o_tag/sd_o + tpr_logical/sd_o,0,40,0.0,0.0
is_store_post_o_tag/sd_o + tpr_load_store_mode/sd_o,0,40,0.0,0.0
is_store_post_o_tag/sd_o + tpr_load_store_enable/sd_o,0,40,0.0,0.0
is_store_post_o_tag/sd_o + tcr_arith/sd_o,0,40,0.0,0.0
is_store_post_o_tag/sd_o + tcr_branch/sd_o,0,40,0.0,0.0
is_store_post_o_tag/sd_o + tcr_jump/sd_o,0,40,0.0,0.0
is_store_post_o_tag/sd_o + tcr_shift/sd_o,0,40,0.0,0.0
is_store_post_o_tag/sd_o + tcr_comparison/sd_o,0,40,0.0,0.0
is_store_post_o_tag/sd_o + tcr_logical/sd_o,0,40,0.0,0.0
is_store_post_o_tag/sd_o + tcr_load_store/sd_o,0,40,0.0,0.0
is_store_post_o_tag/sd_o + tcr_execute/sd_o,0,40,0.0,0.0
check_s2_o_tag + tcr_load_store/sd_o,0,40,0.0,0.0
memory_set_o_tag/sd_o + tpr_arith/sd_o,0,40,0.0,0.0
memory_set_o_tag/sd_o + tpr_branch/sd_o,0,40,0.0,0.0
memory_set_o_tag/sd_o + tpr_jump/sd_o,0,40,0.0,0.0
memory_set_o_tag/sd_o + tpr_shift/sd_o,0,40,0.0,0.0
memory_set_o_tag/sd_o + tpr_comparison/sd_o,0,40,0.0,0.0
memory_set_o_tag/sd_o + tpr_logical/sd_o,0,40,0.0,0.0
memory_set_o_tag/sd_o + tpr_load_store_mode/sd_o,0,40,0.0,0.0
memory_set_o_tag/sd_o + tpr_load_store_enable/sd_o,0,40,0.0,0.0
memory_set_o_tag/sd_o + tcr_arith/sd_o,0,40,0.0,0.0
memory_set_o_tag/sd_o + tcr_branch/sd_o,0,40,0.0,0.0
memory_set_o_tag/sd_o + tcr_jump/sd_o,0,40,0.0,0.0
memory_set_o_tag/sd_o + tcr_shift/sd_o,0,40,0.0,0.0
memory_set_o_tag/sd_o + tcr_comparison/sd_o,0,40,0.0,0.0
memory_set_o_tag/sd_o + tcr_logical/sd_o,0,40,0.0,0.0
memory_set_o_tag/sd_o + tcr_load_store/sd_o,0,40,0.0,0.0
memory_set_o_tag/sd_o + tcr_execute/sd_o,0,40,0.0,0.0
is_store_post_o_tag + tpr_arith/sd_o,0,40,0.0,0.0
is_store_post_o_tag + tpr_branch/sd_o,0,40,0.0,0.0
is_store_post_o_tag + tpr_jump/sd_o,0,40,0.0,0.0
is_store_post_o_tag + tpr_shift/sd_o,0,40,0.0,0.0
is_store_post_o_tag + tpr_comparison/sd_o,0,40,0.0,0.0
is_store_post_o_tag + tpr_logical/sd_o,0,40,0.0,0.0
is_store_post_o_tag + tpr_load_store_mode/sd_o,0,40,0.0,0.0
is_store_post_o_tag + tpr_load_store_enable/sd_o,0,40,0.0,0.0
is_store_post_o_tag + tcr_arith/sd_o,0,40,0.0,0.0
is_store_post_o_tag + tcr_branch/sd_o,0,40,0.0,0.0
is_store_post_o_tag + tcr_jump/sd_o,0,40,0.0,0.0
is_store_post_o_tag + tcr_shift/sd_o,0,40,0.0,0.0
is_store_post_o_tag + tcr_comparison/sd_o,0,40,0.0,0.0
is_store_post_o_tag + tcr_logical/sd_o,0,40,0.0,0.0
is_store_post_o_tag + tcr_load_store/sd_o,0,40,0.0,0.0
sd_o_rf_tag + tpr_arith/sd_o,0,40,0.0,0.0
sd_o_rf_tag + tpr_branch/sd_o,0,40,0.0,0.0
sd_o_rf_tag + tpr_jump/sd_o,0,40,0.0,0.0
sd_o_rf_tag + tpr_shift/sd_o,0,40,0.0,0.0
sd_o_rf_tag + tpr_comparison/sd_o,0,40,0.0,0.0
sd_o_rf_tag + tpr_logical/sd_o,0,40,0.0,0.0
sd_o_rf_tag + tpr_load_store_mode/sd_o,0,40,0.0,0.0
sd_o_rf_tag + tpr_load_store_enable/sd_o,0,40,0.0,0.0
sd_o_rf_tag + tcr_arith/sd_o,0,40,0.0,0.0
sd_o_rf_tag + tcr_branch/sd_o,0,40,0.0,0.0
sd_o_rf_tag + tcr_jump/sd_o,0,40,0.0,0.0
sd_o_rf_tag + tcr_shift/sd_o,0,40,0.0,0.0
sd_o_rf_tag + tcr_comparison/sd_o,0,40,0.0,0.0
sd_o_rf_tag + tcr_logical/sd_o,0,40,0.0,0.0
sd_o_rf_tag + tcr_load_store/sd_o,0,40,0.0,0.0
rs1_o_tag/sd_o + tpr_arith/sd_o,0,40,0.0,0.0
rs1_o_tag/sd_o + tpr_branch/sd_o,0,40,0.0,0.0
rs1_o_tag/sd_o + tpr_jump/sd_o,0,40,0.0,0.0
rs1_o_tag/sd_o + tpr_shift/sd_o,0,40,0.0,0.0
rs1_o_tag/sd_o + tpr_comparison/sd_o,0,40,0.0,0.0
rs1_o_tag/sd_o + tpr_logical/sd_o,0,40,0.0,0.0
rs1_o_tag/sd_o + tpr_load_store_mode/sd_o,0,40,0.0,0.0
rs1_o_tag/sd_o + tpr_load_store_enable/sd_o,0,40,0.0,0.0
rs1_o_tag/sd_o + tcr_arith/sd_o,0,40,0.0,0.0
rs1_o_tag/sd_o + tcr_branch/sd_o,0,40,0.0,0.0
rs1_o_tag/sd_o + tcr_jump/sd_o,0,40,0.0,0.0
rs1_o_tag/sd_o + tcr_shift/sd_o,0,40,0.0,0.0
rs1_o_tag/sd_o + tcr_comparison/sd_o,0,40,0.0,0.0
rs1_o_tag/sd_o + tcr_logical/sd_o,0,40,0.0,0.0
rs1_o_tag/sd_o + tcr_load_store/sd_o,0,40,0.0,0.0
rs1_o_tag/sd_o + tcr_execute/sd_o,0,40,0.0,0.0
memory_set_o_tag + tpr_arith/sd_o,0,40,0.0,0.0
memory_set_o_tag + tpr_branch/sd_o,0,40,0.0,0.0
tpr_arith/sd_o + tpr_branch/sd_o,0,40,0.0,0.0
tpr_arith/sd_o + tpr_jump/sd_o,0,40,0.0,0.0
tpr_arith/sd_o + tpr_shift/sd_o,0,40,0.0,0.0
tpr_arith/sd_o + tpr_comparison/sd_o,0,40,0.0,0.0
tpr_arith/sd_o + tpr_logical/sd_o,0,40,0.0,0.0
tpr_arith/sd_o + tpr_load_store_mode/sd_o,0,40,0.0,0.0
tpr_arith/sd_o + tpr_load_store_enable/sd_o,0,40,0.0,0.0
tcr_arith/sd_o + tpr_arith/sd_o,0,40,0.0,0.0
tcr_branch/sd_o + tpr_arith/sd_o,0,40,0.0,0.0
tcr_jump/sd_o + tpr_arith/sd_o,0,40,0.0,0.0
tcr_shift/sd_o + tpr_arith/sd_o,0,40,0.0,0.0
tcr_comparison/sd_o + tpr_arith/sd_o,0,40,0.0,0.0
tcr_logical/sd_o + tpr_arith/sd_o,0,40,0.0,0.0
tcr_load_store/sd_o + tpr_arith/sd_o,0,40,0.0,0.0
tcr_execute/sd_o + tpr_arith/sd_o,0,40,0.0,0.0
data_we_q_tag/sd_o + tpr_arith/sd_o,0,40,0.0,0.0
rdata_offset_q_tag/sd_o + tpr_arith/sd_o,0,40,0.0,0.0
data_type_q_tag/sd_o + tpr_arith/sd_o,0,40,0.0,0.0
rdata_q_tag/sd_o + tpr_arith/sd_o,0,40,0.0,0.0
memory_set_o_tag + tpr_jump/sd_o,0,40,0.0,0.0
memory_set_o_tag + tpr_shift/sd_o,0,40,0.0,0.0
memory_set_o_tag + tpr_comparison/sd_o,0,40,0.0,0.0
memory_set_o_tag + tpr_logical/sd_o,0,40,0.0,0.0
memory_set_o_tag + tpr_load_store_mode/sd_o,0,40,0.0,0.0
memory_set_o_tag + tpr_load_store_enable/sd_o,0,40,0.0,0.0
memory_set_o_tag + tcr_arith/sd_o,0,40,0.0,0.0
memory_set_o_tag + tcr_branch/sd_o,0,40,0.0,0.0
memory_set_o_tag + tcr_jump/sd_o,0,40,0.0,0.0
memory_set_o_tag + tcr_shift/sd_o,0,40,0.0,0.0
tpr_branch/sd_o + tpr_jump/sd_o,0,40,0.0,0.0
tpr_branch/sd_o + tpr_shift/sd_o,0,40,0.0,0.0
tpr_branch/sd_o + tpr_comparison/sd_o,0,40,0.0,0.0
tpr_branch/sd_o + tpr_logical/sd_o,0,40,0.0,0.0
tpr_branch/sd_o + tpr_load_store_mode/sd_o,0,40,0.0,0.0
tpr_branch/sd_o + tpr_load_store_enable/sd_o,0,40,0.0,0.0
tcr_arith/sd_o + tpr_branch/sd_o,0,40,0.0,0.0
tcr_branch/sd_o + tpr_branch/sd_o,0,40,0.0,0.0
tcr_jump/sd_o + tpr_branch/sd_o,0,40,0.0,0.0
tcr_shift/sd_o + tpr_branch/sd_o,0,40,0.0,0.0
tcr_comparison/sd_o + tpr_branch/sd_o,0,40,0.0,0.0
tcr_logical/sd_o + tpr_branch/sd_o,0,40,0.0,0.0
tcr_load_store/sd_o + tpr_branch/sd_o,0,40,0.0,0.0
tcr_execute/sd_o + tpr_branch/sd_o,0,40,0.0,0.0
data_we_q_tag/sd_o + tpr_branch/sd_o,0,40,0.0,0.0
rdata_offset_q_tag/sd_o + tpr_branch/sd_o,0,40,0.0,0.0
data_type_q_tag/sd_o + tpr_branch/sd_o,0,40,0.0,0.0
rdata_q_tag/sd_o + tpr_branch/sd_o,0,40,0.0,0.0
tpr_jump/sd_o + tpr_shift/sd_o,0,40,0.0,0.0
memory_set_o_tag + tcr_comparison/sd_o,0,40,0.0,0.0
memory_set_o_tag + tcr_logical/sd_o,0,40,0.0,0.0
memory_set_o_tag + tcr_load_store/sd_o,0,40,0.0,0.0
tpr_comparison/sd_o + tpr_jump/sd_o,0,40,0.0,0.0
tpr_jump/sd_o + tpr_logical/sd_o,0,40,0.0,0.0
tpr_jump/sd_o + tpr_load_store_mode/sd_o,0,40,0.0,0.0
tpr_jump/sd_o + tpr_load_store_enable/sd_o,0,40,0.0,0.0
tcr_arith/sd_o + tpr_jump/sd_o,0,40,0.0,0.0
tcr_branch/sd_o + tpr_jump/sd_o,0,40,0.0,0.0
tcr_jump/sd_o + tpr_jump/sd_o,0,40,0.0,0.0
tcr_shift/sd_o + tpr_jump/sd_o,0,40,0.0,0.0
tcr_comparison/sd_o + tpr_jump/sd_o,0,40,0.0,0.0
tcr_logical/sd_o + tpr_jump/sd_o,0,40,0.0,0.0
tcr_load_store/sd_o + tpr_jump/sd_o,0,40,0.0,0.0
tcr_execute/sd_o + tpr_jump/sd_o,0,40,0.0,0.0
data_we_q_tag/sd_o + tpr_jump/sd_o,0,40,0.0,0.0
rdata_offset_q_tag/sd_o + tpr_jump/sd_o,0,40,0.0,0.0
data_type_q_tag/sd_o + tpr_jump/sd_o,0,40,0.0,0.0
rdata_q_tag/sd_o + tpr_jump/sd_o,0,40,0.0,0.0
tpr_comparison/sd_o + tpr_shift/sd_o,0,40,0.0,0.0
tpr_logical/sd_o + tpr_shift/sd_o,0,40,0.0,0.0
tpr_load_store_mode/sd_o + tpr_shift/sd_o,0,40,0.0,0.0
tpr_load_store_enable/sd_o + tpr_shift/sd_o,0,40,0.0,0.0
tcr_arith/sd_o + tpr_shift/sd_o,0,40,0.0,0.0
tcr_branch/sd_o + tpr_shift/sd_o,0,40,0.0,0.0
tcr_jump/sd_o + tpr_shift/sd_o,0,40,0.0,0.0
tcr_shift/sd_o + tpr_shift/sd_o,0,40,0.0,0.0
tcr_comparison/sd_o + tpr_shift/sd_o,0,40,0.0,0.0
tcr_logical/sd_o + tpr_shift/sd_o,0,40,0.0,0.0
tcr_load_store/sd_o + tpr_shift/sd_o,0,40,0.0,0.0
tcr_execute/sd_o + tpr_shift/sd_o,0,40,0.0,0.0
data_we_q_tag/sd_o + tpr_shift/sd_o,0,40,0.0,0.0
rdata_offset_q_tag/sd_o + tpr_shift/sd_o,0,40,0.0,0.0
data_type_q_tag/sd_o + tpr_shift/sd_o,0,40,0.0,0.0
rdata_q_tag/sd_o + tpr_shift/sd_o,0,40,0.0,0.0
tpr_comparison/sd_o + tpr_logical/sd_o,0,40,0.0,0.0
tpr_comparison/sd_o + tpr_load_store_mode/sd_o,0,40,0.0,0.0
tpr_comparison/sd_o + tpr_load_store_enable/sd_o,0,40,0.0,0.0
tcr_arith/sd_o + tpr_comparison/sd_o,0,40,0.0,0.0
tcr_branch/sd_o + tpr_comparison/sd_o,0,40,0.0,0.0
tcr_jump/sd_o + tpr_comparison/sd_o,0,40,0.0,0.0
tcr_shift/sd_o + tpr_comparison/sd_o,0,40,0.0,0.0
tcr_comparison/sd_o + tpr_comparison/sd_o,0,40,0.0,0.0
tcr_logical/sd_o + tpr_comparison/sd_o,0,40,0.0,0.0
tcr_load_store/sd_o + tpr_comparison/sd_o,0,40,0.0,0.0
tcr_execute/sd_o + tpr_comparison/sd_o,0,40,0.0,0.0
data_we_q_tag/sd_o + tpr_comparison/sd_o,0,40,0.0,0.0
rdata_offset_q_tag/sd_o + tpr_comparison/sd_o,0,40,0.0,0.0
data_type_q_tag/sd_o + tpr_comparison/sd_o,0,40,0.0,0.0
rdata_q_tag/sd_o + tpr_comparison/sd_o,0,40,0.0,0.0
tpr_load_store_mode/sd_o + tpr_logical/sd_o,0,40,0.0,0.0
tpr_load_store_enable/sd_o + tpr_logical/sd_o,0,40,0.0,0.0
tcr_arith/sd_o + tpr_logical/sd_o,0,40,0.0,0.0
tcr_branch/sd_o + tpr_logical/sd_o,0,40,0.0,0.0
tcr_jump/sd_o + tpr_logical/sd_o,0,40,0.0,0.0
tcr_shift/sd_o + tpr_logical/sd_o,0,40,0.0,0.0
tcr_comparison/sd_o + tpr_logical/sd_o,0,40,0.0,0.0
tcr_logical/sd_o + tpr_logical/sd_o,0,40,0.0,0.0
tcr_load_store/sd_o + tpr_logical/sd_o,0,40,0.0,0.0
tcr_execute/sd_o + tpr_logical/sd_o,0,40,0.0,0.0
data_we_q_tag/sd_o + tpr_logical/sd_o,0,40,0.0,0.0
rdata_offset_q_tag/sd_o + tpr_logical/sd_o,0,40,0.0,0.0
data_type_q_tag/sd_o + tpr_logical/sd_o,0,40,0.0,0.0
rdata_q_tag/sd_o + tpr_logical/sd_o,0,40,0.0,0.0
tpr_load_store_enable/sd_o + tpr_load_store_mode/sd_o,0,40,0.0,0.0
tcr_arith/sd_o + tpr_load_store_mode/sd_o,0,40,0.0,0.0
tcr_branch/sd_o + tpr_load_store_mode/sd_o,0,40,0.0,0.0
tcr_jump/sd_o + tpr_load_store_mode/sd_o,0,40,0.0,0.0
tcr_shift/sd_o + tpr_load_store_mode/sd_o,0,40,0.0,0.0
tcr_comparison/sd_o + tpr_load_store_mode/sd_o,0,40,0.0,0.0
tcr_logical/sd_o + tpr_load_store_mode/sd_o,0,40,0.0,0.0
tcr_load_store/sd_o + tpr_load_store_mode/sd_o,0,40,0.0,0.0
tcr_execute/sd_o + tpr_load_store_mode/sd_o,0,40,0.0,0.0
data_we_q_tag/sd_o + tpr_load_store_mode/sd_o,0,40,0.0,0.0
rdata_offset_q_tag/sd_o + tpr_load_store_mode/sd_o,0,40,0.0,0.0
data_type_q_tag/sd_o + tpr_load_store_mode/sd_o,0,40,0.0,0.0
rdata_q_tag/sd_o + tpr_load_store_mode/sd_o,0,40,0.0,0.0
tcr_arith/sd_o + tpr_load_store_enable/sd_o,0,40,0.0,0.0
tcr_branch/sd_o + tpr_load_store_enable/sd_o,0,40,0.0,0.0
tcr_jump/sd_o + tpr_load_store_enable/sd_o,0,40,0.0,0.0
tcr_shift/sd_o + tpr_load_store_enable/sd_o,0,40,0.0,0.0
tcr_comparison/sd_o + tpr_load_store_enable/sd_o,0,40,0.0,0.0
tcr_logical/sd_o + tpr_load_store_enable/sd_o,0,40,0.0,0.0
tcr_load_store/sd_o + tpr_load_store_enable/sd_o,0,40,0.0,0.0
tcr_execute/sd_o + tpr_load_store_enable/sd_o,0,40,0.0,0.0
data_we_q_tag/sd_o + tpr_load_store_enable/sd_o,0,40,0.0,0.0
rdata_offset_q_tag/sd_o + tpr_load_store_enable/sd_o,0,40,0.0,0.0
data_type_q_tag/sd_o + tpr_load_store_enable/sd_o,0,40,0.0,0.0
rdata_q_tag/sd_o + tpr_load_store_enable/sd_o,0,40,0.0,0.0
tcr_arith/sd_o + tcr_branch/sd_o,0,40,0.0,0.0
tcr_arith/sd_o + tcr_jump/sd_o,0,40,0.0,0.0
tcr_arith/sd_o + tcr_shift/sd_o,0,40,0.0,0.0
tcr_arith/sd_o + tcr_comparison/sd_o,0,40,0.0,0.0
tcr_arith/sd_o + tcr_logical/sd_o,0,40,0.0,0.0
tcr_arith/sd_o + tcr_load_store/sd_o,0,40,0.0,0.0
tcr_arith/sd_o + tcr_execute/sd_o,0,40,0.0,0.0
data_we_q_tag/sd_o + tcr_arith/sd_o,0,40,0.0,0.0
rdata_offset_q_tag/sd_o + tcr_arith/sd_o,0,40,0.0,0.0
data_type_q_tag/sd_o + tcr_arith/sd_o,0,40,0.0,0.0
rdata_q_tag/sd_o + tcr_arith/sd_o,0,40,0.0,0.0
tcr_branch/sd_o + tcr_jump/sd_o,0,40,0.0,0.0
tcr_branch/sd_o + tcr_shift/sd_o,0,40,0.0,0.0
tcr_branch/sd_o + tcr_comparison/sd_o,0,40,0.0,0.0
tcr_branch/sd_o + tcr_logical/sd_o,0,40,0.0,0.0
tcr_branch/sd_o + tcr_load_store/sd_o,0,40,0.0,0.0
tcr_branch/sd_o + tcr_execute/sd_o,0,40,0.0,0.0
data_we_q_tag/sd_o + tcr_branch/sd_o,0,40,0.0,0.0
rdata_offset_q_tag/sd_o + tcr_branch/sd_o,0,40,0.0,0.0
data_type_q_tag/sd_o + tcr_branch/sd_o,0,40,0.0,0.0
rdata_q_tag/sd_o + tcr_branch/sd_o,0,40,0.0,0.0
tcr_jump/sd_o + tcr_shift/sd_o,0,40,0.0,0.0
tcr_comparison/sd_o + tcr_jump/sd_o,0,40,0.0,0.0
tcr_jump/sd_o + tcr_logical/sd_o,0,40,0.0,0.0
tcr_jump/sd_o + tcr_load_store/sd_o,0,40,0.0,0.0
tcr_execute/sd_o + tcr_jump/sd_o,0,40,0.0,0.0
data_we_q_tag/sd_o + tcr_jump/sd_o,0,40,0.0,0.0
rdata_offset_q_tag/sd_o + tcr_jump/sd_o,0,40,0.0,0.0
data_type_q_tag/sd_o + tcr_jump/sd_o,0,40,0.0,0.0
rdata_q_tag/sd_o + tcr_jump/sd_o,0,40,0.0,0.0
tcr_comparison/sd_o + tcr_shift/sd_o,0,40,0.0,0.0
tcr_logical/sd_o + tcr_shift/sd_o,0,40,0.0,0.0
tcr_load_store/sd_o + tcr_shift/sd_o,0,40,0.0,0.0
tcr_execute/sd_o + tcr_shift/sd_o,0,40,0.0,0.0
data_we_q_tag/sd_o + tcr_shift/sd_o,0,40,0.0,0.0
rdata_offset_q_tag/sd_o + tcr_shift/sd_o,0,40,0.0,0.0
data_type_q_tag/sd_o + tcr_shift/sd_o,0,40,0.0,0.0
rdata_q_tag/sd_o + tcr_shift/sd_o,0,40,0.0,0.0
tcr_comparison/sd_o + tcr_logical/sd_o,0,40,0.0,0.0
tcr_comparison/sd_o + tcr_load_store/sd_o,0,40,0.0,0.0
tcr_comparison/sd_o + tcr_execute/sd_o,0,40,0.0,0.0
data_we_q_tag/sd_o + tcr_comparison/sd_o,0,40,0.0,0.0
rdata_offset_q_tag/sd_o + tcr_comparison/sd_o,0,40,0.0,0.0
data_type_q_tag/sd_o + tcr_comparison/sd_o,0,40,0.0,0.0
rdata_q_tag/sd_o + tcr_comparison/sd_o,0,40,0.0,0.0
tcr_load_store/sd_o + tcr_logical/sd_o,0,40,0.0,0.0
tcr_execute/sd_o + tcr_logical/sd_o,0,40,0.0,0.0
data_we_q_tag/sd_o + tcr_logical/sd_o,0,40,0.0,0.0
rdata_offset_q_tag/sd_o + tcr_logical/sd_o,0,40,0.0,0.0
data_type_q_tag/sd_o + tcr_logical/sd_o,0,40,0.0,0.0
rdata_q_tag/sd_o + tcr_logical/sd_o,0,40,0.0,0.0
tcr_execute/sd_o + tcr_load_store/sd_o,0,40,0.0,0.0
data_we_q_tag/sd_o + tcr_load_store/sd_o,0,40,0.0,0.0
rdata_offset_q_tag/sd_o + tcr_load_store/sd_o,0,40,0.0,0.0
data_type_q_tag/sd_o + tcr_load_store/sd_o,0,40,0.0,0.0
rdata_q_tag/sd_o + tcr_load_store/sd_o,0,40,0.0,0.0
data_we_q_tag/sd_o + tcr_execute/sd_o,0,40,0.0,0.0
rdata_offset_q_tag/sd_o + tcr_execute/sd_o,0,40,0.0,0.0
data_type_q_tag/sd_o + tcr_execute/sd_o,0,40,0.0,0.0
rdata_q_tag/sd_o + tcr_execute/sd_o,0,40,0.0,0.0
pc_if_o_tag + tpr_arith/sd_o,0,40,0.0,0.0
pc_if_o_tag + tpr_branch/sd_o,0,40,0.0,0.0
csr_group0/sd_o + pc_if_o_tag,0,40,0.0,0.0
csr_group1/sd_o + pc_if_o_tag,0,40,0.0,0.0
csr_group2/sd_o + pc_if_o_tag,0,40,0.0,0.0
csr_group3/sd_o + pc_if_o_tag,0,40,0.0,0.0
csr_group4/sd_o + pc_if_o_tag,0,40,0.0,0.0
csr_group5/sd_o + pc_if_o_tag,0,40,0.0,0.0
csr_group6/sd_o + pc_if_o_tag,0,40,0.0,0.0
csr_group7/sd_o + pc_if_o_tag,0,40,0.0,0.0
csr_group8/sd_o + pc_if_o_tag,0,40,0.0,0.0
csr_group9/sd_o + pc_if_o_tag,0,40,0.0,0.0
csr_group10/sd_o + pc_if_o_tag,0,40,0.0,0.0
csr_group11/sd_o + pc_if_o_tag,0,40,0.0,0.0
csr_group12/sd_o + pc_if_o_tag,0,40,0.0,0.0
csr_group13/sd_o + pc_if_o_tag,0,40,0.0,0.0
csr_group14/sd_o + pc_if_o_tag,0,40,0.0,0.0
csr_group15/sd_o + pc_if_o_tag,0,40,0.0,0.0
csr_group16/sd_o + pc_if_o_tag,0,40,0.0,0.0
csr_group17/sd_o + pc_if_o_tag,0,40,0.0,0.0
csr_group18/sd_o + pc_if_o_tag,0,40,0.0,0.0
csr_group19/sd_o + pc_if_o_tag,0,40,0.0,0.0
csr_group20/sd_o + pc_if_o_tag,0,40,0.0,0.0
lsu_group1/sd_o + pc_if_o_tag,0,40,0.0,0.0
lsu_group2/sd_o + pc_if_o_tag,0,40,0.0,0.0
lsu_group3/sd_o + pc_if_o_tag,0,40,0.0,0.0
lsu_group4/sd_o + pc_if_o_tag,0,40,0.0,0.0
lsu_group5/sd_o + pc_if_o_tag,0,40,0.0,0.0
alu_operand_a_ex_o_tag + id_group0/sd_o,0,40,0.0,0.0
alu_operand_a_ex_o_tag + id_group1/sd_o,0,40,0.0,0.0
alu_operand_a_ex_o_tag + id_group2/sd_o,0,40,0.0,0.0
alu_operand_a_ex_o_tag + id_group3/sd_o,0,40,0.0,0.0
alu_operand_a_ex_o_tag + id_group4/sd_o,0,40,0.0,0.0
alu_operand_a_ex_o_tag + id_group5/sd_o,0,40,0.0,0.0
alu_operand_a_ex_o_tag + id_group6/sd_o,0,40,0.0,0.0
alu_operand_a_ex_o_tag + id_group7/sd_o,0,40,0.0,0.0
alu_operand_a_ex_o_tag + id_group8/sd_o,0,40,0.0,0.0
alu_operand_a_ex_o_tag + id_group9/sd_o,0,40,0.0,0.0
alu_operand_a_ex_o_tag + csr_group0/sd_o,0,40,0.0,0.0
alu_operand_a_ex_o_tag + csr_group1/sd_o,0,40,0.0,0.0
id_group0/sd_o + register_set_o_tag,0,40,0.0,0.0
id_group1/sd_o + register_set_o_tag,0,40,0.0,0.0
id_group2/sd_o + register_set_o_tag,0,40,0.0,0.0
id_group3/sd_o + register_set_o_tag,0,40,0.0,0.0
id_group4/sd_o + register_set_o_tag,0,40,0.0,0.0
id_group5/sd_o + register_set_o_tag,0,40,0.0,0.0
id_group6/sd_o + register_set_o_tag,0,40,0.0,0.0
id_group7/sd_o + register_set_o_tag,0,40,0.0,0.0
id_group8/sd_o + register_set_o_tag,0,40,0.0,0.0
id_group9/sd_o + register_set_o_tag,0,40,0.0,0.0
csr_group0/sd_o + register_set_o_tag,0,40,0.0,0.0
csr_group1/sd_o + register_set_o_tag,0,40,0.0,0.0
csr_group2/sd_o + register_set_o_tag,0,40,0.0,0.0
csr_group3/sd_o + register_set_o_tag,0,40,0.0,0.0
csr_group4/sd_o + register_set_o_tag,0,40,0.0,0.0
csr_group5/sd_o + register_set_o_tag,0,40,0.0,0.0
csr_group6/sd_o + register_set_o_tag,0,40,0.0,0.0
csr_group7/sd_o + register_set_o_tag,0,40,0.0,0.0
csr_group8/sd_o + register_set_o_tag,0,40,0.0,0.0
csr_group9/sd_o + register_set_o_tag,0,40,0.0,0.0
csr_group10/sd_o + register_set_o_tag,0,40,0.0,0.0
csr_group11/sd_o + register_set_o_tag,0,40,0.0,0.0
csr_group12/sd_o + register_set_o_tag,0,40,0.0,0.0
csr_group13/sd_o + register_set_o_tag,0,40,0.0,0.0
csr_group14/sd_o + register_set_o_tag,0,40,0.0,0.0
csr_group15/sd_o + register_set_o_tag,0,40,0.0,0.0
csr_group16/sd_o + register_set_o_tag,0,40,0.0,0.0
csr_group17/sd_o + register_set_o_tag,0,40,0.0,0.0
csr_group18/sd_o + register_set_o_tag,0,40,0.0,0.0
csr_group19/sd_o + register_set_o_tag,0,40,0.0,0.0
csr_group20/sd_o + register_set_o_tag,0,40,0.0,0.0
lsu_group1/sd_o + register_set_o_tag,0,40,0.0,0.0
lsu_group2/sd_o + register_set_o_tag,0,40,0.0,0.0
lsu_group3/sd_o + register_set_o_tag,0,40,0.0,0.0
lsu_group4/sd_o + register_set_o_tag,0,40,0.0,0.0
lsu_group5/sd_o + register_set_o_tag,0,40,0.0,0.0
id_group0/sd_o + store_dest_addr_ex_o_tag,0,40,0.0,0.0
id_group1/sd_o + store_dest_addr_ex_o_tag,0,40,0.0,0.0
id_group2/sd_o + store_dest_addr_ex_o_tag,0,40,0.0,0.0
id_group3/sd_o + store_dest_addr_ex_o_tag,0,40,0.0,0.0
id_group4/sd_o + store_dest_addr_ex_o_tag,0,40,0.0,0.0
id_group5/sd_o + store_dest_addr_ex_o_tag,0,40,0.0,0.0
id_group6/sd_o + store_dest_addr_ex_o_tag,0,40,0.0,0.0
id_group7/sd_o + store_dest_addr_ex_o_tag,0,40,0.0,0.0
id_group8/sd_o + store_dest_addr_ex_o_tag,0,40,0.0,0.0
id_group9/sd_o + store_dest_addr_ex_o_tag,0,40,0.0,0.0
alu_operand_a_ex_o_tag + csr_group2/sd_o,0,40,0.0,0.0
alu_operand_a_ex_o_tag + csr_group3/sd_o,0,40,0.0,0.0
alu_operand_a_ex_o_tag + csr_group4/sd_o,0,40,0.0,0.0
alu_operand_a_ex_o_tag + csr_group5/sd_o,0,40,0.0,0.0
alu_operand_a_ex_o_tag + csr_group6/sd_o,0,40,0.0,0.0
alu_operand_a_ex_o_tag + csr_group7/sd_o,0,40,0.0,0.0
alu_operand_a_ex_o_tag + csr_group8/sd_o,0,40,0.0,0.0
alu_operand_a_ex_o_tag + csr_group9/sd_o,0,40,0.0,0.0
alu_operand_a_ex_o_tag + csr_group10/sd_o,0,40,0.0,0.0
alu_operand_a_ex_o_tag + csr_group11/sd_o,0,40,0.0,0.0
csr_group0/sd_o + store_dest_addr_ex_o_tag,0,40,0.0,0.0
csr_group1/sd_o + store_dest_addr_ex_o_tag,0,40,0.0,0.0
csr_group2/sd_o + store_dest_addr_ex_o_tag,0,40,0.0,0.0
csr_group3/sd_o + store_dest_addr_ex_o_tag,0,40,0.0,0.0
csr_group4/sd_o + store_dest_addr_ex_o_tag,0,40,0.0,0.0
csr_group5/sd_o + store_dest_addr_ex_o_tag,0,40,0.0,0.0
csr_group6/sd_o + store_dest_addr_ex_o_tag,0,40,0.0,0.0
csr_group7/sd_o + store_dest_addr_ex_o_tag,0,40,0.0,0.0
csr_group8/sd_o + store_dest_addr_ex_o_tag,0,40,0.0,0.0
csr_group9/sd_o + store_dest_addr_ex_o_tag,0,40,0.0,0.0
csr_group10/sd_o + store_dest_addr_ex_o_tag,0,40,0.0,0.0
csr_group11/sd_o + store_dest_addr_ex_o_tag,0,40,0.0,0.0
csr_group12/sd_o + store_dest_addr_ex_o_tag,0,40,0.0,0.0
csr_group13/sd_o + store_dest_addr_ex_o_tag,0,40,0.0,0.0
csr_group14/sd_o + store_dest_addr_ex_o_tag,0,40,0.0,0.0
csr_group15/sd_o + store_dest_addr_ex_o_tag,0,40,0.0,0.0
csr_group16/sd_o + store_dest_addr_ex_o_tag,0,40,0.0,0.0
csr_group17/sd_o + store_dest_addr_ex_o_tag,0,40,0.0,0.0
csr_group18/sd_o + store_dest_addr_ex_o_tag,0,40,0.0,0.0
csr_group19/sd_o + store_dest_addr_ex_o_tag,0,40,0.0,0.0
csr_group20/sd_o + store_dest_addr_ex_o_tag,0,40,0.0,0.0
lsu_group1/sd_o + store_dest_addr_ex_o_tag,0,40,0.0,0.0
lsu_group2/sd_o + store_dest_addr_ex_o_tag,0,40,0.0,0.0
lsu_group3/sd_o + store_dest_addr_ex_o_tag,0,40,0.0,0.0
lsu_group4/sd_o + store_dest_addr_ex_o_tag,0,40,0.0,0.0
lsu_group5/sd_o + store_dest_addr_ex_o_tag,0,40,0.0,0.0
id_group0/sd_o + store_source_ex_o_tag,0,40,0.0,0.0
id_group1/sd_o + store_source_ex_o_tag,0,40,0.0,0.0
id_group2/sd_o + store_source_ex_o_tag,0,40,0.0,0.0
id_group3/sd_o + store_source_ex_o_tag,0,40,0.0,0.0
id_group4/sd_o + store_source_ex_o_tag,0,40,0.0,0.0
id_group5/sd_o + store_source_ex_o_tag,0,40,0.0,0.0
id_group6/sd_o + store_source_ex_o_tag,0,40,0.0,0.0
id_group7/sd_o + store_source_ex_o_tag,0,40,0.0,0.0
id_group8/sd_o + store_source_ex_o_tag,0,40,0.0,0.0
id_group9/sd_o + store_source_ex_o_tag,0,40,0.0,0.0
csr_group0/sd_o + store_source_ex_o_tag,0,40,0.0,0.0
csr_group1/sd_o + store_source_ex_o_tag,0,40,0.0,0.0
csr_group2/sd_o + store_source_ex_o_tag,0,40,0.0,0.0
csr_group3/sd_o + store_source_ex_o_tag,0,40,0.0,0.0
csr_group4/sd_o + store_source_ex_o_tag,0,40,0.0,0.0
csr_group5/sd_o + store_source_ex_o_tag,0,40,0.0,0.0
csr_group6/sd_o + store_source_ex_o_tag,0,40,0.0,0.0
csr_group7/sd_o + store_source_ex_o_tag,0,40,0.0,0.0
csr_group8/sd_o + store_source_ex_o_tag,0,40,0.0,0.0
csr_group9/sd_o + store_source_ex_o_tag,0,40,0.0,0.0
csr_group10/sd_o + store_source_ex_o_tag,0,40,0.0,0.0
csr_group11/sd_o + store_source_ex_o_tag,0,40,0.0,0.0
csr_group12/sd_o + store_source_ex_o_tag,0,40,0.0,0.0
csr_group13/sd_o + store_source_ex_o_tag,0,40,0.0,0.0
csr_group14/sd_o + store_source_ex_o_tag,0,40,0.0,0.0
csr_group15/sd_o + store_source_ex_o_tag,0,40,0.0,0.0
csr_group16/sd_o + store_source_ex_o_tag,0,40,0.0,0.0
csr_group17/sd_o + store_source_ex_o_tag,0,40,0.0,0.0
csr_group18/sd_o + store_source_ex_o_tag,0,40,0.0,0.0
csr_group19/sd_o + store_source_ex_o_tag,0,40,0.0,0.0
csr_group20/sd_o + store_source_ex_o_tag,0,40,0.0,0.0
lsu_group1/sd_o + store_source_ex_o_tag,0,40,0.0,0.0
lsu_group2/sd_o + store_source_ex_o_tag,0,40,0.0,0.0
lsu_group3/sd_o + store_source_ex_o_tag,0,40,0.0,0.0
lsu_group4/sd_o + store_source_ex_o_tag,0,40,0.0,0.0
lsu_group5/sd_o + store_source_ex_o_tag,0,40,0.0,0.0
id_group0/sd_o + use_store_ops_ex_o,0,40,0.0,0.0
id_group1/sd_o + use_store_ops_ex_o,0,40,0.0,0.0
id_group2/sd_o + use_store_ops_ex_o,0,40,0.0,0.0
id_group3/sd_o + use_store_ops_ex_o,0,40,0.0,0.0
id_group4/sd_o + use_store_ops_ex_o,0,40,0.0,0.0
id_group5/sd_o + use_store_ops_ex_o,0,40,0.0,0.0
alu_operand_a_ex_o_tag + csr_group12/sd_o,0,40,0.0,0.0
alu_operand_a_ex_o_tag + csr_group13/sd_o,0,40,0.0,0.0
alu_operand_a_ex_o_tag + csr_group14/sd_o,0,40,0.0,0.0
alu_operand_a_ex_o_tag + csr_group15/sd_o,0,40,0.0,0.0
alu_operand_a_ex_o_tag + csr_group16/sd_o,0,40,0.0,0.0
alu_operand_a_ex_o_tag + csr_group17/sd_o,0,40,0.0,0.0
alu_operand_a_ex_o_tag + csr_group18/sd_o,0,40,0.0,0.0
alu_operand_a_ex_o_tag + csr_group19/sd_o,0,40,0.0,0.0
alu_operand_a_ex_o_tag + csr_group20/sd_o,0,40,0.0,0.0
alu_operand_a_ex_o_tag + lsu_group1/sd_o,0,40,0.0,0.0
alu_operand_a_ex_o_tag + lsu_group2/sd_o,0,40,0.0,0.0
id_group6/sd_o + use_store_ops_ex_o,0,40,0.0,0.0
id_group7/sd_o + use_store_ops_ex_o,0,40,0.0,0.0
id_group8/sd_o + use_store_ops_ex_o,0,40,0.0,0.0
id_group9/sd_o + use_store_ops_ex_o,0,40,0.0,0.0
csr_group0/sd_o + use_store_ops_ex_o,0,40,0.0,0.0
csr_group1/sd_o + use_store_ops_ex_o,0,40,0.0,0.0
csr_group2/sd_o + use_store_ops_ex_o,0,40,0.0,0.0
csr_group3/sd_o + use_store_ops_ex_o,0,40,0.0,0.0
csr_group4/sd_o + use_store_ops_ex_o,0,40,0.0,0.0
csr_group5/sd_o + use_store_ops_ex_o,0,40,0.0,0.0
csr_group6/sd_o + use_store_ops_ex_o,0,40,0.0,0.0
csr_group7/sd_o + use_store_ops_ex_o,0,40,0.0,0.0
csr_group8/sd_o + use_store_ops_ex_o,0,40,0.0,0.0
csr_group9/sd_o + use_store_ops_ex_o,0,40,0.0,0.0
csr_group10/sd_o + use_store_ops_ex_o,0,40,0.0,0.0
csr_group11/sd_o + use_store_ops_ex_o,0,40,0.0,0.0
csr_group12/sd_o + use_store_ops_ex_o,0,40,0.0,0.0
csr_group13/sd_o + use_store_ops_ex_o,0,40,0.0,0.0
csr_group14/sd_o + use_store_ops_ex_o,0,40,0.0,0.0
csr_group15/sd_o + use_store_ops_ex_o,0,40,0.0,0.0
csr_group16/sd_o + use_store_ops_ex_o,0,40,0.0,0.0
csr_group17/sd_o + use_store_ops_ex_o,0,40,0.0,0.0
csr_group18/sd_o + use_store_ops_ex_o,0,40,0.0,0.0
csr_group19/sd_o + use_store_ops_ex_o,0,40,0.0,0.0
csr_group20/sd_o + use_store_ops_ex_o,0,40,0.0,0.0
lsu_group1/sd_o + use_store_ops_ex_o,0,40,0.0,0.0
lsu_group2/sd_o + use_store_ops_ex_o,0,40,0.0,0.0
lsu_group3/sd_o + use_store_ops_ex_o,0,40,0.0,0.0
lsu_group4/sd_o + use_store_ops_ex_o,0,40,0.0,0.0
lsu_group5/sd_o + use_store_ops_ex_o,0,40,0.0,0.0
id_group0/sd_o + rf_reg[0],0,40,0.0,0.0
id_group1/sd_o + rf_reg[0],0,40,0.0,0.0
id_group2/sd_o + rf_reg[0],0,40,0.0,0.0
id_group3/sd_o + rf_reg[0],0,40,0.0,0.0
id_group4/sd_o + rf_reg[0],0,40,0.0,0.0
id_group5/sd_o + rf_reg[0],0,40,0.0,0.0
id_group6/sd_o + rf_reg[0],0,40,0.0,0.0
id_group7/sd_o + rf_reg[0],0,40,0.0,0.0
id_group8/sd_o + rf_reg[0],0,40,0.0,0.0
id_group9/sd_o + rf_reg[0],0,40,0.0,0.0
csr_group0/sd_o + rf_reg[0],0,40,0.0,0.0
csr_group1/sd_o + rf_reg[0],0,40,0.0,0.0
csr_group2/sd_o + rf_reg[0],0,40,0.0,0.0
csr_group3/sd_o + rf_reg[0],0,40,0.0,0.0
csr_group4/sd_o + rf_reg[0],0,40,0.0,0.0
csr_group5/sd_o + rf_reg[0],0,40,0.0,0.0
csr_group6/sd_o + rf_reg[0],0,40,0.0,0.0
csr_group7/sd_o + rf_reg[0],0,40,0.0,0.0
csr_group8/sd_o + rf_reg[0],0,40,0.0,0.0
csr_group9/sd_o + rf_reg[0],0,40,0.0,0.0
csr_group10/sd_o + rf_reg[0],0,40,0.0,0.0
csr_group11/sd_o + rf_reg[0],0,40,0.0,0.0
csr_group12/sd_o + rf_reg[0],0,40,0.0,0.0
csr_group13/sd_o + rf_reg[0],0,40,0.0,0.0
csr_group14/sd_o + rf_reg[0],0,40,0.0,0.0
csr_group15/sd_o + rf_reg[0],0,40,0.0,0.0
csr_group16/sd_o + rf_reg[0],0,40,0.0,0.0
csr_group17/sd_o + rf_reg[0],0,40,0.0,0.0
csr_group18/sd_o + rf_reg[0],0,40,0.0,0.0
csr_group19/sd_o + rf_reg[0],0,40,0.0,0.0
csr_group20/sd_o + rf_reg[0],0,40,0.0,0.0
lsu_group1/sd_o + rf_reg[0],0,40,0.0,0.0
lsu_group2/sd_o + rf_reg[0],0,40,0.0,0.0
lsu_group3/sd_o + rf_reg[0],0,40,0.0,0.0
lsu_group4/sd_o + rf_reg[0],0,40,0.0,0.0
lsu_group5/sd_o + rf_reg[0],0,40,0.0,0.0
id_group0/sd_o + rf_reg[1],0,40,0.0,0.0
id_group1/sd_o + rf_reg[1],0,40,0.0,0.0
id_group2/sd_o + rf_reg[1],0,40,0.0,0.0
alu_operand_a_ex_o_tag + lsu_group3/sd_o,0,40,0.0,0.0
alu_operand_a_ex_o_tag + lsu_group4/sd_o,0,40,0.0,0.0
alu_operand_a_ex_o_tag + lsu_group5/sd_o,0,40,0.0,0.0
id_group3/sd_o + rf_reg[1],0,40,0.0,0.0
id_group4/sd_o + rf_reg[1],0,40,0.0,0.0
id_group5/sd_o + rf_reg[1],0,40,0.0,0.0
id_group6/sd_o + rf_reg[1],0,40,0.0,0.0
id_group7/sd_o + rf_reg[1],0,40,0.0,0.0
id_group8/sd_o + rf_reg[1],0,40,0.0,0.0
id_group9/sd_o + rf_reg[1],0,40,0.0,0.0
csr_group0/sd_o + rf_reg[1],0,40,0.0,0.0
csr_group1/sd_o + rf_reg[1],0,40,0.0,0.0
csr_group2/sd_o + rf_reg[1],0,40,0.0,0.0
csr_group3/sd_o + rf_reg[1],0,40,0.0,0.0
csr_group4/sd_o + rf_reg[1],0,40,0.0,0.0
csr_group5/sd_o + rf_reg[1],0,40,0.0,0.0
csr_group6/sd_o + rf_reg[1],0,40,0.0,0.0
csr_group7/sd_o + rf_reg[1],0,40,0.0,0.0
csr_group8/sd_o + rf_reg[1],0,40,0.0,0.0
csr_group9/sd_o + rf_reg[1],0,40,0.0,0.0
csr_group10/sd_o + rf_reg[1],0,40,0.0,0.0
csr_group11/sd_o + rf_reg[1],0,40,0.0,0.0
csr_group12/sd_o + rf_reg[1],0,40,0.0,0.0
csr_group13/sd_o + rf_reg[1],0,40,0.0,0.0
csr_group14/sd_o + rf_reg[1],0,40,0.0,0.0
csr_group15/sd_o + rf_reg[1],0,40,0.0,0.0
csr_group16/sd_o + rf_reg[1],0,40,0.0,0.0
csr_group17/sd_o + rf_reg[1],0,40,0.0,0.0
csr_group18/sd_o + rf_reg[1],0,40,0.0,0.0
csr_group19/sd_o + rf_reg[1],0,40,0.0,0.0
csr_group20/sd_o + rf_reg[1],0,40,0.0,0.0
lsu_group1/sd_o + rf_reg[1],0,40,0.0,0.0
lsu_group2/sd_o + rf_reg[1],0,40,0.0,0.0
lsu_group3/sd_o + rf_reg[1],0,40,0.0,0.0
lsu_group4/sd_o + rf_reg[1],0,40,0.0,0.0
lsu_group5/sd_o + rf_reg[1],0,40,0.0,0.0
id_group0/sd_o + rf_reg[2],0,40,0.0,0.0
id_group1/sd_o + rf_reg[2],0,40,0.0,0.0
id_group2/sd_o + rf_reg[2],0,40,0.0,0.0
id_group3/sd_o + rf_reg[2],0,40,0.0,0.0
id_group4/sd_o + rf_reg[2],0,40,0.0,0.0
id_group5/sd_o + rf_reg[2],0,40,0.0,0.0
id_group6/sd_o + rf_reg[2],0,40,0.0,0.0
id_group7/sd_o + rf_reg[2],0,40,0.0,0.0
id_group8/sd_o + rf_reg[2],0,40,0.0,0.0
id_group9/sd_o + rf_reg[2],0,40,0.0,0.0
csr_group0/sd_o + rf_reg[2],0,40,0.0,0.0
csr_group1/sd_o + rf_reg[2],0,40,0.0,0.0
csr_group2/sd_o + rf_reg[2],0,40,0.0,0.0
csr_group3/sd_o + rf_reg[2],0,40,0.0,0.0
csr_group4/sd_o + rf_reg[2],0,40,0.0,0.0
csr_group5/sd_o + rf_reg[2],0,40,0.0,0.0
csr_group6/sd_o + rf_reg[2],0,40,0.0,0.0
csr_group7/sd_o + rf_reg[2],0,40,0.0,0.0
csr_group8/sd_o + rf_reg[2],0,40,0.0,0.0
csr_group9/sd_o + rf_reg[2],0,40,0.0,0.0
csr_group10/sd_o + rf_reg[2],0,40,0.0,0.0
csr_group11/sd_o + rf_reg[2],0,40,0.0,0.0
csr_group12/sd_o + rf_reg[2],0,40,0.0,0.0
csr_group13/sd_o + rf_reg[2],0,40,0.0,0.0
csr_group14/sd_o + rf_reg[2],0,40,0.0,0.0
csr_group15/sd_o + rf_reg[2],0,40,0.0,0.0
csr_group16/sd_o + rf_reg[2],0,40,0.0,0.0
csr_group17/sd_o + rf_reg[2],0,40,0.0,0.0
csr_group18/sd_o + rf_reg[2],0,40,0.0,0.0
csr_group19/sd_o + rf_reg[2],0,40,0.0,0.0
csr_group20/sd_o + rf_reg[2],0,40,0.0,0.0
lsu_group1/sd_o + rf_reg[2],0,40,0.0,0.0
lsu_group2/sd_o + rf_reg[2],0,40,0.0,0.0
lsu_group3/sd_o + rf_reg[2],0,40,0.0,0.0
lsu_group4/sd_o + rf_reg[2],0,40,0.0,0.0
lsu_group5/sd_o + rf_reg[2],0,40,0.0,0.0
id_group0/sd_o + rf_reg[3],0,40,0.0,0.0
id_group1/sd_o + rf_reg[3],0,40,0.0,0.0
alu_operand_b_ex_o_tag + id_group0/sd_o,0,40,0.0,0.0
id_group2/sd_o + rf_reg[3],0,40,0.0,0.0
id_group3/sd_o + rf_reg[3],0,40,0.0,0.0
id_group4/sd_o + rf_reg[3],0,40,0.0,0.0
id_group5/sd_o + rf_reg[3],0,40,0.0,0.0
id_group6/sd_o + rf_reg[3],0,40,0.0,0.0
id_group7/sd_o + rf_reg[3],0,40,0.0,0.0
id_group8/sd_o + rf_reg[3],0,40,0.0,0.0
id_group9/sd_o + rf_reg[3],0,40,0.0,0.0
csr_group0/sd_o + rf_reg[3],0,40,0.0,0.0
csr_group1/sd_o + rf_reg[3],0,40,0.0,0.0
csr_group2/sd_o + rf_reg[3],0,40,0.0,0.0
csr_group3/sd_o + rf_reg[3],0,40,0.0,0.0
csr_group4/sd_o + rf_reg[3],0,40,0.0,0.0
csr_group5/sd_o + rf_reg[3],0,40,0.0,0.0
csr_group6/sd_o + rf_reg[3],0,40,0.0,0.0
csr_group7/sd_o + rf_reg[3],0,40,0.0,0.0
csr_group8/sd_o + rf_reg[3],0,40,0.0,0.0
csr_group9/sd_o + rf_reg[3],0,40,0.0,0.0
csr_group10/sd_o + rf_reg[3],0,40,0.0,0.0
csr_group11/sd_o + rf_reg[3],0,40,0.0,0.0
csr_group12/sd_o + rf_reg[3],0,40,0.0,0.0
csr_group13/sd_o + rf_reg[3],0,40,0.0,0.0
csr_group14/sd_o + rf_reg[3],0,40,0.0,0.0
csr_group15/sd_o + rf_reg[3],0,40,0.0,0.0
csr_group16/sd_o + rf_reg[3],0,40,0.0,0.0
csr_group17/sd_o + rf_reg[3],0,40,0.0,0.0
csr_group18/sd_o + rf_reg[3],0,40,0.0,0.0
csr_group19/sd_o + rf_reg[3],0,40,0.0,0.0
csr_group20/sd_o + rf_reg[3],0,40,0.0,0.0
lsu_group1/sd_o + rf_reg[3],0,40,0.0,0.0
lsu_group2/sd_o + rf_reg[3],0,40,0.0,0.0
lsu_group3/sd_o + rf_reg[3],0,40,0.0,0.0
lsu_group4/sd_o + rf_reg[3],0,40,0.0,0.0
lsu_group5/sd_o + rf_reg[3],0,40,0.0,0.0
id_group0/sd_o + rf_reg[4],0,40,0.0,0.0
id_group1/sd_o + rf_reg[4],0,40,0.0,0.0
id_group2/sd_o + rf_reg[4],0,40,0.0,0.0
id_group3/sd_o + rf_reg[4],0,40,0.0,0.0
id_group4/sd_o + rf_reg[4],0,40,0.0,0.0
id_group5/sd_o + rf_reg[4],0,40,0.0,0.0
id_group6/sd_o + rf_reg[4],0,40,0.0,0.0
id_group7/sd_o + rf_reg[4],0,40,0.0,0.0
id_group8/sd_o + rf_reg[4],0,40,0.0,0.0
id_group9/sd_o + rf_reg[4],0,40,0.0,0.0
csr_group0/sd_o + rf_reg[4],0,40,0.0,0.0
csr_group1/sd_o + rf_reg[4],0,40,0.0,0.0
csr_group2/sd_o + rf_reg[4],0,40,0.0,0.0
csr_group3/sd_o + rf_reg[4],0,40,0.0,0.0
csr_group4/sd_o + rf_reg[4],0,40,0.0,0.0
csr_group5/sd_o + rf_reg[4],0,40,0.0,0.0
csr_group6/sd_o + rf_reg[4],0,40,0.0,0.0
csr_group7/sd_o + rf_reg[4],0,40,0.0,0.0
csr_group8/sd_o + rf_reg[4],0,40,0.0,0.0
csr_group9/sd_o + rf_reg[4],0,40,0.0,0.0
csr_group10/sd_o + rf_reg[4],0,40,0.0,0.0
csr_group11/sd_o + rf_reg[4],0,40,0.0,0.0
csr_group12/sd_o + rf_reg[4],0,40,0.0,0.0
csr_group13/sd_o + rf_reg[4],0,40,0.0,0.0
csr_group14/sd_o + rf_reg[4],0,40,0.0,0.0
csr_group15/sd_o + rf_reg[4],0,40,0.0,0.0
csr_group16/sd_o + rf_reg[4],0,40,0.0,0.0
csr_group17/sd_o + rf_reg[4],0,40,0.0,0.0
csr_group18/sd_o + rf_reg[4],0,40,0.0,0.0
csr_group19/sd_o + rf_reg[4],0,40,0.0,0.0
csr_group20/sd_o + rf_reg[4],0,40,0.0,0.0
lsu_group1/sd_o + rf_reg[4],0,40,0.0,0.0
lsu_group2/sd_o + rf_reg[4],0,40,0.0,0.0
lsu_group3/sd_o + rf_reg[4],0,40,0.0,0.0
lsu_group4/sd_o + rf_reg[4],0,40,0.0,0.0
lsu_group5/sd_o + rf_reg[4],0,40,0.0,0.0
id_group0/sd_o + rf_reg[5],0,40,0.0,0.0
id_group0/sd_o + pc_id_o_tag,0,40,0.0,0.0
id_group1/sd_o + pc_id_o_tag,0,40,0.0,0.0
id_group2/sd_o + pc_id_o_tag,0,40,0.0,0.0
alu_operand_b_ex_o_tag + id_group1/sd_o,0,40,0.0,0.0
alu_operand_b_ex_o_tag + id_group2/sd_o,0,40,0.0,0.0
alu_operand_b_ex_o_tag + id_group3/sd_o,0,40,0.0,0.0
alu_operand_b_ex_o_tag + id_group4/sd_o,0,40,0.0,0.0
alu_operand_b_ex_o_tag + id_group5/sd_o,0,40,0.0,0.0
alu_operand_b_ex_o_tag + id_group6/sd_o,0,40,0.0,0.0
alu_operand_b_ex_o_tag + id_group7/sd_o,0,40,0.0,0.0
alu_operand_b_ex_o_tag + id_group8/sd_o,0,40,0.0,0.0
alu_operand_b_ex_o_tag + id_group9/sd_o,0,40,0.0,0.0
id_group1/sd_o + rf_reg[5],0,40,0.0,0.0
id_group2/sd_o + rf_reg[5],0,40,0.0,0.0
id_group3/sd_o + rf_reg[5],0,40,0.0,0.0
id_group4/sd_o + rf_reg[5],0,40,0.0,0.0
id_group5/sd_o + rf_reg[5],0,40,0.0,0.0
id_group6/sd_o + rf_reg[5],0,40,0.0,0.0
id_group7/sd_o + rf_reg[5],0,40,0.0,0.0
id_group8/sd_o + rf_reg[5],0,40,0.0,0.0
id_group9/sd_o + rf_reg[5],0,40,0.0,0.0
csr_group0/sd_o + rf_reg[5],0,40,0.0,0.0
csr_group1/sd_o + rf_reg[5],0,40,0.0,0.0
csr_group2/sd_o + rf_reg[5],0,40,0.0,0.0
csr_group3/sd_o + rf_reg[5],0,40,0.0,0.0
csr_group4/sd_o + rf_reg[5],0,40,0.0,0.0
csr_group5/sd_o + rf_reg[5],0,40,0.0,0.0
csr_group6/sd_o + rf_reg[5],0,40,0.0,0.0
csr_group7/sd_o + rf_reg[5],0,40,0.0,0.0
csr_group8/sd_o + rf_reg[5],0,40,0.0,0.0
csr_group9/sd_o + rf_reg[5],0,40,0.0,0.0
csr_group10/sd_o + rf_reg[5],0,40,0.0,0.0
csr_group11/sd_o + rf_reg[5],0,40,0.0,0.0
csr_group12/sd_o + rf_reg[5],0,40,0.0,0.0
csr_group13/sd_o + rf_reg[5],0,40,0.0,0.0
csr_group14/sd_o + rf_reg[5],0,40,0.0,0.0
csr_group15/sd_o + rf_reg[5],0,40,0.0,0.0
csr_group16/sd_o + rf_reg[5],0,40,0.0,0.0
csr_group17/sd_o + rf_reg[5],0,40,0.0,0.0
csr_group18/sd_o + rf_reg[5],0,40,0.0,0.0
csr_group19/sd_o + rf_reg[5],0,40,0.0,0.0
csr_group20/sd_o + rf_reg[5],0,40,0.0,0.0
lsu_group1/sd_o + rf_reg[5],0,40,0.0,0.0
lsu_group2/sd_o + rf_reg[5],0,40,0.0,0.0
lsu_group3/sd_o + rf_reg[5],0,40,0.0,0.0
lsu_group4/sd_o + rf_reg[5],0,40,0.0,0.0
lsu_group5/sd_o + rf_reg[5],0,40,0.0,0.0
id_group0/sd_o + rf_reg[6],0,40,0.0,0.0
id_group1/sd_o + rf_reg[6],0,40,0.0,0.0
id_group2/sd_o + rf_reg[6],0,40,0.0,0.0
id_group3/sd_o + rf_reg[6],0,40,0.0,0.0
id_group4/sd_o + rf_reg[6],0,40,0.0,0.0
id_group5/sd_o + rf_reg[6],0,40,0.0,0.0
id_group6/sd_o + rf_reg[6],0,40,0.0,0.0
id_group7/sd_o + rf_reg[6],0,40,0.0,0.0
id_group8/sd_o + rf_reg[6],0,40,0.0,0.0
id_group9/sd_o + rf_reg[6],0,40,0.0,0.0
csr_group0/sd_o + rf_reg[6],0,40,0.0,0.0
csr_group1/sd_o + rf_reg[6],0,40,0.0,0.0
csr_group2/sd_o + rf_reg[6],0,40,0.0,0.0
csr_group3/sd_o + rf_reg[6],0,40,0.0,0.0
csr_group4/sd_o + rf_reg[6],0,40,0.0,0.0
csr_group5/sd_o + rf_reg[6],0,40,0.0,0.0
csr_group6/sd_o + rf_reg[6],0,40,0.0,0.0
csr_group7/sd_o + rf_reg[6],0,40,0.0,0.0
csr_group8/sd_o + rf_reg[6],0,40,0.0,0.0
csr_group9/sd_o + rf_reg[6],0,40,0.0,0.0
csr_group10/sd_o + rf_reg[6],0,40,0.0,0.0
csr_group11/sd_o + rf_reg[6],0,40,0.0,0.0
csr_group12/sd_o + rf_reg[6],0,40,0.0,0.0
csr_group13/sd_o + rf_reg[6],0,40,0.0,0.0
csr_group14/sd_o + rf_reg[6],0,40,0.0,0.0
csr_group15/sd_o + rf_reg[6],0,40,0.0,0.0
csr_group16/sd_o + rf_reg[6],0,40,0.0,0.0
csr_group17/sd_o + rf_reg[6],0,40,0.0,0.0
csr_group18/sd_o + rf_reg[6],0,40,0.0,0.0
csr_group19/sd_o + rf_reg[6],0,40,0.0,0.0
csr_group20/sd_o + rf_reg[6],0,40,0.0,0.0
lsu_group1/sd_o + rf_reg[6],0,40,0.0,0.0
lsu_group2/sd_o + rf_reg[6],0,40,0.0,0.0
lsu_group3/sd_o + rf_reg[6],0,40,0.0,0.0
lsu_group4/sd_o + rf_reg[6],0,40,0.0,0.0
lsu_group5/sd_o + rf_reg[6],0,40,0.0,0.0
id_group0/sd_o + rf_reg[7],0,40,0.0,0.0
alu_operand_b_ex_o_tag + csr_group0/sd_o,0,40,0.0,0.0
alu_operand_b_ex_o_tag + csr_group1/sd_o,0,40,0.0,0.0
alu_operand_b_ex_o_tag + csr_group2/sd_o,0,40,0.0,0.0
alu_operand_b_ex_o_tag + csr_group3/sd_o,0,40,0.0,0.0
alu_operand_b_ex_o_tag + csr_group4/sd_o,0,40,0.0,0.0
id_group1/sd_o + rf_reg[7],0,40,0.0,0.0
id_group2/sd_o + rf_reg[7],0,40,0.0,0.0
id_group3/sd_o + rf_reg[7],0,40,0.0,0.0
id_group4/sd_o + rf_reg[7],0,40,0.0,0.0
id_group5/sd_o + rf_reg[7],0,40,0.0,0.0
id_group6/sd_o + rf_reg[7],0,40,0.0,0.0
id_group7/sd_o + rf_reg[7],0,40,0.0,0.0
id_group8/sd_o + rf_reg[7],0,40,0.0,0.0
id_group9/sd_o + rf_reg[7],0,40,0.0,0.0
csr_group0/sd_o + rf_reg[7],0,40,0.0,0.0
csr_group1/sd_o + rf_reg[7],0,40,0.0,0.0
csr_group2/sd_o + rf_reg[7],0,40,0.0,0.0
csr_group3/sd_o + rf_reg[7],0,40,0.0,0.0
csr_group4/sd_o + rf_reg[7],0,40,0.0,0.0
csr_group5/sd_o + rf_reg[7],0,40,0.0,0.0
csr_group6/sd_o + rf_reg[7],0,40,0.0,0.0
csr_group7/sd_o + rf_reg[7],0,40,0.0,0.0
csr_group8/sd_o + rf_reg[7],0,40,0.0,0.0
csr_group9/sd_o + rf_reg[7],0,40,0.0,0.0
csr_group10/sd_o + rf_reg[7],0,40,0.0,0.0
csr_group11/sd_o + rf_reg[7],0,40,0.0,0.0
csr_group12/sd_o + rf_reg[7],0,40,0.0,0.0
csr_group13/sd_o + rf_reg[7],0,40,0.0,0.0
csr_group14/sd_o + rf_reg[7],0,40,0.0,0.0
csr_group15/sd_o + rf_reg[7],0,40,0.0,0.0
csr_group16/sd_o + rf_reg[7],0,40,0.0,0.0
csr_group17/sd_o + rf_reg[7],0,40,0.0,0.0
csr_group18/sd_o + rf_reg[7],0,40,0.0,0.0
csr_group19/sd_o + rf_reg[7],0,40,0.0,0.0
csr_group20/sd_o + rf_reg[7],0,40,0.0,0.0
lsu_group1/sd_o + rf_reg[7],0,40,0.0,0.0
lsu_group2/sd_o + rf_reg[7],0,40,0.0,0.0
lsu_group3/sd_o + rf_reg[7],0,40,0.0,0.0
lsu_group4/sd_o + rf_reg[7],0,40,0.0,0.0
lsu_group5/sd_o + rf_reg[7],0,40,0.0,0.0
id_group0/sd_o + rf_reg[8],0,40,0.0,0.0
id_group1/sd_o + rf_reg[8],0,40,0.0,0.0
id_group2/sd_o + rf_reg[8],0,40,0.0,0.0
id_group3/sd_o + rf_reg[8],0,40,0.0,0.0
id_group4/sd_o + rf_reg[8],0,40,0.0,0.0
id_group5/sd_o + rf_reg[8],0,40,0.0,0.0
id_group6/sd_o + rf_reg[8],0,40,0.0,0.0
id_group7/sd_o + rf_reg[8],0,40,0.0,0.0
id_group8/sd_o + rf_reg[8],0,40,0.0,0.0
id_group9/sd_o + rf_reg[8],0,40,0.0,0.0
csr_group0/sd_o + rf_reg[8],0,40,0.0,0.0
csr_group1/sd_o + rf_reg[8],0,40,0.0,0.0
csr_group2/sd_o + rf_reg[8],0,40,0.0,0.0
csr_group3/sd_o + rf_reg[8],0,40,0.0,0.0
csr_group4/sd_o + rf_reg[8],0,40,0.0,0.0
csr_group5/sd_o + rf_reg[8],0,40,0.0,0.0
csr_group6/sd_o + rf_reg[8],0,40,0.0,0.0
csr_group7/sd_o + rf_reg[8],0,40,0.0,0.0
csr_group8/sd_o + rf_reg[8],0,40,0.0,0.0
csr_group9/sd_o + rf_reg[8],0,40,0.0,0.0
csr_group10/sd_o + rf_reg[8],0,40,0.0,0.0
csr_group11/sd_o + rf_reg[8],0,40,0.0,0.0
csr_group12/sd_o + rf_reg[8],0,40,0.0,0.0
csr_group13/sd_o + rf_reg[8],0,40,0.0,0.0
csr_group14/sd_o + rf_reg[8],0,40,0.0,0.0
csr_group15/sd_o + rf_reg[8],0,40,0.0,0.0
csr_group16/sd_o + rf_reg[8],0,40,0.0,0.0
csr_group17/sd_o + rf_reg[8],0,40,0.0,0.0
csr_group18/sd_o + rf_reg[8],0,40,0.0,0.0
csr_group19/sd_o + rf_reg[8],0,40,0.0,0.0
csr_group20/sd_o + rf_reg[8],0,40,0.0,0.0
lsu_group1/sd_o + rf_reg[8],0,40,0.0,0.0
lsu_group2/sd_o + rf_reg[8],0,40,0.0,0.0
lsu_group3/sd_o + rf_reg[8],0,40,0.0,0.0
lsu_group4/sd_o + rf_reg[8],0,40,0.0,0.0
lsu_group5/sd_o + rf_reg[8],0,40,0.0,0.0
id_group0/sd_o + rf_reg[9],0,40,0.0,0.0
alu_operand_b_ex_o_tag + csr_group5/sd_o,0,40,0.0,0.0
alu_operand_b_ex_o_tag + csr_group6/sd_o,0,40,0.0,0.0
alu_operand_b_ex_o_tag + csr_group7/sd_o,0,40,0.0,0.0
alu_operand_b_ex_o_tag + csr_group8/sd_o,0,40,0.0,0.0
alu_operand_b_ex_o_tag + csr_group9/sd_o,0,40,0.0,0.0
alu_operand_b_ex_o_tag + csr_group10/sd_o,0,40,0.0,0.0
alu_operand_b_ex_o_tag + csr_group11/sd_o,0,40,0.0,0.0
alu_operand_b_ex_o_tag + csr_group12/sd_o,0,40,0.0,0.0
alu_operand_b_ex_o_tag + csr_group13/sd_o,0,40,0.0,0.0
alu_operand_b_ex_o_tag + csr_group14/sd_o,0,40,0.0,0.0
id_group1/sd_o + rf_reg[9],0,40,0.0,0.0
id_group2/sd_o + rf_reg[9],0,40,0.0,0.0
id_group3/sd_o + rf_reg[9],0,40,0.0,0.0
id_group4/sd_o + rf_reg[9],0,40,0.0,0.0
id_group5/sd_o + rf_reg[9],0,40,0.0,0.0
id_group6/sd_o + rf_reg[9],0,40,0.0,0.0
id_group7/sd_o + rf_reg[9],0,40,0.0,0.0
id_group8/sd_o + rf_reg[9],0,40,0.0,0.0
id_group9/sd_o + rf_reg[9],0,40,0.0,0.0
csr_group0/sd_o + rf_reg[9],0,40,0.0,0.0
csr_group1/sd_o + rf_reg[9],0,40,0.0,0.0
csr_group2/sd_o + rf_reg[9],0,40,0.0,0.0
csr_group3/sd_o + rf_reg[9],0,40,0.0,0.0
csr_group4/sd_o + rf_reg[9],0,40,0.0,0.0
csr_group5/sd_o + rf_reg[9],0,40,0.0,0.0
csr_group6/sd_o + rf_reg[9],0,40,0.0,0.0
csr_group7/sd_o + rf_reg[9],0,40,0.0,0.0
csr_group8/sd_o + rf_reg[9],0,40,0.0,0.0
csr_group9/sd_o + rf_reg[9],0,40,0.0,0.0
csr_group10/sd_o + rf_reg[9],0,40,0.0,0.0
csr_group11/sd_o + rf_reg[9],0,40,0.0,0.0
csr_group12/sd_o + rf_reg[9],0,40,0.0,0.0
csr_group13/sd_o + rf_reg[9],0,40,0.0,0.0
csr_group14/sd_o + rf_reg[9],0,40,0.0,0.0
csr_group15/sd_o + rf_reg[9],0,40,0.0,0.0
csr_group16/sd_o + rf_reg[9],0,40,0.0,0.0
csr_group17/sd_o + rf_reg[9],0,40,0.0,0.0
csr_group18/sd_o + rf_reg[9],0,40,0.0,0.0
csr_group19/sd_o + rf_reg[9],0,40,0.0,0.0
csr_group20/sd_o + rf_reg[9],0,40,0.0,0.0
lsu_group1/sd_o + rf_reg[9],0,40,0.0,0.0
lsu_group2/sd_o + rf_reg[9],0,40,0.0,0.0
lsu_group3/sd_o + rf_reg[9],0,40,0.0,0.0
lsu_group4/sd_o + rf_reg[9],0,40,0.0,0.0
lsu_group5/sd_o + rf_reg[9],0,40,0.0,0.0
id_group0/sd_o + rf_reg[10],0,40,0.0,0.0
id_group1/sd_o + rf_reg[10],0,40,0.0,0.0
id_group2/sd_o + rf_reg[10],0,40,0.0,0.0
id_group3/sd_o + rf_reg[10],0,40,0.0,0.0
id_group4/sd_o + rf_reg[10],0,40,0.0,0.0
id_group5/sd_o + rf_reg[10],0,40,0.0,0.0
id_group6/sd_o + rf_reg[10],0,40,0.0,0.0
id_group7/sd_o + rf_reg[10],0,40,0.0,0.0
id_group8/sd_o + rf_reg[10],0,40,0.0,0.0
id_group9/sd_o + rf_reg[10],0,40,0.0,0.0
csr_group0/sd_o + rf_reg[10],0,40,0.0,0.0
csr_group1/sd_o + rf_reg[10],0,40,0.0,0.0
csr_group2/sd_o + rf_reg[10],0,40,0.0,0.0
csr_group3/sd_o + rf_reg[10],0,40,0.0,0.0
csr_group4/sd_o + rf_reg[10],0,40,0.0,0.0
csr_group5/sd_o + rf_reg[10],0,40,0.0,0.0
csr_group6/sd_o + rf_reg[10],0,40,0.0,0.0
csr_group7/sd_o + rf_reg[10],0,40,0.0,0.0
csr_group8/sd_o + rf_reg[10],0,40,0.0,0.0
csr_group9/sd_o + rf_reg[10],0,40,0.0,0.0
csr_group10/sd_o + rf_reg[10],0,40,0.0,0.0
csr_group11/sd_o + rf_reg[10],0,40,0.0,0.0
csr_group12/sd_o + rf_reg[10],0,40,0.0,0.0
csr_group13/sd_o + rf_reg[10],0,40,0.0,0.0
csr_group14/sd_o + rf_reg[10],0,40,0.0,0.0
csr_group15/sd_o + rf_reg[10],0,40,0.0,0.0
csr_group16/sd_o + rf_reg[10],0,40,0.0,0.0
csr_group17/sd_o + rf_reg[10],0,40,0.0,0.0
csr_group18/sd_o + rf_reg[10],0,40,0.0,0.0
csr_group19/sd_o + rf_reg[10],0,40,0.0,0.0
csr_group20/sd_o + rf_reg[10],0,40,0.0,0.0
lsu_group1/sd_o + rf_reg[10],0,40,0.0,0.0
lsu_group2/sd_o + rf_reg[10],0,40,0.0,0.0
lsu_group3/sd_o + rf_reg[10],0,40,0.0,0.0
lsu_group4/sd_o + rf_reg[10],0,40,0.0,0.0
lsu_group5/sd_o + rf_reg[10],0,40,0.0,0.0
id_group0/sd_o + rf_reg[11],0,40,0.0,0.0
id_group1/sd_o + rf_reg[11],0,40,0.0,0.0
id_group2/sd_o + rf_reg[11],0,40,0.0,0.0
alu_operand_b_ex_o_tag + csr_group15/sd_o,0,40,0.0,0.0
alu_operand_b_ex_o_tag + csr_group16/sd_o,0,40,0.0,0.0
alu_operand_b_ex_o_tag + csr_group17/sd_o,0,40,0.0,0.0
alu_operand_b_ex_o_tag + csr_group18/sd_o,0,40,0.0,0.0
alu_operand_b_ex_o_tag + csr_group19/sd_o,0,40,0.0,0.0
alu_operand_b_ex_o_tag + csr_group20/sd_o,0,40,0.0,0.0
alu_operand_b_ex_o_tag + lsu_group1/sd_o,0,40,0.0,0.0
alu_operand_b_ex_o_tag + lsu_group2/sd_o,0,40,0.0,0.0
alu_operand_b_ex_o_tag + lsu_group3/sd_o,0,40,0.0,0.0
alu_operand_b_ex_o_tag + lsu_group4/sd_o,0,40,0.0,0.0
alu_operand_b_ex_o_tag + lsu_group5/sd_o,0,40,0.0,0.0
id_group3/sd_o + rf_reg[11],0,40,0.0,0.0
id_group4/sd_o + rf_reg[11],0,40,0.0,0.0
id_group5/sd_o + rf_reg[11],0,40,0.0,0.0
id_group6/sd_o + rf_reg[11],0,40,0.0,0.0
id_group7/sd_o + rf_reg[11],0,40,0.0,0.0
id_group8/sd_o + rf_reg[11],0,40,0.0,0.0
id_group9/sd_o + rf_reg[11],0,40,0.0,0.0
csr_group0/sd_o + rf_reg[11],0,40,0.0,0.0
csr_group1/sd_o + rf_reg[11],0,40,0.0,0.0
csr_group2/sd_o + rf_reg[11],0,40,0.0,0.0
csr_group3/sd_o + rf_reg[11],0,40,0.0,0.0
csr_group4/sd_o + rf_reg[11],0,40,0.0,0.0
csr_group5/sd_o + rf_reg[11],0,40,0.0,0.0
csr_group6/sd_o + rf_reg[11],0,40,0.0,0.0
csr_group7/sd_o + rf_reg[11],0,40,0.0,0.0
csr_group8/sd_o + rf_reg[11],0,40,0.0,0.0
csr_group9/sd_o + rf_reg[11],0,40,0.0,0.0
csr_group10/sd_o + rf_reg[11],0,40,0.0,0.0
csr_group11/sd_o + rf_reg[11],0,40,0.0,0.0
csr_group12/sd_o + rf_reg[11],0,40,0.0,0.0
csr_group13/sd_o + rf_reg[11],0,40,0.0,0.0
csr_group14/sd_o + rf_reg[11],0,40,0.0,0.0
csr_group15/sd_o + rf_reg[11],0,40,0.0,0.0
csr_group16/sd_o + rf_reg[11],0,40,0.0,0.0
csr_group17/sd_o + rf_reg[11],0,40,0.0,0.0
csr_group18/sd_o + rf_reg[11],0,40,0.0,0.0
csr_group19/sd_o + rf_reg[11],0,40,0.0,0.0
csr_group20/sd_o + rf_reg[11],0,40,0.0,0.0
lsu_group1/sd_o + rf_reg[11],0,40,0.0,0.0
lsu_group2/sd_o + rf_reg[11],0,40,0.0,0.0
lsu_group3/sd_o + rf_reg[11],0,40,0.0,0.0
lsu_group4/sd_o + rf_reg[11],0,40,0.0,0.0
lsu_group5/sd_o + rf_reg[11],0,40,0.0,0.0
id_group0/sd_o + rf_reg[12],0,40,0.0,0.0
id_group1/sd_o + rf_reg[12],0,40,0.0,0.0
id_group2/sd_o + rf_reg[12],0,40,0.0,0.0
id_group3/sd_o + rf_reg[12],0,40,0.0,0.0
id_group4/sd_o + rf_reg[12],0,40,0.0,0.0
id_group5/sd_o + rf_reg[12],0,40,0.0,0.0
id_group6/sd_o + rf_reg[12],0,40,0.0,0.0
id_group7/sd_o + rf_reg[12],0,40,0.0,0.0
id_group8/sd_o + rf_reg[12],0,40,0.0,0.0
id_group9/sd_o + rf_reg[12],0,40,0.0,0.0
csr_group0/sd_o + rf_reg[12],0,40,0.0,0.0
csr_group1/sd_o + rf_reg[12],0,40,0.0,0.0
csr_group2/sd_o + rf_reg[12],0,40,0.0,0.0
csr_group3/sd_o + rf_reg[12],0,40,0.0,0.0
csr_group4/sd_o + rf_reg[12],0,40,0.0,0.0
csr_group5/sd_o + rf_reg[12],0,40,0.0,0.0
csr_group6/sd_o + rf_reg[12],0,40,0.0,0.0
csr_group7/sd_o + rf_reg[12],0,40,0.0,0.0
csr_group8/sd_o + rf_reg[12],0,40,0.0,0.0
csr_group9/sd_o + rf_reg[12],0,40,0.0,0.0
csr_group10/sd_o + rf_reg[12],0,40,0.0,0.0
csr_group11/sd_o + rf_reg[12],0,40,0.0,0.0
csr_group12/sd_o + rf_reg[12],0,40,0.0,0.0
csr_group13/sd_o + rf_reg[12],0,40,0.0,0.0
csr_group14/sd_o + rf_reg[12],0,40,0.0,0.0
csr_group15/sd_o + rf_reg[12],0,40,0.0,0.0
csr_group16/sd_o + rf_reg[12],0,40,0.0,0.0
csr_group17/sd_o + rf_reg[12],0,40,0.0,0.0
csr_group18/sd_o + rf_reg[12],0,40,0.0,0.0
csr_group19/sd_o + rf_reg[12],0,40,0.0,0.0
csr_group20/sd_o + rf_reg[12],0,40,0.0,0.0
lsu_group1/sd_o + rf_reg[12],0,40,0.0,0.0
lsu_group2/sd_o + rf_reg[12],0,40,0.0,0.0
lsu_group3/sd_o + rf_reg[12],0,40,0.0,0.0
lsu_group4/sd_o + rf_reg[12],0,40,0.0,0.0
lsu_group5/sd_o + rf_reg[12],0,40,0.0,0.0
id_group0/sd_o + rf_reg[13],0,40,0.0,0.0
id_group1/sd_o + rf_reg[13],0,40,0.0,0.0
id_group2/sd_o + rf_reg[13],0,40,0.0,0.0
id_group3/sd_o + rf_reg[13],0,40,0.0,0.0
id_group4/sd_o + rf_reg[13],0,40,0.0,0.0
id_group5/sd_o + rf_reg[13],0,40,0.0,0.0
id_group6/sd_o + rf_reg[13],0,40,0.0,0.0
id_group7/sd_o + rf_reg[13],0,40,0.0,0.0
id_group8/sd_o + rf_reg[13],0,40,0.0,0.0
id_group9/sd_o + rf_reg[13],0,40,0.0,0.0
csr_group0/sd_o + rf_reg[13],0,40,0.0,0.0
csr_group1/sd_o + rf_reg[13],0,40,0.0,0.0
csr_group2/sd_o + rf_reg[13],0,40,0.0,0.0
csr_group3/sd_o + rf_reg[13],0,40,0.0,0.0
csr_group4/sd_o + rf_reg[13],0,40,0.0,0.0
csr_group5/sd_o + rf_reg[13],0,40,0.0,0.0
csr_group6/sd_o + rf_reg[13],0,40,0.0,0.0
csr_group7/sd_o + rf_reg[13],0,40,0.0,0.0
csr_group8/sd_o + rf_reg[13],0,40,0.0,0.0
csr_group9/sd_o + rf_reg[13],0,40,0.0,0.0
csr_group10/sd_o + rf_reg[13],0,40,0.0,0.0
csr_group11/sd_o + rf_reg[13],0,40,0.0,0.0
csr_group12/sd_o + rf_reg[13],0,40,0.0,0.0
csr_group13/sd_o + rf_reg[13],0,40,0.0,0.0
csr_group14/sd_o + rf_reg[13],0,40,0.0,0.0
csr_group15/sd_o + rf_reg[13],0,40,0.0,0.0
csr_group16/sd_o + rf_reg[13],0,40,0.0,0.0
csr_group17/sd_o + rf_reg[13],0,40,0.0,0.0
csr_group18/sd_o + rf_reg[13],0,40,0.0,0.0
csr_group19/sd_o + rf_reg[13],0,40,0.0,0.0
csr_group20/sd_o + rf_reg[13],0,40,0.0,0.0
lsu_group1/sd_o + rf_reg[13],0,40,0.0,0.0
lsu_group2/sd_o + rf_reg[13],0,40,0.0,0.0
lsu_group3/sd_o + rf_reg[13],0,40,0.0,0.0
lsu_group4/sd_o + rf_reg[13],0,40,0.0,0.0
lsu_group5/sd_o + rf_reg[13],0,40,0.0,0.0
id_group0/sd_o + rf_reg[14],0,40,0.0,0.0
id_group1/sd_o + rf_reg[14],0,40,0.0,0.0
id_group2/sd_o + rf_reg[14],0,40,0.0,0.0
id_group3/sd_o + rf_reg[14],0,40,0.0,0.0
id_group4/sd_o + rf_reg[14],0,40,0.0,0.0
id_group5/sd_o + rf_reg[14],0,40,0.0,0.0
id_group6/sd_o + rf_reg[14],0,40,0.0,0.0
id_group7/sd_o + rf_reg[14],0,40,0.0,0.0
id_group8/sd_o + rf_reg[14],0,40,0.0,0.0
id_group9/sd_o + rf_reg[14],0,40,0.0,0.0
csr_group0/sd_o + rf_reg[14],0,40,0.0,0.0
csr_group1/sd_o + rf_reg[14],0,40,0.0,0.0
csr_group2/sd_o + rf_reg[14],0,40,0.0,0.0
csr_group3/sd_o + rf_reg[14],0,40,0.0,0.0
csr_group4/sd_o + rf_reg[14],0,40,0.0,0.0
csr_group5/sd_o + rf_reg[14],0,40,0.0,0.0
csr_group6/sd_o + rf_reg[14],0,40,0.0,0.0
csr_group7/sd_o + rf_reg[14],0,40,0.0,0.0
csr_group8/sd_o + rf_reg[14],0,40,0.0,0.0
csr_group9/sd_o + rf_reg[14],0,40,0.0,0.0
csr_group10/sd_o + rf_reg[14],0,40,0.0,0.0
csr_group11/sd_o + rf_reg[14],0,40,0.0,0.0
csr_group12/sd_o + rf_reg[14],0,40,0.0,0.0
csr_group13/sd_o + rf_reg[14],0,40,0.0,0.0
csr_group14/sd_o + rf_reg[14],0,40,0.0,0.0
csr_group15/sd_o + rf_reg[14],0,40,0.0,0.0
csr_group16/sd_o + rf_reg[14],0,40,0.0,0.0
csr_group17/sd_o + rf_reg[14],0,40,0.0,0.0
csr_group18/sd_o + rf_reg[14],0,40,0.0,0.0
csr_group19/sd_o + rf_reg[14],0,40,0.0,0.0
csr_group20/sd_o + rf_reg[14],0,40,0.0,0.0
lsu_group1/sd_o + rf_reg[14],0,40,0.0,0.0
lsu_group2/sd_o + rf_reg[14],0,40,0.0,0.0
lsu_group3/sd_o + rf_reg[14],0,40,0.0,0.0
lsu_group4/sd_o + rf_reg[14],0,40,0.0,0.0
lsu_group5/sd_o + rf_reg[14],0,40,0.0,0.0
id_group0/sd_o + rf_reg[15],0,40,0.0,0.0
id_group1/sd_o + rf_reg[15],0,40,0.0,0.0
id_group2/sd_o + rf_reg[15],0,40,0.0,0.0
id_group3/sd_o + rf_reg[15],0,40,0.0,0.0
id_group4/sd_o + rf_reg[15],0,40,0.0,0.0
id_group5/sd_o + rf_reg[15],0,40,0.0,0.0
id_group6/sd_o + rf_reg[15],0,40,0.0,0.0
id_group7/sd_o + rf_reg[15],0,40,0.0,0.0
alu_operand_c_ex_o_tag + id_group0/sd_o,0,40,0.0,0.0
alu_operand_c_ex_o_tag + id_group1/sd_o,0,40,0.0,0.0
alu_operand_c_ex_o_tag + id_group2/sd_o,0,40,0.0,0.0
alu_operand_c_ex_o_tag + id_group3/sd_o,0,40,0.0,0.0
id_group8/sd_o + rf_reg[15],0,40,0.0,0.0
id_group9/sd_o + rf_reg[15],0,40,0.0,0.0
csr_group0/sd_o + rf_reg[15],0,40,0.0,0.0
csr_group1/sd_o + rf_reg[15],0,40,0.0,0.0
csr_group2/sd_o + rf_reg[15],0,40,0.0,0.0
csr_group3/sd_o + rf_reg[15],0,40,0.0,0.0
csr_group4/sd_o + rf_reg[15],0,40,0.0,0.0
csr_group5/sd_o + rf_reg[15],0,40,0.0,0.0
csr_group6/sd_o + rf_reg[15],0,40,0.0,0.0
csr_group7/sd_o + rf_reg[15],0,40,0.0,0.0
csr_group8/sd_o + rf_reg[15],0,40,0.0,0.0
csr_group9/sd_o + rf_reg[15],0,40,0.0,0.0
csr_group10/sd_o + rf_reg[15],0,40,0.0,0.0
csr_group11/sd_o + rf_reg[15],0,40,0.0,0.0
csr_group12/sd_o + rf_reg[15],0,40,0.0,0.0
csr_group13/sd_o + rf_reg[15],0,40,0.0,0.0
csr_group14/sd_o + rf_reg[15],0,40,0.0,0.0
csr_group15/sd_o + rf_reg[15],0,40,0.0,0.0
csr_group16/sd_o + rf_reg[15],0,40,0.0,0.0
csr_group17/sd_o + rf_reg[15],0,40,0.0,0.0
csr_group18/sd_o + rf_reg[15],0,40,0.0,0.0
csr_group19/sd_o + rf_reg[15],0,40,0.0,0.0
csr_group20/sd_o + rf_reg[15],0,40,0.0,0.0
lsu_group1/sd_o + rf_reg[15],0,40,0.0,0.0
lsu_group2/sd_o + rf_reg[15],0,40,0.0,0.0
lsu_group3/sd_o + rf_reg[15],0,40,0.0,0.0
lsu_group4/sd_o + rf_reg[15],0,40,0.0,0.0
lsu_group5/sd_o + rf_reg[15],0,40,0.0,0.0
id_group0/sd_o + rf_reg[16],0,40,0.0,0.0
id_group1/sd_o + rf_reg[16],0,40,0.0,0.0
id_group2/sd_o + rf_reg[16],0,40,0.0,0.0
id_group3/sd_o + rf_reg[16],0,40,0.0,0.0
id_group4/sd_o + rf_reg[16],0,40,0.0,0.0
id_group5/sd_o + rf_reg[16],0,40,0.0,0.0
id_group6/sd_o + rf_reg[16],0,40,0.0,0.0
id_group7/sd_o + rf_reg[16],0,40,0.0,0.0
id_group8/sd_o + rf_reg[16],0,40,0.0,0.0
id_group9/sd_o + rf_reg[16],0,40,0.0,0.0
csr_group0/sd_o + rf_reg[16],0,40,0.0,0.0
csr_group1/sd_o + rf_reg[16],0,40,0.0,0.0
csr_group2/sd_o + rf_reg[16],0,40,0.0,0.0
csr_group3/sd_o + rf_reg[16],0,40,0.0,0.0
csr_group4/sd_o + rf_reg[16],0,40,0.0,0.0
csr_group5/sd_o + rf_reg[16],0,40,0.0,0.0
csr_group6/sd_o + rf_reg[16],0,40,0.0,0.0
csr_group7/sd_o + rf_reg[16],0,40,0.0,0.0
csr_group8/sd_o + rf_reg[16],0,40,0.0,0.0
csr_group9/sd_o + rf_reg[16],0,40,0.0,0.0
csr_group10/sd_o + rf_reg[16],0,40,0.0,0.0
csr_group11/sd_o + rf_reg[16],0,40,0.0,0.0
csr_group12/sd_o + rf_reg[16],0,40,0.0,0.0
csr_group13/sd_o + rf_reg[16],0,40,0.0,0.0
csr_group14/sd_o + rf_reg[16],0,40,0.0,0.0
csr_group15/sd_o + rf_reg[16],0,40,0.0,0.0
csr_group16/sd_o + rf_reg[16],0,40,0.0,0.0
csr_group17/sd_o + rf_reg[16],0,40,0.0,0.0
csr_group18/sd_o + rf_reg[16],0,40,0.0,0.0
csr_group19/sd_o + rf_reg[16],0,40,0.0,0.0
csr_group20/sd_o + rf_reg[16],0,40,0.0,0.0
lsu_group1/sd_o + rf_reg[16],0,40,0.0,0.0
lsu_group2/sd_o + rf_reg[16],0,40,0.0,0.0
lsu_group3/sd_o + rf_reg[16],0,40,0.0,0.0
lsu_group4/sd_o + rf_reg[16],0,40,0.0,0.0
lsu_group5/sd_o + rf_reg[16],0,40,0.0,0.0
id_group0/sd_o + rf_reg[17],0,40,0.0,0.0
id_group1/sd_o + rf_reg[17],0,40,0.0,0.0
id_group2/sd_o + rf_reg[17],0,40,0.0,0.0
id_group3/sd_o + rf_reg[17],0,40,0.0,0.0
id_group4/sd_o + rf_reg[17],0,40,0.0,0.0
id_group5/sd_o + rf_reg[17],0,40,0.0,0.0
id_group6/sd_o + rf_reg[17],0,40,0.0,0.0
id_group7/sd_o + rf_reg[17],0,40,0.0,0.0
id_group8/sd_o + rf_reg[17],0,40,0.0,0.0
id_group9/sd_o + rf_reg[17],0,40,0.0,0.0
alu_operand_c_ex_o_tag + id_group4/sd_o,0,40,0.0,0.0
alu_operand_c_ex_o_tag + id_group5/sd_o,0,40,0.0,0.0
alu_operand_c_ex_o_tag + id_group6/sd_o,0,40,0.0,0.0
alu_operand_c_ex_o_tag + id_group7/sd_o,0,40,0.0,0.0
alu_operand_c_ex_o_tag + id_group8/sd_o,0,40,0.0,0.0
alu_operand_c_ex_o_tag + id_group9/sd_o,0,40,0.0,0.0
csr_group0/sd_o + rf_reg[17],0,40,0.0,0.0
csr_group1/sd_o + rf_reg[17],0,40,0.0,0.0
csr_group2/sd_o + rf_reg[17],0,40,0.0,0.0
csr_group3/sd_o + rf_reg[17],0,40,0.0,0.0
csr_group4/sd_o + rf_reg[17],0,40,0.0,0.0
csr_group5/sd_o + rf_reg[17],0,40,0.0,0.0
csr_group6/sd_o + rf_reg[17],0,40,0.0,0.0
csr_group7/sd_o + rf_reg[17],0,40,0.0,0.0
csr_group8/sd_o + rf_reg[17],0,40,0.0,0.0
csr_group9/sd_o + rf_reg[17],0,40,0.0,0.0
csr_group10/sd_o + rf_reg[17],0,40,0.0,0.0
csr_group11/sd_o + rf_reg[17],0,40,0.0,0.0
csr_group12/sd_o + rf_reg[17],0,40,0.0,0.0
csr_group13/sd_o + rf_reg[17],0,40,0.0,0.0
csr_group14/sd_o + rf_reg[17],0,40,0.0,0.0
csr_group15/sd_o + rf_reg[17],0,40,0.0,0.0
csr_group16/sd_o + rf_reg[17],0,40,0.0,0.0
csr_group17/sd_o + rf_reg[17],0,40,0.0,0.0
csr_group18/sd_o + rf_reg[17],0,40,0.0,0.0
csr_group19/sd_o + rf_reg[17],0,40,0.0,0.0
csr_group20/sd_o + rf_reg[17],0,40,0.0,0.0
lsu_group1/sd_o + rf_reg[17],0,40,0.0,0.0
lsu_group2/sd_o + rf_reg[17],0,40,0.0,0.0
lsu_group3/sd_o + rf_reg[17],0,40,0.0,0.0
lsu_group4/sd_o + rf_reg[17],0,40,0.0,0.0
lsu_group5/sd_o + rf_reg[17],0,40,0.0,0.0
id_group0/sd_o + rf_reg[18],0,40,0.0,0.0
id_group1/sd_o + rf_reg[18],0,40,0.0,0.0
id_group2/sd_o + rf_reg[18],0,40,0.0,0.0
id_group3/sd_o + rf_reg[18],0,40,0.0,0.0
id_group4/sd_o + rf_reg[18],0,40,0.0,0.0
id_group5/sd_o + rf_reg[18],0,40,0.0,0.0
id_group6/sd_o + rf_reg[18],0,40,0.0,0.0
id_group7/sd_o + rf_reg[18],0,40,0.0,0.0
id_group8/sd_o + rf_reg[18],0,40,0.0,0.0
id_group9/sd_o + rf_reg[18],0,40,0.0,0.0
csr_group0/sd_o + rf_reg[18],0,40,0.0,0.0
csr_group1/sd_o + rf_reg[18],0,40,0.0,0.0
csr_group2/sd_o + rf_reg[18],0,40,0.0,0.0
csr_group3/sd_o + rf_reg[18],0,40,0.0,0.0
csr_group4/sd_o + rf_reg[18],0,40,0.0,0.0
csr_group5/sd_o + rf_reg[18],0,40,0.0,0.0
csr_group6/sd_o + rf_reg[18],0,40,0.0,0.0
csr_group7/sd_o + rf_reg[18],0,40,0.0,0.0
csr_group8/sd_o + rf_reg[18],0,40,0.0,0.0
csr_group9/sd_o + rf_reg[18],0,40,0.0,0.0
csr_group10/sd_o + rf_reg[18],0,40,0.0,0.0
csr_group11/sd_o + rf_reg[18],0,40,0.0,0.0
csr_group12/sd_o + rf_reg[18],0,40,0.0,0.0
csr_group13/sd_o + rf_reg[18],0,40,0.0,0.0
csr_group14/sd_o + rf_reg[18],0,40,0.0,0.0
csr_group15/sd_o + rf_reg[18],0,40,0.0,0.0
csr_group16/sd_o + rf_reg[18],0,40,0.0,0.0
csr_group17/sd_o + rf_reg[18],0,40,0.0,0.0
csr_group18/sd_o + rf_reg[18],0,40,0.0,0.0
csr_group19/sd_o + rf_reg[18],0,40,0.0,0.0
csr_group20/sd_o + rf_reg[18],0,40,0.0,0.0
lsu_group1/sd_o + rf_reg[18],0,40,0.0,0.0
lsu_group2/sd_o + rf_reg[18],0,40,0.0,0.0
lsu_group3/sd_o + rf_reg[18],0,40,0.0,0.0
lsu_group4/sd_o + rf_reg[18],0,40,0.0,0.0
lsu_group5/sd_o + rf_reg[18],0,40,0.0,0.0
id_group0/sd_o + rf_reg[19],0,40,0.0,0.0
id_group1/sd_o + rf_reg[19],0,40,0.0,0.0
id_group2/sd_o + rf_reg[19],0,40,0.0,0.0
id_group3/sd_o + rf_reg[19],0,40,0.0,0.0
id_group4/sd_o + rf_reg[19],0,40,0.0,0.0
id_group5/sd_o + rf_reg[19],0,40,0.0,0.0
id_group6/sd_o + rf_reg[19],0,40,0.0,0.0
id_group7/sd_o + rf_reg[19],0,40,0.0,0.0
id_group8/sd_o + rf_reg[19],0,40,0.0,0.0
id_group9/sd_o + rf_reg[19],0,40,0.0,0.0
alu_operand_c_ex_o_tag + csr_group0/sd_o,0,40,0.0,0.0
alu_operand_c_ex_o_tag + csr_group1/sd_o,0,40,0.0,0.0
alu_operand_c_ex_o_tag + csr_group2/sd_o,0,40,0.0,0.0
alu_operand_c_ex_o_tag + csr_group3/sd_o,0,40,0.0,0.0
alu_operand_c_ex_o_tag + csr_group4/sd_o,0,40,0.0,0.0
alu_operand_c_ex_o_tag + csr_group5/sd_o,0,40,0.0,0.0
alu_operand_c_ex_o_tag + csr_group6/sd_o,0,40,0.0,0.0
alu_operand_c_ex_o_tag + csr_group7/sd_o,0,40,0.0,0.0
csr_group0/sd_o + rf_reg[19],0,40,0.0,0.0
csr_group1/sd_o + rf_reg[19],0,40,0.0,0.0
csr_group2/sd_o + rf_reg[19],0,40,0.0,0.0
csr_group3/sd_o + rf_reg[19],0,40,0.0,0.0
csr_group4/sd_o + rf_reg[19],0,40,0.0,0.0
csr_group5/sd_o + rf_reg[19],0,40,0.0,0.0
csr_group6/sd_o + rf_reg[19],0,40,0.0,0.0
csr_group7/sd_o + rf_reg[19],0,40,0.0,0.0
csr_group8/sd_o + rf_reg[19],0,40,0.0,0.0
csr_group9/sd_o + rf_reg[19],0,40,0.0,0.0
csr_group10/sd_o + rf_reg[19],0,40,0.0,0.0
csr_group11/sd_o + rf_reg[19],0,40,0.0,0.0
csr_group12/sd_o + rf_reg[19],0,40,0.0,0.0
csr_group13/sd_o + rf_reg[19],0,40,0.0,0.0
csr_group14/sd_o + rf_reg[19],0,40,0.0,0.0
csr_group15/sd_o + rf_reg[19],0,40,0.0,0.0
csr_group16/sd_o + rf_reg[19],0,40,0.0,0.0
csr_group17/sd_o + rf_reg[19],0,40,0.0,0.0
csr_group18/sd_o + rf_reg[19],0,40,0.0,0.0
csr_group19/sd_o + rf_reg[19],0,40,0.0,0.0
csr_group20/sd_o + rf_reg[19],0,40,0.0,0.0
lsu_group1/sd_o + rf_reg[19],0,40,0.0,0.0
lsu_group2/sd_o + rf_reg[19],0,40,0.0,0.0
lsu_group3/sd_o + rf_reg[19],0,40,0.0,0.0
lsu_group4/sd_o + rf_reg[19],0,40,0.0,0.0
lsu_group5/sd_o + rf_reg[19],0,40,0.0,0.0
id_group0/sd_o + rf_reg[20],0,40,0.0,0.0
id_group1/sd_o + rf_reg[20],0,40,0.0,0.0
id_group2/sd_o + rf_reg[20],0,40,0.0,0.0
id_group3/sd_o + rf_reg[20],0,40,0.0,0.0
id_group4/sd_o + rf_reg[20],0,40,0.0,0.0
id_group5/sd_o + rf_reg[20],0,40,0.0,0.0
id_group6/sd_o + rf_reg[20],0,40,0.0,0.0
id_group7/sd_o + rf_reg[20],0,40,0.0,0.0
id_group8/sd_o + rf_reg[20],0,40,0.0,0.0
id_group9/sd_o + rf_reg[20],0,40,0.0,0.0
csr_group0/sd_o + rf_reg[20],0,40,0.0,0.0
csr_group1/sd_o + rf_reg[20],0,40,0.0,0.0
csr_group2/sd_o + rf_reg[20],0,40,0.0,0.0
csr_group3/sd_o + rf_reg[20],0,40,0.0,0.0
csr_group4/sd_o + rf_reg[20],0,40,0.0,0.0
csr_group5/sd_o + rf_reg[20],0,40,0.0,0.0
csr_group6/sd_o + rf_reg[20],0,40,0.0,0.0
csr_group7/sd_o + rf_reg[20],0,40,0.0,0.0
csr_group8/sd_o + rf_reg[20],0,40,0.0,0.0
csr_group9/sd_o + rf_reg[20],0,40,0.0,0.0
csr_group10/sd_o + rf_reg[20],0,40,0.0,0.0
csr_group11/sd_o + rf_reg[20],0,40,0.0,0.0
csr_group12/sd_o + rf_reg[20],0,40,0.0,0.0
csr_group13/sd_o + rf_reg[20],0,40,0.0,0.0
csr_group14/sd_o + rf_reg[20],0,40,0.0,0.0
csr_group15/sd_o + rf_reg[20],0,40,0.0,0.0
csr_group16/sd_o + rf_reg[20],0,40,0.0,0.0
csr_group17/sd_o + rf_reg[20],0,40,0.0,0.0
csr_group18/sd_o + rf_reg[20],0,40,0.0,0.0
csr_group19/sd_o + rf_reg[20],0,40,0.0,0.0
csr_group20/sd_o + rf_reg[20],0,40,0.0,0.0
lsu_group1/sd_o + rf_reg[20],0,40,0.0,0.0
lsu_group2/sd_o + rf_reg[20],0,40,0.0,0.0
lsu_group3/sd_o + rf_reg[20],0,40,0.0,0.0
lsu_group4/sd_o + rf_reg[20],0,40,0.0,0.0
lsu_group5/sd_o + rf_reg[20],0,40,0.0,0.0
id_group0/sd_o + rf_reg[21],0,40,0.0,0.0
id_group1/sd_o + rf_reg[21],0,40,0.0,0.0
id_group2/sd_o + rf_reg[21],0,40,0.0,0.0
id_group3/sd_o + rf_reg[21],0,40,0.0,0.0
id_group4/sd_o + rf_reg[21],0,40,0.0,0.0
id_group5/sd_o + rf_reg[21],0,40,0.0,0.0
id_group6/sd_o + rf_reg[21],0,40,0.0,0.0
id_group7/sd_o + rf_reg[21],0,40,0.0,0.0
id_group8/sd_o + rf_reg[21],0,40,0.0,0.0
id_group9/sd_o + rf_reg[21],0,40,0.0,0.0
csr_group0/sd_o + rf_reg[21],0,40,0.0,0.0
csr_group1/sd_o + rf_reg[21],0,40,0.0,0.0
csr_group2/sd_o + rf_reg[21],0,40,0.0,0.0
csr_group3/sd_o + rf_reg[21],0,40,0.0,0.0
csr_group4/sd_o + rf_reg[21],0,40,0.0,0.0
csr_group5/sd_o + rf_reg[21],0,40,0.0,0.0
alu_operand_c_ex_o_tag + csr_group8/sd_o,0,40,0.0,0.0
alu_operand_c_ex_o_tag + csr_group9/sd_o,0,40,0.0,0.0
alu_operand_c_ex_o_tag + csr_group10/sd_o,0,40,0.0,0.0
alu_operand_c_ex_o_tag + csr_group11/sd_o,0,40,0.0,0.0
alu_operand_c_ex_o_tag + csr_group12/sd_o,0,40,0.0,0.0
alu_operand_c_ex_o_tag + csr_group13/sd_o,0,40,0.0,0.0
alu_operand_c_ex_o_tag + csr_group14/sd_o,0,40,0.0,0.0
alu_operand_c_ex_o_tag + csr_group15/sd_o,0,40,0.0,0.0
alu_operand_c_ex_o_tag + csr_group16/sd_o,0,40,0.0,0.0
alu_operand_c_ex_o_tag + csr_group17/sd_o,0,40,0.0,0.0
alu_operand_c_ex_o_tag + csr_group18/sd_o,0,40,0.0,0.0
csr_group6/sd_o + rf_reg[21],0,40,0.0,0.0
csr_group7/sd_o + rf_reg[21],0,40,0.0,0.0
csr_group8/sd_o + rf_reg[21],0,40,0.0,0.0
csr_group9/sd_o + rf_reg[21],0,40,0.0,0.0
csr_group10/sd_o + rf_reg[21],0,40,0.0,0.0
csr_group11/sd_o + rf_reg[21],0,40,0.0,0.0
csr_group12/sd_o + rf_reg[21],0,40,0.0,0.0
csr_group13/sd_o + rf_reg[21],0,40,0.0,0.0
csr_group14/sd_o + rf_reg[21],0,40,0.0,0.0
csr_group15/sd_o + rf_reg[21],0,40,0.0,0.0
csr_group16/sd_o + rf_reg[21],0,40,0.0,0.0
csr_group17/sd_o + rf_reg[21],0,40,0.0,0.0
csr_group18/sd_o + rf_reg[21],0,40,0.0,0.0
csr_group19/sd_o + rf_reg[21],0,40,0.0,0.0
csr_group20/sd_o + rf_reg[21],0,40,0.0,0.0
lsu_group1/sd_o + rf_reg[21],0,40,0.0,0.0
lsu_group2/sd_o + rf_reg[21],0,40,0.0,0.0
lsu_group3/sd_o + rf_reg[21],0,40,0.0,0.0
lsu_group4/sd_o + rf_reg[21],0,40,0.0,0.0
lsu_group5/sd_o + rf_reg[21],0,40,0.0,0.0
id_group0/sd_o + rf_reg[22],0,40,0.0,0.0
id_group1/sd_o + rf_reg[22],0,40,0.0,0.0
id_group2/sd_o + rf_reg[22],0,40,0.0,0.0
id_group3/sd_o + rf_reg[22],0,40,0.0,0.0
id_group4/sd_o + rf_reg[22],0,40,0.0,0.0
id_group5/sd_o + rf_reg[22],0,40,0.0,0.0
id_group6/sd_o + rf_reg[22],0,40,0.0,0.0
id_group7/sd_o + rf_reg[22],0,40,0.0,0.0
id_group8/sd_o + rf_reg[22],0,40,0.0,0.0
id_group9/sd_o + rf_reg[22],0,40,0.0,0.0
csr_group0/sd_o + rf_reg[22],0,40,0.0,0.0
csr_group1/sd_o + rf_reg[22],0,40,0.0,0.0
csr_group2/sd_o + rf_reg[22],0,40,0.0,0.0
csr_group3/sd_o + rf_reg[22],0,40,0.0,0.0
csr_group4/sd_o + rf_reg[22],0,40,0.0,0.0
csr_group5/sd_o + rf_reg[22],0,40,0.0,0.0
csr_group6/sd_o + rf_reg[22],0,40,0.0,0.0
csr_group7/sd_o + rf_reg[22],0,40,0.0,0.0
csr_group8/sd_o + rf_reg[22],0,40,0.0,0.0
csr_group9/sd_o + rf_reg[22],0,40,0.0,0.0
csr_group10/sd_o + rf_reg[22],0,40,0.0,0.0
csr_group11/sd_o + rf_reg[22],0,40,0.0,0.0
csr_group12/sd_o + rf_reg[22],0,40,0.0,0.0
csr_group13/sd_o + rf_reg[22],0,40,0.0,0.0
csr_group14/sd_o + rf_reg[22],0,40,0.0,0.0
csr_group15/sd_o + rf_reg[22],0,40,0.0,0.0
csr_group16/sd_o + rf_reg[22],0,40,0.0,0.0
csr_group17/sd_o + rf_reg[22],0,40,0.0,0.0
csr_group18/sd_o + rf_reg[22],0,40,0.0,0.0
csr_group19/sd_o + rf_reg[22],0,40,0.0,0.0
csr_group20/sd_o + rf_reg[22],0,40,0.0,0.0
lsu_group1/sd_o + rf_reg[22],0,40,0.0,0.0
lsu_group2/sd_o + rf_reg[22],0,40,0.0,0.0
lsu_group3/sd_o + rf_reg[22],0,40,0.0,0.0
lsu_group4/sd_o + rf_reg[22],0,40,0.0,0.0
lsu_group5/sd_o + rf_reg[22],0,40,0.0,0.0
id_group0/sd_o + rf_reg[23],0,40,0.0,0.0
id_group1/sd_o + rf_reg[23],0,40,0.0,0.0
id_group2/sd_o + rf_reg[23],0,40,0.0,0.0
id_group3/sd_o + rf_reg[23],0,40,0.0,0.0
id_group4/sd_o + rf_reg[23],0,40,0.0,0.0
id_group5/sd_o + rf_reg[23],0,40,0.0,0.0
id_group6/sd_o + rf_reg[23],0,40,0.0,0.0
id_group7/sd_o + rf_reg[23],0,40,0.0,0.0
id_group8/sd_o + rf_reg[23],0,40,0.0,0.0
id_group9/sd_o + rf_reg[23],0,40,0.0,0.0
csr_group0/sd_o + rf_reg[23],0,40,0.0,0.0
csr_group1/sd_o + rf_reg[23],0,40,0.0,0.0
csr_group2/sd_o + rf_reg[23],0,40,0.0,0.0
csr_group3/sd_o + rf_reg[23],0,40,0.0,0.0
csr_group4/sd_o + rf_reg[23],0,40,0.0,0.0
csr_group5/sd_o + rf_reg[23],0,40,0.0,0.0
csr_group6/sd_o + rf_reg[23],0,40,0.0,0.0
csr_group7/sd_o + rf_reg[23],0,40,0.0,0.0
csr_group8/sd_o + rf_reg[23],0,40,0.0,0.0
csr_group9/sd_o + rf_reg[23],0,40,0.0,0.0
csr_group10/sd_o + rf_reg[23],0,40,0.0,0.0
csr_group11/sd_o + rf_reg[23],0,40,0.0,0.0
alu_operand_c_ex_o_tag + csr_group19/sd_o,0,40,0.0,0.0
alu_operand_c_ex_o_tag + csr_group20/sd_o,0,40,0.0,0.0
alu_operand_c_ex_o_tag + lsu_group1/sd_o,0,40,0.0,0.0
alu_operand_c_ex_o_tag + lsu_group2/sd_o,0,40,0.0,0.0
alu_operand_c_ex_o_tag + lsu_group3/sd_o,0,40,0.0,0.0
alu_operand_c_ex_o_tag + lsu_group4/sd_o,0,40,0.0,0.0
alu_operand_c_ex_o_tag + lsu_group5/sd_o,0,40,0.0,0.0
csr_group12/sd_o + rf_reg[23],0,40,0.0,0.0
csr_group13/sd_o + rf_reg[23],0,40,0.0,0.0
csr_group14/sd_o + rf_reg[23],0,40,0.0,0.0
csr_group15/sd_o + rf_reg[23],0,40,0.0,0.0
csr_group16/sd_o + rf_reg[23],0,40,0.0,0.0
csr_group17/sd_o + rf_reg[23],0,40,0.0,0.0
csr_group18/sd_o + rf_reg[23],0,40,0.0,0.0
csr_group19/sd_o + rf_reg[23],0,40,0.0,0.0
csr_group20/sd_o + rf_reg[23],0,40,0.0,0.0
lsu_group1/sd_o + rf_reg[23],0,40,0.0,0.0
lsu_group2/sd_o + rf_reg[23],0,40,0.0,0.0
lsu_group3/sd_o + rf_reg[23],0,40,0.0,0.0
lsu_group4/sd_o + rf_reg[23],0,40,0.0,0.0
lsu_group5/sd_o + rf_reg[23],0,40,0.0,0.0
id_group0/sd_o + rf_reg[24],0,40,0.0,0.0
id_group1/sd_o + rf_reg[24],0,40,0.0,0.0
id_group2/sd_o + rf_reg[24],0,40,0.0,0.0
id_group3/sd_o + rf_reg[24],0,40,0.0,0.0
id_group4/sd_o + rf_reg[24],0,40,0.0,0.0
id_group5/sd_o + rf_reg[24],0,40,0.0,0.0
id_group6/sd_o + rf_reg[24],0,40,0.0,0.0
id_group7/sd_o + rf_reg[24],0,40,0.0,0.0
id_group8/sd_o + rf_reg[24],0,40,0.0,0.0
id_group9/sd_o + rf_reg[24],0,40,0.0,0.0
csr_group0/sd_o + rf_reg[24],0,40,0.0,0.0
csr_group1/sd_o + rf_reg[24],0,40,0.0,0.0
csr_group2/sd_o + rf_reg[24],0,40,0.0,0.0
csr_group3/sd_o + rf_reg[24],0,40,0.0,0.0
csr_group4/sd_o + rf_reg[24],0,40,0.0,0.0
csr_group5/sd_o + rf_reg[24],0,40,0.0,0.0
csr_group6/sd_o + rf_reg[24],0,40,0.0,0.0
csr_group7/sd_o + rf_reg[24],0,40,0.0,0.0
csr_group8/sd_o + rf_reg[24],0,40,0.0,0.0
csr_group9/sd_o + rf_reg[24],0,40,0.0,0.0
csr_group10/sd_o + rf_reg[24],0,40,0.0,0.0
csr_group11/sd_o + rf_reg[24],0,40,0.0,0.0
csr_group12/sd_o + rf_reg[24],0,40,0.0,0.0
csr_group13/sd_o + rf_reg[24],0,40,0.0,0.0
csr_group14/sd_o + rf_reg[24],0,40,0.0,0.0
csr_group15/sd_o + rf_reg[24],0,40,0.0,0.0
csr_group16/sd_o + rf_reg[24],0,40,0.0,0.0
csr_group17/sd_o + rf_reg[24],0,40,0.0,0.0
csr_group18/sd_o + rf_reg[24],0,40,0.0,0.0
csr_group19/sd_o + rf_reg[24],0,40,0.0,0.0
csr_group20/sd_o + rf_reg[24],0,40,0.0,0.0
lsu_group1/sd_o + rf_reg[24],0,40,0.0,0.0
lsu_group2/sd_o + rf_reg[24],0,40,0.0,0.0
lsu_group3/sd_o + rf_reg[24],0,40,0.0,0.0
lsu_group4/sd_o + rf_reg[24],0,40,0.0,0.0
lsu_group5/sd_o + rf_reg[24],0,40,0.0,0.0
id_group0/sd_o + rf_reg[25],0,40,0.0,0.0
id_group1/sd_o + rf_reg[25],0,40,0.0,0.0
id_group2/sd_o + rf_reg[25],0,40,0.0,0.0
id_group3/sd_o + rf_reg[25],0,40,0.0,0.0
id_group4/sd_o + rf_reg[25],0,40,0.0,0.0
id_group5/sd_o + rf_reg[25],0,40,0.0,0.0
id_group6/sd_o + rf_reg[25],0,40,0.0,0.0
id_group7/sd_o + rf_reg[25],0,40,0.0,0.0
id_group8/sd_o + rf_reg[25],0,40,0.0,0.0
id_group9/sd_o + rf_reg[25],0,40,0.0,0.0
csr_group0/sd_o + rf_reg[25],0,40,0.0,0.0
csr_group1/sd_o + rf_reg[25],0,40,0.0,0.0
csr_group2/sd_o + rf_reg[25],0,40,0.0,0.0
csr_group3/sd_o + rf_reg[25],0,40,0.0,0.0
csr_group4/sd_o + rf_reg[25],0,40,0.0,0.0
csr_group5/sd_o + rf_reg[25],0,40,0.0,0.0
csr_group6/sd_o + rf_reg[25],0,40,0.0,0.0
csr_group7/sd_o + rf_reg[25],0,40,0.0,0.0
csr_group8/sd_o + rf_reg[25],0,40,0.0,0.0
csr_group9/sd_o + rf_reg[25],0,40,0.0,0.0
csr_group10/sd_o + rf_reg[25],0,40,0.0,0.0
csr_group11/sd_o + rf_reg[25],0,40,0.0,0.0
csr_group12/sd_o + rf_reg[25],0,40,0.0,0.0
csr_group13/sd_o + rf_reg[25],0,40,0.0,0.0
csr_group14/sd_o + rf_reg[25],0,40,0.0,0.0
csr_group15/sd_o + rf_reg[25],0,40,0.0,0.0
csr_group16/sd_o + rf_reg[25],0,40,0.0,0.0
csr_group17/sd_o + rf_reg[25],0,40,0.0,0.0
csr_group18/sd_o + rf_reg[25],0,40,0.0,0.0
csr_group19/sd_o + rf_reg[25],0,40,0.0,0.0
csr_group20/sd_o + rf_reg[25],0,40,0.0,0.0
id_group3/sd_o + pc_id_o_tag,0,40,0.0,0.0
id_group4/sd_o + pc_id_o_tag,0,40,0.0,0.0
id_group5/sd_o + pc_id_o_tag,0,40,0.0,0.0
id_group6/sd_o + pc_id_o_tag,0,40,0.0,0.0
id_group7/sd_o + pc_id_o_tag,0,40,0.0,0.0
id_group8/sd_o + pc_id_o_tag,0,40,0.0,0.0
id_group9/sd_o + pc_id_o_tag,0,40,0.0,0.0
lsu_group1/sd_o + rf_reg[25],0,40,0.0,0.0
lsu_group2/sd_o + rf_reg[25],0,40,0.0,0.0
lsu_group3/sd_o + rf_reg[25],0,40,0.0,0.0
lsu_group4/sd_o + rf_reg[25],0,40,0.0,0.0
lsu_group5/sd_o + rf_reg[25],0,40,0.0,0.0
id_group0/sd_o + rf_reg[26],0,40,0.0,0.0
id_group1/sd_o + rf_reg[26],0,40,0.0,0.0
id_group2/sd_o + rf_reg[26],0,40,0.0,0.0
id_group3/sd_o + rf_reg[26],0,40,0.0,0.0
id_group4/sd_o + rf_reg[26],0,40,0.0,0.0
id_group5/sd_o + rf_reg[26],0,40,0.0,0.0
id_group6/sd_o + rf_reg[26],0,40,0.0,0.0
id_group7/sd_o + rf_reg[26],0,40,0.0,0.0
id_group8/sd_o + rf_reg[26],0,40,0.0,0.0
id_group9/sd_o + rf_reg[26],0,40,0.0,0.0
csr_group0/sd_o + rf_reg[26],0,40,0.0,0.0
csr_group1/sd_o + rf_reg[26],0,40,0.0,0.0
csr_group2/sd_o + rf_reg[26],0,40,0.0,0.0
csr_group3/sd_o + rf_reg[26],0,40,0.0,0.0
csr_group4/sd_o + rf_reg[26],0,40,0.0,0.0
csr_group5/sd_o + rf_reg[26],0,40,0.0,0.0
csr_group6/sd_o + rf_reg[26],0,40,0.0,0.0
csr_group7/sd_o + rf_reg[26],0,40,0.0,0.0
csr_group8/sd_o + rf_reg[26],0,40,0.0,0.0
csr_group9/sd_o + rf_reg[26],0,40,0.0,0.0
csr_group10/sd_o + rf_reg[26],0,40,0.0,0.0
csr_group11/sd_o + rf_reg[26],0,40,0.0,0.0
csr_group12/sd_o + rf_reg[26],0,40,0.0,0.0
csr_group13/sd_o + rf_reg[26],0,40,0.0,0.0
csr_group14/sd_o + rf_reg[26],0,40,0.0,0.0
csr_group15/sd_o + rf_reg[26],0,40,0.0,0.0
csr_group16/sd_o + rf_reg[26],0,40,0.0,0.0
csr_group17/sd_o + rf_reg[26],0,40,0.0,0.0
csr_group18/sd_o + rf_reg[26],0,40,0.0,0.0
csr_group19/sd_o + rf_reg[26],0,40,0.0,0.0
csr_group20/sd_o + rf_reg[26],0,40,0.0,0.0
lsu_group1/sd_o + rf_reg[26],0,40,0.0,0.0
lsu_group2/sd_o + rf_reg[26],0,40,0.0,0.0
lsu_group3/sd_o + rf_reg[26],0,40,0.0,0.0
lsu_group4/sd_o + rf_reg[26],0,40,0.0,0.0
lsu_group5/sd_o + rf_reg[26],0,40,0.0,0.0
id_group0/sd_o + rf_reg[27],0,40,0.0,0.0
id_group1/sd_o + rf_reg[27],0,40,0.0,0.0
id_group2/sd_o + rf_reg[27],0,40,0.0,0.0
id_group3/sd_o + rf_reg[27],0,40,0.0,0.0
id_group4/sd_o + rf_reg[27],0,40,0.0,0.0
id_group5/sd_o + rf_reg[27],0,40,0.0,0.0
id_group6/sd_o + rf_reg[27],0,40,0.0,0.0
id_group7/sd_o + rf_reg[27],0,40,0.0,0.0
id_group8/sd_o + rf_reg[27],0,40,0.0,0.0
id_group9/sd_o + rf_reg[27],0,40,0.0,0.0
csr_group0/sd_o + rf_reg[27],0,40,0.0,0.0
csr_group1/sd_o + rf_reg[27],0,40,0.0,0.0
csr_group2/sd_o + rf_reg[27],0,40,0.0,0.0
csr_group3/sd_o + rf_reg[27],0,40,0.0,0.0
csr_group4/sd_o + rf_reg[27],0,40,0.0,0.0
csr_group5/sd_o + rf_reg[27],0,40,0.0,0.0
csr_group6/sd_o + rf_reg[27],0,40,0.0,0.0
csr_group7/sd_o + rf_reg[27],0,40,0.0,0.0
csr_group8/sd_o + rf_reg[27],0,40,0.0,0.0
csr_group9/sd_o + rf_reg[27],0,40,0.0,0.0
csr_group10/sd_o + rf_reg[27],0,40,0.0,0.0
csr_group11/sd_o + rf_reg[27],0,40,0.0,0.0
csr_group12/sd_o + rf_reg[27],0,40,0.0,0.0
csr_group13/sd_o + rf_reg[27],0,40,0.0,0.0
csr_group14/sd_o + rf_reg[27],0,40,0.0,0.0
csr_group15/sd_o + rf_reg[27],0,40,0.0,0.0
csr_group16/sd_o + rf_reg[27],0,40,0.0,0.0
csr_group17/sd_o + rf_reg[27],0,40,0.0,0.0
csr_group18/sd_o + rf_reg[27],0,40,0.0,0.0
csr_group19/sd_o + rf_reg[27],0,40,0.0,0.0
csr_group20/sd_o + rf_reg[27],0,40,0.0,0.0
lsu_group1/sd_o + rf_reg[27],0,40,0.0,0.0
lsu_group2/sd_o + rf_reg[27],0,40,0.0,0.0
lsu_group3/sd_o + rf_reg[27],0,40,0.0,0.0
lsu_group4/sd_o + rf_reg[27],0,40,0.0,0.0
lsu_group5/sd_o + rf_reg[27],0,40,0.0,0.0
id_group0/sd_o + rf_reg[28],0,40,0.0,0.0
id_group1/sd_o + rf_reg[28],0,40,0.0,0.0
id_group2/sd_o + rf_reg[28],0,40,0.0,0.0
id_group3/sd_o + rf_reg[28],0,40,0.0,0.0
id_group4/sd_o + rf_reg[28],0,40,0.0,0.0
id_group5/sd_o + rf_reg[28],0,40,0.0,0.0
id_group6/sd_o + rf_reg[28],0,40,0.0,0.0
id_group7/sd_o + rf_reg[28],0,40,0.0,0.0
id_group8/sd_o + rf_reg[28],0,40,0.0,0.0
id_group9/sd_o + rf_reg[28],0,40,0.0,0.0
csr_group0/sd_o + rf_reg[28],0,40,0.0,0.0
csr_group1/sd_o + rf_reg[28],0,40,0.0,0.0
csr_group2/sd_o + rf_reg[28],0,40,0.0,0.0
csr_group3/sd_o + rf_reg[28],0,40,0.0,0.0
csr_group4/sd_o + rf_reg[28],0,40,0.0,0.0
csr_group5/sd_o + rf_reg[28],0,40,0.0,0.0
csr_group6/sd_o + rf_reg[28],0,40,0.0,0.0
csr_group7/sd_o + rf_reg[28],0,40,0.0,0.0
csr_group8/sd_o + rf_reg[28],0,40,0.0,0.0
csr_group9/sd_o + rf_reg[28],0,40,0.0,0.0
csr_group10/sd_o + rf_reg[28],0,40,0.0,0.0
csr_group11/sd_o + rf_reg[28],0,40,0.0,0.0
csr_group12/sd_o + rf_reg[28],0,40,0.0,0.0
csr_group13/sd_o + rf_reg[28],0,40,0.0,0.0
csr_group14/sd_o + rf_reg[28],0,40,0.0,0.0
csr_group15/sd_o + rf_reg[28],0,40,0.0,0.0
csr_group16/sd_o + rf_reg[28],0,40,0.0,0.0
csr_group17/sd_o + rf_reg[28],0,40,0.0,0.0
csr_group18/sd_o + rf_reg[28],0,40,0.0,0.0
csr_group19/sd_o + rf_reg[28],0,40,0.0,0.0
csr_group20/sd_o + rf_reg[28],0,40,0.0,0.0
lsu_group1/sd_o + rf_reg[28],0,40,0.0,0.0
lsu_group2/sd_o + rf_reg[28],0,40,0.0,0.0
lsu_group3/sd_o + rf_reg[28],0,40,0.0,0.0
lsu_group4/sd_o + rf_reg[28],0,40,0.0,0.0
lsu_group5/sd_o + rf_reg[28],0,40,0.0,0.0
id_group0/sd_o + rf_reg[29],0,40,0.0,0.0
id_group1/sd_o + rf_reg[29],0,40,0.0,0.0
id_group2/sd_o + rf_reg[29],0,40,0.0,0.0
id_group3/sd_o + rf_reg[29],0,40,0.0,0.0
id_group4/sd_o + rf_reg[29],0,40,0.0,0.0
id_group5/sd_o + rf_reg[29],0,40,0.0,0.0
id_group6/sd_o + rf_reg[29],0,40,0.0,0.0
id_group7/sd_o + rf_reg[29],0,40,0.0,0.0
id_group8/sd_o + rf_reg[29],0,40,0.0,0.0
id_group9/sd_o + rf_reg[29],0,40,0.0,0.0
csr_group0/sd_o + rf_reg[29],0,40,0.0,0.0
csr_group1/sd_o + rf_reg[29],0,40,0.0,0.0
csr_group2/sd_o + rf_reg[29],0,40,0.0,0.0
csr_group3/sd_o + rf_reg[29],0,40,0.0,0.0
csr_group4/sd_o + rf_reg[29],0,40,0.0,0.0
csr_group5/sd_o + rf_reg[29],0,40,0.0,0.0
csr_group6/sd_o + rf_reg[29],0,40,0.0,0.0
csr_group7/sd_o + rf_reg[29],0,40,0.0,0.0
csr_group8/sd_o + rf_reg[29],0,40,0.0,0.0
csr_group9/sd_o + rf_reg[29],0,40,0.0,0.0
csr_group10/sd_o + rf_reg[29],0,40,0.0,0.0
csr_group11/sd_o + rf_reg[29],0,40,0.0,0.0
csr_group12/sd_o + rf_reg[29],0,40,0.0,0.0
csr_group13/sd_o + rf_reg[29],0,40,0.0,0.0
csr_group14/sd_o + rf_reg[29],0,40,0.0,0.0
csr_group15/sd_o + rf_reg[29],0,40,0.0,0.0
csr_group16/sd_o + rf_reg[29],0,40,0.0,0.0
csr_group17/sd_o + rf_reg[29],0,40,0.0,0.0
csr_group18/sd_o + rf_reg[29],0,40,0.0,0.0
csr_group19/sd_o + rf_reg[29],0,40,0.0,0.0
csr_group20/sd_o + rf_reg[29],0,40,0.0,0.0
lsu_group1/sd_o + rf_reg[29],0,40,0.0,0.0
lsu_group2/sd_o + rf_reg[29],0,40,0.0,0.0
lsu_group3/sd_o + rf_reg[29],0,40,0.0,0.0
lsu_group4/sd_o + rf_reg[29],0,40,0.0,0.0
lsu_group5/sd_o + rf_reg[29],0,40,0.0,0.0
id_group0/sd_o + rf_reg[30],0,40,0.0,0.0
id_group1/sd_o + rf_reg[30],0,40,0.0,0.0
id_group2/sd_o + rf_reg[30],0,40,0.0,0.0
id_group3/sd_o + rf_reg[30],0,40,0.0,0.0
id_group4/sd_o + rf_reg[30],0,40,0.0,0.0
id_group5/sd_o + rf_reg[30],0,40,0.0,0.0
id_group6/sd_o + rf_reg[30],0,40,0.0,0.0
id_group7/sd_o + rf_reg[30],0,40,0.0,0.0
id_group8/sd_o + rf_reg[30],0,40,0.0,0.0
id_group9/sd_o + rf_reg[30],0,40,0.0,0.0
csr_group0/sd_o + rf_reg[30],0,40,0.0,0.0
csr_group1/sd_o + rf_reg[30],0,40,0.0,0.0
csr_group2/sd_o + rf_reg[30],0,40,0.0,0.0
csr_group3/sd_o + rf_reg[30],0,40,0.0,0.0
csr_group4/sd_o + rf_reg[30],0,40,0.0,0.0
csr_group5/sd_o + rf_reg[30],0,40,0.0,0.0
csr_group6/sd_o + rf_reg[30],0,40,0.0,0.0
csr_group7/sd_o + rf_reg[30],0,40,0.0,0.0
csr_group8/sd_o + rf_reg[30],0,40,0.0,0.0
csr_group9/sd_o + rf_reg[30],0,40,0.0,0.0
csr_group10/sd_o + rf_reg[30],0,40,0.0,0.0
csr_group11/sd_o + rf_reg[30],0,40,0.0,0.0
csr_group12/sd_o + rf_reg[30],0,40,0.0,0.0
csr_group13/sd_o + rf_reg[30],0,40,0.0,0.0
csr_group14/sd_o + rf_reg[30],0,40,0.0,0.0
csr_group15/sd_o + rf_reg[30],0,40,0.0,0.0
csr_group16/sd_o + rf_reg[30],0,40,0.0,0.0
csr_group17/sd_o + rf_reg[30],0,40,0.0,0.0
csr_group18/sd_o + rf_reg[30],0,40,0.0,0.0
csr_group19/sd_o + rf_reg[30],0,40,0.0,0.0
csr_group20/sd_o + rf_reg[30],0,40,0.0,0.0
lsu_group1/sd_o + rf_reg[30],0,40,0.0,0.0
lsu_group2/sd_o + rf_reg[30],0,40,0.0,0.0
lsu_group3/sd_o + rf_reg[30],0,40,0.0,0.0
lsu_group4/sd_o + rf_reg[30],0,40,0.0,0.0
lsu_group5/sd_o + rf_reg[30],0,40,0.0,0.0
id_group0/sd_o + rf_reg[31],0,40,0.0,0.0
id_group1/sd_o + rf_reg[31],0,40,0.0,0.0
id_group2/sd_o + rf_reg[31],0,40,0.0,0.0
id_group3/sd_o + rf_reg[31],0,40,0.0,0.0
id_group4/sd_o + rf_reg[31],0,40,0.0,0.0
id_group5/sd_o + rf_reg[31],0,40,0.0,0.0
id_group6/sd_o + rf_reg[31],0,40,0.0,0.0
id_group7/sd_o + rf_reg[31],0,40,0.0,0.0
id_group8/sd_o + rf_reg[31],0,40,0.0,0.0
id_group9/sd_o + rf_reg[31],0,40,0.0,0.0
csr_group0/sd_o + rf_reg[31],0,40,0.0,0.0
csr_group1/sd_o + rf_reg[31],0,40,0.0,0.0
csr_group2/sd_o + rf_reg[31],0,40,0.0,0.0
csr_group3/sd_o + rf_reg[31],0,40,0.0,0.0
csr_group4/sd_o + rf_reg[31],0,40,0.0,0.0
csr_group5/sd_o + rf_reg[31],0,40,0.0,0.0
csr_group6/sd_o + rf_reg[31],0,40,0.0,0.0
csr_group7/sd_o + rf_reg[31],0,40,0.0,0.0
csr_group8/sd_o + rf_reg[31],0,40,0.0,0.0
csr_group9/sd_o + rf_reg[31],0,40,0.0,0.0
csr_group10/sd_o + rf_reg[31],0,40,0.0,0.0
csr_group11/sd_o + rf_reg[31],0,40,0.0,0.0
csr_group12/sd_o + rf_reg[31],0,40,0.0,0.0
csr_group13/sd_o + rf_reg[31],0,40,0.0,0.0
csr_group14/sd_o + rf_reg[31],0,40,0.0,0.0
csr_group15/sd_o + rf_reg[31],0,40,0.0,0.0
csr_group16/sd_o + rf_reg[31],0,40,0.0,0.0
csr_group17/sd_o + rf_reg[31],0,40,0.0,0.0
csr_group18/sd_o + rf_reg[31],0,40,0.0,0.0
csr_group19/sd_o + rf_reg[31],0,40,0.0,0.0
csr_group20/sd_o + rf_reg[31],0,40,0.0,0.0
lsu_group1/sd_o + rf_reg[31],0,40,0.0,0.0
lsu_group2/sd_o + rf_reg[31],0,40,0.0,0.0
lsu_group3/sd_o + rf_reg[31],0,40,0.0,0.0
lsu_group4/sd_o + rf_reg[31],0,40,0.0,0.0
lsu_group5/sd_o + rf_reg[31],0,40,0.0,0.0
id_group0/sd_o + rs1_o_tag,0,40,0.0,0.0
id_group1/sd_o + rs1_o_tag,0,40,0.0,0.0
id_group2/sd_o + rs1_o_tag,0,40,0.0,0.0
id_group3/sd_o + rs1_o_tag,0,40,0.0,0.0
id_group4/sd_o + rs1_o_tag,0,40,0.0,0.0
id_group5/sd_o + rs1_o_tag,0,40,0.0,0.0
id_group6/sd_o + rs1_o_tag,0,40,0.0,0.0
id_group7/sd_o + rs1_o_tag,0,40,0.0,0.0
id_group8/sd_o + rs1_o_tag,0,40,0.0,0.0
id_group9/sd_o + rs1_o_tag,0,40,0.0,0.0
csr_group0/sd_o + rs1_o_tag,0,40,0.0,0.0
csr_group1/sd_o + rs1_o_tag,0,40,0.0,0.0
csr_group2/sd_o + rs1_o_tag,0,40,0.0,0.0
csr_group3/sd_o + rs1_o_tag,0,40,0.0,0.0
csr_group4/sd_o + rs1_o_tag,0,40,0.0,0.0
csr_group5/sd_o + rs1_o_tag,0,40,0.0,0.0
csr_group6/sd_o + rs1_o_tag,0,40,0.0,0.0
csr_group7/sd_o + rs1_o_tag,0,40,0.0,0.0
csr_group8/sd_o + rs1_o_tag,0,40,0.0,0.0
csr_group9/sd_o + rs1_o_tag,0,40,0.0,0.0
csr_group10/sd_o + rs1_o_tag,0,40,0.0,0.0
csr_group11/sd_o + rs1_o_tag,0,40,0.0,0.0
csr_group12/sd_o + rs1_o_tag,0,40,0.0,0.0
csr_group13/sd_o + rs1_o_tag,0,40,0.0,0.0
csr_group14/sd_o + rs1_o_tag,0,40,0.0,0.0
csr_group15/sd_o + rs1_o_tag,0,40,0.0,0.0
csr_group16/sd_o + rs1_o_tag,0,40,0.0,0.0
csr_group17/sd_o + rs1_o_tag,0,40,0.0,0.0
csr_group18/sd_o + rs1_o_tag,0,40,0.0,0.0
csr_group19/sd_o + rs1_o_tag,0,40,0.0,0.0
csr_group20/sd_o + rs1_o_tag,0,40,0.0,0.0
lsu_group1/sd_o + rs1_o_tag,0,40,0.0,0.0
lsu_group2/sd_o + rs1_o_tag,0,40,0.0,0.0
lsu_group3/sd_o + rs1_o_tag,0,40,0.0,0.0
lsu_group4/sd_o + rs1_o_tag,0,40,0.0,0.0
lsu_group5/sd_o + rs1_o_tag,0,40,0.0,0.0
data_we_q_tag + id_group0/sd_o,0,40,0.0,0.0
data_we_q_tag + id_group1/sd_o,0,40,0.0,0.0
data_we_q_tag + id_group2/sd_o,0,40,0.0,0.0
data_we_q_tag + id_group3/sd_o,0,40,0.0,0.0
data_we_q_tag + id_group4/sd_o,0,40,0.0,0.0
data_we_q_tag + id_group5/sd_o,0,40,0.0,0.0
data_we_q_tag + id_group6/sd_o,0,40,0.0,0.0
data_we_q_tag + id_group7/sd_o,0,40,0.0,0.0
data_we_q_tag + id_group8/sd_o,0,40,0.0,0.0
data_we_q_tag + id_group9/sd_o,0,40,0.0,0.0
csr_group0/sd_o + data_we_q_tag,0,40,0.0,0.0
csr_group1/sd_o + data_we_q_tag,0,40,0.0,0.0
csr_group2/sd_o + data_we_q_tag,0,40,0.0,0.0
csr_group3/sd_o + data_we_q_tag,0,40,0.0,0.0
csr_group4/sd_o + data_we_q_tag,0,40,0.0,0.0
csr_group5/sd_o + data_we_q_tag,0,40,0.0,0.0
csr_group6/sd_o + data_we_q_tag,0,40,0.0,0.0
csr_group7/sd_o + data_we_q_tag,0,40,0.0,0.0
csr_group8/sd_o + data_we_q_tag,0,40,0.0,0.0
csr_group9/sd_o + data_we_q_tag,0,40,0.0,0.0
csr_group10/sd_o + data_we_q_tag,0,40,0.0,0.0
csr_group11/sd_o + data_we_q_tag,0,40,0.0,0.0
csr_group12/sd_o + data_we_q_tag,0,40,0.0,0.0
csr_group13/sd_o + data_we_q_tag,0,40,0.0,0.0
csr_group14/sd_o + data_we_q_tag,0,40,0.0,0.0
csr_group15/sd_o + data_we_q_tag,0,40,0.0,0.0
csr_group16/sd_o + data_we_q_tag,0,40,0.0,0.0
csr_group17/sd_o + data_we_q_tag,0,40,0.0,0.0
csr_group18/sd_o + data_we_q_tag,0,40,0.0,0.0
csr_group19/sd_o + data_we_q_tag,0,40,0.0,0.0
csr_group20/sd_o + data_we_q_tag,0,40,0.0,0.0
data_we_q_tag + lsu_group1/sd_o,0,40,0.0,0.0
data_we_q_tag + lsu_group2/sd_o,0,40,0.0,0.0
data_we_q_tag + lsu_group3/sd_o,0,40,0.0,0.0
data_we_q_tag + lsu_group4/sd_o,0,40,0.0,0.0
data_we_q_tag + lsu_group5/sd_o,0,40,0.0,0.0
csr_group0/sd_o + pc_id_o_tag,0,40,0.0,0.0
csr_group1/sd_o + pc_id_o_tag,0,40,0.0,0.0
csr_group2/sd_o + pc_id_o_tag,0,40,0.0,0.0
csr_group3/sd_o + pc_id_o_tag,0,40,0.0,0.0
csr_group4/sd_o + pc_id_o_tag,0,40,0.0,0.0
csr_group5/sd_o + pc_id_o_tag,0,40,0.0,0.0
csr_group6/sd_o + pc_id_o_tag,0,40,0.0,0.0
id_group0/sd_o + if_stage/sd_o,0,40,0.0,0.0
id_group1/sd_o + if_stage/sd_o,0,40,0.0,0.0
id_group2/sd_o + if_stage/sd_o,0,40,0.0,0.0
id_group3/sd_o + if_stage/sd_o,0,40,0.0,0.0
id_group4/sd_o + if_stage/sd_o,0,40,0.0,0.0
id_group5/sd_o + if_stage/sd_o,0,40,0.0,0.0
id_group6/sd_o + if_stage/sd_o,0,40,0.0,0.0
id_group7/sd_o + if_stage/sd_o,0,40,0.0,0.0
id_group8/sd_o + if_stage/sd_o,0,40,0.0,0.0
id_group9/sd_o + if_stage/sd_o,0,40,0.0,0.0
csr_group0/sd_o + if_stage/sd_o,0,40,0.0,0.0
csr_group1/sd_o + if_stage/sd_o,0,40,0.0,0.0
csr_group2/sd_o + if_stage/sd_o,0,40,0.0,0.0
csr_group3/sd_o + if_stage/sd_o,0,40,0.0,0.0
csr_group4/sd_o + if_stage/sd_o,0,40,0.0,0.0
csr_group5/sd_o + if_stage/sd_o,0,40,0.0,0.0
csr_group6/sd_o + if_stage/sd_o,0,40,0.0,0.0
csr_group7/sd_o + if_stage/sd_o,0,40,0.0,0.0
csr_group8/sd_o + if_stage/sd_o,0,40,0.0,0.0
csr_group9/sd_o + if_stage/sd_o,0,40,0.0,0.0
csr_group10/sd_o + if_stage/sd_o,0,40,0.0,0.0
csr_group11/sd_o + if_stage/sd_o,0,40,0.0,0.0
csr_group12/sd_o + if_stage/sd_o,0,40,0.0,0.0
csr_group13/sd_o + if_stage/sd_o,0,40,0.0,0.0
csr_group14/sd_o + if_stage/sd_o,0,40,0.0,0.0
csr_group15/sd_o + if_stage/sd_o,0,40,0.0,0.0
csr_group16/sd_o + if_stage/sd_o,0,40,0.0,0.0
csr_group17/sd_o + if_stage/sd_o,0,40,0.0,0.0
csr_group18/sd_o + if_stage/sd_o,0,40,0.0,0.0
csr_group19/sd_o + if_stage/sd_o,0,40,0.0,0.0
csr_group20/sd_o + if_stage/sd_o,0,40,0.0,0.0
if_stage/sd_o + tcr_execute/sd_o,0,40,0.0,0.0
if_stage/sd_o + lsu_group1/sd_o,0,40,0.0,0.0
if_stage/sd_o + lsu_group2/sd_o,0,40,0.0,0.0
if_stage/sd_o + lsu_group3/sd_o,0,40,0.0,0.0
if_stage/sd_o + lsu_group4/sd_o,0,40,0.0,0.0
if_stage/sd_o + lsu_group5/sd_o,0,40,0.0,0.0
check_d_o_tag + id_group0/sd_o,0,40,0.0,0.0
check_d_o_tag + id_group1/sd_o,0,40,0.0,0.0
check_d_o_tag + id_group2/sd_o,0,40,0.0,0.0
check_d_o_tag + id_group3/sd_o,0,40,0.0,0.0
check_d_o_tag + id_group4/sd_o,0,40,0.0,0.0
id_group0/sd_o + id_group1/sd_o,0,40,0.0,0.0
id_group0/sd_o + id_group2/sd_o,0,40,0.0,0.0
id_group0/sd_o + id_group3/sd_o,0,40,0.0,0.0
id_group0/sd_o + id_group4/sd_o,0,40,0.0,0.0
id_group0/sd_o + id_group5/sd_o,0,40,0.0,0.0
id_group0/sd_o + id_group6/sd_o,0,40,0.0,0.0
id_group0/sd_o + id_group7/sd_o,0,40,0.0,0.0
id_group0/sd_o + id_group8/sd_o,0,40,0.0,0.0
id_group0/sd_o + id_group9/sd_o,0,40,0.0,0.0
id_group0/sd_o + sd_o_rf_tag,0,40,0.0,0.0
csr_group0/sd_o + id_group0/sd_o,0,40,0.0,0.0
csr_group1/sd_o + id_group0/sd_o,0,40,0.0,0.0
csr_group2/sd_o + id_group0/sd_o,0,40,0.0,0.0
csr_group3/sd_o + id_group0/sd_o,0,40,0.0,0.0
csr_group4/sd_o + id_group0/sd_o,0,40,0.0,0.0
csr_group5/sd_o + id_group0/sd_o,0,40,0.0,0.0
csr_group6/sd_o + id_group0/sd_o,0,40,0.0,0.0
csr_group7/sd_o + id_group0/sd_o,0,40,0.0,0.0
csr_group8/sd_o + id_group0/sd_o,0,40,0.0,0.0
csr_group9/sd_o + id_group0/sd_o,0,40,0.0,0.0
csr_group10/sd_o + id_group0/sd_o,0,40,0.0,0.0
csr_group11/sd_o + id_group0/sd_o,0,40,0.0,0.0
csr_group12/sd_o + id_group0/sd_o,0,40,0.0,0.0
csr_group13/sd_o + id_group0/sd_o,0,40,0.0,0.0
csr_group14/sd_o + id_group0/sd_o,0,40,0.0,0.0
csr_group15/sd_o + id_group0/sd_o,0,40,0.0,0.0
csr_group16/sd_o + id_group0/sd_o,0,40,0.0,0.0
csr_group17/sd_o + id_group0/sd_o,0,40,0.0,0.0
csr_group18/sd_o + id_group0/sd_o,0,40,0.0,0.0
csr_group19/sd_o + id_group0/sd_o,0,40,0.0,0.0
csr_group20/sd_o + id_group0/sd_o,0,40,0.0,0.0
id_group0/sd_o + tcr_execute/sd_o,0,40,0.0,0.0
id_group0/sd_o + lsu_group1/sd_o,0,40,0.0,0.0
id_group0/sd_o + lsu_group2/sd_o,0,40,0.0,0.0
id_group0/sd_o + lsu_group3/sd_o,0,40,0.0,0.0
id_group0/sd_o + lsu_group4/sd_o,0,40,0.0,0.0
id_group0/sd_o + lsu_group5/sd_o,0,40,0.0,0.0
check_d_o_tag + id_group5/sd_o,0,40,0.0,0.0
check_d_o_tag + id_group6/sd_o,0,40,0.0,0.0
check_d_o_tag + id_group7/sd_o,0,40,0.0,0.0
check_d_o_tag + id_group8/sd_o,0,40,0.0,0.0
check_d_o_tag + id_group9/sd_o,0,40,0.0,0.0
check_d_o_tag + csr_group0/sd_o,0,40,0.0,0.0
check_d_o_tag + csr_group1/sd_o,0,40,0.0,0.0
check_d_o_tag + csr_group2/sd_o,0,40,0.0,0.0
check_d_o_tag + csr_group3/sd_o,0,40,0.0,0.0
check_d_o_tag + csr_group4/sd_o,0,40,0.0,0.0
check_d_o_tag + csr_group5/sd_o,0,40,0.0,0.0
check_d_o_tag + csr_group6/sd_o,0,40,0.0,0.0
check_d_o_tag + csr_group7/sd_o,0,40,0.0,0.0
id_group1/sd_o + id_group2/sd_o,0,40,0.0,0.0
id_group1/sd_o + id_group3/sd_o,0,40,0.0,0.0
id_group1/sd_o + id_group4/sd_o,0,40,0.0,0.0
id_group1/sd_o + id_group5/sd_o,0,40,0.0,0.0
id_group1/sd_o + id_group6/sd_o,0,40,0.0,0.0
id_group1/sd_o + id_group7/sd_o,0,40,0.0,0.0
id_group1/sd_o + id_group8/sd_o,0,40,0.0,0.0
id_group1/sd_o + id_group9/sd_o,0,40,0.0,0.0
id_group1/sd_o + sd_o_rf_tag,0,40,0.0,0.0
csr_group0/sd_o + id_group1/sd_o,0,40,0.0,0.0
csr_group1/sd_o + id_group1/sd_o,0,40,0.0,0.0
csr_group2/sd_o + id_group1/sd_o,0,40,0.0,0.0
csr_group3/sd_o + id_group1/sd_o,0,40,0.0,0.0
csr_group4/sd_o + id_group1/sd_o,0,40,0.0,0.0
csr_group5/sd_o + id_group1/sd_o,0,40,0.0,0.0
csr_group6/sd_o + id_group1/sd_o,0,40,0.0,0.0
csr_group7/sd_o + id_group1/sd_o,0,40,0.0,0.0
csr_group8/sd_o + id_group1/sd_o,0,40,0.0,0.0
csr_group9/sd_o + id_group1/sd_o,0,40,0.0,0.0
csr_group10/sd_o + id_group1/sd_o,0,40,0.0,0.0
csr_group11/sd_o + id_group1/sd_o,0,40,0.0,0.0
csr_group12/sd_o + id_group1/sd_o,0,40,0.0,0.0
csr_group13/sd_o + id_group1/sd_o,0,40,0.0,0.0
csr_group14/sd_o + id_group1/sd_o,0,40,0.0,0.0
csr_group15/sd_o + id_group1/sd_o,0,40,0.0,0.0
csr_group16/sd_o + id_group1/sd_o,0,40,0.0,0.0
csr_group17/sd_o + id_group1/sd_o,0,40,0.0,0.0
csr_group18/sd_o + id_group1/sd_o,0,40,0.0,0.0
csr_group19/sd_o + id_group1/sd_o,0,40,0.0,0.0
csr_group20/sd_o + id_group1/sd_o,0,40,0.0,0.0
id_group1/sd_o + tcr_execute/sd_o,0,40,0.0,0.0
id_group1/sd_o + lsu_group1/sd_o,0,40,0.0,0.0
id_group1/sd_o + lsu_group2/sd_o,0,40,0.0,0.0
id_group1/sd_o + lsu_group3/sd_o,0,40,0.0,0.0
id_group1/sd_o + lsu_group4/sd_o,0,40,0.0,0.0
id_group1/sd_o + lsu_group5/sd_o,0,40,0.0,0.0
check_d_o_tag + csr_group8/sd_o,0,40,0.0,0.0
check_d_o_tag + csr_group9/sd_o,0,40,0.0,0.0
check_d_o_tag + csr_group10/sd_o,0,40,0.0,0.0
check_d_o_tag + csr_group11/sd_o,0,40,0.0,0.0
check_d_o_tag + csr_group12/sd_o,0,40,0.0,0.0
check_d_o_tag + csr_group13/sd_o,0,40,0.0,0.0
check_d_o_tag + csr_group14/sd_o,0,40,0.0,0.0
check_d_o_tag + csr_group15/sd_o,0,40,0.0,0.0
check_d_o_tag + csr_group16/sd_o,0,40,0.0,0.0
check_d_o_tag + csr_group17/sd_o,0,40,0.0,0.0
check_d_o_tag + csr_group18/sd_o,0,40,0.0,0.0
check_d_o_tag + csr_group19/sd_o,0,40,0.0,0.0
check_d_o_tag + csr_group20/sd_o,0,40,0.0,0.0
check_d_o_tag + lsu_group1/sd_o,0,40,0.0,0.0
check_d_o_tag + lsu_group2/sd_o,0,40,0.0,0.0
check_d_o_tag + lsu_group3/sd_o,0,40,0.0,0.0
check_d_o_tag + lsu_group4/sd_o,0,40,0.0,0.0
check_d_o_tag + lsu_group5/sd_o,0,40,0.0,0.0
id_group2/sd_o + id_group3/sd_o,0,40,0.0,0.0
id_group2/sd_o + id_group4/sd_o,0,40,0.0,0.0
id_group2/sd_o + id_group5/sd_o,0,40,0.0,0.0
id_group2/sd_o + id_group6/sd_o,0,40,0.0,0.0
id_group2/sd_o + id_group7/sd_o,0,40,0.0,0.0
id_group2/sd_o + id_group8/sd_o,0,40,0.0,0.0
id_group2/sd_o + id_group9/sd_o,0,40,0.0,0.0
id_group2/sd_o + sd_o_rf_tag,0,40,0.0,0.0
csr_group0/sd_o + id_group2/sd_o,0,40,0.0,0.0
csr_group1/sd_o + id_group2/sd_o,0,40,0.0,0.0
csr_group2/sd_o + id_group2/sd_o,0,40,0.0,0.0
csr_group3/sd_o + id_group2/sd_o,0,40,0.0,0.0
csr_group4/sd_o + id_group2/sd_o,0,40,0.0,0.0
csr_group5/sd_o + id_group2/sd_o,0,40,0.0,0.0
csr_group6/sd_o + id_group2/sd_o,0,40,0.0,0.0
csr_group7/sd_o + id_group2/sd_o,0,40,0.0,0.0
csr_group8/sd_o + id_group2/sd_o,0,40,0.0,0.0
csr_group9/sd_o + id_group2/sd_o,0,40,0.0,0.0
csr_group10/sd_o + id_group2/sd_o,0,40,0.0,0.0
csr_group11/sd_o + id_group2/sd_o,0,40,0.0,0.0
csr_group12/sd_o + id_group2/sd_o,0,40,0.0,0.0
csr_group13/sd_o + id_group2/sd_o,0,40,0.0,0.0
csr_group14/sd_o + id_group2/sd_o,0,40,0.0,0.0
csr_group15/sd_o + id_group2/sd_o,0,40,0.0,0.0
csr_group16/sd_o + id_group2/sd_o,0,40,0.0,0.0
csr_group17/sd_o + id_group2/sd_o,0,40,0.0,0.0
csr_group18/sd_o + id_group2/sd_o,0,40,0.0,0.0
csr_group19/sd_o + id_group2/sd_o,0,40,0.0,0.0
csr_group20/sd_o + id_group2/sd_o,0,40,0.0,0.0
id_group2/sd_o + tcr_execute/sd_o,0,40,0.0,0.0
id_group2/sd_o + lsu_group1/sd_o,0,40,0.0,0.0
id_group2/sd_o + lsu_group2/sd_o,0,40,0.0,0.0
id_group2/sd_o + lsu_group3/sd_o,0,40,0.0,0.0
id_group2/sd_o + lsu_group4/sd_o,0,40,0.0,0.0
id_group2/sd_o + lsu_group5/sd_o,0,40,0.0,0.0
check_s1_o_tag + id_group0/sd_o,0,40,0.0,0.0
check_s1_o_tag + id_group1/sd_o,0,40,0.0,0.0
check_s1_o_tag + id_group2/sd_o,0,40,0.0,0.0
check_s1_o_tag + id_group3/sd_o,0,40,0.0,0.0
check_s1_o_tag + id_group4/sd_o,0,40,0.0,0.0
check_s1_o_tag + id_group5/sd_o,0,40,0.0,0.0
check_s1_o_tag + id_group6/sd_o,0,40,0.0,0.0
check_s1_o_tag + id_group7/sd_o,0,40,0.0,0.0
id_group3/sd_o + id_group4/sd_o,0,40,0.0,0.0
id_group3/sd_o + id_group5/sd_o,0,40,0.0,0.0
id_group3/sd_o + id_group6/sd_o,0,40,0.0,0.0
id_group3/sd_o + id_group7/sd_o,0,40,0.0,0.0
id_group3/sd_o + id_group8/sd_o,0,40,0.0,0.0
id_group3/sd_o + id_group9/sd_o,0,40,0.0,0.0
id_group3/sd_o + sd_o_rf_tag,0,40,0.0,0.0
csr_group0/sd_o + id_group3/sd_o,0,40,0.0,0.0
csr_group1/sd_o + id_group3/sd_o,0,40,0.0,0.0
csr_group2/sd_o + id_group3/sd_o,0,40,0.0,0.0
csr_group3/sd_o + id_group3/sd_o,0,40,0.0,0.0
csr_group4/sd_o + id_group3/sd_o,0,40,0.0,0.0
csr_group5/sd_o + id_group3/sd_o,0,40,0.0,0.0
csr_group6/sd_o + id_group3/sd_o,0,40,0.0,0.0
csr_group7/sd_o + id_group3/sd_o,0,40,0.0,0.0
csr_group8/sd_o + id_group3/sd_o,0,40,0.0,0.0
csr_group9/sd_o + id_group3/sd_o,0,40,0.0,0.0
csr_group10/sd_o + id_group3/sd_o,0,40,0.0,0.0
csr_group11/sd_o + id_group3/sd_o,0,40,0.0,0.0
csr_group12/sd_o + id_group3/sd_o,0,40,0.0,0.0
csr_group13/sd_o + id_group3/sd_o,0,40,0.0,0.0
csr_group14/sd_o + id_group3/sd_o,0,40,0.0,0.0
csr_group15/sd_o + id_group3/sd_o,0,40,0.0,0.0
csr_group16/sd_o + id_group3/sd_o,0,40,0.0,0.0
csr_group17/sd_o + id_group3/sd_o,0,40,0.0,0.0
csr_group18/sd_o + id_group3/sd_o,0,40,0.0,0.0
csr_group19/sd_o + id_group3/sd_o,0,40,0.0,0.0
csr_group20/sd_o + id_group3/sd_o,0,40,0.0,0.0
id_group3/sd_o + tcr_execute/sd_o,0,40,0.0,0.0
id_group3/sd_o + lsu_group1/sd_o,0,40,0.0,0.0
id_group3/sd_o + lsu_group2/sd_o,0,40,0.0,0.0
id_group3/sd_o + lsu_group3/sd_o,0,40,0.0,0.0
id_group3/sd_o + lsu_group4/sd_o,0,40,0.0,0.0
id_group3/sd_o + lsu_group5/sd_o,0,40,0.0,0.0
check_s1_o_tag + id_group8/sd_o,0,40,0.0,0.0
check_s1_o_tag + id_group9/sd_o,0,40,0.0,0.0
check_s1_o_tag + csr_group0/sd_o,0,40,0.0,0.0
check_s1_o_tag + csr_group1/sd_o,0,40,0.0,0.0
csr_group7/sd_o + pc_id_o_tag,0,40,0.0,0.0
csr_group8/sd_o + pc_id_o_tag,0,40,0.0,0.0
csr_group9/sd_o + pc_id_o_tag,0,40,0.0,0.0
csr_group10/sd_o + pc_id_o_tag,0,40,0.0,0.0
csr_group11/sd_o + pc_id_o_tag,0,40,0.0,0.0
csr_group12/sd_o + pc_id_o_tag,0,40,0.0,0.0
csr_group13/sd_o + pc_id_o_tag,0,40,0.0,0.0
csr_group14/sd_o + pc_id_o_tag,0,40,0.0,0.0
csr_group15/sd_o + pc_id_o_tag,0,40,0.0,0.0
csr_group16/sd_o + pc_id_o_tag,0,40,0.0,0.0
check_s1_o_tag + csr_group2/sd_o,0,40,0.0,0.0
check_s1_o_tag + csr_group3/sd_o,0,40,0.0,0.0
check_s1_o_tag + csr_group4/sd_o,0,40,0.0,0.0
check_s1_o_tag + csr_group5/sd_o,0,40,0.0,0.0
check_s1_o_tag + csr_group6/sd_o,0,40,0.0,0.0
check_s1_o_tag + csr_group7/sd_o,0,40,0.0,0.0
check_s1_o_tag + csr_group8/sd_o,0,40,0.0,0.0
check_s1_o_tag + csr_group9/sd_o,0,40,0.0,0.0
check_s1_o_tag + csr_group10/sd_o,0,40,0.0,0.0
check_s1_o_tag + csr_group11/sd_o,0,40,0.0,0.0
id_group4/sd_o + id_group5/sd_o,0,40,0.0,0.0
id_group4/sd_o + id_group6/sd_o,0,40,0.0,0.0
id_group4/sd_o + id_group7/sd_o,0,40,0.0,0.0
id_group4/sd_o + id_group8/sd_o,0,40,0.0,0.0
id_group4/sd_o + id_group9/sd_o,0,40,0.0,0.0
id_group4/sd_o + sd_o_rf_tag,0,40,0.0,0.0
csr_group0/sd_o + id_group4/sd_o,0,40,0.0,0.0
csr_group1/sd_o + id_group4/sd_o,0,40,0.0,0.0
csr_group2/sd_o + id_group4/sd_o,0,40,0.0,0.0
csr_group3/sd_o + id_group4/sd_o,0,40,0.0,0.0
csr_group4/sd_o + id_group4/sd_o,0,40,0.0,0.0
csr_group5/sd_o + id_group4/sd_o,0,40,0.0,0.0
csr_group6/sd_o + id_group4/sd_o,0,40,0.0,0.0
csr_group7/sd_o + id_group4/sd_o,0,40,0.0,0.0
csr_group8/sd_o + id_group4/sd_o,0,40,0.0,0.0
csr_group9/sd_o + id_group4/sd_o,0,40,0.0,0.0
csr_group10/sd_o + id_group4/sd_o,0,40,0.0,0.0
csr_group11/sd_o + id_group4/sd_o,0,40,0.0,0.0
csr_group12/sd_o + id_group4/sd_o,0,40,0.0,0.0
csr_group13/sd_o + id_group4/sd_o,0,40,0.0,0.0
csr_group14/sd_o + id_group4/sd_o,0,40,0.0,0.0
csr_group15/sd_o + id_group4/sd_o,0,40,0.0,0.0
csr_group16/sd_o + id_group4/sd_o,0,40,0.0,0.0
csr_group17/sd_o + id_group4/sd_o,0,40,0.0,0.0
csr_group18/sd_o + id_group4/sd_o,0,40,0.0,0.0
csr_group19/sd_o + id_group4/sd_o,0,40,0.0,0.0
csr_group20/sd_o + id_group4/sd_o,0,40,0.0,0.0
id_group4/sd_o + tcr_execute/sd_o,0,40,0.0,0.0
id_group4/sd_o + lsu_group1/sd_o,0,40,0.0,0.0
id_group4/sd_o + lsu_group2/sd_o,0,40,0.0,0.0
id_group4/sd_o + lsu_group3/sd_o,0,40,0.0,0.0
id_group4/sd_o + lsu_group4/sd_o,0,40,0.0,0.0
id_group4/sd_o + lsu_group5/sd_o,0,40,0.0,0.0
check_s1_o_tag + csr_group12/sd_o,0,40,0.0,0.0
check_s1_o_tag + csr_group13/sd_o,0,40,0.0,0.0
check_s1_o_tag + csr_group14/sd_o,0,40,0.0,0.0
check_s1_o_tag + csr_group15/sd_o,0,40,0.0,0.0
check_s1_o_tag + csr_group16/sd_o,0,40,0.0,0.0
check_s1_o_tag + csr_group17/sd_o,0,40,0.0,0.0
check_s1_o_tag + csr_group18/sd_o,0,40,0.0,0.0
check_s1_o_tag + csr_group19/sd_o,0,40,0.0,0.0
check_s1_o_tag + csr_group20/sd_o,0,40,0.0,0.0
check_s1_o_tag + lsu_group1/sd_o,0,40,0.0,0.0
check_s1_o_tag + lsu_group2/sd_o,0,40,0.0,0.0
id_group5/sd_o + id_group6/sd_o,0,40,0.0,0.0
id_group5/sd_o + id_group7/sd_o,0,40,0.0,0.0
id_group5/sd_o + id_group8/sd_o,0,40,0.0,0.0
id_group5/sd_o + id_group9/sd_o,0,40,0.0,0.0
check_s1_o_tag + lsu_group3/sd_o,0,40,0.0,0.0
check_s1_o_tag + lsu_group4/sd_o,0,40,0.0,0.0
check_s1_o_tag + lsu_group5/sd_o,0,40,0.0,0.0
id_group5/sd_o + sd_o_rf_tag,0,40,0.0,0.0
csr_group0/sd_o + id_group5/sd_o,0,40,0.0,0.0
csr_group1/sd_o + id_group5/sd_o,0,40,0.0,0.0
csr_group2/sd_o + id_group5/sd_o,0,40,0.0,0.0
csr_group3/sd_o + id_group5/sd_o,0,40,0.0,0.0
csr_group4/sd_o + id_group5/sd_o,0,40,0.0,0.0
csr_group5/sd_o + id_group5/sd_o,0,40,0.0,0.0
csr_group6/sd_o + id_group5/sd_o,0,40,0.0,0.0
csr_group7/sd_o + id_group5/sd_o,0,40,0.0,0.0
csr_group8/sd_o + id_group5/sd_o,0,40,0.0,0.0
csr_group9/sd_o + id_group5/sd_o,0,40,0.0,0.0
csr_group10/sd_o + id_group5/sd_o,0,40,0.0,0.0
csr_group11/sd_o + id_group5/sd_o,0,40,0.0,0.0
csr_group12/sd_o + id_group5/sd_o,0,40,0.0,0.0
csr_group13/sd_o + id_group5/sd_o,0,40,0.0,0.0
csr_group14/sd_o + id_group5/sd_o,0,40,0.0,0.0
csr_group15/sd_o + id_group5/sd_o,0,40,0.0,0.0
csr_group16/sd_o + id_group5/sd_o,0,40,0.0,0.0
csr_group17/sd_o + id_group5/sd_o,0,40,0.0,0.0
csr_group18/sd_o + id_group5/sd_o,0,40,0.0,0.0
csr_group19/sd_o + id_group5/sd_o,0,40,0.0,0.0
csr_group20/sd_o + id_group5/sd_o,0,40,0.0,0.0
id_group5/sd_o + tcr_execute/sd_o,0,40,0.0,0.0
id_group5/sd_o + lsu_group1/sd_o,0,40,0.0,0.0
id_group5/sd_o + lsu_group2/sd_o,0,40,0.0,0.0
id_group5/sd_o + lsu_group3/sd_o,0,40,0.0,0.0
id_group5/sd_o + lsu_group4/sd_o,0,40,0.0,0.0
id_group5/sd_o + lsu_group5/sd_o,0,40,0.0,0.0
check_s2_o_tag + id_group0/sd_o,0,40,0.0,0.0
check_s2_o_tag + id_group1/sd_o,0,40,0.0,0.0
id_group6/sd_o + id_group7/sd_o,0,40,0.0,0.0
id_group6/sd_o + id_group8/sd_o,0,40,0.0,0.0
id_group6/sd_o + id_group9/sd_o,0,40,0.0,0.0
id_group6/sd_o + sd_o_rf_tag,0,40,0.0,0.0
csr_group0/sd_o + id_group6/sd_o,0,40,0.0,0.0
csr_group1/sd_o + id_group6/sd_o,0,40,0.0,0.0
csr_group2/sd_o + id_group6/sd_o,0,40,0.0,0.0
csr_group3/sd_o + id_group6/sd_o,0,40,0.0,0.0
csr_group4/sd_o + id_group6/sd_o,0,40,0.0,0.0
csr_group5/sd_o + id_group6/sd_o,0,40,0.0,0.0
csr_group6/sd_o + id_group6/sd_o,0,40,0.0,0.0
csr_group7/sd_o + id_group6/sd_o,0,40,0.0,0.0
csr_group8/sd_o + id_group6/sd_o,0,40,0.0,0.0
csr_group9/sd_o + id_group6/sd_o,0,40,0.0,0.0
csr_group10/sd_o + id_group6/sd_o,0,40,0.0,0.0
csr_group11/sd_o + id_group6/sd_o,0,40,0.0,0.0
csr_group12/sd_o + id_group6/sd_o,0,40,0.0,0.0
csr_group13/sd_o + id_group6/sd_o,0,40,0.0,0.0
csr_group14/sd_o + id_group6/sd_o,0,40,0.0,0.0
csr_group15/sd_o + id_group6/sd_o,0,40,0.0,0.0
csr_group16/sd_o + id_group6/sd_o,0,40,0.0,0.0
csr_group17/sd_o + id_group6/sd_o,0,40,0.0,0.0
csr_group18/sd_o + id_group6/sd_o,0,40,0.0,0.0
csr_group19/sd_o + id_group6/sd_o,0,40,0.0,0.0
csr_group20/sd_o + id_group6/sd_o,0,40,0.0,0.0
id_group6/sd_o + tcr_execute/sd_o,0,40,0.0,0.0
id_group6/sd_o + lsu_group1/sd_o,0,40,0.0,0.0
check_s2_o_tag + id_group2/sd_o,0,40,0.0,0.0
check_s2_o_tag + id_group3/sd_o,0,40,0.0,0.0
check_s2_o_tag + id_group4/sd_o,0,40,0.0,0.0
check_s2_o_tag + id_group5/sd_o,0,40,0.0,0.0
check_s2_o_tag + id_group6/sd_o,0,40,0.0,0.0
check_s2_o_tag + id_group7/sd_o,0,40,0.0,0.0
check_s2_o_tag + id_group8/sd_o,0,40,0.0,0.0
check_s2_o_tag + id_group9/sd_o,0,40,0.0,0.0
id_group6/sd_o + lsu_group2/sd_o,0,40,0.0,0.0
id_group6/sd_o + lsu_group3/sd_o,0,40,0.0,0.0
id_group6/sd_o + lsu_group4/sd_o,0,40,0.0,0.0
id_group6/sd_o + lsu_group5/sd_o,0,40,0.0,0.0
check_s2_o_tag + csr_group0/sd_o,0,40,0.0,0.0
check_s2_o_tag + csr_group1/sd_o,0,40,0.0,0.0
check_s2_o_tag + csr_group2/sd_o,0,40,0.0,0.0
check_s2_o_tag + csr_group3/sd_o,0,40,0.0,0.0
check_s2_o_tag + csr_group4/sd_o,0,40,0.0,0.0
check_s2_o_tag + csr_group5/sd_o,0,40,0.0,0.0
id_group7/sd_o + id_group8/sd_o,0,40,0.0,0.0
id_group7/sd_o + id_group9/sd_o,0,40,0.0,0.0
id_group7/sd_o + sd_o_rf_tag,0,40,0.0,0.0
csr_group0/sd_o + id_group7/sd_o,0,40,0.0,0.0
csr_group1/sd_o + id_group7/sd_o,0,40,0.0,0.0
csr_group2/sd_o + id_group7/sd_o,0,40,0.0,0.0
csr_group3/sd_o + id_group7/sd_o,0,40,0.0,0.0
csr_group4/sd_o + id_group7/sd_o,0,40,0.0,0.0
csr_group5/sd_o + id_group7/sd_o,0,40,0.0,0.0
csr_group6/sd_o + id_group7/sd_o,0,40,0.0,0.0
csr_group7/sd_o + id_group7/sd_o,0,40,0.0,0.0
csr_group8/sd_o + id_group7/sd_o,0,40,0.0,0.0
csr_group9/sd_o + id_group7/sd_o,0,40,0.0,0.0
csr_group10/sd_o + id_group7/sd_o,0,40,0.0,0.0
csr_group11/sd_o + id_group7/sd_o,0,40,0.0,0.0
csr_group12/sd_o + id_group7/sd_o,0,40,0.0,0.0
csr_group13/sd_o + id_group7/sd_o,0,40,0.0,0.0
csr_group14/sd_o + id_group7/sd_o,0,40,0.0,0.0
csr_group15/sd_o + id_group7/sd_o,0,40,0.0,0.0
csr_group16/sd_o + id_group7/sd_o,0,40,0.0,0.0
csr_group17/sd_o + id_group7/sd_o,0,40,0.0,0.0
csr_group18/sd_o + id_group7/sd_o,0,40,0.0,0.0
csr_group19/sd_o + id_group7/sd_o,0,40,0.0,0.0
csr_group20/sd_o + id_group7/sd_o,0,40,0.0,0.0
id_group7/sd_o + tcr_execute/sd_o,0,40,0.0,0.0
id_group7/sd_o + lsu_group1/sd_o,0,40,0.0,0.0
id_group7/sd_o + lsu_group2/sd_o,0,40,0.0,0.0
id_group7/sd_o + lsu_group3/sd_o,0,40,0.0,0.0
id_group7/sd_o + lsu_group4/sd_o,0,40,0.0,0.0
id_group7/sd_o + lsu_group5/sd_o,0,40,0.0,0.0
check_s2_o_tag + csr_group6/sd_o,0,40,0.0,0.0
check_s2_o_tag + csr_group7/sd_o,0,40,0.0,0.0
check_s2_o_tag + csr_group8/sd_o,0,40,0.0,0.0
check_s2_o_tag + csr_group9/sd_o,0,40,0.0,0.0
check_s2_o_tag + csr_group10/sd_o,0,40,0.0,0.0
check_s2_o_tag + csr_group11/sd_o,0,40,0.0,0.0
check_s2_o_tag + csr_group12/sd_o,0,40,0.0,0.0
check_s2_o_tag + csr_group13/sd_o,0,40,0.0,0.0
check_s2_o_tag + csr_group14/sd_o,0,40,0.0,0.0
check_s2_o_tag + csr_group15/sd_o,0,40,0.0,0.0
check_s2_o_tag + csr_group16/sd_o,0,40,0.0,0.0
check_s2_o_tag + csr_group17/sd_o,0,40,0.0,0.0
check_s2_o_tag + csr_group18/sd_o,0,40,0.0,0.0
check_s2_o_tag + csr_group19/sd_o,0,40,0.0,0.0
check_s2_o_tag + csr_group20/sd_o,0,40,0.0,0.0
check_s2_o_tag + lsu_group1/sd_o,0,40,0.0,0.0
check_s2_o_tag + lsu_group2/sd_o,0,40,0.0,0.0
check_s2_o_tag + lsu_group3/sd_o,0,40,0.0,0.0
check_s2_o_tag + lsu_group4/sd_o,0,40,0.0,0.0
check_s2_o_tag + lsu_group5/sd_o,0,40,0.0,0.0
id_group8/sd_o + id_group9/sd_o,0,40,0.0,0.0
id_group8/sd_o + sd_o_rf_tag,0,40,0.0,0.0
csr_group0/sd_o + id_group8/sd_o,0,40,0.0,0.0
csr_group1/sd_o + id_group8/sd_o,0,40,0.0,0.0
csr_group2/sd_o + id_group8/sd_o,0,40,0.0,0.0
csr_group3/sd_o + id_group8/sd_o,0,40,0.0,0.0
csr_group4/sd_o + id_group8/sd_o,0,40,0.0,0.0
csr_group5/sd_o + id_group8/sd_o,0,40,0.0,0.0
csr_group6/sd_o + id_group8/sd_o,0,40,0.0,0.0
csr_group7/sd_o + id_group8/sd_o,0,40,0.0,0.0
csr_group8/sd_o + id_group8/sd_o,0,40,0.0,0.0
csr_group9/sd_o + id_group8/sd_o,0,40,0.0,0.0
csr_group10/sd_o + id_group8/sd_o,0,40,0.0,0.0
csr_group11/sd_o + id_group8/sd_o,0,40,0.0,0.0
csr_group12/sd_o + id_group8/sd_o,0,40,0.0,0.0
csr_group13/sd_o + id_group8/sd_o,0,40,0.0,0.0
csr_group14/sd_o + id_group8/sd_o,0,40,0.0,0.0
csr_group15/sd_o + id_group8/sd_o,0,40,0.0,0.0
csr_group16/sd_o + id_group8/sd_o,0,40,0.0,0.0
csr_group17/sd_o + id_group8/sd_o,0,40,0.0,0.0
csr_group18/sd_o + id_group8/sd_o,0,40,0.0,0.0
csr_group19/sd_o + id_group8/sd_o,0,40,0.0,0.0
csr_group20/sd_o + id_group8/sd_o,0,40,0.0,0.0
id_group8/sd_o + tcr_execute/sd_o,0,40,0.0,0.0
id_group8/sd_o + lsu_group1/sd_o,0,40,0.0,0.0
id_group8/sd_o + lsu_group2/sd_o,0,40,0.0,0.0
id_group8/sd_o + lsu_group3/sd_o,0,40,0.0,0.0
id_group8/sd_o + lsu_group4/sd_o,0,40,0.0,0.0
id_group8/sd_o + lsu_group5/sd_o,0,40,0.0,0.0
id_group9/sd_o + sd_o_rf_tag,0,40,0.0,0.0
csr_group0/sd_o + id_group9/sd_o,0,40,0.0,0.0
csr_group1/sd_o + id_group9/sd_o,0,40,0.0,0.0
csr_group2/sd_o + id_group9/sd_o,0,40,0.0,0.0
csr_group3/sd_o + id_group9/sd_o,0,40,0.0,0.0
csr_group4/sd_o + id_group9/sd_o,0,40,0.0,0.0
csr_group5/sd_o + id_group9/sd_o,0,40,0.0,0.0
csr_group6/sd_o + id_group9/sd_o,0,40,0.0,0.0
csr_group7/sd_o + id_group9/sd_o,0,40,0.0,0.0
csr_group8/sd_o + id_group9/sd_o,0,40,0.0,0.0
csr_group9/sd_o + id_group9/sd_o,0,40,0.0,0.0
csr_group10/sd_o + id_group9/sd_o,0,40,0.0,0.0
csr_group11/sd_o + id_group9/sd_o,0,40,0.0,0.0
csr_group12/sd_o + id_group9/sd_o,0,40,0.0,0.0
csr_group13/sd_o + id_group9/sd_o,0,40,0.0,0.0
csr_group14/sd_o + id_group9/sd_o,0,40,0.0,0.0
csr_group15/sd_o + id_group9/sd_o,0,40,0.0,0.0
csr_group16/sd_o + id_group9/sd_o,0,40,0.0,0.0
csr_group17/sd_o + id_group9/sd_o,0,40,0.0,0.0
csr_group18/sd_o + id_group9/sd_o,0,40,0.0,0.0
csr_group19/sd_o + id_group9/sd_o,0,40,0.0,0.0
csr_group20/sd_o + id_group9/sd_o,0,40,0.0,0.0
id_group9/sd_o + tcr_execute/sd_o,0,40,0.0,0.0
id_group9/sd_o + lsu_group1/sd_o,0,40,0.0,0.0
id_group9/sd_o + lsu_group2/sd_o,0,40,0.0,0.0
id_group9/sd_o + lsu_group3/sd_o,0,40,0.0,0.0
id_group9/sd_o + lsu_group4/sd_o,0,40,0.0,0.0
id_group9/sd_o + lsu_group5/sd_o,0,40,0.0,0.0
id_group0/sd_o + is_store_post_o_tag,0,40,0.0,0.0
id_group1/sd_o + is_store_post_o_tag,0,40,0.0,0.0
id_group2/sd_o + is_store_post_o_tag,0,40,0.0,0.0
id_group3/sd_o + is_store_post_o_tag,0,40,0.0,0.0
id_group4/sd_o + is_store_post_o_tag,0,40,0.0,0.0
id_group5/sd_o + is_store_post_o_tag,0,40,0.0,0.0
id_group6/sd_o + is_store_post_o_tag,0,40,0.0,0.0
csr_group17/sd_o + pc_id_o_tag,0,40,0.0,0.0
csr_group18/sd_o + pc_id_o_tag,0,40,0.0,0.0
csr_group19/sd_o + pc_id_o_tag,0,40,0.0,0.0
csr_group20/sd_o + pc_id_o_tag,0,40,0.0,0.0
lsu_group1/sd_o + pc_id_o_tag,0,40,0.0,0.0
lsu_group2/sd_o + pc_id_o_tag,0,40,0.0,0.0
lsu_group3/sd_o + pc_id_o_tag,0,40,0.0,0.0
lsu_group4/sd_o + pc_id_o_tag,0,40,0.0,0.0
lsu_group5/sd_o + pc_id_o_tag,0,40,0.0,0.0
id_group7/sd_o + is_store_post_o_tag,0,40,0.0,0.0
id_group8/sd_o + is_store_post_o_tag,0,40,0.0,0.0
id_group9/sd_o + is_store_post_o_tag,0,40,0.0,0.0
csr_group0/sd_o + is_store_post_o_tag,0,40,0.0,0.0
csr_group1/sd_o + is_store_post_o_tag,0,40,0.0,0.0
csr_group2/sd_o + is_store_post_o_tag,0,40,0.0,0.0
csr_group3/sd_o + is_store_post_o_tag,0,40,0.0,0.0
csr_group4/sd_o + is_store_post_o_tag,0,40,0.0,0.0
csr_group5/sd_o + is_store_post_o_tag,0,40,0.0,0.0
csr_group6/sd_o + is_store_post_o_tag,0,40,0.0,0.0
csr_group7/sd_o + is_store_post_o_tag,0,40,0.0,0.0
csr_group8/sd_o + is_store_post_o_tag,0,40,0.0,0.0
csr_group9/sd_o + is_store_post_o_tag,0,40,0.0,0.0
csr_group10/sd_o + is_store_post_o_tag,0,40,0.0,0.0
csr_group11/sd_o + is_store_post_o_tag,0,40,0.0,0.0
csr_group12/sd_o + is_store_post_o_tag,0,40,0.0,0.0
csr_group13/sd_o + is_store_post_o_tag,0,40,0.0,0.0
csr_group14/sd_o + is_store_post_o_tag,0,40,0.0,0.0
csr_group15/sd_o + is_store_post_o_tag,0,40,0.0,0.0
csr_group16/sd_o + is_store_post_o_tag,0,40,0.0,0.0
csr_group17/sd_o + is_store_post_o_tag,0,40,0.0,0.0
csr_group18/sd_o + is_store_post_o_tag,0,40,0.0,0.0
csr_group19/sd_o + is_store_post_o_tag,0,40,0.0,0.0
csr_group20/sd_o + is_store_post_o_tag,0,40,0.0,0.0
is_store_post_o_tag + lsu_group1/sd_o,0,40,0.0,0.0
is_store_post_o_tag + lsu_group2/sd_o,0,40,0.0,0.0
is_store_post_o_tag + lsu_group3/sd_o,0,40,0.0,0.0
is_store_post_o_tag + lsu_group4/sd_o,0,40,0.0,0.0
is_store_post_o_tag + lsu_group5/sd_o,0,40,0.0,0.0
id_group0/sd_o + memory_set_o_tag,0,40,0.0,0.0
id_group1/sd_o + memory_set_o_tag,0,40,0.0,0.0
id_group2/sd_o + memory_set_o_tag,0,40,0.0,0.0
id_group3/sd_o + memory_set_o_tag,0,40,0.0,0.0
id_group4/sd_o + memory_set_o_tag,0,40,0.0,0.0
id_group5/sd_o + memory_set_o_tag,0,40,0.0,0.0
id_group6/sd_o + memory_set_o_tag,0,40,0.0,0.0
id_group7/sd_o + memory_set_o_tag,0,40,0.0,0.0
id_group8/sd_o + memory_set_o_tag,0,40,0.0,0.0
id_group9/sd_o + memory_set_o_tag,0,40,0.0,0.0
csr_group0/sd_o + memory_set_o_tag,0,40,0.0,0.0
csr_group1/sd_o + memory_set_o_tag,0,40,0.0,0.0
csr_group2/sd_o + memory_set_o_tag,0,40,0.0,0.0
csr_group3/sd_o + memory_set_o_tag,0,40,0.0,0.0
csr_group4/sd_o + memory_set_o_tag,0,40,0.0,0.0
csr_group0/sd_o + sd_o_rf_tag,0,40,0.0,0.0
csr_group1/sd_o + sd_o_rf_tag,0,40,0.0,0.0
csr_group2/sd_o + sd_o_rf_tag,0,40,0.0,0.0
csr_group3/sd_o + sd_o_rf_tag,0,40,0.0,0.0
csr_group4/sd_o + sd_o_rf_tag,0,40,0.0,0.0
csr_group5/sd_o + sd_o_rf_tag,0,40,0.0,0.0
csr_group6/sd_o + sd_o_rf_tag,0,40,0.0,0.0
csr_group7/sd_o + sd_o_rf_tag,0,40,0.0,0.0
csr_group8/sd_o + sd_o_rf_tag,0,40,0.0,0.0
csr_group9/sd_o + sd_o_rf_tag,0,40,0.0,0.0
csr_group10/sd_o + sd_o_rf_tag,0,40,0.0,0.0
csr_group11/sd_o + sd_o_rf_tag,0,40,0.0,0.0
csr_group12/sd_o + sd_o_rf_tag,0,40,0.0,0.0
csr_group13/sd_o + sd_o_rf_tag,0,40,0.0,0.0
csr_group14/sd_o + sd_o_rf_tag,0,40,0.0,0.0
csr_group15/sd_o + sd_o_rf_tag,0,40,0.0,0.0
csr_group16/sd_o + sd_o_rf_tag,0,40,0.0,0.0
csr_group17/sd_o + sd_o_rf_tag,0,40,0.0,0.0
csr_group18/sd_o + sd_o_rf_tag,0,40,0.0,0.0
csr_group19/sd_o + sd_o_rf_tag,0,40,0.0,0.0
csr_group20/sd_o + sd_o_rf_tag,0,40,0.0,0.0
lsu_group1/sd_o + sd_o_rf_tag,0,40,0.0,0.0
lsu_group2/sd_o + sd_o_rf_tag,0,40,0.0,0.0
lsu_group3/sd_o + sd_o_rf_tag,0,40,0.0,0.0
lsu_group4/sd_o + sd_o_rf_tag,0,40,0.0,0.0
lsu_group5/sd_o + sd_o_rf_tag,0,40,0.0,0.0
csr_group5/sd_o + memory_set_o_tag,0,40,0.0,0.0
csr_group6/sd_o + memory_set_o_tag,0,40,0.0,0.0
csr_group7/sd_o + memory_set_o_tag,0,40,0.0,0.0
csr_group8/sd_o + memory_set_o_tag,0,40,0.0,0.0
csr_group9/sd_o + memory_set_o_tag,0,40,0.0,0.0
csr_group10/sd_o + memory_set_o_tag,0,40,0.0,0.0
csr_group11/sd_o + memory_set_o_tag,0,40,0.0,0.0
csr_group12/sd_o + memory_set_o_tag,0,40,0.0,0.0
csr_group13/sd_o + memory_set_o_tag,0,40,0.0,0.0
csr_group14/sd_o + memory_set_o_tag,0,40,0.0,0.0
csr_group0/sd_o + csr_group1/sd_o,0,40,0.0,0.0
csr_group0/sd_o + csr_group2/sd_o,0,40,0.0,0.0
csr_group0/sd_o + csr_group3/sd_o,0,40,0.0,0.0
csr_group0/sd_o + csr_group4/sd_o,0,40,0.0,0.0
csr_group0/sd_o + csr_group5/sd_o,0,40,0.0,0.0
csr_group0/sd_o + csr_group6/sd_o,0,40,0.0,0.0
csr_group0/sd_o + csr_group7/sd_o,0,40,0.0,0.0
csr_group0/sd_o + csr_group8/sd_o,0,40,0.0,0.0
csr_group0/sd_o + csr_group9/sd_o,0,40,0.0,0.0
csr_group0/sd_o + csr_group10/sd_o,0,40,0.0,0.0
csr_group0/sd_o + csr_group11/sd_o,0,40,0.0,0.0
csr_group0/sd_o + csr_group12/sd_o,0,40,0.0,0.0
csr_group0/sd_o + csr_group13/sd_o,0,40,0.0,0.0
csr_group0/sd_o + csr_group14/sd_o,0,40,0.0,0.0
csr_group0/sd_o + csr_group15/sd_o,0,40,0.0,0.0
csr_group0/sd_o + csr_group16/sd_o,0,40,0.0,0.0
csr_group0/sd_o + csr_group17/sd_o,0,40,0.0,0.0
csr_group0/sd_o + csr_group18/sd_o,0,40,0.0,0.0
csr_group0/sd_o + csr_group19/sd_o,0,40,0.0,0.0
csr_group0/sd_o + csr_group20/sd_o,0,40,0.0,0.0
csr_group0/sd_o + tcr_execute/sd_o,0,40,0.0,0.0
csr_group0/sd_o + lsu_group1/sd_o,0,40,0.0,0.0
csr_group0/sd_o + lsu_group2/sd_o,0,40,0.0,0.0
csr_group0/sd_o + lsu_group3/sd_o,0,40,0.0,0.0
csr_group0/sd_o + lsu_group4/sd_o,0,40,0.0,0.0
csr_group0/sd_o + lsu_group5/sd_o,0,40,0.0,0.0
csr_group15/sd_o + memory_set_o_tag,0,40,0.0,0.0
csr_group16/sd_o + memory_set_o_tag,0,40,0.0,0.0
csr_group17/sd_o + memory_set_o_tag,0,40,0.0,0.0
csr_group18/sd_o + memory_set_o_tag,0,40,0.0,0.0
csr_group19/sd_o + memory_set_o_tag,0,40,0.0,0.0
csr_group20/sd_o + memory_set_o_tag,0,40,0.0,0.0
lsu_group1/sd_o + memory_set_o_tag,0,40,0.0,0.0
lsu_group2/sd_o + memory_set_o_tag,0,40,0.0,0.0
lsu_group3/sd_o + memory_set_o_tag,0,40,0.0,0.0
lsu_group4/sd_o + memory_set_o_tag,0,40,0.0,0.0
lsu_group5/sd_o + memory_set_o_tag,0,40,0.0,0.0
csr_group1/sd_o + csr_group2/sd_o,0,40,0.0,0.0
csr_group1/sd_o + csr_group3/sd_o,0,40,0.0,0.0
csr_group1/sd_o + csr_group4/sd_o,0,40,0.0,0.0
csr_group1/sd_o + csr_group5/sd_o,0,40,0.0,0.0
csr_group1/sd_o + csr_group6/sd_o,0,40,0.0,0.0
csr_group1/sd_o + csr_group7/sd_o,0,40,0.0,0.0
csr_group1/sd_o + csr_group8/sd_o,0,40,0.0,0.0
csr_group1/sd_o + csr_group9/sd_o,0,40,0.0,0.0
csr_group1/sd_o + csr_group10/sd_o,0,40,0.0,0.0
csr_group1/sd_o + csr_group11/sd_o,0,40,0.0,0.0
csr_group1/sd_o + csr_group12/sd_o,0,40,0.0,0.0
csr_group1/sd_o + csr_group13/sd_o,0,40,0.0,0.0
csr_group1/sd_o + csr_group14/sd_o,0,40,0.0,0.0
csr_group1/sd_o + csr_group15/sd_o,0,40,0.0,0.0
csr_group1/sd_o + csr_group16/sd_o,0,40,0.0,0.0
csr_group1/sd_o + csr_group17/sd_o,0,40,0.0,0.0
csr_group1/sd_o + csr_group18/sd_o,0,40,0.0,0.0
csr_group1/sd_o + csr_group19/sd_o,0,40,0.0,0.0
csr_group1/sd_o + csr_group20/sd_o,0,40,0.0,0.0
csr_group1/sd_o + tcr_execute/sd_o,0,40,0.0,0.0
csr_group1/sd_o + lsu_group1/sd_o,0,40,0.0,0.0
csr_group1/sd_o + lsu_group2/sd_o,0,40,0.0,0.0
csr_group1/sd_o + lsu_group3/sd_o,0,40,0.0,0.0
csr_group1/sd_o + lsu_group4/sd_o,0,40,0.0,0.0
csr_group1/sd_o + lsu_group5/sd_o,0,40,0.0,0.0
csr_group2/sd_o + csr_group3/sd_o,0,40,0.0,0.0
csr_group2/sd_o + csr_group4/sd_o,0,40,0.0,0.0
csr_group2/sd_o + csr_group5/sd_o,0,40,0.0,0.0
csr_group2/sd_o + csr_group6/sd_o,0,40,0.0,0.0
csr_group2/sd_o + csr_group7/sd_o,0,40,0.0,0.0
csr_group2/sd_o + csr_group8/sd_o,0,40,0.0,0.0
csr_group2/sd_o + csr_group9/sd_o,0,40,0.0,0.0
csr_group10/sd_o + csr_group2/sd_o,0,40,0.0,0.0
csr_group11/sd_o + csr_group2/sd_o,0,40,0.0,0.0
csr_group12/sd_o + csr_group2/sd_o,0,40,0.0,0.0
csr_group13/sd_o + csr_group2/sd_o,0,40,0.0,0.0
csr_group14/sd_o + csr_group2/sd_o,0,40,0.0,0.0
csr_group15/sd_o + csr_group2/sd_o,0,40,0.0,0.0
csr_group16/sd_o + csr_group2/sd_o,0,40,0.0,0.0
csr_group17/sd_o + csr_group2/sd_o,0,40,0.0,0.0
csr_group18/sd_o + csr_group2/sd_o,0,40,0.0,0.0
csr_group19/sd_o + csr_group2/sd_o,0,40,0.0,0.0
csr_group2/sd_o + csr_group20/sd_o,0,40,0.0,0.0
csr_group2/sd_o + tcr_execute/sd_o,0,40,0.0,0.0
csr_group2/sd_o + lsu_group1/sd_o,0,40,0.0,0.0
csr_group2/sd_o + lsu_group2/sd_o,0,40,0.0,0.0
csr_group2/sd_o + lsu_group3/sd_o,0,40,0.0,0.0
csr_group2/sd_o + lsu_group4/sd_o,0,40,0.0,0.0
csr_group2/sd_o + lsu_group5/sd_o,0,40,0.0,0.0
csr_group3/sd_o + csr_group4/sd_o,0,40,0.0,0.0
csr_group3/sd_o + csr_group5/sd_o,0,40,0.0,0.0
csr_group3/sd_o + csr_group6/sd_o,0,40,0.0,0.0
csr_group3/sd_o + csr_group7/sd_o,0,40,0.0,0.0
csr_group3/sd_o + csr_group8/sd_o,0,40,0.0,0.0
csr_group3/sd_o + csr_group9/sd_o,0,40,0.0,0.0
csr_group10/sd_o + csr_group3/sd_o,0,40,0.0,0.0
csr_group11/sd_o + csr_group3/sd_o,0,40,0.0,0.0
csr_group12/sd_o + csr_group3/sd_o,0,40,0.0,0.0
csr_group13/sd_o + csr_group3/sd_o,0,40,0.0,0.0
csr_group14/sd_o + csr_group3/sd_o,0,40,0.0,0.0
csr_group15/sd_o + csr_group3/sd_o,0,40,0.0,0.0
csr_group16/sd_o + csr_group3/sd_o,0,40,0.0,0.0
csr_group17/sd_o + csr_group3/sd_o,0,40,0.0,0.0
csr_group18/sd_o + csr_group3/sd_o,0,40,0.0,0.0
csr_group19/sd_o + csr_group3/sd_o,0,40,0.0,0.0
csr_group20/sd_o + csr_group3/sd_o,0,40,0.0,0.0
csr_group3/sd_o + tcr_execute/sd_o,0,40,0.0,0.0
csr_group3/sd_o + lsu_group1/sd_o,0,40,0.0,0.0
csr_group3/sd_o + lsu_group2/sd_o,0,40,0.0,0.0
csr_group3/sd_o + lsu_group3/sd_o,0,40,0.0,0.0
csr_group3/sd_o + lsu_group4/sd_o,0,40,0.0,0.0
csr_group3/sd_o + lsu_group5/sd_o,0,40,0.0,0.0
csr_group4/sd_o + csr_group5/sd_o,0,40,0.0,0.0
csr_group4/sd_o + csr_group6/sd_o,0,40,0.0,0.0
csr_group4/sd_o + csr_group7/sd_o,0,40,0.0,0.0
csr_group4/sd_o + csr_group8/sd_o,0,40,0.0,0.0
csr_group4/sd_o + csr_group9/sd_o,0,40,0.0,0.0
csr_group10/sd_o + csr_group4/sd_o,0,40,0.0,0.0
csr_group11/sd_o + csr_group4/sd_o,0,40,0.0,0.0
csr_group12/sd_o + csr_group4/sd_o,0,40,0.0,0.0
csr_group13/sd_o + csr_group4/sd_o,0,40,0.0,0.0
csr_group14/sd_o + csr_group4/sd_o,0,40,0.0,0.0
csr_group15/sd_o + csr_group4/sd_o,0,40,0.0,0.0
csr_group16/sd_o + csr_group4/sd_o,0,40,0.0,0.0
csr_group17/sd_o + csr_group4/sd_o,0,40,0.0,0.0
csr_group18/sd_o + csr_group4/sd_o,0,40,0.0,0.0
csr_group19/sd_o + csr_group4/sd_o,0,40,0.0,0.0
csr_group20/sd_o + csr_group4/sd_o,0,40,0.0,0.0
csr_group4/sd_o + tcr_execute/sd_o,0,40,0.0,0.0
csr_group4/sd_o + lsu_group1/sd_o,0,40,0.0,0.0
csr_group4/sd_o + lsu_group2/sd_o,0,40,0.0,0.0
csr_group4/sd_o + lsu_group3/sd_o,0,40,0.0,0.0
csr_group4/sd_o + lsu_group4/sd_o,0,40,0.0,0.0
csr_group4/sd_o + lsu_group5/sd_o,0,40,0.0,0.0
csr_group5/sd_o + csr_group6/sd_o,0,40,0.0,0.0
csr_group5/sd_o + csr_group7/sd_o,0,40,0.0,0.0
csr_group5/sd_o + csr_group8/sd_o,0,40,0.0,0.0
csr_group5/sd_o + csr_group9/sd_o,0,40,0.0,0.0
csr_group10/sd_o + csr_group5/sd_o,0,40,0.0,0.0
csr_group11/sd_o + csr_group5/sd_o,0,40,0.0,0.0
csr_group12/sd_o + csr_group5/sd_o,0,40,0.0,0.0
csr_group13/sd_o + csr_group5/sd_o,0,40,0.0,0.0
csr_group14/sd_o + csr_group5/sd_o,0,40,0.0,0.0
csr_group15/sd_o + csr_group5/sd_o,0,40,0.0,0.0
csr_group16/sd_o + csr_group5/sd_o,0,40,0.0,0.0
csr_group17/sd_o + csr_group5/sd_o,0,40,0.0,0.0
csr_group18/sd_o + csr_group5/sd_o,0,40,0.0,0.0
csr_group19/sd_o + csr_group5/sd_o,0,40,0.0,0.0
csr_group20/sd_o + csr_group5/sd_o,0,40,0.0,0.0
csr_group5/sd_o + tcr_execute/sd_o,0,40,0.0,0.0
csr_group5/sd_o + lsu_group1/sd_o,0,40,0.0,0.0
csr_group5/sd_o + lsu_group2/sd_o,0,40,0.0,0.0
csr_group5/sd_o + lsu_group3/sd_o,0,40,0.0,0.0
csr_group5/sd_o + lsu_group4/sd_o,0,40,0.0,0.0
csr_group5/sd_o + lsu_group5/sd_o,0,40,0.0,0.0
csr_group6/sd_o + csr_group7/sd_o,0,40,0.0,0.0
csr_group6/sd_o + csr_group8/sd_o,0,40,0.0,0.0
csr_group6/sd_o + csr_group9/sd_o,0,40,0.0,0.0
csr_group10/sd_o + csr_group6/sd_o,0,40,0.0,0.0
csr_group11/sd_o + csr_group6/sd_o,0,40,0.0,0.0
csr_group12/sd_o + csr_group6/sd_o,0,40,0.0,0.0
csr_group13/sd_o + csr_group6/sd_o,0,40,0.0,0.0
csr_group14/sd_o + csr_group6/sd_o,0,40,0.0,0.0
csr_group15/sd_o + csr_group6/sd_o,0,40,0.0,0.0
csr_group16/sd_o + csr_group6/sd_o,0,40,0.0,0.0
csr_group17/sd_o + csr_group6/sd_o,0,40,0.0,0.0
csr_group18/sd_o + csr_group6/sd_o,0,40,0.0,0.0
csr_group19/sd_o + csr_group6/sd_o,0,40,0.0,0.0
csr_group20/sd_o + csr_group6/sd_o,0,40,0.0,0.0
csr_group6/sd_o + tcr_execute/sd_o,0,40,0.0,0.0
csr_group6/sd_o + lsu_group1/sd_o,0,40,0.0,0.0
csr_group6/sd_o + lsu_group2/sd_o,0,40,0.0,0.0
csr_group6/sd_o + lsu_group3/sd_o,0,40,0.0,0.0
csr_group6/sd_o + lsu_group4/sd_o,0,40,0.0,0.0
csr_group6/sd_o + lsu_group5/sd_o,0,40,0.0,0.0
csr_group7/sd_o + csr_group8/sd_o,0,40,0.0,0.0
csr_group7/sd_o + csr_group9/sd_o,0,40,0.0,0.0
csr_group10/sd_o + csr_group7/sd_o,0,40,0.0,0.0
csr_group11/sd_o + csr_group7/sd_o,0,40,0.0,0.0
csr_group12/sd_o + csr_group7/sd_o,0,40,0.0,0.0
csr_group13/sd_o + csr_group7/sd_o,0,40,0.0,0.0
csr_group14/sd_o + csr_group7/sd_o,0,40,0.0,0.0
csr_group15/sd_o + csr_group7/sd_o,0,40,0.0,0.0
csr_group16/sd_o + csr_group7/sd_o,0,40,0.0,0.0
csr_group17/sd_o + csr_group7/sd_o,0,40,0.0,0.0
csr_group18/sd_o + csr_group7/sd_o,0,40,0.0,0.0
csr_group19/sd_o + csr_group7/sd_o,0,40,0.0,0.0
csr_group20/sd_o + csr_group7/sd_o,0,40,0.0,0.0
csr_group7/sd_o + tcr_execute/sd_o,0,40,0.0,0.0
csr_group7/sd_o + lsu_group1/sd_o,0,40,0.0,0.0
csr_group7/sd_o + lsu_group2/sd_o,0,40,0.0,0.0
csr_group7/sd_o + lsu_group3/sd_o,0,40,0.0,0.0
csr_group7/sd_o + lsu_group4/sd_o,0,40,0.0,0.0
csr_group7/sd_o + lsu_group5/sd_o,0,40,0.0,0.0
csr_group8/sd_o + csr_group9/sd_o,0,40,0.0,0.0
csr_group10/sd_o + csr_group8/sd_o,0,40,0.0,0.0
csr_group11/sd_o + csr_group8/sd_o,0,40,0.0,0.0
csr_group12/sd_o + csr_group8/sd_o,0,40,0.0,0.0
csr_group13/sd_o + csr_group8/sd_o,0,40,0.0,0.0
csr_group14/sd_o + csr_group8/sd_o,0,40,0.0,0.0
csr_group15/sd_o + csr_group8/sd_o,0,40,0.0,0.0
csr_group16/sd_o + csr_group8/sd_o,0,40,0.0,0.0
csr_group17/sd_o + csr_group8/sd_o,0,40,0.0,0.0
csr_group18/sd_o + csr_group8/sd_o,0,40,0.0,0.0
csr_group19/sd_o + csr_group8/sd_o,0,40,0.0,0.0
csr_group20/sd_o + csr_group8/sd_o,0,40,0.0,0.0
csr_group8/sd_o + tcr_execute/sd_o,0,40,0.0,0.0
csr_group8/sd_o + lsu_group1/sd_o,0,40,0.0,0.0
csr_group8/sd_o + lsu_group2/sd_o,0,40,0.0,0.0
csr_group8/sd_o + lsu_group3/sd_o,0,40,0.0,0.0
csr_group8/sd_o + lsu_group4/sd_o,0,40,0.0,0.0
csr_group8/sd_o + lsu_group5/sd_o,0,40,0.0,0.0
csr_group10/sd_o + csr_group9/sd_o,0,40,0.0,0.0
csr_group11/sd_o + csr_group9/sd_o,0,40,0.0,0.0
csr_group12/sd_o + csr_group9/sd_o,0,40,0.0,0.0
csr_group13/sd_o + csr_group9/sd_o,0,40,0.0,0.0
csr_group14/sd_o + csr_group9/sd_o,0,40,0.0,0.0
csr_group15/sd_o + csr_group9/sd_o,0,40,0.0,0.0
csr_group16/sd_o + csr_group9/sd_o,0,40,0.0,0.0
csr_group17/sd_o + csr_group9/sd_o,0,40,0.0,0.0
csr_group18/sd_o + csr_group9/sd_o,0,40,0.0,0.0
csr_group19/sd_o + csr_group9/sd_o,0,40,0.0,0.0
csr_group20/sd_o + csr_group9/sd_o,0,40,0.0,0.0
csr_group9/sd_o + tcr_execute/sd_o,0,40,0.0,0.0
csr_group9/sd_o + lsu_group1/sd_o,0,40,0.0,0.0
csr_group9/sd_o + lsu_group2/sd_o,0,40,0.0,0.0
csr_group9/sd_o + lsu_group3/sd_o,0,40,0.0,0.0
csr_group9/sd_o + lsu_group4/sd_o,0,40,0.0,0.0
csr_group9/sd_o + lsu_group5/sd_o,0,40,0.0,0.0
csr_group10/sd_o + csr_group11/sd_o,0,40,0.0,0.0
csr_group10/sd_o + csr_group12/sd_o,0,40,0.0,0.0
csr_group10/sd_o + csr_group13/sd_o,0,40,0.0,0.0
csr_group10/sd_o + csr_group14/sd_o,0,40,0.0,0.0
csr_group10/sd_o + csr_group15/sd_o,0,40,0.0,0.0
csr_group10/sd_o + csr_group16/sd_o,0,40,0.0,0.0
csr_group10/sd_o + csr_group17/sd_o,0,40,0.0,0.0
csr_group10/sd_o + csr_group18/sd_o,0,40,0.0,0.0
csr_group10/sd_o + csr_group19/sd_o,0,40,0.0,0.0
csr_group10/sd_o + csr_group20/sd_o,0,40,0.0,0.0
csr_group10/sd_o + tcr_execute/sd_o,0,40,0.0,0.0
csr_group10/sd_o + lsu_group1/sd_o,0,40,0.0,0.0
csr_group10/sd_o + lsu_group2/sd_o,0,40,0.0,0.0
csr_group10/sd_o + lsu_group3/sd_o,0,40,0.0,0.0
csr_group10/sd_o + lsu_group4/sd_o,0,40,0.0,0.0
csr_group10/sd_o + lsu_group5/sd_o,0,40,0.0,0.0
csr_group11/sd_o + csr_group12/sd_o,0,40,0.0,0.0
csr_group11/sd_o + csr_group13/sd_o,0,40,0.0,0.0
csr_group11/sd_o + csr_group14/sd_o,0,40,0.0,0.0
csr_group11/sd_o + csr_group15/sd_o,0,40,0.0,0.0
csr_group11/sd_o + csr_group16/sd_o,0,40,0.0,0.0
csr_group11/sd_o + csr_group17/sd_o,0,40,0.0,0.0
csr_group11/sd_o + csr_group18/sd_o,0,40,0.0,0.0
csr_group11/sd_o + csr_group19/sd_o,0,40,0.0,0.0
csr_group11/sd_o + csr_group20/sd_o,0,40,0.0,0.0
csr_group11/sd_o + tcr_execute/sd_o,0,40,0.0,0.0
csr_group11/sd_o + lsu_group1/sd_o,0,40,0.0,0.0
csr_group11/sd_o + lsu_group2/sd_o,0,40,0.0,0.0
csr_group11/sd_o + lsu_group3/sd_o,0,40,0.0,0.0
csr_group11/sd_o + lsu_group4/sd_o,0,40,0.0,0.0
csr_group11/sd_o + lsu_group5/sd_o,0,40,0.0,0.0
csr_group12/sd_o + csr_group13/sd_o,0,40,0.0,0.0
csr_group12/sd_o + csr_group14/sd_o,0,40,0.0,0.0
csr_group12/sd_o + csr_group15/sd_o,0,40,0.0,0.0
csr_group12/sd_o + csr_group16/sd_o,0,40,0.0,0.0
csr_group12/sd_o + csr_group17/sd_o,0,40,0.0,0.0
csr_group12/sd_o + csr_group18/sd_o,0,40,0.0,0.0
csr_group12/sd_o + csr_group19/sd_o,0,40,0.0,0.0
csr_group12/sd_o + csr_group20/sd_o,0,40,0.0,0.0
csr_group12/sd_o + tcr_execute/sd_o,0,40,0.0,0.0
csr_group12/sd_o + lsu_group1/sd_o,0,40,0.0,0.0
csr_group12/sd_o + lsu_group2/sd_o,0,40,0.0,0.0
csr_group12/sd_o + lsu_group3/sd_o,0,40,0.0,0.0
csr_group12/sd_o + lsu_group4/sd_o,0,40,0.0,0.0
csr_group12/sd_o + lsu_group5/sd_o,0,40,0.0,0.0
csr_group13/sd_o + csr_group14/sd_o,0,40,0.0,0.0
csr_group13/sd_o + csr_group15/sd_o,0,40,0.0,0.0
csr_group13/sd_o + csr_group16/sd_o,0,40,0.0,0.0
csr_group13/sd_o + csr_group17/sd_o,0,40,0.0,0.0
csr_group13/sd_o + csr_group18/sd_o,0,40,0.0,0.0
csr_group13/sd_o + csr_group19/sd_o,0,40,0.0,0.0
csr_group13/sd_o + csr_group20/sd_o,0,40,0.0,0.0
csr_group13/sd_o + tcr_execute/sd_o,0,40,0.0,0.0
csr_group13/sd_o + lsu_group1/sd_o,0,40,0.0,0.0
csr_group13/sd_o + lsu_group2/sd_o,0,40,0.0,0.0
csr_group13/sd_o + lsu_group3/sd_o,0,40,0.0,0.0
csr_group13/sd_o + lsu_group4/sd_o,0,40,0.0,0.0
csr_group13/sd_o + lsu_group5/sd_o,0,40,0.0,0.0
csr_group14/sd_o + csr_group15/sd_o,0,40,0.0,0.0
csr_group14/sd_o + csr_group16/sd_o,0,40,0.0,0.0
csr_group14/sd_o + csr_group17/sd_o,0,40,0.0,0.0
csr_group14/sd_o + csr_group18/sd_o,0,40,0.0,0.0
csr_group14/sd_o + csr_group19/sd_o,0,40,0.0,0.0
csr_group14/sd_o + csr_group20/sd_o,0,40,0.0,0.0
csr_group14/sd_o + tcr_execute/sd_o,0,40,0.0,0.0
csr_group14/sd_o + lsu_group1/sd_o,0,40,0.0,0.0
csr_group14/sd_o + lsu_group2/sd_o,0,40,0.0,0.0
csr_group14/sd_o + lsu_group3/sd_o,0,40,0.0,0.0
csr_group14/sd_o + lsu_group4/sd_o,0,40,0.0,0.0
csr_group14/sd_o + lsu_group5/sd_o,0,40,0.0,0.0
csr_group15/sd_o + csr_group16/sd_o,0,40,0.0,0.0
csr_group15/sd_o + csr_group17/sd_o,0,40,0.0,0.0
csr_group15/sd_o + csr_group18/sd_o,0,40,0.0,0.0
csr_group15/sd_o + csr_group19/sd_o,0,40,0.0,0.0
csr_group15/sd_o + csr_group20/sd_o,0,40,0.0,0.0
csr_group15/sd_o + tcr_execute/sd_o,0,40,0.0,0.0
csr_group15/sd_o + lsu_group1/sd_o,0,40,0.0,0.0
csr_group15/sd_o + lsu_group2/sd_o,0,40,0.0,0.0
csr_group15/sd_o + lsu_group3/sd_o,0,40,0.0,0.0
csr_group15/sd_o + lsu_group4/sd_o,0,40,0.0,0.0
csr_group15/sd_o + lsu_group5/sd_o,0,40,0.0,0.0
id_group0/sd_o + pc_if_o_tag,0,40,0.0,0.0
id_group1/sd_o + pc_if_o_tag,0,40,0.0,0.0
id_group2/sd_o + pc_if_o_tag,0,40,0.0,0.0
id_group3/sd_o + pc_if_o_tag,0,40,0.0,0.0
id_group4/sd_o + pc_if_o_tag,0,40,0.0,0.0
id_group5/sd_o + pc_if_o_tag,0,40,0.0,0.0
csr_group16/sd_o + csr_group17/sd_o,0,40,0.0,0.0
csr_group16/sd_o + csr_group18/sd_o,0,40,0.0,0.0
csr_group16/sd_o + csr_group19/sd_o,0,40,0.0,0.0
csr_group16/sd_o + csr_group20/sd_o,0,40,0.0,0.0
csr_group16/sd_o + tcr_execute/sd_o,0,40,0.0,0.0
csr_group16/sd_o + lsu_group1/sd_o,0,40,0.0,0.0
csr_group16/sd_o + lsu_group2/sd_o,0,40,0.0,0.0
csr_group16/sd_o + lsu_group3/sd_o,0,40,0.0,0.0
csr_group16/sd_o + lsu_group4/sd_o,0,40,0.0,0.0
csr_group16/sd_o + lsu_group5/sd_o,0,40,0.0,0.0
csr_group17/sd_o + csr_group18/sd_o,0,40,0.0,0.0
csr_group17/sd_o + csr_group19/sd_o,0,40,0.0,0.0
csr_group17/sd_o + csr_group20/sd_o,0,40,0.0,0.0
csr_group17/sd_o + tcr_execute/sd_o,0,40,0.0,0.0
csr_group17/sd_o + lsu_group1/sd_o,0,40,0.0,0.0
csr_group17/sd_o + lsu_group2/sd_o,0,40,0.0,0.0
csr_group17/sd_o + lsu_group3/sd_o,0,40,0.0,0.0
csr_group17/sd_o + lsu_group4/sd_o,0,40,0.0,0.0
csr_group17/sd_o + lsu_group5/sd_o,0,40,0.0,0.0
csr_group18/sd_o + csr_group19/sd_o,0,40,0.0,0.0
csr_group18/sd_o + csr_group20/sd_o,0,40,0.0,0.0
csr_group18/sd_o + tcr_execute/sd_o,0,40,0.0,0.0
csr_group18/sd_o + lsu_group1/sd_o,0,40,0.0,0.0
csr_group18/sd_o + lsu_group2/sd_o,0,40,0.0,0.0
csr_group18/sd_o + lsu_group3/sd_o,0,40,0.0,0.0
csr_group18/sd_o + lsu_group4/sd_o,0,40,0.0,0.0
csr_group18/sd_o + lsu_group5/sd_o,0,40,0.0,0.0
csr_group19/sd_o + csr_group20/sd_o,0,40,0.0,0.0
csr_group19/sd_o + tcr_execute/sd_o,0,40,0.0,0.0
csr_group19/sd_o + lsu_group1/sd_o,0,40,0.0,0.0
csr_group19/sd_o + lsu_group2/sd_o,0,40,0.0,0.0
csr_group19/sd_o + lsu_group3/sd_o,0,40,0.0,0.0
csr_group19/sd_o + lsu_group4/sd_o,0,40,0.0,0.0
csr_group19/sd_o + lsu_group5/sd_o,0,40,0.0,0.0
csr_group20/sd_o + tcr_execute/sd_o,0,40,0.0,0.0
csr_group20/sd_o + lsu_group1/sd_o,0,40,0.0,0.0
csr_group20/sd_o + lsu_group2/sd_o,0,40,0.0,0.0
csr_group20/sd_o + lsu_group3/sd_o,0,40,0.0,0.0
csr_group20/sd_o + lsu_group4/sd_o,0,40,0.0,0.0
csr_group20/sd_o + lsu_group5/sd_o,0,40,0.0,0.0
lsu_group1/sd_o + tcr_execute/sd_o,0,40,0.0,0.0
lsu_group2/sd_o + tcr_execute/sd_o,0,40,0.0,0.0
lsu_group3/sd_o + tcr_execute/sd_o,0,40,0.0,0.0
lsu_group4/sd_o + tcr_execute/sd_o,0,40,0.0,0.0
lsu_group5/sd_o + tcr_execute/sd_o,0,40,0.0,0.0
lsu_group1/sd_o + lsu_group2/sd_o,0,40,0.0,0.0
lsu_group1/sd_o + lsu_group3/sd_o,0,40,0.0,0.0
lsu_group1/sd_o + lsu_group4/sd_o,0,40,0.0,0.0
lsu_group1/sd_o + lsu_group5/sd_o,0,40,0.0,0.0
lsu_group2/sd_o + lsu_group3/sd_o,0,40,0.0,0.0
lsu_group2/sd_o + lsu_group4/sd_o,0,40,0.0,0.0
lsu_group2/sd_o + lsu_group5/sd_o,0,40,0.0,0.0
lsu_group3/sd_o + lsu_group4/sd_o,0,40,0.0,0.0
lsu_group3/sd_o + lsu_group5/sd_o,0,40,0.0,0.0
lsu_group4/sd_o + lsu_group5/sd_o,0,40,0.0,0.0
id_group6/sd_o + pc_if_o_tag,0,40,0.0,0.0
id_group7/sd_o + pc_if_o_tag,0,40,0.0,0.0
id_group8/sd_o + pc_if_o_tag,0,40,0.0,0.0
id_group9/sd_o + pc_if_o_tag,0,40,0.0,0.0
check_d_o_tag + sp_o_5,0,40,0.0,0.0
check_d_o_tag + sp_o_26,0,40,0.0,0.0
check_d_o_tag + sp_o_rf_tag,0,40,0.0,0.0
check_s1_o_tag + sp_o_5,0,40,0.0,0.0
check_s1_o_tag + sp_o_rf_tag,0,40,0.0,0.0
check_s2_o_tag + sp_o_5,0,40,0.0,0.0
check_s2_o_tag + sp_o_26,0,40,0.0,0.0
check_s2_o_tag + sp_o_rf_tag,0,40,0.0,0.0
is_store_post_o_tag + sp_o_5,0,40,0.0,0.0
is_store_post_o_tag + sp_o_26,0,40,0.0,0.0
is_store_post_o_tag + sp_o_rf_tag,0,40,0.0,0.0
memory_set_o_tag + sp_o_5,0,40,0.0,0.0
memory_set_o_tag + sp_o_26,0,40,0.0,0.0
memory_set_o_tag + sp_o_rf_tag,0,40,0.0,0.0
pc_id_o_tag + sp_o_5,0,40,0.0,0.0
pc_id_o_tag + sp_o_26,0,40,0.0,0.0
pc_id_o_tag + sp_o_rf_tag,0,40,0.0,0.0
register_set_o_tag + sp_o_5,0,40,0.0,0.0
register_set_o_tag + sp_o_26,0,40,0.0,0.0
register_set_o_tag + sp_o_rf_tag,0,40,0.0,0.0
sp_o_5 + store_dest_addr_ex_o_tag,0,40,0.0,0.0
sp_o_rf_tag + store_dest_addr_ex_o_tag,0,40,0.0,0.0
sp_o_5 + store_source_ex_o_tag,0,40,0.0,0.0
sp_o_26 + store_source_ex_o_tag,0,40,0.0,0.0
sp_o_rf_tag + store_source_ex_o_tag,0,40,0.0,0.0
pc_if_o_tag + sp_o_5,0,40,0.0,0.0
pc_if_o_tag + sp_o_26,0,40,0.0,0.0
pc_if_o_tag + sp_o_rf_tag,0,40,0.0,0.0
sp_o_5 + use_store_ops_ex_o,0,40,0.0,0.0
sp_o_rf_tag + use_store_ops_ex_o,0,40,0.0,0.0
rf_reg[0] + sp_o_5,0,40,0.0,0.0
rf_reg[0] + sp_o_26,0,40,0.0,0.0
rf_reg[0] + sp_o_rf_tag,0,40,0.0,0.0
rf_reg[1] + sp_o_5,0,40,0.0,0.0
rf_reg[1] + sp_o_26,0,40,0.0,0.0
rf_reg[1] + sp_o_rf_tag,0,40,0.0,0.0
rf_reg[2] + sp_o_5,0,40,0.0,0.0
rf_reg[2] + sp_o_26,0,40,0.0,0.0
rf_reg[2] + sp_o_rf_tag,0,40,0.0,0.0
rf_reg[3] + sp_o_5,0,40,0.0,0.0
rf_reg[3] + sp_o_26,0,40,0.0,0.0
rf_reg[3] + sp_o_rf_tag,0,40,0.0,0.0
rf_reg[4] + sp_o_5,0,40,0.0,0.0
rf_reg[4] + sp_o_26,0,40,0.0,0.0
rf_reg[4] + sp_o_rf_tag,0,40,0.0,0.0
rf_reg[5] + sp_o_5,0,40,0.0,0.0
rf_reg[5] + sp_o_26,0,40,0.0,0.0
rf_reg[5] + sp_o_rf_tag,0,40,0.0,0.0
rf_reg[6] + sp_o_5,0,40,0.0,0.0
rf_reg[6] + sp_o_26,0,40,0.0,0.0
rf_reg[6] + sp_o_rf_tag,0,40,0.0,0.0
rf_reg[7] + sp_o_5,0,40,0.0,0.0
rf_reg[7] + sp_o_26,0,40,0.0,0.0
rf_reg[7] + sp_o_rf_tag,0,40,0.0,0.0
rf_reg[8] + sp_o_5,0,40,0.0,0.0
rf_reg[8] + sp_o_26,0,40,0.0,0.0
rf_reg[8] + sp_o_rf_tag,0,40,0.0,0.0
rf_reg[9] + sp_o_5,0,40,0.0,0.0
rf_reg[9] + sp_o_26,0,40,0.0,0.0
rf_reg[9] + sp_o_rf_tag,0,40,0.0,0.0
rf_reg[10] + sp_o_5,0,40,0.0,0.0
rf_reg[10] + sp_o_26,0,40,0.0,0.0
rf_reg[10] + sp_o_rf_tag,0,40,0.0,0.0
rf_reg[11] + sp_o_5,0,40,0.0,0.0
rf_reg[11] + sp_o_26,0,40,0.0,0.0
rf_reg[11] + sp_o_rf_tag,0,40,0.0,0.0
rf_reg[12] + sp_o_5,0,40,0.0,0.0
rf_reg[12] + sp_o_26,0,40,0.0,0.0
rf_reg[12] + sp_o_rf_tag,0,40,0.0,0.0
rf_reg[13] + sp_o_5,0,40,0.0,0.0
rf_reg[13] + sp_o_26,0,40,0.0,0.0
rf_reg[13] + sp_o_rf_tag,0,40,0.0,0.0
alu_operand_a_ex_o_tag + sp_o_5,0,40,0.0,0.0
alu_operand_a_ex_o_tag + sp_o_rf_tag,0,40,0.0,0.0
rf_reg[14] + sp_o_5,0,40,0.0,0.0
rf_reg[14] + sp_o_26,0,40,0.0,0.0
rf_reg[14] + sp_o_rf_tag,0,40,0.0,0.0
rf_reg[15] + sp_o_5,0,40,0.0,0.0
rf_reg[15] + sp_o_26,0,40,0.0,0.0
rf_reg[16] + sp_o_5,0,40,0.0,0.0
rf_reg[16] + sp_o_26,0,40,0.0,0.0
rf_reg[16] + sp_o_rf_tag,0,40,0.0,0.0
rf_reg[17] + sp_o_5,0,40,0.0,0.0
rf_reg[17] + sp_o_26,0,40,0.0,0.0
rf_reg[17] + sp_o_rf_tag,0,40,0.0,0.0
rf_reg[18] + sp_o_5,0,40,0.0,0.0
rf_reg[18] + sp_o_26,0,40,0.0,0.0
rf_reg[18] + sp_o_rf_tag,0,40,0.0,0.0
rf_reg[19] + sp_o_5,0,40,0.0,0.0
rf_reg[19] + sp_o_26,0,40,0.0,0.0
rf_reg[19] + sp_o_rf_tag,0,40,0.0,0.0
rf_reg[20] + sp_o_5,0,40,0.0,0.0
rf_reg[20] + sp_o_26,0,40,0.0,0.0
rf_reg[20] + sp_o_rf_tag,0,40,0.0,0.0
rf_reg[21] + sp_o_5,0,40,0.0,0.0
rf_reg[21] + sp_o_26,0,40,0.0,0.0
rf_reg[21] + sp_o_rf_tag,0,40,0.0,0.0
rf_reg[22] + sp_o_5,0,40,0.0,0.0
rf_reg[22] + sp_o_26,0,40,0.0,0.0
rf_reg[22] + sp_o_rf_tag,0,40,0.0,0.0
rf_reg[23] + sp_o_5,0,40,0.0,0.0
rf_reg[23] + sp_o_26,0,40,0.0,0.0
rf_reg[23] + sp_o_rf_tag,0,40,0.0,0.0
rf_reg[24] + sp_o_5,0,40,0.0,0.0
rf_reg[24] + sp_o_26,0,40,0.0,0.0
rf_reg[24] + sp_o_rf_tag,0,40,0.0,0.0
rf_reg[25] + sp_o_5,0,40,0.0,0.0
rf_reg[25] + sp_o_26,0,40,0.0,0.0
rf_reg[25] + sp_o_rf_tag,0,40,0.0,0.0
rf_reg[26] + sp_o_5,0,40,0.0,0.0
rf_reg[26] + sp_o_26,0,40,0.0,0.0
rf_reg[26] + sp_o_rf_tag,0,40,0.0,0.0
rf_reg[27] + sp_o_5,0,40,0.0,0.0
rf_reg[27] + sp_o_26,0,40,0.0,0.0
rf_reg[27] + sp_o_rf_tag,0,40,0.0,0.0
rf_reg[28] + sp_o_5,0,40,0.0,0.0
rf_reg[28] + sp_o_26,0,40,0.0,0.0
rf_reg[28] + sp_o_rf_tag,0,40,0.0,0.0
rf_reg[29] + sp_o_5,0,40,0.0,0.0
rf_reg[29] + sp_o_26,0,40,0.0,0.0
rf_reg[29] + sp_o_rf_tag,0,40,0.0,0.0
rf_reg[30] + sp_o_5,0,40,0.0,0.0
rf_reg[30] + sp_o_26,0,40,0.0,0.0
rf_reg[30] + sp_o_rf_tag,0,40,0.0,0.0
rf_reg[31] + sp_o_5,0,40,0.0,0.0
rf_reg[31] + sp_o_26,0,40,0.0,0.0
rf_reg[31] + sp_o_rf_tag,0,40,0.0,0.0
rs1_o_tag + sp_o_5,0,40,0.0,0.0
rs1_o_tag + sp_o_26,0,40,0.0,0.0
rs1_o_tag + sp_o_rf_tag,0,40,0.0,0.0
data_we_q_tag + sp_o_5,0,40,0.0,0.0
data_we_q_tag + sp_o_26,0,40,0.0,0.0
data_we_q_tag + sp_o_rf_tag,0,40,0.0,0.0
sp_o_26 + sp_o_5,0,40,0.0,0.0
sp_o_5 + sp_o_rf_tag,0,40,0.0,0.0
sp_o_26 + sp_o_rf_tag,0,40,0.0,0.0
alu_operand_b_ex_o_tag + sp_o_5,0,40,0.0,0.0
alu_operand_b_ex_o_tag + sp_o_rf_tag,0,40,0.0,0.0
alu_operand_c_ex_o_tag + sp_o_5,0,40,0.0,0.0
alu_operand_c_ex_o_tag + sp_o_26,0,40,0.0,0.0
alu_operand_c_ex_o_tag + sp_o_rf_tag,0,40,0.0,0.0
