register_pair,successful_simulations,total_simulations,success_rate,success_rate_percent
tcr_execute/hc_o + tpr_load_store_enable/hc_o,46,456,0.10087719298245613,10.087719298245613
csr_group12/hc_o + tcr_execute/hc_o,46,456,0.10087719298245613,10.087719298245613
csr_group15/hc_o + tcr_execute/hc_o,46,456,0.10087719298245613,10.087719298245613
hc_o_rf_tag + tcr_execute/hc_o,626,6432,0.09732587064676616,9.732587064676617
regfile_alu_waddr_ex_o_tag + tcr_execute/hc_o,320,3312,0.0966183574879227,9.66183574879227
memory_set_o_tag/hc_o + tcr_execute/hc_o,23,240,0.09583333333333334,9.583333333333334
id_group9/hc_o + tcr_execute/hc_o,23,240,0.09583333333333334,9.583333333333334
rdata_q_tag + tcr_execute/hc_o,160,1728,0.09259259259259259,9.25925925925926
hc_o_5 + tcr_execute/hc_o,80,864,0.09259259259259259,9.25925925925926
tcr_execute/hc_o + tpr_load_store_mode/hc_o,41,456,0.08991228070175439,8.991228070175438
alu_operator_o_mode/hc_o + tcr_execute/hc_o,40,456,0.08771929824561403,8.771929824561402
tcr_execute/hc_o + tpr_branch/hc_o,40,456,0.08771929824561403,8.771929824561402
tcr_execute/hc_o + tpr_jump/hc_o,40,456,0.08771929824561403,8.771929824561402
tcr_execute/hc_o + tpr_shift/hc_o,40,456,0.08771929824561403,8.771929824561402
tcr_execute/hc_o + tpr_comparison/hc_o,40,456,0.08771929824561403,8.771929824561402
tcr_execute/hc_o + tpr_logical/hc_o,40,456,0.08771929824561403,8.771929824561402
tcr_execute/hc_o + tcr_shift/hc_o,40,456,0.08771929824561403,8.771929824561402
tcr_comparison/hc_o + tcr_execute/hc_o,40,456,0.08771929824561403,8.771929824561402
tcr_execute/hc_o + tcr_logical/hc_o,40,456,0.08771929824561403,8.771929824561402
rdata_offset_q_tag/hc_o + tcr_execute/hc_o,40,456,0.08771929824561403,8.771929824561402
data_type_q_tag/hc_o + tcr_execute/hc_o,40,456,0.08771929824561403,8.771929824561402
rdata_q_tag/hc_o + tcr_execute/hc_o,40,456,0.08771929824561403,8.771929824561402
if_stage/hc_o + tcr_execute/hc_o,40,456,0.08771929824561403,8.771929824561402
id_group0/hc_o + tcr_execute/hc_o,40,456,0.08771929824561403,8.771929824561402
id_group1/hc_o + tcr_execute/hc_o,40,456,0.08771929824561403,8.771929824561402
id_group4/hc_o + tcr_execute/hc_o,40,456,0.08771929824561403,8.771929824561402
id_group5/hc_o + tcr_execute/hc_o,40,456,0.08771929824561403,8.771929824561402
id_group6/hc_o + tcr_execute/hc_o,40,456,0.08771929824561403,8.771929824561402
id_group7/hc_o + tcr_execute/hc_o,40,456,0.08771929824561403,8.771929824561402
csr_group3/hc_o + tcr_execute/hc_o,40,456,0.08771929824561403,8.771929824561402
csr_group6/hc_o + tcr_execute/hc_o,40,456,0.08771929824561403,8.771929824561402
csr_group8/hc_o + tcr_execute/hc_o,40,456,0.08771929824561403,8.771929824561402
csr_group9/hc_o + tcr_execute/hc_o,40,456,0.08771929824561403,8.771929824561402
csr_group10/hc_o + tcr_execute/hc_o,40,456,0.08771929824561403,8.771929824561402
csr_group11/hc_o + tcr_execute/hc_o,40,456,0.08771929824561403,8.771929824561402
csr_group16/hc_o + tcr_execute/hc_o,40,456,0.08771929824561403,8.771929824561402
lsu_group2/hc_o + tcr_execute/hc_o,40,456,0.08771929824561403,8.771929824561402
lsu_group3/hc_o + tcr_execute/hc_o,40,456,0.08771929824561403,8.771929824561402
lsu_group4/hc_o + tcr_execute/hc_o,40,456,0.08771929824561403,8.771929824561402
lsu_group5/hc_o + tcr_execute/hc_o,40,456,0.08771929824561403,8.771929824561402
pc_if_o_tag/hc_o + tcr_execute/hc_o,21,240,0.0875,8.75
data_type_q_tag + tcr_execute/hc_o,40,480,0.08333333333333333,8.333333333333332
rdata_offset_q_tag + tcr_execute/hc_o,40,480,0.08333333333333333,8.333333333333332
alu_operator_o_mode + tcr_execute/hc_o,40,480,0.08333333333333333,8.333333333333332
id_group3/hc_o + tcr_execute/hc_o,38,456,0.08333333333333333,8.333333333333332
lsu_group1/hc_o + tcr_execute/hc_o,38,456,0.08333333333333333,8.333333333333332
alu_operand_a_ex_o_tag + tcr_execute/hc_o,20,240,0.08333333333333333,8.333333333333332
tcr_execute/hc_o + use_store_ops_ex_o,20,240,0.08333333333333333,8.333333333333332
rf_reg[0] + tcr_execute/hc_o,20,240,0.08333333333333333,8.333333333333332
rf_reg[1] + tcr_execute/hc_o,20,240,0.08333333333333333,8.333333333333332
rf_reg[2] + tcr_execute/hc_o,20,240,0.08333333333333333,8.333333333333332
rf_reg[3] + tcr_execute/hc_o,20,240,0.08333333333333333,8.333333333333332
rf_reg[4] + tcr_execute/hc_o,20,240,0.08333333333333333,8.333333333333332
rf_reg[5] + tcr_execute/hc_o,20,240,0.08333333333333333,8.333333333333332
rf_reg[6] + tcr_execute/hc_o,20,240,0.08333333333333333,8.333333333333332
rf_reg[7] + tcr_execute/hc_o,20,240,0.08333333333333333,8.333333333333332
rf_reg[8] + tcr_execute/hc_o,20,240,0.08333333333333333,8.333333333333332
rf_reg[10] + tcr_execute/hc_o,20,240,0.08333333333333333,8.333333333333332
rf_reg[11] + tcr_execute/hc_o,20,240,0.08333333333333333,8.333333333333332
rf_reg[12] + tcr_execute/hc_o,20,240,0.08333333333333333,8.333333333333332
alu_operand_b_ex_o_tag + tcr_execute/hc_o,20,240,0.08333333333333333,8.333333333333332
rf_reg[13] + tcr_execute/hc_o,20,240,0.08333333333333333,8.333333333333332
rf_reg[14] + tcr_execute/hc_o,20,240,0.08333333333333333,8.333333333333332
rf_reg[15] + tcr_execute/hc_o,20,240,0.08333333333333333,8.333333333333332
rf_reg[16] + tcr_execute/hc_o,20,240,0.08333333333333333,8.333333333333332
rf_reg[17] + tcr_execute/hc_o,20,240,0.08333333333333333,8.333333333333332
rf_reg[18] + tcr_execute/hc_o,20,240,0.08333333333333333,8.333333333333332
rf_reg[19] + tcr_execute/hc_o,20,240,0.08333333333333333,8.333333333333332
rf_reg[20] + tcr_execute/hc_o,20,240,0.08333333333333333,8.333333333333332
rf_reg[21] + tcr_execute/hc_o,20,240,0.08333333333333333,8.333333333333332
rf_reg[22] + tcr_execute/hc_o,20,240,0.08333333333333333,8.333333333333332
rf_reg[23] + tcr_execute/hc_o,20,240,0.08333333333333333,8.333333333333332
rf_reg[24] + tcr_execute/hc_o,20,240,0.08333333333333333,8.333333333333332
alu_operand_c_ex_o_tag + tcr_execute/hc_o,20,240,0.08333333333333333,8.333333333333332
rf_reg[25] + tcr_execute/hc_o,20,240,0.08333333333333333,8.333333333333332
rf_reg[26] + tcr_execute/hc_o,20,240,0.08333333333333333,8.333333333333332
rf_reg[27] + tcr_execute/hc_o,20,240,0.08333333333333333,8.333333333333332
rf_reg[28] + tcr_execute/hc_o,20,240,0.08333333333333333,8.333333333333332
rf_reg[29] + tcr_execute/hc_o,20,240,0.08333333333333333,8.333333333333332
rf_reg[30] + tcr_execute/hc_o,20,240,0.08333333333333333,8.333333333333332
rf_reg[31] + tcr_execute/hc_o,20,240,0.08333333333333333,8.333333333333332
rs1_o_tag + tcr_execute/hc_o,20,240,0.08333333333333333,8.333333333333332
data_we_q_tag + tcr_execute/hc_o,20,240,0.08333333333333333,8.333333333333332
store_dest_addr_ex_o_tag/hc_o + tcr_execute/hc_o,20,240,0.08333333333333333,8.333333333333332
store_source_ex_o_tag/hc_o + tcr_execute/hc_o,20,240,0.08333333333333333,8.333333333333332
tcr_execute/hc_o + use_store_ops_ex_o/hc_o,20,240,0.08333333333333333,8.333333333333332
check_d_o_tag + tcr_execute/hc_o,20,240,0.08333333333333333,8.333333333333332
alu_operand_c_ex_o_tag/hc_o + tcr_execute/hc_o,20,240,0.08333333333333333,8.333333333333332
check_s1_o_tag/hc_o + tcr_execute/hc_o,20,240,0.08333333333333333,8.333333333333332
check_s2_o_tag/hc_o + tcr_execute/hc_o,20,240,0.08333333333333333,8.333333333333332
check_d_o_tag/hc_o + tcr_execute/hc_o,20,240,0.08333333333333333,8.333333333333332
is_store_post_o_tag/hc_o + tcr_execute/hc_o,20,240,0.08333333333333333,8.333333333333332
check_s1_o_tag + tcr_execute/hc_o,20,240,0.08333333333333333,8.333333333333332
check_s2_o_tag + tcr_execute/hc_o,20,240,0.08333333333333333,8.333333333333332
is_store_post_o_tag + tcr_execute/hc_o,20,240,0.08333333333333333,8.333333333333332
data_we_q_tag/hc_o + tcr_execute/hc_o,20,240,0.08333333333333333,8.333333333333332
pc_id_o_tag + tcr_execute/hc_o,20,240,0.08333333333333333,8.333333333333332
memory_set_o_tag + tcr_execute/hc_o,20,240,0.08333333333333333,8.333333333333332
pc_if_o_tag + tcr_execute/hc_o,20,240,0.08333333333333333,8.333333333333332
register_set_o_tag + tcr_execute/hc_o,20,240,0.08333333333333333,8.333333333333332
store_dest_addr_ex_o_tag + tcr_execute/hc_o,20,240,0.08333333333333333,8.333333333333332
store_source_ex_o_tag + tcr_execute/hc_o,20,240,0.08333333333333333,8.333333333333332
csr_group14/hc_o + tcr_execute/hc_o,20,240,0.08333333333333333,8.333333333333332
csr_group18/hc_o + tcr_execute/hc_o,20,240,0.08333333333333333,8.333333333333332
csr_group20/hc_o + tcr_execute/hc_o,20,240,0.08333333333333333,8.333333333333332
tcr_execute/hc_o + tcr_execute/sd_o,10,120,0.08333333333333333,8.333333333333332
id_group8/hc_o + tcr_execute/hc_o,37,456,0.08114035087719298,8.114035087719298
pc_id_o_tag/hc_o + tcr_execute/hc_o,19,240,0.07916666666666666,7.916666666666666
id_group2/hc_o + tcr_execute/hc_o,36,456,0.07894736842105263,7.894736842105263
tcr_execute/hc_o + tpr_arith/hc_o,35,456,0.07675438596491228,7.675438596491229
tcr_branch/hc_o + tcr_execute/hc_o,35,456,0.07675438596491228,7.675438596491229
csr_group0/hc_o + tcr_execute/hc_o,35,456,0.07675438596491228,7.675438596491229
csr_group1/hc_o + tcr_execute/hc_o,35,456,0.07675438596491228,7.675438596491229
csr_group2/hc_o + tcr_execute/hc_o,35,456,0.07675438596491228,7.675438596491229
csr_group4/hc_o + tcr_execute/hc_o,35,456,0.07675438596491228,7.675438596491229
csr_group5/hc_o + tcr_execute/hc_o,35,456,0.07675438596491228,7.675438596491229
csr_group7/hc_o + tcr_execute/hc_o,35,456,0.07675438596491228,7.675438596491229
csr_group13/hc_o + tcr_execute/hc_o,35,456,0.07675438596491228,7.675438596491229
csr_group17/hc_o + tcr_execute/hc_o,35,456,0.07675438596491228,7.675438596491229
alu_operand_b_ex_o_tag/hc_o + tcr_execute/hc_o,18,240,0.075,7.5
rs1_o_tag/hc_o + tcr_execute/hc_o,18,240,0.075,7.5
register_set_o_tag/hc_o + tcr_execute/hc_o,17,240,0.07083333333333333,7.083333333333333
if_stage/hc_o + pc_if_o_tag,32,456,0.07017543859649122,7.017543859649122
alu_operand_a_ex_o_tag/hc_o + tcr_execute/hc_o,16,240,0.06666666666666667,6.666666666666667
memory_set_o_tag + sp_o_26,2,30,0.06666666666666667,6.666666666666667
rf_reg[1] + sp_o_rf_tag,2,30,0.06666666666666667,6.666666666666667
tcr_arith/hc_o + tcr_execute/hc_o,30,456,0.06578947368421052,6.578947368421052
tcr_execute/hc_o + tcr_jump/hc_o,30,456,0.06578947368421052,6.578947368421052
tcr_execute/hc_o + tcr_load_store/hc_o,30,456,0.06578947368421052,6.578947368421052
hc_o_rf_tag + rf_reg[1],504,8040,0.0626865671641791,6.26865671641791
csr_group19/hc_o + tcr_execute/hc_o,15,240,0.0625,6.25
id_stage/hc_o + memory_set_o_tag,50,828,0.06038647342995169,6.038647342995169
memory_set_o_tag + memory_set_o_tag/hc_o,14,240,0.058333333333333334,5.833333333333333
pc_if_o_tag + pc_if_o_tag/hc_o,14,240,0.058333333333333334,5.833333333333333
id_group9/hc_o + memory_set_o_tag,7,120,0.058333333333333334,5.833333333333333
hc_o_26 + memory_set_o_tag,47,828,0.05676328502415459,5.676328502415459
pc_id_o_tag + pc_if_o_tag,17,360,0.04722222222222222,4.722222222222222
rf_reg[1] + rf_reg[2],15,360,0.041666666666666664,4.166666666666666
rf_reg[1] + rf_reg[3],15,360,0.041666666666666664,4.166666666666666
rf_reg[1] + rf_reg[4],15,360,0.041666666666666664,4.166666666666666
rf_reg[1] + rf_reg[5],15,360,0.041666666666666664,4.166666666666666
rf_reg[1] + rf_reg[6],15,360,0.041666666666666664,4.166666666666666
rf_reg[1] + rf_reg[7],15,360,0.041666666666666664,4.166666666666666
rf_reg[1] + rf_reg[8],15,360,0.041666666666666664,4.166666666666666
rf_reg[1] + rf_reg[9],15,360,0.041666666666666664,4.166666666666666
rf_reg[10] + rf_reg[1],15,360,0.041666666666666664,4.166666666666666
rf_reg[11] + rf_reg[1],15,360,0.041666666666666664,4.166666666666666
rf_reg[12] + rf_reg[1],15,360,0.041666666666666664,4.166666666666666
rf_reg[13] + rf_reg[1],15,360,0.041666666666666664,4.166666666666666
rf_reg[14] + rf_reg[1],15,360,0.041666666666666664,4.166666666666666
rf_reg[15] + rf_reg[1],15,360,0.041666666666666664,4.166666666666666
rf_reg[16] + rf_reg[1],15,360,0.041666666666666664,4.166666666666666
rf_reg[17] + rf_reg[1],15,360,0.041666666666666664,4.166666666666666
rf_reg[18] + rf_reg[1],15,360,0.041666666666666664,4.166666666666666
rf_reg[19] + rf_reg[1],15,360,0.041666666666666664,4.166666666666666
rf_reg[1] + rf_reg[20],15,360,0.041666666666666664,4.166666666666666
rf_reg[1] + rf_reg[21],15,360,0.041666666666666664,4.166666666666666
rf_reg[1] + rf_reg[22],15,360,0.041666666666666664,4.166666666666666
rf_reg[1] + rf_reg[23],15,360,0.041666666666666664,4.166666666666666
rf_reg[1] + rf_reg[24],15,360,0.041666666666666664,4.166666666666666
rf_reg[1] + rf_reg[25],15,360,0.041666666666666664,4.166666666666666
rf_reg[1] + rf_reg[26],15,360,0.041666666666666664,4.166666666666666
rf_reg[1] + rf_reg[27],15,360,0.041666666666666664,4.166666666666666
rf_reg[1] + rf_reg[28],15,360,0.041666666666666664,4.166666666666666
rf_reg[1] + rf_reg[29],15,360,0.041666666666666664,4.166666666666666
rf_reg[1] + rf_reg[30],15,360,0.041666666666666664,4.166666666666666
rf_reg[1] + rf_reg[31],15,360,0.041666666666666664,4.166666666666666
rf_reg[9] + tcr_execute/hc_o,10,240,0.041666666666666664,4.166666666666666
csr_group12/hc_o + csr_group15/hc_o,30,876,0.03424657534246575,3.4246575342465753
memory_set_o_tag/hc_o + tpr_load_store_enable/hc_o,15,456,0.03289473684210526,3.289473684210526
csr_group12/hc_o + id_group9/hc_o,15,456,0.03289473684210526,3.289473684210526
csr_group15/hc_o + id_group9/hc_o,15,456,0.03289473684210526,3.289473684210526
tpr_load_store_enable/hc_o + tpr_load_store_mode/hc_o,28,876,0.0319634703196347,3.1963470319634704
pc_if_o_tag/hc_o + tpr_load_store_enable/hc_o,14,456,0.03070175438596491,3.070175438596491
memory_set_o_tag/hc_o + tpr_load_store_mode/hc_o,14,456,0.03070175438596491,3.070175438596491
alu_operator_o_mode + memory_set_o_tag,22,720,0.030555555555555555,3.0555555555555554
rf_reg[0] + rf_reg[1],11,360,0.030555555555555555,3.0555555555555554
memory_set_o_tag/hc_o + tpr/hc_o_32,50,1656,0.030193236714975844,3.0193236714975846
memory_set_o_tag/hc_o + tcr/hc_o_32,49,1656,0.029589371980676328,2.9589371980676327
memory_set_o_tag/hc_o + pc_if_o_tag/hc_o,14,480,0.029166666666666667,2.9166666666666665
pc_if_o_tag/hc_o + tpr_load_store_mode/hc_o,13,456,0.02850877192982456,2.850877192982456
pc_if_o_tag/hc_o + tpr/hc_o_32,47,1656,0.028381642512077296,2.8381642512077296
pc_if_o_tag/hc_o + tcr/hc_o_32,47,1656,0.028381642512077296,2.8381642512077296
lsu_reg/hc_o + tcr/hc_o_32,80,3192,0.02506265664160401,2.506265664160401
check_s1_o_tag + memory_set_o_tag,9,360,0.025,2.5
check_s2_o_tag + memory_set_o_tag,9,360,0.025,2.5
memory_set_o_tag + store_dest_addr_ex_o_tag,9,360,0.025,2.5
memory_set_o_tag + store_source_ex_o_tag,9,360,0.025,2.5
memory_set_o_tag + use_store_ops_ex_o,9,360,0.025,2.5
alu_operand_b_ex_o_tag + memory_set_o_tag,9,360,0.025,2.5
alu_operand_c_ex_o_tag + memory_set_o_tag,9,360,0.025,2.5
tcr/hc_o_32 + tpr/hc_o_32,918,37764,0.02430886558627264,2.430886558627264
tpr_arith/hc_o + tpr_load_store_mode/hc_o,20,876,0.0228310502283105,2.28310502283105
csr_group12/hc_o + if_stage/hc_o,20,876,0.0228310502283105,2.28310502283105
csr_group15/hc_o + if_stage/hc_o,20,876,0.0228310502283105,2.28310502283105
memory_set_o_tag + rdata_q_tag,59,2592,0.022762345679012346,2.2762345679012346
data_type_q_tag + memory_set_o_tag,16,720,0.022222222222222223,2.2222222222222223
rf_reg[4] + rf_reg[7],8,360,0.022222222222222223,2.2222222222222223
rf_reg[10] + rf_reg[5],8,360,0.022222222222222223,2.2222222222222223
rf_reg[6] + rf_reg[9],8,360,0.022222222222222223,2.2222222222222223
rf_reg[11] + rf_reg[14],8,360,0.022222222222222223,2.2222222222222223
rf_reg[12] + rf_reg[17],8,360,0.022222222222222223,2.2222222222222223
rf_reg[13] + rf_reg[16],8,360,0.022222222222222223,2.2222222222222223
rf_reg[18] + rf_reg[23],8,360,0.022222222222222223,2.2222222222222223
rf_reg[19] + rf_reg[22],8,360,0.022222222222222223,2.2222222222222223
rf_reg[20] + rf_reg[25],8,360,0.022222222222222223,2.2222222222222223
rf_reg[21] + rf_reg[24],8,360,0.022222222222222223,2.2222222222222223
rf_reg[26] + rf_reg[29],8,360,0.022222222222222223,2.2222222222222223
rf_reg[28] + rf_reg[31],8,360,0.022222222222222223,2.2222222222222223
if_stage/hc_o + pc_id_o_tag,10,456,0.021929824561403508,2.1929824561403506
id_group9/hc_o + if_stage/hc_o,10,456,0.021929824561403508,2.1929824561403506
hc_o_rf_tag + tpr_load_store_enable/hc_o,134,6360,0.021069182389937106,2.1069182389937104
csr_group12/hc_o + hc_o_rf_tag,134,6360,0.021069182389937106,2.1069182389937104
csr_group15/hc_o + hc_o_rf_tag,134,6360,0.021069182389937106,2.1069182389937104
hc_o_rf_tag + tpr_load_store_mode/hc_o,133,6360,0.02091194968553459,2.091194968553459
hc_o_rf_tag + pc_if_o_tag/hc_o,134,6432,0.020833333333333332,2.083333333333333
hc_o_rf_tag + memory_set_o_tag/hc_o,134,6432,0.020833333333333332,2.083333333333333
hc_o_rf_tag + id_group9/hc_o,67,3216,0.020833333333333332,2.083333333333333
pc_id_o_tag/hc_o + pc_if_o_tag/hc_o,10,480,0.020833333333333332,2.083333333333333
if_stage/hc_o + tcr/hc_o_32,66,3252,0.02029520295202952,2.029520295202952
lsu_reg/hc_o + tpr/hc_o_32,64,3192,0.020050125313283207,2.0050125313283207
regfile_alu_waddr_ex_o_tag + tpr_load_store_mode/hc_o,64,3252,0.01968019680196802,1.968019680196802
regfile_alu_waddr_ex_o_tag + tpr_load_store_enable/hc_o,64,3252,0.01968019680196802,1.968019680196802
csr_group12/hc_o + regfile_alu_waddr_ex_o_tag,64,3252,0.01968019680196802,1.968019680196802
csr_group15/hc_o + regfile_alu_waddr_ex_o_tag,64,3252,0.01968019680196802,1.968019680196802
tpr/hc_o_32 + tpr_q,112,5760,0.019444444444444445,1.9444444444444444
memory_set_o_tag + rdata_offset_q_tag,14,720,0.019444444444444445,1.9444444444444444
check_d_o_tag + memory_set_o_tag,7,360,0.019444444444444445,1.9444444444444444
is_store_post_o_tag + memory_set_o_tag,7,360,0.019444444444444445,1.9444444444444444
memory_set_o_tag + register_set_o_tag,7,360,0.019444444444444445,1.9444444444444444
memory_set_o_tag + rs1_o_tag,7,360,0.019444444444444445,1.9444444444444444
data_we_q_tag + memory_set_o_tag,7,360,0.019444444444444445,1.9444444444444444
if_stage/hc_o + tpr/hc_o_32,63,3252,0.01937269372693727,1.9372693726937271
pc_if_o_tag/hc_o + regfile_alu_waddr_ex_o_tag,64,3312,0.01932367149758454,1.932367149758454
memory_set_o_tag/hc_o + regfile_alu_waddr_ex_o_tag,64,3312,0.01932367149758454,1.932367149758454
id_group9/hc_o + regfile_alu_waddr_ex_o_tag,32,1656,0.01932367149758454,1.932367149758454
tcr/hc_o_32 + tcr_q,110,5760,0.019097222222222224,1.9097222222222223
rdata_q_tag + tpr_load_store_mode/hc_o,32,1680,0.01904761904761905,1.9047619047619049
rdata_q_tag + tpr_load_store_enable/hc_o,32,1680,0.01904761904761905,1.9047619047619049
hc_o_5 + tpr_load_store_mode/hc_o,32,1680,0.01904761904761905,1.9047619047619049
hc_o_5 + tpr_load_store_enable/hc_o,32,1680,0.01904761904761905,1.9047619047619049
csr_group12/hc_o + rdata_q_tag,32,1680,0.01904761904761905,1.9047619047619049
csr_group15/hc_o + rdata_q_tag,32,1680,0.01904761904761905,1.9047619047619049
if_stage/hc_o + lsu_reg/hc_o,16,840,0.01904761904761905,1.9047619047619049
pc_if_o_tag/hc_o + rdata_q_tag,32,1728,0.018518518518518517,1.8518518518518516
memory_set_o_tag/hc_o + rdata_q_tag,32,1728,0.018518518518518517,1.8518518518518516
hc_o_5 + pc_if_o_tag/hc_o,32,1728,0.018518518518518517,1.8518518518518516
hc_o_5 + memory_set_o_tag/hc_o,32,1728,0.018518518518518517,1.8518518518518516
id_group9/hc_o + rdata_q_tag,16,864,0.018518518518518517,1.8518518518518516
alu_operator_o_mode/hc_o + tpr_load_store_mode/hc_o,16,876,0.0182648401826484,1.82648401826484
alu_operator_o_mode/hc_o + tpr_load_store_enable/hc_o,16,876,0.0182648401826484,1.82648401826484
tpr_arith/hc_o + tpr_load_store_enable/hc_o,16,876,0.0182648401826484,1.82648401826484
tpr_branch/hc_o + tpr_load_store_mode/hc_o,16,876,0.0182648401826484,1.82648401826484
tpr_branch/hc_o + tpr_load_store_enable/hc_o,16,876,0.0182648401826484,1.82648401826484
tpr_jump/hc_o + tpr_load_store_mode/hc_o,16,876,0.0182648401826484,1.82648401826484
tpr_jump/hc_o + tpr_load_store_enable/hc_o,16,876,0.0182648401826484,1.82648401826484
tpr_load_store_mode/hc_o + tpr_shift/hc_o,16,876,0.0182648401826484,1.82648401826484
tpr_load_store_enable/hc_o + tpr_shift/hc_o,16,876,0.0182648401826484,1.82648401826484
tpr_comparison/hc_o + tpr_load_store_mode/hc_o,16,876,0.0182648401826484,1.82648401826484
tpr_comparison/hc_o + tpr_load_store_enable/hc_o,16,876,0.0182648401826484,1.82648401826484
tpr_load_store_mode/hc_o + tpr_logical/hc_o,16,876,0.0182648401826484,1.82648401826484
tpr_load_store_enable/hc_o + tpr_logical/hc_o,16,876,0.0182648401826484,1.82648401826484
tcr_arith/hc_o + tpr_load_store_mode/hc_o,16,876,0.0182648401826484,1.82648401826484
tcr_branch/hc_o + tpr_load_store_mode/hc_o,16,876,0.0182648401826484,1.82648401826484
tcr_jump/hc_o + tpr_load_store_mode/hc_o,16,876,0.0182648401826484,1.82648401826484
tcr_shift/hc_o + tpr_load_store_mode/hc_o,16,876,0.0182648401826484,1.82648401826484
tcr_comparison/hc_o + tpr_load_store_mode/hc_o,16,876,0.0182648401826484,1.82648401826484
tcr_logical/hc_o + tpr_load_store_mode/hc_o,16,876,0.0182648401826484,1.82648401826484
tcr_load_store/hc_o + tpr_load_store_mode/hc_o,16,876,0.0182648401826484,1.82648401826484
rdata_offset_q_tag/hc_o + tpr_load_store_mode/hc_o,16,876,0.0182648401826484,1.82648401826484
data_type_q_tag/hc_o + tpr_load_store_mode/hc_o,16,876,0.0182648401826484,1.82648401826484
rdata_q_tag/hc_o + tpr_load_store_mode/hc_o,16,876,0.0182648401826484,1.82648401826484
tcr_arith/hc_o + tpr_load_store_enable/hc_o,16,876,0.0182648401826484,1.82648401826484
tcr_branch/hc_o + tpr_load_store_enable/hc_o,16,876,0.0182648401826484,1.82648401826484
tcr_jump/hc_o + tpr_load_store_enable/hc_o,16,876,0.0182648401826484,1.82648401826484
tcr_shift/hc_o + tpr_load_store_enable/hc_o,16,876,0.0182648401826484,1.82648401826484
tcr_comparison/hc_o + tpr_load_store_enable/hc_o,16,876,0.0182648401826484,1.82648401826484
tcr_logical/hc_o + tpr_load_store_enable/hc_o,16,876,0.0182648401826484,1.82648401826484
rdata_offset_q_tag/hc_o + tpr_load_store_enable/hc_o,16,876,0.0182648401826484,1.82648401826484
data_type_q_tag/hc_o + tpr_load_store_enable/hc_o,16,876,0.0182648401826484,1.82648401826484
rdata_q_tag/hc_o + tpr_load_store_enable/hc_o,16,876,0.0182648401826484,1.82648401826484
csr_group12/hc_o + id_group0/hc_o,16,876,0.0182648401826484,1.82648401826484
csr_group15/hc_o + id_group0/hc_o,16,876,0.0182648401826484,1.82648401826484
csr_group12/hc_o + id_group1/hc_o,16,876,0.0182648401826484,1.82648401826484
csr_group15/hc_o + id_group1/hc_o,16,876,0.0182648401826484,1.82648401826484
csr_group12/hc_o + id_group3/hc_o,16,876,0.0182648401826484,1.82648401826484
csr_group15/hc_o + id_group3/hc_o,16,876,0.0182648401826484,1.82648401826484
csr_group12/hc_o + id_group4/hc_o,16,876,0.0182648401826484,1.82648401826484
csr_group15/hc_o + id_group4/hc_o,16,876,0.0182648401826484,1.82648401826484
csr_group12/hc_o + id_group5/hc_o,16,876,0.0182648401826484,1.82648401826484
csr_group15/hc_o + id_group5/hc_o,16,876,0.0182648401826484,1.82648401826484
csr_group12/hc_o + id_group6/hc_o,16,876,0.0182648401826484,1.82648401826484
csr_group15/hc_o + id_group6/hc_o,16,876,0.0182648401826484,1.82648401826484
csr_group12/hc_o + id_group7/hc_o,16,876,0.0182648401826484,1.82648401826484
csr_group15/hc_o + id_group7/hc_o,16,876,0.0182648401826484,1.82648401826484
csr_group12/hc_o + id_group8/hc_o,16,876,0.0182648401826484,1.82648401826484
csr_group15/hc_o + id_group8/hc_o,16,876,0.0182648401826484,1.82648401826484
csr_group0/hc_o + csr_group12/hc_o,16,876,0.0182648401826484,1.82648401826484
csr_group0/hc_o + csr_group15/hc_o,16,876,0.0182648401826484,1.82648401826484
csr_group1/hc_o + csr_group12/hc_o,16,876,0.0182648401826484,1.82648401826484
csr_group1/hc_o + csr_group15/hc_o,16,876,0.0182648401826484,1.82648401826484
csr_group12/hc_o + csr_group2/hc_o,16,876,0.0182648401826484,1.82648401826484
csr_group15/hc_o + csr_group2/hc_o,16,876,0.0182648401826484,1.82648401826484
csr_group12/hc_o + csr_group3/hc_o,16,876,0.0182648401826484,1.82648401826484
csr_group15/hc_o + csr_group3/hc_o,16,876,0.0182648401826484,1.82648401826484
csr_group12/hc_o + csr_group4/hc_o,16,876,0.0182648401826484,1.82648401826484
csr_group15/hc_o + csr_group4/hc_o,16,876,0.0182648401826484,1.82648401826484
csr_group12/hc_o + csr_group5/hc_o,16,876,0.0182648401826484,1.82648401826484
csr_group15/hc_o + csr_group5/hc_o,16,876,0.0182648401826484,1.82648401826484
csr_group12/hc_o + csr_group6/hc_o,16,876,0.0182648401826484,1.82648401826484
csr_group15/hc_o + csr_group6/hc_o,16,876,0.0182648401826484,1.82648401826484
csr_group12/hc_o + csr_group7/hc_o,16,876,0.0182648401826484,1.82648401826484
csr_group15/hc_o + csr_group7/hc_o,16,876,0.0182648401826484,1.82648401826484
csr_group12/hc_o + csr_group8/hc_o,16,876,0.0182648401826484,1.82648401826484
csr_group15/hc_o + csr_group8/hc_o,16,876,0.0182648401826484,1.82648401826484
csr_group12/hc_o + csr_group9/hc_o,16,876,0.0182648401826484,1.82648401826484
csr_group15/hc_o + csr_group9/hc_o,16,876,0.0182648401826484,1.82648401826484
csr_group10/hc_o + csr_group12/hc_o,16,876,0.0182648401826484,1.82648401826484
csr_group10/hc_o + csr_group15/hc_o,16,876,0.0182648401826484,1.82648401826484
csr_group11/hc_o + csr_group12/hc_o,16,876,0.0182648401826484,1.82648401826484
csr_group11/hc_o + csr_group15/hc_o,16,876,0.0182648401826484,1.82648401826484
csr_group12/hc_o + csr_group13/hc_o,16,876,0.0182648401826484,1.82648401826484
csr_group12/hc_o + csr_group16/hc_o,16,876,0.0182648401826484,1.82648401826484
csr_group12/hc_o + lsu_group2/hc_o,16,876,0.0182648401826484,1.82648401826484
csr_group12/hc_o + lsu_group3/hc_o,16,876,0.0182648401826484,1.82648401826484
csr_group12/hc_o + lsu_group4/hc_o,16,876,0.0182648401826484,1.82648401826484
csr_group12/hc_o + lsu_group5/hc_o,16,876,0.0182648401826484,1.82648401826484
csr_group15/hc_o + csr_group16/hc_o,16,876,0.0182648401826484,1.82648401826484
csr_group15/hc_o + lsu_group2/hc_o,16,876,0.0182648401826484,1.82648401826484
csr_group15/hc_o + lsu_group3/hc_o,16,876,0.0182648401826484,1.82648401826484
csr_group15/hc_o + lsu_group4/hc_o,16,876,0.0182648401826484,1.82648401826484
csr_group15/hc_o + lsu_group5/hc_o,16,876,0.0182648401826484,1.82648401826484
memory_set_o_tag + regfile_alu_waddr_ex_o_tag,88,4968,0.017713365539452495,1.7713365539452495
alu_operator_o_mode/hc_o + pc_if_o_tag/hc_o,16,912,0.017543859649122806,1.7543859649122806
pc_if_o_tag/hc_o + rdata_offset_q_tag/hc_o,16,912,0.017543859649122806,1.7543859649122806
data_type_q_tag/hc_o + pc_if_o_tag/hc_o,16,912,0.017543859649122806,1.7543859649122806
pc_if_o_tag/hc_o + rdata_q_tag/hc_o,16,912,0.017543859649122806,1.7543859649122806
alu_operator_o_mode/hc_o + memory_set_o_tag/hc_o,16,912,0.017543859649122806,1.7543859649122806
memory_set_o_tag/hc_o + rdata_offset_q_tag/hc_o,16,912,0.017543859649122806,1.7543859649122806
data_type_q_tag/hc_o + memory_set_o_tag/hc_o,16,912,0.017543859649122806,1.7543859649122806
memory_set_o_tag/hc_o + rdata_q_tag/hc_o,16,912,0.017543859649122806,1.7543859649122806
data_type_q_tag + tpr_load_store_mode/hc_o,8,456,0.017543859649122806,1.7543859649122806
data_type_q_tag + tpr_load_store_enable/hc_o,8,456,0.017543859649122806,1.7543859649122806
rdata_offset_q_tag + tpr_load_store_mode/hc_o,8,456,0.017543859649122806,1.7543859649122806
rdata_offset_q_tag + tpr_load_store_enable/hc_o,8,456,0.017543859649122806,1.7543859649122806
pc_if_o_tag/hc_o + tpr_branch/hc_o,8,456,0.017543859649122806,1.7543859649122806
pc_if_o_tag/hc_o + tpr_shift/hc_o,8,456,0.017543859649122806,1.7543859649122806
pc_if_o_tag/hc_o + tpr_comparison/hc_o,8,456,0.017543859649122806,1.7543859649122806
pc_if_o_tag/hc_o + tpr_logical/hc_o,8,456,0.017543859649122806,1.7543859649122806
pc_if_o_tag/hc_o + tcr_arith/hc_o,8,456,0.017543859649122806,1.7543859649122806
pc_if_o_tag/hc_o + tcr_branch/hc_o,8,456,0.017543859649122806,1.7543859649122806
pc_if_o_tag/hc_o + tcr_jump/hc_o,8,456,0.017543859649122806,1.7543859649122806
pc_if_o_tag/hc_o + tcr_shift/hc_o,8,456,0.017543859649122806,1.7543859649122806
pc_if_o_tag/hc_o + tcr_comparison/hc_o,8,456,0.017543859649122806,1.7543859649122806
pc_if_o_tag/hc_o + tcr_logical/hc_o,8,456,0.017543859649122806,1.7543859649122806
alu_operator_o_mode + tpr_load_store_mode/hc_o,8,456,0.017543859649122806,1.7543859649122806
alu_operator_o_mode + tpr_load_store_enable/hc_o,8,456,0.017543859649122806,1.7543859649122806
store_dest_addr_ex_o_tag/hc_o + tpr_load_store_mode/hc_o,8,456,0.017543859649122806,1.7543859649122806
store_dest_addr_ex_o_tag/hc_o + tpr_load_store_enable/hc_o,8,456,0.017543859649122806,1.7543859649122806
store_source_ex_o_tag/hc_o + tpr_load_store_mode/hc_o,8,456,0.017543859649122806,1.7543859649122806
store_source_ex_o_tag/hc_o + tpr_load_store_enable/hc_o,8,456,0.017543859649122806,1.7543859649122806
tpr_load_store_mode/hc_o + use_store_ops_ex_o/hc_o,8,456,0.017543859649122806,1.7543859649122806
tpr_load_store_enable/hc_o + use_store_ops_ex_o/hc_o,8,456,0.017543859649122806,1.7543859649122806
alu_operand_b_ex_o_tag/hc_o + tpr_load_store_mode/hc_o,8,456,0.017543859649122806,1.7543859649122806
alu_operand_b_ex_o_tag/hc_o + tpr_load_store_enable/hc_o,8,456,0.017543859649122806,1.7543859649122806
alu_operand_c_ex_o_tag/hc_o + tpr_load_store_mode/hc_o,8,456,0.017543859649122806,1.7543859649122806
alu_operand_c_ex_o_tag/hc_o + tpr_load_store_enable/hc_o,8,456,0.017543859649122806,1.7543859649122806
check_s1_o_tag/hc_o + tpr_load_store_mode/hc_o,8,456,0.017543859649122806,1.7543859649122806
check_s1_o_tag/hc_o + tpr_load_store_enable/hc_o,8,456,0.017543859649122806,1.7543859649122806
check_s2_o_tag/hc_o + tpr_load_store_mode/hc_o,8,456,0.017543859649122806,1.7543859649122806
check_s2_o_tag/hc_o + tpr_load_store_enable/hc_o,8,456,0.017543859649122806,1.7543859649122806
check_d_o_tag/hc_o + tpr_load_store_mode/hc_o,8,456,0.017543859649122806,1.7543859649122806
check_d_o_tag/hc_o + tpr_load_store_enable/hc_o,8,456,0.017543859649122806,1.7543859649122806
register_set_o_tag/hc_o + tpr_load_store_mode/hc_o,8,456,0.017543859649122806,1.7543859649122806
register_set_o_tag/hc_o + tpr_load_store_enable/hc_o,8,456,0.017543859649122806,1.7543859649122806
is_store_post_o_tag/hc_o + tpr_load_store_mode/hc_o,8,456,0.017543859649122806,1.7543859649122806
is_store_post_o_tag/hc_o + tpr_load_store_enable/hc_o,8,456,0.017543859649122806,1.7543859649122806
memory_set_o_tag/hc_o + tpr_branch/hc_o,8,456,0.017543859649122806,1.7543859649122806
memory_set_o_tag/hc_o + tpr_jump/hc_o,8,456,0.017543859649122806,1.7543859649122806
memory_set_o_tag/hc_o + tpr_shift/hc_o,8,456,0.017543859649122806,1.7543859649122806
memory_set_o_tag/hc_o + tpr_comparison/hc_o,8,456,0.017543859649122806,1.7543859649122806
memory_set_o_tag/hc_o + tpr_logical/hc_o,8,456,0.017543859649122806,1.7543859649122806
memory_set_o_tag/hc_o + tcr_arith/hc_o,8,456,0.017543859649122806,1.7543859649122806
memory_set_o_tag/hc_o + tcr_branch/hc_o,8,456,0.017543859649122806,1.7543859649122806
memory_set_o_tag/hc_o + tcr_jump/hc_o,8,456,0.017543859649122806,1.7543859649122806
memory_set_o_tag/hc_o + tcr_shift/hc_o,8,456,0.017543859649122806,1.7543859649122806
memory_set_o_tag/hc_o + tcr_comparison/hc_o,8,456,0.017543859649122806,1.7543859649122806
memory_set_o_tag/hc_o + tcr_logical/hc_o,8,456,0.017543859649122806,1.7543859649122806
data_we_q_tag/hc_o + tpr_load_store_mode/hc_o,8,456,0.017543859649122806,1.7543859649122806
data_we_q_tag/hc_o + tpr_load_store_enable/hc_o,8,456,0.017543859649122806,1.7543859649122806
csr_group12/hc_o + data_type_q_tag,8,456,0.017543859649122806,1.7543859649122806
csr_group15/hc_o + data_type_q_tag,8,456,0.017543859649122806,1.7543859649122806
csr_group12/hc_o + rdata_offset_q_tag,8,456,0.017543859649122806,1.7543859649122806
csr_group15/hc_o + rdata_offset_q_tag,8,456,0.017543859649122806,1.7543859649122806
alu_operator_o_mode + csr_group12/hc_o,8,456,0.017543859649122806,1.7543859649122806
alu_operator_o_mode + csr_group15/hc_o,8,456,0.017543859649122806,1.7543859649122806
id_group0/hc_o + id_group9/hc_o,8,456,0.017543859649122806,1.7543859649122806
id_group1/hc_o + id_group9/hc_o,8,456,0.017543859649122806,1.7543859649122806
id_group3/hc_o + id_group9/hc_o,8,456,0.017543859649122806,1.7543859649122806
id_group4/hc_o + id_group9/hc_o,8,456,0.017543859649122806,1.7543859649122806
id_group5/hc_o + id_group9/hc_o,8,456,0.017543859649122806,1.7543859649122806
id_group6/hc_o + id_group9/hc_o,8,456,0.017543859649122806,1.7543859649122806
id_group7/hc_o + id_group9/hc_o,8,456,0.017543859649122806,1.7543859649122806
id_group8/hc_o + id_group9/hc_o,8,456,0.017543859649122806,1.7543859649122806
csr_group0/hc_o + id_group9/hc_o,8,456,0.017543859649122806,1.7543859649122806
csr_group2/hc_o + id_group9/hc_o,8,456,0.017543859649122806,1.7543859649122806
csr_group3/hc_o + id_group9/hc_o,8,456,0.017543859649122806,1.7543859649122806
csr_group4/hc_o + id_group9/hc_o,8,456,0.017543859649122806,1.7543859649122806
csr_group5/hc_o + id_group9/hc_o,8,456,0.017543859649122806,1.7543859649122806
csr_group6/hc_o + id_group9/hc_o,8,456,0.017543859649122806,1.7543859649122806
csr_group7/hc_o + id_group9/hc_o,8,456,0.017543859649122806,1.7543859649122806
csr_group8/hc_o + id_group9/hc_o,8,456,0.017543859649122806,1.7543859649122806
csr_group9/hc_o + id_group9/hc_o,8,456,0.017543859649122806,1.7543859649122806
csr_group10/hc_o + id_group9/hc_o,8,456,0.017543859649122806,1.7543859649122806
csr_group11/hc_o + id_group9/hc_o,8,456,0.017543859649122806,1.7543859649122806
csr_group16/hc_o + id_group9/hc_o,8,456,0.017543859649122806,1.7543859649122806
id_group9/hc_o + lsu_group1/hc_o,8,456,0.017543859649122806,1.7543859649122806
id_group9/hc_o + lsu_group2/hc_o,8,456,0.017543859649122806,1.7543859649122806
id_group9/hc_o + lsu_group3/hc_o,8,456,0.017543859649122806,1.7543859649122806
id_group9/hc_o + lsu_group4/hc_o,8,456,0.017543859649122806,1.7543859649122806
id_group9/hc_o + lsu_group5/hc_o,8,456,0.017543859649122806,1.7543859649122806
csr_group12/hc_o + csr_group14/hc_o,8,456,0.017543859649122806,1.7543859649122806
csr_group12/hc_o + csr_group18/hc_o,8,456,0.017543859649122806,1.7543859649122806
csr_group12/hc_o + csr_group19/hc_o,8,456,0.017543859649122806,1.7543859649122806
csr_group12/hc_o + csr_group20/hc_o,8,456,0.017543859649122806,1.7543859649122806
csr_group14/hc_o + csr_group15/hc_o,8,456,0.017543859649122806,1.7543859649122806
csr_group15/hc_o + csr_group18/hc_o,8,456,0.017543859649122806,1.7543859649122806
csr_group15/hc_o + csr_group19/hc_o,8,456,0.017543859649122806,1.7543859649122806
csr_group15/hc_o + csr_group20/hc_o,8,456,0.017543859649122806,1.7543859649122806
alu_operand_a_ex_o_tag + tpr_load_store_mode/hc_o,4,228,0.017543859649122806,1.7543859649122806
alu_operand_a_ex_o_tag + tpr_load_store_enable/hc_o,4,228,0.017543859649122806,1.7543859649122806
tpr_load_store_mode/hc_o + use_store_ops_ex_o,4,228,0.017543859649122806,1.7543859649122806
tpr_load_store_enable/hc_o + use_store_ops_ex_o,4,228,0.017543859649122806,1.7543859649122806
rf_reg[0] + tpr_load_store_mode/hc_o,4,228,0.017543859649122806,1.7543859649122806
rf_reg[0] + tpr_load_store_enable/hc_o,4,228,0.017543859649122806,1.7543859649122806
rf_reg[1] + tpr_load_store_mode/hc_o,4,228,0.017543859649122806,1.7543859649122806
rf_reg[1] + tpr_load_store_enable/hc_o,4,228,0.017543859649122806,1.7543859649122806
rf_reg[2] + tpr_load_store_mode/hc_o,4,228,0.017543859649122806,1.7543859649122806
rf_reg[2] + tpr_load_store_enable/hc_o,4,228,0.017543859649122806,1.7543859649122806
rf_reg[3] + tpr_load_store_mode/hc_o,4,228,0.017543859649122806,1.7543859649122806
rf_reg[3] + tpr_load_store_enable/hc_o,4,228,0.017543859649122806,1.7543859649122806
rf_reg[4] + tpr_load_store_mode/hc_o,4,228,0.017543859649122806,1.7543859649122806
rf_reg[4] + tpr_load_store_enable/hc_o,4,228,0.017543859649122806,1.7543859649122806
rf_reg[5] + tpr_load_store_mode/hc_o,4,228,0.017543859649122806,1.7543859649122806
rf_reg[5] + tpr_load_store_enable/hc_o,4,228,0.017543859649122806,1.7543859649122806
rf_reg[6] + tpr_load_store_mode/hc_o,4,228,0.017543859649122806,1.7543859649122806
rf_reg[6] + tpr_load_store_enable/hc_o,4,228,0.017543859649122806,1.7543859649122806
rf_reg[7] + tpr_load_store_mode/hc_o,4,228,0.017543859649122806,1.7543859649122806
rf_reg[7] + tpr_load_store_enable/hc_o,4,228,0.017543859649122806,1.7543859649122806
rf_reg[8] + tpr_load_store_mode/hc_o,4,228,0.017543859649122806,1.7543859649122806
rf_reg[8] + tpr_load_store_enable/hc_o,4,228,0.017543859649122806,1.7543859649122806
rf_reg[9] + tpr_load_store_mode/hc_o,4,228,0.017543859649122806,1.7543859649122806
rf_reg[9] + tpr_load_store_enable/hc_o,4,228,0.017543859649122806,1.7543859649122806
alu_operand_b_ex_o_tag + tpr_load_store_mode/hc_o,4,228,0.017543859649122806,1.7543859649122806
alu_operand_b_ex_o_tag + tpr_load_store_enable/hc_o,4,228,0.017543859649122806,1.7543859649122806
rf_reg[10] + tpr_load_store_mode/hc_o,4,228,0.017543859649122806,1.7543859649122806
rf_reg[10] + tpr_load_store_enable/hc_o,4,228,0.017543859649122806,1.7543859649122806
rf_reg[11] + tpr_load_store_mode/hc_o,4,228,0.017543859649122806,1.7543859649122806
rf_reg[11] + tpr_load_store_enable/hc_o,4,228,0.017543859649122806,1.7543859649122806
rf_reg[12] + tpr_load_store_mode/hc_o,4,228,0.017543859649122806,1.7543859649122806
rf_reg[12] + tpr_load_store_enable/hc_o,4,228,0.017543859649122806,1.7543859649122806
rf_reg[13] + tpr_load_store_mode/hc_o,4,228,0.017543859649122806,1.7543859649122806
rf_reg[13] + tpr_load_store_enable/hc_o,4,228,0.017543859649122806,1.7543859649122806
rf_reg[14] + tpr_load_store_mode/hc_o,4,228,0.017543859649122806,1.7543859649122806
rf_reg[14] + tpr_load_store_enable/hc_o,4,228,0.017543859649122806,1.7543859649122806
rf_reg[15] + tpr_load_store_mode/hc_o,4,228,0.017543859649122806,1.7543859649122806
rf_reg[15] + tpr_load_store_enable/hc_o,4,228,0.017543859649122806,1.7543859649122806
rf_reg[16] + tpr_load_store_mode/hc_o,4,228,0.017543859649122806,1.7543859649122806
rf_reg[16] + tpr_load_store_enable/hc_o,4,228,0.017543859649122806,1.7543859649122806
rf_reg[17] + tpr_load_store_mode/hc_o,4,228,0.017543859649122806,1.7543859649122806
rf_reg[17] + tpr_load_store_enable/hc_o,4,228,0.017543859649122806,1.7543859649122806
rf_reg[18] + tpr_load_store_mode/hc_o,4,228,0.017543859649122806,1.7543859649122806
rf_reg[18] + tpr_load_store_enable/hc_o,4,228,0.017543859649122806,1.7543859649122806
rf_reg[19] + tpr_load_store_mode/hc_o,4,228,0.017543859649122806,1.7543859649122806
rf_reg[19] + tpr_load_store_enable/hc_o,4,228,0.017543859649122806,1.7543859649122806
rf_reg[20] + tpr_load_store_mode/hc_o,4,228,0.017543859649122806,1.7543859649122806
rf_reg[20] + tpr_load_store_enable/hc_o,4,228,0.017543859649122806,1.7543859649122806
rf_reg[21] + tpr_load_store_mode/hc_o,4,228,0.017543859649122806,1.7543859649122806
rf_reg[21] + tpr_load_store_enable/hc_o,4,228,0.017543859649122806,1.7543859649122806
rf_reg[22] + tpr_load_store_mode/hc_o,4,228,0.017543859649122806,1.7543859649122806
rf_reg[22] + tpr_load_store_enable/hc_o,4,228,0.017543859649122806,1.7543859649122806
rf_reg[23] + tpr_load_store_mode/hc_o,4,228,0.017543859649122806,1.7543859649122806
rf_reg[23] + tpr_load_store_enable/hc_o,4,228,0.017543859649122806,1.7543859649122806
rf_reg[24] + tpr_load_store_mode/hc_o,4,228,0.017543859649122806,1.7543859649122806
rf_reg[24] + tpr_load_store_enable/hc_o,4,228,0.017543859649122806,1.7543859649122806
alu_operand_c_ex_o_tag + tpr_load_store_mode/hc_o,4,228,0.017543859649122806,1.7543859649122806
alu_operand_c_ex_o_tag + tpr_load_store_enable/hc_o,4,228,0.017543859649122806,1.7543859649122806
rf_reg[25] + tpr_load_store_mode/hc_o,4,228,0.017543859649122806,1.7543859649122806
rf_reg[25] + tpr_load_store_enable/hc_o,4,228,0.017543859649122806,1.7543859649122806
rf_reg[26] + tpr_load_store_mode/hc_o,4,228,0.017543859649122806,1.7543859649122806
rf_reg[26] + tpr_load_store_enable/hc_o,4,228,0.017543859649122806,1.7543859649122806
rf_reg[27] + tpr_load_store_mode/hc_o,4,228,0.017543859649122806,1.7543859649122806
rf_reg[27] + tpr_load_store_enable/hc_o,4,228,0.017543859649122806,1.7543859649122806
rf_reg[28] + tpr_load_store_mode/hc_o,4,228,0.017543859649122806,1.7543859649122806
rf_reg[28] + tpr_load_store_enable/hc_o,4,228,0.017543859649122806,1.7543859649122806
rf_reg[29] + tpr_load_store_mode/hc_o,4,228,0.017543859649122806,1.7543859649122806
rf_reg[29] + tpr_load_store_enable/hc_o,4,228,0.017543859649122806,1.7543859649122806
rf_reg[30] + tpr_load_store_mode/hc_o,4,228,0.017543859649122806,1.7543859649122806
rf_reg[30] + tpr_load_store_enable/hc_o,4,228,0.017543859649122806,1.7543859649122806
rf_reg[31] + tpr_load_store_mode/hc_o,4,228,0.017543859649122806,1.7543859649122806
rf_reg[31] + tpr_load_store_enable/hc_o,4,228,0.017543859649122806,1.7543859649122806
rs1_o_tag + tpr_load_store_mode/hc_o,4,228,0.017543859649122806,1.7543859649122806
rs1_o_tag + tpr_load_store_enable/hc_o,4,228,0.017543859649122806,1.7543859649122806
data_we_q_tag + tpr_load_store_mode/hc_o,4,228,0.017543859649122806,1.7543859649122806
data_we_q_tag + tpr_load_store_enable/hc_o,4,228,0.017543859649122806,1.7543859649122806
check_d_o_tag + tpr_load_store_mode/hc_o,4,228,0.017543859649122806,1.7543859649122806
check_d_o_tag + tpr_load_store_enable/hc_o,4,228,0.017543859649122806,1.7543859649122806
pc_id_o_tag + tpr_load_store_mode/hc_o,4,228,0.017543859649122806,1.7543859649122806
pc_id_o_tag + tpr_load_store_enable/hc_o,4,228,0.017543859649122806,1.7543859649122806
check_s1_o_tag + tpr_load_store_mode/hc_o,4,228,0.017543859649122806,1.7543859649122806
check_s1_o_tag + tpr_load_store_enable/hc_o,4,228,0.017543859649122806,1.7543859649122806
check_s2_o_tag + tpr_load_store_mode/hc_o,4,228,0.017543859649122806,1.7543859649122806
check_s2_o_tag + tpr_load_store_enable/hc_o,4,228,0.017543859649122806,1.7543859649122806
is_store_post_o_tag + tpr_load_store_mode/hc_o,4,228,0.017543859649122806,1.7543859649122806
is_store_post_o_tag + tpr_load_store_enable/hc_o,4,228,0.017543859649122806,1.7543859649122806
memory_set_o_tag + tpr_load_store_mode/hc_o,4,228,0.017543859649122806,1.7543859649122806
memory_set_o_tag + tpr_load_store_enable/hc_o,4,228,0.017543859649122806,1.7543859649122806
pc_if_o_tag + tpr_load_store_mode/hc_o,4,228,0.017543859649122806,1.7543859649122806
pc_if_o_tag + tpr_load_store_enable/hc_o,4,228,0.017543859649122806,1.7543859649122806
register_set_o_tag + tpr_load_store_mode/hc_o,4,228,0.017543859649122806,1.7543859649122806
register_set_o_tag + tpr_load_store_enable/hc_o,4,228,0.017543859649122806,1.7543859649122806
store_dest_addr_ex_o_tag + tpr_load_store_mode/hc_o,4,228,0.017543859649122806,1.7543859649122806
store_dest_addr_ex_o_tag + tpr_load_store_enable/hc_o,4,228,0.017543859649122806,1.7543859649122806
store_source_ex_o_tag + tpr_load_store_mode/hc_o,4,228,0.017543859649122806,1.7543859649122806
store_source_ex_o_tag + tpr_load_store_enable/hc_o,4,228,0.017543859649122806,1.7543859649122806
csr_group12/hc_o + register_set_o_tag,4,228,0.017543859649122806,1.7543859649122806
csr_group15/hc_o + register_set_o_tag,4,228,0.017543859649122806,1.7543859649122806
csr_group12/hc_o + store_dest_addr_ex_o_tag,4,228,0.017543859649122806,1.7543859649122806
csr_group15/hc_o + store_dest_addr_ex_o_tag,4,228,0.017543859649122806,1.7543859649122806
csr_group12/hc_o + store_source_ex_o_tag,4,228,0.017543859649122806,1.7543859649122806
csr_group15/hc_o + store_source_ex_o_tag,4,228,0.017543859649122806,1.7543859649122806
alu_operand_a_ex_o_tag + csr_group12/hc_o,4,228,0.017543859649122806,1.7543859649122806
alu_operand_a_ex_o_tag + csr_group15/hc_o,4,228,0.017543859649122806,1.7543859649122806
csr_group12/hc_o + use_store_ops_ex_o,4,228,0.017543859649122806,1.7543859649122806
csr_group15/hc_o + use_store_ops_ex_o,4,228,0.017543859649122806,1.7543859649122806
csr_group12/hc_o + rf_reg[0],4,228,0.017543859649122806,1.7543859649122806
csr_group15/hc_o + rf_reg[0],4,228,0.017543859649122806,1.7543859649122806
csr_group12/hc_o + rf_reg[1],4,228,0.017543859649122806,1.7543859649122806
csr_group15/hc_o + rf_reg[1],4,228,0.017543859649122806,1.7543859649122806
csr_group12/hc_o + rf_reg[2],4,228,0.017543859649122806,1.7543859649122806
csr_group15/hc_o + rf_reg[2],4,228,0.017543859649122806,1.7543859649122806
csr_group12/hc_o + rf_reg[3],4,228,0.017543859649122806,1.7543859649122806
csr_group15/hc_o + rf_reg[3],4,228,0.017543859649122806,1.7543859649122806
csr_group12/hc_o + rf_reg[4],4,228,0.017543859649122806,1.7543859649122806
csr_group15/hc_o + rf_reg[4],4,228,0.017543859649122806,1.7543859649122806
csr_group12/hc_o + rf_reg[5],4,228,0.017543859649122806,1.7543859649122806
csr_group15/hc_o + rf_reg[5],4,228,0.017543859649122806,1.7543859649122806
csr_group12/hc_o + rf_reg[6],4,228,0.017543859649122806,1.7543859649122806
csr_group15/hc_o + rf_reg[6],4,228,0.017543859649122806,1.7543859649122806
csr_group12/hc_o + rf_reg[7],4,228,0.017543859649122806,1.7543859649122806
csr_group15/hc_o + rf_reg[7],4,228,0.017543859649122806,1.7543859649122806
csr_group12/hc_o + rf_reg[8],4,228,0.017543859649122806,1.7543859649122806
csr_group15/hc_o + rf_reg[8],4,228,0.017543859649122806,1.7543859649122806
csr_group12/hc_o + rf_reg[9],4,228,0.017543859649122806,1.7543859649122806
csr_group15/hc_o + rf_reg[9],4,228,0.017543859649122806,1.7543859649122806
csr_group12/hc_o + rf_reg[10],4,228,0.017543859649122806,1.7543859649122806
csr_group15/hc_o + rf_reg[10],4,228,0.017543859649122806,1.7543859649122806
alu_operand_b_ex_o_tag + csr_group12/hc_o,4,228,0.017543859649122806,1.7543859649122806
alu_operand_b_ex_o_tag + csr_group15/hc_o,4,228,0.017543859649122806,1.7543859649122806
csr_group12/hc_o + rf_reg[11],4,228,0.017543859649122806,1.7543859649122806
csr_group15/hc_o + rf_reg[11],4,228,0.017543859649122806,1.7543859649122806
csr_group12/hc_o + rf_reg[12],4,228,0.017543859649122806,1.7543859649122806
csr_group15/hc_o + rf_reg[12],4,228,0.017543859649122806,1.7543859649122806
csr_group12/hc_o + rf_reg[13],4,228,0.017543859649122806,1.7543859649122806
csr_group15/hc_o + rf_reg[13],4,228,0.017543859649122806,1.7543859649122806
csr_group12/hc_o + rf_reg[14],4,228,0.017543859649122806,1.7543859649122806
csr_group15/hc_o + rf_reg[14],4,228,0.017543859649122806,1.7543859649122806
csr_group12/hc_o + rf_reg[15],4,228,0.017543859649122806,1.7543859649122806
csr_group15/hc_o + rf_reg[15],4,228,0.017543859649122806,1.7543859649122806
csr_group12/hc_o + rf_reg[16],4,228,0.017543859649122806,1.7543859649122806
csr_group15/hc_o + rf_reg[16],4,228,0.017543859649122806,1.7543859649122806
csr_group12/hc_o + rf_reg[17],4,228,0.017543859649122806,1.7543859649122806
csr_group15/hc_o + rf_reg[17],4,228,0.017543859649122806,1.7543859649122806
csr_group12/hc_o + rf_reg[18],4,228,0.017543859649122806,1.7543859649122806
csr_group15/hc_o + rf_reg[18],4,228,0.017543859649122806,1.7543859649122806
csr_group12/hc_o + rf_reg[19],4,228,0.017543859649122806,1.7543859649122806
csr_group15/hc_o + rf_reg[19],4,228,0.017543859649122806,1.7543859649122806
csr_group12/hc_o + rf_reg[20],4,228,0.017543859649122806,1.7543859649122806
csr_group15/hc_o + rf_reg[20],4,228,0.017543859649122806,1.7543859649122806
csr_group12/hc_o + rf_reg[21],4,228,0.017543859649122806,1.7543859649122806
csr_group15/hc_o + rf_reg[21],4,228,0.017543859649122806,1.7543859649122806
csr_group12/hc_o + rf_reg[22],4,228,0.017543859649122806,1.7543859649122806
csr_group15/hc_o + rf_reg[22],4,228,0.017543859649122806,1.7543859649122806
csr_group12/hc_o + rf_reg[23],4,228,0.017543859649122806,1.7543859649122806
csr_group15/hc_o + rf_reg[23],4,228,0.017543859649122806,1.7543859649122806
alu_operand_c_ex_o_tag + csr_group12/hc_o,4,228,0.017543859649122806,1.7543859649122806
alu_operand_c_ex_o_tag + csr_group15/hc_o,4,228,0.017543859649122806,1.7543859649122806
csr_group12/hc_o + rf_reg[24],4,228,0.017543859649122806,1.7543859649122806
csr_group15/hc_o + rf_reg[24],4,228,0.017543859649122806,1.7543859649122806
csr_group12/hc_o + rf_reg[25],4,228,0.017543859649122806,1.7543859649122806
csr_group15/hc_o + rf_reg[25],4,228,0.017543859649122806,1.7543859649122806
csr_group12/hc_o + rf_reg[26],4,228,0.017543859649122806,1.7543859649122806
csr_group15/hc_o + rf_reg[26],4,228,0.017543859649122806,1.7543859649122806
csr_group12/hc_o + rf_reg[27],4,228,0.017543859649122806,1.7543859649122806
csr_group15/hc_o + rf_reg[27],4,228,0.017543859649122806,1.7543859649122806
csr_group12/hc_o + rf_reg[28],4,228,0.017543859649122806,1.7543859649122806
csr_group15/hc_o + rf_reg[28],4,228,0.017543859649122806,1.7543859649122806
csr_group12/hc_o + rf_reg[29],4,228,0.017543859649122806,1.7543859649122806
csr_group15/hc_o + rf_reg[29],4,228,0.017543859649122806,1.7543859649122806
csr_group12/hc_o + rf_reg[30],4,228,0.017543859649122806,1.7543859649122806
csr_group15/hc_o + rf_reg[30],4,228,0.017543859649122806,1.7543859649122806
csr_group12/hc_o + rf_reg[31],4,228,0.017543859649122806,1.7543859649122806
csr_group15/hc_o + rf_reg[31],4,228,0.017543859649122806,1.7543859649122806
csr_group12/hc_o + rs1_o_tag,4,228,0.017543859649122806,1.7543859649122806
csr_group15/hc_o + rs1_o_tag,4,228,0.017543859649122806,1.7543859649122806
csr_group12/hc_o + data_we_q_tag,4,228,0.017543859649122806,1.7543859649122806
csr_group15/hc_o + data_we_q_tag,4,228,0.017543859649122806,1.7543859649122806
check_d_o_tag + csr_group12/hc_o,4,228,0.017543859649122806,1.7543859649122806
check_d_o_tag + csr_group15/hc_o,4,228,0.017543859649122806,1.7543859649122806
check_s1_o_tag + csr_group12/hc_o,4,228,0.017543859649122806,1.7543859649122806
check_s1_o_tag + csr_group15/hc_o,4,228,0.017543859649122806,1.7543859649122806
check_s2_o_tag + csr_group12/hc_o,4,228,0.017543859649122806,1.7543859649122806
check_s2_o_tag + csr_group15/hc_o,4,228,0.017543859649122806,1.7543859649122806
csr_group12/hc_o + pc_id_o_tag,4,228,0.017543859649122806,1.7543859649122806
csr_group15/hc_o + pc_id_o_tag,4,228,0.017543859649122806,1.7543859649122806
csr_group12/hc_o + is_store_post_o_tag,4,228,0.017543859649122806,1.7543859649122806
csr_group15/hc_o + is_store_post_o_tag,4,228,0.017543859649122806,1.7543859649122806
csr_group12/hc_o + memory_set_o_tag,4,228,0.017543859649122806,1.7543859649122806
csr_group15/hc_o + memory_set_o_tag,4,228,0.017543859649122806,1.7543859649122806
csr_group12/hc_o + pc_if_o_tag,4,228,0.017543859649122806,1.7543859649122806
csr_group15/hc_o + pc_if_o_tag,4,228,0.017543859649122806,1.7543859649122806
tpr_load_store_mode/hc_o + tpr_load_store_mode/sd_o,2,114,0.017543859649122806,1.7543859649122806
tpr_load_store_enable/hc_o + tpr_load_store_enable/sd_o,2,114,0.017543859649122806,1.7543859649122806
csr_group12/hc_o + csr_group12/sd_o,2,114,0.017543859649122806,1.7543859649122806
csr_group15/hc_o + csr_group15/sd_o,2,114,0.017543859649122806,1.7543859649122806
csr_group12/hc_o + lsu_group1/hc_o,15,876,0.017123287671232876,1.7123287671232876
csr_group15/hc_o + lsu_group1/hc_o,15,876,0.017123287671232876,1.7123287671232876
data_type_q_tag + pc_if_o_tag/hc_o,8,480,0.016666666666666666,1.6666666666666667
data_type_q_tag + memory_set_o_tag/hc_o,8,480,0.016666666666666666,1.6666666666666667
pc_if_o_tag/hc_o + rdata_offset_q_tag,8,480,0.016666666666666666,1.6666666666666667
memory_set_o_tag/hc_o + rdata_offset_q_tag,8,480,0.016666666666666666,1.6666666666666667
alu_operator_o_mode + pc_if_o_tag/hc_o,8,480,0.016666666666666666,1.6666666666666667
pc_if_o_tag/hc_o + store_dest_addr_ex_o_tag/hc_o,8,480,0.016666666666666666,1.6666666666666667
pc_if_o_tag/hc_o + store_source_ex_o_tag/hc_o,8,480,0.016666666666666666,1.6666666666666667
pc_if_o_tag/hc_o + use_store_ops_ex_o/hc_o,8,480,0.016666666666666666,1.6666666666666667
alu_operand_c_ex_o_tag/hc_o + pc_if_o_tag/hc_o,8,480,0.016666666666666666,1.6666666666666667
check_s1_o_tag/hc_o + pc_if_o_tag/hc_o,8,480,0.016666666666666666,1.6666666666666667
check_s2_o_tag/hc_o + pc_if_o_tag/hc_o,8,480,0.016666666666666666,1.6666666666666667
check_d_o_tag/hc_o + pc_if_o_tag/hc_o,8,480,0.016666666666666666,1.6666666666666667
is_store_post_o_tag/hc_o + pc_if_o_tag/hc_o,8,480,0.016666666666666666,1.6666666666666667
pc_if_o_tag/hc_o + rs1_o_tag/hc_o,8,480,0.016666666666666666,1.6666666666666667
alu_operator_o_mode + memory_set_o_tag/hc_o,8,480,0.016666666666666666,1.6666666666666667
data_we_q_tag/hc_o + pc_if_o_tag/hc_o,8,480,0.016666666666666666,1.6666666666666667
memory_set_o_tag/hc_o + store_dest_addr_ex_o_tag/hc_o,8,480,0.016666666666666666,1.6666666666666667
memory_set_o_tag/hc_o + store_source_ex_o_tag/hc_o,8,480,0.016666666666666666,1.6666666666666667
memory_set_o_tag/hc_o + use_store_ops_ex_o/hc_o,8,480,0.016666666666666666,1.6666666666666667
alu_operand_b_ex_o_tag/hc_o + memory_set_o_tag/hc_o,8,480,0.016666666666666666,1.6666666666666667
alu_operand_c_ex_o_tag/hc_o + memory_set_o_tag/hc_o,8,480,0.016666666666666666,1.6666666666666667
check_s1_o_tag/hc_o + memory_set_o_tag/hc_o,8,480,0.016666666666666666,1.6666666666666667
check_s2_o_tag/hc_o + memory_set_o_tag/hc_o,8,480,0.016666666666666666,1.6666666666666667
check_d_o_tag/hc_o + memory_set_o_tag/hc_o,8,480,0.016666666666666666,1.6666666666666667
memory_set_o_tag/hc_o + register_set_o_tag/hc_o,8,480,0.016666666666666666,1.6666666666666667
is_store_post_o_tag/hc_o + memory_set_o_tag/hc_o,8,480,0.016666666666666666,1.6666666666666667
memory_set_o_tag/hc_o + rs1_o_tag/hc_o,8,480,0.016666666666666666,1.6666666666666667
data_we_q_tag/hc_o + memory_set_o_tag/hc_o,8,480,0.016666666666666666,1.6666666666666667
memory_set_o_tag + rf_reg[1],6,360,0.016666666666666666,1.6666666666666667
pc_if_o_tag + rf_reg[1],6,360,0.016666666666666666,1.6666666666666667
pc_if_o_tag/hc_o + rf_reg[5],4,240,0.016666666666666666,1.6666666666666667
memory_set_o_tag/hc_o + rf_reg[5],4,240,0.016666666666666666,1.6666666666666667
pc_if_o_tag/hc_o + rf_reg[6],4,240,0.016666666666666666,1.6666666666666667
memory_set_o_tag/hc_o + rf_reg[6],4,240,0.016666666666666666,1.6666666666666667
pc_if_o_tag/hc_o + rf_reg[7],4,240,0.016666666666666666,1.6666666666666667
memory_set_o_tag/hc_o + rf_reg[7],4,240,0.016666666666666666,1.6666666666666667
pc_if_o_tag/hc_o + rf_reg[8],4,240,0.016666666666666666,1.6666666666666667
memory_set_o_tag/hc_o + rf_reg[8],4,240,0.016666666666666666,1.6666666666666667
alu_operand_b_ex_o_tag + pc_if_o_tag/hc_o,4,240,0.016666666666666666,1.6666666666666667
alu_operand_b_ex_o_tag + memory_set_o_tag/hc_o,4,240,0.016666666666666666,1.6666666666666667
pc_if_o_tag/hc_o + rf_reg[9],4,240,0.016666666666666666,1.6666666666666667
memory_set_o_tag/hc_o + rf_reg[9],4,240,0.016666666666666666,1.6666666666666667
pc_if_o_tag/hc_o + rf_reg[10],4,240,0.016666666666666666,1.6666666666666667
memory_set_o_tag/hc_o + rf_reg[10],4,240,0.016666666666666666,1.6666666666666667
pc_if_o_tag/hc_o + rf_reg[11],4,240,0.016666666666666666,1.6666666666666667
memory_set_o_tag/hc_o + rf_reg[11],4,240,0.016666666666666666,1.6666666666666667
pc_if_o_tag/hc_o + rf_reg[12],4,240,0.016666666666666666,1.6666666666666667
memory_set_o_tag/hc_o + rf_reg[12],4,240,0.016666666666666666,1.6666666666666667
pc_if_o_tag/hc_o + rf_reg[13],4,240,0.016666666666666666,1.6666666666666667
memory_set_o_tag/hc_o + rf_reg[13],4,240,0.016666666666666666,1.6666666666666667
pc_if_o_tag/hc_o + rf_reg[14],4,240,0.016666666666666666,1.6666666666666667
memory_set_o_tag/hc_o + rf_reg[14],4,240,0.016666666666666666,1.6666666666666667
pc_if_o_tag/hc_o + rf_reg[15],4,240,0.016666666666666666,1.6666666666666667
memory_set_o_tag/hc_o + rf_reg[15],4,240,0.016666666666666666,1.6666666666666667
pc_if_o_tag/hc_o + rf_reg[16],4,240,0.016666666666666666,1.6666666666666667
memory_set_o_tag/hc_o + rf_reg[16],4,240,0.016666666666666666,1.6666666666666667
pc_if_o_tag/hc_o + rf_reg[17],4,240,0.016666666666666666,1.6666666666666667
memory_set_o_tag/hc_o + rf_reg[17],4,240,0.016666666666666666,1.6666666666666667
pc_if_o_tag/hc_o + rf_reg[18],4,240,0.016666666666666666,1.6666666666666667
memory_set_o_tag/hc_o + rf_reg[18],4,240,0.016666666666666666,1.6666666666666667
pc_if_o_tag/hc_o + rf_reg[19],4,240,0.016666666666666666,1.6666666666666667
memory_set_o_tag/hc_o + rf_reg[19],4,240,0.016666666666666666,1.6666666666666667
pc_if_o_tag/hc_o + rf_reg[20],4,240,0.016666666666666666,1.6666666666666667
memory_set_o_tag/hc_o + rf_reg[20],4,240,0.016666666666666666,1.6666666666666667
pc_if_o_tag/hc_o + rf_reg[21],4,240,0.016666666666666666,1.6666666666666667
memory_set_o_tag/hc_o + rf_reg[21],4,240,0.016666666666666666,1.6666666666666667
pc_if_o_tag/hc_o + rf_reg[22],4,240,0.016666666666666666,1.6666666666666667
alu_operand_c_ex_o_tag + pc_if_o_tag/hc_o,4,240,0.016666666666666666,1.6666666666666667
alu_operand_c_ex_o_tag + memory_set_o_tag/hc_o,4,240,0.016666666666666666,1.6666666666666667
memory_set_o_tag/hc_o + rf_reg[22],4,240,0.016666666666666666,1.6666666666666667
pc_if_o_tag/hc_o + rf_reg[23],4,240,0.016666666666666666,1.6666666666666667
memory_set_o_tag/hc_o + rf_reg[23],4,240,0.016666666666666666,1.6666666666666667
pc_if_o_tag/hc_o + rf_reg[24],4,240,0.016666666666666666,1.6666666666666667
memory_set_o_tag/hc_o + rf_reg[24],4,240,0.016666666666666666,1.6666666666666667
pc_if_o_tag/hc_o + rf_reg[25],4,240,0.016666666666666666,1.6666666666666667
memory_set_o_tag/hc_o + rf_reg[25],4,240,0.016666666666666666,1.6666666666666667
pc_if_o_tag/hc_o + rf_reg[26],4,240,0.016666666666666666,1.6666666666666667
memory_set_o_tag/hc_o + rf_reg[26],4,240,0.016666666666666666,1.6666666666666667
pc_if_o_tag/hc_o + rf_reg[27],4,240,0.016666666666666666,1.6666666666666667
memory_set_o_tag/hc_o + rf_reg[27],4,240,0.016666666666666666,1.6666666666666667
pc_if_o_tag/hc_o + rf_reg[28],4,240,0.016666666666666666,1.6666666666666667
memory_set_o_tag/hc_o + rf_reg[28],4,240,0.016666666666666666,1.6666666666666667
pc_if_o_tag/hc_o + rf_reg[29],4,240,0.016666666666666666,1.6666666666666667
memory_set_o_tag/hc_o + rf_reg[29],4,240,0.016666666666666666,1.6666666666666667
pc_if_o_tag/hc_o + rf_reg[30],4,240,0.016666666666666666,1.6666666666666667
memory_set_o_tag/hc_o + rf_reg[30],4,240,0.016666666666666666,1.6666666666666667
pc_if_o_tag/hc_o + rf_reg[31],4,240,0.016666666666666666,1.6666666666666667
memory_set_o_tag/hc_o + rf_reg[31],4,240,0.016666666666666666,1.6666666666666667
pc_if_o_tag/hc_o + rs1_o_tag,4,240,0.016666666666666666,1.6666666666666667
memory_set_o_tag/hc_o + rs1_o_tag,4,240,0.016666666666666666,1.6666666666666667
data_we_q_tag + pc_if_o_tag/hc_o,4,240,0.016666666666666666,1.6666666666666667
data_we_q_tag + memory_set_o_tag/hc_o,4,240,0.016666666666666666,1.6666666666666667
pc_id_o_tag + pc_if_o_tag/hc_o,4,240,0.016666666666666666,1.6666666666666667
memory_set_o_tag/hc_o + pc_id_o_tag,4,240,0.016666666666666666,1.6666666666666667
check_d_o_tag + pc_if_o_tag/hc_o,4,240,0.016666666666666666,1.6666666666666667
check_d_o_tag + memory_set_o_tag/hc_o,4,240,0.016666666666666666,1.6666666666666667
check_s1_o_tag + pc_if_o_tag/hc_o,4,240,0.016666666666666666,1.6666666666666667
check_s1_o_tag + memory_set_o_tag/hc_o,4,240,0.016666666666666666,1.6666666666666667
check_s2_o_tag + pc_if_o_tag/hc_o,4,240,0.016666666666666666,1.6666666666666667
check_s2_o_tag + memory_set_o_tag/hc_o,4,240,0.016666666666666666,1.6666666666666667
is_store_post_o_tag + pc_if_o_tag/hc_o,4,240,0.016666666666666666,1.6666666666666667
is_store_post_o_tag + memory_set_o_tag/hc_o,4,240,0.016666666666666666,1.6666666666666667
memory_set_o_tag + pc_if_o_tag/hc_o,4,240,0.016666666666666666,1.6666666666666667
memory_set_o_tag/hc_o + pc_if_o_tag,4,240,0.016666666666666666,1.6666666666666667
pc_if_o_tag/hc_o + register_set_o_tag,4,240,0.016666666666666666,1.6666666666666667
memory_set_o_tag/hc_o + register_set_o_tag,4,240,0.016666666666666666,1.6666666666666667
alu_operand_a_ex_o_tag + pc_if_o_tag/hc_o,4,240,0.016666666666666666,1.6666666666666667
alu_operand_a_ex_o_tag + memory_set_o_tag/hc_o,4,240,0.016666666666666666,1.6666666666666667
pc_if_o_tag/hc_o + store_dest_addr_ex_o_tag,4,240,0.016666666666666666,1.6666666666666667
memory_set_o_tag/hc_o + store_dest_addr_ex_o_tag,4,240,0.016666666666666666,1.6666666666666667
pc_if_o_tag/hc_o + store_source_ex_o_tag,4,240,0.016666666666666666,1.6666666666666667
memory_set_o_tag/hc_o + store_source_ex_o_tag,4,240,0.016666666666666666,1.6666666666666667
pc_if_o_tag/hc_o + use_store_ops_ex_o,4,240,0.016666666666666666,1.6666666666666667
memory_set_o_tag/hc_o + use_store_ops_ex_o,4,240,0.016666666666666666,1.6666666666666667
pc_if_o_tag/hc_o + rf_reg[0],4,240,0.016666666666666666,1.6666666666666667
memory_set_o_tag/hc_o + rf_reg[0],4,240,0.016666666666666666,1.6666666666666667
pc_if_o_tag/hc_o + rf_reg[1],4,240,0.016666666666666666,1.6666666666666667
memory_set_o_tag/hc_o + rf_reg[1],4,240,0.016666666666666666,1.6666666666666667
pc_if_o_tag/hc_o + rf_reg[2],4,240,0.016666666666666666,1.6666666666666667
memory_set_o_tag/hc_o + rf_reg[2],4,240,0.016666666666666666,1.6666666666666667
pc_if_o_tag/hc_o + rf_reg[3],4,240,0.016666666666666666,1.6666666666666667
memory_set_o_tag/hc_o + rf_reg[3],4,240,0.016666666666666666,1.6666666666666667
pc_if_o_tag/hc_o + rf_reg[4],4,240,0.016666666666666666,1.6666666666666667
memory_set_o_tag/hc_o + rf_reg[4],4,240,0.016666666666666666,1.6666666666666667
data_type_q_tag + id_group9/hc_o,4,240,0.016666666666666666,1.6666666666666667
id_group9/hc_o + rdata_offset_q_tag,4,240,0.016666666666666666,1.6666666666666667
alu_operator_o_mode + id_group9/hc_o,4,240,0.016666666666666666,1.6666666666666667
csr_group14/hc_o + id_group9/hc_o,4,240,0.016666666666666666,1.6666666666666667
csr_group18/hc_o + id_group9/hc_o,4,240,0.016666666666666666,1.6666666666666667
csr_group20/hc_o + id_group9/hc_o,4,240,0.016666666666666666,1.6666666666666667
alu_operand_a_ex_o_tag + id_group9/hc_o,2,120,0.016666666666666666,1.6666666666666667
id_group9/hc_o + register_set_o_tag,2,120,0.016666666666666666,1.6666666666666667
id_group9/hc_o + store_dest_addr_ex_o_tag,2,120,0.016666666666666666,1.6666666666666667
id_group9/hc_o + store_source_ex_o_tag,2,120,0.016666666666666666,1.6666666666666667
id_group9/hc_o + use_store_ops_ex_o,2,120,0.016666666666666666,1.6666666666666667
id_group9/hc_o + rf_reg[0],2,120,0.016666666666666666,1.6666666666666667
id_group9/hc_o + rf_reg[1],2,120,0.016666666666666666,1.6666666666666667
id_group9/hc_o + rf_reg[2],2,120,0.016666666666666666,1.6666666666666667
id_group9/hc_o + rf_reg[3],2,120,0.016666666666666666,1.6666666666666667
id_group9/hc_o + rf_reg[4],2,120,0.016666666666666666,1.6666666666666667
id_group9/hc_o + rf_reg[5],2,120,0.016666666666666666,1.6666666666666667
id_group9/hc_o + rf_reg[6],2,120,0.016666666666666666,1.6666666666666667
id_group9/hc_o + rf_reg[7],2,120,0.016666666666666666,1.6666666666666667
alu_operand_b_ex_o_tag + id_group9/hc_o,2,120,0.016666666666666666,1.6666666666666667
id_group9/hc_o + rf_reg[8],2,120,0.016666666666666666,1.6666666666666667
id_group9/hc_o + rf_reg[9],2,120,0.016666666666666666,1.6666666666666667
id_group9/hc_o + rf_reg[10],2,120,0.016666666666666666,1.6666666666666667
id_group9/hc_o + rf_reg[11],2,120,0.016666666666666666,1.6666666666666667
id_group9/hc_o + rf_reg[12],2,120,0.016666666666666666,1.6666666666666667
id_group9/hc_o + rf_reg[13],2,120,0.016666666666666666,1.6666666666666667
id_group9/hc_o + rf_reg[14],2,120,0.016666666666666666,1.6666666666666667
id_group9/hc_o + rf_reg[15],2,120,0.016666666666666666,1.6666666666666667
id_group9/hc_o + rf_reg[16],2,120,0.016666666666666666,1.6666666666666667
id_group9/hc_o + rf_reg[17],2,120,0.016666666666666666,1.6666666666666667
alu_operand_c_ex_o_tag + id_group9/hc_o,2,120,0.016666666666666666,1.6666666666666667
id_group9/hc_o + rf_reg[18],2,120,0.016666666666666666,1.6666666666666667
id_group9/hc_o + rf_reg[19],2,120,0.016666666666666666,1.6666666666666667
id_group9/hc_o + rf_reg[20],2,120,0.016666666666666666,1.6666666666666667
id_group9/hc_o + rf_reg[21],2,120,0.016666666666666666,1.6666666666666667
id_group9/hc_o + rf_reg[22],2,120,0.016666666666666666,1.6666666666666667
id_group9/hc_o + rf_reg[23],2,120,0.016666666666666666,1.6666666666666667
id_group9/hc_o + rf_reg[24],2,120,0.016666666666666666,1.6666666666666667
id_group9/hc_o + rf_reg[25],2,120,0.016666666666666666,1.6666666666666667
id_group9/hc_o + rf_reg[26],2,120,0.016666666666666666,1.6666666666666667
id_group9/hc_o + rf_reg[27],2,120,0.016666666666666666,1.6666666666666667
id_group9/hc_o + pc_id_o_tag,2,120,0.016666666666666666,1.6666666666666667
id_group9/hc_o + rf_reg[28],2,120,0.016666666666666666,1.6666666666666667
id_group9/hc_o + rf_reg[29],2,120,0.016666666666666666,1.6666666666666667
id_group9/hc_o + rf_reg[30],2,120,0.016666666666666666,1.6666666666666667
id_group9/hc_o + rf_reg[31],2,120,0.016666666666666666,1.6666666666666667
id_group9/hc_o + rs1_o_tag,2,120,0.016666666666666666,1.6666666666666667
data_we_q_tag + id_group9/hc_o,2,120,0.016666666666666666,1.6666666666666667
check_d_o_tag + id_group9/hc_o,2,120,0.016666666666666666,1.6666666666666667
check_s1_o_tag + id_group9/hc_o,2,120,0.016666666666666666,1.6666666666666667
check_s2_o_tag + id_group9/hc_o,2,120,0.016666666666666666,1.6666666666666667
id_group9/hc_o + is_store_post_o_tag,2,120,0.016666666666666666,1.6666666666666667
id_group9/hc_o + pc_if_o_tag,2,120,0.016666666666666666,1.6666666666666667
pc_if_o_tag/hc_o + pc_if_o_tag/sd_o,2,120,0.016666666666666666,1.6666666666666667
memory_set_o_tag/hc_o + memory_set_o_tag/sd_o,2,120,0.016666666666666666,1.6666666666666667
id_group9/hc_o + id_group9/sd_o,1,60,0.016666666666666666,1.6666666666666667
tcr_load_store/hc_o + tpr_load_store_enable/hc_o,14,876,0.01598173515981735,1.5981735159817352
csr_group12/hc_o + id_group2/hc_o,14,876,0.01598173515981735,1.5981735159817352
csr_group15/hc_o + id_group2/hc_o,14,876,0.01598173515981735,1.5981735159817352
csr_group12/hc_o + csr_group17/hc_o,14,876,0.01598173515981735,1.5981735159817352
csr_group13/hc_o + csr_group15/hc_o,14,876,0.01598173515981735,1.5981735159817352
csr_group15/hc_o + csr_group17/hc_o,14,876,0.01598173515981735,1.5981735159817352
sp_o_32 + tpr_q,6,384,0.015625,1.5625
pc_if_o_tag/hc_o + tpr_arith/hc_o,7,456,0.015350877192982455,1.5350877192982455
pc_if_o_tag/hc_o + tpr_jump/hc_o,7,456,0.015350877192982455,1.5350877192982455
memory_set_o_tag/hc_o + tpr_arith/hc_o,7,456,0.015350877192982455,1.5350877192982455
rs1_o_tag/hc_o + tpr_load_store_mode/hc_o,7,456,0.015350877192982455,1.5350877192982455
rs1_o_tag/hc_o + tpr_load_store_enable/hc_o,7,456,0.015350877192982455,1.5350877192982455
id_group2/hc_o + id_group9/hc_o,7,456,0.015350877192982455,1.5350877192982455
csr_group1/hc_o + id_group9/hc_o,7,456,0.015350877192982455,1.5350877192982455
csr_group13/hc_o + id_group9/hc_o,7,456,0.015350877192982455,1.5350877192982455
csr_group17/hc_o + id_group9/hc_o,7,456,0.015350877192982455,1.5350877192982455
rf_reg[1] + tcr_q,34,2304,0.014756944444444444,1.4756944444444444
rf_reg[1] + tpr_q,34,2304,0.014756944444444444,1.4756944444444444
memory_set_o_tag + tcr_q,34,2304,0.014756944444444444,1.4756944444444444
id_stage/hc_o + tpr/hc_o_32,184,12588,0.0146170956466476,1.46170956466476
check_d_o_tag + tpr/hc_o_32,36,2484,0.014492753623188406,1.4492753623188406
check_s1_o_tag + tpr/hc_o_32,36,2484,0.014492753623188406,1.4492753623188406
check_s2_o_tag + tpr/hc_o_32,36,2484,0.014492753623188406,1.4492753623188406
is_store_post_o_tag + tpr/hc_o_32,36,2484,0.014492753623188406,1.4492753623188406
pc_id_o_tag + tpr/hc_o_32,36,2484,0.014492753623188406,1.4492753623188406
memory_set_o_tag + tpr/hc_o_32,36,2484,0.014492753623188406,1.4492753623188406
pc_if_o_tag + tpr/hc_o_32,36,2484,0.014492753623188406,1.4492753623188406
register_set_o_tag + tpr/hc_o_32,36,2484,0.014492753623188406,1.4492753623188406
store_dest_addr_ex_o_tag + tpr/hc_o_32,36,2484,0.014492753623188406,1.4492753623188406
alu_operand_a_ex_o_tag + tpr/hc_o_32,36,2484,0.014492753623188406,1.4492753623188406
store_source_ex_o_tag + tpr/hc_o_32,36,2484,0.014492753623188406,1.4492753623188406
tpr/hc_o_32 + use_store_ops_ex_o,36,2484,0.014492753623188406,1.4492753623188406
rf_reg[0] + tpr/hc_o_32,36,2484,0.014492753623188406,1.4492753623188406
rf_reg[1] + tpr/hc_o_32,36,2484,0.014492753623188406,1.4492753623188406
rf_reg[2] + tpr/hc_o_32,36,2484,0.014492753623188406,1.4492753623188406
rf_reg[3] + tpr/hc_o_32,36,2484,0.014492753623188406,1.4492753623188406
rf_reg[4] + tpr/hc_o_32,36,2484,0.014492753623188406,1.4492753623188406
rf_reg[5] + tpr/hc_o_32,36,2484,0.014492753623188406,1.4492753623188406
rf_reg[6] + tpr/hc_o_32,36,2484,0.014492753623188406,1.4492753623188406
rf_reg[7] + tpr/hc_o_32,36,2484,0.014492753623188406,1.4492753623188406
rf_reg[8] + tpr/hc_o_32,36,2484,0.014492753623188406,1.4492753623188406
rf_reg[9] + tpr/hc_o_32,36,2484,0.014492753623188406,1.4492753623188406
rf_reg[10] + tpr/hc_o_32,36,2484,0.014492753623188406,1.4492753623188406
rf_reg[11] + tpr/hc_o_32,36,2484,0.014492753623188406,1.4492753623188406
rf_reg[12] + tpr/hc_o_32,36,2484,0.014492753623188406,1.4492753623188406
alu_operand_b_ex_o_tag + tpr/hc_o_32,36,2484,0.014492753623188406,1.4492753623188406
rf_reg[13] + tpr/hc_o_32,36,2484,0.014492753623188406,1.4492753623188406
rf_reg[14] + tpr/hc_o_32,36,2484,0.014492753623188406,1.4492753623188406
rf_reg[15] + tpr/hc_o_32,36,2484,0.014492753623188406,1.4492753623188406
rf_reg[16] + tpr/hc_o_32,36,2484,0.014492753623188406,1.4492753623188406
rf_reg[17] + tpr/hc_o_32,36,2484,0.014492753623188406,1.4492753623188406
rf_reg[18] + tpr/hc_o_32,36,2484,0.014492753623188406,1.4492753623188406
rf_reg[19] + tpr/hc_o_32,36,2484,0.014492753623188406,1.4492753623188406
rf_reg[20] + tpr/hc_o_32,36,2484,0.014492753623188406,1.4492753623188406
rf_reg[21] + tpr/hc_o_32,36,2484,0.014492753623188406,1.4492753623188406
rf_reg[22] + tpr/hc_o_32,36,2484,0.014492753623188406,1.4492753623188406
rf_reg[23] + tpr/hc_o_32,36,2484,0.014492753623188406,1.4492753623188406
rf_reg[24] + tpr/hc_o_32,36,2484,0.014492753623188406,1.4492753623188406
rf_reg[25] + tpr/hc_o_32,36,2484,0.014492753623188406,1.4492753623188406
rf_reg[26] + tpr/hc_o_32,36,2484,0.014492753623188406,1.4492753623188406
rf_reg[27] + tpr/hc_o_32,36,2484,0.014492753623188406,1.4492753623188406
rf_reg[28] + tpr/hc_o_32,36,2484,0.014492753623188406,1.4492753623188406
alu_operand_c_ex_o_tag + tpr/hc_o_32,36,2484,0.014492753623188406,1.4492753623188406
rf_reg[29] + tpr/hc_o_32,36,2484,0.014492753623188406,1.4492753623188406
rf_reg[30] + tpr/hc_o_32,36,2484,0.014492753623188406,1.4492753623188406
rf_reg[31] + tpr/hc_o_32,36,2484,0.014492753623188406,1.4492753623188406
rs1_o_tag + tpr/hc_o_32,36,2484,0.014492753623188406,1.4492753623188406
data_we_q_tag + tpr/hc_o_32,36,2484,0.014492753623188406,1.4492753623188406
regfile_alu_waddr_ex_o_tag + tpr/hc_o_32,544,37764,0.014405253680754158,1.4405253680754158
id_stage/hc_o + tcr/hc_o_32,180,12588,0.014299332697807437,1.4299332697807436
regfile_alu_waddr_ex_o_tag + tcr/hc_o_32,538,37764,0.014246372206334075,1.4246372206334075
hc_o_26 + tcr/hc_o_32,176,12588,0.013981569748967271,1.398156974896727
pc_if_o_tag + tcr_q,32,2304,0.013888888888888888,1.3888888888888888
memory_set_o_tag + tpr_q,32,2304,0.013888888888888888,1.3888888888888888
pc_if_o_tag + rs1_o_tag,5,360,0.013888888888888888,1.3888888888888888
hc_o_26 + tpr/hc_o_32,173,12588,0.013743247537337147,1.3743247537337147
hc_o_rf_tag + tpr/hc_o_32,1016,74808,0.013581435140626671,1.3581435140626672
data_type_q_tag + tpr/hc_o_32,66,4968,0.013285024154589372,1.328502415458937
rdata_offset_q_tag + tpr/hc_o_32,66,4968,0.013285024154589372,1.328502415458937
store_dest_addr_ex_o_tag/hc_o + tpr/hc_o_32,22,1656,0.013285024154589372,1.328502415458937
store_source_ex_o_tag/hc_o + tpr/hc_o_32,22,1656,0.013285024154589372,1.328502415458937
tpr/hc_o_32 + use_store_ops_ex_o/hc_o,22,1656,0.013285024154589372,1.328502415458937
alu_operand_b_ex_o_tag/hc_o + tpr/hc_o_32,22,1656,0.013285024154589372,1.328502415458937
alu_operand_c_ex_o_tag/hc_o + tpr/hc_o_32,22,1656,0.013285024154589372,1.328502415458937
check_s1_o_tag/hc_o + tpr/hc_o_32,22,1656,0.013285024154589372,1.328502415458937
check_s2_o_tag/hc_o + tpr/hc_o_32,22,1656,0.013285024154589372,1.328502415458937
check_d_o_tag/hc_o + tpr/hc_o_32,22,1656,0.013285024154589372,1.328502415458937
register_set_o_tag/hc_o + tpr/hc_o_32,22,1656,0.013285024154589372,1.328502415458937
is_store_post_o_tag/hc_o + tpr/hc_o_32,22,1656,0.013285024154589372,1.328502415458937
data_we_q_tag/hc_o + tpr/hc_o_32,22,1656,0.013285024154589372,1.328502415458937
hc_o_rf_tag + tcr/hc_o_32,993,74808,0.013273981392364452,1.3273981392364453
rdata_q_tag + tcr/hc_o_32,254,19152,0.013262322472848788,1.3262322472848789
rdata_q_tag + tpr/hc_o_32,252,19152,0.013157894736842105,1.3157894736842104
pc_if_o_tag/hc_o + tcr_load_store/hc_o,6,456,0.013157894736842105,1.3157894736842104
pc_id_o_tag/hc_o + tpr_load_store_mode/hc_o,6,456,0.013157894736842105,1.3157894736842104
pc_id_o_tag/hc_o + tpr_load_store_enable/hc_o,6,456,0.013157894736842105,1.3157894736842104
alu_operand_a_ex_o_tag/hc_o + tpr_load_store_mode/hc_o,6,456,0.013157894736842105,1.3157894736842104
alu_operand_a_ex_o_tag/hc_o + tpr_load_store_enable/hc_o,6,456,0.013157894736842105,1.3157894736842104
memory_set_o_tag/hc_o + tcr_load_store/hc_o,6,456,0.013157894736842105,1.3157894736842104
tcr_execute/hc_o + tcr_q,20,1536,0.013020833333333334,1.3020833333333335
alu_operator_o_mode/hc_o + tpr/hc_o_32,42,3252,0.012915129151291513,1.2915129151291513
rdata_offset_q_tag/hc_o + tpr/hc_o_32,42,3252,0.012915129151291513,1.2915129151291513
data_type_q_tag/hc_o + tpr/hc_o_32,42,3252,0.012915129151291513,1.2915129151291513
rdata_q_tag/hc_o + tpr/hc_o_32,42,3252,0.012915129151291513,1.2915129151291513
hc_o_5 + tpr/hc_o_32,164,12768,0.012844611528822054,1.2844611528822054
pc_if_o_tag + tpr_q,29,2304,0.012586805555555556,1.2586805555555556
hc_o_5 + tcr/hc_o_32,160,12768,0.012531328320802004,1.2531328320802004
alu_operand_a_ex_o_tag/hc_o + pc_if_o_tag/hc_o,6,480,0.0125,1.25
alu_operand_b_ex_o_tag/hc_o + pc_if_o_tag/hc_o,6,480,0.0125,1.25
pc_if_o_tag/hc_o + register_set_o_tag/hc_o,6,480,0.0125,1.25
memory_set_o_tag/hc_o + pc_id_o_tag/hc_o,6,480,0.0125,1.25
alu_operand_a_ex_o_tag/hc_o + memory_set_o_tag/hc_o,6,480,0.0125,1.25
csr_group19/hc_o + id_group9/hc_o,3,240,0.0125,1.25
alu_operator_o_mode + tpr/hc_o_32,62,4968,0.01247987117552335,1.247987117552335
alu_operator_o_mode/hc_o + tcr/hc_o_32,40,3252,0.012300123001230012,1.2300123001230012
rdata_offset_q_tag/hc_o + tcr/hc_o_32,40,3252,0.012300123001230012,1.2300123001230012
data_type_q_tag/hc_o + tcr/hc_o_32,40,3252,0.012300123001230012,1.2300123001230012
rdata_q_tag/hc_o + tcr/hc_o_32,40,3252,0.012300123001230012,1.2300123001230012
data_type_q_tag + tcr/hc_o_32,60,4968,0.012077294685990338,1.2077294685990339
rdata_offset_q_tag + tcr/hc_o_32,60,4968,0.012077294685990338,1.2077294685990339
check_d_o_tag + tcr/hc_o_32,30,2484,0.012077294685990338,1.2077294685990339
check_s1_o_tag + tcr/hc_o_32,30,2484,0.012077294685990338,1.2077294685990339
check_s2_o_tag + tcr/hc_o_32,30,2484,0.012077294685990338,1.2077294685990339
is_store_post_o_tag + tcr/hc_o_32,30,2484,0.012077294685990338,1.2077294685990339
pc_id_o_tag + tcr/hc_o_32,30,2484,0.012077294685990338,1.2077294685990339
memory_set_o_tag + tcr/hc_o_32,30,2484,0.012077294685990338,1.2077294685990339
pc_if_o_tag + tcr/hc_o_32,30,2484,0.012077294685990338,1.2077294685990339
register_set_o_tag + tcr/hc_o_32,30,2484,0.012077294685990338,1.2077294685990339
store_dest_addr_ex_o_tag + tcr/hc_o_32,30,2484,0.012077294685990338,1.2077294685990339
alu_operand_a_ex_o_tag + tcr/hc_o_32,30,2484,0.012077294685990338,1.2077294685990339
store_source_ex_o_tag + tcr/hc_o_32,30,2484,0.012077294685990338,1.2077294685990339
tcr/hc_o_32 + use_store_ops_ex_o,30,2484,0.012077294685990338,1.2077294685990339
rf_reg[0] + tcr/hc_o_32,30,2484,0.012077294685990338,1.2077294685990339
rf_reg[1] + tcr/hc_o_32,30,2484,0.012077294685990338,1.2077294685990339
rf_reg[2] + tcr/hc_o_32,30,2484,0.012077294685990338,1.2077294685990339
rf_reg[3] + tcr/hc_o_32,30,2484,0.012077294685990338,1.2077294685990339
rf_reg[4] + tcr/hc_o_32,30,2484,0.012077294685990338,1.2077294685990339
rf_reg[5] + tcr/hc_o_32,30,2484,0.012077294685990338,1.2077294685990339
rf_reg[6] + tcr/hc_o_32,30,2484,0.012077294685990338,1.2077294685990339
rf_reg[7] + tcr/hc_o_32,30,2484,0.012077294685990338,1.2077294685990339
rf_reg[8] + tcr/hc_o_32,30,2484,0.012077294685990338,1.2077294685990339
rf_reg[10] + tcr/hc_o_32,30,2484,0.012077294685990338,1.2077294685990339
rf_reg[11] + tcr/hc_o_32,30,2484,0.012077294685990338,1.2077294685990339
alu_operand_b_ex_o_tag + tcr/hc_o_32,30,2484,0.012077294685990338,1.2077294685990339
rf_reg[12] + tcr/hc_o_32,30,2484,0.012077294685990338,1.2077294685990339
rf_reg[13] + tcr/hc_o_32,30,2484,0.012077294685990338,1.2077294685990339
rf_reg[14] + tcr/hc_o_32,30,2484,0.012077294685990338,1.2077294685990339
rf_reg[15] + tcr/hc_o_32,30,2484,0.012077294685990338,1.2077294685990339
rf_reg[16] + tcr/hc_o_32,30,2484,0.012077294685990338,1.2077294685990339
rf_reg[17] + tcr/hc_o_32,30,2484,0.012077294685990338,1.2077294685990339
rf_reg[18] + tcr/hc_o_32,30,2484,0.012077294685990338,1.2077294685990339
rf_reg[19] + tcr/hc_o_32,30,2484,0.012077294685990338,1.2077294685990339
rf_reg[20] + tcr/hc_o_32,30,2484,0.012077294685990338,1.2077294685990339
rf_reg[21] + tcr/hc_o_32,30,2484,0.012077294685990338,1.2077294685990339
rf_reg[22] + tcr/hc_o_32,30,2484,0.012077294685990338,1.2077294685990339
rf_reg[23] + tcr/hc_o_32,30,2484,0.012077294685990338,1.2077294685990339
rf_reg[24] + tcr/hc_o_32,30,2484,0.012077294685990338,1.2077294685990339
rf_reg[25] + tcr/hc_o_32,30,2484,0.012077294685990338,1.2077294685990339
rf_reg[26] + tcr/hc_o_32,30,2484,0.012077294685990338,1.2077294685990339
rf_reg[27] + tcr/hc_o_32,30,2484,0.012077294685990338,1.2077294685990339
rf_reg[28] + tcr/hc_o_32,30,2484,0.012077294685990338,1.2077294685990339
alu_operand_c_ex_o_tag + tcr/hc_o_32,30,2484,0.012077294685990338,1.2077294685990339
rf_reg[29] + tcr/hc_o_32,30,2484,0.012077294685990338,1.2077294685990339
rf_reg[30] + tcr/hc_o_32,30,2484,0.012077294685990338,1.2077294685990339
rf_reg[31] + tcr/hc_o_32,30,2484,0.012077294685990338,1.2077294685990339
rs1_o_tag + tcr/hc_o_32,30,2484,0.012077294685990338,1.2077294685990339
data_we_q_tag + tcr/hc_o_32,30,2484,0.012077294685990338,1.2077294685990339
ex_stage/hc_o + tpr/hc_o_32,20,1656,0.012077294685990338,1.2077294685990339
store_dest_addr_ex_o_tag/hc_o + tcr/hc_o_32,20,1656,0.012077294685990338,1.2077294685990339
store_source_ex_o_tag/hc_o + tcr/hc_o_32,20,1656,0.012077294685990338,1.2077294685990339
tcr/hc_o_32 + use_store_ops_ex_o/hc_o,20,1656,0.012077294685990338,1.2077294685990339
alu_operand_c_ex_o_tag/hc_o + tcr/hc_o_32,20,1656,0.012077294685990338,1.2077294685990339
check_s1_o_tag/hc_o + tcr/hc_o_32,20,1656,0.012077294685990338,1.2077294685990339
check_s2_o_tag/hc_o + tcr/hc_o_32,20,1656,0.012077294685990338,1.2077294685990339
check_d_o_tag/hc_o + tcr/hc_o_32,20,1656,0.012077294685990338,1.2077294685990339
is_store_post_o_tag/hc_o + tcr/hc_o_32,20,1656,0.012077294685990338,1.2077294685990339
rs1_o_tag/hc_o + tpr/hc_o_32,20,1656,0.012077294685990338,1.2077294685990339
data_we_q_tag/hc_o + tcr/hc_o_32,20,1656,0.012077294685990338,1.2077294685990339
tcr/hc_o_32 + tcr/sd_o_32,15,1242,0.012077294685990338,1.2077294685990339
alu_operator_o_mode + tcr/hc_o_32,59,4968,0.011876006441223833,1.1876006441223834
if_stage/hc_o + regfile_alu_waddr_ex_o_tag,76,6504,0.011685116851168511,1.168511685116851
pc_id_o_tag/hc_o + tcr/hc_o_32,19,1656,0.011473429951690822,1.1473429951690821
memory_set_o_tag + pc_if_o_tag,4,360,0.011111111111111112,1.1111111111111112
hc_o_rf_tag + if_stage/hc_o,140,12720,0.0110062893081761,1.10062893081761
ex_stage/hc_o + tcr/hc_o_32,18,1656,0.010869565217391304,1.0869565217391304
pc_id_o_tag/hc_o + tpr/hc_o_32,18,1656,0.010869565217391304,1.0869565217391304
alu_operand_a_ex_o_tag/hc_o + tpr/hc_o_32,18,1656,0.010869565217391304,1.0869565217391304
alu_operand_b_ex_o_tag/hc_o + tcr/hc_o_32,18,1656,0.010869565217391304,1.0869565217391304
rs1_o_tag/hc_o + tcr/hc_o_32,18,1656,0.010869565217391304,1.0869565217391304
id_stage/hc_o + if_stage/hc_o,35,3252,0.01076260762607626,1.0762607626076262
register_set_o_tag/hc_o + tcr/hc_o_32,17,1656,0.010265700483091788,1.0265700483091789
lsu_reg/hc_o + regfile_alu_waddr_ex_o_tag,32,3192,0.010025062656641603,1.0025062656641603
alu_operator_o_mode + pc_if_o_tag,7,720,0.009722222222222222,0.9722222222222222
pc_if_o_tag + rdata_offset_q_tag,7,720,0.009722222222222222,0.9722222222222222
alu_operand_a_ex_o_tag/hc_o + tcr/hc_o_32,16,1656,0.00966183574879227,0.966183574879227
sd_o_rf_tag + tpr/hc_o_32,12,1242,0.00966183574879227,0.966183574879227
tpr/hc_o_32 + tpr/sd_o_32,12,1242,0.00966183574879227,0.966183574879227
tcr/sd_o_32 + tpr/hc_o_32,12,1242,0.00966183574879227,0.966183574879227
sd_o_5 + tpr/hc_o_32,8,828,0.00966183574879227,0.966183574879227
sd_o_26 + tpr/hc_o_32,4,414,0.00966183574879227,0.966183574879227
if_stage/sd_o + tpr/hc_o_32,4,414,0.00966183574879227,0.966183574879227
id_stage/sd_o + tpr/hc_o_32,4,414,0.00966183574879227,0.966183574879227
ex_stage/sd_o + tpr/hc_o_32,4,414,0.00966183574879227,0.966183574879227
lsu/sd_o + tpr/hc_o_32,4,414,0.00966183574879227,0.966183574879227
pc_if_o_tag/sd_o + tpr/hc_o_32,4,414,0.00966183574879227,0.966183574879227
pc_id_o_tag/sd_o + tpr/hc_o_32,4,414,0.00966183574879227,0.966183574879227
alu_operator_o_mode/sd_o + tpr/hc_o_32,4,414,0.00966183574879227,0.966183574879227
store_dest_addr_ex_o_tag/sd_o + tpr/hc_o_32,4,414,0.00966183574879227,0.966183574879227
store_source_ex_o_tag/sd_o + tpr/hc_o_32,4,414,0.00966183574879227,0.966183574879227
tpr/hc_o_32 + use_store_ops_ex_o/sd_o,4,414,0.00966183574879227,0.966183574879227
alu_operand_a_ex_o_tag/sd_o + tpr/hc_o_32,4,414,0.00966183574879227,0.966183574879227
alu_operand_b_ex_o_tag/sd_o + tpr/hc_o_32,4,414,0.00966183574879227,0.966183574879227
alu_operand_c_ex_o_tag/sd_o + tpr/hc_o_32,4,414,0.00966183574879227,0.966183574879227
check_s1_o_tag/sd_o + tpr/hc_o_32,4,414,0.00966183574879227,0.966183574879227
check_s2_o_tag/sd_o + tpr/hc_o_32,4,414,0.00966183574879227,0.966183574879227
check_d_o_tag/sd_o + tpr/hc_o_32,4,414,0.00966183574879227,0.966183574879227
register_set_o_tag/sd_o + tpr/hc_o_32,4,414,0.00966183574879227,0.966183574879227
is_store_post_o_tag/sd_o + tpr/hc_o_32,4,414,0.00966183574879227,0.966183574879227
memory_set_o_tag/sd_o + tpr/hc_o_32,4,414,0.00966183574879227,0.966183574879227
rs1_o_tag/sd_o + tpr/hc_o_32,4,414,0.00966183574879227,0.966183574879227
data_we_q_tag/sd_o + tpr/hc_o_32,4,414,0.00966183574879227,0.966183574879227
rdata_offset_q_tag/sd_o + tpr/hc_o_32,4,414,0.00966183574879227,0.966183574879227
data_type_q_tag/sd_o + tpr/hc_o_32,4,414,0.00966183574879227,0.966183574879227
rdata_q_tag/sd_o + tpr/hc_o_32,4,414,0.00966183574879227,0.966183574879227
if_stage/hc_o + rdata_q_tag,32,3360,0.009523809523809525,0.9523809523809524
id_group0/hc_o + if_stage/hc_o,8,876,0.0091324200913242,0.91324200913242
id_group1/hc_o + if_stage/hc_o,8,876,0.0091324200913242,0.91324200913242
id_group4/hc_o + if_stage/hc_o,8,876,0.0091324200913242,0.91324200913242
id_group5/hc_o + if_stage/hc_o,8,876,0.0091324200913242,0.91324200913242
id_group6/hc_o + if_stage/hc_o,8,876,0.0091324200913242,0.91324200913242
id_group7/hc_o + if_stage/hc_o,8,876,0.0091324200913242,0.91324200913242
csr_group0/hc_o + if_stage/hc_o,8,876,0.0091324200913242,0.91324200913242
csr_group2/hc_o + if_stage/hc_o,8,876,0.0091324200913242,0.91324200913242
csr_group3/hc_o + if_stage/hc_o,8,876,0.0091324200913242,0.91324200913242
csr_group4/hc_o + if_stage/hc_o,8,876,0.0091324200913242,0.91324200913242
csr_group6/hc_o + if_stage/hc_o,8,876,0.0091324200913242,0.91324200913242
csr_group7/hc_o + if_stage/hc_o,8,876,0.0091324200913242,0.91324200913242
csr_group8/hc_o + if_stage/hc_o,8,876,0.0091324200913242,0.91324200913242
csr_group9/hc_o + if_stage/hc_o,8,876,0.0091324200913242,0.91324200913242
csr_group10/hc_o + if_stage/hc_o,8,876,0.0091324200913242,0.91324200913242
csr_group11/hc_o + if_stage/hc_o,8,876,0.0091324200913242,0.91324200913242
csr_group16/hc_o + if_stage/hc_o,8,876,0.0091324200913242,0.91324200913242
if_stage/hc_o + lsu_group1/hc_o,8,876,0.0091324200913242,0.91324200913242
if_stage/hc_o + lsu_group2/hc_o,8,876,0.0091324200913242,0.91324200913242
if_stage/hc_o + lsu_group3/hc_o,8,876,0.0091324200913242,0.91324200913242
if_stage/hc_o + lsu_group4/hc_o,8,876,0.0091324200913242,0.91324200913242
if_stage/hc_o + lsu_group5/hc_o,8,876,0.0091324200913242,0.91324200913242
if_stage/hc_o + rdata_offset_q_tag,8,912,0.008771929824561403,0.8771929824561403
alu_operator_o_mode + if_stage/hc_o,8,912,0.008771929824561403,0.8771929824561403
data_type_q_tag + if_stage/hc_o,8,912,0.008771929824561403,0.8771929824561403
data_we_q_tag + if_stage/hc_o,4,456,0.008771929824561403,0.8771929824561403
ex_stage/hc_o + if_stage/hc_o,4,456,0.008771929824561403,0.8771929824561403
check_d_o_tag + if_stage/hc_o,4,456,0.008771929824561403,0.8771929824561403
check_s1_o_tag + if_stage/hc_o,4,456,0.008771929824561403,0.8771929824561403
check_s2_o_tag + if_stage/hc_o,4,456,0.008771929824561403,0.8771929824561403
if_stage/hc_o + is_store_post_o_tag,4,456,0.008771929824561403,0.8771929824561403
if_stage/hc_o + memory_set_o_tag,4,456,0.008771929824561403,0.8771929824561403
if_stage/hc_o + register_set_o_tag,4,456,0.008771929824561403,0.8771929824561403
alu_operand_a_ex_o_tag + if_stage/hc_o,4,456,0.008771929824561403,0.8771929824561403
if_stage/hc_o + store_dest_addr_ex_o_tag,4,456,0.008771929824561403,0.8771929824561403
if_stage/hc_o + store_source_ex_o_tag,4,456,0.008771929824561403,0.8771929824561403
if_stage/hc_o + use_store_ops_ex_o,4,456,0.008771929824561403,0.8771929824561403
if_stage/hc_o + rf_reg[0],4,456,0.008771929824561403,0.8771929824561403
if_stage/hc_o + rf_reg[1],4,456,0.008771929824561403,0.8771929824561403
if_stage/hc_o + rf_reg[2],4,456,0.008771929824561403,0.8771929824561403
if_stage/hc_o + rf_reg[3],4,456,0.008771929824561403,0.8771929824561403
if_stage/hc_o + rf_reg[4],4,456,0.008771929824561403,0.8771929824561403
if_stage/hc_o + rf_reg[5],4,456,0.008771929824561403,0.8771929824561403
if_stage/hc_o + rf_reg[6],4,456,0.008771929824561403,0.8771929824561403
if_stage/hc_o + rf_reg[7],4,456,0.008771929824561403,0.8771929824561403
if_stage/hc_o + rf_reg[8],4,456,0.008771929824561403,0.8771929824561403
if_stage/hc_o + rf_reg[9],4,456,0.008771929824561403,0.8771929824561403
if_stage/hc_o + rf_reg[10],4,456,0.008771929824561403,0.8771929824561403
alu_operand_b_ex_o_tag + if_stage/hc_o,4,456,0.008771929824561403,0.8771929824561403
if_stage/hc_o + rf_reg[11],4,456,0.008771929824561403,0.8771929824561403
if_stage/hc_o + rf_reg[12],4,456,0.008771929824561403,0.8771929824561403
if_stage/hc_o + rf_reg[13],4,456,0.008771929824561403,0.8771929824561403
if_stage/hc_o + rf_reg[14],4,456,0.008771929824561403,0.8771929824561403
if_stage/hc_o + rf_reg[15],4,456,0.008771929824561403,0.8771929824561403
if_stage/hc_o + rf_reg[16],4,456,0.008771929824561403,0.8771929824561403
if_stage/hc_o + rf_reg[17],4,456,0.008771929824561403,0.8771929824561403
if_stage/hc_o + rf_reg[18],4,456,0.008771929824561403,0.8771929824561403
if_stage/hc_o + rf_reg[19],4,456,0.008771929824561403,0.8771929824561403
if_stage/hc_o + rf_reg[20],4,456,0.008771929824561403,0.8771929824561403
if_stage/hc_o + rf_reg[21],4,456,0.008771929824561403,0.8771929824561403
if_stage/hc_o + rf_reg[22],4,456,0.008771929824561403,0.8771929824561403
if_stage/hc_o + rf_reg[23],4,456,0.008771929824561403,0.8771929824561403
if_stage/hc_o + rf_reg[24],4,456,0.008771929824561403,0.8771929824561403
if_stage/hc_o + rf_reg[25],4,456,0.008771929824561403,0.8771929824561403
alu_operand_c_ex_o_tag + if_stage/hc_o,4,456,0.008771929824561403,0.8771929824561403
if_stage/hc_o + rf_reg[26],4,456,0.008771929824561403,0.8771929824561403
if_stage/hc_o + rf_reg[27],4,456,0.008771929824561403,0.8771929824561403
if_stage/hc_o + rf_reg[28],4,456,0.008771929824561403,0.8771929824561403
if_stage/hc_o + rf_reg[29],4,456,0.008771929824561403,0.8771929824561403
if_stage/hc_o + rf_reg[30],4,456,0.008771929824561403,0.8771929824561403
if_stage/hc_o + rf_reg[31],4,456,0.008771929824561403,0.8771929824561403
if_stage/hc_o + rs1_o_tag,4,456,0.008771929824561403,0.8771929824561403
csr_group14/hc_o + if_stage/hc_o,4,456,0.008771929824561403,0.8771929824561403
csr_group18/hc_o + if_stage/hc_o,4,456,0.008771929824561403,0.8771929824561403
csr_group20/hc_o + if_stage/hc_o,4,456,0.008771929824561403,0.8771929824561403
if_stage/hc_o + if_stage/sd_o,2,228,0.008771929824561403,0.8771929824561403
pc_if_o_tag + rdata_q_tag,22,2592,0.008487654320987654,0.8487654320987654
rdata_q_tag + rf_reg[1],22,2592,0.008487654320987654,0.8487654320987654
alu_operator_o_mode + rf_reg[1],6,720,0.008333333333333333,0.8333333333333334
data_type_q_tag + pc_if_o_tag,6,720,0.008333333333333333,0.8333333333333334
data_type_q_tag + rf_reg[1],6,720,0.008333333333333333,0.8333333333333334
rdata_offset_q_tag + rf_reg[1],6,720,0.008333333333333333,0.8333333333333334
check_d_o_tag + rf_reg[1],3,360,0.008333333333333333,0.8333333333333334
check_s1_o_tag + rf_reg[1],3,360,0.008333333333333333,0.8333333333333334
check_s2_o_tag + rf_reg[1],3,360,0.008333333333333333,0.8333333333333334
is_store_post_o_tag + rf_reg[1],3,360,0.008333333333333333,0.8333333333333334
alu_operand_a_ex_o_tag + pc_if_o_tag,3,360,0.008333333333333333,0.8333333333333334
alu_operand_b_ex_o_tag + pc_if_o_tag,3,360,0.008333333333333333,0.8333333333333334
alu_operand_c_ex_o_tag + pc_if_o_tag,3,360,0.008333333333333333,0.8333333333333334
check_d_o_tag + pc_if_o_tag,3,360,0.008333333333333333,0.8333333333333334
check_s1_o_tag + pc_if_o_tag,3,360,0.008333333333333333,0.8333333333333334
check_s2_o_tag + pc_if_o_tag,3,360,0.008333333333333333,0.8333333333333334
is_store_post_o_tag + pc_if_o_tag,3,360,0.008333333333333333,0.8333333333333334
memory_set_o_tag + rf_reg[3],3,360,0.008333333333333333,0.8333333333333334
memory_set_o_tag + rf_reg[4],3,360,0.008333333333333333,0.8333333333333334
memory_set_o_tag + rf_reg[5],3,360,0.008333333333333333,0.8333333333333334
memory_set_o_tag + rf_reg[6],3,360,0.008333333333333333,0.8333333333333334
memory_set_o_tag + rf_reg[7],3,360,0.008333333333333333,0.8333333333333334
memory_set_o_tag + rf_reg[8],3,360,0.008333333333333333,0.8333333333333334
memory_set_o_tag + rf_reg[9],3,360,0.008333333333333333,0.8333333333333334
memory_set_o_tag + rf_reg[10],3,360,0.008333333333333333,0.8333333333333334
memory_set_o_tag + rf_reg[11],3,360,0.008333333333333333,0.8333333333333334
memory_set_o_tag + rf_reg[12],3,360,0.008333333333333333,0.8333333333333334
memory_set_o_tag + rf_reg[13],3,360,0.008333333333333333,0.8333333333333334
memory_set_o_tag + rf_reg[14],3,360,0.008333333333333333,0.8333333333333334
memory_set_o_tag + rf_reg[15],3,360,0.008333333333333333,0.8333333333333334
memory_set_o_tag + rf_reg[16],3,360,0.008333333333333333,0.8333333333333334
memory_set_o_tag + rf_reg[17],3,360,0.008333333333333333,0.8333333333333334
memory_set_o_tag + rf_reg[18],3,360,0.008333333333333333,0.8333333333333334
memory_set_o_tag + rf_reg[19],3,360,0.008333333333333333,0.8333333333333334
memory_set_o_tag + rf_reg[20],3,360,0.008333333333333333,0.8333333333333334
memory_set_o_tag + rf_reg[21],3,360,0.008333333333333333,0.8333333333333334
memory_set_o_tag + rf_reg[22],3,360,0.008333333333333333,0.8333333333333334
memory_set_o_tag + rf_reg[23],3,360,0.008333333333333333,0.8333333333333334
memory_set_o_tag + rf_reg[24],3,360,0.008333333333333333,0.8333333333333334
memory_set_o_tag + rf_reg[25],3,360,0.008333333333333333,0.8333333333333334
memory_set_o_tag + rf_reg[26],3,360,0.008333333333333333,0.8333333333333334
memory_set_o_tag + rf_reg[27],3,360,0.008333333333333333,0.8333333333333334
memory_set_o_tag + rf_reg[28],3,360,0.008333333333333333,0.8333333333333334
memory_set_o_tag + rf_reg[29],3,360,0.008333333333333333,0.8333333333333334
memory_set_o_tag + rf_reg[30],3,360,0.008333333333333333,0.8333333333333334
memory_set_o_tag + rf_reg[31],3,360,0.008333333333333333,0.8333333333333334
pc_if_o_tag + register_set_o_tag,3,360,0.008333333333333333,0.8333333333333334
pc_if_o_tag + store_dest_addr_ex_o_tag,3,360,0.008333333333333333,0.8333333333333334
pc_if_o_tag + store_source_ex_o_tag,3,360,0.008333333333333333,0.8333333333333334
pc_if_o_tag + use_store_ops_ex_o,3,360,0.008333333333333333,0.8333333333333334
pc_if_o_tag + rf_reg[3],3,360,0.008333333333333333,0.8333333333333334
pc_if_o_tag + rf_reg[4],3,360,0.008333333333333333,0.8333333333333334
pc_if_o_tag + rf_reg[5],3,360,0.008333333333333333,0.8333333333333334
pc_if_o_tag + rf_reg[6],3,360,0.008333333333333333,0.8333333333333334
pc_if_o_tag + rf_reg[7],3,360,0.008333333333333333,0.8333333333333334
pc_if_o_tag + rf_reg[8],3,360,0.008333333333333333,0.8333333333333334
pc_if_o_tag + rf_reg[9],3,360,0.008333333333333333,0.8333333333333334
pc_if_o_tag + rf_reg[10],3,360,0.008333333333333333,0.8333333333333334
pc_if_o_tag + rf_reg[11],3,360,0.008333333333333333,0.8333333333333334
pc_if_o_tag + rf_reg[12],3,360,0.008333333333333333,0.8333333333333334
pc_if_o_tag + rf_reg[13],3,360,0.008333333333333333,0.8333333333333334
pc_if_o_tag + rf_reg[14],3,360,0.008333333333333333,0.8333333333333334
pc_if_o_tag + rf_reg[15],3,360,0.008333333333333333,0.8333333333333334
pc_if_o_tag + rf_reg[16],3,360,0.008333333333333333,0.8333333333333334
pc_if_o_tag + rf_reg[17],3,360,0.008333333333333333,0.8333333333333334
pc_if_o_tag + rf_reg[18],3,360,0.008333333333333333,0.8333333333333334
pc_if_o_tag + rf_reg[19],3,360,0.008333333333333333,0.8333333333333334
pc_if_o_tag + rf_reg[20],3,360,0.008333333333333333,0.8333333333333334
pc_if_o_tag + rf_reg[21],3,360,0.008333333333333333,0.8333333333333334
pc_if_o_tag + rf_reg[22],3,360,0.008333333333333333,0.8333333333333334
pc_if_o_tag + rf_reg[23],3,360,0.008333333333333333,0.8333333333333334
pc_if_o_tag + rf_reg[24],3,360,0.008333333333333333,0.8333333333333334
pc_if_o_tag + rf_reg[25],3,360,0.008333333333333333,0.8333333333333334
pc_if_o_tag + rf_reg[26],3,360,0.008333333333333333,0.8333333333333334
pc_if_o_tag + rf_reg[27],3,360,0.008333333333333333,0.8333333333333334
pc_if_o_tag + rf_reg[28],3,360,0.008333333333333333,0.8333333333333334
pc_if_o_tag + rf_reg[29],3,360,0.008333333333333333,0.8333333333333334
pc_if_o_tag + rf_reg[30],3,360,0.008333333333333333,0.8333333333333334
pc_if_o_tag + rf_reg[31],3,360,0.008333333333333333,0.8333333333333334
data_we_q_tag + pc_if_o_tag,3,360,0.008333333333333333,0.8333333333333334
alu_operand_a_ex_o_tag + memory_set_o_tag,3,360,0.008333333333333333,0.8333333333333334
rf_reg[1] + store_dest_addr_ex_o_tag,3,360,0.008333333333333333,0.8333333333333334
rf_reg[1] + store_source_ex_o_tag,3,360,0.008333333333333333,0.8333333333333334
rf_reg[1] + use_store_ops_ex_o,3,360,0.008333333333333333,0.8333333333333334
data_we_q_tag + rf_reg[1],3,360,0.008333333333333333,0.8333333333333334
alu_operand_c_ex_o_tag + rf_reg[1],3,360,0.008333333333333333,0.8333333333333334
register_set_o_tag/hc_o + rf_reg[2],2,240,0.008333333333333333,0.8333333333333334
regfile_alu_waddr_ex_o_tag + rf_reg[1],41,4968,0.008252818035426731,0.8252818035426731
pc_if_o_tag + regfile_alu_waddr_ex_o_tag,40,4968,0.008051529790660225,0.8051529790660225
rf_reg[9] + tcr/hc_o_32,20,2484,0.008051529790660225,0.8051529790660225
id_group2/hc_o + if_stage/hc_o,7,876,0.007990867579908675,0.7990867579908676
id_group3/hc_o + if_stage/hc_o,7,876,0.007990867579908675,0.7990867579908676
id_group8/hc_o + if_stage/hc_o,7,876,0.007990867579908675,0.7990867579908676
csr_group1/hc_o + if_stage/hc_o,7,876,0.007990867579908675,0.7990867579908676
csr_group5/hc_o + if_stage/hc_o,7,876,0.007990867579908675,0.7990867579908676
csr_group13/hc_o + if_stage/hc_o,7,876,0.007990867579908675,0.7990867579908676
csr_group17/hc_o + if_stage/hc_o,7,876,0.007990867579908675,0.7990867579908676
csr_group19/hc_o + if_stage/hc_o,3,456,0.006578947368421052,0.6578947368421052
lsu/hc_o + tpr/hc_o_32,18,3192,0.005639097744360902,0.5639097744360901
pc_id_o_tag + rs1_o_tag,2,360,0.005555555555555556,0.5555555555555556
check_s1_o_tag + check_s2_o_tag,2,360,0.005555555555555556,0.5555555555555556
check_s1_o_tag + store_dest_addr_ex_o_tag,2,360,0.005555555555555556,0.5555555555555556
is_store_post_o_tag + register_set_o_tag,2,360,0.005555555555555556,0.5555555555555556
store_dest_addr_ex_o_tag + store_source_ex_o_tag,2,360,0.005555555555555556,0.5555555555555556
alu_operand_b_ex_o_tag + alu_operand_c_ex_o_tag,2,360,0.005555555555555556,0.5555555555555556
tpr_load_store_mode/hc_o + tpr_q,6,1152,0.005208333333333333,0.5208333333333333
tpr_load_store_enable/hc_o + tpr_q,6,1152,0.005208333333333333,0.5208333333333333
csr_group12/hc_o + tpr_q,6,1152,0.005208333333333333,0.5208333333333333
csr_group15/hc_o + tpr_q,6,1152,0.005208333333333333,0.5208333333333333
id_stage/hc_o + lsu_reg/hc_o,16,3192,0.005012531328320802,0.5012531328320802
ex_stage/hc_o + regfile_alu_waddr_ex_o_tag,8,1656,0.004830917874396135,0.4830917874396135
check_s2_o_tag + hc_o_26,4,828,0.004830917874396135,0.4830917874396135
hc_o_26 + register_set_o_tag,4,828,0.004830917874396135,0.4830917874396135
id_stage/sd_o + regfile_alu_waddr_ex_o_tag,2,414,0.004830917874396135,0.4830917874396135
rdata_q_tag + sd_o_26,1,216,0.004629629629629629,0.4629629629629629
csr_group13/hc_o + csr_group18/hc_o,2,456,0.0043859649122807015,0.43859649122807015
id_group8/hc_o + rf_reg[2],1,228,0.0043859649122807015,0.43859649122807015
hc_o_26 + rdata_q_tag,25,6384,0.003916040100250626,0.3916040100250626
id_stage/hc_o + regfile_alu_waddr_ex_o_tag,49,12588,0.003892596123292024,0.3892596123292024
tcr_q + tpr_q,276,73728,0.0037434895833333335,0.37434895833333337
hc_o_rf_tag + id_stage/hc_o,92,24936,0.0036894449791466154,0.36894449791466155
alu_operator_o_mode + hc_o_26,6,1656,0.0036231884057971015,0.36231884057971014
data_type_q_tag + hc_o_26,6,1656,0.0036231884057971015,0.36231884057971014
hc_o_26 + rdata_offset_q_tag,6,1656,0.0036231884057971015,0.36231884057971014
alu_operator_o_mode + id_stage/hc_o,6,1656,0.0036231884057971015,0.36231884057971014
hc_o_26 + is_store_post_o_tag,3,828,0.0036231884057971015,0.36231884057971014
hc_o_26 + store_dest_addr_ex_o_tag,3,828,0.0036231884057971015,0.36231884057971014
alu_operand_b_ex_o_tag + hc_o_26,3,828,0.0036231884057971015,0.36231884057971014
hc_o_26 + rs1_o_tag,3,828,0.0036231884057971015,0.36231884057971014
data_we_q_tag + hc_o_26,3,828,0.0036231884057971015,0.36231884057971014
check_d_o_tag + id_stage/hc_o,3,828,0.0036231884057971015,0.36231884057971014
check_s1_o_tag + id_stage/hc_o,3,828,0.0036231884057971015,0.36231884057971014
check_s2_o_tag + id_stage/hc_o,3,828,0.0036231884057971015,0.36231884057971014
id_stage/hc_o + is_store_post_o_tag,3,828,0.0036231884057971015,0.36231884057971014
id_stage/hc_o + register_set_o_tag,3,828,0.0036231884057971015,0.36231884057971014
id_stage/hc_o + use_store_ops_ex_o,3,828,0.0036231884057971015,0.36231884057971014
id_stage/hc_o + rf_reg[2],3,828,0.0036231884057971015,0.36231884057971014
alu_operand_b_ex_o_tag + id_stage/hc_o,3,828,0.0036231884057971015,0.36231884057971014
alu_operand_c_ex_o_tag + id_stage/hc_o,3,828,0.0036231884057971015,0.36231884057971014
rdata_q_tag + sd_o_5,2,648,0.0030864197530864196,0.30864197530864196
rdata_q_tag + tpr/sd_o_32,2,648,0.0030864197530864196,0.30864197530864196
rdata_q_tag + tcr/sd_o_32,2,648,0.0030864197530864196,0.30864197530864196
alu_operator_o_mode + use_store_ops_ex_o,2,720,0.002777777777777778,0.2777777777777778
rdata_offset_q_tag + use_store_ops_ex_o,2,720,0.002777777777777778,0.2777777777777778
alu_operand_b_ex_o_tag + data_type_q_tag,2,720,0.002777777777777778,0.2777777777777778
alu_operand_c_ex_o_tag + data_type_q_tag,2,720,0.002777777777777778,0.2777777777777778
memory_set_o_tag + pc_id_o_tag,1,360,0.002777777777777778,0.2777777777777778
pc_id_o_tag + rf_reg[1],1,360,0.002777777777777778,0.2777777777777778
memory_set_o_tag + rf_reg[0],1,360,0.002777777777777778,0.2777777777777778
memory_set_o_tag + rf_reg[2],1,360,0.002777777777777778,0.2777777777777778
pc_if_o_tag + rf_reg[0],1,360,0.002777777777777778,0.2777777777777778
pc_if_o_tag + rf_reg[2],1,360,0.002777777777777778,0.2777777777777778
alu_operand_a_ex_o_tag + rf_reg[1],1,360,0.002777777777777778,0.2777777777777778
register_set_o_tag + rf_reg[1],1,360,0.002777777777777778,0.2777777777777778
rf_reg[1] + rs1_o_tag,1,360,0.002777777777777778,0.2777777777777778
alu_operand_b_ex_o_tag + rf_reg[1],1,360,0.002777777777777778,0.2777777777777778
hc_o_rf_tag + lsu_reg/hc_o,16,6288,0.002544529262086514,0.2544529262086514
hc_o_26 + regfile_alu_waddr_ex_o_tag,32,12588,0.002542103590721322,0.2542103590721322
hc_o_26 + hc_o_rf_tag,63,24936,0.002526467757459095,0.2526467757459095
hc_o_26 + hc_o_5,16,6384,0.002506265664160401,0.2506265664160401
id_stage/hc_o + rdata_q_tag,16,6384,0.002506265664160401,0.2506265664160401
data_type_q_tag + id_stage/hc_o,4,1656,0.0024154589371980675,0.24154589371980675
id_stage/hc_o + rdata_offset_q_tag,4,1656,0.0024154589371980675,0.24154589371980675
ex_stage/hc_o + id_stage/hc_o,4,1656,0.0024154589371980675,0.24154589371980675
hc_o_26 + pc_id_o_tag,2,828,0.0024154589371980675,0.24154589371980675
check_d_o_tag + hc_o_26,2,828,0.0024154589371980675,0.24154589371980675
check_s1_o_tag + hc_o_26,2,828,0.0024154589371980675,0.24154589371980675
hc_o_26 + pc_if_o_tag,2,828,0.0024154589371980675,0.24154589371980675
hc_o_26 + store_source_ex_o_tag,2,828,0.0024154589371980675,0.24154589371980675
hc_o_26 + use_store_ops_ex_o,2,828,0.0024154589371980675,0.24154589371980675
hc_o_26 + rf_reg[0],2,828,0.0024154589371980675,0.24154589371980675
hc_o_26 + rf_reg[1],2,828,0.0024154589371980675,0.24154589371980675
hc_o_26 + rf_reg[2],2,828,0.0024154589371980675,0.24154589371980675
hc_o_26 + rf_reg[3],2,828,0.0024154589371980675,0.24154589371980675
hc_o_26 + rf_reg[4],2,828,0.0024154589371980675,0.24154589371980675
hc_o_26 + rf_reg[5],2,828,0.0024154589371980675,0.24154589371980675
hc_o_26 + rf_reg[6],2,828,0.0024154589371980675,0.24154589371980675
hc_o_26 + rf_reg[7],2,828,0.0024154589371980675,0.24154589371980675
hc_o_26 + rf_reg[8],2,828,0.0024154589371980675,0.24154589371980675
hc_o_26 + rf_reg[9],2,828,0.0024154589371980675,0.24154589371980675
hc_o_26 + rf_reg[10],2,828,0.0024154589371980675,0.24154589371980675
hc_o_26 + rf_reg[11],2,828,0.0024154589371980675,0.24154589371980675
hc_o_26 + rf_reg[12],2,828,0.0024154589371980675,0.24154589371980675
hc_o_26 + rf_reg[13],2,828,0.0024154589371980675,0.24154589371980675
hc_o_26 + rf_reg[14],2,828,0.0024154589371980675,0.24154589371980675
hc_o_26 + rf_reg[15],2,828,0.0024154589371980675,0.24154589371980675
hc_o_26 + rf_reg[16],2,828,0.0024154589371980675,0.24154589371980675
hc_o_26 + rf_reg[17],2,828,0.0024154589371980675,0.24154589371980675
hc_o_26 + rf_reg[18],2,828,0.0024154589371980675,0.24154589371980675
hc_o_26 + rf_reg[19],2,828,0.0024154589371980675,0.24154589371980675
hc_o_26 + rf_reg[20],2,828,0.0024154589371980675,0.24154589371980675
hc_o_26 + rf_reg[21],2,828,0.0024154589371980675,0.24154589371980675
hc_o_26 + rf_reg[22],2,828,0.0024154589371980675,0.24154589371980675
hc_o_26 + rf_reg[23],2,828,0.0024154589371980675,0.24154589371980675
hc_o_26 + rf_reg[24],2,828,0.0024154589371980675,0.24154589371980675
hc_o_26 + rf_reg[25],2,828,0.0024154589371980675,0.24154589371980675
hc_o_26 + rf_reg[26],2,828,0.0024154589371980675,0.24154589371980675
hc_o_26 + rf_reg[27],2,828,0.0024154589371980675,0.24154589371980675
hc_o_26 + rf_reg[28],2,828,0.0024154589371980675,0.24154589371980675
alu_operand_c_ex_o_tag + hc_o_26,2,828,0.0024154589371980675,0.24154589371980675
hc_o_26 + rf_reg[29],2,828,0.0024154589371980675,0.24154589371980675
hc_o_26 + rf_reg[30],2,828,0.0024154589371980675,0.24154589371980675
hc_o_26 + rf_reg[31],2,828,0.0024154589371980675,0.24154589371980675
id_stage/hc_o + pc_id_o_tag,2,828,0.0024154589371980675,0.24154589371980675
data_we_q_tag + id_stage/hc_o,2,828,0.0024154589371980675,0.24154589371980675
id_stage/hc_o + pc_if_o_tag,2,828,0.0024154589371980675,0.24154589371980675
id_stage/hc_o + store_dest_addr_ex_o_tag,2,828,0.0024154589371980675,0.24154589371980675
id_stage/hc_o + store_source_ex_o_tag,2,828,0.0024154589371980675,0.24154589371980675
id_stage/hc_o + rf_reg[0],2,828,0.0024154589371980675,0.24154589371980675
id_stage/hc_o + rf_reg[1],2,828,0.0024154589371980675,0.24154589371980675
id_stage/hc_o + rf_reg[3],2,828,0.0024154589371980675,0.24154589371980675
id_stage/hc_o + rf_reg[4],2,828,0.0024154589371980675,0.24154589371980675
id_stage/hc_o + rf_reg[5],2,828,0.0024154589371980675,0.24154589371980675
id_stage/hc_o + rf_reg[6],2,828,0.0024154589371980675,0.24154589371980675
id_stage/hc_o + rf_reg[7],2,828,0.0024154589371980675,0.24154589371980675
id_stage/hc_o + rf_reg[8],2,828,0.0024154589371980675,0.24154589371980675
id_stage/hc_o + rf_reg[9],2,828,0.0024154589371980675,0.24154589371980675
id_stage/hc_o + rf_reg[10],2,828,0.0024154589371980675,0.24154589371980675
id_stage/hc_o + rf_reg[11],2,828,0.0024154589371980675,0.24154589371980675
id_stage/hc_o + rf_reg[12],2,828,0.0024154589371980675,0.24154589371980675
id_stage/hc_o + rf_reg[13],2,828,0.0024154589371980675,0.24154589371980675
id_stage/hc_o + rf_reg[14],2,828,0.0024154589371980675,0.24154589371980675
id_stage/hc_o + rf_reg[15],2,828,0.0024154589371980675,0.24154589371980675
id_stage/hc_o + rf_reg[16],2,828,0.0024154589371980675,0.24154589371980675
id_stage/hc_o + rf_reg[17],2,828,0.0024154589371980675,0.24154589371980675
id_stage/hc_o + rf_reg[18],2,828,0.0024154589371980675,0.24154589371980675
id_stage/hc_o + rf_reg[19],2,828,0.0024154589371980675,0.24154589371980675
id_stage/hc_o + rf_reg[20],2,828,0.0024154589371980675,0.24154589371980675
id_stage/hc_o + rf_reg[21],2,828,0.0024154589371980675,0.24154589371980675
id_stage/hc_o + rf_reg[22],2,828,0.0024154589371980675,0.24154589371980675
id_stage/hc_o + rf_reg[23],2,828,0.0024154589371980675,0.24154589371980675
id_stage/hc_o + rf_reg[24],2,828,0.0024154589371980675,0.24154589371980675
id_stage/hc_o + rf_reg[25],2,828,0.0024154589371980675,0.24154589371980675
id_stage/hc_o + rf_reg[26],2,828,0.0024154589371980675,0.24154589371980675
id_stage/hc_o + rf_reg[27],2,828,0.0024154589371980675,0.24154589371980675
id_stage/hc_o + rf_reg[28],2,828,0.0024154589371980675,0.24154589371980675
id_stage/hc_o + rf_reg[29],2,828,0.0024154589371980675,0.24154589371980675
id_stage/hc_o + rf_reg[30],2,828,0.0024154589371980675,0.24154589371980675
id_stage/hc_o + rf_reg[31],2,828,0.0024154589371980675,0.24154589371980675
id_stage/hc_o + rs1_o_tag,2,828,0.0024154589371980675,0.24154589371980675
hc_o_26 + sd_o_26,1,414,0.0024154589371980675,0.24154589371980675
id_stage/hc_o + id_stage/sd_o,1,414,0.0024154589371980675,0.24154589371980675
csr_group0/hc_o + csr_group13/hc_o,2,876,0.00228310502283105,0.228310502283105
csr_group1/hc_o + csr_group13/hc_o,2,876,0.00228310502283105,0.228310502283105
rdata_q_tag + tcr_q,20,9216,0.002170138888888889,0.2170138888888889
data_type_q_tag + tcr_q,10,4608,0.002170138888888889,0.2170138888888889
rdata_offset_q_tag + tcr_q,10,4608,0.002170138888888889,0.2170138888888889
alu_operator_o_mode + tcr_q,10,4608,0.002170138888888889,0.2170138888888889
pc_id_o_tag + tcr_q,5,2304,0.002170138888888889,0.2170138888888889
store_dest_addr_ex_o_tag + tcr_q,5,2304,0.002170138888888889,0.2170138888888889
store_source_ex_o_tag + tcr_q,5,2304,0.002170138888888889,0.2170138888888889
tcr_q + use_store_ops_ex_o,5,2304,0.002170138888888889,0.2170138888888889
rf_reg[3] + tcr_q,5,2304,0.002170138888888889,0.2170138888888889
rf_reg[4] + tcr_q,5,2304,0.002170138888888889,0.2170138888888889
rf_reg[5] + tcr_q,5,2304,0.002170138888888889,0.2170138888888889
rf_reg[6] + tcr_q,5,2304,0.002170138888888889,0.2170138888888889
rf_reg[7] + tcr_q,5,2304,0.002170138888888889,0.2170138888888889
rf_reg[8] + tcr_q,5,2304,0.002170138888888889,0.2170138888888889
rf_reg[9] + tcr_q,5,2304,0.002170138888888889,0.2170138888888889
rf_reg[10] + tcr_q,5,2304,0.002170138888888889,0.2170138888888889
rf_reg[11] + tcr_q,5,2304,0.002170138888888889,0.2170138888888889
rf_reg[12] + tcr_q,5,2304,0.002170138888888889,0.2170138888888889
rf_reg[13] + tcr_q,5,2304,0.002170138888888889,0.2170138888888889
rf_reg[14] + tcr_q,5,2304,0.002170138888888889,0.2170138888888889
rf_reg[15] + tcr_q,5,2304,0.002170138888888889,0.2170138888888889
rf_reg[16] + tcr_q,5,2304,0.002170138888888889,0.2170138888888889
rf_reg[17] + tcr_q,5,2304,0.002170138888888889,0.2170138888888889
rf_reg[18] + tcr_q,5,2304,0.002170138888888889,0.2170138888888889
rf_reg[19] + tcr_q,5,2304,0.002170138888888889,0.2170138888888889
rf_reg[20] + tcr_q,5,2304,0.002170138888888889,0.2170138888888889
rf_reg[21] + tcr_q,5,2304,0.002170138888888889,0.2170138888888889
rf_reg[22] + tcr_q,5,2304,0.002170138888888889,0.2170138888888889
rf_reg[23] + tcr_q,5,2304,0.002170138888888889,0.2170138888888889
rf_reg[24] + tcr_q,5,2304,0.002170138888888889,0.2170138888888889
rf_reg[25] + tcr_q,5,2304,0.002170138888888889,0.2170138888888889
rf_reg[26] + tcr_q,5,2304,0.002170138888888889,0.2170138888888889
rf_reg[27] + tcr_q,5,2304,0.002170138888888889,0.2170138888888889
rf_reg[28] + tcr_q,5,2304,0.002170138888888889,0.2170138888888889
rf_reg[29] + tcr_q,5,2304,0.002170138888888889,0.2170138888888889
rf_reg[30] + tcr_q,5,2304,0.002170138888888889,0.2170138888888889
rf_reg[31] + tcr_q,5,2304,0.002170138888888889,0.2170138888888889
data_we_q_tag + tcr_q,5,2304,0.002170138888888889,0.2170138888888889
alu_operand_c_ex_o_tag + tcr_q,5,2304,0.002170138888888889,0.2170138888888889
check_s2_o_tag + tcr_q,5,2304,0.002170138888888889,0.2170138888888889
is_store_post_o_tag + tcr_q,5,2304,0.002170138888888889,0.2170138888888889
regfile_alu_waddr_ex_o_tag + tcr_q,24,11520,0.0020833333333333333,0.20833333333333334
hc_o_rf_tag + regfile_alu_waddr_ex_o_tag,255,124680,0.0020452358036573627,0.20452358036573628
rdata_q_tag + sd_o_rf_tag,2,1080,0.001851851851851852,0.1851851851851852
hc_o_rf_tag + rf_reg[8],14,8040,0.0017412935323383085,0.17412935323383086
regfile_alu_waddr_ex_o_tag + tpr_q,20,11520,0.001736111111111111,0.1736111111111111
rdata_q_tag + tpr_q,16,9216,0.001736111111111111,0.1736111111111111
data_type_q_tag + tpr_q,8,4608,0.001736111111111111,0.1736111111111111
rdata_offset_q_tag + tpr_q,8,4608,0.001736111111111111,0.1736111111111111
alu_operator_o_mode + tpr_q,8,4608,0.001736111111111111,0.1736111111111111
register_set_o_tag + tcr_q,4,2304,0.001736111111111111,0.1736111111111111
register_set_o_tag + tpr_q,4,2304,0.001736111111111111,0.1736111111111111
store_dest_addr_ex_o_tag + tpr_q,4,2304,0.001736111111111111,0.1736111111111111
store_source_ex_o_tag + tpr_q,4,2304,0.001736111111111111,0.1736111111111111
tpr_q + use_store_ops_ex_o,4,2304,0.001736111111111111,0.1736111111111111
rf_reg[0] + tpr_q,4,2304,0.001736111111111111,0.1736111111111111
rf_reg[3] + tpr_q,4,2304,0.001736111111111111,0.1736111111111111
rf_reg[4] + tpr_q,4,2304,0.001736111111111111,0.1736111111111111
rf_reg[5] + tpr_q,4,2304,0.001736111111111111,0.1736111111111111
rf_reg[6] + tpr_q,4,2304,0.001736111111111111,0.1736111111111111
rf_reg[7] + tpr_q,4,2304,0.001736111111111111,0.1736111111111111
rf_reg[8] + tpr_q,4,2304,0.001736111111111111,0.1736111111111111
rf_reg[9] + tpr_q,4,2304,0.001736111111111111,0.1736111111111111
rf_reg[10] + tpr_q,4,2304,0.001736111111111111,0.1736111111111111
rf_reg[11] + tpr_q,4,2304,0.001736111111111111,0.1736111111111111
rf_reg[12] + tpr_q,4,2304,0.001736111111111111,0.1736111111111111
rf_reg[13] + tpr_q,4,2304,0.001736111111111111,0.1736111111111111
rf_reg[14] + tpr_q,4,2304,0.001736111111111111,0.1736111111111111
rf_reg[15] + tpr_q,4,2304,0.001736111111111111,0.1736111111111111
alu_operand_b_ex_o_tag + tcr_q,4,2304,0.001736111111111111,0.1736111111111111
rf_reg[16] + tpr_q,4,2304,0.001736111111111111,0.1736111111111111
rf_reg[17] + tpr_q,4,2304,0.001736111111111111,0.1736111111111111
rf_reg[18] + tpr_q,4,2304,0.001736111111111111,0.1736111111111111
rf_reg[19] + tpr_q,4,2304,0.001736111111111111,0.1736111111111111
rf_reg[20] + tpr_q,4,2304,0.001736111111111111,0.1736111111111111
rf_reg[21] + tpr_q,4,2304,0.001736111111111111,0.1736111111111111
rf_reg[22] + tpr_q,4,2304,0.001736111111111111,0.1736111111111111
rf_reg[23] + tpr_q,4,2304,0.001736111111111111,0.1736111111111111
rf_reg[24] + tpr_q,4,2304,0.001736111111111111,0.1736111111111111
rf_reg[25] + tpr_q,4,2304,0.001736111111111111,0.1736111111111111
rf_reg[26] + tpr_q,4,2304,0.001736111111111111,0.1736111111111111
rf_reg[27] + tpr_q,4,2304,0.001736111111111111,0.1736111111111111
rf_reg[28] + tpr_q,4,2304,0.001736111111111111,0.1736111111111111
rf_reg[29] + tpr_q,4,2304,0.001736111111111111,0.1736111111111111
rf_reg[30] + tpr_q,4,2304,0.001736111111111111,0.1736111111111111
rf_reg[31] + tpr_q,4,2304,0.001736111111111111,0.1736111111111111
alu_operand_b_ex_o_tag + tpr_q,4,2304,0.001736111111111111,0.1736111111111111
alu_operand_c_ex_o_tag + tpr_q,4,2304,0.001736111111111111,0.1736111111111111
data_we_q_tag + tpr_q,4,2304,0.001736111111111111,0.1736111111111111
check_d_o_tag + tcr_q,4,2304,0.001736111111111111,0.1736111111111111
check_d_o_tag + tpr_q,4,2304,0.001736111111111111,0.1736111111111111
check_s1_o_tag + tcr_q,4,2304,0.001736111111111111,0.1736111111111111
check_s1_o_tag + tpr_q,4,2304,0.001736111111111111,0.1736111111111111
check_s2_o_tag + tpr_q,4,2304,0.001736111111111111,0.1736111111111111
is_store_post_o_tag + tpr_q,4,2304,0.001736111111111111,0.1736111111111111
hc_o_rf_tag + rf_reg[2],13,8040,0.001616915422885572,0.1616915422885572
hc_o_rf_tag + rf_reg[4],13,8040,0.001616915422885572,0.1616915422885572
hc_o_rf_tag + rf_reg[5],13,8040,0.001616915422885572,0.1616915422885572
hc_o_rf_tag + rf_reg[7],13,8040,0.001616915422885572,0.1616915422885572
hc_o_rf_tag + rf_reg[10],13,8040,0.001616915422885572,0.1616915422885572
hc_o_rf_tag + rf_reg[11],13,8040,0.001616915422885572,0.1616915422885572
hc_o_rf_tag + rf_reg[12],13,8040,0.001616915422885572,0.1616915422885572
hc_o_rf_tag + rf_reg[14],13,8040,0.001616915422885572,0.1616915422885572
hc_o_rf_tag + rf_reg[17],13,8040,0.001616915422885572,0.1616915422885572
hc_o_rf_tag + rf_reg[18],13,8040,0.001616915422885572,0.1616915422885572
hc_o_rf_tag + rf_reg[21],13,8040,0.001616915422885572,0.1616915422885572
hc_o_rf_tag + rf_reg[23],13,8040,0.001616915422885572,0.1616915422885572
hc_o_rf_tag + rf_reg[24],13,8040,0.001616915422885572,0.1616915422885572
hc_o_rf_tag + rf_reg[26],13,8040,0.001616915422885572,0.1616915422885572
hc_o_rf_tag + rf_reg[27],13,8040,0.001616915422885572,0.1616915422885572
hc_o_rf_tag + rf_reg[29],13,8040,0.001616915422885572,0.1616915422885572
alu_operator_o_mode + rdata_q_tag,8,5184,0.0015432098765432098,0.15432098765432098
rdata_q_tag + store_source_ex_o_tag,4,2592,0.0015432098765432098,0.15432098765432098
data_we_q_tag + rdata_q_tag,4,2592,0.0015432098765432098,0.15432098765432098
hc_o_rf_tag + rdata_q_tag,97,62880,0.001542620865139949,0.1542620865139949
hc_o_rf_tag + rf_reg[3],12,8040,0.0014925373134328358,0.1492537313432836
hc_o_rf_tag + rf_reg[15],12,8040,0.0014925373134328358,0.1492537313432836
hc_o_rf_tag + rf_reg[30],12,8040,0.0014925373134328358,0.1492537313432836
alu_operator_o_mode + pc_id_o_tag,1,720,0.001388888888888889,0.1388888888888889
pc_id_o_tag + rdata_offset_q_tag,1,720,0.001388888888888889,0.1388888888888889
alu_operator_o_mode + is_store_post_o_tag,1,720,0.001388888888888889,0.1388888888888889
alu_operator_o_mode + rs1_o_tag,1,720,0.001388888888888889,0.1388888888888889
rdata_offset_q_tag + rs1_o_tag,1,720,0.001388888888888889,0.1388888888888889
data_type_q_tag + data_we_q_tag,1,720,0.001388888888888889,0.1388888888888889
data_we_q_tag + rdata_offset_q_tag,1,720,0.001388888888888889,0.1388888888888889
rs1_o_tag + tcr_q,3,2304,0.0013020833333333333,0.13020833333333331
rdata_q_tag + regfile_alu_waddr_ex_o_tag,49,38304,0.0012792397660818713,0.12792397660818713
alu_operator_o_mode/hc_o + hc_o_rf_tag,16,12720,0.0012578616352201257,0.12578616352201258
hc_o_rf_tag + rdata_offset_q_tag/hc_o,16,12720,0.0012578616352201257,0.12578616352201258
data_type_q_tag/hc_o + hc_o_rf_tag,16,12720,0.0012578616352201257,0.12578616352201258
hc_o_rf_tag + rdata_q_tag/hc_o,16,12720,0.0012578616352201257,0.12578616352201258
hc_o_rf_tag + tpr_branch/hc_o,8,6360,0.0012578616352201257,0.12578616352201258
hc_o_rf_tag + tpr_jump/hc_o,8,6360,0.0012578616352201257,0.12578616352201258
hc_o_rf_tag + tpr_shift/hc_o,8,6360,0.0012578616352201257,0.12578616352201258
hc_o_rf_tag + tpr_comparison/hc_o,8,6360,0.0012578616352201257,0.12578616352201258
hc_o_rf_tag + tpr_logical/hc_o,8,6360,0.0012578616352201257,0.12578616352201258
hc_o_rf_tag + tcr_arith/hc_o,8,6360,0.0012578616352201257,0.12578616352201258
hc_o_rf_tag + tcr_branch/hc_o,8,6360,0.0012578616352201257,0.12578616352201258
hc_o_rf_tag + tcr_jump/hc_o,8,6360,0.0012578616352201257,0.12578616352201258
hc_o_rf_tag + tcr_shift/hc_o,8,6360,0.0012578616352201257,0.12578616352201258
hc_o_rf_tag + tcr_comparison/hc_o,8,6360,0.0012578616352201257,0.12578616352201258
hc_o_rf_tag + tcr_logical/hc_o,8,6360,0.0012578616352201257,0.12578616352201258
hc_o_rf_tag + id_group0/hc_o,8,6360,0.0012578616352201257,0.12578616352201258
hc_o_rf_tag + id_group1/hc_o,8,6360,0.0012578616352201257,0.12578616352201258
hc_o_rf_tag + id_group4/hc_o,8,6360,0.0012578616352201257,0.12578616352201258
hc_o_rf_tag + id_group5/hc_o,8,6360,0.0012578616352201257,0.12578616352201258
hc_o_rf_tag + id_group6/hc_o,8,6360,0.0012578616352201257,0.12578616352201258
hc_o_rf_tag + id_group7/hc_o,8,6360,0.0012578616352201257,0.12578616352201258
csr_group0/hc_o + hc_o_rf_tag,8,6360,0.0012578616352201257,0.12578616352201258
csr_group2/hc_o + hc_o_rf_tag,8,6360,0.0012578616352201257,0.12578616352201258
csr_group3/hc_o + hc_o_rf_tag,8,6360,0.0012578616352201257,0.12578616352201258
csr_group4/hc_o + hc_o_rf_tag,8,6360,0.0012578616352201257,0.12578616352201258
csr_group5/hc_o + hc_o_rf_tag,8,6360,0.0012578616352201257,0.12578616352201258
csr_group6/hc_o + hc_o_rf_tag,8,6360,0.0012578616352201257,0.12578616352201258
csr_group7/hc_o + hc_o_rf_tag,8,6360,0.0012578616352201257,0.12578616352201258
csr_group8/hc_o + hc_o_rf_tag,8,6360,0.0012578616352201257,0.12578616352201258
csr_group9/hc_o + hc_o_rf_tag,8,6360,0.0012578616352201257,0.12578616352201258
csr_group10/hc_o + hc_o_rf_tag,8,6360,0.0012578616352201257,0.12578616352201258
csr_group11/hc_o + hc_o_rf_tag,8,6360,0.0012578616352201257,0.12578616352201258
csr_group16/hc_o + hc_o_rf_tag,8,6360,0.0012578616352201257,0.12578616352201258
hc_o_rf_tag + lsu_group2/hc_o,8,6360,0.0012578616352201257,0.12578616352201258
hc_o_rf_tag + lsu_group3/hc_o,8,6360,0.0012578616352201257,0.12578616352201258
hc_o_rf_tag + lsu_group4/hc_o,8,6360,0.0012578616352201257,0.12578616352201258
hc_o_rf_tag + lsu_group5/hc_o,8,6360,0.0012578616352201257,0.12578616352201258
hc_o_rf_tag + store_dest_addr_ex_o_tag/hc_o,8,6432,0.0012437810945273632,0.12437810945273632
hc_o_rf_tag + store_source_ex_o_tag/hc_o,8,6432,0.0012437810945273632,0.12437810945273632
hc_o_rf_tag + use_store_ops_ex_o/hc_o,8,6432,0.0012437810945273632,0.12437810945273632
alu_operand_c_ex_o_tag/hc_o + hc_o_rf_tag,8,6432,0.0012437810945273632,0.12437810945273632
check_s1_o_tag/hc_o + hc_o_rf_tag,8,6432,0.0012437810945273632,0.12437810945273632
check_s2_o_tag/hc_o + hc_o_rf_tag,8,6432,0.0012437810945273632,0.12437810945273632
check_d_o_tag/hc_o + hc_o_rf_tag,8,6432,0.0012437810945273632,0.12437810945273632
hc_o_rf_tag + is_store_post_o_tag/hc_o,8,6432,0.0012437810945273632,0.12437810945273632
data_we_q_tag/hc_o + hc_o_rf_tag,8,6432,0.0012437810945273632,0.12437810945273632
hc_o_rf_tag + sd_o_rf_tag,5,4020,0.0012437810945273632,0.12437810945273632
csr_group14/hc_o + hc_o_rf_tag,4,3216,0.0012437810945273632,0.12437810945273632
csr_group18/hc_o + hc_o_rf_tag,4,3216,0.0012437810945273632,0.12437810945273632
csr_group20/hc_o + hc_o_rf_tag,4,3216,0.0012437810945273632,0.12437810945273632
check_d_o_tag + regfile_alu_waddr_ex_o_tag,6,4968,0.0012077294685990338,0.12077294685990338
is_store_post_o_tag + regfile_alu_waddr_ex_o_tag,6,4968,0.0012077294685990338,0.12077294685990338
regfile_alu_waddr_ex_o_tag + register_set_o_tag,6,4968,0.0012077294685990338,0.12077294685990338
alu_operand_a_ex_o_tag + hc_o_26,1,828,0.0012077294685990338,0.12077294685990338
alu_operand_a_ex_o_tag + id_stage/hc_o,1,828,0.0012077294685990338,0.12077294685990338
is_store_post_o_tag + rdata_q_tag,3,2592,0.0011574074074074073,0.11574074074074073
rdata_q_tag + register_set_o_tag,3,2592,0.0011574074074074073,0.11574074074074073
hc_o_rf_tag + tpr_arith/hc_o,7,6360,0.00110062893081761,0.11006289308176101
hc_o_rf_tag + id_group2/hc_o,7,6360,0.00110062893081761,0.11006289308176101
hc_o_rf_tag + id_group3/hc_o,7,6360,0.00110062893081761,0.11006289308176101
hc_o_rf_tag + id_group8/hc_o,7,6360,0.00110062893081761,0.11006289308176101
csr_group1/hc_o + hc_o_rf_tag,7,6360,0.00110062893081761,0.11006289308176101
csr_group13/hc_o + hc_o_rf_tag,7,6360,0.00110062893081761,0.11006289308176101
csr_group17/hc_o + hc_o_rf_tag,7,6360,0.00110062893081761,0.11006289308176101
hc_o_rf_tag + lsu_group1/hc_o,7,6360,0.00110062893081761,0.11006289308176101
hc_o_rf_tag + rdata_offset_q_tag,16,16080,0.0009950248756218905,0.09950248756218905
alu_operator_o_mode + hc_o_rf_tag,16,16080,0.0009950248756218905,0.09950248756218905
data_type_q_tag + hc_o_rf_tag,16,16080,0.0009950248756218905,0.09950248756218905
check_d_o_tag + hc_o_rf_tag,8,8040,0.0009950248756218905,0.09950248756218905
check_s1_o_tag + hc_o_rf_tag,8,8040,0.0009950248756218905,0.09950248756218905
check_s2_o_tag + hc_o_rf_tag,8,8040,0.0009950248756218905,0.09950248756218905
hc_o_rf_tag + pc_id_o_tag,8,8040,0.0009950248756218905,0.09950248756218905
hc_o_rf_tag + is_store_post_o_tag,8,8040,0.0009950248756218905,0.09950248756218905
hc_o_rf_tag + memory_set_o_tag,8,8040,0.0009950248756218905,0.09950248756218905
hc_o_rf_tag + pc_if_o_tag,8,8040,0.0009950248756218905,0.09950248756218905
hc_o_rf_tag + register_set_o_tag,8,8040,0.0009950248756218905,0.09950248756218905
hc_o_rf_tag + store_dest_addr_ex_o_tag,8,8040,0.0009950248756218905,0.09950248756218905
hc_o_rf_tag + store_source_ex_o_tag,8,8040,0.0009950248756218905,0.09950248756218905
hc_o_rf_tag + use_store_ops_ex_o,8,8040,0.0009950248756218905,0.09950248756218905
alu_operand_a_ex_o_tag + hc_o_rf_tag,8,8040,0.0009950248756218905,0.09950248756218905
hc_o_rf_tag + rf_reg[6],8,8040,0.0009950248756218905,0.09950248756218905
hc_o_rf_tag + rf_reg[9],8,8040,0.0009950248756218905,0.09950248756218905
alu_operand_b_ex_o_tag + hc_o_rf_tag,8,8040,0.0009950248756218905,0.09950248756218905
hc_o_rf_tag + rf_reg[13],8,8040,0.0009950248756218905,0.09950248756218905
hc_o_rf_tag + rf_reg[16],8,8040,0.0009950248756218905,0.09950248756218905
hc_o_rf_tag + rf_reg[19],8,8040,0.0009950248756218905,0.09950248756218905
hc_o_rf_tag + rf_reg[20],8,8040,0.0009950248756218905,0.09950248756218905
hc_o_rf_tag + rf_reg[22],8,8040,0.0009950248756218905,0.09950248756218905
hc_o_rf_tag + rf_reg[25],8,8040,0.0009950248756218905,0.09950248756218905
alu_operand_c_ex_o_tag + hc_o_rf_tag,8,8040,0.0009950248756218905,0.09950248756218905
hc_o_rf_tag + rf_reg[28],8,8040,0.0009950248756218905,0.09950248756218905
hc_o_rf_tag + rf_reg[31],8,8040,0.0009950248756218905,0.09950248756218905
hc_o_rf_tag + rs1_o_tag,8,8040,0.0009950248756218905,0.09950248756218905
data_we_q_tag + hc_o_rf_tag,8,8040,0.0009950248756218905,0.09950248756218905
hc_o_rf_tag + tcr_load_store/hc_o,6,6360,0.0009433962264150943,0.09433962264150944
hc_o_rf_tag + pc_id_o_tag/hc_o,6,6432,0.0009328358208955224,0.09328358208955223
alu_operand_a_ex_o_tag/hc_o + hc_o_rf_tag,6,6432,0.0009328358208955224,0.09328358208955223
alu_operand_b_ex_o_tag/hc_o + hc_o_rf_tag,6,6432,0.0009328358208955224,0.09328358208955223
hc_o_rf_tag + register_set_o_tag/hc_o,6,6432,0.0009328358208955224,0.09328358208955223
hc_o_rf_tag + rs1_o_tag/hc_o,6,6432,0.0009328358208955224,0.09328358208955223
ex_stage/hc_o + hc_o_rf_tag,3,3216,0.0009328358208955224,0.09328358208955223
csr_group19/hc_o + hc_o_rf_tag,3,3216,0.0009328358208955224,0.09328358208955223
hc_o_5 + rdata_q_tag,9,9792,0.0009191176470588235,0.09191176470588235
alu_operand_a_ex_o_tag + tcr_q,2,2304,0.0008680555555555555,0.08680555555555555
rs1_o_tag + tpr_q,2,2304,0.0008680555555555555,0.08680555555555555
hc_o_5 + hc_o_rf_tag,32,37728,0.0008481764206955047,0.08481764206955046
data_type_q_tag + regfile_alu_waddr_ex_o_tag,8,9936,0.0008051529790660225,0.08051529790660225
rdata_offset_q_tag + regfile_alu_waddr_ex_o_tag,8,9936,0.0008051529790660225,0.08051529790660225
pc_id_o_tag + regfile_alu_waddr_ex_o_tag,4,4968,0.0008051529790660225,0.08051529790660225
check_s1_o_tag + regfile_alu_waddr_ex_o_tag,4,4968,0.0008051529790660225,0.08051529790660225
check_s2_o_tag + regfile_alu_waddr_ex_o_tag,4,4968,0.0008051529790660225,0.08051529790660225
regfile_alu_waddr_ex_o_tag + rf_reg[0],4,4968,0.0008051529790660225,0.08051529790660225
regfile_alu_waddr_ex_o_tag + rf_reg[2],4,4968,0.0008051529790660225,0.08051529790660225
regfile_alu_waddr_ex_o_tag + rf_reg[3],4,4968,0.0008051529790660225,0.08051529790660225
regfile_alu_waddr_ex_o_tag + rf_reg[4],4,4968,0.0008051529790660225,0.08051529790660225
regfile_alu_waddr_ex_o_tag + rf_reg[5],4,4968,0.0008051529790660225,0.08051529790660225
regfile_alu_waddr_ex_o_tag + rf_reg[6],4,4968,0.0008051529790660225,0.08051529790660225
regfile_alu_waddr_ex_o_tag + rf_reg[7],4,4968,0.0008051529790660225,0.08051529790660225
regfile_alu_waddr_ex_o_tag + rf_reg[8],4,4968,0.0008051529790660225,0.08051529790660225
regfile_alu_waddr_ex_o_tag + rf_reg[9],4,4968,0.0008051529790660225,0.08051529790660225
regfile_alu_waddr_ex_o_tag + rf_reg[10],4,4968,0.0008051529790660225,0.08051529790660225
regfile_alu_waddr_ex_o_tag + rf_reg[11],4,4968,0.0008051529790660225,0.08051529790660225
regfile_alu_waddr_ex_o_tag + rf_reg[12],4,4968,0.0008051529790660225,0.08051529790660225
regfile_alu_waddr_ex_o_tag + rf_reg[13],4,4968,0.0008051529790660225,0.08051529790660225
regfile_alu_waddr_ex_o_tag + rf_reg[14],4,4968,0.0008051529790660225,0.08051529790660225
regfile_alu_waddr_ex_o_tag + rf_reg[15],4,4968,0.0008051529790660225,0.08051529790660225
regfile_alu_waddr_ex_o_tag + rf_reg[16],4,4968,0.0008051529790660225,0.08051529790660225
regfile_alu_waddr_ex_o_tag + rf_reg[17],4,4968,0.0008051529790660225,0.08051529790660225
regfile_alu_waddr_ex_o_tag + rf_reg[18],4,4968,0.0008051529790660225,0.08051529790660225
regfile_alu_waddr_ex_o_tag + rf_reg[19],4,4968,0.0008051529790660225,0.08051529790660225
regfile_alu_waddr_ex_o_tag + rf_reg[20],4,4968,0.0008051529790660225,0.08051529790660225
regfile_alu_waddr_ex_o_tag + rf_reg[21],4,4968,0.0008051529790660225,0.08051529790660225
regfile_alu_waddr_ex_o_tag + rf_reg[22],4,4968,0.0008051529790660225,0.08051529790660225
regfile_alu_waddr_ex_o_tag + rf_reg[23],4,4968,0.0008051529790660225,0.08051529790660225
regfile_alu_waddr_ex_o_tag + rf_reg[24],4,4968,0.0008051529790660225,0.08051529790660225
regfile_alu_waddr_ex_o_tag + rf_reg[25],4,4968,0.0008051529790660225,0.08051529790660225
regfile_alu_waddr_ex_o_tag + rf_reg[26],4,4968,0.0008051529790660225,0.08051529790660225
regfile_alu_waddr_ex_o_tag + rf_reg[27],4,4968,0.0008051529790660225,0.08051529790660225
regfile_alu_waddr_ex_o_tag + rf_reg[28],4,4968,0.0008051529790660225,0.08051529790660225
regfile_alu_waddr_ex_o_tag + rf_reg[29],4,4968,0.0008051529790660225,0.08051529790660225
regfile_alu_waddr_ex_o_tag + rf_reg[30],4,4968,0.0008051529790660225,0.08051529790660225
regfile_alu_waddr_ex_o_tag + rf_reg[31],4,4968,0.0008051529790660225,0.08051529790660225
regfile_alu_waddr_ex_o_tag + rs1_o_tag,4,4968,0.0008051529790660225,0.08051529790660225
data_we_q_tag + regfile_alu_waddr_ex_o_tag,4,4968,0.0008051529790660225,0.08051529790660225
pc_id_o_tag + rdata_q_tag,2,2592,0.0007716049382716049,0.07716049382716049
rdata_q_tag + rf_reg[0],2,2592,0.0007716049382716049,0.07716049382716049
rdata_q_tag + rf_reg[2],2,2592,0.0007716049382716049,0.07716049382716049
rdata_q_tag + rf_reg[3],2,2592,0.0007716049382716049,0.07716049382716049
rdata_q_tag + rf_reg[4],2,2592,0.0007716049382716049,0.07716049382716049
rdata_q_tag + rf_reg[5],2,2592,0.0007716049382716049,0.07716049382716049
rdata_q_tag + rf_reg[6],2,2592,0.0007716049382716049,0.07716049382716049
rdata_q_tag + rf_reg[7],2,2592,0.0007716049382716049,0.07716049382716049
rdata_q_tag + rf_reg[8],2,2592,0.0007716049382716049,0.07716049382716049
rdata_q_tag + rf_reg[9],2,2592,0.0007716049382716049,0.07716049382716049
rdata_q_tag + rf_reg[10],2,2592,0.0007716049382716049,0.07716049382716049
rdata_q_tag + rf_reg[11],2,2592,0.0007716049382716049,0.07716049382716049
rdata_q_tag + rf_reg[12],2,2592,0.0007716049382716049,0.07716049382716049
rdata_q_tag + rf_reg[13],2,2592,0.0007716049382716049,0.07716049382716049
rdata_q_tag + rf_reg[14],2,2592,0.0007716049382716049,0.07716049382716049
rdata_q_tag + rf_reg[15],2,2592,0.0007716049382716049,0.07716049382716049
rdata_q_tag + rf_reg[16],2,2592,0.0007716049382716049,0.07716049382716049
rdata_q_tag + rf_reg[17],2,2592,0.0007716049382716049,0.07716049382716049
rdata_q_tag + rf_reg[18],2,2592,0.0007716049382716049,0.07716049382716049
rdata_q_tag + rf_reg[19],2,2592,0.0007716049382716049,0.07716049382716049
rdata_q_tag + rf_reg[20],2,2592,0.0007716049382716049,0.07716049382716049
rdata_q_tag + rf_reg[21],2,2592,0.0007716049382716049,0.07716049382716049
rdata_q_tag + rf_reg[22],2,2592,0.0007716049382716049,0.07716049382716049
rdata_q_tag + rf_reg[23],2,2592,0.0007716049382716049,0.07716049382716049
rdata_q_tag + rf_reg[24],2,2592,0.0007716049382716049,0.07716049382716049
rdata_q_tag + rf_reg[25],2,2592,0.0007716049382716049,0.07716049382716049
rdata_q_tag + rf_reg[26],2,2592,0.0007716049382716049,0.07716049382716049
rdata_q_tag + rf_reg[27],2,2592,0.0007716049382716049,0.07716049382716049
rdata_q_tag + rf_reg[28],2,2592,0.0007716049382716049,0.07716049382716049
rdata_q_tag + rf_reg[29],2,2592,0.0007716049382716049,0.07716049382716049
rdata_q_tag + rf_reg[30],2,2592,0.0007716049382716049,0.07716049382716049
rdata_q_tag + rf_reg[31],2,2592,0.0007716049382716049,0.07716049382716049
rdata_q_tag + rs1_o_tag,2,2592,0.0007716049382716049,0.07716049382716049
hc_o_rf_tag + rf_reg[0],5,8040,0.0006218905472636816,0.06218905472636816
alu_operator_o_mode + regfile_alu_waddr_ex_o_tag,6,9936,0.0006038647342995169,0.06038647342995169
rf_reg[2] + tcr_q,1,2304,0.00043402777777777775,0.043402777777777776
regfile_alu_waddr_ex_o_tag + store_dest_addr_ex_o_tag,2,4968,0.00040257648953301127,0.040257648953301126
regfile_alu_waddr_ex_o_tag + store_source_ex_o_tag,2,4968,0.00040257648953301127,0.040257648953301126
regfile_alu_waddr_ex_o_tag + use_store_ops_ex_o,2,4968,0.00040257648953301127,0.040257648953301126
alu_operand_a_ex_o_tag + regfile_alu_waddr_ex_o_tag,2,4968,0.00040257648953301127,0.040257648953301126
alu_operand_b_ex_o_tag + regfile_alu_waddr_ex_o_tag,2,4968,0.00040257648953301127,0.040257648953301126
alu_operand_c_ex_o_tag + regfile_alu_waddr_ex_o_tag,2,4968,0.00040257648953301127,0.040257648953301126
data_type_q_tag + rdata_q_tag,2,5184,0.00038580246913580245,0.038580246913580245
rdata_offset_q_tag + rdata_q_tag,2,5184,0.00038580246913580245,0.038580246913580245
check_d_o_tag + rdata_q_tag,1,2592,0.00038580246913580245,0.038580246913580245
check_s1_o_tag + rdata_q_tag,1,2592,0.00038580246913580245,0.038580246913580245
check_s2_o_tag + rdata_q_tag,1,2592,0.00038580246913580245,0.038580246913580245
rdata_q_tag + store_dest_addr_ex_o_tag,1,2592,0.00038580246913580245,0.038580246913580245
alu_operand_a_ex_o_tag + rdata_q_tag,1,2592,0.00038580246913580245,0.038580246913580245
rdata_q_tag + use_store_ops_ex_o,1,2592,0.00038580246913580245,0.038580246913580245
alu_operand_b_ex_o_tag + rdata_q_tag,1,2592,0.00038580246913580245,0.038580246913580245
alu_operand_c_ex_o_tag + rdata_q_tag,1,2592,0.00038580246913580245,0.038580246913580245
hc_o_5 + regfile_alu_waddr_ex_o_tag,0,19152,0.0,0.0
hc_o_rf_tag + tcr_q,0,11520,0.0,0.0
hc_o_rf_tag + tpr_q,0,11520,0.0,0.0
alu_operator_o_mode/hc_o + regfile_alu_waddr_ex_o_tag,0,6504,0.0,0.0
rdata_offset_q_tag/hc_o + regfile_alu_waddr_ex_o_tag,0,6504,0.0,0.0
data_type_q_tag/hc_o + regfile_alu_waddr_ex_o_tag,0,6504,0.0,0.0
rdata_q_tag/hc_o + regfile_alu_waddr_ex_o_tag,0,6504,0.0,0.0
hc_o_rf_tag + lsu/hc_o,0,6288,0.0,0.0
tcr_q + tpr/hc_o_32,0,5760,0.0,0.0
tcr/hc_o_32 + tpr_q,0,5760,0.0,0.0
hc_o_5 + tcr_q,0,4608,0.0,0.0
hc_o_5 + tpr_q,0,4608,0.0,0.0
alu_operator_o_mode/hc_o + rdata_q_tag,0,3360,0.0,0.0
rdata_offset_q_tag/hc_o + rdata_q_tag,0,3360,0.0,0.0
data_type_q_tag/hc_o + rdata_q_tag,0,3360,0.0,0.0
rdata_q_tag + rdata_q_tag/hc_o,0,3360,0.0,0.0
alu_operator_o_mode/hc_o + hc_o_5,0,3360,0.0,0.0
hc_o_5 + rdata_offset_q_tag/hc_o,0,3360,0.0,0.0
data_type_q_tag/hc_o + hc_o_5,0,3360,0.0,0.0
hc_o_5 + rdata_q_tag/hc_o,0,3360,0.0,0.0
pc_id_o_tag/hc_o + regfile_alu_waddr_ex_o_tag,0,3312,0.0,0.0
regfile_alu_waddr_ex_o_tag + store_dest_addr_ex_o_tag/hc_o,0,3312,0.0,0.0
regfile_alu_waddr_ex_o_tag + store_source_ex_o_tag/hc_o,0,3312,0.0,0.0
regfile_alu_waddr_ex_o_tag + use_store_ops_ex_o/hc_o,0,3312,0.0,0.0
alu_operand_a_ex_o_tag/hc_o + regfile_alu_waddr_ex_o_tag,0,3312,0.0,0.0
alu_operand_b_ex_o_tag/hc_o + regfile_alu_waddr_ex_o_tag,0,3312,0.0,0.0
alu_operand_c_ex_o_tag/hc_o + regfile_alu_waddr_ex_o_tag,0,3312,0.0,0.0
check_s1_o_tag/hc_o + regfile_alu_waddr_ex_o_tag,0,3312,0.0,0.0
check_s2_o_tag/hc_o + regfile_alu_waddr_ex_o_tag,0,3312,0.0,0.0
check_d_o_tag/hc_o + regfile_alu_waddr_ex_o_tag,0,3312,0.0,0.0
regfile_alu_waddr_ex_o_tag + register_set_o_tag/hc_o,0,3312,0.0,0.0
is_store_post_o_tag/hc_o + regfile_alu_waddr_ex_o_tag,0,3312,0.0,0.0
regfile_alu_waddr_ex_o_tag + rs1_o_tag/hc_o,0,3312,0.0,0.0
data_we_q_tag/hc_o + regfile_alu_waddr_ex_o_tag,0,3312,0.0,0.0
regfile_alu_waddr_ex_o_tag + tpr_arith/hc_o,0,3252,0.0,0.0
regfile_alu_waddr_ex_o_tag + tpr_branch/hc_o,0,3252,0.0,0.0
regfile_alu_waddr_ex_o_tag + tpr_jump/hc_o,0,3252,0.0,0.0
regfile_alu_waddr_ex_o_tag + tpr_shift/hc_o,0,3252,0.0,0.0
regfile_alu_waddr_ex_o_tag + tpr_comparison/hc_o,0,3252,0.0,0.0
regfile_alu_waddr_ex_o_tag + tpr_logical/hc_o,0,3252,0.0,0.0
regfile_alu_waddr_ex_o_tag + tcr_arith/hc_o,0,3252,0.0,0.0
regfile_alu_waddr_ex_o_tag + tcr_branch/hc_o,0,3252,0.0,0.0
regfile_alu_waddr_ex_o_tag + tcr_jump/hc_o,0,3252,0.0,0.0
regfile_alu_waddr_ex_o_tag + tcr_shift/hc_o,0,3252,0.0,0.0
regfile_alu_waddr_ex_o_tag + tcr_comparison/hc_o,0,3252,0.0,0.0
regfile_alu_waddr_ex_o_tag + tcr_logical/hc_o,0,3252,0.0,0.0
regfile_alu_waddr_ex_o_tag + tcr_load_store/hc_o,0,3252,0.0,0.0
id_group0/hc_o + regfile_alu_waddr_ex_o_tag,0,3252,0.0,0.0
id_group1/hc_o + regfile_alu_waddr_ex_o_tag,0,3252,0.0,0.0
id_group2/hc_o + regfile_alu_waddr_ex_o_tag,0,3252,0.0,0.0
id_group3/hc_o + regfile_alu_waddr_ex_o_tag,0,3252,0.0,0.0
id_group4/hc_o + regfile_alu_waddr_ex_o_tag,0,3252,0.0,0.0
id_group5/hc_o + regfile_alu_waddr_ex_o_tag,0,3252,0.0,0.0
id_group6/hc_o + regfile_alu_waddr_ex_o_tag,0,3252,0.0,0.0
id_group7/hc_o + regfile_alu_waddr_ex_o_tag,0,3252,0.0,0.0
id_group8/hc_o + regfile_alu_waddr_ex_o_tag,0,3252,0.0,0.0
csr_group0/hc_o + regfile_alu_waddr_ex_o_tag,0,3252,0.0,0.0
csr_group1/hc_o + regfile_alu_waddr_ex_o_tag,0,3252,0.0,0.0
csr_group2/hc_o + regfile_alu_waddr_ex_o_tag,0,3252,0.0,0.0
csr_group3/hc_o + regfile_alu_waddr_ex_o_tag,0,3252,0.0,0.0
csr_group4/hc_o + regfile_alu_waddr_ex_o_tag,0,3252,0.0,0.0
csr_group5/hc_o + regfile_alu_waddr_ex_o_tag,0,3252,0.0,0.0
csr_group6/hc_o + regfile_alu_waddr_ex_o_tag,0,3252,0.0,0.0
csr_group7/hc_o + regfile_alu_waddr_ex_o_tag,0,3252,0.0,0.0
csr_group8/hc_o + regfile_alu_waddr_ex_o_tag,0,3252,0.0,0.0
csr_group9/hc_o + regfile_alu_waddr_ex_o_tag,0,3252,0.0,0.0
csr_group10/hc_o + regfile_alu_waddr_ex_o_tag,0,3252,0.0,0.0
csr_group11/hc_o + regfile_alu_waddr_ex_o_tag,0,3252,0.0,0.0
csr_group13/hc_o + regfile_alu_waddr_ex_o_tag,0,3252,0.0,0.0
csr_group16/hc_o + regfile_alu_waddr_ex_o_tag,0,3252,0.0,0.0
csr_group17/hc_o + regfile_alu_waddr_ex_o_tag,0,3252,0.0,0.0
lsu_group1/hc_o + regfile_alu_waddr_ex_o_tag,0,3252,0.0,0.0
lsu_group2/hc_o + regfile_alu_waddr_ex_o_tag,0,3252,0.0,0.0
lsu_group3/hc_o + regfile_alu_waddr_ex_o_tag,0,3252,0.0,0.0
lsu_group4/hc_o + regfile_alu_waddr_ex_o_tag,0,3252,0.0,0.0
lsu_group5/hc_o + regfile_alu_waddr_ex_o_tag,0,3252,0.0,0.0
id_stage/hc_o + lsu/hc_o,0,3192,0.0,0.0
lsu/hc_o + tcr/hc_o_32,0,3192,0.0,0.0
lsu/hc_o + regfile_alu_waddr_ex_o_tag,0,3192,0.0,0.0
alu_operator_o_mode + hc_o_5,0,2592,0.0,0.0
data_type_q_tag + hc_o_5,0,2592,0.0,0.0
hc_o_5 + rdata_offset_q_tag,0,2592,0.0,0.0
hc_o_rf_tag + sd_o_5,0,2412,0.0,0.0
hc_o_rf_tag + tpr/sd_o_32,0,2412,0.0,0.0
hc_o_rf_tag + tcr/sd_o_32,0,2412,0.0,0.0
pc_id_o_tag + tpr_q,0,2304,0.0,0.0
rf_reg[0] + tcr_q,0,2304,0.0,0.0
rf_reg[2] + tpr_q,0,2304,0.0,0.0
alu_operand_a_ex_o_tag + tpr_q,0,2304,0.0,0.0
if_stage/hc_o + tcr_q,0,2304,0.0,0.0
if_stage/hc_o + tpr_q,0,2304,0.0,0.0
alu_operator_o_mode/hc_o + tcr_q,0,2304,0.0,0.0
rdata_offset_q_tag/hc_o + tcr_q,0,2304,0.0,0.0
data_type_q_tag/hc_o + tcr_q,0,2304,0.0,0.0
rdata_q_tag/hc_o + tcr_q,0,2304,0.0,0.0
alu_operator_o_mode/hc_o + tpr_q,0,2304,0.0,0.0
rdata_offset_q_tag/hc_o + tpr_q,0,2304,0.0,0.0
data_type_q_tag/hc_o + tpr_q,0,2304,0.0,0.0
rdata_q_tag/hc_o + tpr_q,0,2304,0.0,0.0
regfile_alu_waddr_ex_o_tag + sd_o_rf_tag,0,2070,0.0,0.0
hc_o_26 + tcr_q,0,1920,0.0,0.0
hc_o_26 + tpr_q,0,1920,0.0,0.0
id_stage/hc_o + tcr_q,0,1920,0.0,0.0
id_stage/hc_o + tpr_q,0,1920,0.0,0.0
alu_operator_o_mode/hc_o + rdata_offset_q_tag/hc_o,0,1752,0.0,0.0
alu_operator_o_mode/hc_o + data_type_q_tag/hc_o,0,1752,0.0,0.0
alu_operator_o_mode/hc_o + rdata_q_tag/hc_o,0,1752,0.0,0.0
data_type_q_tag/hc_o + rdata_offset_q_tag/hc_o,0,1752,0.0,0.0
rdata_offset_q_tag/hc_o + rdata_q_tag/hc_o,0,1752,0.0,0.0
data_type_q_tag/hc_o + rdata_q_tag/hc_o,0,1752,0.0,0.0
pc_id_o_tag/hc_o + rdata_q_tag,0,1728,0.0,0.0
rdata_q_tag + store_dest_addr_ex_o_tag/hc_o,0,1728,0.0,0.0
rdata_q_tag + store_source_ex_o_tag/hc_o,0,1728,0.0,0.0
rdata_q_tag + use_store_ops_ex_o/hc_o,0,1728,0.0,0.0
alu_operand_a_ex_o_tag/hc_o + rdata_q_tag,0,1728,0.0,0.0
alu_operand_b_ex_o_tag/hc_o + rdata_q_tag,0,1728,0.0,0.0
alu_operand_c_ex_o_tag/hc_o + rdata_q_tag,0,1728,0.0,0.0
check_s1_o_tag/hc_o + rdata_q_tag,0,1728,0.0,0.0
check_s2_o_tag/hc_o + rdata_q_tag,0,1728,0.0,0.0
check_d_o_tag/hc_o + rdata_q_tag,0,1728,0.0,0.0
rdata_q_tag + register_set_o_tag/hc_o,0,1728,0.0,0.0
is_store_post_o_tag/hc_o + rdata_q_tag,0,1728,0.0,0.0
rdata_q_tag + rs1_o_tag/hc_o,0,1728,0.0,0.0
data_we_q_tag/hc_o + rdata_q_tag,0,1728,0.0,0.0
hc_o_5 + pc_id_o_tag/hc_o,0,1728,0.0,0.0
hc_o_5 + store_dest_addr_ex_o_tag/hc_o,0,1728,0.0,0.0
hc_o_5 + store_source_ex_o_tag/hc_o,0,1728,0.0,0.0
hc_o_5 + use_store_ops_ex_o/hc_o,0,1728,0.0,0.0
alu_operand_a_ex_o_tag/hc_o + hc_o_5,0,1728,0.0,0.0
alu_operand_b_ex_o_tag/hc_o + hc_o_5,0,1728,0.0,0.0
alu_operand_c_ex_o_tag/hc_o + hc_o_5,0,1728,0.0,0.0
check_s1_o_tag/hc_o + hc_o_5,0,1728,0.0,0.0
check_s2_o_tag/hc_o + hc_o_5,0,1728,0.0,0.0
check_d_o_tag/hc_o + hc_o_5,0,1728,0.0,0.0
hc_o_5 + register_set_o_tag/hc_o,0,1728,0.0,0.0
hc_o_5 + is_store_post_o_tag/hc_o,0,1728,0.0,0.0
hc_o_5 + rs1_o_tag/hc_o,0,1728,0.0,0.0
data_we_q_tag/hc_o + hc_o_5,0,1728,0.0,0.0
rdata_q_tag + tpr_arith/hc_o,0,1680,0.0,0.0
rdata_q_tag + tpr_branch/hc_o,0,1680,0.0,0.0
rdata_q_tag + tpr_jump/hc_o,0,1680,0.0,0.0
rdata_q_tag + tpr_shift/hc_o,0,1680,0.0,0.0
rdata_q_tag + tpr_comparison/hc_o,0,1680,0.0,0.0
rdata_q_tag + tpr_logical/hc_o,0,1680,0.0,0.0
rdata_q_tag + tcr_arith/hc_o,0,1680,0.0,0.0
rdata_q_tag + tcr_branch/hc_o,0,1680,0.0,0.0
rdata_q_tag + tcr_jump/hc_o,0,1680,0.0,0.0
rdata_q_tag + tcr_shift/hc_o,0,1680,0.0,0.0
rdata_q_tag + tcr_comparison/hc_o,0,1680,0.0,0.0
rdata_q_tag + tcr_logical/hc_o,0,1680,0.0,0.0
rdata_q_tag + tcr_load_store/hc_o,0,1680,0.0,0.0
hc_o_5 + tpr_arith/hc_o,0,1680,0.0,0.0
hc_o_5 + tpr_branch/hc_o,0,1680,0.0,0.0
hc_o_5 + tpr_jump/hc_o,0,1680,0.0,0.0
hc_o_5 + tpr_shift/hc_o,0,1680,0.0,0.0
hc_o_5 + tpr_comparison/hc_o,0,1680,0.0,0.0
hc_o_5 + tpr_logical/hc_o,0,1680,0.0,0.0
hc_o_5 + tcr_arith/hc_o,0,1680,0.0,0.0
hc_o_5 + tcr_branch/hc_o,0,1680,0.0,0.0
hc_o_5 + tcr_jump/hc_o,0,1680,0.0,0.0
hc_o_5 + tcr_shift/hc_o,0,1680,0.0,0.0
hc_o_5 + tcr_comparison/hc_o,0,1680,0.0,0.0
hc_o_5 + tcr_logical/hc_o,0,1680,0.0,0.0
hc_o_5 + tcr_load_store/hc_o,0,1680,0.0,0.0
id_group0/hc_o + rdata_q_tag,0,1680,0.0,0.0
id_group1/hc_o + rdata_q_tag,0,1680,0.0,0.0
id_group2/hc_o + rdata_q_tag,0,1680,0.0,0.0
id_group3/hc_o + rdata_q_tag,0,1680,0.0,0.0
id_group4/hc_o + rdata_q_tag,0,1680,0.0,0.0
id_group5/hc_o + rdata_q_tag,0,1680,0.0,0.0
id_group6/hc_o + rdata_q_tag,0,1680,0.0,0.0
id_group7/hc_o + rdata_q_tag,0,1680,0.0,0.0
id_group8/hc_o + rdata_q_tag,0,1680,0.0,0.0
csr_group0/hc_o + rdata_q_tag,0,1680,0.0,0.0
csr_group1/hc_o + rdata_q_tag,0,1680,0.0,0.0
csr_group2/hc_o + rdata_q_tag,0,1680,0.0,0.0
csr_group3/hc_o + rdata_q_tag,0,1680,0.0,0.0
csr_group4/hc_o + rdata_q_tag,0,1680,0.0,0.0
csr_group5/hc_o + rdata_q_tag,0,1680,0.0,0.0
csr_group6/hc_o + rdata_q_tag,0,1680,0.0,0.0
csr_group7/hc_o + rdata_q_tag,0,1680,0.0,0.0
csr_group8/hc_o + rdata_q_tag,0,1680,0.0,0.0
csr_group9/hc_o + rdata_q_tag,0,1680,0.0,0.0
csr_group10/hc_o + rdata_q_tag,0,1680,0.0,0.0
csr_group11/hc_o + rdata_q_tag,0,1680,0.0,0.0
csr_group13/hc_o + rdata_q_tag,0,1680,0.0,0.0
csr_group16/hc_o + rdata_q_tag,0,1680,0.0,0.0
csr_group17/hc_o + rdata_q_tag,0,1680,0.0,0.0
lsu_group1/hc_o + rdata_q_tag,0,1680,0.0,0.0
lsu_group2/hc_o + rdata_q_tag,0,1680,0.0,0.0
lsu_group3/hc_o + rdata_q_tag,0,1680,0.0,0.0
lsu_group4/hc_o + rdata_q_tag,0,1680,0.0,0.0
lsu_group5/hc_o + rdata_q_tag,0,1680,0.0,0.0
csr_group14/hc_o + regfile_alu_waddr_ex_o_tag,0,1656,0.0,0.0
csr_group18/hc_o + regfile_alu_waddr_ex_o_tag,0,1656,0.0,0.0
csr_group19/hc_o + regfile_alu_waddr_ex_o_tag,0,1656,0.0,0.0
csr_group20/hc_o + regfile_alu_waddr_ex_o_tag,0,1656,0.0,0.0
lsu_reg/hc_o + rdata_q_tag,0,1632,0.0,0.0
lsu/hc_o + rdata_q_tag,0,1632,0.0,0.0
hc_o_rf_tag + if_stage/sd_o,0,1608,0.0,0.0
hc_o_rf_tag + pc_if_o_tag/sd_o,0,1608,0.0,0.0
hc_o_rf_tag + pc_id_o_tag/sd_o,0,1608,0.0,0.0
alu_operator_o_mode/sd_o + hc_o_rf_tag,0,1608,0.0,0.0
hc_o_rf_tag + store_dest_addr_ex_o_tag/sd_o,0,1608,0.0,0.0
hc_o_rf_tag + store_source_ex_o_tag/sd_o,0,1608,0.0,0.0
hc_o_rf_tag + use_store_ops_ex_o/sd_o,0,1608,0.0,0.0
alu_operand_a_ex_o_tag/sd_o + hc_o_rf_tag,0,1608,0.0,0.0
alu_operand_b_ex_o_tag/sd_o + hc_o_rf_tag,0,1608,0.0,0.0
alu_operand_c_ex_o_tag/sd_o + hc_o_rf_tag,0,1608,0.0,0.0
check_s1_o_tag/sd_o + hc_o_rf_tag,0,1608,0.0,0.0
check_s2_o_tag/sd_o + hc_o_rf_tag,0,1608,0.0,0.0
check_d_o_tag/sd_o + hc_o_rf_tag,0,1608,0.0,0.0
hc_o_rf_tag + register_set_o_tag/sd_o,0,1608,0.0,0.0
hc_o_rf_tag + is_store_post_o_tag/sd_o,0,1608,0.0,0.0
hc_o_rf_tag + memory_set_o_tag/sd_o,0,1608,0.0,0.0
hc_o_rf_tag + rs1_o_tag/sd_o,0,1608,0.0,0.0
data_we_q_tag/sd_o + hc_o_rf_tag,0,1608,0.0,0.0
hc_o_rf_tag + rdata_offset_q_tag/sd_o,0,1608,0.0,0.0
data_type_q_tag/sd_o + hc_o_rf_tag,0,1608,0.0,0.0
hc_o_rf_tag + rdata_q_tag/sd_o,0,1608,0.0,0.0
hc_o_rf_tag + tcr_execute/sd_o,0,1608,0.0,0.0
pc_if_o_tag/hc_o + tcr_q,0,1536,0.0,0.0
pc_id_o_tag/hc_o + tcr_q,0,1536,0.0,0.0
store_dest_addr_ex_o_tag/hc_o + tcr_q,0,1536,0.0,0.0
store_source_ex_o_tag/hc_o + tcr_q,0,1536,0.0,0.0
tcr_q + use_store_ops_ex_o/hc_o,0,1536,0.0,0.0
alu_operand_a_ex_o_tag/hc_o + tcr_q,0,1536,0.0,0.0
alu_operand_b_ex_o_tag/hc_o + tcr_q,0,1536,0.0,0.0
alu_operand_c_ex_o_tag/hc_o + tcr_q,0,1536,0.0,0.0
check_s1_o_tag/hc_o + tcr_q,0,1536,0.0,0.0
check_s2_o_tag/hc_o + tcr_q,0,1536,0.0,0.0
check_d_o_tag/hc_o + tcr_q,0,1536,0.0,0.0
register_set_o_tag/hc_o + tcr_q,0,1536,0.0,0.0
is_store_post_o_tag/hc_o + tcr_q,0,1536,0.0,0.0
memory_set_o_tag/hc_o + tcr_q,0,1536,0.0,0.0
rs1_o_tag/hc_o + tcr_q,0,1536,0.0,0.0
data_we_q_tag/hc_o + tcr_q,0,1536,0.0,0.0
pc_if_o_tag/hc_o + tpr_q,0,1536,0.0,0.0
pc_id_o_tag/hc_o + tpr_q,0,1536,0.0,0.0
store_dest_addr_ex_o_tag/hc_o + tpr_q,0,1536,0.0,0.0
store_source_ex_o_tag/hc_o + tpr_q,0,1536,0.0,0.0
tpr_q + use_store_ops_ex_o/hc_o,0,1536,0.0,0.0
alu_operand_a_ex_o_tag/hc_o + tpr_q,0,1536,0.0,0.0
alu_operand_b_ex_o_tag/hc_o + tpr_q,0,1536,0.0,0.0
alu_operand_c_ex_o_tag/hc_o + tpr_q,0,1536,0.0,0.0
check_s1_o_tag/hc_o + tpr_q,0,1536,0.0,0.0
check_s2_o_tag/hc_o + tpr_q,0,1536,0.0,0.0
check_d_o_tag/hc_o + tpr_q,0,1536,0.0,0.0
register_set_o_tag/hc_o + tpr_q,0,1536,0.0,0.0
is_store_post_o_tag/hc_o + tpr_q,0,1536,0.0,0.0
memory_set_o_tag/hc_o + tpr_q,0,1536,0.0,0.0
rs1_o_tag/hc_o + tpr_q,0,1536,0.0,0.0
data_we_q_tag/hc_o + tpr_q,0,1536,0.0,0.0
tcr_execute/hc_o + tpr_q,0,1536,0.0,0.0
alu_operator_o_mode + data_type_q_tag,0,1440,0.0,0.0
alu_operator_o_mode + rdata_offset_q_tag,0,1440,0.0,0.0
data_type_q_tag + rdata_offset_q_tag,0,1440,0.0,0.0
hc_o_5 + pc_id_o_tag,0,1296,0.0,0.0
check_d_o_tag + hc_o_5,0,1296,0.0,0.0
check_s1_o_tag + hc_o_5,0,1296,0.0,0.0
check_s2_o_tag + hc_o_5,0,1296,0.0,0.0
hc_o_5 + is_store_post_o_tag,0,1296,0.0,0.0
hc_o_5 + memory_set_o_tag,0,1296,0.0,0.0
hc_o_5 + pc_if_o_tag,0,1296,0.0,0.0
hc_o_5 + register_set_o_tag,0,1296,0.0,0.0
hc_o_5 + store_dest_addr_ex_o_tag,0,1296,0.0,0.0
hc_o_5 + store_source_ex_o_tag,0,1296,0.0,0.0
alu_operand_a_ex_o_tag + hc_o_5,0,1296,0.0,0.0
hc_o_5 + use_store_ops_ex_o,0,1296,0.0,0.0
hc_o_5 + rf_reg[0],0,1296,0.0,0.0
hc_o_5 + rf_reg[1],0,1296,0.0,0.0
hc_o_5 + rf_reg[2],0,1296,0.0,0.0
hc_o_5 + rf_reg[3],0,1296,0.0,0.0
hc_o_5 + rf_reg[4],0,1296,0.0,0.0
hc_o_5 + rf_reg[5],0,1296,0.0,0.0
hc_o_5 + rf_reg[6],0,1296,0.0,0.0
hc_o_5 + rf_reg[7],0,1296,0.0,0.0
hc_o_5 + rf_reg[8],0,1296,0.0,0.0
hc_o_5 + rf_reg[9],0,1296,0.0,0.0
hc_o_5 + rf_reg[10],0,1296,0.0,0.0
hc_o_5 + rf_reg[11],0,1296,0.0,0.0
hc_o_5 + rf_reg[12],0,1296,0.0,0.0
alu_operand_b_ex_o_tag + hc_o_5,0,1296,0.0,0.0
hc_o_5 + rf_reg[13],0,1296,0.0,0.0
hc_o_5 + rf_reg[14],0,1296,0.0,0.0
hc_o_5 + rf_reg[15],0,1296,0.0,0.0
hc_o_5 + rf_reg[16],0,1296,0.0,0.0
hc_o_5 + rf_reg[17],0,1296,0.0,0.0
hc_o_5 + rf_reg[18],0,1296,0.0,0.0
hc_o_5 + rf_reg[19],0,1296,0.0,0.0
hc_o_5 + rf_reg[20],0,1296,0.0,0.0
hc_o_5 + rf_reg[21],0,1296,0.0,0.0
hc_o_5 + rf_reg[22],0,1296,0.0,0.0
hc_o_5 + rf_reg[23],0,1296,0.0,0.0
hc_o_5 + rf_reg[24],0,1296,0.0,0.0
hc_o_5 + rf_reg[25],0,1296,0.0,0.0
hc_o_5 + rf_reg[26],0,1296,0.0,0.0
hc_o_5 + rf_reg[27],0,1296,0.0,0.0
hc_o_5 + rf_reg[28],0,1296,0.0,0.0
alu_operand_c_ex_o_tag + hc_o_5,0,1296,0.0,0.0
hc_o_5 + rf_reg[29],0,1296,0.0,0.0
hc_o_5 + rf_reg[30],0,1296,0.0,0.0
hc_o_5 + rf_reg[31],0,1296,0.0,0.0
hc_o_5 + rs1_o_tag,0,1296,0.0,0.0
data_we_q_tag + hc_o_5,0,1296,0.0,0.0
sd_o_rf_tag + tcr/hc_o_32,0,1242,0.0,0.0
tcr/hc_o_32 + tpr/sd_o_32,0,1242,0.0,0.0
regfile_alu_waddr_ex_o_tag + sd_o_5,0,1242,0.0,0.0
regfile_alu_waddr_ex_o_tag + tpr/sd_o_32,0,1242,0.0,0.0
regfile_alu_waddr_ex_o_tag + tcr/sd_o_32,0,1242,0.0,0.0
tcr_q + tpr_arith/hc_o,0,1152,0.0,0.0
tcr_q + tpr_branch/hc_o,0,1152,0.0,0.0
tcr_q + tpr_jump/hc_o,0,1152,0.0,0.0
tcr_q + tpr_shift/hc_o,0,1152,0.0,0.0
tcr_q + tpr_comparison/hc_o,0,1152,0.0,0.0
tcr_q + tpr_logical/hc_o,0,1152,0.0,0.0
tcr_q + tpr_load_store_mode/hc_o,0,1152,0.0,0.0
tcr_q + tpr_load_store_enable/hc_o,0,1152,0.0,0.0
tcr_arith/hc_o + tcr_q,0,1152,0.0,0.0
tcr_branch/hc_o + tcr_q,0,1152,0.0,0.0
tcr_jump/hc_o + tcr_q,0,1152,0.0,0.0
tcr_q + tcr_shift/hc_o,0,1152,0.0,0.0
tcr_comparison/hc_o + tcr_q,0,1152,0.0,0.0
tcr_logical/hc_o + tcr_q,0,1152,0.0,0.0
tcr_load_store/hc_o + tcr_q,0,1152,0.0,0.0
tpr_arith/hc_o + tpr_q,0,1152,0.0,0.0
tpr_branch/hc_o + tpr_q,0,1152,0.0,0.0
tpr_jump/hc_o + tpr_q,0,1152,0.0,0.0
tpr_q + tpr_shift/hc_o,0,1152,0.0,0.0
tpr_comparison/hc_o + tpr_q,0,1152,0.0,0.0
tpr_logical/hc_o + tpr_q,0,1152,0.0,0.0
tcr_arith/hc_o + tpr_q,0,1152,0.0,0.0
tcr_branch/hc_o + tpr_q,0,1152,0.0,0.0
tcr_jump/hc_o + tpr_q,0,1152,0.0,0.0
tcr_shift/hc_o + tpr_q,0,1152,0.0,0.0
tcr_comparison/hc_o + tpr_q,0,1152,0.0,0.0
tcr_logical/hc_o + tpr_q,0,1152,0.0,0.0
tcr_load_store/hc_o + tpr_q,0,1152,0.0,0.0
id_group0/hc_o + tcr_q,0,1152,0.0,0.0
id_group1/hc_o + tcr_q,0,1152,0.0,0.0
id_group2/hc_o + tcr_q,0,1152,0.0,0.0
id_group3/hc_o + tcr_q,0,1152,0.0,0.0
id_group4/hc_o + tcr_q,0,1152,0.0,0.0
id_group5/hc_o + tcr_q,0,1152,0.0,0.0
id_group6/hc_o + tcr_q,0,1152,0.0,0.0
id_group7/hc_o + tcr_q,0,1152,0.0,0.0
id_group8/hc_o + tcr_q,0,1152,0.0,0.0
csr_group0/hc_o + tcr_q,0,1152,0.0,0.0
csr_group1/hc_o + tcr_q,0,1152,0.0,0.0
csr_group2/hc_o + tcr_q,0,1152,0.0,0.0
csr_group3/hc_o + tcr_q,0,1152,0.0,0.0
csr_group4/hc_o + tcr_q,0,1152,0.0,0.0
csr_group5/hc_o + tcr_q,0,1152,0.0,0.0
csr_group6/hc_o + tcr_q,0,1152,0.0,0.0
csr_group7/hc_o + tcr_q,0,1152,0.0,0.0
csr_group8/hc_o + tcr_q,0,1152,0.0,0.0
csr_group9/hc_o + tcr_q,0,1152,0.0,0.0
csr_group10/hc_o + tcr_q,0,1152,0.0,0.0
csr_group11/hc_o + tcr_q,0,1152,0.0,0.0
csr_group12/hc_o + tcr_q,0,1152,0.0,0.0
csr_group13/hc_o + tcr_q,0,1152,0.0,0.0
csr_group15/hc_o + tcr_q,0,1152,0.0,0.0
csr_group16/hc_o + tcr_q,0,1152,0.0,0.0
csr_group17/hc_o + tcr_q,0,1152,0.0,0.0
lsu_group1/hc_o + tcr_q,0,1152,0.0,0.0
lsu_group2/hc_o + tcr_q,0,1152,0.0,0.0
lsu_group3/hc_o + tcr_q,0,1152,0.0,0.0
lsu_group4/hc_o + tcr_q,0,1152,0.0,0.0
lsu_group5/hc_o + tcr_q,0,1152,0.0,0.0
id_group0/hc_o + tpr_q,0,1152,0.0,0.0
id_group1/hc_o + tpr_q,0,1152,0.0,0.0
id_group2/hc_o + tpr_q,0,1152,0.0,0.0
id_group3/hc_o + tpr_q,0,1152,0.0,0.0
id_group4/hc_o + tpr_q,0,1152,0.0,0.0
id_group5/hc_o + tpr_q,0,1152,0.0,0.0
id_group6/hc_o + tpr_q,0,1152,0.0,0.0
id_group7/hc_o + tpr_q,0,1152,0.0,0.0
id_group8/hc_o + tpr_q,0,1152,0.0,0.0
csr_group0/hc_o + tpr_q,0,1152,0.0,0.0
csr_group1/hc_o + tpr_q,0,1152,0.0,0.0
csr_group2/hc_o + tpr_q,0,1152,0.0,0.0
csr_group3/hc_o + tpr_q,0,1152,0.0,0.0
csr_group4/hc_o + tpr_q,0,1152,0.0,0.0
csr_group5/hc_o + tpr_q,0,1152,0.0,0.0
csr_group6/hc_o + tpr_q,0,1152,0.0,0.0
csr_group7/hc_o + tpr_q,0,1152,0.0,0.0
csr_group8/hc_o + tpr_q,0,1152,0.0,0.0
csr_group9/hc_o + tpr_q,0,1152,0.0,0.0
csr_group10/hc_o + tpr_q,0,1152,0.0,0.0
csr_group11/hc_o + tpr_q,0,1152,0.0,0.0
csr_group13/hc_o + tpr_q,0,1152,0.0,0.0
csr_group16/hc_o + tpr_q,0,1152,0.0,0.0
csr_group17/hc_o + tpr_q,0,1152,0.0,0.0
lsu_group1/hc_o + tpr_q,0,1152,0.0,0.0
lsu_group2/hc_o + tpr_q,0,1152,0.0,0.0
lsu_group3/hc_o + tpr_q,0,1152,0.0,0.0
lsu_group4/hc_o + tpr_q,0,1152,0.0,0.0
lsu_group5/hc_o + tpr_q,0,1152,0.0,0.0
sd_o_rf_tag + tcr_q,0,960,0.0,0.0
sd_o_rf_tag + tpr_q,0,960,0.0,0.0
alu_operator_o_mode/hc_o + data_type_q_tag,0,912,0.0,0.0
data_type_q_tag + rdata_offset_q_tag/hc_o,0,912,0.0,0.0
data_type_q_tag + data_type_q_tag/hc_o,0,912,0.0,0.0
data_type_q_tag + rdata_q_tag/hc_o,0,912,0.0,0.0
alu_operator_o_mode/hc_o + rdata_offset_q_tag,0,912,0.0,0.0
rdata_offset_q_tag + rdata_offset_q_tag/hc_o,0,912,0.0,0.0
data_type_q_tag/hc_o + rdata_offset_q_tag,0,912,0.0,0.0
rdata_offset_q_tag + rdata_q_tag/hc_o,0,912,0.0,0.0
alu_operator_o_mode + alu_operator_o_mode/hc_o,0,912,0.0,0.0
alu_operator_o_mode/hc_o + pc_id_o_tag/hc_o,0,912,0.0,0.0
pc_id_o_tag/hc_o + rdata_offset_q_tag/hc_o,0,912,0.0,0.0
data_type_q_tag/hc_o + pc_id_o_tag/hc_o,0,912,0.0,0.0
pc_id_o_tag/hc_o + rdata_q_tag/hc_o,0,912,0.0,0.0
alu_operator_o_mode/hc_o + store_dest_addr_ex_o_tag/hc_o,0,912,0.0,0.0
alu_operator_o_mode/hc_o + store_source_ex_o_tag/hc_o,0,912,0.0,0.0
alu_operator_o_mode/hc_o + use_store_ops_ex_o/hc_o,0,912,0.0,0.0
alu_operand_a_ex_o_tag/hc_o + alu_operator_o_mode/hc_o,0,912,0.0,0.0
alu_operand_b_ex_o_tag/hc_o + alu_operator_o_mode/hc_o,0,912,0.0,0.0
alu_operand_c_ex_o_tag/hc_o + alu_operator_o_mode/hc_o,0,912,0.0,0.0
alu_operator_o_mode/hc_o + check_s1_o_tag/hc_o,0,912,0.0,0.0
alu_operator_o_mode/hc_o + check_s2_o_tag/hc_o,0,912,0.0,0.0
alu_operator_o_mode/hc_o + check_d_o_tag/hc_o,0,912,0.0,0.0
alu_operator_o_mode/hc_o + register_set_o_tag/hc_o,0,912,0.0,0.0
alu_operator_o_mode/hc_o + is_store_post_o_tag/hc_o,0,912,0.0,0.0
alu_operator_o_mode + rdata_offset_q_tag/hc_o,0,912,0.0,0.0
alu_operator_o_mode + data_type_q_tag/hc_o,0,912,0.0,0.0
alu_operator_o_mode + rdata_q_tag/hc_o,0,912,0.0,0.0
alu_operator_o_mode/hc_o + rs1_o_tag/hc_o,0,912,0.0,0.0
alu_operator_o_mode/hc_o + data_we_q_tag/hc_o,0,912,0.0,0.0
rdata_offset_q_tag/hc_o + store_dest_addr_ex_o_tag/hc_o,0,912,0.0,0.0
data_type_q_tag/hc_o + store_dest_addr_ex_o_tag/hc_o,0,912,0.0,0.0
rdata_q_tag/hc_o + store_dest_addr_ex_o_tag/hc_o,0,912,0.0,0.0
rdata_offset_q_tag/hc_o + store_source_ex_o_tag/hc_o,0,912,0.0,0.0
data_type_q_tag/hc_o + store_source_ex_o_tag/hc_o,0,912,0.0,0.0
rdata_q_tag/hc_o + store_source_ex_o_tag/hc_o,0,912,0.0,0.0
rdata_offset_q_tag/hc_o + use_store_ops_ex_o/hc_o,0,912,0.0,0.0
data_type_q_tag/hc_o + use_store_ops_ex_o/hc_o,0,912,0.0,0.0
rdata_q_tag/hc_o + use_store_ops_ex_o/hc_o,0,912,0.0,0.0
alu_operand_a_ex_o_tag/hc_o + rdata_offset_q_tag/hc_o,0,912,0.0,0.0
alu_operand_a_ex_o_tag/hc_o + data_type_q_tag/hc_o,0,912,0.0,0.0
alu_operand_a_ex_o_tag/hc_o + rdata_q_tag/hc_o,0,912,0.0,0.0
alu_operand_b_ex_o_tag/hc_o + rdata_offset_q_tag/hc_o,0,912,0.0,0.0
alu_operand_b_ex_o_tag/hc_o + data_type_q_tag/hc_o,0,912,0.0,0.0
alu_operand_b_ex_o_tag/hc_o + rdata_q_tag/hc_o,0,912,0.0,0.0
alu_operand_c_ex_o_tag/hc_o + rdata_offset_q_tag/hc_o,0,912,0.0,0.0
alu_operand_c_ex_o_tag/hc_o + data_type_q_tag/hc_o,0,912,0.0,0.0
alu_operand_c_ex_o_tag/hc_o + rdata_q_tag/hc_o,0,912,0.0,0.0
check_s1_o_tag/hc_o + rdata_offset_q_tag/hc_o,0,912,0.0,0.0
check_s1_o_tag/hc_o + data_type_q_tag/hc_o,0,912,0.0,0.0
check_s1_o_tag/hc_o + rdata_q_tag/hc_o,0,912,0.0,0.0
check_s2_o_tag/hc_o + rdata_offset_q_tag/hc_o,0,912,0.0,0.0
check_s2_o_tag/hc_o + data_type_q_tag/hc_o,0,912,0.0,0.0
check_s2_o_tag/hc_o + rdata_q_tag/hc_o,0,912,0.0,0.0
check_d_o_tag/hc_o + rdata_offset_q_tag/hc_o,0,912,0.0,0.0
check_d_o_tag/hc_o + data_type_q_tag/hc_o,0,912,0.0,0.0
check_d_o_tag/hc_o + rdata_q_tag/hc_o,0,912,0.0,0.0
rdata_offset_q_tag/hc_o + register_set_o_tag/hc_o,0,912,0.0,0.0
data_type_q_tag/hc_o + register_set_o_tag/hc_o,0,912,0.0,0.0
rdata_q_tag/hc_o + register_set_o_tag/hc_o,0,912,0.0,0.0
is_store_post_o_tag/hc_o + rdata_offset_q_tag/hc_o,0,912,0.0,0.0
data_type_q_tag/hc_o + is_store_post_o_tag/hc_o,0,912,0.0,0.0
is_store_post_o_tag/hc_o + rdata_q_tag/hc_o,0,912,0.0,0.0
rdata_offset_q_tag/hc_o + rs1_o_tag/hc_o,0,912,0.0,0.0
data_type_q_tag/hc_o + rs1_o_tag/hc_o,0,912,0.0,0.0
rdata_q_tag/hc_o + rs1_o_tag/hc_o,0,912,0.0,0.0
data_we_q_tag/hc_o + rdata_offset_q_tag/hc_o,0,912,0.0,0.0
data_type_q_tag/hc_o + data_we_q_tag/hc_o,0,912,0.0,0.0
data_we_q_tag/hc_o + rdata_q_tag/hc_o,0,912,0.0,0.0
alu_operator_o_mode/hc_o + tpr_arith/hc_o,0,876,0.0,0.0
alu_operator_o_mode/hc_o + tpr_branch/hc_o,0,876,0.0,0.0
alu_operator_o_mode/hc_o + tpr_jump/hc_o,0,876,0.0,0.0
alu_operator_o_mode/hc_o + tpr_shift/hc_o,0,876,0.0,0.0
alu_operator_o_mode/hc_o + tpr_comparison/hc_o,0,876,0.0,0.0
alu_operator_o_mode/hc_o + tpr_logical/hc_o,0,876,0.0,0.0
alu_operator_o_mode/hc_o + tcr_arith/hc_o,0,876,0.0,0.0
alu_operator_o_mode/hc_o + tcr_branch/hc_o,0,876,0.0,0.0
alu_operator_o_mode/hc_o + tcr_jump/hc_o,0,876,0.0,0.0
alu_operator_o_mode/hc_o + tcr_shift/hc_o,0,876,0.0,0.0
alu_operator_o_mode/hc_o + tcr_comparison/hc_o,0,876,0.0,0.0
alu_operator_o_mode/hc_o + tcr_logical/hc_o,0,876,0.0,0.0
alu_operator_o_mode/hc_o + tcr_load_store/hc_o,0,876,0.0,0.0
tpr_arith/hc_o + tpr_branch/hc_o,0,876,0.0,0.0
tpr_arith/hc_o + tpr_jump/hc_o,0,876,0.0,0.0
tpr_arith/hc_o + tpr_shift/hc_o,0,876,0.0,0.0
tpr_arith/hc_o + tpr_comparison/hc_o,0,876,0.0,0.0
tpr_arith/hc_o + tpr_logical/hc_o,0,876,0.0,0.0
tcr_arith/hc_o + tpr_arith/hc_o,0,876,0.0,0.0
tcr_branch/hc_o + tpr_arith/hc_o,0,876,0.0,0.0
tcr_jump/hc_o + tpr_arith/hc_o,0,876,0.0,0.0
tcr_shift/hc_o + tpr_arith/hc_o,0,876,0.0,0.0
tcr_comparison/hc_o + tpr_arith/hc_o,0,876,0.0,0.0
tcr_logical/hc_o + tpr_arith/hc_o,0,876,0.0,0.0
tcr_load_store/hc_o + tpr_arith/hc_o,0,876,0.0,0.0
rdata_offset_q_tag/hc_o + tpr_arith/hc_o,0,876,0.0,0.0
data_type_q_tag/hc_o + tpr_arith/hc_o,0,876,0.0,0.0
rdata_q_tag/hc_o + tpr_arith/hc_o,0,876,0.0,0.0
tpr_branch/hc_o + tpr_jump/hc_o,0,876,0.0,0.0
tpr_branch/hc_o + tpr_shift/hc_o,0,876,0.0,0.0
tpr_branch/hc_o + tpr_comparison/hc_o,0,876,0.0,0.0
tpr_branch/hc_o + tpr_logical/hc_o,0,876,0.0,0.0
tcr_arith/hc_o + tpr_branch/hc_o,0,876,0.0,0.0
tcr_branch/hc_o + tpr_branch/hc_o,0,876,0.0,0.0
tcr_jump/hc_o + tpr_branch/hc_o,0,876,0.0,0.0
tcr_shift/hc_o + tpr_branch/hc_o,0,876,0.0,0.0
tcr_comparison/hc_o + tpr_branch/hc_o,0,876,0.0,0.0
tcr_logical/hc_o + tpr_branch/hc_o,0,876,0.0,0.0
tcr_load_store/hc_o + tpr_branch/hc_o,0,876,0.0,0.0
rdata_offset_q_tag/hc_o + tpr_branch/hc_o,0,876,0.0,0.0
data_type_q_tag/hc_o + tpr_branch/hc_o,0,876,0.0,0.0
rdata_q_tag/hc_o + tpr_branch/hc_o,0,876,0.0,0.0
tpr_jump/hc_o + tpr_shift/hc_o,0,876,0.0,0.0
tpr_comparison/hc_o + tpr_jump/hc_o,0,876,0.0,0.0
tpr_jump/hc_o + tpr_logical/hc_o,0,876,0.0,0.0
tcr_arith/hc_o + tpr_jump/hc_o,0,876,0.0,0.0
tcr_branch/hc_o + tpr_jump/hc_o,0,876,0.0,0.0
tcr_jump/hc_o + tpr_jump/hc_o,0,876,0.0,0.0
tcr_shift/hc_o + tpr_jump/hc_o,0,876,0.0,0.0
tcr_comparison/hc_o + tpr_jump/hc_o,0,876,0.0,0.0
tcr_logical/hc_o + tpr_jump/hc_o,0,876,0.0,0.0
tcr_load_store/hc_o + tpr_jump/hc_o,0,876,0.0,0.0
rdata_offset_q_tag/hc_o + tpr_jump/hc_o,0,876,0.0,0.0
data_type_q_tag/hc_o + tpr_jump/hc_o,0,876,0.0,0.0
rdata_q_tag/hc_o + tpr_jump/hc_o,0,876,0.0,0.0
tpr_comparison/hc_o + tpr_shift/hc_o,0,876,0.0,0.0
tpr_logical/hc_o + tpr_shift/hc_o,0,876,0.0,0.0
tcr_arith/hc_o + tpr_shift/hc_o,0,876,0.0,0.0
tcr_branch/hc_o + tpr_shift/hc_o,0,876,0.0,0.0
tcr_jump/hc_o + tpr_shift/hc_o,0,876,0.0,0.0
tcr_shift/hc_o + tpr_shift/hc_o,0,876,0.0,0.0
tcr_comparison/hc_o + tpr_shift/hc_o,0,876,0.0,0.0
tcr_logical/hc_o + tpr_shift/hc_o,0,876,0.0,0.0
tcr_load_store/hc_o + tpr_shift/hc_o,0,876,0.0,0.0
rdata_offset_q_tag/hc_o + tpr_shift/hc_o,0,876,0.0,0.0
data_type_q_tag/hc_o + tpr_shift/hc_o,0,876,0.0,0.0
rdata_q_tag/hc_o + tpr_shift/hc_o,0,876,0.0,0.0
tpr_comparison/hc_o + tpr_logical/hc_o,0,876,0.0,0.0
tcr_arith/hc_o + tpr_comparison/hc_o,0,876,0.0,0.0
tcr_branch/hc_o + tpr_comparison/hc_o,0,876,0.0,0.0
tcr_jump/hc_o + tpr_comparison/hc_o,0,876,0.0,0.0
tcr_shift/hc_o + tpr_comparison/hc_o,0,876,0.0,0.0
tcr_comparison/hc_o + tpr_comparison/hc_o,0,876,0.0,0.0
tcr_logical/hc_o + tpr_comparison/hc_o,0,876,0.0,0.0
tcr_load_store/hc_o + tpr_comparison/hc_o,0,876,0.0,0.0
rdata_offset_q_tag/hc_o + tpr_comparison/hc_o,0,876,0.0,0.0
data_type_q_tag/hc_o + tpr_comparison/hc_o,0,876,0.0,0.0
rdata_q_tag/hc_o + tpr_comparison/hc_o,0,876,0.0,0.0
tcr_arith/hc_o + tpr_logical/hc_o,0,876,0.0,0.0
tcr_branch/hc_o + tpr_logical/hc_o,0,876,0.0,0.0
tcr_jump/hc_o + tpr_logical/hc_o,0,876,0.0,0.0
tcr_shift/hc_o + tpr_logical/hc_o,0,876,0.0,0.0
tcr_comparison/hc_o + tpr_logical/hc_o,0,876,0.0,0.0
tcr_logical/hc_o + tpr_logical/hc_o,0,876,0.0,0.0
tcr_load_store/hc_o + tpr_logical/hc_o,0,876,0.0,0.0
rdata_offset_q_tag/hc_o + tpr_logical/hc_o,0,876,0.0,0.0
data_type_q_tag/hc_o + tpr_logical/hc_o,0,876,0.0,0.0
rdata_q_tag/hc_o + tpr_logical/hc_o,0,876,0.0,0.0
tcr_arith/hc_o + tcr_branch/hc_o,0,876,0.0,0.0
tcr_arith/hc_o + tcr_jump/hc_o,0,876,0.0,0.0
tcr_arith/hc_o + tcr_shift/hc_o,0,876,0.0,0.0
tcr_arith/hc_o + tcr_comparison/hc_o,0,876,0.0,0.0
tcr_arith/hc_o + tcr_logical/hc_o,0,876,0.0,0.0
tcr_arith/hc_o + tcr_load_store/hc_o,0,876,0.0,0.0
rdata_offset_q_tag/hc_o + tcr_arith/hc_o,0,876,0.0,0.0
data_type_q_tag/hc_o + tcr_arith/hc_o,0,876,0.0,0.0
rdata_q_tag/hc_o + tcr_arith/hc_o,0,876,0.0,0.0
tcr_branch/hc_o + tcr_jump/hc_o,0,876,0.0,0.0
tcr_branch/hc_o + tcr_shift/hc_o,0,876,0.0,0.0
tcr_branch/hc_o + tcr_comparison/hc_o,0,876,0.0,0.0
tcr_branch/hc_o + tcr_logical/hc_o,0,876,0.0,0.0
tcr_branch/hc_o + tcr_load_store/hc_o,0,876,0.0,0.0
rdata_offset_q_tag/hc_o + tcr_branch/hc_o,0,876,0.0,0.0
data_type_q_tag/hc_o + tcr_branch/hc_o,0,876,0.0,0.0
rdata_q_tag/hc_o + tcr_branch/hc_o,0,876,0.0,0.0
tcr_jump/hc_o + tcr_shift/hc_o,0,876,0.0,0.0
tcr_comparison/hc_o + tcr_jump/hc_o,0,876,0.0,0.0
tcr_jump/hc_o + tcr_logical/hc_o,0,876,0.0,0.0
tcr_jump/hc_o + tcr_load_store/hc_o,0,876,0.0,0.0
rdata_offset_q_tag/hc_o + tcr_jump/hc_o,0,876,0.0,0.0
data_type_q_tag/hc_o + tcr_jump/hc_o,0,876,0.0,0.0
rdata_q_tag/hc_o + tcr_jump/hc_o,0,876,0.0,0.0
tcr_comparison/hc_o + tcr_shift/hc_o,0,876,0.0,0.0
tcr_logical/hc_o + tcr_shift/hc_o,0,876,0.0,0.0
tcr_load_store/hc_o + tcr_shift/hc_o,0,876,0.0,0.0
rdata_offset_q_tag/hc_o + tcr_shift/hc_o,0,876,0.0,0.0
data_type_q_tag/hc_o + tcr_shift/hc_o,0,876,0.0,0.0
rdata_q_tag/hc_o + tcr_shift/hc_o,0,876,0.0,0.0
tcr_comparison/hc_o + tcr_logical/hc_o,0,876,0.0,0.0
tcr_comparison/hc_o + tcr_load_store/hc_o,0,876,0.0,0.0
rdata_offset_q_tag/hc_o + tcr_comparison/hc_o,0,876,0.0,0.0
data_type_q_tag/hc_o + tcr_comparison/hc_o,0,876,0.0,0.0
rdata_q_tag/hc_o + tcr_comparison/hc_o,0,876,0.0,0.0
tcr_load_store/hc_o + tcr_logical/hc_o,0,876,0.0,0.0
rdata_offset_q_tag/hc_o + tcr_logical/hc_o,0,876,0.0,0.0
data_type_q_tag/hc_o + tcr_logical/hc_o,0,876,0.0,0.0
rdata_q_tag/hc_o + tcr_logical/hc_o,0,876,0.0,0.0
rdata_offset_q_tag/hc_o + tcr_load_store/hc_o,0,876,0.0,0.0
data_type_q_tag/hc_o + tcr_load_store/hc_o,0,876,0.0,0.0
rdata_q_tag/hc_o + tcr_load_store/hc_o,0,876,0.0,0.0
id_group0/hc_o + id_group1/hc_o,0,876,0.0,0.0
id_group0/hc_o + id_group2/hc_o,0,876,0.0,0.0
id_group0/hc_o + id_group3/hc_o,0,876,0.0,0.0
id_group0/hc_o + id_group4/hc_o,0,876,0.0,0.0
id_group0/hc_o + id_group5/hc_o,0,876,0.0,0.0
id_group0/hc_o + id_group6/hc_o,0,876,0.0,0.0
id_group0/hc_o + id_group7/hc_o,0,876,0.0,0.0
id_group0/hc_o + id_group8/hc_o,0,876,0.0,0.0
csr_group0/hc_o + id_group0/hc_o,0,876,0.0,0.0
csr_group1/hc_o + id_group0/hc_o,0,876,0.0,0.0
csr_group2/hc_o + id_group0/hc_o,0,876,0.0,0.0
csr_group3/hc_o + id_group0/hc_o,0,876,0.0,0.0
csr_group4/hc_o + id_group0/hc_o,0,876,0.0,0.0
csr_group5/hc_o + id_group0/hc_o,0,876,0.0,0.0
csr_group6/hc_o + id_group0/hc_o,0,876,0.0,0.0
csr_group7/hc_o + id_group0/hc_o,0,876,0.0,0.0
csr_group8/hc_o + id_group0/hc_o,0,876,0.0,0.0
csr_group9/hc_o + id_group0/hc_o,0,876,0.0,0.0
csr_group10/hc_o + id_group0/hc_o,0,876,0.0,0.0
csr_group11/hc_o + id_group0/hc_o,0,876,0.0,0.0
csr_group13/hc_o + id_group0/hc_o,0,876,0.0,0.0
csr_group16/hc_o + id_group0/hc_o,0,876,0.0,0.0
csr_group17/hc_o + id_group0/hc_o,0,876,0.0,0.0
id_group0/hc_o + lsu_group1/hc_o,0,876,0.0,0.0
id_group0/hc_o + lsu_group2/hc_o,0,876,0.0,0.0
id_group0/hc_o + lsu_group3/hc_o,0,876,0.0,0.0
id_group0/hc_o + lsu_group4/hc_o,0,876,0.0,0.0
id_group0/hc_o + lsu_group5/hc_o,0,876,0.0,0.0
id_group1/hc_o + id_group2/hc_o,0,876,0.0,0.0
id_group1/hc_o + id_group3/hc_o,0,876,0.0,0.0
id_group1/hc_o + id_group4/hc_o,0,876,0.0,0.0
id_group1/hc_o + id_group5/hc_o,0,876,0.0,0.0
id_group1/hc_o + id_group6/hc_o,0,876,0.0,0.0
id_group1/hc_o + id_group7/hc_o,0,876,0.0,0.0
id_group1/hc_o + id_group8/hc_o,0,876,0.0,0.0
csr_group0/hc_o + id_group1/hc_o,0,876,0.0,0.0
csr_group1/hc_o + id_group1/hc_o,0,876,0.0,0.0
csr_group2/hc_o + id_group1/hc_o,0,876,0.0,0.0
csr_group3/hc_o + id_group1/hc_o,0,876,0.0,0.0
csr_group4/hc_o + id_group1/hc_o,0,876,0.0,0.0
csr_group5/hc_o + id_group1/hc_o,0,876,0.0,0.0
csr_group6/hc_o + id_group1/hc_o,0,876,0.0,0.0
csr_group7/hc_o + id_group1/hc_o,0,876,0.0,0.0
csr_group8/hc_o + id_group1/hc_o,0,876,0.0,0.0
csr_group9/hc_o + id_group1/hc_o,0,876,0.0,0.0
csr_group10/hc_o + id_group1/hc_o,0,876,0.0,0.0
csr_group11/hc_o + id_group1/hc_o,0,876,0.0,0.0
csr_group13/hc_o + id_group1/hc_o,0,876,0.0,0.0
csr_group16/hc_o + id_group1/hc_o,0,876,0.0,0.0
csr_group17/hc_o + id_group1/hc_o,0,876,0.0,0.0
id_group1/hc_o + lsu_group1/hc_o,0,876,0.0,0.0
id_group1/hc_o + lsu_group2/hc_o,0,876,0.0,0.0
id_group1/hc_o + lsu_group3/hc_o,0,876,0.0,0.0
id_group1/hc_o + lsu_group4/hc_o,0,876,0.0,0.0
id_group1/hc_o + lsu_group5/hc_o,0,876,0.0,0.0
id_group2/hc_o + id_group3/hc_o,0,876,0.0,0.0
id_group2/hc_o + id_group4/hc_o,0,876,0.0,0.0
id_group2/hc_o + id_group5/hc_o,0,876,0.0,0.0
id_group2/hc_o + id_group6/hc_o,0,876,0.0,0.0
id_group2/hc_o + id_group7/hc_o,0,876,0.0,0.0
id_group2/hc_o + id_group8/hc_o,0,876,0.0,0.0
csr_group0/hc_o + id_group2/hc_o,0,876,0.0,0.0
csr_group1/hc_o + id_group2/hc_o,0,876,0.0,0.0
csr_group2/hc_o + id_group2/hc_o,0,876,0.0,0.0
csr_group3/hc_o + id_group2/hc_o,0,876,0.0,0.0
csr_group4/hc_o + id_group2/hc_o,0,876,0.0,0.0
csr_group5/hc_o + id_group2/hc_o,0,876,0.0,0.0
csr_group6/hc_o + id_group2/hc_o,0,876,0.0,0.0
csr_group7/hc_o + id_group2/hc_o,0,876,0.0,0.0
csr_group8/hc_o + id_group2/hc_o,0,876,0.0,0.0
csr_group9/hc_o + id_group2/hc_o,0,876,0.0,0.0
csr_group10/hc_o + id_group2/hc_o,0,876,0.0,0.0
csr_group11/hc_o + id_group2/hc_o,0,876,0.0,0.0
csr_group13/hc_o + id_group2/hc_o,0,876,0.0,0.0
csr_group16/hc_o + id_group2/hc_o,0,876,0.0,0.0
csr_group17/hc_o + id_group2/hc_o,0,876,0.0,0.0
id_group2/hc_o + lsu_group1/hc_o,0,876,0.0,0.0
id_group2/hc_o + lsu_group2/hc_o,0,876,0.0,0.0
id_group2/hc_o + lsu_group3/hc_o,0,876,0.0,0.0
id_group2/hc_o + lsu_group4/hc_o,0,876,0.0,0.0
id_group2/hc_o + lsu_group5/hc_o,0,876,0.0,0.0
id_group3/hc_o + id_group4/hc_o,0,876,0.0,0.0
id_group3/hc_o + id_group5/hc_o,0,876,0.0,0.0
id_group3/hc_o + id_group6/hc_o,0,876,0.0,0.0
id_group3/hc_o + id_group7/hc_o,0,876,0.0,0.0
id_group3/hc_o + id_group8/hc_o,0,876,0.0,0.0
csr_group0/hc_o + id_group3/hc_o,0,876,0.0,0.0
csr_group1/hc_o + id_group3/hc_o,0,876,0.0,0.0
csr_group2/hc_o + id_group3/hc_o,0,876,0.0,0.0
csr_group3/hc_o + id_group3/hc_o,0,876,0.0,0.0
csr_group4/hc_o + id_group3/hc_o,0,876,0.0,0.0
csr_group5/hc_o + id_group3/hc_o,0,876,0.0,0.0
csr_group6/hc_o + id_group3/hc_o,0,876,0.0,0.0
csr_group7/hc_o + id_group3/hc_o,0,876,0.0,0.0
csr_group8/hc_o + id_group3/hc_o,0,876,0.0,0.0
csr_group9/hc_o + id_group3/hc_o,0,876,0.0,0.0
csr_group10/hc_o + id_group3/hc_o,0,876,0.0,0.0
csr_group11/hc_o + id_group3/hc_o,0,876,0.0,0.0
csr_group13/hc_o + id_group3/hc_o,0,876,0.0,0.0
csr_group16/hc_o + id_group3/hc_o,0,876,0.0,0.0
csr_group17/hc_o + id_group3/hc_o,0,876,0.0,0.0
id_group3/hc_o + lsu_group1/hc_o,0,876,0.0,0.0
id_group3/hc_o + lsu_group2/hc_o,0,876,0.0,0.0
id_group3/hc_o + lsu_group3/hc_o,0,876,0.0,0.0
id_group3/hc_o + lsu_group4/hc_o,0,876,0.0,0.0
id_group3/hc_o + lsu_group5/hc_o,0,876,0.0,0.0
id_group4/hc_o + id_group5/hc_o,0,876,0.0,0.0
id_group4/hc_o + id_group6/hc_o,0,876,0.0,0.0
id_group4/hc_o + id_group7/hc_o,0,876,0.0,0.0
id_group4/hc_o + id_group8/hc_o,0,876,0.0,0.0
csr_group0/hc_o + id_group4/hc_o,0,876,0.0,0.0
csr_group1/hc_o + id_group4/hc_o,0,876,0.0,0.0
csr_group2/hc_o + id_group4/hc_o,0,876,0.0,0.0
csr_group3/hc_o + id_group4/hc_o,0,876,0.0,0.0
csr_group4/hc_o + id_group4/hc_o,0,876,0.0,0.0
csr_group5/hc_o + id_group4/hc_o,0,876,0.0,0.0
csr_group6/hc_o + id_group4/hc_o,0,876,0.0,0.0
csr_group7/hc_o + id_group4/hc_o,0,876,0.0,0.0
csr_group8/hc_o + id_group4/hc_o,0,876,0.0,0.0
csr_group9/hc_o + id_group4/hc_o,0,876,0.0,0.0
csr_group10/hc_o + id_group4/hc_o,0,876,0.0,0.0
csr_group11/hc_o + id_group4/hc_o,0,876,0.0,0.0
csr_group13/hc_o + id_group4/hc_o,0,876,0.0,0.0
csr_group16/hc_o + id_group4/hc_o,0,876,0.0,0.0
csr_group17/hc_o + id_group4/hc_o,0,876,0.0,0.0
id_group4/hc_o + lsu_group1/hc_o,0,876,0.0,0.0
id_group4/hc_o + lsu_group2/hc_o,0,876,0.0,0.0
id_group4/hc_o + lsu_group3/hc_o,0,876,0.0,0.0
id_group4/hc_o + lsu_group4/hc_o,0,876,0.0,0.0
id_group4/hc_o + lsu_group5/hc_o,0,876,0.0,0.0
id_group5/hc_o + id_group6/hc_o,0,876,0.0,0.0
id_group5/hc_o + id_group7/hc_o,0,876,0.0,0.0
id_group5/hc_o + id_group8/hc_o,0,876,0.0,0.0
csr_group0/hc_o + id_group5/hc_o,0,876,0.0,0.0
csr_group1/hc_o + id_group5/hc_o,0,876,0.0,0.0
csr_group2/hc_o + id_group5/hc_o,0,876,0.0,0.0
csr_group3/hc_o + id_group5/hc_o,0,876,0.0,0.0
csr_group4/hc_o + id_group5/hc_o,0,876,0.0,0.0
csr_group5/hc_o + id_group5/hc_o,0,876,0.0,0.0
csr_group6/hc_o + id_group5/hc_o,0,876,0.0,0.0
csr_group7/hc_o + id_group5/hc_o,0,876,0.0,0.0
csr_group8/hc_o + id_group5/hc_o,0,876,0.0,0.0
csr_group9/hc_o + id_group5/hc_o,0,876,0.0,0.0
csr_group10/hc_o + id_group5/hc_o,0,876,0.0,0.0
csr_group11/hc_o + id_group5/hc_o,0,876,0.0,0.0
csr_group13/hc_o + id_group5/hc_o,0,876,0.0,0.0
csr_group16/hc_o + id_group5/hc_o,0,876,0.0,0.0
csr_group17/hc_o + id_group5/hc_o,0,876,0.0,0.0
id_group5/hc_o + lsu_group1/hc_o,0,876,0.0,0.0
id_group5/hc_o + lsu_group2/hc_o,0,876,0.0,0.0
id_group5/hc_o + lsu_group3/hc_o,0,876,0.0,0.0
id_group5/hc_o + lsu_group4/hc_o,0,876,0.0,0.0
id_group5/hc_o + lsu_group5/hc_o,0,876,0.0,0.0
id_group6/hc_o + id_group7/hc_o,0,876,0.0,0.0
id_group6/hc_o + id_group8/hc_o,0,876,0.0,0.0
csr_group0/hc_o + id_group6/hc_o,0,876,0.0,0.0
csr_group1/hc_o + id_group6/hc_o,0,876,0.0,0.0
csr_group2/hc_o + id_group6/hc_o,0,876,0.0,0.0
csr_group3/hc_o + id_group6/hc_o,0,876,0.0,0.0
csr_group4/hc_o + id_group6/hc_o,0,876,0.0,0.0
csr_group5/hc_o + id_group6/hc_o,0,876,0.0,0.0
csr_group6/hc_o + id_group6/hc_o,0,876,0.0,0.0
csr_group7/hc_o + id_group6/hc_o,0,876,0.0,0.0
csr_group8/hc_o + id_group6/hc_o,0,876,0.0,0.0
csr_group9/hc_o + id_group6/hc_o,0,876,0.0,0.0
csr_group10/hc_o + id_group6/hc_o,0,876,0.0,0.0
csr_group11/hc_o + id_group6/hc_o,0,876,0.0,0.0
csr_group13/hc_o + id_group6/hc_o,0,876,0.0,0.0
csr_group16/hc_o + id_group6/hc_o,0,876,0.0,0.0
csr_group17/hc_o + id_group6/hc_o,0,876,0.0,0.0
id_group6/hc_o + lsu_group1/hc_o,0,876,0.0,0.0
id_group6/hc_o + lsu_group2/hc_o,0,876,0.0,0.0
id_group6/hc_o + lsu_group3/hc_o,0,876,0.0,0.0
id_group6/hc_o + lsu_group4/hc_o,0,876,0.0,0.0
id_group6/hc_o + lsu_group5/hc_o,0,876,0.0,0.0
id_group7/hc_o + id_group8/hc_o,0,876,0.0,0.0
csr_group0/hc_o + id_group7/hc_o,0,876,0.0,0.0
csr_group1/hc_o + id_group7/hc_o,0,876,0.0,0.0
csr_group2/hc_o + id_group7/hc_o,0,876,0.0,0.0
csr_group3/hc_o + id_group7/hc_o,0,876,0.0,0.0
csr_group4/hc_o + id_group7/hc_o,0,876,0.0,0.0
csr_group5/hc_o + id_group7/hc_o,0,876,0.0,0.0
csr_group6/hc_o + id_group7/hc_o,0,876,0.0,0.0
csr_group7/hc_o + id_group7/hc_o,0,876,0.0,0.0
csr_group8/hc_o + id_group7/hc_o,0,876,0.0,0.0
csr_group9/hc_o + id_group7/hc_o,0,876,0.0,0.0
csr_group10/hc_o + id_group7/hc_o,0,876,0.0,0.0
csr_group11/hc_o + id_group7/hc_o,0,876,0.0,0.0
csr_group13/hc_o + id_group7/hc_o,0,876,0.0,0.0
csr_group16/hc_o + id_group7/hc_o,0,876,0.0,0.0
csr_group17/hc_o + id_group7/hc_o,0,876,0.0,0.0
id_group7/hc_o + lsu_group1/hc_o,0,876,0.0,0.0
id_group7/hc_o + lsu_group2/hc_o,0,876,0.0,0.0
id_group7/hc_o + lsu_group3/hc_o,0,876,0.0,0.0
id_group7/hc_o + lsu_group4/hc_o,0,876,0.0,0.0
id_group7/hc_o + lsu_group5/hc_o,0,876,0.0,0.0
csr_group0/hc_o + id_group8/hc_o,0,876,0.0,0.0
csr_group1/hc_o + id_group8/hc_o,0,876,0.0,0.0
csr_group2/hc_o + id_group8/hc_o,0,876,0.0,0.0
csr_group3/hc_o + id_group8/hc_o,0,876,0.0,0.0
csr_group4/hc_o + id_group8/hc_o,0,876,0.0,0.0
csr_group5/hc_o + id_group8/hc_o,0,876,0.0,0.0
csr_group6/hc_o + id_group8/hc_o,0,876,0.0,0.0
csr_group7/hc_o + id_group8/hc_o,0,876,0.0,0.0
csr_group8/hc_o + id_group8/hc_o,0,876,0.0,0.0
csr_group9/hc_o + id_group8/hc_o,0,876,0.0,0.0
csr_group10/hc_o + id_group8/hc_o,0,876,0.0,0.0
csr_group11/hc_o + id_group8/hc_o,0,876,0.0,0.0
csr_group13/hc_o + id_group8/hc_o,0,876,0.0,0.0
csr_group16/hc_o + id_group8/hc_o,0,876,0.0,0.0
csr_group17/hc_o + id_group8/hc_o,0,876,0.0,0.0
id_group8/hc_o + lsu_group1/hc_o,0,876,0.0,0.0
id_group8/hc_o + lsu_group2/hc_o,0,876,0.0,0.0
id_group8/hc_o + lsu_group3/hc_o,0,876,0.0,0.0
id_group8/hc_o + lsu_group4/hc_o,0,876,0.0,0.0
id_group8/hc_o + lsu_group5/hc_o,0,876,0.0,0.0
csr_group0/hc_o + csr_group1/hc_o,0,876,0.0,0.0
csr_group0/hc_o + csr_group2/hc_o,0,876,0.0,0.0
csr_group0/hc_o + csr_group3/hc_o,0,876,0.0,0.0
csr_group0/hc_o + csr_group4/hc_o,0,876,0.0,0.0
csr_group0/hc_o + csr_group5/hc_o,0,876,0.0,0.0
csr_group0/hc_o + csr_group6/hc_o,0,876,0.0,0.0
csr_group0/hc_o + csr_group7/hc_o,0,876,0.0,0.0
csr_group0/hc_o + csr_group8/hc_o,0,876,0.0,0.0
csr_group0/hc_o + csr_group9/hc_o,0,876,0.0,0.0
csr_group0/hc_o + csr_group10/hc_o,0,876,0.0,0.0
csr_group0/hc_o + csr_group11/hc_o,0,876,0.0,0.0
csr_group0/hc_o + csr_group16/hc_o,0,876,0.0,0.0
csr_group0/hc_o + csr_group17/hc_o,0,876,0.0,0.0
csr_group0/hc_o + lsu_group1/hc_o,0,876,0.0,0.0
csr_group0/hc_o + lsu_group2/hc_o,0,876,0.0,0.0
csr_group0/hc_o + lsu_group3/hc_o,0,876,0.0,0.0
csr_group0/hc_o + lsu_group4/hc_o,0,876,0.0,0.0
csr_group0/hc_o + lsu_group5/hc_o,0,876,0.0,0.0
csr_group1/hc_o + csr_group2/hc_o,0,876,0.0,0.0
csr_group1/hc_o + csr_group3/hc_o,0,876,0.0,0.0
csr_group1/hc_o + csr_group4/hc_o,0,876,0.0,0.0
csr_group1/hc_o + csr_group5/hc_o,0,876,0.0,0.0
csr_group1/hc_o + csr_group6/hc_o,0,876,0.0,0.0
csr_group1/hc_o + csr_group7/hc_o,0,876,0.0,0.0
csr_group1/hc_o + csr_group8/hc_o,0,876,0.0,0.0
csr_group1/hc_o + csr_group9/hc_o,0,876,0.0,0.0
csr_group1/hc_o + csr_group10/hc_o,0,876,0.0,0.0
csr_group1/hc_o + csr_group11/hc_o,0,876,0.0,0.0
csr_group1/hc_o + csr_group16/hc_o,0,876,0.0,0.0
csr_group1/hc_o + csr_group17/hc_o,0,876,0.0,0.0
csr_group1/hc_o + lsu_group1/hc_o,0,876,0.0,0.0
csr_group1/hc_o + lsu_group2/hc_o,0,876,0.0,0.0
csr_group1/hc_o + lsu_group3/hc_o,0,876,0.0,0.0
csr_group1/hc_o + lsu_group4/hc_o,0,876,0.0,0.0
csr_group1/hc_o + lsu_group5/hc_o,0,876,0.0,0.0
csr_group2/hc_o + csr_group3/hc_o,0,876,0.0,0.0
csr_group2/hc_o + csr_group4/hc_o,0,876,0.0,0.0
csr_group2/hc_o + csr_group5/hc_o,0,876,0.0,0.0
csr_group2/hc_o + csr_group6/hc_o,0,876,0.0,0.0
csr_group2/hc_o + csr_group7/hc_o,0,876,0.0,0.0
csr_group2/hc_o + csr_group8/hc_o,0,876,0.0,0.0
csr_group2/hc_o + csr_group9/hc_o,0,876,0.0,0.0
csr_group10/hc_o + csr_group2/hc_o,0,876,0.0,0.0
csr_group11/hc_o + csr_group2/hc_o,0,876,0.0,0.0
csr_group13/hc_o + csr_group2/hc_o,0,876,0.0,0.0
csr_group16/hc_o + csr_group2/hc_o,0,876,0.0,0.0
csr_group17/hc_o + csr_group2/hc_o,0,876,0.0,0.0
csr_group2/hc_o + lsu_group1/hc_o,0,876,0.0,0.0
csr_group2/hc_o + lsu_group2/hc_o,0,876,0.0,0.0
csr_group2/hc_o + lsu_group3/hc_o,0,876,0.0,0.0
csr_group2/hc_o + lsu_group4/hc_o,0,876,0.0,0.0
csr_group2/hc_o + lsu_group5/hc_o,0,876,0.0,0.0
csr_group3/hc_o + csr_group4/hc_o,0,876,0.0,0.0
csr_group3/hc_o + csr_group5/hc_o,0,876,0.0,0.0
csr_group3/hc_o + csr_group6/hc_o,0,876,0.0,0.0
csr_group3/hc_o + csr_group7/hc_o,0,876,0.0,0.0
csr_group3/hc_o + csr_group8/hc_o,0,876,0.0,0.0
csr_group3/hc_o + csr_group9/hc_o,0,876,0.0,0.0
csr_group10/hc_o + csr_group3/hc_o,0,876,0.0,0.0
csr_group11/hc_o + csr_group3/hc_o,0,876,0.0,0.0
csr_group13/hc_o + csr_group3/hc_o,0,876,0.0,0.0
csr_group16/hc_o + csr_group3/hc_o,0,876,0.0,0.0
csr_group17/hc_o + csr_group3/hc_o,0,876,0.0,0.0
csr_group3/hc_o + lsu_group1/hc_o,0,876,0.0,0.0
csr_group3/hc_o + lsu_group2/hc_o,0,876,0.0,0.0
csr_group3/hc_o + lsu_group3/hc_o,0,876,0.0,0.0
csr_group3/hc_o + lsu_group4/hc_o,0,876,0.0,0.0
csr_group3/hc_o + lsu_group5/hc_o,0,876,0.0,0.0
csr_group4/hc_o + csr_group5/hc_o,0,876,0.0,0.0
csr_group4/hc_o + csr_group6/hc_o,0,876,0.0,0.0
csr_group4/hc_o + csr_group7/hc_o,0,876,0.0,0.0
csr_group4/hc_o + csr_group8/hc_o,0,876,0.0,0.0
csr_group4/hc_o + csr_group9/hc_o,0,876,0.0,0.0
csr_group10/hc_o + csr_group4/hc_o,0,876,0.0,0.0
csr_group11/hc_o + csr_group4/hc_o,0,876,0.0,0.0
csr_group13/hc_o + csr_group4/hc_o,0,876,0.0,0.0
csr_group16/hc_o + csr_group4/hc_o,0,876,0.0,0.0
csr_group17/hc_o + csr_group4/hc_o,0,876,0.0,0.0
csr_group4/hc_o + lsu_group1/hc_o,0,876,0.0,0.0
csr_group4/hc_o + lsu_group2/hc_o,0,876,0.0,0.0
csr_group4/hc_o + lsu_group3/hc_o,0,876,0.0,0.0
csr_group4/hc_o + lsu_group4/hc_o,0,876,0.0,0.0
csr_group4/hc_o + lsu_group5/hc_o,0,876,0.0,0.0
csr_group5/hc_o + csr_group6/hc_o,0,876,0.0,0.0
csr_group5/hc_o + csr_group7/hc_o,0,876,0.0,0.0
csr_group5/hc_o + csr_group8/hc_o,0,876,0.0,0.0
csr_group5/hc_o + csr_group9/hc_o,0,876,0.0,0.0
csr_group10/hc_o + csr_group5/hc_o,0,876,0.0,0.0
csr_group11/hc_o + csr_group5/hc_o,0,876,0.0,0.0
csr_group13/hc_o + csr_group5/hc_o,0,876,0.0,0.0
csr_group16/hc_o + csr_group5/hc_o,0,876,0.0,0.0
csr_group17/hc_o + csr_group5/hc_o,0,876,0.0,0.0
csr_group5/hc_o + lsu_group1/hc_o,0,876,0.0,0.0
csr_group5/hc_o + lsu_group2/hc_o,0,876,0.0,0.0
csr_group5/hc_o + lsu_group3/hc_o,0,876,0.0,0.0
csr_group5/hc_o + lsu_group4/hc_o,0,876,0.0,0.0
csr_group5/hc_o + lsu_group5/hc_o,0,876,0.0,0.0
csr_group6/hc_o + csr_group7/hc_o,0,876,0.0,0.0
csr_group6/hc_o + csr_group8/hc_o,0,876,0.0,0.0
csr_group6/hc_o + csr_group9/hc_o,0,876,0.0,0.0
csr_group10/hc_o + csr_group6/hc_o,0,876,0.0,0.0
csr_group11/hc_o + csr_group6/hc_o,0,876,0.0,0.0
csr_group13/hc_o + csr_group6/hc_o,0,876,0.0,0.0
csr_group16/hc_o + csr_group6/hc_o,0,876,0.0,0.0
csr_group17/hc_o + csr_group6/hc_o,0,876,0.0,0.0
csr_group6/hc_o + lsu_group1/hc_o,0,876,0.0,0.0
csr_group6/hc_o + lsu_group2/hc_o,0,876,0.0,0.0
csr_group6/hc_o + lsu_group3/hc_o,0,876,0.0,0.0
csr_group6/hc_o + lsu_group4/hc_o,0,876,0.0,0.0
csr_group6/hc_o + lsu_group5/hc_o,0,876,0.0,0.0
csr_group7/hc_o + csr_group8/hc_o,0,876,0.0,0.0
csr_group7/hc_o + csr_group9/hc_o,0,876,0.0,0.0
csr_group10/hc_o + csr_group7/hc_o,0,876,0.0,0.0
csr_group11/hc_o + csr_group7/hc_o,0,876,0.0,0.0
csr_group13/hc_o + csr_group7/hc_o,0,876,0.0,0.0
csr_group16/hc_o + csr_group7/hc_o,0,876,0.0,0.0
csr_group17/hc_o + csr_group7/hc_o,0,876,0.0,0.0
csr_group7/hc_o + lsu_group1/hc_o,0,876,0.0,0.0
csr_group7/hc_o + lsu_group2/hc_o,0,876,0.0,0.0
csr_group7/hc_o + lsu_group3/hc_o,0,876,0.0,0.0
csr_group7/hc_o + lsu_group4/hc_o,0,876,0.0,0.0
csr_group7/hc_o + lsu_group5/hc_o,0,876,0.0,0.0
csr_group8/hc_o + csr_group9/hc_o,0,876,0.0,0.0
csr_group10/hc_o + csr_group8/hc_o,0,876,0.0,0.0
csr_group11/hc_o + csr_group8/hc_o,0,876,0.0,0.0
csr_group13/hc_o + csr_group8/hc_o,0,876,0.0,0.0
csr_group16/hc_o + csr_group8/hc_o,0,876,0.0,0.0
csr_group17/hc_o + csr_group8/hc_o,0,876,0.0,0.0
csr_group8/hc_o + lsu_group1/hc_o,0,876,0.0,0.0
csr_group8/hc_o + lsu_group2/hc_o,0,876,0.0,0.0
csr_group8/hc_o + lsu_group3/hc_o,0,876,0.0,0.0
csr_group8/hc_o + lsu_group4/hc_o,0,876,0.0,0.0
csr_group8/hc_o + lsu_group5/hc_o,0,876,0.0,0.0
csr_group10/hc_o + csr_group9/hc_o,0,876,0.0,0.0
csr_group11/hc_o + csr_group9/hc_o,0,876,0.0,0.0
csr_group13/hc_o + csr_group9/hc_o,0,876,0.0,0.0
csr_group16/hc_o + csr_group9/hc_o,0,876,0.0,0.0
csr_group17/hc_o + csr_group9/hc_o,0,876,0.0,0.0
csr_group9/hc_o + lsu_group1/hc_o,0,876,0.0,0.0
csr_group9/hc_o + lsu_group2/hc_o,0,876,0.0,0.0
csr_group9/hc_o + lsu_group3/hc_o,0,876,0.0,0.0
csr_group9/hc_o + lsu_group4/hc_o,0,876,0.0,0.0
csr_group9/hc_o + lsu_group5/hc_o,0,876,0.0,0.0
csr_group10/hc_o + csr_group11/hc_o,0,876,0.0,0.0
csr_group10/hc_o + csr_group13/hc_o,0,876,0.0,0.0
csr_group10/hc_o + csr_group16/hc_o,0,876,0.0,0.0
csr_group10/hc_o + csr_group17/hc_o,0,876,0.0,0.0
csr_group10/hc_o + lsu_group1/hc_o,0,876,0.0,0.0
csr_group10/hc_o + lsu_group2/hc_o,0,876,0.0,0.0
csr_group10/hc_o + lsu_group3/hc_o,0,876,0.0,0.0
csr_group10/hc_o + lsu_group4/hc_o,0,876,0.0,0.0
csr_group10/hc_o + lsu_group5/hc_o,0,876,0.0,0.0
csr_group11/hc_o + csr_group13/hc_o,0,876,0.0,0.0
csr_group11/hc_o + csr_group16/hc_o,0,876,0.0,0.0
csr_group11/hc_o + csr_group17/hc_o,0,876,0.0,0.0
csr_group11/hc_o + lsu_group1/hc_o,0,876,0.0,0.0
csr_group11/hc_o + lsu_group2/hc_o,0,876,0.0,0.0
csr_group11/hc_o + lsu_group3/hc_o,0,876,0.0,0.0
csr_group11/hc_o + lsu_group4/hc_o,0,876,0.0,0.0
csr_group11/hc_o + lsu_group5/hc_o,0,876,0.0,0.0
csr_group13/hc_o + csr_group16/hc_o,0,876,0.0,0.0
csr_group13/hc_o + csr_group17/hc_o,0,876,0.0,0.0
csr_group13/hc_o + lsu_group1/hc_o,0,876,0.0,0.0
csr_group13/hc_o + lsu_group2/hc_o,0,876,0.0,0.0
csr_group13/hc_o + lsu_group3/hc_o,0,876,0.0,0.0
csr_group13/hc_o + lsu_group4/hc_o,0,876,0.0,0.0
csr_group13/hc_o + lsu_group5/hc_o,0,876,0.0,0.0
csr_group16/hc_o + csr_group17/hc_o,0,876,0.0,0.0
csr_group16/hc_o + lsu_group1/hc_o,0,876,0.0,0.0
csr_group16/hc_o + lsu_group2/hc_o,0,876,0.0,0.0
csr_group16/hc_o + lsu_group3/hc_o,0,876,0.0,0.0
csr_group16/hc_o + lsu_group4/hc_o,0,876,0.0,0.0
csr_group16/hc_o + lsu_group5/hc_o,0,876,0.0,0.0
csr_group17/hc_o + lsu_group1/hc_o,0,876,0.0,0.0
csr_group17/hc_o + lsu_group2/hc_o,0,876,0.0,0.0
csr_group17/hc_o + lsu_group3/hc_o,0,876,0.0,0.0
csr_group17/hc_o + lsu_group4/hc_o,0,876,0.0,0.0
csr_group17/hc_o + lsu_group5/hc_o,0,876,0.0,0.0
lsu_group1/hc_o + lsu_group2/hc_o,0,876,0.0,0.0
lsu_group1/hc_o + lsu_group3/hc_o,0,876,0.0,0.0
lsu_group1/hc_o + lsu_group4/hc_o,0,876,0.0,0.0
lsu_group1/hc_o + lsu_group5/hc_o,0,876,0.0,0.0
lsu_group2/hc_o + lsu_group3/hc_o,0,876,0.0,0.0
lsu_group2/hc_o + lsu_group4/hc_o,0,876,0.0,0.0
lsu_group2/hc_o + lsu_group5/hc_o,0,876,0.0,0.0
lsu_group3/hc_o + lsu_group4/hc_o,0,876,0.0,0.0
lsu_group3/hc_o + lsu_group5/hc_o,0,876,0.0,0.0
lsu_group4/hc_o + lsu_group5/hc_o,0,876,0.0,0.0
ex_stage/hc_o + rdata_q_tag,0,864,0.0,0.0
csr_group14/hc_o + rdata_q_tag,0,864,0.0,0.0
csr_group18/hc_o + rdata_q_tag,0,864,0.0,0.0
csr_group19/hc_o + rdata_q_tag,0,864,0.0,0.0
csr_group20/hc_o + rdata_q_tag,0,864,0.0,0.0
if_stage/hc_o + lsu/hc_o,0,840,0.0,0.0
sd_o_5 + tcr/hc_o_32,0,828,0.0,0.0
if_stage/sd_o + regfile_alu_waddr_ex_o_tag,0,828,0.0,0.0
pc_if_o_tag/sd_o + regfile_alu_waddr_ex_o_tag,0,828,0.0,0.0
pc_id_o_tag/sd_o + regfile_alu_waddr_ex_o_tag,0,828,0.0,0.0
alu_operator_o_mode/sd_o + regfile_alu_waddr_ex_o_tag,0,828,0.0,0.0
regfile_alu_waddr_ex_o_tag + store_dest_addr_ex_o_tag/sd_o,0,828,0.0,0.0
regfile_alu_waddr_ex_o_tag + store_source_ex_o_tag/sd_o,0,828,0.0,0.0
regfile_alu_waddr_ex_o_tag + use_store_ops_ex_o/sd_o,0,828,0.0,0.0
alu_operand_a_ex_o_tag/sd_o + regfile_alu_waddr_ex_o_tag,0,828,0.0,0.0
alu_operand_b_ex_o_tag/sd_o + regfile_alu_waddr_ex_o_tag,0,828,0.0,0.0
alu_operand_c_ex_o_tag/sd_o + regfile_alu_waddr_ex_o_tag,0,828,0.0,0.0
check_s1_o_tag/sd_o + regfile_alu_waddr_ex_o_tag,0,828,0.0,0.0
check_s2_o_tag/sd_o + regfile_alu_waddr_ex_o_tag,0,828,0.0,0.0
check_d_o_tag/sd_o + regfile_alu_waddr_ex_o_tag,0,828,0.0,0.0
regfile_alu_waddr_ex_o_tag + register_set_o_tag/sd_o,0,828,0.0,0.0
is_store_post_o_tag/sd_o + regfile_alu_waddr_ex_o_tag,0,828,0.0,0.0
memory_set_o_tag/sd_o + regfile_alu_waddr_ex_o_tag,0,828,0.0,0.0
regfile_alu_waddr_ex_o_tag + rs1_o_tag/sd_o,0,828,0.0,0.0
data_we_q_tag/sd_o + regfile_alu_waddr_ex_o_tag,0,828,0.0,0.0
rdata_offset_q_tag/sd_o + regfile_alu_waddr_ex_o_tag,0,828,0.0,0.0
data_type_q_tag/sd_o + regfile_alu_waddr_ex_o_tag,0,828,0.0,0.0
rdata_q_tag/sd_o + regfile_alu_waddr_ex_o_tag,0,828,0.0,0.0
regfile_alu_waddr_ex_o_tag + tcr_execute/sd_o,0,828,0.0,0.0
regfile_alu_waddr_ex_o_tag + sp_o_32,0,828,0.0,0.0
hc_o_rf_tag + sd_o_26,0,804,0.0,0.0
hc_o_rf_tag + id_stage/sd_o,0,804,0.0,0.0
ex_stage/sd_o + hc_o_rf_tag,0,804,0.0,0.0
hc_o_rf_tag + lsu/sd_o,0,804,0.0,0.0
hc_o_rf_tag + tpr_arith/sd_o,0,804,0.0,0.0
hc_o_rf_tag + tpr_branch/sd_o,0,804,0.0,0.0
hc_o_rf_tag + tpr_jump/sd_o,0,804,0.0,0.0
hc_o_rf_tag + tpr_shift/sd_o,0,804,0.0,0.0
hc_o_rf_tag + tpr_comparison/sd_o,0,804,0.0,0.0
hc_o_rf_tag + tpr_logical/sd_o,0,804,0.0,0.0
hc_o_rf_tag + tpr_load_store_mode/sd_o,0,804,0.0,0.0
hc_o_rf_tag + tpr_load_store_enable/sd_o,0,804,0.0,0.0
hc_o_rf_tag + tcr_arith/sd_o,0,804,0.0,0.0
hc_o_rf_tag + tcr_branch/sd_o,0,804,0.0,0.0
hc_o_rf_tag + tcr_jump/sd_o,0,804,0.0,0.0
hc_o_rf_tag + tcr_shift/sd_o,0,804,0.0,0.0
hc_o_rf_tag + tcr_comparison/sd_o,0,804,0.0,0.0
hc_o_rf_tag + tcr_logical/sd_o,0,804,0.0,0.0
hc_o_rf_tag + tcr_load_store/sd_o,0,804,0.0,0.0
hc_o_rf_tag + id_group0/sd_o,0,804,0.0,0.0
hc_o_rf_tag + id_group1/sd_o,0,804,0.0,0.0
hc_o_rf_tag + id_group2/sd_o,0,804,0.0,0.0
hc_o_rf_tag + id_group3/sd_o,0,804,0.0,0.0
hc_o_rf_tag + id_group4/sd_o,0,804,0.0,0.0
hc_o_rf_tag + id_group5/sd_o,0,804,0.0,0.0
hc_o_rf_tag + id_group6/sd_o,0,804,0.0,0.0
hc_o_rf_tag + id_group7/sd_o,0,804,0.0,0.0
hc_o_rf_tag + id_group8/sd_o,0,804,0.0,0.0
hc_o_rf_tag + id_group9/sd_o,0,804,0.0,0.0
csr_group0/sd_o + hc_o_rf_tag,0,804,0.0,0.0
csr_group1/sd_o + hc_o_rf_tag,0,804,0.0,0.0
csr_group2/sd_o + hc_o_rf_tag,0,804,0.0,0.0
csr_group3/sd_o + hc_o_rf_tag,0,804,0.0,0.0
csr_group4/sd_o + hc_o_rf_tag,0,804,0.0,0.0
csr_group5/sd_o + hc_o_rf_tag,0,804,0.0,0.0
csr_group6/sd_o + hc_o_rf_tag,0,804,0.0,0.0
csr_group7/sd_o + hc_o_rf_tag,0,804,0.0,0.0
csr_group8/sd_o + hc_o_rf_tag,0,804,0.0,0.0
csr_group9/sd_o + hc_o_rf_tag,0,804,0.0,0.0
csr_group10/sd_o + hc_o_rf_tag,0,804,0.0,0.0
csr_group11/sd_o + hc_o_rf_tag,0,804,0.0,0.0
csr_group12/sd_o + hc_o_rf_tag,0,804,0.0,0.0
csr_group13/sd_o + hc_o_rf_tag,0,804,0.0,0.0
csr_group14/sd_o + hc_o_rf_tag,0,804,0.0,0.0
csr_group15/sd_o + hc_o_rf_tag,0,804,0.0,0.0
csr_group16/sd_o + hc_o_rf_tag,0,804,0.0,0.0
csr_group17/sd_o + hc_o_rf_tag,0,804,0.0,0.0
csr_group18/sd_o + hc_o_rf_tag,0,804,0.0,0.0
csr_group19/sd_o + hc_o_rf_tag,0,804,0.0,0.0
csr_group20/sd_o + hc_o_rf_tag,0,804,0.0,0.0
hc_o_rf_tag + lsu_group1/sd_o,0,804,0.0,0.0
hc_o_rf_tag + lsu_group2/sd_o,0,804,0.0,0.0
hc_o_rf_tag + lsu_group3/sd_o,0,804,0.0,0.0
hc_o_rf_tag + lsu_group4/sd_o,0,804,0.0,0.0
hc_o_rf_tag + lsu_group5/sd_o,0,804,0.0,0.0
ex_stage/hc_o + tcr_q,0,768,0.0,0.0
lsu_reg/hc_o + tcr_q,0,768,0.0,0.0
ex_stage/hc_o + tpr_q,0,768,0.0,0.0
lsu_reg/hc_o + tpr_q,0,768,0.0,0.0
id_group9/hc_o + tcr_q,0,768,0.0,0.0
csr_group14/hc_o + tcr_q,0,768,0.0,0.0
csr_group18/hc_o + tcr_q,0,768,0.0,0.0
csr_group19/hc_o + tcr_q,0,768,0.0,0.0
csr_group20/hc_o + tcr_q,0,768,0.0,0.0
id_group9/hc_o + tpr_q,0,768,0.0,0.0
csr_group14/hc_o + tpr_q,0,768,0.0,0.0
csr_group18/hc_o + tpr_q,0,768,0.0,0.0
csr_group19/hc_o + tpr_q,0,768,0.0,0.0
csr_group20/hc_o + tpr_q,0,768,0.0,0.0
lsu/hc_o + tcr_q,0,768,0.0,0.0
lsu/hc_o + tpr_q,0,768,0.0,0.0
data_type_q_tag + pc_id_o_tag,0,720,0.0,0.0
alu_operator_o_mode + check_s1_o_tag,0,720,0.0,0.0
alu_operator_o_mode + check_s2_o_tag,0,720,0.0,0.0
alu_operator_o_mode + register_set_o_tag,0,720,0.0,0.0
alu_operator_o_mode + store_dest_addr_ex_o_tag,0,720,0.0,0.0
alu_operator_o_mode + store_source_ex_o_tag,0,720,0.0,0.0
alu_operator_o_mode + rf_reg[0],0,720,0.0,0.0
alu_operator_o_mode + rf_reg[2],0,720,0.0,0.0
alu_operator_o_mode + rf_reg[3],0,720,0.0,0.0
alu_operator_o_mode + rf_reg[4],0,720,0.0,0.0
alu_operator_o_mode + rf_reg[5],0,720,0.0,0.0
alu_operator_o_mode + rf_reg[6],0,720,0.0,0.0
alu_operator_o_mode + rf_reg[7],0,720,0.0,0.0
alu_operator_o_mode + rf_reg[8],0,720,0.0,0.0
alu_operator_o_mode + rf_reg[9],0,720,0.0,0.0
alu_operator_o_mode + rf_reg[10],0,720,0.0,0.0
alu_operator_o_mode + rf_reg[11],0,720,0.0,0.0
alu_operator_o_mode + rf_reg[12],0,720,0.0,0.0
alu_operator_o_mode + rf_reg[13],0,720,0.0,0.0
alu_operator_o_mode + rf_reg[14],0,720,0.0,0.0
alu_operator_o_mode + rf_reg[15],0,720,0.0,0.0
alu_operator_o_mode + rf_reg[16],0,720,0.0,0.0
alu_operator_o_mode + rf_reg[17],0,720,0.0,0.0
alu_operator_o_mode + rf_reg[18],0,720,0.0,0.0
alu_operator_o_mode + rf_reg[19],0,720,0.0,0.0
alu_operator_o_mode + rf_reg[20],0,720,0.0,0.0
alu_operator_o_mode + rf_reg[21],0,720,0.0,0.0
alu_operator_o_mode + rf_reg[22],0,720,0.0,0.0
alu_operator_o_mode + rf_reg[23],0,720,0.0,0.0
alu_operator_o_mode + rf_reg[24],0,720,0.0,0.0
alu_operator_o_mode + rf_reg[25],0,720,0.0,0.0
alu_operator_o_mode + rf_reg[26],0,720,0.0,0.0
alu_operator_o_mode + rf_reg[27],0,720,0.0,0.0
alu_operator_o_mode + rf_reg[28],0,720,0.0,0.0
alu_operator_o_mode + rf_reg[29],0,720,0.0,0.0
alu_operator_o_mode + rf_reg[30],0,720,0.0,0.0
alu_operator_o_mode + rf_reg[31],0,720,0.0,0.0
alu_operator_o_mode + data_we_q_tag,0,720,0.0,0.0
check_d_o_tag + data_type_q_tag,0,720,0.0,0.0
check_d_o_tag + rdata_offset_q_tag,0,720,0.0,0.0
check_s1_o_tag + data_type_q_tag,0,720,0.0,0.0
check_s1_o_tag + rdata_offset_q_tag,0,720,0.0,0.0
check_s2_o_tag + data_type_q_tag,0,720,0.0,0.0
check_s2_o_tag + rdata_offset_q_tag,0,720,0.0,0.0
data_type_q_tag + is_store_post_o_tag,0,720,0.0,0.0
is_store_post_o_tag + rdata_offset_q_tag,0,720,0.0,0.0
alu_operand_a_ex_o_tag + alu_operator_o_mode,0,720,0.0,0.0
data_type_q_tag + register_set_o_tag,0,720,0.0,0.0
rdata_offset_q_tag + register_set_o_tag,0,720,0.0,0.0
data_type_q_tag + store_dest_addr_ex_o_tag,0,720,0.0,0.0
rdata_offset_q_tag + store_dest_addr_ex_o_tag,0,720,0.0,0.0
data_type_q_tag + store_source_ex_o_tag,0,720,0.0,0.0
rdata_offset_q_tag + store_source_ex_o_tag,0,720,0.0,0.0
alu_operand_a_ex_o_tag + data_type_q_tag,0,720,0.0,0.0
alu_operand_a_ex_o_tag + rdata_offset_q_tag,0,720,0.0,0.0
data_type_q_tag + use_store_ops_ex_o,0,720,0.0,0.0
data_type_q_tag + rf_reg[0],0,720,0.0,0.0
rdata_offset_q_tag + rf_reg[0],0,720,0.0,0.0
data_type_q_tag + rf_reg[2],0,720,0.0,0.0
rdata_offset_q_tag + rf_reg[2],0,720,0.0,0.0
data_type_q_tag + rf_reg[3],0,720,0.0,0.0
rdata_offset_q_tag + rf_reg[3],0,720,0.0,0.0
data_type_q_tag + rf_reg[4],0,720,0.0,0.0
rdata_offset_q_tag + rf_reg[4],0,720,0.0,0.0
data_type_q_tag + rf_reg[5],0,720,0.0,0.0
rdata_offset_q_tag + rf_reg[5],0,720,0.0,0.0
alu_operand_b_ex_o_tag + alu_operator_o_mode,0,720,0.0,0.0
data_type_q_tag + rf_reg[6],0,720,0.0,0.0
rdata_offset_q_tag + rf_reg[6],0,720,0.0,0.0
data_type_q_tag + rf_reg[7],0,720,0.0,0.0
rdata_offset_q_tag + rf_reg[7],0,720,0.0,0.0
data_type_q_tag + rf_reg[8],0,720,0.0,0.0
rdata_offset_q_tag + rf_reg[8],0,720,0.0,0.0
data_type_q_tag + rf_reg[9],0,720,0.0,0.0
rdata_offset_q_tag + rf_reg[9],0,720,0.0,0.0
data_type_q_tag + rf_reg[10],0,720,0.0,0.0
rdata_offset_q_tag + rf_reg[10],0,720,0.0,0.0
data_type_q_tag + rf_reg[11],0,720,0.0,0.0
rdata_offset_q_tag + rf_reg[11],0,720,0.0,0.0
data_type_q_tag + rf_reg[12],0,720,0.0,0.0
rdata_offset_q_tag + rf_reg[12],0,720,0.0,0.0
alu_operand_b_ex_o_tag + rdata_offset_q_tag,0,720,0.0,0.0
data_type_q_tag + rf_reg[13],0,720,0.0,0.0
rdata_offset_q_tag + rf_reg[13],0,720,0.0,0.0
data_type_q_tag + rf_reg[14],0,720,0.0,0.0
rdata_offset_q_tag + rf_reg[14],0,720,0.0,0.0
data_type_q_tag + rf_reg[15],0,720,0.0,0.0
rdata_offset_q_tag + rf_reg[15],0,720,0.0,0.0
data_type_q_tag + rf_reg[16],0,720,0.0,0.0
rdata_offset_q_tag + rf_reg[16],0,720,0.0,0.0
data_type_q_tag + rf_reg[17],0,720,0.0,0.0
rdata_offset_q_tag + rf_reg[17],0,720,0.0,0.0
data_type_q_tag + rf_reg[18],0,720,0.0,0.0
rdata_offset_q_tag + rf_reg[18],0,720,0.0,0.0
data_type_q_tag + rf_reg[19],0,720,0.0,0.0
rdata_offset_q_tag + rf_reg[19],0,720,0.0,0.0
data_type_q_tag + rf_reg[20],0,720,0.0,0.0
rdata_offset_q_tag + rf_reg[20],0,720,0.0,0.0
alu_operand_c_ex_o_tag + alu_operator_o_mode,0,720,0.0,0.0
alu_operand_c_ex_o_tag + rdata_offset_q_tag,0,720,0.0,0.0
data_type_q_tag + rf_reg[21],0,720,0.0,0.0
rdata_offset_q_tag + rf_reg[21],0,720,0.0,0.0
data_type_q_tag + rf_reg[22],0,720,0.0,0.0
rdata_offset_q_tag + rf_reg[22],0,720,0.0,0.0
data_type_q_tag + rf_reg[23],0,720,0.0,0.0
rdata_offset_q_tag + rf_reg[23],0,720,0.0,0.0
data_type_q_tag + rf_reg[24],0,720,0.0,0.0
rdata_offset_q_tag + rf_reg[24],0,720,0.0,0.0
data_type_q_tag + rf_reg[25],0,720,0.0,0.0
rdata_offset_q_tag + rf_reg[25],0,720,0.0,0.0
data_type_q_tag + rf_reg[26],0,720,0.0,0.0
rdata_offset_q_tag + rf_reg[26],0,720,0.0,0.0
data_type_q_tag + rf_reg[27],0,720,0.0,0.0
rdata_offset_q_tag + rf_reg[27],0,720,0.0,0.0
data_type_q_tag + rf_reg[28],0,720,0.0,0.0
rdata_offset_q_tag + rf_reg[28],0,720,0.0,0.0
alu_operator_o_mode + check_d_o_tag,0,720,0.0,0.0
data_type_q_tag + rf_reg[29],0,720,0.0,0.0
rdata_offset_q_tag + rf_reg[29],0,720,0.0,0.0
data_type_q_tag + rf_reg[30],0,720,0.0,0.0
rdata_offset_q_tag + rf_reg[30],0,720,0.0,0.0
data_type_q_tag + rf_reg[31],0,720,0.0,0.0
rdata_offset_q_tag + rf_reg[31],0,720,0.0,0.0
data_type_q_tag + rs1_o_tag,0,720,0.0,0.0
hc_o_5 + sd_o_5,0,648,0.0,0.0
hc_o_5 + sd_o_rf_tag,0,648,0.0,0.0
sd_o_5 + tcr_q,0,576,0.0,0.0
tcr_q + tpr/sd_o_32,0,576,0.0,0.0
tcr/sd_o_32 + tcr_q,0,576,0.0,0.0
sd_o_5 + tpr_q,0,576,0.0,0.0
tpr/sd_o_32 + tpr_q,0,576,0.0,0.0
tcr/sd_o_32 + tpr_q,0,576,0.0,0.0
data_type_q_tag + pc_id_o_tag/hc_o,0,480,0.0,0.0
data_type_q_tag + store_dest_addr_ex_o_tag/hc_o,0,480,0.0,0.0
data_type_q_tag + store_source_ex_o_tag/hc_o,0,480,0.0,0.0
data_type_q_tag + use_store_ops_ex_o/hc_o,0,480,0.0,0.0
alu_operand_a_ex_o_tag/hc_o + data_type_q_tag,0,480,0.0,0.0
alu_operand_b_ex_o_tag/hc_o + data_type_q_tag,0,480,0.0,0.0
alu_operand_c_ex_o_tag/hc_o + data_type_q_tag,0,480,0.0,0.0
check_s1_o_tag/hc_o + data_type_q_tag,0,480,0.0,0.0
check_s2_o_tag/hc_o + data_type_q_tag,0,480,0.0,0.0
check_d_o_tag/hc_o + data_type_q_tag,0,480,0.0,0.0
data_type_q_tag + register_set_o_tag/hc_o,0,480,0.0,0.0
data_type_q_tag + is_store_post_o_tag/hc_o,0,480,0.0,0.0
data_type_q_tag + rs1_o_tag/hc_o,0,480,0.0,0.0
data_type_q_tag + data_we_q_tag/hc_o,0,480,0.0,0.0
pc_id_o_tag/hc_o + rdata_offset_q_tag,0,480,0.0,0.0
rdata_offset_q_tag + store_dest_addr_ex_o_tag/hc_o,0,480,0.0,0.0
rdata_offset_q_tag + store_source_ex_o_tag/hc_o,0,480,0.0,0.0
rdata_offset_q_tag + use_store_ops_ex_o/hc_o,0,480,0.0,0.0
alu_operand_a_ex_o_tag/hc_o + rdata_offset_q_tag,0,480,0.0,0.0
alu_operand_b_ex_o_tag/hc_o + rdata_offset_q_tag,0,480,0.0,0.0
alu_operand_c_ex_o_tag/hc_o + rdata_offset_q_tag,0,480,0.0,0.0
check_s1_o_tag/hc_o + rdata_offset_q_tag,0,480,0.0,0.0
check_s2_o_tag/hc_o + rdata_offset_q_tag,0,480,0.0,0.0
check_d_o_tag/hc_o + rdata_offset_q_tag,0,480,0.0,0.0
rdata_offset_q_tag + register_set_o_tag/hc_o,0,480,0.0,0.0
is_store_post_o_tag/hc_o + rdata_offset_q_tag,0,480,0.0,0.0
rdata_offset_q_tag + rs1_o_tag/hc_o,0,480,0.0,0.0
data_we_q_tag/hc_o + rdata_offset_q_tag,0,480,0.0,0.0
alu_operator_o_mode + pc_id_o_tag/hc_o,0,480,0.0,0.0
alu_operator_o_mode + store_dest_addr_ex_o_tag/hc_o,0,480,0.0,0.0
alu_operator_o_mode + store_source_ex_o_tag/hc_o,0,480,0.0,0.0
alu_operator_o_mode + use_store_ops_ex_o/hc_o,0,480,0.0,0.0
alu_operand_a_ex_o_tag/hc_o + alu_operator_o_mode,0,480,0.0,0.0
alu_operand_b_ex_o_tag/hc_o + alu_operator_o_mode,0,480,0.0,0.0
alu_operand_c_ex_o_tag/hc_o + alu_operator_o_mode,0,480,0.0,0.0
alu_operator_o_mode + check_s1_o_tag/hc_o,0,480,0.0,0.0
alu_operator_o_mode + check_s2_o_tag/hc_o,0,480,0.0,0.0
alu_operator_o_mode + check_d_o_tag/hc_o,0,480,0.0,0.0
alu_operator_o_mode + register_set_o_tag/hc_o,0,480,0.0,0.0
alu_operator_o_mode + is_store_post_o_tag/hc_o,0,480,0.0,0.0
pc_id_o_tag/hc_o + store_dest_addr_ex_o_tag/hc_o,0,480,0.0,0.0
pc_id_o_tag/hc_o + store_source_ex_o_tag/hc_o,0,480,0.0,0.0
pc_id_o_tag/hc_o + use_store_ops_ex_o/hc_o,0,480,0.0,0.0
alu_operand_a_ex_o_tag/hc_o + pc_id_o_tag/hc_o,0,480,0.0,0.0
alu_operand_b_ex_o_tag/hc_o + pc_id_o_tag/hc_o,0,480,0.0,0.0
alu_operand_c_ex_o_tag/hc_o + pc_id_o_tag/hc_o,0,480,0.0,0.0
check_s1_o_tag/hc_o + pc_id_o_tag/hc_o,0,480,0.0,0.0
check_s2_o_tag/hc_o + pc_id_o_tag/hc_o,0,480,0.0,0.0
check_d_o_tag/hc_o + pc_id_o_tag/hc_o,0,480,0.0,0.0
pc_id_o_tag/hc_o + register_set_o_tag/hc_o,0,480,0.0,0.0
is_store_post_o_tag/hc_o + pc_id_o_tag/hc_o,0,480,0.0,0.0
pc_id_o_tag/hc_o + rs1_o_tag/hc_o,0,480,0.0,0.0
data_we_q_tag/hc_o + pc_id_o_tag/hc_o,0,480,0.0,0.0
alu_operator_o_mode + rs1_o_tag/hc_o,0,480,0.0,0.0
alu_operator_o_mode + data_we_q_tag/hc_o,0,480,0.0,0.0
store_dest_addr_ex_o_tag/hc_o + store_source_ex_o_tag/hc_o,0,480,0.0,0.0
store_dest_addr_ex_o_tag/hc_o + use_store_ops_ex_o/hc_o,0,480,0.0,0.0
alu_operand_a_ex_o_tag/hc_o + store_dest_addr_ex_o_tag/hc_o,0,480,0.0,0.0
alu_operand_b_ex_o_tag/hc_o + store_dest_addr_ex_o_tag/hc_o,0,480,0.0,0.0
alu_operand_c_ex_o_tag/hc_o + store_dest_addr_ex_o_tag/hc_o,0,480,0.0,0.0
check_s1_o_tag/hc_o + store_dest_addr_ex_o_tag/hc_o,0,480,0.0,0.0
check_s2_o_tag/hc_o + store_dest_addr_ex_o_tag/hc_o,0,480,0.0,0.0
check_d_o_tag/hc_o + store_dest_addr_ex_o_tag/hc_o,0,480,0.0,0.0
register_set_o_tag/hc_o + store_dest_addr_ex_o_tag/hc_o,0,480,0.0,0.0
is_store_post_o_tag/hc_o + store_dest_addr_ex_o_tag/hc_o,0,480,0.0,0.0
rs1_o_tag/hc_o + store_dest_addr_ex_o_tag/hc_o,0,480,0.0,0.0
data_we_q_tag/hc_o + store_dest_addr_ex_o_tag/hc_o,0,480,0.0,0.0
store_source_ex_o_tag/hc_o + use_store_ops_ex_o/hc_o,0,480,0.0,0.0
alu_operand_a_ex_o_tag/hc_o + store_source_ex_o_tag/hc_o,0,480,0.0,0.0
alu_operand_b_ex_o_tag/hc_o + store_source_ex_o_tag/hc_o,0,480,0.0,0.0
alu_operand_c_ex_o_tag/hc_o + store_source_ex_o_tag/hc_o,0,480,0.0,0.0
check_s1_o_tag/hc_o + store_source_ex_o_tag/hc_o,0,480,0.0,0.0
check_s2_o_tag/hc_o + store_source_ex_o_tag/hc_o,0,480,0.0,0.0
check_d_o_tag/hc_o + store_source_ex_o_tag/hc_o,0,480,0.0,0.0
register_set_o_tag/hc_o + store_source_ex_o_tag/hc_o,0,480,0.0,0.0
is_store_post_o_tag/hc_o + store_source_ex_o_tag/hc_o,0,480,0.0,0.0
rs1_o_tag/hc_o + store_source_ex_o_tag/hc_o,0,480,0.0,0.0
data_we_q_tag/hc_o + store_source_ex_o_tag/hc_o,0,480,0.0,0.0
alu_operand_a_ex_o_tag/hc_o + use_store_ops_ex_o/hc_o,0,480,0.0,0.0
alu_operand_b_ex_o_tag/hc_o + use_store_ops_ex_o/hc_o,0,480,0.0,0.0
alu_operand_c_ex_o_tag/hc_o + use_store_ops_ex_o/hc_o,0,480,0.0,0.0
check_s1_o_tag/hc_o + use_store_ops_ex_o/hc_o,0,480,0.0,0.0
check_s2_o_tag/hc_o + use_store_ops_ex_o/hc_o,0,480,0.0,0.0
check_d_o_tag/hc_o + use_store_ops_ex_o/hc_o,0,480,0.0,0.0
register_set_o_tag/hc_o + use_store_ops_ex_o/hc_o,0,480,0.0,0.0
is_store_post_o_tag/hc_o + use_store_ops_ex_o/hc_o,0,480,0.0,0.0
rs1_o_tag/hc_o + use_store_ops_ex_o/hc_o,0,480,0.0,0.0
data_we_q_tag/hc_o + use_store_ops_ex_o/hc_o,0,480,0.0,0.0
alu_operand_a_ex_o_tag/hc_o + alu_operand_b_ex_o_tag/hc_o,0,480,0.0,0.0
alu_operand_a_ex_o_tag/hc_o + alu_operand_c_ex_o_tag/hc_o,0,480,0.0,0.0
alu_operand_a_ex_o_tag/hc_o + check_s1_o_tag/hc_o,0,480,0.0,0.0
alu_operand_a_ex_o_tag/hc_o + check_s2_o_tag/hc_o,0,480,0.0,0.0
alu_operand_a_ex_o_tag/hc_o + check_d_o_tag/hc_o,0,480,0.0,0.0
alu_operand_a_ex_o_tag/hc_o + register_set_o_tag/hc_o,0,480,0.0,0.0
alu_operand_a_ex_o_tag/hc_o + is_store_post_o_tag/hc_o,0,480,0.0,0.0
alu_operand_a_ex_o_tag/hc_o + rs1_o_tag/hc_o,0,480,0.0,0.0
alu_operand_a_ex_o_tag/hc_o + data_we_q_tag/hc_o,0,480,0.0,0.0
alu_operand_b_ex_o_tag/hc_o + alu_operand_c_ex_o_tag/hc_o,0,480,0.0,0.0
alu_operand_b_ex_o_tag/hc_o + check_s1_o_tag/hc_o,0,480,0.0,0.0
alu_operand_b_ex_o_tag/hc_o + check_s2_o_tag/hc_o,0,480,0.0,0.0
alu_operand_b_ex_o_tag/hc_o + check_d_o_tag/hc_o,0,480,0.0,0.0
alu_operand_b_ex_o_tag/hc_o + register_set_o_tag/hc_o,0,480,0.0,0.0
alu_operand_b_ex_o_tag/hc_o + is_store_post_o_tag/hc_o,0,480,0.0,0.0
alu_operand_b_ex_o_tag/hc_o + rs1_o_tag/hc_o,0,480,0.0,0.0
alu_operand_b_ex_o_tag/hc_o + data_we_q_tag/hc_o,0,480,0.0,0.0
alu_operand_c_ex_o_tag/hc_o + check_s1_o_tag/hc_o,0,480,0.0,0.0
alu_operand_c_ex_o_tag/hc_o + check_s2_o_tag/hc_o,0,480,0.0,0.0
alu_operand_c_ex_o_tag/hc_o + check_d_o_tag/hc_o,0,480,0.0,0.0
alu_operand_c_ex_o_tag/hc_o + register_set_o_tag/hc_o,0,480,0.0,0.0
alu_operand_c_ex_o_tag/hc_o + is_store_post_o_tag/hc_o,0,480,0.0,0.0
alu_operand_c_ex_o_tag/hc_o + rs1_o_tag/hc_o,0,480,0.0,0.0
alu_operand_c_ex_o_tag/hc_o + data_we_q_tag/hc_o,0,480,0.0,0.0
check_s1_o_tag/hc_o + check_s2_o_tag/hc_o,0,480,0.0,0.0
check_d_o_tag/hc_o + check_s1_o_tag/hc_o,0,480,0.0,0.0
check_s1_o_tag/hc_o + register_set_o_tag/hc_o,0,480,0.0,0.0
check_s1_o_tag/hc_o + is_store_post_o_tag/hc_o,0,480,0.0,0.0
check_s1_o_tag/hc_o + rs1_o_tag/hc_o,0,480,0.0,0.0
check_s1_o_tag/hc_o + data_we_q_tag/hc_o,0,480,0.0,0.0
check_d_o_tag/hc_o + check_s2_o_tag/hc_o,0,480,0.0,0.0
check_s2_o_tag/hc_o + register_set_o_tag/hc_o,0,480,0.0,0.0
check_s2_o_tag/hc_o + is_store_post_o_tag/hc_o,0,480,0.0,0.0
check_s2_o_tag/hc_o + rs1_o_tag/hc_o,0,480,0.0,0.0
check_s2_o_tag/hc_o + data_we_q_tag/hc_o,0,480,0.0,0.0
check_d_o_tag/hc_o + register_set_o_tag/hc_o,0,480,0.0,0.0
check_d_o_tag/hc_o + is_store_post_o_tag/hc_o,0,480,0.0,0.0
check_d_o_tag/hc_o + rs1_o_tag/hc_o,0,480,0.0,0.0
check_d_o_tag/hc_o + data_we_q_tag/hc_o,0,480,0.0,0.0
is_store_post_o_tag/hc_o + register_set_o_tag/hc_o,0,480,0.0,0.0
register_set_o_tag/hc_o + rs1_o_tag/hc_o,0,480,0.0,0.0
data_we_q_tag/hc_o + register_set_o_tag/hc_o,0,480,0.0,0.0
is_store_post_o_tag/hc_o + rs1_o_tag/hc_o,0,480,0.0,0.0
data_we_q_tag/hc_o + is_store_post_o_tag/hc_o,0,480,0.0,0.0
data_we_q_tag/hc_o + rs1_o_tag/hc_o,0,480,0.0,0.0
rdata_offset_q_tag/hc_o + rf_reg[4],0,456,0.0,0.0
data_type_q_tag/hc_o + rf_reg[4],0,456,0.0,0.0
rdata_q_tag/hc_o + rf_reg[4],0,456,0.0,0.0
alu_operator_o_mode/hc_o + rf_reg[5],0,456,0.0,0.0
rdata_offset_q_tag/hc_o + rf_reg[5],0,456,0.0,0.0
data_type_q_tag/hc_o + rf_reg[5],0,456,0.0,0.0
rdata_q_tag/hc_o + rf_reg[5],0,456,0.0,0.0
alu_operator_o_mode/hc_o + rf_reg[6],0,456,0.0,0.0
rdata_offset_q_tag/hc_o + rf_reg[6],0,456,0.0,0.0
data_type_q_tag/hc_o + rf_reg[6],0,456,0.0,0.0
rdata_q_tag/hc_o + rf_reg[6],0,456,0.0,0.0
alu_operator_o_mode/hc_o + rf_reg[7],0,456,0.0,0.0
rdata_offset_q_tag/hc_o + rf_reg[7],0,456,0.0,0.0
data_type_q_tag/hc_o + rf_reg[7],0,456,0.0,0.0
rdata_q_tag/hc_o + rf_reg[7],0,456,0.0,0.0
alu_operator_o_mode/hc_o + rf_reg[8],0,456,0.0,0.0
rdata_offset_q_tag/hc_o + rf_reg[8],0,456,0.0,0.0
data_type_q_tag/hc_o + rf_reg[8],0,456,0.0,0.0
rdata_q_tag/hc_o + rf_reg[8],0,456,0.0,0.0
alu_operand_b_ex_o_tag + alu_operator_o_mode/hc_o,0,456,0.0,0.0
alu_operator_o_mode/hc_o + rf_reg[9],0,456,0.0,0.0
rdata_offset_q_tag/hc_o + rf_reg[9],0,456,0.0,0.0
data_type_q_tag/hc_o + rf_reg[9],0,456,0.0,0.0
rdata_q_tag/hc_o + rf_reg[9],0,456,0.0,0.0
alu_operator_o_mode/hc_o + rf_reg[10],0,456,0.0,0.0
rdata_offset_q_tag/hc_o + rf_reg[10],0,456,0.0,0.0
data_type_q_tag/hc_o + rf_reg[10],0,456,0.0,0.0
rdata_q_tag/hc_o + rf_reg[10],0,456,0.0,0.0
alu_operator_o_mode/hc_o + rf_reg[11],0,456,0.0,0.0
rdata_offset_q_tag/hc_o + rf_reg[11],0,456,0.0,0.0
data_type_q_tag/hc_o + rf_reg[11],0,456,0.0,0.0
rdata_q_tag/hc_o + rf_reg[11],0,456,0.0,0.0
alu_operator_o_mode/hc_o + rf_reg[12],0,456,0.0,0.0
rdata_offset_q_tag/hc_o + rf_reg[12],0,456,0.0,0.0
data_type_q_tag/hc_o + rf_reg[12],0,456,0.0,0.0
rdata_q_tag/hc_o + rf_reg[12],0,456,0.0,0.0
alu_operator_o_mode/hc_o + rf_reg[13],0,456,0.0,0.0
alu_operand_b_ex_o_tag + rdata_offset_q_tag/hc_o,0,456,0.0,0.0
alu_operand_b_ex_o_tag + data_type_q_tag/hc_o,0,456,0.0,0.0
alu_operand_b_ex_o_tag + rdata_q_tag/hc_o,0,456,0.0,0.0
rdata_offset_q_tag/hc_o + rf_reg[13],0,456,0.0,0.0
data_type_q_tag/hc_o + rf_reg[13],0,456,0.0,0.0
rdata_q_tag/hc_o + rf_reg[13],0,456,0.0,0.0
alu_operator_o_mode/hc_o + rf_reg[14],0,456,0.0,0.0
rdata_offset_q_tag/hc_o + rf_reg[14],0,456,0.0,0.0
data_type_q_tag/hc_o + rf_reg[14],0,456,0.0,0.0
rdata_q_tag/hc_o + rf_reg[14],0,456,0.0,0.0
alu_operator_o_mode/hc_o + rf_reg[15],0,456,0.0,0.0
rdata_offset_q_tag/hc_o + rf_reg[15],0,456,0.0,0.0
data_type_q_tag/hc_o + rf_reg[15],0,456,0.0,0.0
rdata_q_tag/hc_o + rf_reg[15],0,456,0.0,0.0
alu_operator_o_mode/hc_o + rf_reg[16],0,456,0.0,0.0
rdata_offset_q_tag/hc_o + rf_reg[16],0,456,0.0,0.0
data_type_q_tag/hc_o + rf_reg[16],0,456,0.0,0.0
rdata_q_tag/hc_o + rf_reg[16],0,456,0.0,0.0
alu_operator_o_mode/hc_o + rf_reg[17],0,456,0.0,0.0
rdata_offset_q_tag/hc_o + rf_reg[17],0,456,0.0,0.0
data_type_q_tag/hc_o + rf_reg[17],0,456,0.0,0.0
rdata_q_tag/hc_o + rf_reg[17],0,456,0.0,0.0
alu_operator_o_mode/hc_o + rf_reg[18],0,456,0.0,0.0
rdata_offset_q_tag/hc_o + rf_reg[18],0,456,0.0,0.0
data_type_q_tag/hc_o + rf_reg[18],0,456,0.0,0.0
rdata_q_tag/hc_o + rf_reg[18],0,456,0.0,0.0
alu_operator_o_mode/hc_o + rf_reg[19],0,456,0.0,0.0
rdata_offset_q_tag/hc_o + rf_reg[19],0,456,0.0,0.0
data_type_q_tag/hc_o + rf_reg[19],0,456,0.0,0.0
rdata_q_tag/hc_o + rf_reg[19],0,456,0.0,0.0
alu_operator_o_mode/hc_o + rf_reg[20],0,456,0.0,0.0
rdata_offset_q_tag/hc_o + rf_reg[20],0,456,0.0,0.0
data_type_q_tag/hc_o + rf_reg[20],0,456,0.0,0.0
rdata_q_tag/hc_o + rf_reg[20],0,456,0.0,0.0
alu_operator_o_mode/hc_o + rf_reg[21],0,456,0.0,0.0
rdata_offset_q_tag/hc_o + rf_reg[21],0,456,0.0,0.0
data_type_q_tag/hc_o + rf_reg[21],0,456,0.0,0.0
rdata_q_tag/hc_o + rf_reg[21],0,456,0.0,0.0
alu_operand_c_ex_o_tag + alu_operator_o_mode/hc_o,0,456,0.0,0.0
alu_operator_o_mode/hc_o + rf_reg[22],0,456,0.0,0.0
rdata_offset_q_tag/hc_o + rf_reg[22],0,456,0.0,0.0
data_type_q_tag/hc_o + rf_reg[22],0,456,0.0,0.0
rdata_q_tag/hc_o + rf_reg[22],0,456,0.0,0.0
alu_operator_o_mode/hc_o + rf_reg[23],0,456,0.0,0.0
rdata_offset_q_tag/hc_o + rf_reg[23],0,456,0.0,0.0
data_type_q_tag/hc_o + rf_reg[23],0,456,0.0,0.0
rdata_q_tag/hc_o + rf_reg[23],0,456,0.0,0.0
alu_operator_o_mode/hc_o + rf_reg[24],0,456,0.0,0.0
rdata_offset_q_tag/hc_o + rf_reg[24],0,456,0.0,0.0
data_type_q_tag/hc_o + rf_reg[24],0,456,0.0,0.0
rdata_q_tag/hc_o + rf_reg[24],0,456,0.0,0.0
alu_operator_o_mode/hc_o + rf_reg[25],0,456,0.0,0.0
rdata_offset_q_tag/hc_o + rf_reg[25],0,456,0.0,0.0
data_type_q_tag/hc_o + rf_reg[25],0,456,0.0,0.0
rdata_q_tag/hc_o + rf_reg[25],0,456,0.0,0.0
alu_operator_o_mode/hc_o + rf_reg[26],0,456,0.0,0.0
alu_operand_c_ex_o_tag + rdata_offset_q_tag/hc_o,0,456,0.0,0.0
alu_operand_c_ex_o_tag + data_type_q_tag/hc_o,0,456,0.0,0.0
alu_operand_c_ex_o_tag + rdata_q_tag/hc_o,0,456,0.0,0.0
rdata_offset_q_tag/hc_o + rf_reg[26],0,456,0.0,0.0
data_type_q_tag/hc_o + rf_reg[26],0,456,0.0,0.0
rdata_q_tag/hc_o + rf_reg[26],0,456,0.0,0.0
alu_operator_o_mode/hc_o + rf_reg[27],0,456,0.0,0.0
rdata_offset_q_tag/hc_o + rf_reg[27],0,456,0.0,0.0
data_type_q_tag/hc_o + rf_reg[27],0,456,0.0,0.0
rdata_q_tag/hc_o + rf_reg[27],0,456,0.0,0.0
alu_operator_o_mode/hc_o + rf_reg[28],0,456,0.0,0.0
rdata_offset_q_tag/hc_o + rf_reg[28],0,456,0.0,0.0
data_type_q_tag/hc_o + rf_reg[28],0,456,0.0,0.0
rdata_q_tag/hc_o + rf_reg[28],0,456,0.0,0.0
alu_operator_o_mode/hc_o + rf_reg[29],0,456,0.0,0.0
rdata_offset_q_tag/hc_o + rf_reg[29],0,456,0.0,0.0
data_type_q_tag/hc_o + rf_reg[29],0,456,0.0,0.0
rdata_q_tag/hc_o + rf_reg[29],0,456,0.0,0.0
alu_operator_o_mode/hc_o + rf_reg[30],0,456,0.0,0.0
rdata_offset_q_tag/hc_o + rf_reg[30],0,456,0.0,0.0
data_type_q_tag/hc_o + rf_reg[30],0,456,0.0,0.0
rdata_q_tag/hc_o + rf_reg[30],0,456,0.0,0.0
alu_operator_o_mode/hc_o + rf_reg[31],0,456,0.0,0.0
rdata_offset_q_tag/hc_o + rf_reg[31],0,456,0.0,0.0
data_type_q_tag/hc_o + rf_reg[31],0,456,0.0,0.0
rdata_q_tag/hc_o + rf_reg[31],0,456,0.0,0.0
alu_operator_o_mode/hc_o + rs1_o_tag,0,456,0.0,0.0
rdata_offset_q_tag/hc_o + rs1_o_tag,0,456,0.0,0.0
data_type_q_tag/hc_o + rs1_o_tag,0,456,0.0,0.0
rdata_q_tag/hc_o + rs1_o_tag,0,456,0.0,0.0
alu_operator_o_mode/hc_o + data_we_q_tag,0,456,0.0,0.0
data_we_q_tag + rdata_offset_q_tag/hc_o,0,456,0.0,0.0
data_type_q_tag/hc_o + data_we_q_tag,0,456,0.0,0.0
data_we_q_tag + rdata_q_tag/hc_o,0,456,0.0,0.0
alu_operator_o_mode/hc_o + pc_id_o_tag,0,456,0.0,0.0
alu_operator_o_mode/hc_o + check_d_o_tag,0,456,0.0,0.0
check_d_o_tag + rdata_offset_q_tag/hc_o,0,456,0.0,0.0
check_d_o_tag + data_type_q_tag/hc_o,0,456,0.0,0.0
check_d_o_tag + rdata_q_tag/hc_o,0,456,0.0,0.0
alu_operator_o_mode/hc_o + check_s1_o_tag,0,456,0.0,0.0
check_s1_o_tag + rdata_offset_q_tag/hc_o,0,456,0.0,0.0
check_s1_o_tag + data_type_q_tag/hc_o,0,456,0.0,0.0
check_s1_o_tag + rdata_q_tag/hc_o,0,456,0.0,0.0
alu_operator_o_mode/hc_o + check_s2_o_tag,0,456,0.0,0.0
pc_id_o_tag + rdata_offset_q_tag/hc_o,0,456,0.0,0.0
data_type_q_tag/hc_o + pc_id_o_tag,0,456,0.0,0.0
pc_id_o_tag + rdata_q_tag/hc_o,0,456,0.0,0.0
check_s2_o_tag + rdata_offset_q_tag/hc_o,0,456,0.0,0.0
check_s2_o_tag + data_type_q_tag/hc_o,0,456,0.0,0.0
check_s2_o_tag + rdata_q_tag/hc_o,0,456,0.0,0.0
alu_operator_o_mode/hc_o + is_store_post_o_tag,0,456,0.0,0.0
is_store_post_o_tag + rdata_offset_q_tag/hc_o,0,456,0.0,0.0
data_type_q_tag/hc_o + is_store_post_o_tag,0,456,0.0,0.0
is_store_post_o_tag + rdata_q_tag/hc_o,0,456,0.0,0.0
alu_operator_o_mode/hc_o + memory_set_o_tag,0,456,0.0,0.0
memory_set_o_tag + rdata_offset_q_tag/hc_o,0,456,0.0,0.0
data_type_q_tag/hc_o + memory_set_o_tag,0,456,0.0,0.0
memory_set_o_tag + rdata_q_tag/hc_o,0,456,0.0,0.0
alu_operator_o_mode/hc_o + pc_if_o_tag,0,456,0.0,0.0
pc_if_o_tag + rdata_offset_q_tag/hc_o,0,456,0.0,0.0
data_type_q_tag/hc_o + pc_if_o_tag,0,456,0.0,0.0
pc_if_o_tag + rdata_q_tag/hc_o,0,456,0.0,0.0
alu_operator_o_mode/hc_o + register_set_o_tag,0,456,0.0,0.0
rdata_offset_q_tag/hc_o + register_set_o_tag,0,456,0.0,0.0
alu_operand_a_ex_o_tag + alu_operator_o_mode/hc_o,0,456,0.0,0.0
data_type_q_tag/hc_o + register_set_o_tag,0,456,0.0,0.0
rdata_q_tag/hc_o + register_set_o_tag,0,456,0.0,0.0
alu_operator_o_mode/hc_o + store_dest_addr_ex_o_tag,0,456,0.0,0.0
rdata_offset_q_tag/hc_o + store_dest_addr_ex_o_tag,0,456,0.0,0.0
data_type_q_tag/hc_o + store_dest_addr_ex_o_tag,0,456,0.0,0.0
rdata_q_tag/hc_o + store_dest_addr_ex_o_tag,0,456,0.0,0.0
alu_operator_o_mode/hc_o + store_source_ex_o_tag,0,456,0.0,0.0
rdata_offset_q_tag/hc_o + store_source_ex_o_tag,0,456,0.0,0.0
data_type_q_tag/hc_o + store_source_ex_o_tag,0,456,0.0,0.0
rdata_q_tag/hc_o + store_source_ex_o_tag,0,456,0.0,0.0
alu_operator_o_mode/hc_o + use_store_ops_ex_o,0,456,0.0,0.0
rdata_offset_q_tag/hc_o + use_store_ops_ex_o,0,456,0.0,0.0
data_type_q_tag/hc_o + use_store_ops_ex_o,0,456,0.0,0.0
rdata_q_tag/hc_o + use_store_ops_ex_o,0,456,0.0,0.0
alu_operator_o_mode/hc_o + rf_reg[0],0,456,0.0,0.0
alu_operand_a_ex_o_tag + rdata_offset_q_tag/hc_o,0,456,0.0,0.0
alu_operand_a_ex_o_tag + data_type_q_tag/hc_o,0,456,0.0,0.0
alu_operand_a_ex_o_tag + rdata_q_tag/hc_o,0,456,0.0,0.0
rdata_offset_q_tag/hc_o + rf_reg[0],0,456,0.0,0.0
data_type_q_tag/hc_o + rf_reg[0],0,456,0.0,0.0
rdata_q_tag/hc_o + rf_reg[0],0,456,0.0,0.0
alu_operator_o_mode/hc_o + rf_reg[1],0,456,0.0,0.0
rdata_offset_q_tag/hc_o + rf_reg[1],0,456,0.0,0.0
data_type_q_tag/hc_o + rf_reg[1],0,456,0.0,0.0
rdata_q_tag/hc_o + rf_reg[1],0,456,0.0,0.0
alu_operator_o_mode/hc_o + rf_reg[2],0,456,0.0,0.0
rdata_offset_q_tag/hc_o + rf_reg[2],0,456,0.0,0.0
data_type_q_tag/hc_o + rf_reg[2],0,456,0.0,0.0
rdata_q_tag/hc_o + rf_reg[2],0,456,0.0,0.0
alu_operator_o_mode/hc_o + rf_reg[3],0,456,0.0,0.0
rdata_offset_q_tag/hc_o + rf_reg[3],0,456,0.0,0.0
data_type_q_tag/hc_o + rf_reg[3],0,456,0.0,0.0
rdata_q_tag/hc_o + rf_reg[3],0,456,0.0,0.0
alu_operator_o_mode/hc_o + rf_reg[4],0,456,0.0,0.0
data_type_q_tag + tpr_arith/hc_o,0,456,0.0,0.0
data_type_q_tag + tpr_branch/hc_o,0,456,0.0,0.0
data_type_q_tag + tpr_jump/hc_o,0,456,0.0,0.0
data_type_q_tag + tpr_shift/hc_o,0,456,0.0,0.0
data_type_q_tag + tpr_comparison/hc_o,0,456,0.0,0.0
data_type_q_tag + tpr_logical/hc_o,0,456,0.0,0.0
data_type_q_tag + tcr_arith/hc_o,0,456,0.0,0.0
data_type_q_tag + tcr_branch/hc_o,0,456,0.0,0.0
data_type_q_tag + tcr_jump/hc_o,0,456,0.0,0.0
data_type_q_tag + tcr_shift/hc_o,0,456,0.0,0.0
data_type_q_tag + tcr_comparison/hc_o,0,456,0.0,0.0
data_type_q_tag + tcr_logical/hc_o,0,456,0.0,0.0
data_type_q_tag + tcr_load_store/hc_o,0,456,0.0,0.0
rdata_offset_q_tag + tpr_arith/hc_o,0,456,0.0,0.0
rdata_offset_q_tag + tpr_branch/hc_o,0,456,0.0,0.0
rdata_offset_q_tag + tpr_jump/hc_o,0,456,0.0,0.0
rdata_offset_q_tag + tpr_shift/hc_o,0,456,0.0,0.0
rdata_offset_q_tag + tpr_comparison/hc_o,0,456,0.0,0.0
rdata_offset_q_tag + tpr_logical/hc_o,0,456,0.0,0.0
rdata_offset_q_tag + tcr_arith/hc_o,0,456,0.0,0.0
rdata_offset_q_tag + tcr_branch/hc_o,0,456,0.0,0.0
rdata_offset_q_tag + tcr_jump/hc_o,0,456,0.0,0.0
rdata_offset_q_tag + tcr_shift/hc_o,0,456,0.0,0.0
rdata_offset_q_tag + tcr_comparison/hc_o,0,456,0.0,0.0
rdata_offset_q_tag + tcr_logical/hc_o,0,456,0.0,0.0
rdata_offset_q_tag + tcr_load_store/hc_o,0,456,0.0,0.0
alu_operator_o_mode + tpr_arith/hc_o,0,456,0.0,0.0
alu_operator_o_mode + tpr_branch/hc_o,0,456,0.0,0.0
alu_operator_o_mode + tpr_jump/hc_o,0,456,0.0,0.0
alu_operator_o_mode + tpr_shift/hc_o,0,456,0.0,0.0
alu_operator_o_mode + tpr_comparison/hc_o,0,456,0.0,0.0
alu_operator_o_mode + tpr_logical/hc_o,0,456,0.0,0.0
pc_id_o_tag/hc_o + tpr_arith/hc_o,0,456,0.0,0.0
pc_id_o_tag/hc_o + tpr_branch/hc_o,0,456,0.0,0.0
pc_id_o_tag/hc_o + tpr_jump/hc_o,0,456,0.0,0.0
pc_id_o_tag/hc_o + tpr_shift/hc_o,0,456,0.0,0.0
pc_id_o_tag/hc_o + tpr_comparison/hc_o,0,456,0.0,0.0
pc_id_o_tag/hc_o + tpr_logical/hc_o,0,456,0.0,0.0
pc_id_o_tag/hc_o + tcr_arith/hc_o,0,456,0.0,0.0
pc_id_o_tag/hc_o + tcr_branch/hc_o,0,456,0.0,0.0
pc_id_o_tag/hc_o + tcr_jump/hc_o,0,456,0.0,0.0
pc_id_o_tag/hc_o + tcr_shift/hc_o,0,456,0.0,0.0
pc_id_o_tag/hc_o + tcr_comparison/hc_o,0,456,0.0,0.0
pc_id_o_tag/hc_o + tcr_logical/hc_o,0,456,0.0,0.0
pc_id_o_tag/hc_o + tcr_load_store/hc_o,0,456,0.0,0.0
alu_operator_o_mode + tcr_arith/hc_o,0,456,0.0,0.0
alu_operator_o_mode + tcr_branch/hc_o,0,456,0.0,0.0
alu_operator_o_mode + tcr_jump/hc_o,0,456,0.0,0.0
alu_operator_o_mode + tcr_shift/hc_o,0,456,0.0,0.0
alu_operator_o_mode + tcr_comparison/hc_o,0,456,0.0,0.0
alu_operator_o_mode + tcr_logical/hc_o,0,456,0.0,0.0
alu_operator_o_mode + tcr_load_store/hc_o,0,456,0.0,0.0
store_dest_addr_ex_o_tag/hc_o + tpr_arith/hc_o,0,456,0.0,0.0
store_dest_addr_ex_o_tag/hc_o + tpr_branch/hc_o,0,456,0.0,0.0
store_dest_addr_ex_o_tag/hc_o + tpr_jump/hc_o,0,456,0.0,0.0
store_dest_addr_ex_o_tag/hc_o + tpr_shift/hc_o,0,456,0.0,0.0
store_dest_addr_ex_o_tag/hc_o + tpr_comparison/hc_o,0,456,0.0,0.0
store_dest_addr_ex_o_tag/hc_o + tpr_logical/hc_o,0,456,0.0,0.0
store_dest_addr_ex_o_tag/hc_o + tcr_arith/hc_o,0,456,0.0,0.0
store_dest_addr_ex_o_tag/hc_o + tcr_branch/hc_o,0,456,0.0,0.0
store_dest_addr_ex_o_tag/hc_o + tcr_jump/hc_o,0,456,0.0,0.0
store_dest_addr_ex_o_tag/hc_o + tcr_shift/hc_o,0,456,0.0,0.0
store_dest_addr_ex_o_tag/hc_o + tcr_comparison/hc_o,0,456,0.0,0.0
store_dest_addr_ex_o_tag/hc_o + tcr_logical/hc_o,0,456,0.0,0.0
store_dest_addr_ex_o_tag/hc_o + tcr_load_store/hc_o,0,456,0.0,0.0
store_source_ex_o_tag/hc_o + tpr_arith/hc_o,0,456,0.0,0.0
store_source_ex_o_tag/hc_o + tpr_branch/hc_o,0,456,0.0,0.0
store_source_ex_o_tag/hc_o + tpr_jump/hc_o,0,456,0.0,0.0
store_source_ex_o_tag/hc_o + tpr_shift/hc_o,0,456,0.0,0.0
store_source_ex_o_tag/hc_o + tpr_comparison/hc_o,0,456,0.0,0.0
store_source_ex_o_tag/hc_o + tpr_logical/hc_o,0,456,0.0,0.0
store_source_ex_o_tag/hc_o + tcr_arith/hc_o,0,456,0.0,0.0
store_source_ex_o_tag/hc_o + tcr_branch/hc_o,0,456,0.0,0.0
store_source_ex_o_tag/hc_o + tcr_jump/hc_o,0,456,0.0,0.0
store_source_ex_o_tag/hc_o + tcr_shift/hc_o,0,456,0.0,0.0
store_source_ex_o_tag/hc_o + tcr_comparison/hc_o,0,456,0.0,0.0
store_source_ex_o_tag/hc_o + tcr_logical/hc_o,0,456,0.0,0.0
store_source_ex_o_tag/hc_o + tcr_load_store/hc_o,0,456,0.0,0.0
tpr_arith/hc_o + use_store_ops_ex_o/hc_o,0,456,0.0,0.0
tpr_branch/hc_o + use_store_ops_ex_o/hc_o,0,456,0.0,0.0
tpr_jump/hc_o + use_store_ops_ex_o/hc_o,0,456,0.0,0.0
tpr_shift/hc_o + use_store_ops_ex_o/hc_o,0,456,0.0,0.0
tpr_comparison/hc_o + use_store_ops_ex_o/hc_o,0,456,0.0,0.0
tpr_logical/hc_o + use_store_ops_ex_o/hc_o,0,456,0.0,0.0
tcr_arith/hc_o + use_store_ops_ex_o/hc_o,0,456,0.0,0.0
tcr_branch/hc_o + use_store_ops_ex_o/hc_o,0,456,0.0,0.0
tcr_jump/hc_o + use_store_ops_ex_o/hc_o,0,456,0.0,0.0
tcr_shift/hc_o + use_store_ops_ex_o/hc_o,0,456,0.0,0.0
tcr_comparison/hc_o + use_store_ops_ex_o/hc_o,0,456,0.0,0.0
tcr_logical/hc_o + use_store_ops_ex_o/hc_o,0,456,0.0,0.0
tcr_load_store/hc_o + use_store_ops_ex_o/hc_o,0,456,0.0,0.0
alu_operand_a_ex_o_tag/hc_o + tpr_arith/hc_o,0,456,0.0,0.0
alu_operand_a_ex_o_tag/hc_o + tpr_branch/hc_o,0,456,0.0,0.0
alu_operand_a_ex_o_tag/hc_o + tpr_jump/hc_o,0,456,0.0,0.0
alu_operand_a_ex_o_tag/hc_o + tpr_shift/hc_o,0,456,0.0,0.0
alu_operand_a_ex_o_tag/hc_o + tpr_comparison/hc_o,0,456,0.0,0.0
alu_operand_a_ex_o_tag/hc_o + tpr_logical/hc_o,0,456,0.0,0.0
alu_operand_a_ex_o_tag/hc_o + tcr_arith/hc_o,0,456,0.0,0.0
alu_operand_a_ex_o_tag/hc_o + tcr_branch/hc_o,0,456,0.0,0.0
alu_operand_a_ex_o_tag/hc_o + tcr_jump/hc_o,0,456,0.0,0.0
alu_operand_a_ex_o_tag/hc_o + tcr_shift/hc_o,0,456,0.0,0.0
alu_operand_a_ex_o_tag/hc_o + tcr_comparison/hc_o,0,456,0.0,0.0
alu_operand_a_ex_o_tag/hc_o + tcr_logical/hc_o,0,456,0.0,0.0
alu_operand_a_ex_o_tag/hc_o + tcr_load_store/hc_o,0,456,0.0,0.0
alu_operand_b_ex_o_tag/hc_o + tpr_arith/hc_o,0,456,0.0,0.0
alu_operand_b_ex_o_tag/hc_o + tpr_branch/hc_o,0,456,0.0,0.0
alu_operand_b_ex_o_tag/hc_o + tpr_jump/hc_o,0,456,0.0,0.0
alu_operand_b_ex_o_tag/hc_o + tpr_shift/hc_o,0,456,0.0,0.0
alu_operand_b_ex_o_tag/hc_o + tpr_comparison/hc_o,0,456,0.0,0.0
alu_operand_b_ex_o_tag/hc_o + tpr_logical/hc_o,0,456,0.0,0.0
alu_operand_b_ex_o_tag/hc_o + tcr_arith/hc_o,0,456,0.0,0.0
alu_operand_b_ex_o_tag/hc_o + tcr_branch/hc_o,0,456,0.0,0.0
alu_operand_b_ex_o_tag/hc_o + tcr_jump/hc_o,0,456,0.0,0.0
alu_operand_b_ex_o_tag/hc_o + tcr_shift/hc_o,0,456,0.0,0.0
alu_operand_b_ex_o_tag/hc_o + tcr_comparison/hc_o,0,456,0.0,0.0
alu_operand_b_ex_o_tag/hc_o + tcr_logical/hc_o,0,456,0.0,0.0
alu_operand_b_ex_o_tag/hc_o + tcr_load_store/hc_o,0,456,0.0,0.0
alu_operand_c_ex_o_tag/hc_o + tpr_arith/hc_o,0,456,0.0,0.0
alu_operand_c_ex_o_tag/hc_o + tpr_branch/hc_o,0,456,0.0,0.0
alu_operand_c_ex_o_tag/hc_o + tpr_jump/hc_o,0,456,0.0,0.0
alu_operand_c_ex_o_tag/hc_o + tpr_shift/hc_o,0,456,0.0,0.0
alu_operand_c_ex_o_tag/hc_o + tpr_comparison/hc_o,0,456,0.0,0.0
alu_operand_c_ex_o_tag/hc_o + tpr_logical/hc_o,0,456,0.0,0.0
alu_operand_c_ex_o_tag/hc_o + tcr_arith/hc_o,0,456,0.0,0.0
alu_operand_c_ex_o_tag/hc_o + tcr_branch/hc_o,0,456,0.0,0.0
alu_operand_c_ex_o_tag/hc_o + tcr_jump/hc_o,0,456,0.0,0.0
alu_operand_c_ex_o_tag/hc_o + tcr_shift/hc_o,0,456,0.0,0.0
alu_operand_c_ex_o_tag/hc_o + tcr_comparison/hc_o,0,456,0.0,0.0
alu_operand_c_ex_o_tag/hc_o + tcr_logical/hc_o,0,456,0.0,0.0
alu_operand_c_ex_o_tag/hc_o + tcr_load_store/hc_o,0,456,0.0,0.0
check_s1_o_tag/hc_o + tpr_arith/hc_o,0,456,0.0,0.0
check_s1_o_tag/hc_o + tpr_branch/hc_o,0,456,0.0,0.0
check_s1_o_tag/hc_o + tpr_jump/hc_o,0,456,0.0,0.0
check_s1_o_tag/hc_o + tpr_shift/hc_o,0,456,0.0,0.0
check_s1_o_tag/hc_o + tpr_comparison/hc_o,0,456,0.0,0.0
check_s1_o_tag/hc_o + tpr_logical/hc_o,0,456,0.0,0.0
check_s1_o_tag/hc_o + tcr_arith/hc_o,0,456,0.0,0.0
check_s1_o_tag/hc_o + tcr_branch/hc_o,0,456,0.0,0.0
check_s1_o_tag/hc_o + tcr_jump/hc_o,0,456,0.0,0.0
check_s1_o_tag/hc_o + tcr_shift/hc_o,0,456,0.0,0.0
check_s1_o_tag/hc_o + tcr_comparison/hc_o,0,456,0.0,0.0
check_s1_o_tag/hc_o + tcr_logical/hc_o,0,456,0.0,0.0
check_s1_o_tag/hc_o + tcr_load_store/hc_o,0,456,0.0,0.0
check_s2_o_tag/hc_o + tpr_arith/hc_o,0,456,0.0,0.0
check_s2_o_tag/hc_o + tpr_branch/hc_o,0,456,0.0,0.0
check_s2_o_tag/hc_o + tpr_jump/hc_o,0,456,0.0,0.0
check_s2_o_tag/hc_o + tpr_shift/hc_o,0,456,0.0,0.0
check_s2_o_tag/hc_o + tpr_comparison/hc_o,0,456,0.0,0.0
check_s2_o_tag/hc_o + tpr_logical/hc_o,0,456,0.0,0.0
check_s2_o_tag/hc_o + tcr_arith/hc_o,0,456,0.0,0.0
check_s2_o_tag/hc_o + tcr_branch/hc_o,0,456,0.0,0.0
check_s2_o_tag/hc_o + tcr_jump/hc_o,0,456,0.0,0.0
check_s2_o_tag/hc_o + tcr_shift/hc_o,0,456,0.0,0.0
check_s2_o_tag/hc_o + tcr_comparison/hc_o,0,456,0.0,0.0
check_s2_o_tag/hc_o + tcr_logical/hc_o,0,456,0.0,0.0
check_s2_o_tag/hc_o + tcr_load_store/hc_o,0,456,0.0,0.0
check_d_o_tag/hc_o + tpr_arith/hc_o,0,456,0.0,0.0
check_d_o_tag/hc_o + tpr_branch/hc_o,0,456,0.0,0.0
check_d_o_tag/hc_o + tpr_jump/hc_o,0,456,0.0,0.0
check_d_o_tag/hc_o + tpr_shift/hc_o,0,456,0.0,0.0
check_d_o_tag/hc_o + tpr_comparison/hc_o,0,456,0.0,0.0
check_d_o_tag/hc_o + tpr_logical/hc_o,0,456,0.0,0.0
check_d_o_tag/hc_o + tcr_arith/hc_o,0,456,0.0,0.0
check_d_o_tag/hc_o + tcr_branch/hc_o,0,456,0.0,0.0
check_d_o_tag/hc_o + tcr_jump/hc_o,0,456,0.0,0.0
check_d_o_tag/hc_o + tcr_shift/hc_o,0,456,0.0,0.0
check_d_o_tag/hc_o + tcr_comparison/hc_o,0,456,0.0,0.0
check_d_o_tag/hc_o + tcr_logical/hc_o,0,456,0.0,0.0
check_d_o_tag/hc_o + tcr_load_store/hc_o,0,456,0.0,0.0
register_set_o_tag/hc_o + tpr_arith/hc_o,0,456,0.0,0.0
register_set_o_tag/hc_o + tpr_branch/hc_o,0,456,0.0,0.0
register_set_o_tag/hc_o + tpr_jump/hc_o,0,456,0.0,0.0
register_set_o_tag/hc_o + tpr_shift/hc_o,0,456,0.0,0.0
register_set_o_tag/hc_o + tpr_comparison/hc_o,0,456,0.0,0.0
register_set_o_tag/hc_o + tpr_logical/hc_o,0,456,0.0,0.0
register_set_o_tag/hc_o + tcr_arith/hc_o,0,456,0.0,0.0
register_set_o_tag/hc_o + tcr_branch/hc_o,0,456,0.0,0.0
register_set_o_tag/hc_o + tcr_jump/hc_o,0,456,0.0,0.0
register_set_o_tag/hc_o + tcr_shift/hc_o,0,456,0.0,0.0
register_set_o_tag/hc_o + tcr_comparison/hc_o,0,456,0.0,0.0
register_set_o_tag/hc_o + tcr_logical/hc_o,0,456,0.0,0.0
register_set_o_tag/hc_o + tcr_load_store/hc_o,0,456,0.0,0.0
is_store_post_o_tag/hc_o + tpr_arith/hc_o,0,456,0.0,0.0
is_store_post_o_tag/hc_o + tpr_branch/hc_o,0,456,0.0,0.0
is_store_post_o_tag/hc_o + tpr_jump/hc_o,0,456,0.0,0.0
is_store_post_o_tag/hc_o + tpr_shift/hc_o,0,456,0.0,0.0
is_store_post_o_tag/hc_o + tpr_comparison/hc_o,0,456,0.0,0.0
is_store_post_o_tag/hc_o + tpr_logical/hc_o,0,456,0.0,0.0
is_store_post_o_tag/hc_o + tcr_arith/hc_o,0,456,0.0,0.0
is_store_post_o_tag/hc_o + tcr_branch/hc_o,0,456,0.0,0.0
is_store_post_o_tag/hc_o + tcr_jump/hc_o,0,456,0.0,0.0
is_store_post_o_tag/hc_o + tcr_shift/hc_o,0,456,0.0,0.0
is_store_post_o_tag/hc_o + tcr_comparison/hc_o,0,456,0.0,0.0
is_store_post_o_tag/hc_o + tcr_logical/hc_o,0,456,0.0,0.0
is_store_post_o_tag/hc_o + tcr_load_store/hc_o,0,456,0.0,0.0
rs1_o_tag/hc_o + tpr_arith/hc_o,0,456,0.0,0.0
rs1_o_tag/hc_o + tpr_branch/hc_o,0,456,0.0,0.0
rs1_o_tag/hc_o + tpr_jump/hc_o,0,456,0.0,0.0
rs1_o_tag/hc_o + tpr_shift/hc_o,0,456,0.0,0.0
rs1_o_tag/hc_o + tpr_comparison/hc_o,0,456,0.0,0.0
rs1_o_tag/hc_o + tpr_logical/hc_o,0,456,0.0,0.0
rs1_o_tag/hc_o + tcr_arith/hc_o,0,456,0.0,0.0
rs1_o_tag/hc_o + tcr_branch/hc_o,0,456,0.0,0.0
rs1_o_tag/hc_o + tcr_jump/hc_o,0,456,0.0,0.0
rs1_o_tag/hc_o + tcr_shift/hc_o,0,456,0.0,0.0
rs1_o_tag/hc_o + tcr_comparison/hc_o,0,456,0.0,0.0
rs1_o_tag/hc_o + tcr_logical/hc_o,0,456,0.0,0.0
rs1_o_tag/hc_o + tcr_load_store/hc_o,0,456,0.0,0.0
data_we_q_tag/hc_o + tpr_arith/hc_o,0,456,0.0,0.0
data_we_q_tag/hc_o + tpr_branch/hc_o,0,456,0.0,0.0
data_we_q_tag/hc_o + tpr_jump/hc_o,0,456,0.0,0.0
data_we_q_tag/hc_o + tpr_shift/hc_o,0,456,0.0,0.0
data_we_q_tag/hc_o + tpr_comparison/hc_o,0,456,0.0,0.0
data_we_q_tag/hc_o + tpr_logical/hc_o,0,456,0.0,0.0
data_we_q_tag/hc_o + tcr_arith/hc_o,0,456,0.0,0.0
data_we_q_tag/hc_o + tcr_branch/hc_o,0,456,0.0,0.0
data_we_q_tag/hc_o + tcr_jump/hc_o,0,456,0.0,0.0
data_we_q_tag/hc_o + tcr_shift/hc_o,0,456,0.0,0.0
data_we_q_tag/hc_o + tcr_comparison/hc_o,0,456,0.0,0.0
data_we_q_tag/hc_o + tcr_logical/hc_o,0,456,0.0,0.0
data_we_q_tag/hc_o + tcr_load_store/hc_o,0,456,0.0,0.0
data_type_q_tag + id_group0/hc_o,0,456,0.0,0.0
data_type_q_tag + id_group1/hc_o,0,456,0.0,0.0
data_type_q_tag + id_group2/hc_o,0,456,0.0,0.0
data_type_q_tag + id_group3/hc_o,0,456,0.0,0.0
data_type_q_tag + id_group4/hc_o,0,456,0.0,0.0
data_type_q_tag + id_group5/hc_o,0,456,0.0,0.0
data_type_q_tag + id_group6/hc_o,0,456,0.0,0.0
data_type_q_tag + id_group7/hc_o,0,456,0.0,0.0
data_type_q_tag + id_group8/hc_o,0,456,0.0,0.0
csr_group0/hc_o + data_type_q_tag,0,456,0.0,0.0
csr_group1/hc_o + data_type_q_tag,0,456,0.0,0.0
csr_group2/hc_o + data_type_q_tag,0,456,0.0,0.0
csr_group3/hc_o + data_type_q_tag,0,456,0.0,0.0
csr_group4/hc_o + data_type_q_tag,0,456,0.0,0.0
csr_group5/hc_o + data_type_q_tag,0,456,0.0,0.0
csr_group6/hc_o + data_type_q_tag,0,456,0.0,0.0
csr_group7/hc_o + data_type_q_tag,0,456,0.0,0.0
csr_group8/hc_o + data_type_q_tag,0,456,0.0,0.0
csr_group9/hc_o + data_type_q_tag,0,456,0.0,0.0
csr_group10/hc_o + data_type_q_tag,0,456,0.0,0.0
csr_group11/hc_o + data_type_q_tag,0,456,0.0,0.0
csr_group13/hc_o + data_type_q_tag,0,456,0.0,0.0
csr_group16/hc_o + data_type_q_tag,0,456,0.0,0.0
csr_group17/hc_o + data_type_q_tag,0,456,0.0,0.0
data_type_q_tag + lsu_group1/hc_o,0,456,0.0,0.0
data_type_q_tag + lsu_group2/hc_o,0,456,0.0,0.0
data_type_q_tag + lsu_group3/hc_o,0,456,0.0,0.0
data_type_q_tag + lsu_group4/hc_o,0,456,0.0,0.0
data_type_q_tag + lsu_group5/hc_o,0,456,0.0,0.0
alu_operator_o_mode + id_group0/hc_o,0,456,0.0,0.0
alu_operator_o_mode + id_group1/hc_o,0,456,0.0,0.0
alu_operator_o_mode + id_group2/hc_o,0,456,0.0,0.0
alu_operator_o_mode + id_group3/hc_o,0,456,0.0,0.0
alu_operator_o_mode + id_group4/hc_o,0,456,0.0,0.0
alu_operator_o_mode + id_group5/hc_o,0,456,0.0,0.0
alu_operator_o_mode + id_group6/hc_o,0,456,0.0,0.0
alu_operator_o_mode + id_group7/hc_o,0,456,0.0,0.0
id_group0/hc_o + rdata_offset_q_tag,0,456,0.0,0.0
id_group1/hc_o + rdata_offset_q_tag,0,456,0.0,0.0
id_group2/hc_o + rdata_offset_q_tag,0,456,0.0,0.0
id_group3/hc_o + rdata_offset_q_tag,0,456,0.0,0.0
id_group4/hc_o + rdata_offset_q_tag,0,456,0.0,0.0
id_group5/hc_o + rdata_offset_q_tag,0,456,0.0,0.0
id_group6/hc_o + rdata_offset_q_tag,0,456,0.0,0.0
id_group7/hc_o + rdata_offset_q_tag,0,456,0.0,0.0
id_group8/hc_o + rdata_offset_q_tag,0,456,0.0,0.0
csr_group0/hc_o + rdata_offset_q_tag,0,456,0.0,0.0
csr_group1/hc_o + rdata_offset_q_tag,0,456,0.0,0.0
csr_group2/hc_o + rdata_offset_q_tag,0,456,0.0,0.0
csr_group3/hc_o + rdata_offset_q_tag,0,456,0.0,0.0
csr_group4/hc_o + rdata_offset_q_tag,0,456,0.0,0.0
csr_group5/hc_o + rdata_offset_q_tag,0,456,0.0,0.0
csr_group6/hc_o + rdata_offset_q_tag,0,456,0.0,0.0
csr_group7/hc_o + rdata_offset_q_tag,0,456,0.0,0.0
csr_group8/hc_o + rdata_offset_q_tag,0,456,0.0,0.0
csr_group9/hc_o + rdata_offset_q_tag,0,456,0.0,0.0
csr_group10/hc_o + rdata_offset_q_tag,0,456,0.0,0.0
csr_group11/hc_o + rdata_offset_q_tag,0,456,0.0,0.0
csr_group13/hc_o + rdata_offset_q_tag,0,456,0.0,0.0
csr_group16/hc_o + rdata_offset_q_tag,0,456,0.0,0.0
csr_group17/hc_o + rdata_offset_q_tag,0,456,0.0,0.0
lsu_group1/hc_o + rdata_offset_q_tag,0,456,0.0,0.0
lsu_group2/hc_o + rdata_offset_q_tag,0,456,0.0,0.0
lsu_group3/hc_o + rdata_offset_q_tag,0,456,0.0,0.0
lsu_group4/hc_o + rdata_offset_q_tag,0,456,0.0,0.0
lsu_group5/hc_o + rdata_offset_q_tag,0,456,0.0,0.0
alu_operator_o_mode + id_group8/hc_o,0,456,0.0,0.0
alu_operator_o_mode + csr_group0/hc_o,0,456,0.0,0.0
alu_operator_o_mode + csr_group1/hc_o,0,456,0.0,0.0
alu_operator_o_mode + csr_group2/hc_o,0,456,0.0,0.0
alu_operator_o_mode + csr_group3/hc_o,0,456,0.0,0.0
alu_operator_o_mode + csr_group4/hc_o,0,456,0.0,0.0
alu_operator_o_mode + csr_group5/hc_o,0,456,0.0,0.0
alu_operator_o_mode + csr_group6/hc_o,0,456,0.0,0.0
alu_operator_o_mode + csr_group7/hc_o,0,456,0.0,0.0
alu_operator_o_mode + csr_group8/hc_o,0,456,0.0,0.0
alu_operator_o_mode + csr_group9/hc_o,0,456,0.0,0.0
alu_operator_o_mode + csr_group10/hc_o,0,456,0.0,0.0
alu_operator_o_mode + csr_group11/hc_o,0,456,0.0,0.0
alu_operator_o_mode + csr_group13/hc_o,0,456,0.0,0.0
alu_operator_o_mode + csr_group16/hc_o,0,456,0.0,0.0
alu_operator_o_mode + csr_group17/hc_o,0,456,0.0,0.0
alu_operator_o_mode + lsu_group1/hc_o,0,456,0.0,0.0
alu_operator_o_mode + lsu_group2/hc_o,0,456,0.0,0.0
alu_operator_o_mode + lsu_group3/hc_o,0,456,0.0,0.0
csr_group14/hc_o + id_group0/hc_o,0,456,0.0,0.0
csr_group18/hc_o + id_group0/hc_o,0,456,0.0,0.0
csr_group19/hc_o + id_group0/hc_o,0,456,0.0,0.0
csr_group20/hc_o + id_group0/hc_o,0,456,0.0,0.0
alu_operator_o_mode + lsu_group4/hc_o,0,456,0.0,0.0
alu_operator_o_mode + lsu_group5/hc_o,0,456,0.0,0.0
csr_group14/hc_o + id_group1/hc_o,0,456,0.0,0.0
csr_group18/hc_o + id_group1/hc_o,0,456,0.0,0.0
csr_group19/hc_o + id_group1/hc_o,0,456,0.0,0.0
csr_group20/hc_o + id_group1/hc_o,0,456,0.0,0.0
csr_group14/hc_o + id_group2/hc_o,0,456,0.0,0.0
csr_group18/hc_o + id_group2/hc_o,0,456,0.0,0.0
csr_group19/hc_o + id_group2/hc_o,0,456,0.0,0.0
csr_group20/hc_o + id_group2/hc_o,0,456,0.0,0.0
csr_group14/hc_o + id_group3/hc_o,0,456,0.0,0.0
csr_group18/hc_o + id_group3/hc_o,0,456,0.0,0.0
csr_group19/hc_o + id_group3/hc_o,0,456,0.0,0.0
csr_group20/hc_o + id_group3/hc_o,0,456,0.0,0.0
csr_group14/hc_o + id_group4/hc_o,0,456,0.0,0.0
csr_group18/hc_o + id_group4/hc_o,0,456,0.0,0.0
csr_group19/hc_o + id_group4/hc_o,0,456,0.0,0.0
csr_group20/hc_o + id_group4/hc_o,0,456,0.0,0.0
csr_group14/hc_o + id_group5/hc_o,0,456,0.0,0.0
csr_group18/hc_o + id_group5/hc_o,0,456,0.0,0.0
csr_group19/hc_o + id_group5/hc_o,0,456,0.0,0.0
csr_group20/hc_o + id_group5/hc_o,0,456,0.0,0.0
csr_group14/hc_o + id_group6/hc_o,0,456,0.0,0.0
csr_group18/hc_o + id_group6/hc_o,0,456,0.0,0.0
csr_group19/hc_o + id_group6/hc_o,0,456,0.0,0.0
csr_group20/hc_o + id_group6/hc_o,0,456,0.0,0.0
csr_group14/hc_o + id_group7/hc_o,0,456,0.0,0.0
csr_group18/hc_o + id_group7/hc_o,0,456,0.0,0.0
csr_group19/hc_o + id_group7/hc_o,0,456,0.0,0.0
csr_group20/hc_o + id_group7/hc_o,0,456,0.0,0.0
csr_group14/hc_o + id_group8/hc_o,0,456,0.0,0.0
csr_group18/hc_o + id_group8/hc_o,0,456,0.0,0.0
csr_group19/hc_o + id_group8/hc_o,0,456,0.0,0.0
csr_group20/hc_o + id_group8/hc_o,0,456,0.0,0.0
csr_group0/hc_o + csr_group14/hc_o,0,456,0.0,0.0
csr_group0/hc_o + csr_group18/hc_o,0,456,0.0,0.0
csr_group0/hc_o + csr_group19/hc_o,0,456,0.0,0.0
csr_group0/hc_o + csr_group20/hc_o,0,456,0.0,0.0
csr_group1/hc_o + csr_group14/hc_o,0,456,0.0,0.0
csr_group1/hc_o + csr_group18/hc_o,0,456,0.0,0.0
csr_group1/hc_o + csr_group19/hc_o,0,456,0.0,0.0
csr_group1/hc_o + csr_group20/hc_o,0,456,0.0,0.0
csr_group14/hc_o + csr_group2/hc_o,0,456,0.0,0.0
csr_group18/hc_o + csr_group2/hc_o,0,456,0.0,0.0
csr_group19/hc_o + csr_group2/hc_o,0,456,0.0,0.0
csr_group2/hc_o + csr_group20/hc_o,0,456,0.0,0.0
csr_group14/hc_o + csr_group3/hc_o,0,456,0.0,0.0
csr_group18/hc_o + csr_group3/hc_o,0,456,0.0,0.0
csr_group19/hc_o + csr_group3/hc_o,0,456,0.0,0.0
csr_group20/hc_o + csr_group3/hc_o,0,456,0.0,0.0
csr_group14/hc_o + csr_group4/hc_o,0,456,0.0,0.0
csr_group18/hc_o + csr_group4/hc_o,0,456,0.0,0.0
csr_group19/hc_o + csr_group4/hc_o,0,456,0.0,0.0
csr_group20/hc_o + csr_group4/hc_o,0,456,0.0,0.0
csr_group14/hc_o + csr_group5/hc_o,0,456,0.0,0.0
csr_group18/hc_o + csr_group5/hc_o,0,456,0.0,0.0
csr_group19/hc_o + csr_group5/hc_o,0,456,0.0,0.0
csr_group20/hc_o + csr_group5/hc_o,0,456,0.0,0.0
csr_group14/hc_o + csr_group6/hc_o,0,456,0.0,0.0
csr_group18/hc_o + csr_group6/hc_o,0,456,0.0,0.0
csr_group19/hc_o + csr_group6/hc_o,0,456,0.0,0.0
csr_group20/hc_o + csr_group6/hc_o,0,456,0.0,0.0
csr_group14/hc_o + csr_group7/hc_o,0,456,0.0,0.0
csr_group18/hc_o + csr_group7/hc_o,0,456,0.0,0.0
csr_group19/hc_o + csr_group7/hc_o,0,456,0.0,0.0
csr_group20/hc_o + csr_group7/hc_o,0,456,0.0,0.0
csr_group14/hc_o + csr_group8/hc_o,0,456,0.0,0.0
csr_group18/hc_o + csr_group8/hc_o,0,456,0.0,0.0
csr_group19/hc_o + csr_group8/hc_o,0,456,0.0,0.0
csr_group20/hc_o + csr_group8/hc_o,0,456,0.0,0.0
csr_group14/hc_o + csr_group9/hc_o,0,456,0.0,0.0
csr_group18/hc_o + csr_group9/hc_o,0,456,0.0,0.0
csr_group19/hc_o + csr_group9/hc_o,0,456,0.0,0.0
csr_group20/hc_o + csr_group9/hc_o,0,456,0.0,0.0
csr_group10/hc_o + csr_group14/hc_o,0,456,0.0,0.0
csr_group10/hc_o + csr_group18/hc_o,0,456,0.0,0.0
csr_group10/hc_o + csr_group19/hc_o,0,456,0.0,0.0
csr_group10/hc_o + csr_group20/hc_o,0,456,0.0,0.0
csr_group11/hc_o + csr_group14/hc_o,0,456,0.0,0.0
csr_group11/hc_o + csr_group18/hc_o,0,456,0.0,0.0
csr_group11/hc_o + csr_group19/hc_o,0,456,0.0,0.0
csr_group11/hc_o + csr_group20/hc_o,0,456,0.0,0.0
csr_group13/hc_o + csr_group14/hc_o,0,456,0.0,0.0
csr_group13/hc_o + csr_group19/hc_o,0,456,0.0,0.0
csr_group13/hc_o + csr_group20/hc_o,0,456,0.0,0.0
csr_group14/hc_o + csr_group16/hc_o,0,456,0.0,0.0
csr_group14/hc_o + csr_group17/hc_o,0,456,0.0,0.0
csr_group14/hc_o + lsu_group1/hc_o,0,456,0.0,0.0
csr_group14/hc_o + lsu_group2/hc_o,0,456,0.0,0.0
csr_group14/hc_o + lsu_group3/hc_o,0,456,0.0,0.0
csr_group14/hc_o + lsu_group4/hc_o,0,456,0.0,0.0
csr_group14/hc_o + lsu_group5/hc_o,0,456,0.0,0.0
csr_group16/hc_o + csr_group18/hc_o,0,456,0.0,0.0
csr_group16/hc_o + csr_group19/hc_o,0,456,0.0,0.0
csr_group16/hc_o + csr_group20/hc_o,0,456,0.0,0.0
csr_group17/hc_o + csr_group18/hc_o,0,456,0.0,0.0
csr_group17/hc_o + csr_group19/hc_o,0,456,0.0,0.0
csr_group17/hc_o + csr_group20/hc_o,0,456,0.0,0.0
csr_group18/hc_o + lsu_group1/hc_o,0,456,0.0,0.0
csr_group18/hc_o + lsu_group2/hc_o,0,456,0.0,0.0
csr_group18/hc_o + lsu_group3/hc_o,0,456,0.0,0.0
csr_group18/hc_o + lsu_group4/hc_o,0,456,0.0,0.0
csr_group18/hc_o + lsu_group5/hc_o,0,456,0.0,0.0
csr_group19/hc_o + lsu_group1/hc_o,0,456,0.0,0.0
csr_group19/hc_o + lsu_group2/hc_o,0,456,0.0,0.0
csr_group19/hc_o + lsu_group3/hc_o,0,456,0.0,0.0
csr_group19/hc_o + lsu_group4/hc_o,0,456,0.0,0.0
csr_group19/hc_o + lsu_group5/hc_o,0,456,0.0,0.0
csr_group20/hc_o + lsu_group1/hc_o,0,456,0.0,0.0
csr_group20/hc_o + lsu_group2/hc_o,0,456,0.0,0.0
csr_group20/hc_o + lsu_group3/hc_o,0,456,0.0,0.0
csr_group20/hc_o + lsu_group4/hc_o,0,456,0.0,0.0
csr_group20/hc_o + lsu_group5/hc_o,0,456,0.0,0.0
data_type_q_tag + lsu_reg/hc_o,0,432,0.0,0.0
lsu_reg/hc_o + rdata_offset_q_tag,0,432,0.0,0.0
alu_operator_o_mode + lsu_reg/hc_o,0,432,0.0,0.0
ex_stage/hc_o + lsu_reg/hc_o,0,432,0.0,0.0
hc_o_5 + tpr/sd_o_32,0,432,0.0,0.0
hc_o_5 + tcr/sd_o_32,0,432,0.0,0.0
data_type_q_tag + lsu/hc_o,0,432,0.0,0.0
lsu/hc_o + rdata_offset_q_tag,0,432,0.0,0.0
if_stage/sd_o + rdata_q_tag,0,432,0.0,0.0
alu_operator_o_mode + lsu/hc_o,0,432,0.0,0.0
ex_stage/hc_o + lsu/hc_o,0,432,0.0,0.0
pc_if_o_tag/sd_o + rdata_q_tag,0,432,0.0,0.0
pc_id_o_tag/sd_o + rdata_q_tag,0,432,0.0,0.0
alu_operator_o_mode/sd_o + rdata_q_tag,0,432,0.0,0.0
rdata_q_tag + store_dest_addr_ex_o_tag/sd_o,0,432,0.0,0.0
rdata_q_tag + store_source_ex_o_tag/sd_o,0,432,0.0,0.0
rdata_q_tag + use_store_ops_ex_o/sd_o,0,432,0.0,0.0
alu_operand_a_ex_o_tag/sd_o + rdata_q_tag,0,432,0.0,0.0
alu_operand_b_ex_o_tag/sd_o + rdata_q_tag,0,432,0.0,0.0
alu_operand_c_ex_o_tag/sd_o + rdata_q_tag,0,432,0.0,0.0
check_s1_o_tag/sd_o + rdata_q_tag,0,432,0.0,0.0
check_s2_o_tag/sd_o + rdata_q_tag,0,432,0.0,0.0
check_d_o_tag/sd_o + rdata_q_tag,0,432,0.0,0.0
rdata_q_tag + register_set_o_tag/sd_o,0,432,0.0,0.0
is_store_post_o_tag/sd_o + rdata_q_tag,0,432,0.0,0.0
memory_set_o_tag/sd_o + rdata_q_tag,0,432,0.0,0.0
rdata_q_tag + rs1_o_tag/sd_o,0,432,0.0,0.0
data_we_q_tag/sd_o + rdata_q_tag,0,432,0.0,0.0
rdata_offset_q_tag/sd_o + rdata_q_tag,0,432,0.0,0.0
data_type_q_tag/sd_o + rdata_q_tag,0,432,0.0,0.0
rdata_q_tag + rdata_q_tag/sd_o,0,432,0.0,0.0
hc_o_5 + pc_if_o_tag/sd_o,0,432,0.0,0.0
hc_o_5 + pc_id_o_tag/sd_o,0,432,0.0,0.0
alu_operator_o_mode/sd_o + hc_o_5,0,432,0.0,0.0
hc_o_5 + store_dest_addr_ex_o_tag/sd_o,0,432,0.0,0.0
hc_o_5 + store_source_ex_o_tag/sd_o,0,432,0.0,0.0
hc_o_5 + use_store_ops_ex_o/sd_o,0,432,0.0,0.0
alu_operand_a_ex_o_tag/sd_o + hc_o_5,0,432,0.0,0.0
alu_operand_b_ex_o_tag/sd_o + hc_o_5,0,432,0.0,0.0
alu_operand_c_ex_o_tag/sd_o + hc_o_5,0,432,0.0,0.0
check_s1_o_tag/sd_o + hc_o_5,0,432,0.0,0.0
check_s2_o_tag/sd_o + hc_o_5,0,432,0.0,0.0
check_d_o_tag/sd_o + hc_o_5,0,432,0.0,0.0
hc_o_5 + register_set_o_tag/sd_o,0,432,0.0,0.0
hc_o_5 + is_store_post_o_tag/sd_o,0,432,0.0,0.0
hc_o_5 + memory_set_o_tag/sd_o,0,432,0.0,0.0
hc_o_5 + rs1_o_tag/sd_o,0,432,0.0,0.0
data_we_q_tag/sd_o + hc_o_5,0,432,0.0,0.0
hc_o_5 + rdata_offset_q_tag/sd_o,0,432,0.0,0.0
data_type_q_tag/sd_o + hc_o_5,0,432,0.0,0.0
hc_o_5 + rdata_q_tag/sd_o,0,432,0.0,0.0
rdata_q_tag + tcr_execute/sd_o,0,432,0.0,0.0
rdata_q_tag + sp_o_32,0,432,0.0,0.0
hc_o_26 + sd_o_5,0,414,0.0,0.0
hc_o_26 + sd_o_rf_tag,0,414,0.0,0.0
hc_o_26 + tpr/sd_o_32,0,414,0.0,0.0
hc_o_26 + tcr/sd_o_32,0,414,0.0,0.0
sd_o_26 + tcr/hc_o_32,0,414,0.0,0.0
regfile_alu_waddr_ex_o_tag + sd_o_26,0,414,0.0,0.0
id_stage/hc_o + if_stage/sd_o,0,414,0.0,0.0
if_stage/sd_o + tcr/hc_o_32,0,414,0.0,0.0
id_stage/hc_o + sd_o_rf_tag,0,414,0.0,0.0
ex_stage/sd_o + id_stage/hc_o,0,414,0.0,0.0
id_stage/hc_o + tpr/sd_o_32,0,414,0.0,0.0
id_stage/hc_o + tcr/sd_o_32,0,414,0.0,0.0
id_stage/hc_o + lsu/sd_o,0,414,0.0,0.0
id_stage/sd_o + tcr/hc_o_32,0,414,0.0,0.0
ex_stage/sd_o + tcr/hc_o_32,0,414,0.0,0.0
lsu/sd_o + tcr/hc_o_32,0,414,0.0,0.0
ex_stage/sd_o + regfile_alu_waddr_ex_o_tag,0,414,0.0,0.0
lsu/sd_o + regfile_alu_waddr_ex_o_tag,0,414,0.0,0.0
pc_if_o_tag/sd_o + tcr/hc_o_32,0,414,0.0,0.0
pc_id_o_tag/sd_o + tcr/hc_o_32,0,414,0.0,0.0
alu_operator_o_mode/sd_o + tcr/hc_o_32,0,414,0.0,0.0
store_dest_addr_ex_o_tag/sd_o + tcr/hc_o_32,0,414,0.0,0.0
store_source_ex_o_tag/sd_o + tcr/hc_o_32,0,414,0.0,0.0
tcr/hc_o_32 + use_store_ops_ex_o/sd_o,0,414,0.0,0.0
alu_operand_a_ex_o_tag/sd_o + tcr/hc_o_32,0,414,0.0,0.0
alu_operand_b_ex_o_tag/sd_o + tcr/hc_o_32,0,414,0.0,0.0
alu_operand_c_ex_o_tag/sd_o + tcr/hc_o_32,0,414,0.0,0.0
check_s1_o_tag/sd_o + tcr/hc_o_32,0,414,0.0,0.0
check_s2_o_tag/sd_o + tcr/hc_o_32,0,414,0.0,0.0
check_d_o_tag/sd_o + tcr/hc_o_32,0,414,0.0,0.0
register_set_o_tag/sd_o + tcr/hc_o_32,0,414,0.0,0.0
is_store_post_o_tag/sd_o + tcr/hc_o_32,0,414,0.0,0.0
memory_set_o_tag/sd_o + tcr/hc_o_32,0,414,0.0,0.0
rs1_o_tag/sd_o + tcr/hc_o_32,0,414,0.0,0.0
data_we_q_tag/sd_o + tcr/hc_o_32,0,414,0.0,0.0
rdata_offset_q_tag/sd_o + tcr/hc_o_32,0,414,0.0,0.0
data_type_q_tag/sd_o + tcr/hc_o_32,0,414,0.0,0.0
rdata_q_tag/sd_o + tcr/hc_o_32,0,414,0.0,0.0
regfile_alu_waddr_ex_o_tag + tcr_shift/sd_o,0,414,0.0,0.0
regfile_alu_waddr_ex_o_tag + tcr_comparison/sd_o,0,414,0.0,0.0
regfile_alu_waddr_ex_o_tag + tcr_logical/sd_o,0,414,0.0,0.0
regfile_alu_waddr_ex_o_tag + tcr_load_store/sd_o,0,414,0.0,0.0
regfile_alu_waddr_ex_o_tag + tpr_arith/sd_o,0,414,0.0,0.0
regfile_alu_waddr_ex_o_tag + tpr_branch/sd_o,0,414,0.0,0.0
regfile_alu_waddr_ex_o_tag + tpr_jump/sd_o,0,414,0.0,0.0
regfile_alu_waddr_ex_o_tag + tpr_shift/sd_o,0,414,0.0,0.0
regfile_alu_waddr_ex_o_tag + tpr_comparison/sd_o,0,414,0.0,0.0
regfile_alu_waddr_ex_o_tag + tpr_logical/sd_o,0,414,0.0,0.0
regfile_alu_waddr_ex_o_tag + tpr_load_store_mode/sd_o,0,414,0.0,0.0
regfile_alu_waddr_ex_o_tag + tpr_load_store_enable/sd_o,0,414,0.0,0.0
regfile_alu_waddr_ex_o_tag + tcr_arith/sd_o,0,414,0.0,0.0
regfile_alu_waddr_ex_o_tag + tcr_branch/sd_o,0,414,0.0,0.0
regfile_alu_waddr_ex_o_tag + tcr_jump/sd_o,0,414,0.0,0.0
csr_group12/sd_o + regfile_alu_waddr_ex_o_tag,0,414,0.0,0.0
csr_group13/sd_o + regfile_alu_waddr_ex_o_tag,0,414,0.0,0.0
csr_group14/sd_o + regfile_alu_waddr_ex_o_tag,0,414,0.0,0.0
csr_group15/sd_o + regfile_alu_waddr_ex_o_tag,0,414,0.0,0.0
csr_group16/sd_o + regfile_alu_waddr_ex_o_tag,0,414,0.0,0.0
csr_group17/sd_o + regfile_alu_waddr_ex_o_tag,0,414,0.0,0.0
csr_group18/sd_o + regfile_alu_waddr_ex_o_tag,0,414,0.0,0.0
csr_group19/sd_o + regfile_alu_waddr_ex_o_tag,0,414,0.0,0.0
csr_group20/sd_o + regfile_alu_waddr_ex_o_tag,0,414,0.0,0.0
lsu_group1/sd_o + regfile_alu_waddr_ex_o_tag,0,414,0.0,0.0
lsu_group2/sd_o + regfile_alu_waddr_ex_o_tag,0,414,0.0,0.0
lsu_group3/sd_o + regfile_alu_waddr_ex_o_tag,0,414,0.0,0.0
lsu_group4/sd_o + regfile_alu_waddr_ex_o_tag,0,414,0.0,0.0
lsu_group5/sd_o + regfile_alu_waddr_ex_o_tag,0,414,0.0,0.0
id_group0/sd_o + regfile_alu_waddr_ex_o_tag,0,414,0.0,0.0
id_group1/sd_o + regfile_alu_waddr_ex_o_tag,0,414,0.0,0.0
id_group2/sd_o + regfile_alu_waddr_ex_o_tag,0,414,0.0,0.0
id_group3/sd_o + regfile_alu_waddr_ex_o_tag,0,414,0.0,0.0
id_group4/sd_o + regfile_alu_waddr_ex_o_tag,0,414,0.0,0.0
id_group5/sd_o + regfile_alu_waddr_ex_o_tag,0,414,0.0,0.0
id_group6/sd_o + regfile_alu_waddr_ex_o_tag,0,414,0.0,0.0
id_group7/sd_o + regfile_alu_waddr_ex_o_tag,0,414,0.0,0.0
id_group8/sd_o + regfile_alu_waddr_ex_o_tag,0,414,0.0,0.0
id_group9/sd_o + regfile_alu_waddr_ex_o_tag,0,414,0.0,0.0
csr_group0/sd_o + regfile_alu_waddr_ex_o_tag,0,414,0.0,0.0
csr_group1/sd_o + regfile_alu_waddr_ex_o_tag,0,414,0.0,0.0
csr_group2/sd_o + regfile_alu_waddr_ex_o_tag,0,414,0.0,0.0
csr_group3/sd_o + regfile_alu_waddr_ex_o_tag,0,414,0.0,0.0
csr_group4/sd_o + regfile_alu_waddr_ex_o_tag,0,414,0.0,0.0
csr_group5/sd_o + regfile_alu_waddr_ex_o_tag,0,414,0.0,0.0
csr_group6/sd_o + regfile_alu_waddr_ex_o_tag,0,414,0.0,0.0
csr_group7/sd_o + regfile_alu_waddr_ex_o_tag,0,414,0.0,0.0
csr_group8/sd_o + regfile_alu_waddr_ex_o_tag,0,414,0.0,0.0
csr_group9/sd_o + regfile_alu_waddr_ex_o_tag,0,414,0.0,0.0
csr_group10/sd_o + regfile_alu_waddr_ex_o_tag,0,414,0.0,0.0
csr_group11/sd_o + regfile_alu_waddr_ex_o_tag,0,414,0.0,0.0
regfile_alu_waddr_ex_o_tag + sp_o_5,0,414,0.0,0.0
regfile_alu_waddr_ex_o_tag + sp_o_26,0,414,0.0,0.0
regfile_alu_waddr_ex_o_tag + sp_o_rf_tag,0,414,0.0,0.0
if_stage/sd_o + tcr_q,0,384,0.0,0.0
if_stage/sd_o + tpr_q,0,384,0.0,0.0
pc_if_o_tag/sd_o + tcr_q,0,384,0.0,0.0
pc_id_o_tag/sd_o + tcr_q,0,384,0.0,0.0
alu_operator_o_mode/sd_o + tcr_q,0,384,0.0,0.0
store_dest_addr_ex_o_tag/sd_o + tcr_q,0,384,0.0,0.0
store_source_ex_o_tag/sd_o + tcr_q,0,384,0.0,0.0
tcr_q + use_store_ops_ex_o/sd_o,0,384,0.0,0.0
alu_operand_a_ex_o_tag/sd_o + tcr_q,0,384,0.0,0.0
alu_operand_b_ex_o_tag/sd_o + tcr_q,0,384,0.0,0.0
alu_operand_c_ex_o_tag/sd_o + tcr_q,0,384,0.0,0.0
check_s1_o_tag/sd_o + tcr_q,0,384,0.0,0.0
check_s2_o_tag/sd_o + tcr_q,0,384,0.0,0.0
check_d_o_tag/sd_o + tcr_q,0,384,0.0,0.0
register_set_o_tag/sd_o + tcr_q,0,384,0.0,0.0
is_store_post_o_tag/sd_o + tcr_q,0,384,0.0,0.0
memory_set_o_tag/sd_o + tcr_q,0,384,0.0,0.0
rs1_o_tag/sd_o + tcr_q,0,384,0.0,0.0
data_we_q_tag/sd_o + tcr_q,0,384,0.0,0.0
rdata_offset_q_tag/sd_o + tcr_q,0,384,0.0,0.0
data_type_q_tag/sd_o + tcr_q,0,384,0.0,0.0
rdata_q_tag/sd_o + tcr_q,0,384,0.0,0.0
pc_if_o_tag/sd_o + tpr_q,0,384,0.0,0.0
pc_id_o_tag/sd_o + tpr_q,0,384,0.0,0.0
alu_operator_o_mode/sd_o + tpr_q,0,384,0.0,0.0
store_dest_addr_ex_o_tag/sd_o + tpr_q,0,384,0.0,0.0
store_source_ex_o_tag/sd_o + tpr_q,0,384,0.0,0.0
tpr_q + use_store_ops_ex_o/sd_o,0,384,0.0,0.0
alu_operand_a_ex_o_tag/sd_o + tpr_q,0,384,0.0,0.0
alu_operand_b_ex_o_tag/sd_o + tpr_q,0,384,0.0,0.0
alu_operand_c_ex_o_tag/sd_o + tpr_q,0,384,0.0,0.0
check_s1_o_tag/sd_o + tpr_q,0,384,0.0,0.0
check_s2_o_tag/sd_o + tpr_q,0,384,0.0,0.0
check_d_o_tag/sd_o + tpr_q,0,384,0.0,0.0
register_set_o_tag/sd_o + tpr_q,0,384,0.0,0.0
is_store_post_o_tag/sd_o + tpr_q,0,384,0.0,0.0
memory_set_o_tag/sd_o + tpr_q,0,384,0.0,0.0
rs1_o_tag/sd_o + tpr_q,0,384,0.0,0.0
data_we_q_tag/sd_o + tpr_q,0,384,0.0,0.0
rdata_offset_q_tag/sd_o + tpr_q,0,384,0.0,0.0
data_type_q_tag/sd_o + tpr_q,0,384,0.0,0.0
rdata_q_tag/sd_o + tpr_q,0,384,0.0,0.0
tcr_execute/sd_o + tcr_q,0,384,0.0,0.0
tcr_execute/sd_o + tpr_q,0,384,0.0,0.0
sp_o_32 + tcr_q,0,384,0.0,0.0
alu_operand_a_ex_o_tag + pc_id_o_tag,0,360,0.0,0.0
alu_operand_b_ex_o_tag + pc_id_o_tag,0,360,0.0,0.0
alu_operand_c_ex_o_tag + pc_id_o_tag,0,360,0.0,0.0
check_d_o_tag + pc_id_o_tag,0,360,0.0,0.0
check_s1_o_tag + pc_id_o_tag,0,360,0.0,0.0
check_s2_o_tag + pc_id_o_tag,0,360,0.0,0.0
is_store_post_o_tag + pc_id_o_tag,0,360,0.0,0.0
pc_id_o_tag + register_set_o_tag,0,360,0.0,0.0
pc_id_o_tag + store_dest_addr_ex_o_tag,0,360,0.0,0.0
pc_id_o_tag + store_source_ex_o_tag,0,360,0.0,0.0
pc_id_o_tag + use_store_ops_ex_o,0,360,0.0,0.0
pc_id_o_tag + rf_reg[0],0,360,0.0,0.0
pc_id_o_tag + rf_reg[2],0,360,0.0,0.0
pc_id_o_tag + rf_reg[3],0,360,0.0,0.0
pc_id_o_tag + rf_reg[4],0,360,0.0,0.0
pc_id_o_tag + rf_reg[5],0,360,0.0,0.0
pc_id_o_tag + rf_reg[6],0,360,0.0,0.0
pc_id_o_tag + rf_reg[7],0,360,0.0,0.0
pc_id_o_tag + rf_reg[8],0,360,0.0,0.0
pc_id_o_tag + rf_reg[9],0,360,0.0,0.0
pc_id_o_tag + rf_reg[10],0,360,0.0,0.0
pc_id_o_tag + rf_reg[11],0,360,0.0,0.0
pc_id_o_tag + rf_reg[12],0,360,0.0,0.0
pc_id_o_tag + rf_reg[13],0,360,0.0,0.0
pc_id_o_tag + rf_reg[14],0,360,0.0,0.0
pc_id_o_tag + rf_reg[15],0,360,0.0,0.0
pc_id_o_tag + rf_reg[16],0,360,0.0,0.0
pc_id_o_tag + rf_reg[17],0,360,0.0,0.0
pc_id_o_tag + rf_reg[18],0,360,0.0,0.0
pc_id_o_tag + rf_reg[19],0,360,0.0,0.0
pc_id_o_tag + rf_reg[20],0,360,0.0,0.0
pc_id_o_tag + rf_reg[21],0,360,0.0,0.0
pc_id_o_tag + rf_reg[22],0,360,0.0,0.0
pc_id_o_tag + rf_reg[23],0,360,0.0,0.0
pc_id_o_tag + rf_reg[24],0,360,0.0,0.0
pc_id_o_tag + rf_reg[25],0,360,0.0,0.0
pc_id_o_tag + rf_reg[26],0,360,0.0,0.0
pc_id_o_tag + rf_reg[27],0,360,0.0,0.0
pc_id_o_tag + rf_reg[28],0,360,0.0,0.0
pc_id_o_tag + rf_reg[29],0,360,0.0,0.0
pc_id_o_tag + rf_reg[30],0,360,0.0,0.0
pc_id_o_tag + rf_reg[31],0,360,0.0,0.0
data_we_q_tag + pc_id_o_tag,0,360,0.0,0.0
check_d_o_tag + check_s1_o_tag,0,360,0.0,0.0
check_d_o_tag + check_s2_o_tag,0,360,0.0,0.0
check_d_o_tag + is_store_post_o_tag,0,360,0.0,0.0
check_d_o_tag + register_set_o_tag,0,360,0.0,0.0
check_d_o_tag + store_dest_addr_ex_o_tag,0,360,0.0,0.0
check_d_o_tag + store_source_ex_o_tag,0,360,0.0,0.0
check_d_o_tag + use_store_ops_ex_o,0,360,0.0,0.0
check_d_o_tag + rf_reg[0],0,360,0.0,0.0
check_d_o_tag + rf_reg[2],0,360,0.0,0.0
check_d_o_tag + rf_reg[3],0,360,0.0,0.0
check_d_o_tag + rf_reg[4],0,360,0.0,0.0
check_d_o_tag + rf_reg[5],0,360,0.0,0.0
check_d_o_tag + rf_reg[6],0,360,0.0,0.0
check_d_o_tag + rf_reg[7],0,360,0.0,0.0
check_d_o_tag + rf_reg[8],0,360,0.0,0.0
check_d_o_tag + rf_reg[9],0,360,0.0,0.0
check_d_o_tag + rf_reg[10],0,360,0.0,0.0
check_d_o_tag + rf_reg[11],0,360,0.0,0.0
check_d_o_tag + rf_reg[12],0,360,0.0,0.0
check_d_o_tag + rf_reg[13],0,360,0.0,0.0
check_d_o_tag + rf_reg[14],0,360,0.0,0.0
check_d_o_tag + rf_reg[15],0,360,0.0,0.0
check_d_o_tag + rf_reg[16],0,360,0.0,0.0
check_d_o_tag + rf_reg[17],0,360,0.0,0.0
check_d_o_tag + rf_reg[18],0,360,0.0,0.0
check_d_o_tag + rf_reg[19],0,360,0.0,0.0
check_d_o_tag + rf_reg[20],0,360,0.0,0.0
check_d_o_tag + rf_reg[21],0,360,0.0,0.0
check_d_o_tag + rf_reg[22],0,360,0.0,0.0
check_d_o_tag + rf_reg[23],0,360,0.0,0.0
check_d_o_tag + rf_reg[24],0,360,0.0,0.0
check_d_o_tag + rf_reg[25],0,360,0.0,0.0
check_d_o_tag + rf_reg[26],0,360,0.0,0.0
check_d_o_tag + rf_reg[27],0,360,0.0,0.0
check_d_o_tag + rf_reg[28],0,360,0.0,0.0
check_d_o_tag + rf_reg[29],0,360,0.0,0.0
check_d_o_tag + rf_reg[30],0,360,0.0,0.0
check_d_o_tag + rf_reg[31],0,360,0.0,0.0
check_d_o_tag + rs1_o_tag,0,360,0.0,0.0
check_d_o_tag + data_we_q_tag,0,360,0.0,0.0
check_s1_o_tag + is_store_post_o_tag,0,360,0.0,0.0
check_s1_o_tag + register_set_o_tag,0,360,0.0,0.0
check_s1_o_tag + store_source_ex_o_tag,0,360,0.0,0.0
check_s1_o_tag + use_store_ops_ex_o,0,360,0.0,0.0
check_s1_o_tag + rf_reg[0],0,360,0.0,0.0
check_s1_o_tag + rf_reg[2],0,360,0.0,0.0
check_s1_o_tag + rf_reg[3],0,360,0.0,0.0
check_s1_o_tag + rf_reg[4],0,360,0.0,0.0
check_s1_o_tag + rf_reg[5],0,360,0.0,0.0
check_s1_o_tag + rf_reg[6],0,360,0.0,0.0
check_s1_o_tag + rf_reg[7],0,360,0.0,0.0
check_s1_o_tag + rf_reg[8],0,360,0.0,0.0
check_s1_o_tag + rf_reg[9],0,360,0.0,0.0
check_s1_o_tag + rf_reg[10],0,360,0.0,0.0
check_s1_o_tag + rf_reg[11],0,360,0.0,0.0
check_s1_o_tag + rf_reg[12],0,360,0.0,0.0
check_s1_o_tag + rf_reg[13],0,360,0.0,0.0
check_s1_o_tag + rf_reg[14],0,360,0.0,0.0
check_s1_o_tag + rf_reg[15],0,360,0.0,0.0
check_s1_o_tag + rf_reg[16],0,360,0.0,0.0
check_s1_o_tag + rf_reg[17],0,360,0.0,0.0
check_s1_o_tag + rf_reg[18],0,360,0.0,0.0
check_s1_o_tag + rf_reg[19],0,360,0.0,0.0
check_s1_o_tag + rf_reg[20],0,360,0.0,0.0
check_s1_o_tag + rf_reg[21],0,360,0.0,0.0
check_s1_o_tag + rf_reg[22],0,360,0.0,0.0
check_s1_o_tag + rf_reg[23],0,360,0.0,0.0
check_s1_o_tag + rf_reg[24],0,360,0.0,0.0
check_s1_o_tag + rf_reg[25],0,360,0.0,0.0
check_s1_o_tag + rf_reg[26],0,360,0.0,0.0
check_s1_o_tag + rf_reg[27],0,360,0.0,0.0
check_s1_o_tag + rf_reg[28],0,360,0.0,0.0
check_s1_o_tag + rf_reg[29],0,360,0.0,0.0
check_s1_o_tag + rf_reg[30],0,360,0.0,0.0
check_s1_o_tag + rf_reg[31],0,360,0.0,0.0
check_s1_o_tag + rs1_o_tag,0,360,0.0,0.0
check_s1_o_tag + data_we_q_tag,0,360,0.0,0.0
check_s2_o_tag + is_store_post_o_tag,0,360,0.0,0.0
check_s2_o_tag + register_set_o_tag,0,360,0.0,0.0
check_s2_o_tag + store_dest_addr_ex_o_tag,0,360,0.0,0.0
check_s2_o_tag + store_source_ex_o_tag,0,360,0.0,0.0
check_s2_o_tag + use_store_ops_ex_o,0,360,0.0,0.0
check_s2_o_tag + rf_reg[0],0,360,0.0,0.0
check_s2_o_tag + rf_reg[2],0,360,0.0,0.0
check_s2_o_tag + rf_reg[3],0,360,0.0,0.0
check_s2_o_tag + rf_reg[4],0,360,0.0,0.0
check_s2_o_tag + rf_reg[5],0,360,0.0,0.0
check_s2_o_tag + rf_reg[6],0,360,0.0,0.0
check_s2_o_tag + rf_reg[7],0,360,0.0,0.0
check_s2_o_tag + rf_reg[8],0,360,0.0,0.0
check_s2_o_tag + rf_reg[9],0,360,0.0,0.0
check_s2_o_tag + rf_reg[10],0,360,0.0,0.0
check_s2_o_tag + rf_reg[11],0,360,0.0,0.0
check_s2_o_tag + rf_reg[12],0,360,0.0,0.0
check_s2_o_tag + rf_reg[13],0,360,0.0,0.0
check_s2_o_tag + rf_reg[14],0,360,0.0,0.0
check_s2_o_tag + rf_reg[15],0,360,0.0,0.0
check_s2_o_tag + rf_reg[16],0,360,0.0,0.0
check_s2_o_tag + rf_reg[17],0,360,0.0,0.0
check_s2_o_tag + rf_reg[18],0,360,0.0,0.0
check_s2_o_tag + rf_reg[19],0,360,0.0,0.0
check_s2_o_tag + rf_reg[20],0,360,0.0,0.0
check_s2_o_tag + rf_reg[21],0,360,0.0,0.0
check_s2_o_tag + rf_reg[22],0,360,0.0,0.0
check_s2_o_tag + rf_reg[23],0,360,0.0,0.0
check_s2_o_tag + rf_reg[24],0,360,0.0,0.0
check_s2_o_tag + rf_reg[25],0,360,0.0,0.0
check_s2_o_tag + rf_reg[26],0,360,0.0,0.0
check_s2_o_tag + rf_reg[27],0,360,0.0,0.0
check_s2_o_tag + rf_reg[28],0,360,0.0,0.0
check_s2_o_tag + rf_reg[29],0,360,0.0,0.0
check_s2_o_tag + rf_reg[30],0,360,0.0,0.0
check_s2_o_tag + rf_reg[31],0,360,0.0,0.0
check_s2_o_tag + rs1_o_tag,0,360,0.0,0.0
check_s2_o_tag + data_we_q_tag,0,360,0.0,0.0
is_store_post_o_tag + store_dest_addr_ex_o_tag,0,360,0.0,0.0
is_store_post_o_tag + store_source_ex_o_tag,0,360,0.0,0.0
is_store_post_o_tag + use_store_ops_ex_o,0,360,0.0,0.0
is_store_post_o_tag + rf_reg[0],0,360,0.0,0.0
is_store_post_o_tag + rf_reg[2],0,360,0.0,0.0
is_store_post_o_tag + rf_reg[3],0,360,0.0,0.0
is_store_post_o_tag + rf_reg[4],0,360,0.0,0.0
is_store_post_o_tag + rf_reg[5],0,360,0.0,0.0
is_store_post_o_tag + rf_reg[6],0,360,0.0,0.0
is_store_post_o_tag + rf_reg[7],0,360,0.0,0.0
is_store_post_o_tag + rf_reg[8],0,360,0.0,0.0
is_store_post_o_tag + rf_reg[9],0,360,0.0,0.0
is_store_post_o_tag + rf_reg[10],0,360,0.0,0.0
is_store_post_o_tag + rf_reg[11],0,360,0.0,0.0
is_store_post_o_tag + rf_reg[12],0,360,0.0,0.0
is_store_post_o_tag + rf_reg[13],0,360,0.0,0.0
is_store_post_o_tag + rf_reg[14],0,360,0.0,0.0
is_store_post_o_tag + rf_reg[15],0,360,0.0,0.0
is_store_post_o_tag + rf_reg[16],0,360,0.0,0.0
is_store_post_o_tag + rf_reg[17],0,360,0.0,0.0
is_store_post_o_tag + rf_reg[18],0,360,0.0,0.0
is_store_post_o_tag + rf_reg[19],0,360,0.0,0.0
is_store_post_o_tag + rf_reg[20],0,360,0.0,0.0
is_store_post_o_tag + rf_reg[21],0,360,0.0,0.0
is_store_post_o_tag + rf_reg[22],0,360,0.0,0.0
is_store_post_o_tag + rf_reg[23],0,360,0.0,0.0
is_store_post_o_tag + rf_reg[24],0,360,0.0,0.0
is_store_post_o_tag + rf_reg[25],0,360,0.0,0.0
is_store_post_o_tag + rf_reg[26],0,360,0.0,0.0
is_store_post_o_tag + rf_reg[27],0,360,0.0,0.0
is_store_post_o_tag + rf_reg[28],0,360,0.0,0.0
is_store_post_o_tag + rf_reg[29],0,360,0.0,0.0
is_store_post_o_tag + rf_reg[30],0,360,0.0,0.0
is_store_post_o_tag + rf_reg[31],0,360,0.0,0.0
is_store_post_o_tag + rs1_o_tag,0,360,0.0,0.0
data_we_q_tag + is_store_post_o_tag,0,360,0.0,0.0
alu_operand_a_ex_o_tag + alu_operand_b_ex_o_tag,0,360,0.0,0.0
alu_operand_a_ex_o_tag + alu_operand_c_ex_o_tag,0,360,0.0,0.0
alu_operand_a_ex_o_tag + check_d_o_tag,0,360,0.0,0.0
alu_operand_a_ex_o_tag + check_s1_o_tag,0,360,0.0,0.0
alu_operand_a_ex_o_tag + check_s2_o_tag,0,360,0.0,0.0
alu_operand_a_ex_o_tag + is_store_post_o_tag,0,360,0.0,0.0
alu_operand_a_ex_o_tag + register_set_o_tag,0,360,0.0,0.0
alu_operand_a_ex_o_tag + store_dest_addr_ex_o_tag,0,360,0.0,0.0
alu_operand_a_ex_o_tag + store_source_ex_o_tag,0,360,0.0,0.0
alu_operand_a_ex_o_tag + use_store_ops_ex_o,0,360,0.0,0.0
alu_operand_a_ex_o_tag + rf_reg[0],0,360,0.0,0.0
alu_operand_a_ex_o_tag + rf_reg[2],0,360,0.0,0.0
alu_operand_a_ex_o_tag + rf_reg[3],0,360,0.0,0.0
alu_operand_a_ex_o_tag + rf_reg[4],0,360,0.0,0.0
alu_operand_a_ex_o_tag + rf_reg[5],0,360,0.0,0.0
register_set_o_tag + store_dest_addr_ex_o_tag,0,360,0.0,0.0
register_set_o_tag + store_source_ex_o_tag,0,360,0.0,0.0
register_set_o_tag + use_store_ops_ex_o,0,360,0.0,0.0
register_set_o_tag + rf_reg[0],0,360,0.0,0.0
register_set_o_tag + rf_reg[2],0,360,0.0,0.0
register_set_o_tag + rf_reg[3],0,360,0.0,0.0
register_set_o_tag + rf_reg[4],0,360,0.0,0.0
register_set_o_tag + rf_reg[5],0,360,0.0,0.0
register_set_o_tag + rf_reg[6],0,360,0.0,0.0
register_set_o_tag + rf_reg[7],0,360,0.0,0.0
register_set_o_tag + rf_reg[8],0,360,0.0,0.0
register_set_o_tag + rf_reg[9],0,360,0.0,0.0
register_set_o_tag + rf_reg[10],0,360,0.0,0.0
register_set_o_tag + rf_reg[11],0,360,0.0,0.0
register_set_o_tag + rf_reg[12],0,360,0.0,0.0
register_set_o_tag + rf_reg[13],0,360,0.0,0.0
register_set_o_tag + rf_reg[14],0,360,0.0,0.0
register_set_o_tag + rf_reg[15],0,360,0.0,0.0
register_set_o_tag + rf_reg[16],0,360,0.0,0.0
register_set_o_tag + rf_reg[17],0,360,0.0,0.0
register_set_o_tag + rf_reg[18],0,360,0.0,0.0
register_set_o_tag + rf_reg[19],0,360,0.0,0.0
register_set_o_tag + rf_reg[20],0,360,0.0,0.0
register_set_o_tag + rf_reg[21],0,360,0.0,0.0
register_set_o_tag + rf_reg[22],0,360,0.0,0.0
register_set_o_tag + rf_reg[23],0,360,0.0,0.0
register_set_o_tag + rf_reg[24],0,360,0.0,0.0
register_set_o_tag + rf_reg[25],0,360,0.0,0.0
register_set_o_tag + rf_reg[26],0,360,0.0,0.0
register_set_o_tag + rf_reg[27],0,360,0.0,0.0
register_set_o_tag + rf_reg[28],0,360,0.0,0.0
register_set_o_tag + rf_reg[29],0,360,0.0,0.0
register_set_o_tag + rf_reg[30],0,360,0.0,0.0
register_set_o_tag + rf_reg[31],0,360,0.0,0.0
register_set_o_tag + rs1_o_tag,0,360,0.0,0.0
data_we_q_tag + register_set_o_tag,0,360,0.0,0.0
store_dest_addr_ex_o_tag + use_store_ops_ex_o,0,360,0.0,0.0
rf_reg[0] + store_dest_addr_ex_o_tag,0,360,0.0,0.0
rf_reg[2] + store_dest_addr_ex_o_tag,0,360,0.0,0.0
rf_reg[3] + store_dest_addr_ex_o_tag,0,360,0.0,0.0
rf_reg[4] + store_dest_addr_ex_o_tag,0,360,0.0,0.0
rf_reg[5] + store_dest_addr_ex_o_tag,0,360,0.0,0.0
rf_reg[6] + store_dest_addr_ex_o_tag,0,360,0.0,0.0
rf_reg[7] + store_dest_addr_ex_o_tag,0,360,0.0,0.0
rf_reg[8] + store_dest_addr_ex_o_tag,0,360,0.0,0.0
rf_reg[9] + store_dest_addr_ex_o_tag,0,360,0.0,0.0
rf_reg[10] + store_dest_addr_ex_o_tag,0,360,0.0,0.0
rf_reg[11] + store_dest_addr_ex_o_tag,0,360,0.0,0.0
rf_reg[12] + store_dest_addr_ex_o_tag,0,360,0.0,0.0
rf_reg[13] + store_dest_addr_ex_o_tag,0,360,0.0,0.0
rf_reg[14] + store_dest_addr_ex_o_tag,0,360,0.0,0.0
rf_reg[15] + store_dest_addr_ex_o_tag,0,360,0.0,0.0
rf_reg[16] + store_dest_addr_ex_o_tag,0,360,0.0,0.0
rf_reg[17] + store_dest_addr_ex_o_tag,0,360,0.0,0.0
rf_reg[18] + store_dest_addr_ex_o_tag,0,360,0.0,0.0
rf_reg[19] + store_dest_addr_ex_o_tag,0,360,0.0,0.0
rf_reg[20] + store_dest_addr_ex_o_tag,0,360,0.0,0.0
rf_reg[21] + store_dest_addr_ex_o_tag,0,360,0.0,0.0
rf_reg[22] + store_dest_addr_ex_o_tag,0,360,0.0,0.0
rf_reg[23] + store_dest_addr_ex_o_tag,0,360,0.0,0.0
rf_reg[24] + store_dest_addr_ex_o_tag,0,360,0.0,0.0
rf_reg[25] + store_dest_addr_ex_o_tag,0,360,0.0,0.0
rf_reg[26] + store_dest_addr_ex_o_tag,0,360,0.0,0.0
rf_reg[27] + store_dest_addr_ex_o_tag,0,360,0.0,0.0
rf_reg[28] + store_dest_addr_ex_o_tag,0,360,0.0,0.0
rf_reg[29] + store_dest_addr_ex_o_tag,0,360,0.0,0.0
rf_reg[30] + store_dest_addr_ex_o_tag,0,360,0.0,0.0
rf_reg[31] + store_dest_addr_ex_o_tag,0,360,0.0,0.0
rs1_o_tag + store_dest_addr_ex_o_tag,0,360,0.0,0.0
data_we_q_tag + store_dest_addr_ex_o_tag,0,360,0.0,0.0
store_source_ex_o_tag + use_store_ops_ex_o,0,360,0.0,0.0
rf_reg[0] + store_source_ex_o_tag,0,360,0.0,0.0
rf_reg[2] + store_source_ex_o_tag,0,360,0.0,0.0
rf_reg[3] + store_source_ex_o_tag,0,360,0.0,0.0
rf_reg[4] + store_source_ex_o_tag,0,360,0.0,0.0
rf_reg[5] + store_source_ex_o_tag,0,360,0.0,0.0
rf_reg[6] + store_source_ex_o_tag,0,360,0.0,0.0
rf_reg[7] + store_source_ex_o_tag,0,360,0.0,0.0
rf_reg[8] + store_source_ex_o_tag,0,360,0.0,0.0
rf_reg[9] + store_source_ex_o_tag,0,360,0.0,0.0
rf_reg[10] + store_source_ex_o_tag,0,360,0.0,0.0
rf_reg[11] + store_source_ex_o_tag,0,360,0.0,0.0
rf_reg[12] + store_source_ex_o_tag,0,360,0.0,0.0
rf_reg[13] + store_source_ex_o_tag,0,360,0.0,0.0
rf_reg[14] + store_source_ex_o_tag,0,360,0.0,0.0
rf_reg[15] + store_source_ex_o_tag,0,360,0.0,0.0
rf_reg[16] + store_source_ex_o_tag,0,360,0.0,0.0
rf_reg[17] + store_source_ex_o_tag,0,360,0.0,0.0
rf_reg[18] + store_source_ex_o_tag,0,360,0.0,0.0
rf_reg[19] + store_source_ex_o_tag,0,360,0.0,0.0
rf_reg[20] + store_source_ex_o_tag,0,360,0.0,0.0
rf_reg[21] + store_source_ex_o_tag,0,360,0.0,0.0
rf_reg[22] + store_source_ex_o_tag,0,360,0.0,0.0
rf_reg[23] + store_source_ex_o_tag,0,360,0.0,0.0
rf_reg[24] + store_source_ex_o_tag,0,360,0.0,0.0
rf_reg[25] + store_source_ex_o_tag,0,360,0.0,0.0
rf_reg[26] + store_source_ex_o_tag,0,360,0.0,0.0
rf_reg[27] + store_source_ex_o_tag,0,360,0.0,0.0
rf_reg[28] + store_source_ex_o_tag,0,360,0.0,0.0
rf_reg[29] + store_source_ex_o_tag,0,360,0.0,0.0
rf_reg[30] + store_source_ex_o_tag,0,360,0.0,0.0
rf_reg[31] + store_source_ex_o_tag,0,360,0.0,0.0
rs1_o_tag + store_source_ex_o_tag,0,360,0.0,0.0
data_we_q_tag + store_source_ex_o_tag,0,360,0.0,0.0
alu_operand_a_ex_o_tag + rf_reg[6],0,360,0.0,0.0
alu_operand_a_ex_o_tag + rf_reg[7],0,360,0.0,0.0
alu_operand_a_ex_o_tag + rf_reg[8],0,360,0.0,0.0
alu_operand_a_ex_o_tag + rf_reg[9],0,360,0.0,0.0
alu_operand_a_ex_o_tag + rf_reg[10],0,360,0.0,0.0
alu_operand_a_ex_o_tag + rf_reg[11],0,360,0.0,0.0
alu_operand_a_ex_o_tag + rf_reg[12],0,360,0.0,0.0
alu_operand_a_ex_o_tag + rf_reg[13],0,360,0.0,0.0
alu_operand_a_ex_o_tag + rf_reg[14],0,360,0.0,0.0
alu_operand_a_ex_o_tag + rf_reg[15],0,360,0.0,0.0
alu_operand_a_ex_o_tag + rf_reg[16],0,360,0.0,0.0
alu_operand_a_ex_o_tag + rf_reg[17],0,360,0.0,0.0
alu_operand_a_ex_o_tag + rf_reg[18],0,360,0.0,0.0
alu_operand_a_ex_o_tag + rf_reg[19],0,360,0.0,0.0
alu_operand_a_ex_o_tag + rf_reg[20],0,360,0.0,0.0
alu_operand_a_ex_o_tag + rf_reg[21],0,360,0.0,0.0
alu_operand_a_ex_o_tag + rf_reg[22],0,360,0.0,0.0
alu_operand_a_ex_o_tag + rf_reg[23],0,360,0.0,0.0
alu_operand_a_ex_o_tag + rf_reg[24],0,360,0.0,0.0
alu_operand_a_ex_o_tag + rf_reg[25],0,360,0.0,0.0
alu_operand_a_ex_o_tag + rf_reg[26],0,360,0.0,0.0
alu_operand_a_ex_o_tag + rf_reg[27],0,360,0.0,0.0
alu_operand_a_ex_o_tag + rf_reg[28],0,360,0.0,0.0
alu_operand_a_ex_o_tag + rf_reg[29],0,360,0.0,0.0
alu_operand_a_ex_o_tag + rf_reg[30],0,360,0.0,0.0
alu_operand_a_ex_o_tag + rf_reg[31],0,360,0.0,0.0
alu_operand_a_ex_o_tag + rs1_o_tag,0,360,0.0,0.0
alu_operand_a_ex_o_tag + data_we_q_tag,0,360,0.0,0.0
rf_reg[0] + use_store_ops_ex_o,0,360,0.0,0.0
rf_reg[2] + use_store_ops_ex_o,0,360,0.0,0.0
rf_reg[3] + use_store_ops_ex_o,0,360,0.0,0.0
rf_reg[4] + use_store_ops_ex_o,0,360,0.0,0.0
rf_reg[5] + use_store_ops_ex_o,0,360,0.0,0.0
rf_reg[6] + use_store_ops_ex_o,0,360,0.0,0.0
rf_reg[7] + use_store_ops_ex_o,0,360,0.0,0.0
rf_reg[8] + use_store_ops_ex_o,0,360,0.0,0.0
rf_reg[9] + use_store_ops_ex_o,0,360,0.0,0.0
rf_reg[10] + use_store_ops_ex_o,0,360,0.0,0.0
rf_reg[11] + use_store_ops_ex_o,0,360,0.0,0.0
rf_reg[12] + use_store_ops_ex_o,0,360,0.0,0.0
rf_reg[13] + use_store_ops_ex_o,0,360,0.0,0.0
rf_reg[14] + use_store_ops_ex_o,0,360,0.0,0.0
rf_reg[15] + use_store_ops_ex_o,0,360,0.0,0.0
rf_reg[16] + use_store_ops_ex_o,0,360,0.0,0.0
rf_reg[17] + use_store_ops_ex_o,0,360,0.0,0.0
rf_reg[18] + use_store_ops_ex_o,0,360,0.0,0.0
rf_reg[19] + use_store_ops_ex_o,0,360,0.0,0.0
rf_reg[20] + use_store_ops_ex_o,0,360,0.0,0.0
rf_reg[21] + use_store_ops_ex_o,0,360,0.0,0.0
rf_reg[22] + use_store_ops_ex_o,0,360,0.0,0.0
rf_reg[23] + use_store_ops_ex_o,0,360,0.0,0.0
rf_reg[24] + use_store_ops_ex_o,0,360,0.0,0.0
rf_reg[25] + use_store_ops_ex_o,0,360,0.0,0.0
rf_reg[26] + use_store_ops_ex_o,0,360,0.0,0.0
rf_reg[27] + use_store_ops_ex_o,0,360,0.0,0.0
rf_reg[28] + use_store_ops_ex_o,0,360,0.0,0.0
rf_reg[29] + use_store_ops_ex_o,0,360,0.0,0.0
rf_reg[30] + use_store_ops_ex_o,0,360,0.0,0.0
rf_reg[31] + use_store_ops_ex_o,0,360,0.0,0.0
rs1_o_tag + use_store_ops_ex_o,0,360,0.0,0.0
data_we_q_tag + use_store_ops_ex_o,0,360,0.0,0.0
rf_reg[0] + rf_reg[2],0,360,0.0,0.0
rf_reg[0] + rf_reg[3],0,360,0.0,0.0
rf_reg[0] + rf_reg[4],0,360,0.0,0.0
rf_reg[0] + rf_reg[5],0,360,0.0,0.0
rf_reg[0] + rf_reg[6],0,360,0.0,0.0
rf_reg[0] + rf_reg[7],0,360,0.0,0.0
rf_reg[0] + rf_reg[8],0,360,0.0,0.0
rf_reg[0] + rf_reg[9],0,360,0.0,0.0
rf_reg[0] + rf_reg[10],0,360,0.0,0.0
rf_reg[0] + rf_reg[11],0,360,0.0,0.0
rf_reg[0] + rf_reg[12],0,360,0.0,0.0
rf_reg[0] + rf_reg[13],0,360,0.0,0.0
rf_reg[0] + rf_reg[14],0,360,0.0,0.0
rf_reg[0] + rf_reg[15],0,360,0.0,0.0
rf_reg[0] + rf_reg[16],0,360,0.0,0.0
rf_reg[0] + rf_reg[17],0,360,0.0,0.0
rf_reg[0] + rf_reg[18],0,360,0.0,0.0
rf_reg[0] + rf_reg[19],0,360,0.0,0.0
rf_reg[0] + rf_reg[20],0,360,0.0,0.0
rf_reg[0] + rf_reg[21],0,360,0.0,0.0
rf_reg[0] + rf_reg[22],0,360,0.0,0.0
rf_reg[0] + rf_reg[23],0,360,0.0,0.0
rf_reg[0] + rf_reg[24],0,360,0.0,0.0
rf_reg[0] + rf_reg[25],0,360,0.0,0.0
rf_reg[0] + rf_reg[26],0,360,0.0,0.0
rf_reg[0] + rf_reg[27],0,360,0.0,0.0
rf_reg[0] + rf_reg[28],0,360,0.0,0.0
rf_reg[0] + rf_reg[29],0,360,0.0,0.0
rf_reg[0] + rf_reg[30],0,360,0.0,0.0
rf_reg[0] + rf_reg[31],0,360,0.0,0.0
rf_reg[0] + rs1_o_tag,0,360,0.0,0.0
data_we_q_tag + rf_reg[0],0,360,0.0,0.0
rf_reg[2] + rf_reg[3],0,360,0.0,0.0
rf_reg[2] + rf_reg[4],0,360,0.0,0.0
rf_reg[2] + rf_reg[5],0,360,0.0,0.0
rf_reg[2] + rf_reg[6],0,360,0.0,0.0
rf_reg[2] + rf_reg[7],0,360,0.0,0.0
rf_reg[2] + rf_reg[8],0,360,0.0,0.0
rf_reg[2] + rf_reg[9],0,360,0.0,0.0
rf_reg[10] + rf_reg[2],0,360,0.0,0.0
rf_reg[11] + rf_reg[2],0,360,0.0,0.0
rf_reg[12] + rf_reg[2],0,360,0.0,0.0
rf_reg[13] + rf_reg[2],0,360,0.0,0.0
rf_reg[14] + rf_reg[2],0,360,0.0,0.0
rf_reg[15] + rf_reg[2],0,360,0.0,0.0
rf_reg[16] + rf_reg[2],0,360,0.0,0.0
rf_reg[17] + rf_reg[2],0,360,0.0,0.0
rf_reg[18] + rf_reg[2],0,360,0.0,0.0
rf_reg[19] + rf_reg[2],0,360,0.0,0.0
rf_reg[20] + rf_reg[2],0,360,0.0,0.0
rf_reg[21] + rf_reg[2],0,360,0.0,0.0
rf_reg[22] + rf_reg[2],0,360,0.0,0.0
rf_reg[23] + rf_reg[2],0,360,0.0,0.0
rf_reg[24] + rf_reg[2],0,360,0.0,0.0
rf_reg[25] + rf_reg[2],0,360,0.0,0.0
rf_reg[26] + rf_reg[2],0,360,0.0,0.0
rf_reg[27] + rf_reg[2],0,360,0.0,0.0
rf_reg[28] + rf_reg[2],0,360,0.0,0.0
rf_reg[29] + rf_reg[2],0,360,0.0,0.0
rf_reg[2] + rf_reg[30],0,360,0.0,0.0
rf_reg[2] + rf_reg[31],0,360,0.0,0.0
rf_reg[2] + rs1_o_tag,0,360,0.0,0.0
data_we_q_tag + rf_reg[2],0,360,0.0,0.0
rf_reg[3] + rf_reg[4],0,360,0.0,0.0
rf_reg[3] + rf_reg[5],0,360,0.0,0.0
rf_reg[3] + rf_reg[6],0,360,0.0,0.0
rf_reg[3] + rf_reg[7],0,360,0.0,0.0
rf_reg[3] + rf_reg[8],0,360,0.0,0.0
rf_reg[3] + rf_reg[9],0,360,0.0,0.0
rf_reg[10] + rf_reg[3],0,360,0.0,0.0
rf_reg[11] + rf_reg[3],0,360,0.0,0.0
rf_reg[12] + rf_reg[3],0,360,0.0,0.0
rf_reg[13] + rf_reg[3],0,360,0.0,0.0
rf_reg[14] + rf_reg[3],0,360,0.0,0.0
rf_reg[15] + rf_reg[3],0,360,0.0,0.0
rf_reg[16] + rf_reg[3],0,360,0.0,0.0
rf_reg[17] + rf_reg[3],0,360,0.0,0.0
rf_reg[18] + rf_reg[3],0,360,0.0,0.0
rf_reg[19] + rf_reg[3],0,360,0.0,0.0
rf_reg[20] + rf_reg[3],0,360,0.0,0.0
rf_reg[21] + rf_reg[3],0,360,0.0,0.0
rf_reg[22] + rf_reg[3],0,360,0.0,0.0
rf_reg[23] + rf_reg[3],0,360,0.0,0.0
rf_reg[24] + rf_reg[3],0,360,0.0,0.0
rf_reg[25] + rf_reg[3],0,360,0.0,0.0
rf_reg[26] + rf_reg[3],0,360,0.0,0.0
rf_reg[27] + rf_reg[3],0,360,0.0,0.0
rf_reg[28] + rf_reg[3],0,360,0.0,0.0
rf_reg[29] + rf_reg[3],0,360,0.0,0.0
rf_reg[30] + rf_reg[3],0,360,0.0,0.0
rf_reg[31] + rf_reg[3],0,360,0.0,0.0
rf_reg[3] + rs1_o_tag,0,360,0.0,0.0
data_we_q_tag + rf_reg[3],0,360,0.0,0.0
rf_reg[4] + rf_reg[5],0,360,0.0,0.0
rf_reg[4] + rf_reg[6],0,360,0.0,0.0
rf_reg[4] + rf_reg[8],0,360,0.0,0.0
rf_reg[4] + rf_reg[9],0,360,0.0,0.0
rf_reg[10] + rf_reg[4],0,360,0.0,0.0
rf_reg[11] + rf_reg[4],0,360,0.0,0.0
rf_reg[12] + rf_reg[4],0,360,0.0,0.0
rf_reg[13] + rf_reg[4],0,360,0.0,0.0
rf_reg[14] + rf_reg[4],0,360,0.0,0.0
rf_reg[15] + rf_reg[4],0,360,0.0,0.0
rf_reg[16] + rf_reg[4],0,360,0.0,0.0
rf_reg[17] + rf_reg[4],0,360,0.0,0.0
rf_reg[18] + rf_reg[4],0,360,0.0,0.0
rf_reg[19] + rf_reg[4],0,360,0.0,0.0
rf_reg[20] + rf_reg[4],0,360,0.0,0.0
rf_reg[21] + rf_reg[4],0,360,0.0,0.0
rf_reg[22] + rf_reg[4],0,360,0.0,0.0
rf_reg[23] + rf_reg[4],0,360,0.0,0.0
rf_reg[24] + rf_reg[4],0,360,0.0,0.0
rf_reg[25] + rf_reg[4],0,360,0.0,0.0
rf_reg[26] + rf_reg[4],0,360,0.0,0.0
rf_reg[27] + rf_reg[4],0,360,0.0,0.0
rf_reg[28] + rf_reg[4],0,360,0.0,0.0
rf_reg[29] + rf_reg[4],0,360,0.0,0.0
rf_reg[30] + rf_reg[4],0,360,0.0,0.0
rf_reg[31] + rf_reg[4],0,360,0.0,0.0
rf_reg[4] + rs1_o_tag,0,360,0.0,0.0
data_we_q_tag + rf_reg[4],0,360,0.0,0.0
rf_reg[5] + rf_reg[6],0,360,0.0,0.0
rf_reg[5] + rf_reg[7],0,360,0.0,0.0
rf_reg[5] + rf_reg[8],0,360,0.0,0.0
rf_reg[5] + rf_reg[9],0,360,0.0,0.0
rf_reg[11] + rf_reg[5],0,360,0.0,0.0
rf_reg[12] + rf_reg[5],0,360,0.0,0.0
rf_reg[13] + rf_reg[5],0,360,0.0,0.0
rf_reg[14] + rf_reg[5],0,360,0.0,0.0
rf_reg[15] + rf_reg[5],0,360,0.0,0.0
rf_reg[16] + rf_reg[5],0,360,0.0,0.0
rf_reg[17] + rf_reg[5],0,360,0.0,0.0
rf_reg[18] + rf_reg[5],0,360,0.0,0.0
rf_reg[19] + rf_reg[5],0,360,0.0,0.0
rf_reg[20] + rf_reg[5],0,360,0.0,0.0
rf_reg[21] + rf_reg[5],0,360,0.0,0.0
rf_reg[22] + rf_reg[5],0,360,0.0,0.0
rf_reg[23] + rf_reg[5],0,360,0.0,0.0
rf_reg[24] + rf_reg[5],0,360,0.0,0.0
rf_reg[25] + rf_reg[5],0,360,0.0,0.0
rf_reg[26] + rf_reg[5],0,360,0.0,0.0
rf_reg[27] + rf_reg[5],0,360,0.0,0.0
rf_reg[28] + rf_reg[5],0,360,0.0,0.0
rf_reg[29] + rf_reg[5],0,360,0.0,0.0
rf_reg[30] + rf_reg[5],0,360,0.0,0.0
rf_reg[31] + rf_reg[5],0,360,0.0,0.0
rf_reg[5] + rs1_o_tag,0,360,0.0,0.0
data_we_q_tag + rf_reg[5],0,360,0.0,0.0
alu_operand_b_ex_o_tag + check_d_o_tag,0,360,0.0,0.0
alu_operand_b_ex_o_tag + check_s1_o_tag,0,360,0.0,0.0
alu_operand_b_ex_o_tag + check_s2_o_tag,0,360,0.0,0.0
alu_operand_b_ex_o_tag + is_store_post_o_tag,0,360,0.0,0.0
alu_operand_b_ex_o_tag + register_set_o_tag,0,360,0.0,0.0
alu_operand_b_ex_o_tag + store_dest_addr_ex_o_tag,0,360,0.0,0.0
alu_operand_b_ex_o_tag + store_source_ex_o_tag,0,360,0.0,0.0
alu_operand_b_ex_o_tag + use_store_ops_ex_o,0,360,0.0,0.0
alu_operand_b_ex_o_tag + rf_reg[0],0,360,0.0,0.0
alu_operand_b_ex_o_tag + rf_reg[2],0,360,0.0,0.0
alu_operand_b_ex_o_tag + rf_reg[3],0,360,0.0,0.0
alu_operand_b_ex_o_tag + rf_reg[4],0,360,0.0,0.0
alu_operand_b_ex_o_tag + rf_reg[5],0,360,0.0,0.0
alu_operand_b_ex_o_tag + rf_reg[6],0,360,0.0,0.0
alu_operand_b_ex_o_tag + rf_reg[7],0,360,0.0,0.0
alu_operand_b_ex_o_tag + rf_reg[8],0,360,0.0,0.0
alu_operand_b_ex_o_tag + rf_reg[9],0,360,0.0,0.0
alu_operand_b_ex_o_tag + rf_reg[10],0,360,0.0,0.0
alu_operand_b_ex_o_tag + rf_reg[11],0,360,0.0,0.0
alu_operand_b_ex_o_tag + rf_reg[12],0,360,0.0,0.0
alu_operand_b_ex_o_tag + rf_reg[13],0,360,0.0,0.0
alu_operand_b_ex_o_tag + rf_reg[14],0,360,0.0,0.0
alu_operand_b_ex_o_tag + rf_reg[15],0,360,0.0,0.0
alu_operand_b_ex_o_tag + rf_reg[16],0,360,0.0,0.0
alu_operand_b_ex_o_tag + rf_reg[17],0,360,0.0,0.0
alu_operand_b_ex_o_tag + rf_reg[18],0,360,0.0,0.0
alu_operand_b_ex_o_tag + rf_reg[19],0,360,0.0,0.0
alu_operand_b_ex_o_tag + rf_reg[20],0,360,0.0,0.0
alu_operand_b_ex_o_tag + rf_reg[21],0,360,0.0,0.0
alu_operand_b_ex_o_tag + rf_reg[22],0,360,0.0,0.0
alu_operand_b_ex_o_tag + rf_reg[23],0,360,0.0,0.0
alu_operand_b_ex_o_tag + rf_reg[24],0,360,0.0,0.0
rf_reg[6] + rf_reg[7],0,360,0.0,0.0
rf_reg[6] + rf_reg[8],0,360,0.0,0.0
rf_reg[10] + rf_reg[6],0,360,0.0,0.0
rf_reg[11] + rf_reg[6],0,360,0.0,0.0
rf_reg[12] + rf_reg[6],0,360,0.0,0.0
rf_reg[13] + rf_reg[6],0,360,0.0,0.0
rf_reg[14] + rf_reg[6],0,360,0.0,0.0
rf_reg[15] + rf_reg[6],0,360,0.0,0.0
rf_reg[16] + rf_reg[6],0,360,0.0,0.0
rf_reg[17] + rf_reg[6],0,360,0.0,0.0
rf_reg[18] + rf_reg[6],0,360,0.0,0.0
rf_reg[19] + rf_reg[6],0,360,0.0,0.0
rf_reg[20] + rf_reg[6],0,360,0.0,0.0
rf_reg[21] + rf_reg[6],0,360,0.0,0.0
rf_reg[22] + rf_reg[6],0,360,0.0,0.0
rf_reg[23] + rf_reg[6],0,360,0.0,0.0
rf_reg[24] + rf_reg[6],0,360,0.0,0.0
rf_reg[25] + rf_reg[6],0,360,0.0,0.0
rf_reg[26] + rf_reg[6],0,360,0.0,0.0
rf_reg[27] + rf_reg[6],0,360,0.0,0.0
rf_reg[28] + rf_reg[6],0,360,0.0,0.0
rf_reg[29] + rf_reg[6],0,360,0.0,0.0
rf_reg[30] + rf_reg[6],0,360,0.0,0.0
rf_reg[31] + rf_reg[6],0,360,0.0,0.0
rf_reg[6] + rs1_o_tag,0,360,0.0,0.0
data_we_q_tag + rf_reg[6],0,360,0.0,0.0
rf_reg[7] + rf_reg[8],0,360,0.0,0.0
rf_reg[7] + rf_reg[9],0,360,0.0,0.0
rf_reg[10] + rf_reg[7],0,360,0.0,0.0
rf_reg[11] + rf_reg[7],0,360,0.0,0.0
rf_reg[12] + rf_reg[7],0,360,0.0,0.0
rf_reg[13] + rf_reg[7],0,360,0.0,0.0
rf_reg[14] + rf_reg[7],0,360,0.0,0.0
rf_reg[15] + rf_reg[7],0,360,0.0,0.0
rf_reg[16] + rf_reg[7],0,360,0.0,0.0
rf_reg[17] + rf_reg[7],0,360,0.0,0.0
rf_reg[18] + rf_reg[7],0,360,0.0,0.0
rf_reg[19] + rf_reg[7],0,360,0.0,0.0
rf_reg[20] + rf_reg[7],0,360,0.0,0.0
rf_reg[21] + rf_reg[7],0,360,0.0,0.0
rf_reg[22] + rf_reg[7],0,360,0.0,0.0
rf_reg[23] + rf_reg[7],0,360,0.0,0.0
rf_reg[24] + rf_reg[7],0,360,0.0,0.0
rf_reg[25] + rf_reg[7],0,360,0.0,0.0
rf_reg[26] + rf_reg[7],0,360,0.0,0.0
rf_reg[27] + rf_reg[7],0,360,0.0,0.0
rf_reg[28] + rf_reg[7],0,360,0.0,0.0
rf_reg[29] + rf_reg[7],0,360,0.0,0.0
rf_reg[30] + rf_reg[7],0,360,0.0,0.0
rf_reg[31] + rf_reg[7],0,360,0.0,0.0
rf_reg[7] + rs1_o_tag,0,360,0.0,0.0
data_we_q_tag + rf_reg[7],0,360,0.0,0.0
rf_reg[8] + rf_reg[9],0,360,0.0,0.0
rf_reg[10] + rf_reg[8],0,360,0.0,0.0
rf_reg[11] + rf_reg[8],0,360,0.0,0.0
rf_reg[12] + rf_reg[8],0,360,0.0,0.0
rf_reg[13] + rf_reg[8],0,360,0.0,0.0
rf_reg[14] + rf_reg[8],0,360,0.0,0.0
rf_reg[15] + rf_reg[8],0,360,0.0,0.0
rf_reg[16] + rf_reg[8],0,360,0.0,0.0
rf_reg[17] + rf_reg[8],0,360,0.0,0.0
rf_reg[18] + rf_reg[8],0,360,0.0,0.0
rf_reg[19] + rf_reg[8],0,360,0.0,0.0
rf_reg[20] + rf_reg[8],0,360,0.0,0.0
rf_reg[21] + rf_reg[8],0,360,0.0,0.0
rf_reg[22] + rf_reg[8],0,360,0.0,0.0
rf_reg[23] + rf_reg[8],0,360,0.0,0.0
rf_reg[24] + rf_reg[8],0,360,0.0,0.0
rf_reg[25] + rf_reg[8],0,360,0.0,0.0
rf_reg[26] + rf_reg[8],0,360,0.0,0.0
rf_reg[27] + rf_reg[8],0,360,0.0,0.0
rf_reg[28] + rf_reg[8],0,360,0.0,0.0
rf_reg[29] + rf_reg[8],0,360,0.0,0.0
rf_reg[30] + rf_reg[8],0,360,0.0,0.0
rf_reg[31] + rf_reg[8],0,360,0.0,0.0
rf_reg[8] + rs1_o_tag,0,360,0.0,0.0
data_we_q_tag + rf_reg[8],0,360,0.0,0.0
rf_reg[10] + rf_reg[9],0,360,0.0,0.0
rf_reg[11] + rf_reg[9],0,360,0.0,0.0
rf_reg[12] + rf_reg[9],0,360,0.0,0.0
rf_reg[13] + rf_reg[9],0,360,0.0,0.0
rf_reg[14] + rf_reg[9],0,360,0.0,0.0
rf_reg[15] + rf_reg[9],0,360,0.0,0.0
rf_reg[16] + rf_reg[9],0,360,0.0,0.0
rf_reg[17] + rf_reg[9],0,360,0.0,0.0
rf_reg[18] + rf_reg[9],0,360,0.0,0.0
rf_reg[19] + rf_reg[9],0,360,0.0,0.0
rf_reg[20] + rf_reg[9],0,360,0.0,0.0
rf_reg[21] + rf_reg[9],0,360,0.0,0.0
rf_reg[22] + rf_reg[9],0,360,0.0,0.0
rf_reg[23] + rf_reg[9],0,360,0.0,0.0
rf_reg[24] + rf_reg[9],0,360,0.0,0.0
rf_reg[25] + rf_reg[9],0,360,0.0,0.0
rf_reg[26] + rf_reg[9],0,360,0.0,0.0
rf_reg[27] + rf_reg[9],0,360,0.0,0.0
rf_reg[28] + rf_reg[9],0,360,0.0,0.0
rf_reg[29] + rf_reg[9],0,360,0.0,0.0
rf_reg[30] + rf_reg[9],0,360,0.0,0.0
rf_reg[31] + rf_reg[9],0,360,0.0,0.0
rf_reg[9] + rs1_o_tag,0,360,0.0,0.0
data_we_q_tag + rf_reg[9],0,360,0.0,0.0
rf_reg[10] + rf_reg[11],0,360,0.0,0.0
rf_reg[10] + rf_reg[12],0,360,0.0,0.0
rf_reg[10] + rf_reg[13],0,360,0.0,0.0
rf_reg[10] + rf_reg[14],0,360,0.0,0.0
rf_reg[10] + rf_reg[15],0,360,0.0,0.0
rf_reg[10] + rf_reg[16],0,360,0.0,0.0
rf_reg[10] + rf_reg[17],0,360,0.0,0.0
rf_reg[10] + rf_reg[18],0,360,0.0,0.0
rf_reg[10] + rf_reg[19],0,360,0.0,0.0
rf_reg[10] + rf_reg[20],0,360,0.0,0.0
rf_reg[10] + rf_reg[21],0,360,0.0,0.0
rf_reg[10] + rf_reg[22],0,360,0.0,0.0
rf_reg[10] + rf_reg[23],0,360,0.0,0.0
rf_reg[10] + rf_reg[24],0,360,0.0,0.0
rf_reg[10] + rf_reg[25],0,360,0.0,0.0
rf_reg[10] + rf_reg[26],0,360,0.0,0.0
rf_reg[10] + rf_reg[27],0,360,0.0,0.0
rf_reg[10] + rf_reg[28],0,360,0.0,0.0
rf_reg[10] + rf_reg[29],0,360,0.0,0.0
rf_reg[10] + rf_reg[30],0,360,0.0,0.0
rf_reg[10] + rf_reg[31],0,360,0.0,0.0
rf_reg[10] + rs1_o_tag,0,360,0.0,0.0
data_we_q_tag + rf_reg[10],0,360,0.0,0.0
rf_reg[11] + rf_reg[12],0,360,0.0,0.0
rf_reg[11] + rf_reg[13],0,360,0.0,0.0
rf_reg[11] + rf_reg[15],0,360,0.0,0.0
rf_reg[11] + rf_reg[16],0,360,0.0,0.0
rf_reg[11] + rf_reg[17],0,360,0.0,0.0
rf_reg[11] + rf_reg[18],0,360,0.0,0.0
rf_reg[11] + rf_reg[19],0,360,0.0,0.0
rf_reg[11] + rf_reg[20],0,360,0.0,0.0
rf_reg[11] + rf_reg[21],0,360,0.0,0.0
rf_reg[11] + rf_reg[22],0,360,0.0,0.0
rf_reg[11] + rf_reg[23],0,360,0.0,0.0
rf_reg[11] + rf_reg[24],0,360,0.0,0.0
rf_reg[11] + rf_reg[25],0,360,0.0,0.0
rf_reg[11] + rf_reg[26],0,360,0.0,0.0
rf_reg[11] + rf_reg[27],0,360,0.0,0.0
rf_reg[11] + rf_reg[28],0,360,0.0,0.0
rf_reg[11] + rf_reg[29],0,360,0.0,0.0
rf_reg[11] + rf_reg[30],0,360,0.0,0.0
rf_reg[11] + rf_reg[31],0,360,0.0,0.0
rf_reg[11] + rs1_o_tag,0,360,0.0,0.0
data_we_q_tag + rf_reg[11],0,360,0.0,0.0
rf_reg[12] + rf_reg[13],0,360,0.0,0.0
rf_reg[12] + rf_reg[14],0,360,0.0,0.0
rf_reg[12] + rf_reg[15],0,360,0.0,0.0
rf_reg[12] + rf_reg[16],0,360,0.0,0.0
rf_reg[12] + rf_reg[18],0,360,0.0,0.0
rf_reg[12] + rf_reg[19],0,360,0.0,0.0
rf_reg[12] + rf_reg[20],0,360,0.0,0.0
rf_reg[12] + rf_reg[21],0,360,0.0,0.0
rf_reg[12] + rf_reg[22],0,360,0.0,0.0
rf_reg[12] + rf_reg[23],0,360,0.0,0.0
rf_reg[12] + rf_reg[24],0,360,0.0,0.0
rf_reg[12] + rf_reg[25],0,360,0.0,0.0
rf_reg[12] + rf_reg[26],0,360,0.0,0.0
rf_reg[12] + rf_reg[27],0,360,0.0,0.0
rf_reg[12] + rf_reg[28],0,360,0.0,0.0
rf_reg[12] + rf_reg[29],0,360,0.0,0.0
rf_reg[12] + rf_reg[30],0,360,0.0,0.0
rf_reg[12] + rf_reg[31],0,360,0.0,0.0
rf_reg[12] + rs1_o_tag,0,360,0.0,0.0
data_we_q_tag + rf_reg[12],0,360,0.0,0.0
alu_operand_b_ex_o_tag + rf_reg[25],0,360,0.0,0.0
alu_operand_b_ex_o_tag + rf_reg[26],0,360,0.0,0.0
alu_operand_b_ex_o_tag + rf_reg[27],0,360,0.0,0.0
alu_operand_b_ex_o_tag + rf_reg[28],0,360,0.0,0.0
alu_operand_b_ex_o_tag + rf_reg[29],0,360,0.0,0.0
alu_operand_b_ex_o_tag + rf_reg[30],0,360,0.0,0.0
alu_operand_b_ex_o_tag + rf_reg[31],0,360,0.0,0.0
alu_operand_b_ex_o_tag + rs1_o_tag,0,360,0.0,0.0
alu_operand_b_ex_o_tag + data_we_q_tag,0,360,0.0,0.0
rf_reg[13] + rf_reg[14],0,360,0.0,0.0
rf_reg[13] + rf_reg[15],0,360,0.0,0.0
rf_reg[13] + rf_reg[17],0,360,0.0,0.0
rf_reg[13] + rf_reg[18],0,360,0.0,0.0
rf_reg[13] + rf_reg[19],0,360,0.0,0.0
rf_reg[13] + rf_reg[20],0,360,0.0,0.0
rf_reg[13] + rf_reg[21],0,360,0.0,0.0
rf_reg[13] + rf_reg[22],0,360,0.0,0.0
rf_reg[13] + rf_reg[23],0,360,0.0,0.0
rf_reg[13] + rf_reg[24],0,360,0.0,0.0
rf_reg[13] + rf_reg[25],0,360,0.0,0.0
rf_reg[13] + rf_reg[26],0,360,0.0,0.0
rf_reg[13] + rf_reg[27],0,360,0.0,0.0
rf_reg[13] + rf_reg[28],0,360,0.0,0.0
rf_reg[13] + rf_reg[29],0,360,0.0,0.0
rf_reg[13] + rf_reg[30],0,360,0.0,0.0
rf_reg[13] + rf_reg[31],0,360,0.0,0.0
rf_reg[13] + rs1_o_tag,0,360,0.0,0.0
data_we_q_tag + rf_reg[13],0,360,0.0,0.0
rf_reg[14] + rf_reg[15],0,360,0.0,0.0
rf_reg[14] + rf_reg[16],0,360,0.0,0.0
rf_reg[14] + rf_reg[17],0,360,0.0,0.0
rf_reg[14] + rf_reg[18],0,360,0.0,0.0
rf_reg[14] + rf_reg[19],0,360,0.0,0.0
rf_reg[14] + rf_reg[20],0,360,0.0,0.0
rf_reg[14] + rf_reg[21],0,360,0.0,0.0
rf_reg[14] + rf_reg[22],0,360,0.0,0.0
rf_reg[14] + rf_reg[23],0,360,0.0,0.0
rf_reg[14] + rf_reg[24],0,360,0.0,0.0
rf_reg[14] + rf_reg[25],0,360,0.0,0.0
rf_reg[14] + rf_reg[26],0,360,0.0,0.0
rf_reg[14] + rf_reg[27],0,360,0.0,0.0
rf_reg[14] + rf_reg[28],0,360,0.0,0.0
rf_reg[14] + rf_reg[29],0,360,0.0,0.0
rf_reg[14] + rf_reg[30],0,360,0.0,0.0
rf_reg[14] + rf_reg[31],0,360,0.0,0.0
rf_reg[14] + rs1_o_tag,0,360,0.0,0.0
data_we_q_tag + rf_reg[14],0,360,0.0,0.0
rf_reg[15] + rf_reg[16],0,360,0.0,0.0
rf_reg[15] + rf_reg[17],0,360,0.0,0.0
rf_reg[15] + rf_reg[18],0,360,0.0,0.0
rf_reg[15] + rf_reg[19],0,360,0.0,0.0
rf_reg[15] + rf_reg[20],0,360,0.0,0.0
rf_reg[15] + rf_reg[21],0,360,0.0,0.0
rf_reg[15] + rf_reg[22],0,360,0.0,0.0
rf_reg[15] + rf_reg[23],0,360,0.0,0.0
rf_reg[15] + rf_reg[24],0,360,0.0,0.0
rf_reg[15] + rf_reg[25],0,360,0.0,0.0
rf_reg[15] + rf_reg[26],0,360,0.0,0.0
rf_reg[15] + rf_reg[27],0,360,0.0,0.0
rf_reg[15] + rf_reg[28],0,360,0.0,0.0
rf_reg[15] + rf_reg[29],0,360,0.0,0.0
rf_reg[15] + rf_reg[30],0,360,0.0,0.0
rf_reg[15] + rf_reg[31],0,360,0.0,0.0
rf_reg[15] + rs1_o_tag,0,360,0.0,0.0
data_we_q_tag + rf_reg[15],0,360,0.0,0.0
rf_reg[16] + rf_reg[17],0,360,0.0,0.0
rf_reg[16] + rf_reg[18],0,360,0.0,0.0
rf_reg[16] + rf_reg[19],0,360,0.0,0.0
rf_reg[16] + rf_reg[20],0,360,0.0,0.0
rf_reg[16] + rf_reg[21],0,360,0.0,0.0
rf_reg[16] + rf_reg[22],0,360,0.0,0.0
rf_reg[16] + rf_reg[23],0,360,0.0,0.0
rf_reg[16] + rf_reg[24],0,360,0.0,0.0
rf_reg[16] + rf_reg[25],0,360,0.0,0.0
rf_reg[16] + rf_reg[26],0,360,0.0,0.0
rf_reg[16] + rf_reg[27],0,360,0.0,0.0
rf_reg[16] + rf_reg[28],0,360,0.0,0.0
rf_reg[16] + rf_reg[29],0,360,0.0,0.0
rf_reg[16] + rf_reg[30],0,360,0.0,0.0
rf_reg[16] + rf_reg[31],0,360,0.0,0.0
rf_reg[16] + rs1_o_tag,0,360,0.0,0.0
data_we_q_tag + rf_reg[16],0,360,0.0,0.0
rf_reg[17] + rf_reg[18],0,360,0.0,0.0
rf_reg[17] + rf_reg[19],0,360,0.0,0.0
rf_reg[17] + rf_reg[20],0,360,0.0,0.0
rf_reg[17] + rf_reg[21],0,360,0.0,0.0
rf_reg[17] + rf_reg[22],0,360,0.0,0.0
rf_reg[17] + rf_reg[23],0,360,0.0,0.0
rf_reg[17] + rf_reg[24],0,360,0.0,0.0
rf_reg[17] + rf_reg[25],0,360,0.0,0.0
rf_reg[17] + rf_reg[26],0,360,0.0,0.0
rf_reg[17] + rf_reg[27],0,360,0.0,0.0
rf_reg[17] + rf_reg[28],0,360,0.0,0.0
rf_reg[17] + rf_reg[29],0,360,0.0,0.0
rf_reg[17] + rf_reg[30],0,360,0.0,0.0
rf_reg[17] + rf_reg[31],0,360,0.0,0.0
rf_reg[17] + rs1_o_tag,0,360,0.0,0.0
data_we_q_tag + rf_reg[17],0,360,0.0,0.0
rf_reg[18] + rf_reg[19],0,360,0.0,0.0
rf_reg[18] + rf_reg[20],0,360,0.0,0.0
rf_reg[18] + rf_reg[21],0,360,0.0,0.0
rf_reg[18] + rf_reg[22],0,360,0.0,0.0
rf_reg[18] + rf_reg[24],0,360,0.0,0.0
rf_reg[18] + rf_reg[25],0,360,0.0,0.0
rf_reg[18] + rf_reg[26],0,360,0.0,0.0
rf_reg[18] + rf_reg[27],0,360,0.0,0.0
rf_reg[18] + rf_reg[28],0,360,0.0,0.0
rf_reg[18] + rf_reg[29],0,360,0.0,0.0
rf_reg[18] + rf_reg[30],0,360,0.0,0.0
rf_reg[18] + rf_reg[31],0,360,0.0,0.0
rf_reg[18] + rs1_o_tag,0,360,0.0,0.0
data_we_q_tag + rf_reg[18],0,360,0.0,0.0
rf_reg[19] + rf_reg[20],0,360,0.0,0.0
rf_reg[19] + rf_reg[21],0,360,0.0,0.0
rf_reg[19] + rf_reg[23],0,360,0.0,0.0
rf_reg[19] + rf_reg[24],0,360,0.0,0.0
rf_reg[19] + rf_reg[25],0,360,0.0,0.0
rf_reg[19] + rf_reg[26],0,360,0.0,0.0
rf_reg[19] + rf_reg[27],0,360,0.0,0.0
rf_reg[19] + rf_reg[28],0,360,0.0,0.0
rf_reg[19] + rf_reg[29],0,360,0.0,0.0
rf_reg[19] + rf_reg[30],0,360,0.0,0.0
rf_reg[19] + rf_reg[31],0,360,0.0,0.0
rf_reg[19] + rs1_o_tag,0,360,0.0,0.0
data_we_q_tag + rf_reg[19],0,360,0.0,0.0
rf_reg[20] + rf_reg[21],0,360,0.0,0.0
rf_reg[20] + rf_reg[22],0,360,0.0,0.0
rf_reg[20] + rf_reg[23],0,360,0.0,0.0
rf_reg[20] + rf_reg[24],0,360,0.0,0.0
rf_reg[20] + rf_reg[26],0,360,0.0,0.0
rf_reg[20] + rf_reg[27],0,360,0.0,0.0
rf_reg[20] + rf_reg[28],0,360,0.0,0.0
rf_reg[20] + rf_reg[29],0,360,0.0,0.0
rf_reg[20] + rf_reg[30],0,360,0.0,0.0
rf_reg[20] + rf_reg[31],0,360,0.0,0.0
rf_reg[20] + rs1_o_tag,0,360,0.0,0.0
data_we_q_tag + rf_reg[20],0,360,0.0,0.0
alu_operand_c_ex_o_tag + check_d_o_tag,0,360,0.0,0.0
alu_operand_c_ex_o_tag + check_s1_o_tag,0,360,0.0,0.0
alu_operand_c_ex_o_tag + check_s2_o_tag,0,360,0.0,0.0
alu_operand_c_ex_o_tag + is_store_post_o_tag,0,360,0.0,0.0
alu_operand_c_ex_o_tag + register_set_o_tag,0,360,0.0,0.0
alu_operand_c_ex_o_tag + store_dest_addr_ex_o_tag,0,360,0.0,0.0
alu_operand_c_ex_o_tag + store_source_ex_o_tag,0,360,0.0,0.0
alu_operand_c_ex_o_tag + use_store_ops_ex_o,0,360,0.0,0.0
alu_operand_c_ex_o_tag + rf_reg[0],0,360,0.0,0.0
alu_operand_c_ex_o_tag + rf_reg[2],0,360,0.0,0.0
alu_operand_c_ex_o_tag + rf_reg[3],0,360,0.0,0.0
alu_operand_c_ex_o_tag + rf_reg[4],0,360,0.0,0.0
alu_operand_c_ex_o_tag + rf_reg[5],0,360,0.0,0.0
alu_operand_c_ex_o_tag + rf_reg[6],0,360,0.0,0.0
alu_operand_c_ex_o_tag + rf_reg[7],0,360,0.0,0.0
alu_operand_c_ex_o_tag + rf_reg[8],0,360,0.0,0.0
alu_operand_c_ex_o_tag + rf_reg[9],0,360,0.0,0.0
alu_operand_c_ex_o_tag + rf_reg[10],0,360,0.0,0.0
alu_operand_c_ex_o_tag + rf_reg[11],0,360,0.0,0.0
alu_operand_c_ex_o_tag + rf_reg[12],0,360,0.0,0.0
alu_operand_c_ex_o_tag + rf_reg[13],0,360,0.0,0.0
alu_operand_c_ex_o_tag + rf_reg[14],0,360,0.0,0.0
alu_operand_c_ex_o_tag + rf_reg[15],0,360,0.0,0.0
alu_operand_c_ex_o_tag + rf_reg[16],0,360,0.0,0.0
alu_operand_c_ex_o_tag + rf_reg[17],0,360,0.0,0.0
alu_operand_c_ex_o_tag + rf_reg[18],0,360,0.0,0.0
alu_operand_c_ex_o_tag + rf_reg[19],0,360,0.0,0.0
alu_operand_c_ex_o_tag + rf_reg[20],0,360,0.0,0.0
alu_operand_c_ex_o_tag + rf_reg[21],0,360,0.0,0.0
alu_operand_c_ex_o_tag + rf_reg[22],0,360,0.0,0.0
alu_operand_c_ex_o_tag + rf_reg[23],0,360,0.0,0.0
alu_operand_c_ex_o_tag + rf_reg[24],0,360,0.0,0.0
alu_operand_c_ex_o_tag + rf_reg[25],0,360,0.0,0.0
alu_operand_c_ex_o_tag + rf_reg[26],0,360,0.0,0.0
alu_operand_c_ex_o_tag + rf_reg[27],0,360,0.0,0.0
alu_operand_c_ex_o_tag + rf_reg[28],0,360,0.0,0.0
alu_operand_c_ex_o_tag + rf_reg[29],0,360,0.0,0.0
alu_operand_c_ex_o_tag + rf_reg[30],0,360,0.0,0.0
alu_operand_c_ex_o_tag + rf_reg[31],0,360,0.0,0.0
alu_operand_c_ex_o_tag + rs1_o_tag,0,360,0.0,0.0
alu_operand_c_ex_o_tag + data_we_q_tag,0,360,0.0,0.0
rf_reg[21] + rf_reg[22],0,360,0.0,0.0
rf_reg[21] + rf_reg[23],0,360,0.0,0.0
rf_reg[21] + rf_reg[25],0,360,0.0,0.0
rf_reg[21] + rf_reg[26],0,360,0.0,0.0
rf_reg[21] + rf_reg[27],0,360,0.0,0.0
rf_reg[21] + rf_reg[28],0,360,0.0,0.0
rf_reg[21] + rf_reg[29],0,360,0.0,0.0
rf_reg[21] + rf_reg[30],0,360,0.0,0.0
rf_reg[21] + rf_reg[31],0,360,0.0,0.0
rf_reg[21] + rs1_o_tag,0,360,0.0,0.0
data_we_q_tag + rf_reg[21],0,360,0.0,0.0
rf_reg[22] + rf_reg[23],0,360,0.0,0.0
rf_reg[22] + rf_reg[24],0,360,0.0,0.0
rf_reg[22] + rf_reg[25],0,360,0.0,0.0
rf_reg[22] + rf_reg[26],0,360,0.0,0.0
rf_reg[22] + rf_reg[27],0,360,0.0,0.0
rf_reg[22] + rf_reg[28],0,360,0.0,0.0
rf_reg[22] + rf_reg[29],0,360,0.0,0.0
rf_reg[22] + rf_reg[30],0,360,0.0,0.0
rf_reg[22] + rf_reg[31],0,360,0.0,0.0
rf_reg[22] + rs1_o_tag,0,360,0.0,0.0
data_we_q_tag + rf_reg[22],0,360,0.0,0.0
rf_reg[23] + rf_reg[24],0,360,0.0,0.0
rf_reg[23] + rf_reg[25],0,360,0.0,0.0
rf_reg[23] + rf_reg[26],0,360,0.0,0.0
rf_reg[23] + rf_reg[27],0,360,0.0,0.0
rf_reg[23] + rf_reg[28],0,360,0.0,0.0
rf_reg[23] + rf_reg[29],0,360,0.0,0.0
rf_reg[23] + rf_reg[30],0,360,0.0,0.0
rf_reg[23] + rf_reg[31],0,360,0.0,0.0
rf_reg[23] + rs1_o_tag,0,360,0.0,0.0
data_we_q_tag + rf_reg[23],0,360,0.0,0.0
rf_reg[24] + rf_reg[25],0,360,0.0,0.0
rf_reg[24] + rf_reg[26],0,360,0.0,0.0
rf_reg[24] + rf_reg[27],0,360,0.0,0.0
rf_reg[24] + rf_reg[28],0,360,0.0,0.0
rf_reg[24] + rf_reg[29],0,360,0.0,0.0
rf_reg[24] + rf_reg[30],0,360,0.0,0.0
rf_reg[24] + rf_reg[31],0,360,0.0,0.0
rf_reg[24] + rs1_o_tag,0,360,0.0,0.0
data_we_q_tag + rf_reg[24],0,360,0.0,0.0
rf_reg[25] + rf_reg[26],0,360,0.0,0.0
rf_reg[25] + rf_reg[27],0,360,0.0,0.0
rf_reg[25] + rf_reg[28],0,360,0.0,0.0
rf_reg[25] + rf_reg[29],0,360,0.0,0.0
rf_reg[25] + rf_reg[30],0,360,0.0,0.0
rf_reg[25] + rf_reg[31],0,360,0.0,0.0
rf_reg[25] + rs1_o_tag,0,360,0.0,0.0
data_we_q_tag + rf_reg[25],0,360,0.0,0.0
rf_reg[26] + rf_reg[27],0,360,0.0,0.0
rf_reg[26] + rf_reg[28],0,360,0.0,0.0
rf_reg[26] + rf_reg[30],0,360,0.0,0.0
rf_reg[26] + rf_reg[31],0,360,0.0,0.0
rf_reg[26] + rs1_o_tag,0,360,0.0,0.0
data_we_q_tag + rf_reg[26],0,360,0.0,0.0
rf_reg[27] + rf_reg[28],0,360,0.0,0.0
rf_reg[27] + rf_reg[29],0,360,0.0,0.0
rf_reg[27] + rf_reg[30],0,360,0.0,0.0
rf_reg[27] + rf_reg[31],0,360,0.0,0.0
rf_reg[27] + rs1_o_tag,0,360,0.0,0.0
data_we_q_tag + rf_reg[27],0,360,0.0,0.0
rf_reg[28] + rf_reg[29],0,360,0.0,0.0
rf_reg[28] + rf_reg[30],0,360,0.0,0.0
rf_reg[28] + rs1_o_tag,0,360,0.0,0.0
data_we_q_tag + rf_reg[28],0,360,0.0,0.0
rf_reg[29] + rf_reg[30],0,360,0.0,0.0
rf_reg[29] + rf_reg[31],0,360,0.0,0.0
rf_reg[29] + rs1_o_tag,0,360,0.0,0.0
data_we_q_tag + rf_reg[29],0,360,0.0,0.0
rf_reg[30] + rf_reg[31],0,360,0.0,0.0
rf_reg[30] + rs1_o_tag,0,360,0.0,0.0
data_we_q_tag + rf_reg[30],0,360,0.0,0.0
rf_reg[31] + rs1_o_tag,0,360,0.0,0.0
data_we_q_tag + rf_reg[31],0,360,0.0,0.0
data_we_q_tag + rs1_o_tag,0,360,0.0,0.0
data_type_q_tag + sd_o_rf_tag,0,300,0.0,0.0
rdata_offset_q_tag + sd_o_rf_tag,0,300,0.0,0.0
alu_operator_o_mode + sd_o_rf_tag,0,300,0.0,0.0
data_type_q_tag + ex_stage/hc_o,0,240,0.0,0.0
ex_stage/hc_o + rdata_offset_q_tag,0,240,0.0,0.0
alu_operator_o_mode + ex_stage/hc_o,0,240,0.0,0.0
data_we_q_tag/hc_o + rf_reg[4],0,240,0.0,0.0
pc_id_o_tag/hc_o + rf_reg[5],0,240,0.0,0.0
rf_reg[5] + store_dest_addr_ex_o_tag/hc_o,0,240,0.0,0.0
rf_reg[5] + store_source_ex_o_tag/hc_o,0,240,0.0,0.0
rf_reg[5] + use_store_ops_ex_o/hc_o,0,240,0.0,0.0
alu_operand_a_ex_o_tag/hc_o + rf_reg[5],0,240,0.0,0.0
alu_operand_b_ex_o_tag/hc_o + rf_reg[5],0,240,0.0,0.0
alu_operand_c_ex_o_tag/hc_o + rf_reg[5],0,240,0.0,0.0
check_s1_o_tag/hc_o + rf_reg[5],0,240,0.0,0.0
check_s2_o_tag/hc_o + rf_reg[5],0,240,0.0,0.0
check_d_o_tag/hc_o + rf_reg[5],0,240,0.0,0.0
register_set_o_tag/hc_o + rf_reg[5],0,240,0.0,0.0
is_store_post_o_tag/hc_o + rf_reg[5],0,240,0.0,0.0
rf_reg[5] + rs1_o_tag/hc_o,0,240,0.0,0.0
data_we_q_tag/hc_o + rf_reg[5],0,240,0.0,0.0
pc_id_o_tag/hc_o + rf_reg[6],0,240,0.0,0.0
rf_reg[6] + store_dest_addr_ex_o_tag/hc_o,0,240,0.0,0.0
rf_reg[6] + store_source_ex_o_tag/hc_o,0,240,0.0,0.0
rf_reg[6] + use_store_ops_ex_o/hc_o,0,240,0.0,0.0
alu_operand_a_ex_o_tag/hc_o + rf_reg[6],0,240,0.0,0.0
alu_operand_b_ex_o_tag/hc_o + rf_reg[6],0,240,0.0,0.0
alu_operand_c_ex_o_tag/hc_o + rf_reg[6],0,240,0.0,0.0
check_s1_o_tag/hc_o + rf_reg[6],0,240,0.0,0.0
check_s2_o_tag/hc_o + rf_reg[6],0,240,0.0,0.0
check_d_o_tag/hc_o + rf_reg[6],0,240,0.0,0.0
register_set_o_tag/hc_o + rf_reg[6],0,240,0.0,0.0
is_store_post_o_tag/hc_o + rf_reg[6],0,240,0.0,0.0
rf_reg[6] + rs1_o_tag/hc_o,0,240,0.0,0.0
data_we_q_tag/hc_o + rf_reg[6],0,240,0.0,0.0
pc_id_o_tag/hc_o + rf_reg[7],0,240,0.0,0.0
rf_reg[7] + store_dest_addr_ex_o_tag/hc_o,0,240,0.0,0.0
rf_reg[7] + store_source_ex_o_tag/hc_o,0,240,0.0,0.0
rf_reg[7] + use_store_ops_ex_o/hc_o,0,240,0.0,0.0
alu_operand_a_ex_o_tag/hc_o + rf_reg[7],0,240,0.0,0.0
alu_operand_b_ex_o_tag/hc_o + rf_reg[7],0,240,0.0,0.0
alu_operand_c_ex_o_tag/hc_o + rf_reg[7],0,240,0.0,0.0
check_s1_o_tag/hc_o + rf_reg[7],0,240,0.0,0.0
check_s2_o_tag/hc_o + rf_reg[7],0,240,0.0,0.0
check_d_o_tag/hc_o + rf_reg[7],0,240,0.0,0.0
register_set_o_tag/hc_o + rf_reg[7],0,240,0.0,0.0
is_store_post_o_tag/hc_o + rf_reg[7],0,240,0.0,0.0
rf_reg[7] + rs1_o_tag/hc_o,0,240,0.0,0.0
data_we_q_tag/hc_o + rf_reg[7],0,240,0.0,0.0
pc_id_o_tag/hc_o + rf_reg[8],0,240,0.0,0.0
rf_reg[8] + store_dest_addr_ex_o_tag/hc_o,0,240,0.0,0.0
rf_reg[8] + store_source_ex_o_tag/hc_o,0,240,0.0,0.0
rf_reg[8] + use_store_ops_ex_o/hc_o,0,240,0.0,0.0
alu_operand_a_ex_o_tag/hc_o + rf_reg[8],0,240,0.0,0.0
alu_operand_b_ex_o_tag/hc_o + rf_reg[8],0,240,0.0,0.0
alu_operand_c_ex_o_tag/hc_o + rf_reg[8],0,240,0.0,0.0
check_s1_o_tag/hc_o + rf_reg[8],0,240,0.0,0.0
check_s2_o_tag/hc_o + rf_reg[8],0,240,0.0,0.0
check_d_o_tag/hc_o + rf_reg[8],0,240,0.0,0.0
register_set_o_tag/hc_o + rf_reg[8],0,240,0.0,0.0
is_store_post_o_tag/hc_o + rf_reg[8],0,240,0.0,0.0
rf_reg[8] + rs1_o_tag/hc_o,0,240,0.0,0.0
data_we_q_tag/hc_o + rf_reg[8],0,240,0.0,0.0
alu_operand_b_ex_o_tag + pc_id_o_tag/hc_o,0,240,0.0,0.0
alu_operand_b_ex_o_tag + store_dest_addr_ex_o_tag/hc_o,0,240,0.0,0.0
alu_operand_b_ex_o_tag + store_source_ex_o_tag/hc_o,0,240,0.0,0.0
alu_operand_b_ex_o_tag + use_store_ops_ex_o/hc_o,0,240,0.0,0.0
alu_operand_a_ex_o_tag/hc_o + alu_operand_b_ex_o_tag,0,240,0.0,0.0
alu_operand_b_ex_o_tag + alu_operand_b_ex_o_tag/hc_o,0,240,0.0,0.0
alu_operand_b_ex_o_tag + alu_operand_c_ex_o_tag/hc_o,0,240,0.0,0.0
alu_operand_b_ex_o_tag + check_s1_o_tag/hc_o,0,240,0.0,0.0
alu_operand_b_ex_o_tag + check_s2_o_tag/hc_o,0,240,0.0,0.0
alu_operand_b_ex_o_tag + check_d_o_tag/hc_o,0,240,0.0,0.0
alu_operand_b_ex_o_tag + register_set_o_tag/hc_o,0,240,0.0,0.0
alu_operand_b_ex_o_tag + is_store_post_o_tag/hc_o,0,240,0.0,0.0
pc_id_o_tag/hc_o + rf_reg[9],0,240,0.0,0.0
rf_reg[9] + store_dest_addr_ex_o_tag/hc_o,0,240,0.0,0.0
rf_reg[9] + store_source_ex_o_tag/hc_o,0,240,0.0,0.0
rf_reg[9] + use_store_ops_ex_o/hc_o,0,240,0.0,0.0
alu_operand_a_ex_o_tag/hc_o + rf_reg[9],0,240,0.0,0.0
alu_operand_b_ex_o_tag/hc_o + rf_reg[9],0,240,0.0,0.0
alu_operand_c_ex_o_tag/hc_o + rf_reg[9],0,240,0.0,0.0
check_s1_o_tag/hc_o + rf_reg[9],0,240,0.0,0.0
check_s2_o_tag/hc_o + rf_reg[9],0,240,0.0,0.0
check_d_o_tag/hc_o + rf_reg[9],0,240,0.0,0.0
register_set_o_tag/hc_o + rf_reg[9],0,240,0.0,0.0
is_store_post_o_tag/hc_o + rf_reg[9],0,240,0.0,0.0
rf_reg[9] + rs1_o_tag/hc_o,0,240,0.0,0.0
data_we_q_tag/hc_o + rf_reg[9],0,240,0.0,0.0
pc_id_o_tag/hc_o + rf_reg[10],0,240,0.0,0.0
rf_reg[10] + store_dest_addr_ex_o_tag/hc_o,0,240,0.0,0.0
rf_reg[10] + store_source_ex_o_tag/hc_o,0,240,0.0,0.0
rf_reg[10] + use_store_ops_ex_o/hc_o,0,240,0.0,0.0
alu_operand_a_ex_o_tag/hc_o + rf_reg[10],0,240,0.0,0.0
alu_operand_b_ex_o_tag/hc_o + rf_reg[10],0,240,0.0,0.0
alu_operand_c_ex_o_tag/hc_o + rf_reg[10],0,240,0.0,0.0
check_s1_o_tag/hc_o + rf_reg[10],0,240,0.0,0.0
check_s2_o_tag/hc_o + rf_reg[10],0,240,0.0,0.0
check_d_o_tag/hc_o + rf_reg[10],0,240,0.0,0.0
register_set_o_tag/hc_o + rf_reg[10],0,240,0.0,0.0
is_store_post_o_tag/hc_o + rf_reg[10],0,240,0.0,0.0
rf_reg[10] + rs1_o_tag/hc_o,0,240,0.0,0.0
data_we_q_tag/hc_o + rf_reg[10],0,240,0.0,0.0
pc_id_o_tag/hc_o + rf_reg[11],0,240,0.0,0.0
rf_reg[11] + store_dest_addr_ex_o_tag/hc_o,0,240,0.0,0.0
rf_reg[11] + store_source_ex_o_tag/hc_o,0,240,0.0,0.0
rf_reg[11] + use_store_ops_ex_o/hc_o,0,240,0.0,0.0
alu_operand_a_ex_o_tag/hc_o + rf_reg[11],0,240,0.0,0.0
alu_operand_b_ex_o_tag/hc_o + rf_reg[11],0,240,0.0,0.0
alu_operand_c_ex_o_tag/hc_o + rf_reg[11],0,240,0.0,0.0
check_s1_o_tag/hc_o + rf_reg[11],0,240,0.0,0.0
check_s2_o_tag/hc_o + rf_reg[11],0,240,0.0,0.0
check_d_o_tag/hc_o + rf_reg[11],0,240,0.0,0.0
register_set_o_tag/hc_o + rf_reg[11],0,240,0.0,0.0
is_store_post_o_tag/hc_o + rf_reg[11],0,240,0.0,0.0
rf_reg[11] + rs1_o_tag/hc_o,0,240,0.0,0.0
data_we_q_tag/hc_o + rf_reg[11],0,240,0.0,0.0
pc_id_o_tag/hc_o + rf_reg[12],0,240,0.0,0.0
rf_reg[12] + store_dest_addr_ex_o_tag/hc_o,0,240,0.0,0.0
rf_reg[12] + store_source_ex_o_tag/hc_o,0,240,0.0,0.0
rf_reg[12] + use_store_ops_ex_o/hc_o,0,240,0.0,0.0
alu_operand_a_ex_o_tag/hc_o + rf_reg[12],0,240,0.0,0.0
alu_operand_b_ex_o_tag/hc_o + rf_reg[12],0,240,0.0,0.0
alu_operand_c_ex_o_tag/hc_o + rf_reg[12],0,240,0.0,0.0
check_s1_o_tag/hc_o + rf_reg[12],0,240,0.0,0.0
check_s2_o_tag/hc_o + rf_reg[12],0,240,0.0,0.0
check_d_o_tag/hc_o + rf_reg[12],0,240,0.0,0.0
register_set_o_tag/hc_o + rf_reg[12],0,240,0.0,0.0
is_store_post_o_tag/hc_o + rf_reg[12],0,240,0.0,0.0
rf_reg[12] + rs1_o_tag/hc_o,0,240,0.0,0.0
data_we_q_tag/hc_o + rf_reg[12],0,240,0.0,0.0
pc_id_o_tag/hc_o + rf_reg[13],0,240,0.0,0.0
alu_operand_b_ex_o_tag + rs1_o_tag/hc_o,0,240,0.0,0.0
alu_operand_b_ex_o_tag + data_we_q_tag/hc_o,0,240,0.0,0.0
rf_reg[13] + store_dest_addr_ex_o_tag/hc_o,0,240,0.0,0.0
rf_reg[13] + store_source_ex_o_tag/hc_o,0,240,0.0,0.0
rf_reg[13] + use_store_ops_ex_o/hc_o,0,240,0.0,0.0
alu_operand_a_ex_o_tag/hc_o + rf_reg[13],0,240,0.0,0.0
alu_operand_b_ex_o_tag/hc_o + rf_reg[13],0,240,0.0,0.0
alu_operand_c_ex_o_tag/hc_o + rf_reg[13],0,240,0.0,0.0
check_s1_o_tag/hc_o + rf_reg[13],0,240,0.0,0.0
check_s2_o_tag/hc_o + rf_reg[13],0,240,0.0,0.0
check_d_o_tag/hc_o + rf_reg[13],0,240,0.0,0.0
register_set_o_tag/hc_o + rf_reg[13],0,240,0.0,0.0
is_store_post_o_tag/hc_o + rf_reg[13],0,240,0.0,0.0
rf_reg[13] + rs1_o_tag/hc_o,0,240,0.0,0.0
data_we_q_tag/hc_o + rf_reg[13],0,240,0.0,0.0
pc_id_o_tag/hc_o + rf_reg[14],0,240,0.0,0.0
rf_reg[14] + store_dest_addr_ex_o_tag/hc_o,0,240,0.0,0.0
rf_reg[14] + store_source_ex_o_tag/hc_o,0,240,0.0,0.0
rf_reg[14] + use_store_ops_ex_o/hc_o,0,240,0.0,0.0
alu_operand_a_ex_o_tag/hc_o + rf_reg[14],0,240,0.0,0.0
alu_operand_b_ex_o_tag/hc_o + rf_reg[14],0,240,0.0,0.0
alu_operand_c_ex_o_tag/hc_o + rf_reg[14],0,240,0.0,0.0
check_s1_o_tag/hc_o + rf_reg[14],0,240,0.0,0.0
check_s2_o_tag/hc_o + rf_reg[14],0,240,0.0,0.0
check_d_o_tag/hc_o + rf_reg[14],0,240,0.0,0.0
register_set_o_tag/hc_o + rf_reg[14],0,240,0.0,0.0
is_store_post_o_tag/hc_o + rf_reg[14],0,240,0.0,0.0
rf_reg[14] + rs1_o_tag/hc_o,0,240,0.0,0.0
data_we_q_tag/hc_o + rf_reg[14],0,240,0.0,0.0
pc_id_o_tag/hc_o + rf_reg[15],0,240,0.0,0.0
rf_reg[15] + store_dest_addr_ex_o_tag/hc_o,0,240,0.0,0.0
rf_reg[15] + store_source_ex_o_tag/hc_o,0,240,0.0,0.0
rf_reg[15] + use_store_ops_ex_o/hc_o,0,240,0.0,0.0
alu_operand_a_ex_o_tag/hc_o + rf_reg[15],0,240,0.0,0.0
alu_operand_b_ex_o_tag/hc_o + rf_reg[15],0,240,0.0,0.0
alu_operand_c_ex_o_tag/hc_o + rf_reg[15],0,240,0.0,0.0
check_s1_o_tag/hc_o + rf_reg[15],0,240,0.0,0.0
check_s2_o_tag/hc_o + rf_reg[15],0,240,0.0,0.0
check_d_o_tag/hc_o + rf_reg[15],0,240,0.0,0.0
register_set_o_tag/hc_o + rf_reg[15],0,240,0.0,0.0
is_store_post_o_tag/hc_o + rf_reg[15],0,240,0.0,0.0
rf_reg[15] + rs1_o_tag/hc_o,0,240,0.0,0.0
data_we_q_tag/hc_o + rf_reg[15],0,240,0.0,0.0
pc_id_o_tag/hc_o + rf_reg[16],0,240,0.0,0.0
rf_reg[16] + store_dest_addr_ex_o_tag/hc_o,0,240,0.0,0.0
rf_reg[16] + store_source_ex_o_tag/hc_o,0,240,0.0,0.0
rf_reg[16] + use_store_ops_ex_o/hc_o,0,240,0.0,0.0
alu_operand_a_ex_o_tag/hc_o + rf_reg[16],0,240,0.0,0.0
alu_operand_b_ex_o_tag/hc_o + rf_reg[16],0,240,0.0,0.0
alu_operand_c_ex_o_tag/hc_o + rf_reg[16],0,240,0.0,0.0
check_s1_o_tag/hc_o + rf_reg[16],0,240,0.0,0.0
check_s2_o_tag/hc_o + rf_reg[16],0,240,0.0,0.0
check_d_o_tag/hc_o + rf_reg[16],0,240,0.0,0.0
register_set_o_tag/hc_o + rf_reg[16],0,240,0.0,0.0
is_store_post_o_tag/hc_o + rf_reg[16],0,240,0.0,0.0
rf_reg[16] + rs1_o_tag/hc_o,0,240,0.0,0.0
data_we_q_tag/hc_o + rf_reg[16],0,240,0.0,0.0
pc_id_o_tag/hc_o + rf_reg[17],0,240,0.0,0.0
rf_reg[17] + store_dest_addr_ex_o_tag/hc_o,0,240,0.0,0.0
rf_reg[17] + store_source_ex_o_tag/hc_o,0,240,0.0,0.0
rf_reg[17] + use_store_ops_ex_o/hc_o,0,240,0.0,0.0
alu_operand_a_ex_o_tag/hc_o + rf_reg[17],0,240,0.0,0.0
alu_operand_b_ex_o_tag/hc_o + rf_reg[17],0,240,0.0,0.0
alu_operand_c_ex_o_tag/hc_o + rf_reg[17],0,240,0.0,0.0
check_s1_o_tag/hc_o + rf_reg[17],0,240,0.0,0.0
check_s2_o_tag/hc_o + rf_reg[17],0,240,0.0,0.0
check_d_o_tag/hc_o + rf_reg[17],0,240,0.0,0.0
register_set_o_tag/hc_o + rf_reg[17],0,240,0.0,0.0
is_store_post_o_tag/hc_o + rf_reg[17],0,240,0.0,0.0
rf_reg[17] + rs1_o_tag/hc_o,0,240,0.0,0.0
data_we_q_tag/hc_o + rf_reg[17],0,240,0.0,0.0
pc_id_o_tag/hc_o + rf_reg[18],0,240,0.0,0.0
rf_reg[18] + store_dest_addr_ex_o_tag/hc_o,0,240,0.0,0.0
rf_reg[18] + store_source_ex_o_tag/hc_o,0,240,0.0,0.0
rf_reg[18] + use_store_ops_ex_o/hc_o,0,240,0.0,0.0
alu_operand_a_ex_o_tag/hc_o + rf_reg[18],0,240,0.0,0.0
alu_operand_b_ex_o_tag/hc_o + rf_reg[18],0,240,0.0,0.0
alu_operand_c_ex_o_tag/hc_o + rf_reg[18],0,240,0.0,0.0
check_s1_o_tag/hc_o + rf_reg[18],0,240,0.0,0.0
check_s2_o_tag/hc_o + rf_reg[18],0,240,0.0,0.0
check_d_o_tag/hc_o + rf_reg[18],0,240,0.0,0.0
register_set_o_tag/hc_o + rf_reg[18],0,240,0.0,0.0
is_store_post_o_tag/hc_o + rf_reg[18],0,240,0.0,0.0
rf_reg[18] + rs1_o_tag/hc_o,0,240,0.0,0.0
data_we_q_tag/hc_o + rf_reg[18],0,240,0.0,0.0
pc_id_o_tag/hc_o + rf_reg[19],0,240,0.0,0.0
rf_reg[19] + store_dest_addr_ex_o_tag/hc_o,0,240,0.0,0.0
rf_reg[19] + store_source_ex_o_tag/hc_o,0,240,0.0,0.0
rf_reg[19] + use_store_ops_ex_o/hc_o,0,240,0.0,0.0
alu_operand_a_ex_o_tag/hc_o + rf_reg[19],0,240,0.0,0.0
alu_operand_b_ex_o_tag/hc_o + rf_reg[19],0,240,0.0,0.0
alu_operand_c_ex_o_tag/hc_o + rf_reg[19],0,240,0.0,0.0
check_s1_o_tag/hc_o + rf_reg[19],0,240,0.0,0.0
check_s2_o_tag/hc_o + rf_reg[19],0,240,0.0,0.0
check_d_o_tag/hc_o + rf_reg[19],0,240,0.0,0.0
register_set_o_tag/hc_o + rf_reg[19],0,240,0.0,0.0
is_store_post_o_tag/hc_o + rf_reg[19],0,240,0.0,0.0
rf_reg[19] + rs1_o_tag/hc_o,0,240,0.0,0.0
data_we_q_tag/hc_o + rf_reg[19],0,240,0.0,0.0
pc_id_o_tag/hc_o + rf_reg[20],0,240,0.0,0.0
rf_reg[20] + store_dest_addr_ex_o_tag/hc_o,0,240,0.0,0.0
rf_reg[20] + store_source_ex_o_tag/hc_o,0,240,0.0,0.0
rf_reg[20] + use_store_ops_ex_o/hc_o,0,240,0.0,0.0
alu_operand_a_ex_o_tag/hc_o + rf_reg[20],0,240,0.0,0.0
alu_operand_b_ex_o_tag/hc_o + rf_reg[20],0,240,0.0,0.0
alu_operand_c_ex_o_tag/hc_o + rf_reg[20],0,240,0.0,0.0
check_s1_o_tag/hc_o + rf_reg[20],0,240,0.0,0.0
check_s2_o_tag/hc_o + rf_reg[20],0,240,0.0,0.0
check_d_o_tag/hc_o + rf_reg[20],0,240,0.0,0.0
register_set_o_tag/hc_o + rf_reg[20],0,240,0.0,0.0
is_store_post_o_tag/hc_o + rf_reg[20],0,240,0.0,0.0
rf_reg[20] + rs1_o_tag/hc_o,0,240,0.0,0.0
data_we_q_tag/hc_o + rf_reg[20],0,240,0.0,0.0
pc_id_o_tag/hc_o + rf_reg[21],0,240,0.0,0.0
rf_reg[21] + store_dest_addr_ex_o_tag/hc_o,0,240,0.0,0.0
rf_reg[21] + store_source_ex_o_tag/hc_o,0,240,0.0,0.0
rf_reg[21] + use_store_ops_ex_o/hc_o,0,240,0.0,0.0
alu_operand_a_ex_o_tag/hc_o + rf_reg[21],0,240,0.0,0.0
alu_operand_b_ex_o_tag/hc_o + rf_reg[21],0,240,0.0,0.0
alu_operand_c_ex_o_tag/hc_o + rf_reg[21],0,240,0.0,0.0
check_s1_o_tag/hc_o + rf_reg[21],0,240,0.0,0.0
check_s2_o_tag/hc_o + rf_reg[21],0,240,0.0,0.0
check_d_o_tag/hc_o + rf_reg[21],0,240,0.0,0.0
register_set_o_tag/hc_o + rf_reg[21],0,240,0.0,0.0
is_store_post_o_tag/hc_o + rf_reg[21],0,240,0.0,0.0
rf_reg[21] + rs1_o_tag/hc_o,0,240,0.0,0.0
data_we_q_tag/hc_o + rf_reg[21],0,240,0.0,0.0
alu_operand_c_ex_o_tag + pc_id_o_tag/hc_o,0,240,0.0,0.0
alu_operand_c_ex_o_tag + store_dest_addr_ex_o_tag/hc_o,0,240,0.0,0.0
alu_operand_c_ex_o_tag + store_source_ex_o_tag/hc_o,0,240,0.0,0.0
alu_operand_c_ex_o_tag + use_store_ops_ex_o/hc_o,0,240,0.0,0.0
alu_operand_a_ex_o_tag/hc_o + alu_operand_c_ex_o_tag,0,240,0.0,0.0
alu_operand_b_ex_o_tag/hc_o + alu_operand_c_ex_o_tag,0,240,0.0,0.0
alu_operand_c_ex_o_tag + alu_operand_c_ex_o_tag/hc_o,0,240,0.0,0.0
alu_operand_c_ex_o_tag + check_s1_o_tag/hc_o,0,240,0.0,0.0
alu_operand_c_ex_o_tag + check_s2_o_tag/hc_o,0,240,0.0,0.0
alu_operand_c_ex_o_tag + check_d_o_tag/hc_o,0,240,0.0,0.0
alu_operand_c_ex_o_tag + register_set_o_tag/hc_o,0,240,0.0,0.0
alu_operand_c_ex_o_tag + is_store_post_o_tag/hc_o,0,240,0.0,0.0
pc_id_o_tag/hc_o + rf_reg[22],0,240,0.0,0.0
rf_reg[22] + store_dest_addr_ex_o_tag/hc_o,0,240,0.0,0.0
rf_reg[22] + store_source_ex_o_tag/hc_o,0,240,0.0,0.0
rf_reg[22] + use_store_ops_ex_o/hc_o,0,240,0.0,0.0
alu_operand_a_ex_o_tag/hc_o + rf_reg[22],0,240,0.0,0.0
alu_operand_b_ex_o_tag/hc_o + rf_reg[22],0,240,0.0,0.0
alu_operand_c_ex_o_tag/hc_o + rf_reg[22],0,240,0.0,0.0
check_s1_o_tag/hc_o + rf_reg[22],0,240,0.0,0.0
check_s2_o_tag/hc_o + rf_reg[22],0,240,0.0,0.0
check_d_o_tag/hc_o + rf_reg[22],0,240,0.0,0.0
register_set_o_tag/hc_o + rf_reg[22],0,240,0.0,0.0
is_store_post_o_tag/hc_o + rf_reg[22],0,240,0.0,0.0
rf_reg[22] + rs1_o_tag/hc_o,0,240,0.0,0.0
data_we_q_tag/hc_o + rf_reg[22],0,240,0.0,0.0
pc_id_o_tag/hc_o + rf_reg[23],0,240,0.0,0.0
rf_reg[23] + store_dest_addr_ex_o_tag/hc_o,0,240,0.0,0.0
rf_reg[23] + store_source_ex_o_tag/hc_o,0,240,0.0,0.0
rf_reg[23] + use_store_ops_ex_o/hc_o,0,240,0.0,0.0
alu_operand_a_ex_o_tag/hc_o + rf_reg[23],0,240,0.0,0.0
alu_operand_b_ex_o_tag/hc_o + rf_reg[23],0,240,0.0,0.0
alu_operand_c_ex_o_tag/hc_o + rf_reg[23],0,240,0.0,0.0
check_s1_o_tag/hc_o + rf_reg[23],0,240,0.0,0.0
check_s2_o_tag/hc_o + rf_reg[23],0,240,0.0,0.0
check_d_o_tag/hc_o + rf_reg[23],0,240,0.0,0.0
register_set_o_tag/hc_o + rf_reg[23],0,240,0.0,0.0
is_store_post_o_tag/hc_o + rf_reg[23],0,240,0.0,0.0
rf_reg[23] + rs1_o_tag/hc_o,0,240,0.0,0.0
data_we_q_tag/hc_o + rf_reg[23],0,240,0.0,0.0
pc_id_o_tag/hc_o + rf_reg[24],0,240,0.0,0.0
rf_reg[24] + store_dest_addr_ex_o_tag/hc_o,0,240,0.0,0.0
rf_reg[24] + store_source_ex_o_tag/hc_o,0,240,0.0,0.0
rf_reg[24] + use_store_ops_ex_o/hc_o,0,240,0.0,0.0
alu_operand_a_ex_o_tag/hc_o + rf_reg[24],0,240,0.0,0.0
alu_operand_b_ex_o_tag/hc_o + rf_reg[24],0,240,0.0,0.0
alu_operand_c_ex_o_tag/hc_o + rf_reg[24],0,240,0.0,0.0
check_s1_o_tag/hc_o + rf_reg[24],0,240,0.0,0.0
check_s2_o_tag/hc_o + rf_reg[24],0,240,0.0,0.0
check_d_o_tag/hc_o + rf_reg[24],0,240,0.0,0.0
register_set_o_tag/hc_o + rf_reg[24],0,240,0.0,0.0
is_store_post_o_tag/hc_o + rf_reg[24],0,240,0.0,0.0
rf_reg[24] + rs1_o_tag/hc_o,0,240,0.0,0.0
data_we_q_tag/hc_o + rf_reg[24],0,240,0.0,0.0
pc_id_o_tag/hc_o + rf_reg[25],0,240,0.0,0.0
rf_reg[25] + store_dest_addr_ex_o_tag/hc_o,0,240,0.0,0.0
rf_reg[25] + store_source_ex_o_tag/hc_o,0,240,0.0,0.0
rf_reg[25] + use_store_ops_ex_o/hc_o,0,240,0.0,0.0
alu_operand_a_ex_o_tag/hc_o + rf_reg[25],0,240,0.0,0.0
alu_operand_b_ex_o_tag/hc_o + rf_reg[25],0,240,0.0,0.0
alu_operand_c_ex_o_tag/hc_o + rf_reg[25],0,240,0.0,0.0
check_s1_o_tag/hc_o + rf_reg[25],0,240,0.0,0.0
check_s2_o_tag/hc_o + rf_reg[25],0,240,0.0,0.0
check_d_o_tag/hc_o + rf_reg[25],0,240,0.0,0.0
register_set_o_tag/hc_o + rf_reg[25],0,240,0.0,0.0
is_store_post_o_tag/hc_o + rf_reg[25],0,240,0.0,0.0
rf_reg[25] + rs1_o_tag/hc_o,0,240,0.0,0.0
data_we_q_tag/hc_o + rf_reg[25],0,240,0.0,0.0
pc_id_o_tag/hc_o + rf_reg[26],0,240,0.0,0.0
rf_reg[26] + store_dest_addr_ex_o_tag/hc_o,0,240,0.0,0.0
rf_reg[26] + store_source_ex_o_tag/hc_o,0,240,0.0,0.0
rf_reg[26] + use_store_ops_ex_o/hc_o,0,240,0.0,0.0
alu_operand_a_ex_o_tag/hc_o + rf_reg[26],0,240,0.0,0.0
alu_operand_b_ex_o_tag/hc_o + rf_reg[26],0,240,0.0,0.0
alu_operand_c_ex_o_tag/hc_o + rf_reg[26],0,240,0.0,0.0
check_s1_o_tag/hc_o + rf_reg[26],0,240,0.0,0.0
check_s2_o_tag/hc_o + rf_reg[26],0,240,0.0,0.0
check_d_o_tag/hc_o + rf_reg[26],0,240,0.0,0.0
register_set_o_tag/hc_o + rf_reg[26],0,240,0.0,0.0
is_store_post_o_tag/hc_o + rf_reg[26],0,240,0.0,0.0
rf_reg[26] + rs1_o_tag/hc_o,0,240,0.0,0.0
alu_operand_c_ex_o_tag + rs1_o_tag/hc_o,0,240,0.0,0.0
alu_operand_c_ex_o_tag + data_we_q_tag/hc_o,0,240,0.0,0.0
data_we_q_tag/hc_o + rf_reg[26],0,240,0.0,0.0
pc_id_o_tag/hc_o + rf_reg[27],0,240,0.0,0.0
rf_reg[27] + store_dest_addr_ex_o_tag/hc_o,0,240,0.0,0.0
rf_reg[27] + store_source_ex_o_tag/hc_o,0,240,0.0,0.0
rf_reg[27] + use_store_ops_ex_o/hc_o,0,240,0.0,0.0
alu_operand_a_ex_o_tag/hc_o + rf_reg[27],0,240,0.0,0.0
alu_operand_b_ex_o_tag/hc_o + rf_reg[27],0,240,0.0,0.0
alu_operand_c_ex_o_tag/hc_o + rf_reg[27],0,240,0.0,0.0
check_s1_o_tag/hc_o + rf_reg[27],0,240,0.0,0.0
check_s2_o_tag/hc_o + rf_reg[27],0,240,0.0,0.0
check_d_o_tag/hc_o + rf_reg[27],0,240,0.0,0.0
register_set_o_tag/hc_o + rf_reg[27],0,240,0.0,0.0
is_store_post_o_tag/hc_o + rf_reg[27],0,240,0.0,0.0
rf_reg[27] + rs1_o_tag/hc_o,0,240,0.0,0.0
data_we_q_tag/hc_o + rf_reg[27],0,240,0.0,0.0
pc_id_o_tag/hc_o + rf_reg[28],0,240,0.0,0.0
rf_reg[28] + store_dest_addr_ex_o_tag/hc_o,0,240,0.0,0.0
rf_reg[28] + store_source_ex_o_tag/hc_o,0,240,0.0,0.0
rf_reg[28] + use_store_ops_ex_o/hc_o,0,240,0.0,0.0
alu_operand_a_ex_o_tag/hc_o + rf_reg[28],0,240,0.0,0.0
alu_operand_b_ex_o_tag/hc_o + rf_reg[28],0,240,0.0,0.0
alu_operand_c_ex_o_tag/hc_o + rf_reg[28],0,240,0.0,0.0
check_s1_o_tag/hc_o + rf_reg[28],0,240,0.0,0.0
check_s2_o_tag/hc_o + rf_reg[28],0,240,0.0,0.0
check_d_o_tag/hc_o + rf_reg[28],0,240,0.0,0.0
register_set_o_tag/hc_o + rf_reg[28],0,240,0.0,0.0
is_store_post_o_tag/hc_o + rf_reg[28],0,240,0.0,0.0
rf_reg[28] + rs1_o_tag/hc_o,0,240,0.0,0.0
data_we_q_tag/hc_o + rf_reg[28],0,240,0.0,0.0
pc_id_o_tag/hc_o + rf_reg[29],0,240,0.0,0.0
rf_reg[29] + store_dest_addr_ex_o_tag/hc_o,0,240,0.0,0.0
rf_reg[29] + store_source_ex_o_tag/hc_o,0,240,0.0,0.0
rf_reg[29] + use_store_ops_ex_o/hc_o,0,240,0.0,0.0
alu_operand_a_ex_o_tag/hc_o + rf_reg[29],0,240,0.0,0.0
alu_operand_b_ex_o_tag/hc_o + rf_reg[29],0,240,0.0,0.0
alu_operand_c_ex_o_tag/hc_o + rf_reg[29],0,240,0.0,0.0
check_s1_o_tag/hc_o + rf_reg[29],0,240,0.0,0.0
check_s2_o_tag/hc_o + rf_reg[29],0,240,0.0,0.0
check_d_o_tag/hc_o + rf_reg[29],0,240,0.0,0.0
register_set_o_tag/hc_o + rf_reg[29],0,240,0.0,0.0
is_store_post_o_tag/hc_o + rf_reg[29],0,240,0.0,0.0
rf_reg[29] + rs1_o_tag/hc_o,0,240,0.0,0.0
data_we_q_tag/hc_o + rf_reg[29],0,240,0.0,0.0
pc_id_o_tag/hc_o + rf_reg[30],0,240,0.0,0.0
rf_reg[30] + store_dest_addr_ex_o_tag/hc_o,0,240,0.0,0.0
rf_reg[30] + store_source_ex_o_tag/hc_o,0,240,0.0,0.0
rf_reg[30] + use_store_ops_ex_o/hc_o,0,240,0.0,0.0
alu_operand_a_ex_o_tag/hc_o + rf_reg[30],0,240,0.0,0.0
alu_operand_b_ex_o_tag/hc_o + rf_reg[30],0,240,0.0,0.0
alu_operand_c_ex_o_tag/hc_o + rf_reg[30],0,240,0.0,0.0
check_s1_o_tag/hc_o + rf_reg[30],0,240,0.0,0.0
check_s2_o_tag/hc_o + rf_reg[30],0,240,0.0,0.0
check_d_o_tag/hc_o + rf_reg[30],0,240,0.0,0.0
register_set_o_tag/hc_o + rf_reg[30],0,240,0.0,0.0
is_store_post_o_tag/hc_o + rf_reg[30],0,240,0.0,0.0
rf_reg[30] + rs1_o_tag/hc_o,0,240,0.0,0.0
data_we_q_tag/hc_o + rf_reg[30],0,240,0.0,0.0
pc_id_o_tag/hc_o + rf_reg[31],0,240,0.0,0.0
rf_reg[31] + store_dest_addr_ex_o_tag/hc_o,0,240,0.0,0.0
rf_reg[31] + store_source_ex_o_tag/hc_o,0,240,0.0,0.0
rf_reg[31] + use_store_ops_ex_o/hc_o,0,240,0.0,0.0
alu_operand_a_ex_o_tag/hc_o + rf_reg[31],0,240,0.0,0.0
alu_operand_b_ex_o_tag/hc_o + rf_reg[31],0,240,0.0,0.0
alu_operand_c_ex_o_tag/hc_o + rf_reg[31],0,240,0.0,0.0
check_s1_o_tag/hc_o + rf_reg[31],0,240,0.0,0.0
check_s2_o_tag/hc_o + rf_reg[31],0,240,0.0,0.0
check_d_o_tag/hc_o + rf_reg[31],0,240,0.0,0.0
register_set_o_tag/hc_o + rf_reg[31],0,240,0.0,0.0
is_store_post_o_tag/hc_o + rf_reg[31],0,240,0.0,0.0
rf_reg[31] + rs1_o_tag/hc_o,0,240,0.0,0.0
data_we_q_tag/hc_o + rf_reg[31],0,240,0.0,0.0
pc_id_o_tag/hc_o + rs1_o_tag,0,240,0.0,0.0
rs1_o_tag + store_dest_addr_ex_o_tag/hc_o,0,240,0.0,0.0
rs1_o_tag + store_source_ex_o_tag/hc_o,0,240,0.0,0.0
rs1_o_tag + use_store_ops_ex_o/hc_o,0,240,0.0,0.0
alu_operand_a_ex_o_tag/hc_o + rs1_o_tag,0,240,0.0,0.0
alu_operand_b_ex_o_tag/hc_o + rs1_o_tag,0,240,0.0,0.0
alu_operand_c_ex_o_tag/hc_o + rs1_o_tag,0,240,0.0,0.0
check_s1_o_tag/hc_o + rs1_o_tag,0,240,0.0,0.0
check_s2_o_tag/hc_o + rs1_o_tag,0,240,0.0,0.0
check_d_o_tag/hc_o + rs1_o_tag,0,240,0.0,0.0
register_set_o_tag/hc_o + rs1_o_tag,0,240,0.0,0.0
is_store_post_o_tag/hc_o + rs1_o_tag,0,240,0.0,0.0
rs1_o_tag + rs1_o_tag/hc_o,0,240,0.0,0.0
data_we_q_tag/hc_o + rs1_o_tag,0,240,0.0,0.0
data_we_q_tag + pc_id_o_tag/hc_o,0,240,0.0,0.0
data_we_q_tag + store_dest_addr_ex_o_tag/hc_o,0,240,0.0,0.0
data_we_q_tag + store_source_ex_o_tag/hc_o,0,240,0.0,0.0
data_we_q_tag + use_store_ops_ex_o/hc_o,0,240,0.0,0.0
alu_operand_a_ex_o_tag/hc_o + data_we_q_tag,0,240,0.0,0.0
alu_operand_b_ex_o_tag/hc_o + data_we_q_tag,0,240,0.0,0.0
alu_operand_c_ex_o_tag/hc_o + data_we_q_tag,0,240,0.0,0.0
check_s1_o_tag/hc_o + data_we_q_tag,0,240,0.0,0.0
check_s2_o_tag/hc_o + data_we_q_tag,0,240,0.0,0.0
check_d_o_tag/hc_o + data_we_q_tag,0,240,0.0,0.0
data_we_q_tag + register_set_o_tag/hc_o,0,240,0.0,0.0
data_we_q_tag + is_store_post_o_tag/hc_o,0,240,0.0,0.0
data_we_q_tag + rs1_o_tag/hc_o,0,240,0.0,0.0
data_we_q_tag + data_we_q_tag/hc_o,0,240,0.0,0.0
pc_id_o_tag + pc_id_o_tag/hc_o,0,240,0.0,0.0
pc_id_o_tag + store_dest_addr_ex_o_tag/hc_o,0,240,0.0,0.0
pc_id_o_tag + store_source_ex_o_tag/hc_o,0,240,0.0,0.0
pc_id_o_tag + use_store_ops_ex_o/hc_o,0,240,0.0,0.0
alu_operand_a_ex_o_tag/hc_o + pc_id_o_tag,0,240,0.0,0.0
alu_operand_b_ex_o_tag/hc_o + pc_id_o_tag,0,240,0.0,0.0
alu_operand_c_ex_o_tag/hc_o + pc_id_o_tag,0,240,0.0,0.0
check_s1_o_tag/hc_o + pc_id_o_tag,0,240,0.0,0.0
check_s2_o_tag/hc_o + pc_id_o_tag,0,240,0.0,0.0
check_d_o_tag/hc_o + pc_id_o_tag,0,240,0.0,0.0
pc_id_o_tag + register_set_o_tag/hc_o,0,240,0.0,0.0
is_store_post_o_tag/hc_o + pc_id_o_tag,0,240,0.0,0.0
check_d_o_tag + pc_id_o_tag/hc_o,0,240,0.0,0.0
check_d_o_tag + store_dest_addr_ex_o_tag/hc_o,0,240,0.0,0.0
check_d_o_tag + store_source_ex_o_tag/hc_o,0,240,0.0,0.0
check_d_o_tag + use_store_ops_ex_o/hc_o,0,240,0.0,0.0
alu_operand_a_ex_o_tag/hc_o + check_d_o_tag,0,240,0.0,0.0
alu_operand_b_ex_o_tag/hc_o + check_d_o_tag,0,240,0.0,0.0
alu_operand_c_ex_o_tag/hc_o + check_d_o_tag,0,240,0.0,0.0
check_d_o_tag + check_s1_o_tag/hc_o,0,240,0.0,0.0
check_d_o_tag + check_s2_o_tag/hc_o,0,240,0.0,0.0
check_d_o_tag + check_d_o_tag/hc_o,0,240,0.0,0.0
check_d_o_tag + register_set_o_tag/hc_o,0,240,0.0,0.0
check_d_o_tag + is_store_post_o_tag/hc_o,0,240,0.0,0.0
check_d_o_tag + rs1_o_tag/hc_o,0,240,0.0,0.0
check_d_o_tag + data_we_q_tag/hc_o,0,240,0.0,0.0
check_s1_o_tag + pc_id_o_tag/hc_o,0,240,0.0,0.0
check_s1_o_tag + store_dest_addr_ex_o_tag/hc_o,0,240,0.0,0.0
check_s1_o_tag + store_source_ex_o_tag/hc_o,0,240,0.0,0.0
check_s1_o_tag + use_store_ops_ex_o/hc_o,0,240,0.0,0.0
alu_operand_a_ex_o_tag/hc_o + check_s1_o_tag,0,240,0.0,0.0
alu_operand_b_ex_o_tag/hc_o + check_s1_o_tag,0,240,0.0,0.0
alu_operand_c_ex_o_tag/hc_o + check_s1_o_tag,0,240,0.0,0.0
check_s1_o_tag + check_s1_o_tag/hc_o,0,240,0.0,0.0
check_s1_o_tag + check_s2_o_tag/hc_o,0,240,0.0,0.0
check_d_o_tag/hc_o + check_s1_o_tag,0,240,0.0,0.0
check_s1_o_tag + register_set_o_tag/hc_o,0,240,0.0,0.0
check_s1_o_tag + is_store_post_o_tag/hc_o,0,240,0.0,0.0
check_s1_o_tag + rs1_o_tag/hc_o,0,240,0.0,0.0
check_s1_o_tag + data_we_q_tag/hc_o,0,240,0.0,0.0
check_s2_o_tag + pc_id_o_tag/hc_o,0,240,0.0,0.0
check_s2_o_tag + store_dest_addr_ex_o_tag/hc_o,0,240,0.0,0.0
check_s2_o_tag + store_source_ex_o_tag/hc_o,0,240,0.0,0.0
check_s2_o_tag + use_store_ops_ex_o/hc_o,0,240,0.0,0.0
alu_operand_a_ex_o_tag/hc_o + check_s2_o_tag,0,240,0.0,0.0
alu_operand_b_ex_o_tag/hc_o + check_s2_o_tag,0,240,0.0,0.0
alu_operand_c_ex_o_tag/hc_o + check_s2_o_tag,0,240,0.0,0.0
check_s1_o_tag/hc_o + check_s2_o_tag,0,240,0.0,0.0
check_s2_o_tag + check_s2_o_tag/hc_o,0,240,0.0,0.0
check_d_o_tag/hc_o + check_s2_o_tag,0,240,0.0,0.0
check_s2_o_tag + register_set_o_tag/hc_o,0,240,0.0,0.0
check_s2_o_tag + is_store_post_o_tag/hc_o,0,240,0.0,0.0
check_s2_o_tag + rs1_o_tag/hc_o,0,240,0.0,0.0
pc_id_o_tag + rs1_o_tag/hc_o,0,240,0.0,0.0
data_we_q_tag/hc_o + pc_id_o_tag,0,240,0.0,0.0
check_s2_o_tag + data_we_q_tag/hc_o,0,240,0.0,0.0
is_store_post_o_tag + pc_id_o_tag/hc_o,0,240,0.0,0.0
is_store_post_o_tag + store_dest_addr_ex_o_tag/hc_o,0,240,0.0,0.0
is_store_post_o_tag + store_source_ex_o_tag/hc_o,0,240,0.0,0.0
is_store_post_o_tag + use_store_ops_ex_o/hc_o,0,240,0.0,0.0
alu_operand_a_ex_o_tag/hc_o + is_store_post_o_tag,0,240,0.0,0.0
alu_operand_b_ex_o_tag/hc_o + is_store_post_o_tag,0,240,0.0,0.0
alu_operand_c_ex_o_tag/hc_o + is_store_post_o_tag,0,240,0.0,0.0
check_s1_o_tag/hc_o + is_store_post_o_tag,0,240,0.0,0.0
check_s2_o_tag/hc_o + is_store_post_o_tag,0,240,0.0,0.0
check_d_o_tag/hc_o + is_store_post_o_tag,0,240,0.0,0.0
is_store_post_o_tag + register_set_o_tag/hc_o,0,240,0.0,0.0
is_store_post_o_tag + is_store_post_o_tag/hc_o,0,240,0.0,0.0
is_store_post_o_tag + rs1_o_tag/hc_o,0,240,0.0,0.0
data_we_q_tag/hc_o + is_store_post_o_tag,0,240,0.0,0.0
memory_set_o_tag + pc_id_o_tag/hc_o,0,240,0.0,0.0
memory_set_o_tag + store_dest_addr_ex_o_tag/hc_o,0,240,0.0,0.0
memory_set_o_tag + store_source_ex_o_tag/hc_o,0,240,0.0,0.0
memory_set_o_tag + use_store_ops_ex_o/hc_o,0,240,0.0,0.0
alu_operand_a_ex_o_tag/hc_o + memory_set_o_tag,0,240,0.0,0.0
alu_operand_b_ex_o_tag/hc_o + memory_set_o_tag,0,240,0.0,0.0
alu_operand_c_ex_o_tag/hc_o + memory_set_o_tag,0,240,0.0,0.0
check_s1_o_tag/hc_o + memory_set_o_tag,0,240,0.0,0.0
check_s2_o_tag/hc_o + memory_set_o_tag,0,240,0.0,0.0
check_d_o_tag/hc_o + memory_set_o_tag,0,240,0.0,0.0
memory_set_o_tag + register_set_o_tag/hc_o,0,240,0.0,0.0
is_store_post_o_tag/hc_o + memory_set_o_tag,0,240,0.0,0.0
memory_set_o_tag + rs1_o_tag/hc_o,0,240,0.0,0.0
data_we_q_tag/hc_o + memory_set_o_tag,0,240,0.0,0.0
pc_id_o_tag/hc_o + pc_if_o_tag,0,240,0.0,0.0
pc_if_o_tag + store_dest_addr_ex_o_tag/hc_o,0,240,0.0,0.0
pc_if_o_tag + store_source_ex_o_tag/hc_o,0,240,0.0,0.0
pc_if_o_tag + use_store_ops_ex_o/hc_o,0,240,0.0,0.0
alu_operand_a_ex_o_tag/hc_o + pc_if_o_tag,0,240,0.0,0.0
alu_operand_b_ex_o_tag/hc_o + pc_if_o_tag,0,240,0.0,0.0
alu_operand_c_ex_o_tag/hc_o + pc_if_o_tag,0,240,0.0,0.0
check_s1_o_tag/hc_o + pc_if_o_tag,0,240,0.0,0.0
check_s2_o_tag/hc_o + pc_if_o_tag,0,240,0.0,0.0
check_d_o_tag/hc_o + pc_if_o_tag,0,240,0.0,0.0
pc_if_o_tag + register_set_o_tag/hc_o,0,240,0.0,0.0
is_store_post_o_tag/hc_o + pc_if_o_tag,0,240,0.0,0.0
pc_if_o_tag + rs1_o_tag/hc_o,0,240,0.0,0.0
data_we_q_tag/hc_o + pc_if_o_tag,0,240,0.0,0.0
pc_id_o_tag/hc_o + register_set_o_tag,0,240,0.0,0.0
register_set_o_tag + store_dest_addr_ex_o_tag/hc_o,0,240,0.0,0.0
register_set_o_tag + store_source_ex_o_tag/hc_o,0,240,0.0,0.0
register_set_o_tag + use_store_ops_ex_o/hc_o,0,240,0.0,0.0
alu_operand_a_ex_o_tag/hc_o + register_set_o_tag,0,240,0.0,0.0
alu_operand_b_ex_o_tag/hc_o + register_set_o_tag,0,240,0.0,0.0
alu_operand_c_ex_o_tag/hc_o + register_set_o_tag,0,240,0.0,0.0
check_s1_o_tag/hc_o + register_set_o_tag,0,240,0.0,0.0
check_s2_o_tag/hc_o + register_set_o_tag,0,240,0.0,0.0
check_d_o_tag/hc_o + register_set_o_tag,0,240,0.0,0.0
register_set_o_tag + register_set_o_tag/hc_o,0,240,0.0,0.0
is_store_post_o_tag/hc_o + register_set_o_tag,0,240,0.0,0.0
register_set_o_tag + rs1_o_tag/hc_o,0,240,0.0,0.0
data_we_q_tag/hc_o + register_set_o_tag,0,240,0.0,0.0
alu_operand_a_ex_o_tag + pc_id_o_tag/hc_o,0,240,0.0,0.0
alu_operand_a_ex_o_tag + store_dest_addr_ex_o_tag/hc_o,0,240,0.0,0.0
alu_operand_a_ex_o_tag + store_source_ex_o_tag/hc_o,0,240,0.0,0.0
alu_operand_a_ex_o_tag + use_store_ops_ex_o/hc_o,0,240,0.0,0.0
alu_operand_a_ex_o_tag + alu_operand_a_ex_o_tag/hc_o,0,240,0.0,0.0
alu_operand_a_ex_o_tag + alu_operand_b_ex_o_tag/hc_o,0,240,0.0,0.0
alu_operand_a_ex_o_tag + alu_operand_c_ex_o_tag/hc_o,0,240,0.0,0.0
alu_operand_a_ex_o_tag + check_s1_o_tag/hc_o,0,240,0.0,0.0
alu_operand_a_ex_o_tag + check_s2_o_tag/hc_o,0,240,0.0,0.0
alu_operand_a_ex_o_tag + check_d_o_tag/hc_o,0,240,0.0,0.0
alu_operand_a_ex_o_tag + register_set_o_tag/hc_o,0,240,0.0,0.0
alu_operand_a_ex_o_tag + is_store_post_o_tag/hc_o,0,240,0.0,0.0
pc_id_o_tag/hc_o + store_dest_addr_ex_o_tag,0,240,0.0,0.0
store_dest_addr_ex_o_tag + store_dest_addr_ex_o_tag/hc_o,0,240,0.0,0.0
store_dest_addr_ex_o_tag + store_source_ex_o_tag/hc_o,0,240,0.0,0.0
store_dest_addr_ex_o_tag + use_store_ops_ex_o/hc_o,0,240,0.0,0.0
alu_operand_a_ex_o_tag/hc_o + store_dest_addr_ex_o_tag,0,240,0.0,0.0
alu_operand_b_ex_o_tag/hc_o + store_dest_addr_ex_o_tag,0,240,0.0,0.0
alu_operand_c_ex_o_tag/hc_o + store_dest_addr_ex_o_tag,0,240,0.0,0.0
check_s1_o_tag/hc_o + store_dest_addr_ex_o_tag,0,240,0.0,0.0
check_s2_o_tag/hc_o + store_dest_addr_ex_o_tag,0,240,0.0,0.0
check_d_o_tag/hc_o + store_dest_addr_ex_o_tag,0,240,0.0,0.0
register_set_o_tag/hc_o + store_dest_addr_ex_o_tag,0,240,0.0,0.0
is_store_post_o_tag/hc_o + store_dest_addr_ex_o_tag,0,240,0.0,0.0
rs1_o_tag/hc_o + store_dest_addr_ex_o_tag,0,240,0.0,0.0
data_we_q_tag/hc_o + store_dest_addr_ex_o_tag,0,240,0.0,0.0
pc_id_o_tag/hc_o + store_source_ex_o_tag,0,240,0.0,0.0
store_dest_addr_ex_o_tag/hc_o + store_source_ex_o_tag,0,240,0.0,0.0
store_source_ex_o_tag + store_source_ex_o_tag/hc_o,0,240,0.0,0.0
store_source_ex_o_tag + use_store_ops_ex_o/hc_o,0,240,0.0,0.0
alu_operand_a_ex_o_tag/hc_o + store_source_ex_o_tag,0,240,0.0,0.0
alu_operand_b_ex_o_tag/hc_o + store_source_ex_o_tag,0,240,0.0,0.0
alu_operand_c_ex_o_tag/hc_o + store_source_ex_o_tag,0,240,0.0,0.0
check_s1_o_tag/hc_o + store_source_ex_o_tag,0,240,0.0,0.0
check_s2_o_tag/hc_o + store_source_ex_o_tag,0,240,0.0,0.0
check_d_o_tag/hc_o + store_source_ex_o_tag,0,240,0.0,0.0
register_set_o_tag/hc_o + store_source_ex_o_tag,0,240,0.0,0.0
is_store_post_o_tag/hc_o + store_source_ex_o_tag,0,240,0.0,0.0
rs1_o_tag/hc_o + store_source_ex_o_tag,0,240,0.0,0.0
data_we_q_tag/hc_o + store_source_ex_o_tag,0,240,0.0,0.0
pc_id_o_tag/hc_o + use_store_ops_ex_o,0,240,0.0,0.0
store_dest_addr_ex_o_tag/hc_o + use_store_ops_ex_o,0,240,0.0,0.0
store_source_ex_o_tag/hc_o + use_store_ops_ex_o,0,240,0.0,0.0
use_store_ops_ex_o + use_store_ops_ex_o/hc_o,0,240,0.0,0.0
alu_operand_a_ex_o_tag/hc_o + use_store_ops_ex_o,0,240,0.0,0.0
alu_operand_b_ex_o_tag/hc_o + use_store_ops_ex_o,0,240,0.0,0.0
alu_operand_c_ex_o_tag/hc_o + use_store_ops_ex_o,0,240,0.0,0.0
check_s1_o_tag/hc_o + use_store_ops_ex_o,0,240,0.0,0.0
check_s2_o_tag/hc_o + use_store_ops_ex_o,0,240,0.0,0.0
check_d_o_tag/hc_o + use_store_ops_ex_o,0,240,0.0,0.0
register_set_o_tag/hc_o + use_store_ops_ex_o,0,240,0.0,0.0
is_store_post_o_tag/hc_o + use_store_ops_ex_o,0,240,0.0,0.0
rs1_o_tag/hc_o + use_store_ops_ex_o,0,240,0.0,0.0
data_we_q_tag/hc_o + use_store_ops_ex_o,0,240,0.0,0.0
pc_id_o_tag/hc_o + rf_reg[0],0,240,0.0,0.0
rf_reg[0] + store_dest_addr_ex_o_tag/hc_o,0,240,0.0,0.0
rf_reg[0] + store_source_ex_o_tag/hc_o,0,240,0.0,0.0
rf_reg[0] + use_store_ops_ex_o/hc_o,0,240,0.0,0.0
alu_operand_a_ex_o_tag/hc_o + rf_reg[0],0,240,0.0,0.0
alu_operand_b_ex_o_tag/hc_o + rf_reg[0],0,240,0.0,0.0
alu_operand_c_ex_o_tag/hc_o + rf_reg[0],0,240,0.0,0.0
check_s1_o_tag/hc_o + rf_reg[0],0,240,0.0,0.0
check_s2_o_tag/hc_o + rf_reg[0],0,240,0.0,0.0
check_d_o_tag/hc_o + rf_reg[0],0,240,0.0,0.0
register_set_o_tag/hc_o + rf_reg[0],0,240,0.0,0.0
is_store_post_o_tag/hc_o + rf_reg[0],0,240,0.0,0.0
rf_reg[0] + rs1_o_tag/hc_o,0,240,0.0,0.0
alu_operand_a_ex_o_tag + rs1_o_tag/hc_o,0,240,0.0,0.0
alu_operand_a_ex_o_tag + data_we_q_tag/hc_o,0,240,0.0,0.0
data_we_q_tag/hc_o + rf_reg[0],0,240,0.0,0.0
pc_id_o_tag/hc_o + rf_reg[1],0,240,0.0,0.0
rf_reg[1] + store_dest_addr_ex_o_tag/hc_o,0,240,0.0,0.0
rf_reg[1] + store_source_ex_o_tag/hc_o,0,240,0.0,0.0
rf_reg[1] + use_store_ops_ex_o/hc_o,0,240,0.0,0.0
alu_operand_a_ex_o_tag/hc_o + rf_reg[1],0,240,0.0,0.0
alu_operand_b_ex_o_tag/hc_o + rf_reg[1],0,240,0.0,0.0
alu_operand_c_ex_o_tag/hc_o + rf_reg[1],0,240,0.0,0.0
check_s1_o_tag/hc_o + rf_reg[1],0,240,0.0,0.0
check_s2_o_tag/hc_o + rf_reg[1],0,240,0.0,0.0
check_d_o_tag/hc_o + rf_reg[1],0,240,0.0,0.0
register_set_o_tag/hc_o + rf_reg[1],0,240,0.0,0.0
is_store_post_o_tag/hc_o + rf_reg[1],0,240,0.0,0.0
rf_reg[1] + rs1_o_tag/hc_o,0,240,0.0,0.0
data_we_q_tag/hc_o + rf_reg[1],0,240,0.0,0.0
pc_id_o_tag/hc_o + rf_reg[2],0,240,0.0,0.0
rf_reg[2] + store_dest_addr_ex_o_tag/hc_o,0,240,0.0,0.0
rf_reg[2] + store_source_ex_o_tag/hc_o,0,240,0.0,0.0
rf_reg[2] + use_store_ops_ex_o/hc_o,0,240,0.0,0.0
alu_operand_a_ex_o_tag/hc_o + rf_reg[2],0,240,0.0,0.0
alu_operand_b_ex_o_tag/hc_o + rf_reg[2],0,240,0.0,0.0
alu_operand_c_ex_o_tag/hc_o + rf_reg[2],0,240,0.0,0.0
check_s1_o_tag/hc_o + rf_reg[2],0,240,0.0,0.0
check_s2_o_tag/hc_o + rf_reg[2],0,240,0.0,0.0
check_d_o_tag/hc_o + rf_reg[2],0,240,0.0,0.0
is_store_post_o_tag/hc_o + rf_reg[2],0,240,0.0,0.0
rf_reg[2] + rs1_o_tag/hc_o,0,240,0.0,0.0
data_we_q_tag/hc_o + rf_reg[2],0,240,0.0,0.0
pc_id_o_tag/hc_o + rf_reg[3],0,240,0.0,0.0
rf_reg[3] + store_dest_addr_ex_o_tag/hc_o,0,240,0.0,0.0
rf_reg[3] + store_source_ex_o_tag/hc_o,0,240,0.0,0.0
rf_reg[3] + use_store_ops_ex_o/hc_o,0,240,0.0,0.0
alu_operand_a_ex_o_tag/hc_o + rf_reg[3],0,240,0.0,0.0
alu_operand_b_ex_o_tag/hc_o + rf_reg[3],0,240,0.0,0.0
alu_operand_c_ex_o_tag/hc_o + rf_reg[3],0,240,0.0,0.0
check_s1_o_tag/hc_o + rf_reg[3],0,240,0.0,0.0
check_s2_o_tag/hc_o + rf_reg[3],0,240,0.0,0.0
check_d_o_tag/hc_o + rf_reg[3],0,240,0.0,0.0
register_set_o_tag/hc_o + rf_reg[3],0,240,0.0,0.0
is_store_post_o_tag/hc_o + rf_reg[3],0,240,0.0,0.0
rf_reg[3] + rs1_o_tag/hc_o,0,240,0.0,0.0
data_we_q_tag/hc_o + rf_reg[3],0,240,0.0,0.0
pc_id_o_tag/hc_o + rf_reg[4],0,240,0.0,0.0
rf_reg[4] + store_dest_addr_ex_o_tag/hc_o,0,240,0.0,0.0
rf_reg[4] + store_source_ex_o_tag/hc_o,0,240,0.0,0.0
rf_reg[4] + use_store_ops_ex_o/hc_o,0,240,0.0,0.0
alu_operand_a_ex_o_tag/hc_o + rf_reg[4],0,240,0.0,0.0
alu_operand_b_ex_o_tag/hc_o + rf_reg[4],0,240,0.0,0.0
alu_operand_c_ex_o_tag/hc_o + rf_reg[4],0,240,0.0,0.0
check_s1_o_tag/hc_o + rf_reg[4],0,240,0.0,0.0
check_s2_o_tag/hc_o + rf_reg[4],0,240,0.0,0.0
check_d_o_tag/hc_o + rf_reg[4],0,240,0.0,0.0
register_set_o_tag/hc_o + rf_reg[4],0,240,0.0,0.0
is_store_post_o_tag/hc_o + rf_reg[4],0,240,0.0,0.0
rf_reg[4] + rs1_o_tag/hc_o,0,240,0.0,0.0
csr_group14/hc_o + data_type_q_tag,0,240,0.0,0.0
csr_group18/hc_o + data_type_q_tag,0,240,0.0,0.0
csr_group19/hc_o + data_type_q_tag,0,240,0.0,0.0
csr_group20/hc_o + data_type_q_tag,0,240,0.0,0.0
csr_group14/hc_o + rdata_offset_q_tag,0,240,0.0,0.0
csr_group18/hc_o + rdata_offset_q_tag,0,240,0.0,0.0
csr_group19/hc_o + rdata_offset_q_tag,0,240,0.0,0.0
csr_group20/hc_o + rdata_offset_q_tag,0,240,0.0,0.0
alu_operator_o_mode + csr_group14/hc_o,0,240,0.0,0.0
alu_operator_o_mode + csr_group18/hc_o,0,240,0.0,0.0
alu_operator_o_mode + csr_group19/hc_o,0,240,0.0,0.0
alu_operator_o_mode + csr_group20/hc_o,0,240,0.0,0.0
csr_group14/hc_o + csr_group18/hc_o,0,240,0.0,0.0
csr_group14/hc_o + csr_group19/hc_o,0,240,0.0,0.0
csr_group14/hc_o + csr_group20/hc_o,0,240,0.0,0.0
csr_group18/hc_o + csr_group19/hc_o,0,240,0.0,0.0
csr_group18/hc_o + csr_group20/hc_o,0,240,0.0,0.0
csr_group19/hc_o + csr_group20/hc_o,0,240,0.0,0.0
alu_operand_a_ex_o_tag + tpr_arith/hc_o,0,228,0.0,0.0
alu_operand_a_ex_o_tag + tpr_branch/hc_o,0,228,0.0,0.0
alu_operand_a_ex_o_tag + tpr_jump/hc_o,0,228,0.0,0.0
alu_operand_a_ex_o_tag + tpr_shift/hc_o,0,228,0.0,0.0
alu_operand_a_ex_o_tag + tpr_comparison/hc_o,0,228,0.0,0.0
alu_operand_a_ex_o_tag + tpr_logical/hc_o,0,228,0.0,0.0
alu_operand_a_ex_o_tag + tcr_arith/hc_o,0,228,0.0,0.0
alu_operand_a_ex_o_tag + tcr_branch/hc_o,0,228,0.0,0.0
alu_operand_a_ex_o_tag + tcr_jump/hc_o,0,228,0.0,0.0
alu_operand_a_ex_o_tag + tcr_shift/hc_o,0,228,0.0,0.0
alu_operand_a_ex_o_tag + tcr_comparison/hc_o,0,228,0.0,0.0
alu_operand_a_ex_o_tag + tcr_logical/hc_o,0,228,0.0,0.0
alu_operand_a_ex_o_tag + tcr_load_store/hc_o,0,228,0.0,0.0
tpr_arith/hc_o + use_store_ops_ex_o,0,228,0.0,0.0
tpr_branch/hc_o + use_store_ops_ex_o,0,228,0.0,0.0
tpr_jump/hc_o + use_store_ops_ex_o,0,228,0.0,0.0
tpr_shift/hc_o + use_store_ops_ex_o,0,228,0.0,0.0
tpr_comparison/hc_o + use_store_ops_ex_o,0,228,0.0,0.0
tpr_logical/hc_o + use_store_ops_ex_o,0,228,0.0,0.0
tcr_arith/hc_o + use_store_ops_ex_o,0,228,0.0,0.0
tcr_branch/hc_o + use_store_ops_ex_o,0,228,0.0,0.0
tcr_jump/hc_o + use_store_ops_ex_o,0,228,0.0,0.0
tcr_shift/hc_o + use_store_ops_ex_o,0,228,0.0,0.0
tcr_comparison/hc_o + use_store_ops_ex_o,0,228,0.0,0.0
tcr_logical/hc_o + use_store_ops_ex_o,0,228,0.0,0.0
tcr_load_store/hc_o + use_store_ops_ex_o,0,228,0.0,0.0
rf_reg[0] + tpr_arith/hc_o,0,228,0.0,0.0
rf_reg[0] + tpr_branch/hc_o,0,228,0.0,0.0
rf_reg[0] + tpr_jump/hc_o,0,228,0.0,0.0
rf_reg[0] + tpr_shift/hc_o,0,228,0.0,0.0
rf_reg[0] + tpr_comparison/hc_o,0,228,0.0,0.0
rf_reg[0] + tpr_logical/hc_o,0,228,0.0,0.0
rf_reg[0] + tcr_arith/hc_o,0,228,0.0,0.0
rf_reg[0] + tcr_branch/hc_o,0,228,0.0,0.0
rf_reg[0] + tcr_jump/hc_o,0,228,0.0,0.0
rf_reg[0] + tcr_shift/hc_o,0,228,0.0,0.0
rf_reg[0] + tcr_comparison/hc_o,0,228,0.0,0.0
rf_reg[0] + tcr_logical/hc_o,0,228,0.0,0.0
rf_reg[0] + tcr_load_store/hc_o,0,228,0.0,0.0
rf_reg[1] + tpr_arith/hc_o,0,228,0.0,0.0
rf_reg[1] + tpr_branch/hc_o,0,228,0.0,0.0
rf_reg[1] + tpr_jump/hc_o,0,228,0.0,0.0
rf_reg[1] + tpr_shift/hc_o,0,228,0.0,0.0
rf_reg[1] + tpr_comparison/hc_o,0,228,0.0,0.0
rf_reg[1] + tpr_logical/hc_o,0,228,0.0,0.0
rf_reg[1] + tcr_arith/hc_o,0,228,0.0,0.0
rf_reg[1] + tcr_branch/hc_o,0,228,0.0,0.0
rf_reg[1] + tcr_jump/hc_o,0,228,0.0,0.0
rf_reg[1] + tcr_shift/hc_o,0,228,0.0,0.0
rf_reg[1] + tcr_comparison/hc_o,0,228,0.0,0.0
rf_reg[1] + tcr_logical/hc_o,0,228,0.0,0.0
rf_reg[1] + tcr_load_store/hc_o,0,228,0.0,0.0
rf_reg[2] + tpr_arith/hc_o,0,228,0.0,0.0
rf_reg[2] + tpr_branch/hc_o,0,228,0.0,0.0
rf_reg[2] + tpr_jump/hc_o,0,228,0.0,0.0
rf_reg[2] + tpr_shift/hc_o,0,228,0.0,0.0
rf_reg[2] + tpr_comparison/hc_o,0,228,0.0,0.0
rf_reg[2] + tpr_logical/hc_o,0,228,0.0,0.0
rf_reg[2] + tcr_arith/hc_o,0,228,0.0,0.0
rf_reg[2] + tcr_branch/hc_o,0,228,0.0,0.0
rf_reg[2] + tcr_jump/hc_o,0,228,0.0,0.0
rf_reg[2] + tcr_shift/hc_o,0,228,0.0,0.0
rf_reg[2] + tcr_comparison/hc_o,0,228,0.0,0.0
rf_reg[2] + tcr_logical/hc_o,0,228,0.0,0.0
rf_reg[2] + tcr_load_store/hc_o,0,228,0.0,0.0
rf_reg[3] + tpr_arith/hc_o,0,228,0.0,0.0
rf_reg[3] + tpr_branch/hc_o,0,228,0.0,0.0
rf_reg[3] + tpr_jump/hc_o,0,228,0.0,0.0
rf_reg[3] + tpr_shift/hc_o,0,228,0.0,0.0
rf_reg[3] + tpr_comparison/hc_o,0,228,0.0,0.0
rf_reg[3] + tpr_logical/hc_o,0,228,0.0,0.0
rf_reg[3] + tcr_arith/hc_o,0,228,0.0,0.0
rf_reg[3] + tcr_branch/hc_o,0,228,0.0,0.0
rf_reg[3] + tcr_jump/hc_o,0,228,0.0,0.0
rf_reg[3] + tcr_shift/hc_o,0,228,0.0,0.0
rf_reg[3] + tcr_comparison/hc_o,0,228,0.0,0.0
rf_reg[3] + tcr_logical/hc_o,0,228,0.0,0.0
rf_reg[3] + tcr_load_store/hc_o,0,228,0.0,0.0
rf_reg[4] + tpr_arith/hc_o,0,228,0.0,0.0
rf_reg[4] + tpr_branch/hc_o,0,228,0.0,0.0
rf_reg[4] + tpr_jump/hc_o,0,228,0.0,0.0
rf_reg[4] + tpr_shift/hc_o,0,228,0.0,0.0
rf_reg[4] + tpr_comparison/hc_o,0,228,0.0,0.0
rf_reg[4] + tpr_logical/hc_o,0,228,0.0,0.0
rf_reg[4] + tcr_arith/hc_o,0,228,0.0,0.0
rf_reg[4] + tcr_branch/hc_o,0,228,0.0,0.0
rf_reg[4] + tcr_jump/hc_o,0,228,0.0,0.0
rf_reg[4] + tcr_shift/hc_o,0,228,0.0,0.0
rf_reg[4] + tcr_comparison/hc_o,0,228,0.0,0.0
rf_reg[4] + tcr_logical/hc_o,0,228,0.0,0.0
rf_reg[4] + tcr_load_store/hc_o,0,228,0.0,0.0
rf_reg[5] + tpr_arith/hc_o,0,228,0.0,0.0
rf_reg[5] + tpr_branch/hc_o,0,228,0.0,0.0
rf_reg[5] + tpr_jump/hc_o,0,228,0.0,0.0
rf_reg[5] + tpr_shift/hc_o,0,228,0.0,0.0
rf_reg[5] + tpr_comparison/hc_o,0,228,0.0,0.0
rf_reg[5] + tpr_logical/hc_o,0,228,0.0,0.0
rf_reg[5] + tcr_arith/hc_o,0,228,0.0,0.0
rf_reg[5] + tcr_branch/hc_o,0,228,0.0,0.0
rf_reg[5] + tcr_jump/hc_o,0,228,0.0,0.0
rf_reg[5] + tcr_shift/hc_o,0,228,0.0,0.0
rf_reg[5] + tcr_comparison/hc_o,0,228,0.0,0.0
rf_reg[5] + tcr_logical/hc_o,0,228,0.0,0.0
rf_reg[5] + tcr_load_store/hc_o,0,228,0.0,0.0
rf_reg[6] + tpr_arith/hc_o,0,228,0.0,0.0
rf_reg[6] + tpr_branch/hc_o,0,228,0.0,0.0
rf_reg[6] + tpr_jump/hc_o,0,228,0.0,0.0
rf_reg[6] + tpr_shift/hc_o,0,228,0.0,0.0
rf_reg[6] + tpr_comparison/hc_o,0,228,0.0,0.0
rf_reg[6] + tpr_logical/hc_o,0,228,0.0,0.0
rf_reg[6] + tcr_arith/hc_o,0,228,0.0,0.0
rf_reg[6] + tcr_branch/hc_o,0,228,0.0,0.0
rf_reg[6] + tcr_jump/hc_o,0,228,0.0,0.0
rf_reg[6] + tcr_shift/hc_o,0,228,0.0,0.0
rf_reg[6] + tcr_comparison/hc_o,0,228,0.0,0.0
rf_reg[6] + tcr_logical/hc_o,0,228,0.0,0.0
rf_reg[6] + tcr_load_store/hc_o,0,228,0.0,0.0
rf_reg[7] + tpr_arith/hc_o,0,228,0.0,0.0
rf_reg[7] + tpr_branch/hc_o,0,228,0.0,0.0
rf_reg[7] + tpr_jump/hc_o,0,228,0.0,0.0
rf_reg[7] + tpr_shift/hc_o,0,228,0.0,0.0
rf_reg[7] + tpr_comparison/hc_o,0,228,0.0,0.0
rf_reg[7] + tpr_logical/hc_o,0,228,0.0,0.0
rf_reg[7] + tcr_arith/hc_o,0,228,0.0,0.0
rf_reg[7] + tcr_branch/hc_o,0,228,0.0,0.0
rf_reg[7] + tcr_jump/hc_o,0,228,0.0,0.0
rf_reg[7] + tcr_shift/hc_o,0,228,0.0,0.0
rf_reg[7] + tcr_comparison/hc_o,0,228,0.0,0.0
rf_reg[7] + tcr_logical/hc_o,0,228,0.0,0.0
rf_reg[7] + tcr_load_store/hc_o,0,228,0.0,0.0
rf_reg[8] + tpr_arith/hc_o,0,228,0.0,0.0
rf_reg[8] + tpr_branch/hc_o,0,228,0.0,0.0
rf_reg[8] + tpr_jump/hc_o,0,228,0.0,0.0
rf_reg[8] + tpr_shift/hc_o,0,228,0.0,0.0
rf_reg[8] + tpr_comparison/hc_o,0,228,0.0,0.0
rf_reg[8] + tpr_logical/hc_o,0,228,0.0,0.0
rf_reg[8] + tcr_arith/hc_o,0,228,0.0,0.0
rf_reg[8] + tcr_branch/hc_o,0,228,0.0,0.0
rf_reg[8] + tcr_jump/hc_o,0,228,0.0,0.0
rf_reg[8] + tcr_shift/hc_o,0,228,0.0,0.0
rf_reg[8] + tcr_comparison/hc_o,0,228,0.0,0.0
rf_reg[8] + tcr_logical/hc_o,0,228,0.0,0.0
rf_reg[8] + tcr_load_store/hc_o,0,228,0.0,0.0
rf_reg[9] + tpr_arith/hc_o,0,228,0.0,0.0
rf_reg[9] + tpr_branch/hc_o,0,228,0.0,0.0
rf_reg[9] + tpr_jump/hc_o,0,228,0.0,0.0
rf_reg[9] + tpr_shift/hc_o,0,228,0.0,0.0
rf_reg[9] + tpr_comparison/hc_o,0,228,0.0,0.0
rf_reg[9] + tpr_logical/hc_o,0,228,0.0,0.0
rf_reg[9] + tcr_arith/hc_o,0,228,0.0,0.0
rf_reg[9] + tcr_branch/hc_o,0,228,0.0,0.0
rf_reg[9] + tcr_jump/hc_o,0,228,0.0,0.0
rf_reg[9] + tcr_shift/hc_o,0,228,0.0,0.0
rf_reg[9] + tcr_comparison/hc_o,0,228,0.0,0.0
rf_reg[9] + tcr_logical/hc_o,0,228,0.0,0.0
rf_reg[9] + tcr_load_store/hc_o,0,228,0.0,0.0
alu_operand_b_ex_o_tag + tpr_arith/hc_o,0,228,0.0,0.0
alu_operand_b_ex_o_tag + tpr_branch/hc_o,0,228,0.0,0.0
alu_operand_b_ex_o_tag + tpr_jump/hc_o,0,228,0.0,0.0
alu_operand_b_ex_o_tag + tpr_shift/hc_o,0,228,0.0,0.0
alu_operand_b_ex_o_tag + tpr_comparison/hc_o,0,228,0.0,0.0
alu_operand_b_ex_o_tag + tpr_logical/hc_o,0,228,0.0,0.0
alu_operand_b_ex_o_tag + tcr_arith/hc_o,0,228,0.0,0.0
alu_operand_b_ex_o_tag + tcr_branch/hc_o,0,228,0.0,0.0
rf_reg[10] + tpr_arith/hc_o,0,228,0.0,0.0
rf_reg[10] + tpr_branch/hc_o,0,228,0.0,0.0
rf_reg[10] + tpr_jump/hc_o,0,228,0.0,0.0
rf_reg[10] + tpr_shift/hc_o,0,228,0.0,0.0
rf_reg[10] + tpr_comparison/hc_o,0,228,0.0,0.0
rf_reg[10] + tpr_logical/hc_o,0,228,0.0,0.0
rf_reg[10] + tcr_arith/hc_o,0,228,0.0,0.0
rf_reg[10] + tcr_branch/hc_o,0,228,0.0,0.0
rf_reg[10] + tcr_jump/hc_o,0,228,0.0,0.0
rf_reg[10] + tcr_shift/hc_o,0,228,0.0,0.0
rf_reg[10] + tcr_comparison/hc_o,0,228,0.0,0.0
rf_reg[10] + tcr_logical/hc_o,0,228,0.0,0.0
rf_reg[10] + tcr_load_store/hc_o,0,228,0.0,0.0
rf_reg[11] + tpr_arith/hc_o,0,228,0.0,0.0
rf_reg[11] + tpr_branch/hc_o,0,228,0.0,0.0
rf_reg[11] + tpr_jump/hc_o,0,228,0.0,0.0
rf_reg[11] + tpr_shift/hc_o,0,228,0.0,0.0
rf_reg[11] + tpr_comparison/hc_o,0,228,0.0,0.0
rf_reg[11] + tpr_logical/hc_o,0,228,0.0,0.0
rf_reg[11] + tcr_arith/hc_o,0,228,0.0,0.0
rf_reg[11] + tcr_branch/hc_o,0,228,0.0,0.0
rf_reg[11] + tcr_jump/hc_o,0,228,0.0,0.0
rf_reg[11] + tcr_shift/hc_o,0,228,0.0,0.0
rf_reg[11] + tcr_comparison/hc_o,0,228,0.0,0.0
rf_reg[11] + tcr_logical/hc_o,0,228,0.0,0.0
rf_reg[11] + tcr_load_store/hc_o,0,228,0.0,0.0
rf_reg[12] + tpr_arith/hc_o,0,228,0.0,0.0
rf_reg[12] + tpr_branch/hc_o,0,228,0.0,0.0
rf_reg[12] + tpr_jump/hc_o,0,228,0.0,0.0
rf_reg[12] + tpr_shift/hc_o,0,228,0.0,0.0
rf_reg[12] + tpr_comparison/hc_o,0,228,0.0,0.0
rf_reg[12] + tpr_logical/hc_o,0,228,0.0,0.0
rf_reg[12] + tcr_arith/hc_o,0,228,0.0,0.0
rf_reg[12] + tcr_branch/hc_o,0,228,0.0,0.0
rf_reg[12] + tcr_jump/hc_o,0,228,0.0,0.0
rf_reg[12] + tcr_shift/hc_o,0,228,0.0,0.0
rf_reg[12] + tcr_comparison/hc_o,0,228,0.0,0.0
rf_reg[12] + tcr_logical/hc_o,0,228,0.0,0.0
rf_reg[12] + tcr_load_store/hc_o,0,228,0.0,0.0
rf_reg[13] + tpr_arith/hc_o,0,228,0.0,0.0
rf_reg[13] + tpr_branch/hc_o,0,228,0.0,0.0
rf_reg[13] + tpr_jump/hc_o,0,228,0.0,0.0
alu_operand_b_ex_o_tag + tcr_jump/hc_o,0,228,0.0,0.0
alu_operand_b_ex_o_tag + tcr_shift/hc_o,0,228,0.0,0.0
alu_operand_b_ex_o_tag + tcr_comparison/hc_o,0,228,0.0,0.0
alu_operand_b_ex_o_tag + tcr_logical/hc_o,0,228,0.0,0.0
alu_operand_b_ex_o_tag + tcr_load_store/hc_o,0,228,0.0,0.0
rf_reg[13] + tpr_shift/hc_o,0,228,0.0,0.0
rf_reg[13] + tpr_comparison/hc_o,0,228,0.0,0.0
rf_reg[13] + tpr_logical/hc_o,0,228,0.0,0.0
rf_reg[13] + tcr_arith/hc_o,0,228,0.0,0.0
rf_reg[13] + tcr_branch/hc_o,0,228,0.0,0.0
rf_reg[13] + tcr_jump/hc_o,0,228,0.0,0.0
rf_reg[13] + tcr_shift/hc_o,0,228,0.0,0.0
rf_reg[13] + tcr_comparison/hc_o,0,228,0.0,0.0
rf_reg[13] + tcr_logical/hc_o,0,228,0.0,0.0
rf_reg[13] + tcr_load_store/hc_o,0,228,0.0,0.0
rf_reg[14] + tpr_arith/hc_o,0,228,0.0,0.0
rf_reg[14] + tpr_branch/hc_o,0,228,0.0,0.0
rf_reg[14] + tpr_jump/hc_o,0,228,0.0,0.0
rf_reg[14] + tpr_shift/hc_o,0,228,0.0,0.0
rf_reg[14] + tpr_comparison/hc_o,0,228,0.0,0.0
rf_reg[14] + tpr_logical/hc_o,0,228,0.0,0.0
rf_reg[14] + tcr_arith/hc_o,0,228,0.0,0.0
rf_reg[14] + tcr_branch/hc_o,0,228,0.0,0.0
rf_reg[14] + tcr_jump/hc_o,0,228,0.0,0.0
rf_reg[14] + tcr_shift/hc_o,0,228,0.0,0.0
rf_reg[14] + tcr_comparison/hc_o,0,228,0.0,0.0
rf_reg[14] + tcr_logical/hc_o,0,228,0.0,0.0
rf_reg[14] + tcr_load_store/hc_o,0,228,0.0,0.0
rf_reg[15] + tpr_arith/hc_o,0,228,0.0,0.0
rf_reg[15] + tpr_branch/hc_o,0,228,0.0,0.0
rf_reg[15] + tpr_jump/hc_o,0,228,0.0,0.0
rf_reg[15] + tpr_shift/hc_o,0,228,0.0,0.0
rf_reg[15] + tpr_comparison/hc_o,0,228,0.0,0.0
rf_reg[15] + tpr_logical/hc_o,0,228,0.0,0.0
rf_reg[15] + tcr_arith/hc_o,0,228,0.0,0.0
rf_reg[15] + tcr_branch/hc_o,0,228,0.0,0.0
rf_reg[15] + tcr_jump/hc_o,0,228,0.0,0.0
rf_reg[15] + tcr_shift/hc_o,0,228,0.0,0.0
rf_reg[15] + tcr_comparison/hc_o,0,228,0.0,0.0
rf_reg[15] + tcr_logical/hc_o,0,228,0.0,0.0
rf_reg[15] + tcr_load_store/hc_o,0,228,0.0,0.0
rf_reg[16] + tpr_arith/hc_o,0,228,0.0,0.0
rf_reg[16] + tpr_branch/hc_o,0,228,0.0,0.0
rf_reg[16] + tpr_jump/hc_o,0,228,0.0,0.0
rf_reg[16] + tpr_shift/hc_o,0,228,0.0,0.0
rf_reg[16] + tpr_comparison/hc_o,0,228,0.0,0.0
rf_reg[16] + tpr_logical/hc_o,0,228,0.0,0.0
rf_reg[16] + tcr_arith/hc_o,0,228,0.0,0.0
rf_reg[16] + tcr_branch/hc_o,0,228,0.0,0.0
rf_reg[16] + tcr_jump/hc_o,0,228,0.0,0.0
rf_reg[16] + tcr_shift/hc_o,0,228,0.0,0.0
rf_reg[16] + tcr_comparison/hc_o,0,228,0.0,0.0
rf_reg[16] + tcr_logical/hc_o,0,228,0.0,0.0
rf_reg[16] + tcr_load_store/hc_o,0,228,0.0,0.0
rf_reg[17] + tpr_arith/hc_o,0,228,0.0,0.0
rf_reg[17] + tpr_branch/hc_o,0,228,0.0,0.0
rf_reg[17] + tpr_jump/hc_o,0,228,0.0,0.0
rf_reg[17] + tpr_shift/hc_o,0,228,0.0,0.0
rf_reg[17] + tpr_comparison/hc_o,0,228,0.0,0.0
rf_reg[17] + tpr_logical/hc_o,0,228,0.0,0.0
rf_reg[17] + tcr_arith/hc_o,0,228,0.0,0.0
rf_reg[17] + tcr_branch/hc_o,0,228,0.0,0.0
rf_reg[17] + tcr_jump/hc_o,0,228,0.0,0.0
rf_reg[17] + tcr_shift/hc_o,0,228,0.0,0.0
rf_reg[17] + tcr_comparison/hc_o,0,228,0.0,0.0
rf_reg[17] + tcr_logical/hc_o,0,228,0.0,0.0
rf_reg[17] + tcr_load_store/hc_o,0,228,0.0,0.0
rf_reg[18] + tpr_arith/hc_o,0,228,0.0,0.0
rf_reg[18] + tpr_branch/hc_o,0,228,0.0,0.0
rf_reg[18] + tpr_jump/hc_o,0,228,0.0,0.0
rf_reg[18] + tpr_shift/hc_o,0,228,0.0,0.0
rf_reg[18] + tpr_comparison/hc_o,0,228,0.0,0.0
rf_reg[18] + tpr_logical/hc_o,0,228,0.0,0.0
rf_reg[18] + tcr_arith/hc_o,0,228,0.0,0.0
rf_reg[18] + tcr_branch/hc_o,0,228,0.0,0.0
rf_reg[18] + tcr_jump/hc_o,0,228,0.0,0.0
rf_reg[18] + tcr_shift/hc_o,0,228,0.0,0.0
rf_reg[18] + tcr_comparison/hc_o,0,228,0.0,0.0
rf_reg[18] + tcr_logical/hc_o,0,228,0.0,0.0
rf_reg[18] + tcr_load_store/hc_o,0,228,0.0,0.0
rf_reg[19] + tpr_arith/hc_o,0,228,0.0,0.0
rf_reg[19] + tpr_branch/hc_o,0,228,0.0,0.0
rf_reg[19] + tpr_jump/hc_o,0,228,0.0,0.0
rf_reg[19] + tpr_shift/hc_o,0,228,0.0,0.0
rf_reg[19] + tpr_comparison/hc_o,0,228,0.0,0.0
rf_reg[19] + tpr_logical/hc_o,0,228,0.0,0.0
rf_reg[19] + tcr_arith/hc_o,0,228,0.0,0.0
rf_reg[19] + tcr_branch/hc_o,0,228,0.0,0.0
rf_reg[19] + tcr_jump/hc_o,0,228,0.0,0.0
rf_reg[19] + tcr_shift/hc_o,0,228,0.0,0.0
rf_reg[19] + tcr_comparison/hc_o,0,228,0.0,0.0
rf_reg[19] + tcr_logical/hc_o,0,228,0.0,0.0
rf_reg[19] + tcr_load_store/hc_o,0,228,0.0,0.0
rf_reg[20] + tpr_arith/hc_o,0,228,0.0,0.0
rf_reg[20] + tpr_branch/hc_o,0,228,0.0,0.0
rf_reg[20] + tpr_jump/hc_o,0,228,0.0,0.0
rf_reg[20] + tpr_shift/hc_o,0,228,0.0,0.0
rf_reg[20] + tpr_comparison/hc_o,0,228,0.0,0.0
rf_reg[20] + tpr_logical/hc_o,0,228,0.0,0.0
rf_reg[20] + tcr_arith/hc_o,0,228,0.0,0.0
rf_reg[20] + tcr_branch/hc_o,0,228,0.0,0.0
rf_reg[20] + tcr_jump/hc_o,0,228,0.0,0.0
rf_reg[20] + tcr_shift/hc_o,0,228,0.0,0.0
rf_reg[20] + tcr_comparison/hc_o,0,228,0.0,0.0
rf_reg[20] + tcr_logical/hc_o,0,228,0.0,0.0
rf_reg[20] + tcr_load_store/hc_o,0,228,0.0,0.0
alu_operand_c_ex_o_tag + tpr_arith/hc_o,0,228,0.0,0.0
alu_operand_c_ex_o_tag + tpr_branch/hc_o,0,228,0.0,0.0
alu_operand_c_ex_o_tag + tpr_jump/hc_o,0,228,0.0,0.0
alu_operand_c_ex_o_tag + tpr_shift/hc_o,0,228,0.0,0.0
rf_reg[21] + tpr_arith/hc_o,0,228,0.0,0.0
rf_reg[21] + tpr_branch/hc_o,0,228,0.0,0.0
rf_reg[21] + tpr_jump/hc_o,0,228,0.0,0.0
rf_reg[21] + tpr_shift/hc_o,0,228,0.0,0.0
rf_reg[21] + tpr_comparison/hc_o,0,228,0.0,0.0
rf_reg[21] + tpr_logical/hc_o,0,228,0.0,0.0
rf_reg[21] + tcr_arith/hc_o,0,228,0.0,0.0
rf_reg[21] + tcr_branch/hc_o,0,228,0.0,0.0
rf_reg[21] + tcr_jump/hc_o,0,228,0.0,0.0
rf_reg[21] + tcr_shift/hc_o,0,228,0.0,0.0
rf_reg[21] + tcr_comparison/hc_o,0,228,0.0,0.0
rf_reg[21] + tcr_logical/hc_o,0,228,0.0,0.0
rf_reg[21] + tcr_load_store/hc_o,0,228,0.0,0.0
rf_reg[22] + tpr_arith/hc_o,0,228,0.0,0.0
rf_reg[22] + tpr_branch/hc_o,0,228,0.0,0.0
rf_reg[22] + tpr_jump/hc_o,0,228,0.0,0.0
rf_reg[22] + tpr_shift/hc_o,0,228,0.0,0.0
rf_reg[22] + tpr_comparison/hc_o,0,228,0.0,0.0
rf_reg[22] + tpr_logical/hc_o,0,228,0.0,0.0
rf_reg[22] + tcr_arith/hc_o,0,228,0.0,0.0
rf_reg[22] + tcr_branch/hc_o,0,228,0.0,0.0
rf_reg[22] + tcr_jump/hc_o,0,228,0.0,0.0
rf_reg[22] + tcr_shift/hc_o,0,228,0.0,0.0
rf_reg[22] + tcr_comparison/hc_o,0,228,0.0,0.0
rf_reg[22] + tcr_logical/hc_o,0,228,0.0,0.0
rf_reg[22] + tcr_load_store/hc_o,0,228,0.0,0.0
rf_reg[23] + tpr_arith/hc_o,0,228,0.0,0.0
rf_reg[23] + tpr_branch/hc_o,0,228,0.0,0.0
rf_reg[23] + tpr_jump/hc_o,0,228,0.0,0.0
rf_reg[23] + tpr_shift/hc_o,0,228,0.0,0.0
rf_reg[23] + tpr_comparison/hc_o,0,228,0.0,0.0
rf_reg[23] + tpr_logical/hc_o,0,228,0.0,0.0
rf_reg[23] + tcr_arith/hc_o,0,228,0.0,0.0
rf_reg[23] + tcr_branch/hc_o,0,228,0.0,0.0
rf_reg[23] + tcr_jump/hc_o,0,228,0.0,0.0
rf_reg[23] + tcr_shift/hc_o,0,228,0.0,0.0
rf_reg[23] + tcr_comparison/hc_o,0,228,0.0,0.0
rf_reg[23] + tcr_logical/hc_o,0,228,0.0,0.0
rf_reg[23] + tcr_load_store/hc_o,0,228,0.0,0.0
rf_reg[24] + tpr_arith/hc_o,0,228,0.0,0.0
rf_reg[24] + tpr_branch/hc_o,0,228,0.0,0.0
rf_reg[24] + tpr_jump/hc_o,0,228,0.0,0.0
rf_reg[24] + tpr_shift/hc_o,0,228,0.0,0.0
rf_reg[24] + tpr_comparison/hc_o,0,228,0.0,0.0
rf_reg[24] + tpr_logical/hc_o,0,228,0.0,0.0
rf_reg[24] + tcr_arith/hc_o,0,228,0.0,0.0
rf_reg[24] + tcr_branch/hc_o,0,228,0.0,0.0
rf_reg[24] + tcr_jump/hc_o,0,228,0.0,0.0
rf_reg[24] + tcr_shift/hc_o,0,228,0.0,0.0
rf_reg[24] + tcr_comparison/hc_o,0,228,0.0,0.0
rf_reg[24] + tcr_logical/hc_o,0,228,0.0,0.0
rf_reg[24] + tcr_load_store/hc_o,0,228,0.0,0.0
alu_operand_c_ex_o_tag + tpr_comparison/hc_o,0,228,0.0,0.0
alu_operand_c_ex_o_tag + tpr_logical/hc_o,0,228,0.0,0.0
alu_operand_c_ex_o_tag + tcr_arith/hc_o,0,228,0.0,0.0
alu_operand_c_ex_o_tag + tcr_branch/hc_o,0,228,0.0,0.0
alu_operand_c_ex_o_tag + tcr_jump/hc_o,0,228,0.0,0.0
alu_operand_c_ex_o_tag + tcr_shift/hc_o,0,228,0.0,0.0
alu_operand_c_ex_o_tag + tcr_comparison/hc_o,0,228,0.0,0.0
alu_operand_c_ex_o_tag + tcr_logical/hc_o,0,228,0.0,0.0
alu_operand_c_ex_o_tag + tcr_load_store/hc_o,0,228,0.0,0.0
rf_reg[25] + tpr_arith/hc_o,0,228,0.0,0.0
rf_reg[25] + tpr_branch/hc_o,0,228,0.0,0.0
rf_reg[25] + tpr_jump/hc_o,0,228,0.0,0.0
rf_reg[25] + tpr_shift/hc_o,0,228,0.0,0.0
rf_reg[25] + tpr_comparison/hc_o,0,228,0.0,0.0
rf_reg[25] + tpr_logical/hc_o,0,228,0.0,0.0
rf_reg[25] + tcr_arith/hc_o,0,228,0.0,0.0
rf_reg[25] + tcr_branch/hc_o,0,228,0.0,0.0
rf_reg[25] + tcr_jump/hc_o,0,228,0.0,0.0
rf_reg[25] + tcr_shift/hc_o,0,228,0.0,0.0
rf_reg[25] + tcr_comparison/hc_o,0,228,0.0,0.0
rf_reg[25] + tcr_logical/hc_o,0,228,0.0,0.0
rf_reg[25] + tcr_load_store/hc_o,0,228,0.0,0.0
rf_reg[26] + tpr_arith/hc_o,0,228,0.0,0.0
rf_reg[26] + tpr_branch/hc_o,0,228,0.0,0.0
rf_reg[26] + tpr_jump/hc_o,0,228,0.0,0.0
rf_reg[26] + tpr_shift/hc_o,0,228,0.0,0.0
rf_reg[26] + tpr_comparison/hc_o,0,228,0.0,0.0
rf_reg[26] + tpr_logical/hc_o,0,228,0.0,0.0
rf_reg[26] + tcr_arith/hc_o,0,228,0.0,0.0
rf_reg[26] + tcr_branch/hc_o,0,228,0.0,0.0
rf_reg[26] + tcr_jump/hc_o,0,228,0.0,0.0
rf_reg[26] + tcr_shift/hc_o,0,228,0.0,0.0
rf_reg[26] + tcr_comparison/hc_o,0,228,0.0,0.0
rf_reg[26] + tcr_logical/hc_o,0,228,0.0,0.0
rf_reg[26] + tcr_load_store/hc_o,0,228,0.0,0.0
rf_reg[27] + tpr_arith/hc_o,0,228,0.0,0.0
rf_reg[27] + tpr_branch/hc_o,0,228,0.0,0.0
rf_reg[27] + tpr_jump/hc_o,0,228,0.0,0.0
rf_reg[27] + tpr_shift/hc_o,0,228,0.0,0.0
rf_reg[27] + tpr_comparison/hc_o,0,228,0.0,0.0
rf_reg[27] + tpr_logical/hc_o,0,228,0.0,0.0
rf_reg[27] + tcr_arith/hc_o,0,228,0.0,0.0
rf_reg[27] + tcr_branch/hc_o,0,228,0.0,0.0
rf_reg[27] + tcr_jump/hc_o,0,228,0.0,0.0
rf_reg[27] + tcr_shift/hc_o,0,228,0.0,0.0
rf_reg[27] + tcr_comparison/hc_o,0,228,0.0,0.0
rf_reg[27] + tcr_logical/hc_o,0,228,0.0,0.0
rf_reg[27] + tcr_load_store/hc_o,0,228,0.0,0.0
rf_reg[28] + tpr_arith/hc_o,0,228,0.0,0.0
rf_reg[28] + tpr_branch/hc_o,0,228,0.0,0.0
rf_reg[28] + tpr_jump/hc_o,0,228,0.0,0.0
rf_reg[28] + tpr_shift/hc_o,0,228,0.0,0.0
rf_reg[28] + tpr_comparison/hc_o,0,228,0.0,0.0
rf_reg[28] + tpr_logical/hc_o,0,228,0.0,0.0
rf_reg[28] + tcr_arith/hc_o,0,228,0.0,0.0
rf_reg[28] + tcr_branch/hc_o,0,228,0.0,0.0
rf_reg[28] + tcr_jump/hc_o,0,228,0.0,0.0
rf_reg[28] + tcr_shift/hc_o,0,228,0.0,0.0
rf_reg[28] + tcr_comparison/hc_o,0,228,0.0,0.0
rf_reg[28] + tcr_logical/hc_o,0,228,0.0,0.0
rf_reg[28] + tcr_load_store/hc_o,0,228,0.0,0.0
rf_reg[29] + tpr_arith/hc_o,0,228,0.0,0.0
rf_reg[29] + tpr_branch/hc_o,0,228,0.0,0.0
rf_reg[29] + tpr_jump/hc_o,0,228,0.0,0.0
rf_reg[29] + tpr_shift/hc_o,0,228,0.0,0.0
rf_reg[29] + tpr_comparison/hc_o,0,228,0.0,0.0
rf_reg[29] + tpr_logical/hc_o,0,228,0.0,0.0
rf_reg[29] + tcr_arith/hc_o,0,228,0.0,0.0
rf_reg[29] + tcr_branch/hc_o,0,228,0.0,0.0
rf_reg[29] + tcr_jump/hc_o,0,228,0.0,0.0
rf_reg[29] + tcr_shift/hc_o,0,228,0.0,0.0
rf_reg[29] + tcr_comparison/hc_o,0,228,0.0,0.0
rf_reg[29] + tcr_logical/hc_o,0,228,0.0,0.0
rf_reg[29] + tcr_load_store/hc_o,0,228,0.0,0.0
rf_reg[30] + tpr_arith/hc_o,0,228,0.0,0.0
rf_reg[30] + tpr_branch/hc_o,0,228,0.0,0.0
rf_reg[30] + tpr_jump/hc_o,0,228,0.0,0.0
rf_reg[30] + tpr_shift/hc_o,0,228,0.0,0.0
rf_reg[30] + tpr_comparison/hc_o,0,228,0.0,0.0
rf_reg[30] + tpr_logical/hc_o,0,228,0.0,0.0
rf_reg[30] + tcr_arith/hc_o,0,228,0.0,0.0
rf_reg[30] + tcr_branch/hc_o,0,228,0.0,0.0
rf_reg[30] + tcr_jump/hc_o,0,228,0.0,0.0
rf_reg[30] + tcr_shift/hc_o,0,228,0.0,0.0
rf_reg[30] + tcr_comparison/hc_o,0,228,0.0,0.0
rf_reg[30] + tcr_logical/hc_o,0,228,0.0,0.0
rf_reg[30] + tcr_load_store/hc_o,0,228,0.0,0.0
rf_reg[31] + tpr_arith/hc_o,0,228,0.0,0.0
rf_reg[31] + tpr_branch/hc_o,0,228,0.0,0.0
rf_reg[31] + tpr_jump/hc_o,0,228,0.0,0.0
rf_reg[31] + tpr_shift/hc_o,0,228,0.0,0.0
rf_reg[31] + tpr_comparison/hc_o,0,228,0.0,0.0
rf_reg[31] + tpr_logical/hc_o,0,228,0.0,0.0
rf_reg[31] + tcr_arith/hc_o,0,228,0.0,0.0
rf_reg[31] + tcr_branch/hc_o,0,228,0.0,0.0
rf_reg[31] + tcr_jump/hc_o,0,228,0.0,0.0
rf_reg[31] + tcr_shift/hc_o,0,228,0.0,0.0
rf_reg[31] + tcr_comparison/hc_o,0,228,0.0,0.0
rf_reg[31] + tcr_logical/hc_o,0,228,0.0,0.0
rf_reg[31] + tcr_load_store/hc_o,0,228,0.0,0.0
rs1_o_tag + tpr_arith/hc_o,0,228,0.0,0.0
rs1_o_tag + tpr_branch/hc_o,0,228,0.0,0.0
rs1_o_tag + tpr_jump/hc_o,0,228,0.0,0.0
rs1_o_tag + tpr_shift/hc_o,0,228,0.0,0.0
rs1_o_tag + tpr_comparison/hc_o,0,228,0.0,0.0
rs1_o_tag + tpr_logical/hc_o,0,228,0.0,0.0
rs1_o_tag + tcr_arith/hc_o,0,228,0.0,0.0
rs1_o_tag + tcr_branch/hc_o,0,228,0.0,0.0
rs1_o_tag + tcr_jump/hc_o,0,228,0.0,0.0
rs1_o_tag + tcr_shift/hc_o,0,228,0.0,0.0
rs1_o_tag + tcr_comparison/hc_o,0,228,0.0,0.0
rs1_o_tag + tcr_logical/hc_o,0,228,0.0,0.0
rs1_o_tag + tcr_load_store/hc_o,0,228,0.0,0.0
data_we_q_tag + tpr_arith/hc_o,0,228,0.0,0.0
data_we_q_tag + tpr_branch/hc_o,0,228,0.0,0.0
data_we_q_tag + tpr_jump/hc_o,0,228,0.0,0.0
data_we_q_tag + tpr_shift/hc_o,0,228,0.0,0.0
data_we_q_tag + tpr_comparison/hc_o,0,228,0.0,0.0
data_we_q_tag + tpr_logical/hc_o,0,228,0.0,0.0
data_we_q_tag + tcr_arith/hc_o,0,228,0.0,0.0
data_we_q_tag + tcr_branch/hc_o,0,228,0.0,0.0
data_we_q_tag + tcr_jump/hc_o,0,228,0.0,0.0
data_we_q_tag + tcr_shift/hc_o,0,228,0.0,0.0
data_we_q_tag + tcr_comparison/hc_o,0,228,0.0,0.0
data_we_q_tag + tcr_logical/hc_o,0,228,0.0,0.0
data_we_q_tag + tcr_load_store/hc_o,0,228,0.0,0.0
check_d_o_tag + tpr_arith/hc_o,0,228,0.0,0.0
check_d_o_tag + tpr_branch/hc_o,0,228,0.0,0.0
check_d_o_tag + tpr_jump/hc_o,0,228,0.0,0.0
check_d_o_tag + tpr_shift/hc_o,0,228,0.0,0.0
check_d_o_tag + tpr_comparison/hc_o,0,228,0.0,0.0
check_d_o_tag + tpr_logical/hc_o,0,228,0.0,0.0
check_d_o_tag + tcr_arith/hc_o,0,228,0.0,0.0
check_d_o_tag + tcr_branch/hc_o,0,228,0.0,0.0
check_d_o_tag + tcr_jump/hc_o,0,228,0.0,0.0
check_d_o_tag + tcr_shift/hc_o,0,228,0.0,0.0
check_d_o_tag + tcr_comparison/hc_o,0,228,0.0,0.0
check_d_o_tag + tcr_logical/hc_o,0,228,0.0,0.0
check_d_o_tag + tcr_load_store/hc_o,0,228,0.0,0.0
pc_id_o_tag + tpr_arith/hc_o,0,228,0.0,0.0
pc_id_o_tag + tpr_branch/hc_o,0,228,0.0,0.0
pc_id_o_tag + tpr_jump/hc_o,0,228,0.0,0.0
pc_id_o_tag + tpr_shift/hc_o,0,228,0.0,0.0
pc_id_o_tag + tpr_comparison/hc_o,0,228,0.0,0.0
pc_id_o_tag + tpr_logical/hc_o,0,228,0.0,0.0
pc_id_o_tag + tcr_arith/hc_o,0,228,0.0,0.0
pc_id_o_tag + tcr_branch/hc_o,0,228,0.0,0.0
pc_id_o_tag + tcr_jump/hc_o,0,228,0.0,0.0
pc_id_o_tag + tcr_shift/hc_o,0,228,0.0,0.0
check_s1_o_tag + tpr_arith/hc_o,0,228,0.0,0.0
check_s1_o_tag + tpr_branch/hc_o,0,228,0.0,0.0
check_s1_o_tag + tpr_jump/hc_o,0,228,0.0,0.0
check_s1_o_tag + tpr_shift/hc_o,0,228,0.0,0.0
check_s1_o_tag + tpr_comparison/hc_o,0,228,0.0,0.0
check_s1_o_tag + tpr_logical/hc_o,0,228,0.0,0.0
check_s1_o_tag + tcr_arith/hc_o,0,228,0.0,0.0
check_s1_o_tag + tcr_branch/hc_o,0,228,0.0,0.0
check_s1_o_tag + tcr_jump/hc_o,0,228,0.0,0.0
check_s1_o_tag + tcr_shift/hc_o,0,228,0.0,0.0
check_s1_o_tag + tcr_comparison/hc_o,0,228,0.0,0.0
check_s1_o_tag + tcr_logical/hc_o,0,228,0.0,0.0
check_s1_o_tag + tcr_load_store/hc_o,0,228,0.0,0.0
check_s2_o_tag + tpr_arith/hc_o,0,228,0.0,0.0
check_s2_o_tag + tpr_branch/hc_o,0,228,0.0,0.0
check_s2_o_tag + tpr_jump/hc_o,0,228,0.0,0.0
check_s2_o_tag + tpr_shift/hc_o,0,228,0.0,0.0
check_s2_o_tag + tpr_comparison/hc_o,0,228,0.0,0.0
check_s2_o_tag + tpr_logical/hc_o,0,228,0.0,0.0
check_s2_o_tag + tcr_arith/hc_o,0,228,0.0,0.0
check_s2_o_tag + tcr_branch/hc_o,0,228,0.0,0.0
check_s2_o_tag + tcr_jump/hc_o,0,228,0.0,0.0
check_s2_o_tag + tcr_shift/hc_o,0,228,0.0,0.0
check_s2_o_tag + tcr_comparison/hc_o,0,228,0.0,0.0
check_s2_o_tag + tcr_logical/hc_o,0,228,0.0,0.0
check_s2_o_tag + tcr_load_store/hc_o,0,228,0.0,0.0
is_store_post_o_tag + tpr_arith/hc_o,0,228,0.0,0.0
is_store_post_o_tag + tpr_branch/hc_o,0,228,0.0,0.0
is_store_post_o_tag + tpr_jump/hc_o,0,228,0.0,0.0
is_store_post_o_tag + tpr_shift/hc_o,0,228,0.0,0.0
is_store_post_o_tag + tpr_comparison/hc_o,0,228,0.0,0.0
is_store_post_o_tag + tpr_logical/hc_o,0,228,0.0,0.0
is_store_post_o_tag + tcr_arith/hc_o,0,228,0.0,0.0
is_store_post_o_tag + tcr_branch/hc_o,0,228,0.0,0.0
is_store_post_o_tag + tcr_jump/hc_o,0,228,0.0,0.0
is_store_post_o_tag + tcr_shift/hc_o,0,228,0.0,0.0
is_store_post_o_tag + tcr_comparison/hc_o,0,228,0.0,0.0
is_store_post_o_tag + tcr_logical/hc_o,0,228,0.0,0.0
is_store_post_o_tag + tcr_load_store/hc_o,0,228,0.0,0.0
memory_set_o_tag + tpr_arith/hc_o,0,228,0.0,0.0
memory_set_o_tag + tpr_branch/hc_o,0,228,0.0,0.0
pc_id_o_tag + tcr_comparison/hc_o,0,228,0.0,0.0
pc_id_o_tag + tcr_logical/hc_o,0,228,0.0,0.0
pc_id_o_tag + tcr_load_store/hc_o,0,228,0.0,0.0
memory_set_o_tag + tpr_jump/hc_o,0,228,0.0,0.0
memory_set_o_tag + tpr_shift/hc_o,0,228,0.0,0.0
memory_set_o_tag + tpr_comparison/hc_o,0,228,0.0,0.0
memory_set_o_tag + tpr_logical/hc_o,0,228,0.0,0.0
memory_set_o_tag + tcr_arith/hc_o,0,228,0.0,0.0
memory_set_o_tag + tcr_branch/hc_o,0,228,0.0,0.0
memory_set_o_tag + tcr_jump/hc_o,0,228,0.0,0.0
memory_set_o_tag + tcr_shift/hc_o,0,228,0.0,0.0
memory_set_o_tag + tcr_comparison/hc_o,0,228,0.0,0.0
memory_set_o_tag + tcr_logical/hc_o,0,228,0.0,0.0
memory_set_o_tag + tcr_load_store/hc_o,0,228,0.0,0.0
pc_if_o_tag + tpr_arith/hc_o,0,228,0.0,0.0
pc_if_o_tag + tpr_branch/hc_o,0,228,0.0,0.0
pc_if_o_tag + tpr_jump/hc_o,0,228,0.0,0.0
pc_if_o_tag + tpr_shift/hc_o,0,228,0.0,0.0
pc_if_o_tag + tpr_comparison/hc_o,0,228,0.0,0.0
pc_if_o_tag + tpr_logical/hc_o,0,228,0.0,0.0
pc_if_o_tag + tcr_arith/hc_o,0,228,0.0,0.0
pc_if_o_tag + tcr_branch/hc_o,0,228,0.0,0.0
pc_if_o_tag + tcr_jump/hc_o,0,228,0.0,0.0
pc_if_o_tag + tcr_shift/hc_o,0,228,0.0,0.0
pc_if_o_tag + tcr_comparison/hc_o,0,228,0.0,0.0
pc_if_o_tag + tcr_logical/hc_o,0,228,0.0,0.0
pc_if_o_tag + tcr_load_store/hc_o,0,228,0.0,0.0
register_set_o_tag + tpr_arith/hc_o,0,228,0.0,0.0
register_set_o_tag + tpr_branch/hc_o,0,228,0.0,0.0
register_set_o_tag + tpr_jump/hc_o,0,228,0.0,0.0
register_set_o_tag + tpr_shift/hc_o,0,228,0.0,0.0
register_set_o_tag + tpr_comparison/hc_o,0,228,0.0,0.0
register_set_o_tag + tpr_logical/hc_o,0,228,0.0,0.0
register_set_o_tag + tcr_arith/hc_o,0,228,0.0,0.0
register_set_o_tag + tcr_branch/hc_o,0,228,0.0,0.0
register_set_o_tag + tcr_jump/hc_o,0,228,0.0,0.0
register_set_o_tag + tcr_shift/hc_o,0,228,0.0,0.0
register_set_o_tag + tcr_comparison/hc_o,0,228,0.0,0.0
register_set_o_tag + tcr_logical/hc_o,0,228,0.0,0.0
register_set_o_tag + tcr_load_store/hc_o,0,228,0.0,0.0
store_dest_addr_ex_o_tag + tpr_arith/hc_o,0,228,0.0,0.0
store_dest_addr_ex_o_tag + tpr_branch/hc_o,0,228,0.0,0.0
store_dest_addr_ex_o_tag + tpr_jump/hc_o,0,228,0.0,0.0
store_dest_addr_ex_o_tag + tpr_shift/hc_o,0,228,0.0,0.0
store_dest_addr_ex_o_tag + tpr_comparison/hc_o,0,228,0.0,0.0
store_dest_addr_ex_o_tag + tpr_logical/hc_o,0,228,0.0,0.0
store_dest_addr_ex_o_tag + tcr_arith/hc_o,0,228,0.0,0.0
store_dest_addr_ex_o_tag + tcr_branch/hc_o,0,228,0.0,0.0
store_dest_addr_ex_o_tag + tcr_jump/hc_o,0,228,0.0,0.0
store_dest_addr_ex_o_tag + tcr_shift/hc_o,0,228,0.0,0.0
store_dest_addr_ex_o_tag + tcr_comparison/hc_o,0,228,0.0,0.0
store_dest_addr_ex_o_tag + tcr_logical/hc_o,0,228,0.0,0.0
store_dest_addr_ex_o_tag + tcr_load_store/hc_o,0,228,0.0,0.0
store_source_ex_o_tag + tpr_arith/hc_o,0,228,0.0,0.0
store_source_ex_o_tag + tpr_branch/hc_o,0,228,0.0,0.0
store_source_ex_o_tag + tpr_jump/hc_o,0,228,0.0,0.0
store_source_ex_o_tag + tpr_shift/hc_o,0,228,0.0,0.0
store_source_ex_o_tag + tpr_comparison/hc_o,0,228,0.0,0.0
store_source_ex_o_tag + tpr_logical/hc_o,0,228,0.0,0.0
store_source_ex_o_tag + tcr_arith/hc_o,0,228,0.0,0.0
store_source_ex_o_tag + tcr_branch/hc_o,0,228,0.0,0.0
store_source_ex_o_tag + tcr_jump/hc_o,0,228,0.0,0.0
store_source_ex_o_tag + tcr_shift/hc_o,0,228,0.0,0.0
store_source_ex_o_tag + tcr_comparison/hc_o,0,228,0.0,0.0
store_source_ex_o_tag + tcr_logical/hc_o,0,228,0.0,0.0
store_source_ex_o_tag + tcr_load_store/hc_o,0,228,0.0,0.0
alu_operand_a_ex_o_tag + id_group3/hc_o,0,228,0.0,0.0
alu_operand_a_ex_o_tag + id_group4/hc_o,0,228,0.0,0.0
alu_operand_a_ex_o_tag + id_group5/hc_o,0,228,0.0,0.0
alu_operand_a_ex_o_tag + id_group6/hc_o,0,228,0.0,0.0
alu_operand_a_ex_o_tag + id_group7/hc_o,0,228,0.0,0.0
alu_operand_a_ex_o_tag + id_group8/hc_o,0,228,0.0,0.0
alu_operand_a_ex_o_tag + csr_group0/hc_o,0,228,0.0,0.0
alu_operand_a_ex_o_tag + csr_group1/hc_o,0,228,0.0,0.0
alu_operand_a_ex_o_tag + csr_group2/hc_o,0,228,0.0,0.0
id_group0/hc_o + register_set_o_tag,0,228,0.0,0.0
id_group1/hc_o + register_set_o_tag,0,228,0.0,0.0
id_group2/hc_o + register_set_o_tag,0,228,0.0,0.0
id_group3/hc_o + register_set_o_tag,0,228,0.0,0.0
id_group4/hc_o + register_set_o_tag,0,228,0.0,0.0
id_group5/hc_o + register_set_o_tag,0,228,0.0,0.0
id_group6/hc_o + register_set_o_tag,0,228,0.0,0.0
id_group7/hc_o + register_set_o_tag,0,228,0.0,0.0
id_group8/hc_o + register_set_o_tag,0,228,0.0,0.0
csr_group0/hc_o + register_set_o_tag,0,228,0.0,0.0
csr_group1/hc_o + register_set_o_tag,0,228,0.0,0.0
csr_group2/hc_o + register_set_o_tag,0,228,0.0,0.0
csr_group3/hc_o + register_set_o_tag,0,228,0.0,0.0
csr_group4/hc_o + register_set_o_tag,0,228,0.0,0.0
csr_group5/hc_o + register_set_o_tag,0,228,0.0,0.0
csr_group6/hc_o + register_set_o_tag,0,228,0.0,0.0
csr_group7/hc_o + register_set_o_tag,0,228,0.0,0.0
csr_group8/hc_o + register_set_o_tag,0,228,0.0,0.0
csr_group9/hc_o + register_set_o_tag,0,228,0.0,0.0
csr_group10/hc_o + register_set_o_tag,0,228,0.0,0.0
csr_group11/hc_o + register_set_o_tag,0,228,0.0,0.0
csr_group13/hc_o + register_set_o_tag,0,228,0.0,0.0
csr_group16/hc_o + register_set_o_tag,0,228,0.0,0.0
csr_group17/hc_o + register_set_o_tag,0,228,0.0,0.0
lsu_group1/hc_o + register_set_o_tag,0,228,0.0,0.0
lsu_group2/hc_o + register_set_o_tag,0,228,0.0,0.0
lsu_group3/hc_o + register_set_o_tag,0,228,0.0,0.0
lsu_group4/hc_o + register_set_o_tag,0,228,0.0,0.0
lsu_group5/hc_o + register_set_o_tag,0,228,0.0,0.0
id_group0/hc_o + store_dest_addr_ex_o_tag,0,228,0.0,0.0
id_group1/hc_o + store_dest_addr_ex_o_tag,0,228,0.0,0.0
id_group2/hc_o + store_dest_addr_ex_o_tag,0,228,0.0,0.0
id_group3/hc_o + store_dest_addr_ex_o_tag,0,228,0.0,0.0
id_group4/hc_o + store_dest_addr_ex_o_tag,0,228,0.0,0.0
id_group5/hc_o + store_dest_addr_ex_o_tag,0,228,0.0,0.0
id_group6/hc_o + store_dest_addr_ex_o_tag,0,228,0.0,0.0
id_group7/hc_o + store_dest_addr_ex_o_tag,0,228,0.0,0.0
id_group8/hc_o + store_dest_addr_ex_o_tag,0,228,0.0,0.0
csr_group0/hc_o + store_dest_addr_ex_o_tag,0,228,0.0,0.0
csr_group1/hc_o + store_dest_addr_ex_o_tag,0,228,0.0,0.0
csr_group2/hc_o + store_dest_addr_ex_o_tag,0,228,0.0,0.0
csr_group3/hc_o + store_dest_addr_ex_o_tag,0,228,0.0,0.0
csr_group4/hc_o + store_dest_addr_ex_o_tag,0,228,0.0,0.0
csr_group5/hc_o + store_dest_addr_ex_o_tag,0,228,0.0,0.0
csr_group6/hc_o + store_dest_addr_ex_o_tag,0,228,0.0,0.0
csr_group7/hc_o + store_dest_addr_ex_o_tag,0,228,0.0,0.0
csr_group8/hc_o + store_dest_addr_ex_o_tag,0,228,0.0,0.0
csr_group9/hc_o + store_dest_addr_ex_o_tag,0,228,0.0,0.0
csr_group10/hc_o + store_dest_addr_ex_o_tag,0,228,0.0,0.0
csr_group11/hc_o + store_dest_addr_ex_o_tag,0,228,0.0,0.0
csr_group13/hc_o + store_dest_addr_ex_o_tag,0,228,0.0,0.0
csr_group16/hc_o + store_dest_addr_ex_o_tag,0,228,0.0,0.0
csr_group17/hc_o + store_dest_addr_ex_o_tag,0,228,0.0,0.0
lsu_group1/hc_o + store_dest_addr_ex_o_tag,0,228,0.0,0.0
lsu_group2/hc_o + store_dest_addr_ex_o_tag,0,228,0.0,0.0
lsu_group3/hc_o + store_dest_addr_ex_o_tag,0,228,0.0,0.0
lsu_group4/hc_o + store_dest_addr_ex_o_tag,0,228,0.0,0.0
lsu_group5/hc_o + store_dest_addr_ex_o_tag,0,228,0.0,0.0
id_group0/hc_o + store_source_ex_o_tag,0,228,0.0,0.0
id_group1/hc_o + store_source_ex_o_tag,0,228,0.0,0.0
id_group2/hc_o + store_source_ex_o_tag,0,228,0.0,0.0
id_group3/hc_o + store_source_ex_o_tag,0,228,0.0,0.0
id_group4/hc_o + store_source_ex_o_tag,0,228,0.0,0.0
id_group5/hc_o + store_source_ex_o_tag,0,228,0.0,0.0
id_group6/hc_o + store_source_ex_o_tag,0,228,0.0,0.0
id_group7/hc_o + store_source_ex_o_tag,0,228,0.0,0.0
id_group8/hc_o + store_source_ex_o_tag,0,228,0.0,0.0
csr_group0/hc_o + store_source_ex_o_tag,0,228,0.0,0.0
csr_group1/hc_o + store_source_ex_o_tag,0,228,0.0,0.0
csr_group2/hc_o + store_source_ex_o_tag,0,228,0.0,0.0
csr_group3/hc_o + store_source_ex_o_tag,0,228,0.0,0.0
csr_group4/hc_o + store_source_ex_o_tag,0,228,0.0,0.0
csr_group5/hc_o + store_source_ex_o_tag,0,228,0.0,0.0
csr_group6/hc_o + store_source_ex_o_tag,0,228,0.0,0.0
csr_group7/hc_o + store_source_ex_o_tag,0,228,0.0,0.0
csr_group8/hc_o + store_source_ex_o_tag,0,228,0.0,0.0
csr_group9/hc_o + store_source_ex_o_tag,0,228,0.0,0.0
csr_group10/hc_o + store_source_ex_o_tag,0,228,0.0,0.0
csr_group11/hc_o + store_source_ex_o_tag,0,228,0.0,0.0
csr_group13/hc_o + store_source_ex_o_tag,0,228,0.0,0.0
csr_group16/hc_o + store_source_ex_o_tag,0,228,0.0,0.0
csr_group17/hc_o + store_source_ex_o_tag,0,228,0.0,0.0
lsu_group1/hc_o + store_source_ex_o_tag,0,228,0.0,0.0
lsu_group2/hc_o + store_source_ex_o_tag,0,228,0.0,0.0
lsu_group3/hc_o + store_source_ex_o_tag,0,228,0.0,0.0
lsu_group4/hc_o + store_source_ex_o_tag,0,228,0.0,0.0
lsu_group5/hc_o + store_source_ex_o_tag,0,228,0.0,0.0
alu_operand_a_ex_o_tag + csr_group3/hc_o,0,228,0.0,0.0
alu_operand_a_ex_o_tag + csr_group4/hc_o,0,228,0.0,0.0
alu_operand_a_ex_o_tag + csr_group5/hc_o,0,228,0.0,0.0
alu_operand_a_ex_o_tag + csr_group6/hc_o,0,228,0.0,0.0
alu_operand_a_ex_o_tag + csr_group7/hc_o,0,228,0.0,0.0
alu_operand_a_ex_o_tag + csr_group8/hc_o,0,228,0.0,0.0
alu_operand_a_ex_o_tag + csr_group9/hc_o,0,228,0.0,0.0
alu_operand_a_ex_o_tag + csr_group10/hc_o,0,228,0.0,0.0
alu_operand_a_ex_o_tag + csr_group11/hc_o,0,228,0.0,0.0
alu_operand_a_ex_o_tag + csr_group13/hc_o,0,228,0.0,0.0
alu_operand_a_ex_o_tag + csr_group16/hc_o,0,228,0.0,0.0
alu_operand_a_ex_o_tag + csr_group17/hc_o,0,228,0.0,0.0
id_group0/hc_o + use_store_ops_ex_o,0,228,0.0,0.0
id_group1/hc_o + use_store_ops_ex_o,0,228,0.0,0.0
id_group2/hc_o + use_store_ops_ex_o,0,228,0.0,0.0
id_group3/hc_o + use_store_ops_ex_o,0,228,0.0,0.0
id_group4/hc_o + use_store_ops_ex_o,0,228,0.0,0.0
id_group5/hc_o + use_store_ops_ex_o,0,228,0.0,0.0
id_group6/hc_o + use_store_ops_ex_o,0,228,0.0,0.0
id_group7/hc_o + use_store_ops_ex_o,0,228,0.0,0.0
id_group8/hc_o + use_store_ops_ex_o,0,228,0.0,0.0
csr_group0/hc_o + use_store_ops_ex_o,0,228,0.0,0.0
csr_group1/hc_o + use_store_ops_ex_o,0,228,0.0,0.0
csr_group2/hc_o + use_store_ops_ex_o,0,228,0.0,0.0
csr_group3/hc_o + use_store_ops_ex_o,0,228,0.0,0.0
csr_group4/hc_o + use_store_ops_ex_o,0,228,0.0,0.0
csr_group5/hc_o + use_store_ops_ex_o,0,228,0.0,0.0
csr_group6/hc_o + use_store_ops_ex_o,0,228,0.0,0.0
csr_group7/hc_o + use_store_ops_ex_o,0,228,0.0,0.0
csr_group8/hc_o + use_store_ops_ex_o,0,228,0.0,0.0
csr_group9/hc_o + use_store_ops_ex_o,0,228,0.0,0.0
csr_group10/hc_o + use_store_ops_ex_o,0,228,0.0,0.0
csr_group11/hc_o + use_store_ops_ex_o,0,228,0.0,0.0
csr_group13/hc_o + use_store_ops_ex_o,0,228,0.0,0.0
csr_group16/hc_o + use_store_ops_ex_o,0,228,0.0,0.0
csr_group17/hc_o + use_store_ops_ex_o,0,228,0.0,0.0
lsu_group1/hc_o + use_store_ops_ex_o,0,228,0.0,0.0
lsu_group2/hc_o + use_store_ops_ex_o,0,228,0.0,0.0
lsu_group3/hc_o + use_store_ops_ex_o,0,228,0.0,0.0
lsu_group4/hc_o + use_store_ops_ex_o,0,228,0.0,0.0
lsu_group5/hc_o + use_store_ops_ex_o,0,228,0.0,0.0
id_group0/hc_o + rf_reg[0],0,228,0.0,0.0
id_group1/hc_o + rf_reg[0],0,228,0.0,0.0
id_group2/hc_o + rf_reg[0],0,228,0.0,0.0
id_group3/hc_o + rf_reg[0],0,228,0.0,0.0
id_group4/hc_o + rf_reg[0],0,228,0.0,0.0
id_group5/hc_o + rf_reg[0],0,228,0.0,0.0
id_group6/hc_o + rf_reg[0],0,228,0.0,0.0
id_group7/hc_o + rf_reg[0],0,228,0.0,0.0
id_group8/hc_o + rf_reg[0],0,228,0.0,0.0
csr_group0/hc_o + rf_reg[0],0,228,0.0,0.0
csr_group1/hc_o + rf_reg[0],0,228,0.0,0.0
csr_group2/hc_o + rf_reg[0],0,228,0.0,0.0
csr_group3/hc_o + rf_reg[0],0,228,0.0,0.0
csr_group4/hc_o + rf_reg[0],0,228,0.0,0.0
csr_group5/hc_o + rf_reg[0],0,228,0.0,0.0
csr_group6/hc_o + rf_reg[0],0,228,0.0,0.0
csr_group7/hc_o + rf_reg[0],0,228,0.0,0.0
csr_group8/hc_o + rf_reg[0],0,228,0.0,0.0
csr_group9/hc_o + rf_reg[0],0,228,0.0,0.0
csr_group10/hc_o + rf_reg[0],0,228,0.0,0.0
csr_group11/hc_o + rf_reg[0],0,228,0.0,0.0
csr_group13/hc_o + rf_reg[0],0,228,0.0,0.0
csr_group16/hc_o + rf_reg[0],0,228,0.0,0.0
csr_group17/hc_o + rf_reg[0],0,228,0.0,0.0
lsu_group1/hc_o + rf_reg[0],0,228,0.0,0.0
lsu_group2/hc_o + rf_reg[0],0,228,0.0,0.0
lsu_group3/hc_o + rf_reg[0],0,228,0.0,0.0
lsu_group4/hc_o + rf_reg[0],0,228,0.0,0.0
lsu_group5/hc_o + rf_reg[0],0,228,0.0,0.0
id_group0/hc_o + rf_reg[1],0,228,0.0,0.0
id_group1/hc_o + rf_reg[1],0,228,0.0,0.0
id_group2/hc_o + rf_reg[1],0,228,0.0,0.0
id_group3/hc_o + rf_reg[1],0,228,0.0,0.0
id_group4/hc_o + rf_reg[1],0,228,0.0,0.0
id_group5/hc_o + rf_reg[1],0,228,0.0,0.0
id_group6/hc_o + rf_reg[1],0,228,0.0,0.0
id_group7/hc_o + rf_reg[1],0,228,0.0,0.0
id_group8/hc_o + rf_reg[1],0,228,0.0,0.0
csr_group0/hc_o + rf_reg[1],0,228,0.0,0.0
csr_group1/hc_o + rf_reg[1],0,228,0.0,0.0
csr_group2/hc_o + rf_reg[1],0,228,0.0,0.0
csr_group3/hc_o + rf_reg[1],0,228,0.0,0.0
csr_group4/hc_o + rf_reg[1],0,228,0.0,0.0
csr_group5/hc_o + rf_reg[1],0,228,0.0,0.0
csr_group6/hc_o + rf_reg[1],0,228,0.0,0.0
csr_group7/hc_o + rf_reg[1],0,228,0.0,0.0
csr_group8/hc_o + rf_reg[1],0,228,0.0,0.0
csr_group9/hc_o + rf_reg[1],0,228,0.0,0.0
csr_group10/hc_o + rf_reg[1],0,228,0.0,0.0
csr_group11/hc_o + rf_reg[1],0,228,0.0,0.0
csr_group13/hc_o + rf_reg[1],0,228,0.0,0.0
csr_group16/hc_o + rf_reg[1],0,228,0.0,0.0
csr_group17/hc_o + rf_reg[1],0,228,0.0,0.0
lsu_group1/hc_o + rf_reg[1],0,228,0.0,0.0
lsu_group2/hc_o + rf_reg[1],0,228,0.0,0.0
lsu_group3/hc_o + rf_reg[1],0,228,0.0,0.0
lsu_group4/hc_o + rf_reg[1],0,228,0.0,0.0
lsu_group5/hc_o + rf_reg[1],0,228,0.0,0.0
alu_operand_a_ex_o_tag + lsu_group1/hc_o,0,228,0.0,0.0
alu_operand_a_ex_o_tag + lsu_group2/hc_o,0,228,0.0,0.0
alu_operand_a_ex_o_tag + lsu_group3/hc_o,0,228,0.0,0.0
alu_operand_a_ex_o_tag + lsu_group4/hc_o,0,228,0.0,0.0
alu_operand_a_ex_o_tag + lsu_group5/hc_o,0,228,0.0,0.0
id_group0/hc_o + rf_reg[2],0,228,0.0,0.0
id_group1/hc_o + rf_reg[2],0,228,0.0,0.0
id_group2/hc_o + rf_reg[2],0,228,0.0,0.0
id_group3/hc_o + rf_reg[2],0,228,0.0,0.0
id_group4/hc_o + rf_reg[2],0,228,0.0,0.0
id_group5/hc_o + rf_reg[2],0,228,0.0,0.0
id_group6/hc_o + rf_reg[2],0,228,0.0,0.0
id_group7/hc_o + rf_reg[2],0,228,0.0,0.0
csr_group0/hc_o + rf_reg[2],0,228,0.0,0.0
csr_group1/hc_o + rf_reg[2],0,228,0.0,0.0
csr_group2/hc_o + rf_reg[2],0,228,0.0,0.0
csr_group3/hc_o + rf_reg[2],0,228,0.0,0.0
csr_group4/hc_o + rf_reg[2],0,228,0.0,0.0
csr_group5/hc_o + rf_reg[2],0,228,0.0,0.0
csr_group6/hc_o + rf_reg[2],0,228,0.0,0.0
csr_group7/hc_o + rf_reg[2],0,228,0.0,0.0
csr_group8/hc_o + rf_reg[2],0,228,0.0,0.0
csr_group9/hc_o + rf_reg[2],0,228,0.0,0.0
csr_group10/hc_o + rf_reg[2],0,228,0.0,0.0
csr_group11/hc_o + rf_reg[2],0,228,0.0,0.0
csr_group13/hc_o + rf_reg[2],0,228,0.0,0.0
csr_group16/hc_o + rf_reg[2],0,228,0.0,0.0
csr_group17/hc_o + rf_reg[2],0,228,0.0,0.0
lsu_group1/hc_o + rf_reg[2],0,228,0.0,0.0
lsu_group2/hc_o + rf_reg[2],0,228,0.0,0.0
lsu_group3/hc_o + rf_reg[2],0,228,0.0,0.0
lsu_group4/hc_o + rf_reg[2],0,228,0.0,0.0
lsu_group5/hc_o + rf_reg[2],0,228,0.0,0.0
id_group0/hc_o + rf_reg[3],0,228,0.0,0.0
id_group1/hc_o + rf_reg[3],0,228,0.0,0.0
id_group2/hc_o + rf_reg[3],0,228,0.0,0.0
id_group3/hc_o + rf_reg[3],0,228,0.0,0.0
id_group4/hc_o + rf_reg[3],0,228,0.0,0.0
id_group5/hc_o + rf_reg[3],0,228,0.0,0.0
id_group6/hc_o + rf_reg[3],0,228,0.0,0.0
id_group7/hc_o + rf_reg[3],0,228,0.0,0.0
id_group8/hc_o + rf_reg[3],0,228,0.0,0.0
csr_group0/hc_o + rf_reg[3],0,228,0.0,0.0
csr_group1/hc_o + rf_reg[3],0,228,0.0,0.0
csr_group2/hc_o + rf_reg[3],0,228,0.0,0.0
csr_group3/hc_o + rf_reg[3],0,228,0.0,0.0
csr_group4/hc_o + rf_reg[3],0,228,0.0,0.0
csr_group5/hc_o + rf_reg[3],0,228,0.0,0.0
csr_group6/hc_o + rf_reg[3],0,228,0.0,0.0
csr_group7/hc_o + rf_reg[3],0,228,0.0,0.0
csr_group8/hc_o + rf_reg[3],0,228,0.0,0.0
csr_group9/hc_o + rf_reg[3],0,228,0.0,0.0
csr_group10/hc_o + rf_reg[3],0,228,0.0,0.0
csr_group11/hc_o + rf_reg[3],0,228,0.0,0.0
csr_group13/hc_o + rf_reg[3],0,228,0.0,0.0
csr_group16/hc_o + rf_reg[3],0,228,0.0,0.0
csr_group17/hc_o + rf_reg[3],0,228,0.0,0.0
lsu_group1/hc_o + rf_reg[3],0,228,0.0,0.0
lsu_group2/hc_o + rf_reg[3],0,228,0.0,0.0
lsu_group3/hc_o + rf_reg[3],0,228,0.0,0.0
lsu_group4/hc_o + rf_reg[3],0,228,0.0,0.0
lsu_group5/hc_o + rf_reg[3],0,228,0.0,0.0
id_group0/hc_o + rf_reg[4],0,228,0.0,0.0
id_group1/hc_o + rf_reg[4],0,228,0.0,0.0
id_group2/hc_o + rf_reg[4],0,228,0.0,0.0
id_group3/hc_o + rf_reg[4],0,228,0.0,0.0
id_group4/hc_o + rf_reg[4],0,228,0.0,0.0
id_group5/hc_o + rf_reg[4],0,228,0.0,0.0
id_group6/hc_o + rf_reg[4],0,228,0.0,0.0
id_group7/hc_o + rf_reg[4],0,228,0.0,0.0
id_group8/hc_o + rf_reg[4],0,228,0.0,0.0
csr_group0/hc_o + rf_reg[4],0,228,0.0,0.0
csr_group1/hc_o + rf_reg[4],0,228,0.0,0.0
csr_group2/hc_o + rf_reg[4],0,228,0.0,0.0
csr_group3/hc_o + rf_reg[4],0,228,0.0,0.0
csr_group4/hc_o + rf_reg[4],0,228,0.0,0.0
csr_group5/hc_o + rf_reg[4],0,228,0.0,0.0
csr_group6/hc_o + rf_reg[4],0,228,0.0,0.0
csr_group7/hc_o + rf_reg[4],0,228,0.0,0.0
csr_group8/hc_o + rf_reg[4],0,228,0.0,0.0
csr_group9/hc_o + rf_reg[4],0,228,0.0,0.0
csr_group10/hc_o + rf_reg[4],0,228,0.0,0.0
csr_group11/hc_o + rf_reg[4],0,228,0.0,0.0
csr_group13/hc_o + rf_reg[4],0,228,0.0,0.0
csr_group16/hc_o + rf_reg[4],0,228,0.0,0.0
csr_group17/hc_o + rf_reg[4],0,228,0.0,0.0
lsu_group1/hc_o + rf_reg[4],0,228,0.0,0.0
lsu_group2/hc_o + rf_reg[4],0,228,0.0,0.0
lsu_group3/hc_o + rf_reg[4],0,228,0.0,0.0
lsu_group4/hc_o + rf_reg[4],0,228,0.0,0.0
lsu_group5/hc_o + rf_reg[4],0,228,0.0,0.0
alu_operand_b_ex_o_tag + id_group0/hc_o,0,228,0.0,0.0
alu_operand_b_ex_o_tag + id_group1/hc_o,0,228,0.0,0.0
alu_operand_b_ex_o_tag + id_group2/hc_o,0,228,0.0,0.0
alu_operand_b_ex_o_tag + id_group3/hc_o,0,228,0.0,0.0
alu_operand_b_ex_o_tag + id_group4/hc_o,0,228,0.0,0.0
alu_operand_b_ex_o_tag + id_group5/hc_o,0,228,0.0,0.0
alu_operand_b_ex_o_tag + id_group6/hc_o,0,228,0.0,0.0
alu_operand_b_ex_o_tag + id_group7/hc_o,0,228,0.0,0.0
id_group0/hc_o + rf_reg[5],0,228,0.0,0.0
id_group1/hc_o + rf_reg[5],0,228,0.0,0.0
id_group2/hc_o + rf_reg[5],0,228,0.0,0.0
id_group3/hc_o + rf_reg[5],0,228,0.0,0.0
id_group4/hc_o + rf_reg[5],0,228,0.0,0.0
id_group5/hc_o + rf_reg[5],0,228,0.0,0.0
id_group6/hc_o + rf_reg[5],0,228,0.0,0.0
id_group7/hc_o + rf_reg[5],0,228,0.0,0.0
id_group8/hc_o + rf_reg[5],0,228,0.0,0.0
csr_group0/hc_o + rf_reg[5],0,228,0.0,0.0
csr_group1/hc_o + rf_reg[5],0,228,0.0,0.0
csr_group2/hc_o + rf_reg[5],0,228,0.0,0.0
csr_group3/hc_o + rf_reg[5],0,228,0.0,0.0
csr_group4/hc_o + rf_reg[5],0,228,0.0,0.0
csr_group5/hc_o + rf_reg[5],0,228,0.0,0.0
csr_group6/hc_o + rf_reg[5],0,228,0.0,0.0
csr_group7/hc_o + rf_reg[5],0,228,0.0,0.0
csr_group8/hc_o + rf_reg[5],0,228,0.0,0.0
csr_group9/hc_o + rf_reg[5],0,228,0.0,0.0
csr_group10/hc_o + rf_reg[5],0,228,0.0,0.0
csr_group11/hc_o + rf_reg[5],0,228,0.0,0.0
csr_group13/hc_o + rf_reg[5],0,228,0.0,0.0
csr_group16/hc_o + rf_reg[5],0,228,0.0,0.0
csr_group17/hc_o + rf_reg[5],0,228,0.0,0.0
lsu_group1/hc_o + rf_reg[5],0,228,0.0,0.0
lsu_group2/hc_o + rf_reg[5],0,228,0.0,0.0
lsu_group3/hc_o + rf_reg[5],0,228,0.0,0.0
lsu_group4/hc_o + rf_reg[5],0,228,0.0,0.0
lsu_group5/hc_o + rf_reg[5],0,228,0.0,0.0
id_group0/hc_o + rf_reg[6],0,228,0.0,0.0
id_group1/hc_o + rf_reg[6],0,228,0.0,0.0
id_group2/hc_o + rf_reg[6],0,228,0.0,0.0
id_group3/hc_o + rf_reg[6],0,228,0.0,0.0
id_group4/hc_o + rf_reg[6],0,228,0.0,0.0
id_group5/hc_o + rf_reg[6],0,228,0.0,0.0
id_group6/hc_o + rf_reg[6],0,228,0.0,0.0
id_group7/hc_o + rf_reg[6],0,228,0.0,0.0
id_group8/hc_o + rf_reg[6],0,228,0.0,0.0
csr_group0/hc_o + rf_reg[6],0,228,0.0,0.0
csr_group1/hc_o + rf_reg[6],0,228,0.0,0.0
csr_group2/hc_o + rf_reg[6],0,228,0.0,0.0
csr_group3/hc_o + rf_reg[6],0,228,0.0,0.0
csr_group4/hc_o + rf_reg[6],0,228,0.0,0.0
csr_group5/hc_o + rf_reg[6],0,228,0.0,0.0
csr_group6/hc_o + rf_reg[6],0,228,0.0,0.0
csr_group7/hc_o + rf_reg[6],0,228,0.0,0.0
csr_group8/hc_o + rf_reg[6],0,228,0.0,0.0
csr_group9/hc_o + rf_reg[6],0,228,0.0,0.0
csr_group10/hc_o + rf_reg[6],0,228,0.0,0.0
csr_group11/hc_o + rf_reg[6],0,228,0.0,0.0
csr_group13/hc_o + rf_reg[6],0,228,0.0,0.0
csr_group16/hc_o + rf_reg[6],0,228,0.0,0.0
csr_group17/hc_o + rf_reg[6],0,228,0.0,0.0
lsu_group1/hc_o + rf_reg[6],0,228,0.0,0.0
lsu_group2/hc_o + rf_reg[6],0,228,0.0,0.0
lsu_group3/hc_o + rf_reg[6],0,228,0.0,0.0
lsu_group4/hc_o + rf_reg[6],0,228,0.0,0.0
lsu_group5/hc_o + rf_reg[6],0,228,0.0,0.0
id_group0/hc_o + rf_reg[7],0,228,0.0,0.0
id_group1/hc_o + rf_reg[7],0,228,0.0,0.0
id_group2/hc_o + rf_reg[7],0,228,0.0,0.0
id_group3/hc_o + rf_reg[7],0,228,0.0,0.0
id_group4/hc_o + rf_reg[7],0,228,0.0,0.0
id_group5/hc_o + rf_reg[7],0,228,0.0,0.0
id_group6/hc_o + rf_reg[7],0,228,0.0,0.0
id_group7/hc_o + rf_reg[7],0,228,0.0,0.0
id_group8/hc_o + rf_reg[7],0,228,0.0,0.0
csr_group0/hc_o + rf_reg[7],0,228,0.0,0.0
csr_group1/hc_o + rf_reg[7],0,228,0.0,0.0
csr_group2/hc_o + rf_reg[7],0,228,0.0,0.0
csr_group3/hc_o + rf_reg[7],0,228,0.0,0.0
csr_group4/hc_o + rf_reg[7],0,228,0.0,0.0
csr_group5/hc_o + rf_reg[7],0,228,0.0,0.0
csr_group6/hc_o + rf_reg[7],0,228,0.0,0.0
csr_group7/hc_o + rf_reg[7],0,228,0.0,0.0
csr_group8/hc_o + rf_reg[7],0,228,0.0,0.0
csr_group9/hc_o + rf_reg[7],0,228,0.0,0.0
csr_group10/hc_o + rf_reg[7],0,228,0.0,0.0
csr_group11/hc_o + rf_reg[7],0,228,0.0,0.0
csr_group13/hc_o + rf_reg[7],0,228,0.0,0.0
csr_group16/hc_o + rf_reg[7],0,228,0.0,0.0
csr_group17/hc_o + rf_reg[7],0,228,0.0,0.0
lsu_group1/hc_o + rf_reg[7],0,228,0.0,0.0
lsu_group2/hc_o + rf_reg[7],0,228,0.0,0.0
lsu_group3/hc_o + rf_reg[7],0,228,0.0,0.0
lsu_group4/hc_o + rf_reg[7],0,228,0.0,0.0
lsu_group5/hc_o + rf_reg[7],0,228,0.0,0.0
id_group0/hc_o + rf_reg[8],0,228,0.0,0.0
id_group1/hc_o + rf_reg[8],0,228,0.0,0.0
id_group2/hc_o + rf_reg[8],0,228,0.0,0.0
alu_operand_b_ex_o_tag + id_group8/hc_o,0,228,0.0,0.0
alu_operand_b_ex_o_tag + csr_group0/hc_o,0,228,0.0,0.0
alu_operand_b_ex_o_tag + csr_group1/hc_o,0,228,0.0,0.0
alu_operand_b_ex_o_tag + csr_group2/hc_o,0,228,0.0,0.0
alu_operand_b_ex_o_tag + csr_group3/hc_o,0,228,0.0,0.0
alu_operand_b_ex_o_tag + csr_group4/hc_o,0,228,0.0,0.0
alu_operand_b_ex_o_tag + csr_group5/hc_o,0,228,0.0,0.0
alu_operand_b_ex_o_tag + csr_group6/hc_o,0,228,0.0,0.0
id_group3/hc_o + rf_reg[8],0,228,0.0,0.0
id_group4/hc_o + rf_reg[8],0,228,0.0,0.0
id_group5/hc_o + rf_reg[8],0,228,0.0,0.0
id_group6/hc_o + rf_reg[8],0,228,0.0,0.0
id_group7/hc_o + rf_reg[8],0,228,0.0,0.0
id_group8/hc_o + rf_reg[8],0,228,0.0,0.0
csr_group0/hc_o + rf_reg[8],0,228,0.0,0.0
csr_group1/hc_o + rf_reg[8],0,228,0.0,0.0
csr_group2/hc_o + rf_reg[8],0,228,0.0,0.0
csr_group3/hc_o + rf_reg[8],0,228,0.0,0.0
csr_group4/hc_o + rf_reg[8],0,228,0.0,0.0
csr_group5/hc_o + rf_reg[8],0,228,0.0,0.0
csr_group6/hc_o + rf_reg[8],0,228,0.0,0.0
csr_group7/hc_o + rf_reg[8],0,228,0.0,0.0
csr_group8/hc_o + rf_reg[8],0,228,0.0,0.0
csr_group9/hc_o + rf_reg[8],0,228,0.0,0.0
csr_group10/hc_o + rf_reg[8],0,228,0.0,0.0
csr_group11/hc_o + rf_reg[8],0,228,0.0,0.0
csr_group13/hc_o + rf_reg[8],0,228,0.0,0.0
csr_group16/hc_o + rf_reg[8],0,228,0.0,0.0
csr_group17/hc_o + rf_reg[8],0,228,0.0,0.0
lsu_group1/hc_o + rf_reg[8],0,228,0.0,0.0
lsu_group2/hc_o + rf_reg[8],0,228,0.0,0.0
lsu_group3/hc_o + rf_reg[8],0,228,0.0,0.0
lsu_group4/hc_o + rf_reg[8],0,228,0.0,0.0
lsu_group5/hc_o + rf_reg[8],0,228,0.0,0.0
id_group0/hc_o + rf_reg[9],0,228,0.0,0.0
id_group1/hc_o + rf_reg[9],0,228,0.0,0.0
id_group2/hc_o + rf_reg[9],0,228,0.0,0.0
id_group3/hc_o + rf_reg[9],0,228,0.0,0.0
id_group4/hc_o + rf_reg[9],0,228,0.0,0.0
id_group5/hc_o + rf_reg[9],0,228,0.0,0.0
id_group6/hc_o + rf_reg[9],0,228,0.0,0.0
id_group7/hc_o + rf_reg[9],0,228,0.0,0.0
id_group8/hc_o + rf_reg[9],0,228,0.0,0.0
csr_group0/hc_o + rf_reg[9],0,228,0.0,0.0
csr_group1/hc_o + rf_reg[9],0,228,0.0,0.0
csr_group2/hc_o + rf_reg[9],0,228,0.0,0.0
csr_group3/hc_o + rf_reg[9],0,228,0.0,0.0
csr_group4/hc_o + rf_reg[9],0,228,0.0,0.0
csr_group5/hc_o + rf_reg[9],0,228,0.0,0.0
csr_group6/hc_o + rf_reg[9],0,228,0.0,0.0
csr_group7/hc_o + rf_reg[9],0,228,0.0,0.0
csr_group8/hc_o + rf_reg[9],0,228,0.0,0.0
csr_group9/hc_o + rf_reg[9],0,228,0.0,0.0
csr_group10/hc_o + rf_reg[9],0,228,0.0,0.0
csr_group11/hc_o + rf_reg[9],0,228,0.0,0.0
csr_group13/hc_o + rf_reg[9],0,228,0.0,0.0
csr_group16/hc_o + rf_reg[9],0,228,0.0,0.0
csr_group17/hc_o + rf_reg[9],0,228,0.0,0.0
lsu_group1/hc_o + rf_reg[9],0,228,0.0,0.0
lsu_group2/hc_o + rf_reg[9],0,228,0.0,0.0
lsu_group3/hc_o + rf_reg[9],0,228,0.0,0.0
lsu_group4/hc_o + rf_reg[9],0,228,0.0,0.0
lsu_group5/hc_o + rf_reg[9],0,228,0.0,0.0
id_group0/hc_o + rf_reg[10],0,228,0.0,0.0
id_group1/hc_o + rf_reg[10],0,228,0.0,0.0
id_group2/hc_o + rf_reg[10],0,228,0.0,0.0
id_group3/hc_o + rf_reg[10],0,228,0.0,0.0
id_group4/hc_o + rf_reg[10],0,228,0.0,0.0
id_group5/hc_o + rf_reg[10],0,228,0.0,0.0
id_group6/hc_o + rf_reg[10],0,228,0.0,0.0
id_group7/hc_o + rf_reg[10],0,228,0.0,0.0
id_group8/hc_o + rf_reg[10],0,228,0.0,0.0
csr_group0/hc_o + rf_reg[10],0,228,0.0,0.0
csr_group1/hc_o + rf_reg[10],0,228,0.0,0.0
csr_group2/hc_o + rf_reg[10],0,228,0.0,0.0
csr_group3/hc_o + rf_reg[10],0,228,0.0,0.0
csr_group4/hc_o + rf_reg[10],0,228,0.0,0.0
csr_group5/hc_o + rf_reg[10],0,228,0.0,0.0
csr_group6/hc_o + rf_reg[10],0,228,0.0,0.0
csr_group7/hc_o + rf_reg[10],0,228,0.0,0.0
csr_group8/hc_o + rf_reg[10],0,228,0.0,0.0
csr_group9/hc_o + rf_reg[10],0,228,0.0,0.0
csr_group10/hc_o + rf_reg[10],0,228,0.0,0.0
csr_group11/hc_o + rf_reg[10],0,228,0.0,0.0
csr_group13/hc_o + rf_reg[10],0,228,0.0,0.0
csr_group16/hc_o + rf_reg[10],0,228,0.0,0.0
csr_group17/hc_o + rf_reg[10],0,228,0.0,0.0
lsu_group1/hc_o + rf_reg[10],0,228,0.0,0.0
lsu_group2/hc_o + rf_reg[10],0,228,0.0,0.0
lsu_group3/hc_o + rf_reg[10],0,228,0.0,0.0
lsu_group4/hc_o + rf_reg[10],0,228,0.0,0.0
lsu_group5/hc_o + rf_reg[10],0,228,0.0,0.0
id_group0/hc_o + rf_reg[11],0,228,0.0,0.0
id_group1/hc_o + rf_reg[11],0,228,0.0,0.0
id_group2/hc_o + rf_reg[11],0,228,0.0,0.0
id_group3/hc_o + rf_reg[11],0,228,0.0,0.0
id_group4/hc_o + rf_reg[11],0,228,0.0,0.0
id_group5/hc_o + rf_reg[11],0,228,0.0,0.0
id_group6/hc_o + rf_reg[11],0,228,0.0,0.0
id_group7/hc_o + rf_reg[11],0,228,0.0,0.0
id_group8/hc_o + rf_reg[11],0,228,0.0,0.0
alu_operand_b_ex_o_tag + csr_group7/hc_o,0,228,0.0,0.0
alu_operand_b_ex_o_tag + csr_group8/hc_o,0,228,0.0,0.0
alu_operand_b_ex_o_tag + csr_group9/hc_o,0,228,0.0,0.0
alu_operand_b_ex_o_tag + csr_group10/hc_o,0,228,0.0,0.0
alu_operand_b_ex_o_tag + csr_group11/hc_o,0,228,0.0,0.0
alu_operand_b_ex_o_tag + csr_group13/hc_o,0,228,0.0,0.0
alu_operand_b_ex_o_tag + csr_group16/hc_o,0,228,0.0,0.0
alu_operand_b_ex_o_tag + csr_group17/hc_o,0,228,0.0,0.0
alu_operand_b_ex_o_tag + lsu_group1/hc_o,0,228,0.0,0.0
alu_operand_b_ex_o_tag + lsu_group2/hc_o,0,228,0.0,0.0
alu_operand_b_ex_o_tag + lsu_group3/hc_o,0,228,0.0,0.0
alu_operand_b_ex_o_tag + lsu_group4/hc_o,0,228,0.0,0.0
csr_group0/hc_o + rf_reg[11],0,228,0.0,0.0
csr_group1/hc_o + rf_reg[11],0,228,0.0,0.0
csr_group2/hc_o + rf_reg[11],0,228,0.0,0.0
csr_group3/hc_o + rf_reg[11],0,228,0.0,0.0
csr_group4/hc_o + rf_reg[11],0,228,0.0,0.0
csr_group5/hc_o + rf_reg[11],0,228,0.0,0.0
csr_group6/hc_o + rf_reg[11],0,228,0.0,0.0
csr_group7/hc_o + rf_reg[11],0,228,0.0,0.0
csr_group8/hc_o + rf_reg[11],0,228,0.0,0.0
csr_group9/hc_o + rf_reg[11],0,228,0.0,0.0
csr_group10/hc_o + rf_reg[11],0,228,0.0,0.0
csr_group11/hc_o + rf_reg[11],0,228,0.0,0.0
csr_group13/hc_o + rf_reg[11],0,228,0.0,0.0
csr_group16/hc_o + rf_reg[11],0,228,0.0,0.0
csr_group17/hc_o + rf_reg[11],0,228,0.0,0.0
lsu_group1/hc_o + rf_reg[11],0,228,0.0,0.0
lsu_group2/hc_o + rf_reg[11],0,228,0.0,0.0
lsu_group3/hc_o + rf_reg[11],0,228,0.0,0.0
lsu_group4/hc_o + rf_reg[11],0,228,0.0,0.0
lsu_group5/hc_o + rf_reg[11],0,228,0.0,0.0
id_group0/hc_o + rf_reg[12],0,228,0.0,0.0
id_group1/hc_o + rf_reg[12],0,228,0.0,0.0
id_group2/hc_o + rf_reg[12],0,228,0.0,0.0
id_group3/hc_o + rf_reg[12],0,228,0.0,0.0
id_group4/hc_o + rf_reg[12],0,228,0.0,0.0
id_group5/hc_o + rf_reg[12],0,228,0.0,0.0
id_group6/hc_o + rf_reg[12],0,228,0.0,0.0
id_group7/hc_o + rf_reg[12],0,228,0.0,0.0
id_group8/hc_o + rf_reg[12],0,228,0.0,0.0
csr_group0/hc_o + rf_reg[12],0,228,0.0,0.0
csr_group1/hc_o + rf_reg[12],0,228,0.0,0.0
csr_group2/hc_o + rf_reg[12],0,228,0.0,0.0
csr_group3/hc_o + rf_reg[12],0,228,0.0,0.0
csr_group4/hc_o + rf_reg[12],0,228,0.0,0.0
csr_group5/hc_o + rf_reg[12],0,228,0.0,0.0
csr_group6/hc_o + rf_reg[12],0,228,0.0,0.0
csr_group7/hc_o + rf_reg[12],0,228,0.0,0.0
csr_group8/hc_o + rf_reg[12],0,228,0.0,0.0
csr_group9/hc_o + rf_reg[12],0,228,0.0,0.0
csr_group10/hc_o + rf_reg[12],0,228,0.0,0.0
csr_group11/hc_o + rf_reg[12],0,228,0.0,0.0
csr_group13/hc_o + rf_reg[12],0,228,0.0,0.0
csr_group16/hc_o + rf_reg[12],0,228,0.0,0.0
csr_group17/hc_o + rf_reg[12],0,228,0.0,0.0
lsu_group1/hc_o + rf_reg[12],0,228,0.0,0.0
lsu_group2/hc_o + rf_reg[12],0,228,0.0,0.0
lsu_group3/hc_o + rf_reg[12],0,228,0.0,0.0
lsu_group4/hc_o + rf_reg[12],0,228,0.0,0.0
lsu_group5/hc_o + rf_reg[12],0,228,0.0,0.0
id_group0/hc_o + rf_reg[13],0,228,0.0,0.0
id_group1/hc_o + rf_reg[13],0,228,0.0,0.0
id_group2/hc_o + rf_reg[13],0,228,0.0,0.0
id_group3/hc_o + rf_reg[13],0,228,0.0,0.0
id_group4/hc_o + rf_reg[13],0,228,0.0,0.0
id_group5/hc_o + rf_reg[13],0,228,0.0,0.0
id_group6/hc_o + rf_reg[13],0,228,0.0,0.0
id_group7/hc_o + rf_reg[13],0,228,0.0,0.0
id_group8/hc_o + rf_reg[13],0,228,0.0,0.0
csr_group0/hc_o + rf_reg[13],0,228,0.0,0.0
csr_group1/hc_o + rf_reg[13],0,228,0.0,0.0
csr_group2/hc_o + rf_reg[13],0,228,0.0,0.0
csr_group3/hc_o + rf_reg[13],0,228,0.0,0.0
csr_group4/hc_o + rf_reg[13],0,228,0.0,0.0
csr_group5/hc_o + rf_reg[13],0,228,0.0,0.0
csr_group6/hc_o + rf_reg[13],0,228,0.0,0.0
csr_group7/hc_o + rf_reg[13],0,228,0.0,0.0
csr_group8/hc_o + rf_reg[13],0,228,0.0,0.0
csr_group9/hc_o + rf_reg[13],0,228,0.0,0.0
csr_group10/hc_o + rf_reg[13],0,228,0.0,0.0
csr_group11/hc_o + rf_reg[13],0,228,0.0,0.0
csr_group13/hc_o + rf_reg[13],0,228,0.0,0.0
csr_group16/hc_o + rf_reg[13],0,228,0.0,0.0
csr_group17/hc_o + rf_reg[13],0,228,0.0,0.0
lsu_group1/hc_o + rf_reg[13],0,228,0.0,0.0
lsu_group2/hc_o + rf_reg[13],0,228,0.0,0.0
lsu_group3/hc_o + rf_reg[13],0,228,0.0,0.0
lsu_group4/hc_o + rf_reg[13],0,228,0.0,0.0
lsu_group5/hc_o + rf_reg[13],0,228,0.0,0.0
id_group0/hc_o + rf_reg[14],0,228,0.0,0.0
id_group1/hc_o + rf_reg[14],0,228,0.0,0.0
id_group2/hc_o + rf_reg[14],0,228,0.0,0.0
id_group3/hc_o + rf_reg[14],0,228,0.0,0.0
id_group4/hc_o + rf_reg[14],0,228,0.0,0.0
id_group5/hc_o + rf_reg[14],0,228,0.0,0.0
id_group6/hc_o + rf_reg[14],0,228,0.0,0.0
id_group7/hc_o + rf_reg[14],0,228,0.0,0.0
id_group8/hc_o + rf_reg[14],0,228,0.0,0.0
csr_group0/hc_o + rf_reg[14],0,228,0.0,0.0
csr_group1/hc_o + rf_reg[14],0,228,0.0,0.0
csr_group2/hc_o + rf_reg[14],0,228,0.0,0.0
csr_group3/hc_o + rf_reg[14],0,228,0.0,0.0
csr_group4/hc_o + rf_reg[14],0,228,0.0,0.0
alu_operand_b_ex_o_tag + lsu_group5/hc_o,0,228,0.0,0.0
csr_group5/hc_o + rf_reg[14],0,228,0.0,0.0
csr_group6/hc_o + rf_reg[14],0,228,0.0,0.0
csr_group7/hc_o + rf_reg[14],0,228,0.0,0.0
csr_group8/hc_o + rf_reg[14],0,228,0.0,0.0
csr_group9/hc_o + rf_reg[14],0,228,0.0,0.0
csr_group10/hc_o + rf_reg[14],0,228,0.0,0.0
csr_group11/hc_o + rf_reg[14],0,228,0.0,0.0
csr_group13/hc_o + rf_reg[14],0,228,0.0,0.0
csr_group16/hc_o + rf_reg[14],0,228,0.0,0.0
csr_group17/hc_o + rf_reg[14],0,228,0.0,0.0
lsu_group1/hc_o + rf_reg[14],0,228,0.0,0.0
lsu_group2/hc_o + rf_reg[14],0,228,0.0,0.0
lsu_group3/hc_o + rf_reg[14],0,228,0.0,0.0
lsu_group4/hc_o + rf_reg[14],0,228,0.0,0.0
lsu_group5/hc_o + rf_reg[14],0,228,0.0,0.0
id_group0/hc_o + rf_reg[15],0,228,0.0,0.0
id_group1/hc_o + rf_reg[15],0,228,0.0,0.0
id_group2/hc_o + rf_reg[15],0,228,0.0,0.0
id_group3/hc_o + rf_reg[15],0,228,0.0,0.0
id_group4/hc_o + rf_reg[15],0,228,0.0,0.0
id_group5/hc_o + rf_reg[15],0,228,0.0,0.0
id_group6/hc_o + rf_reg[15],0,228,0.0,0.0
id_group7/hc_o + rf_reg[15],0,228,0.0,0.0
id_group8/hc_o + rf_reg[15],0,228,0.0,0.0
csr_group0/hc_o + rf_reg[15],0,228,0.0,0.0
csr_group1/hc_o + rf_reg[15],0,228,0.0,0.0
csr_group2/hc_o + rf_reg[15],0,228,0.0,0.0
csr_group3/hc_o + rf_reg[15],0,228,0.0,0.0
csr_group4/hc_o + rf_reg[15],0,228,0.0,0.0
csr_group5/hc_o + rf_reg[15],0,228,0.0,0.0
csr_group6/hc_o + rf_reg[15],0,228,0.0,0.0
csr_group7/hc_o + rf_reg[15],0,228,0.0,0.0
csr_group8/hc_o + rf_reg[15],0,228,0.0,0.0
csr_group9/hc_o + rf_reg[15],0,228,0.0,0.0
csr_group10/hc_o + rf_reg[15],0,228,0.0,0.0
csr_group11/hc_o + rf_reg[15],0,228,0.0,0.0
csr_group13/hc_o + rf_reg[15],0,228,0.0,0.0
csr_group16/hc_o + rf_reg[15],0,228,0.0,0.0
csr_group17/hc_o + rf_reg[15],0,228,0.0,0.0
lsu_group1/hc_o + rf_reg[15],0,228,0.0,0.0
lsu_group2/hc_o + rf_reg[15],0,228,0.0,0.0
lsu_group3/hc_o + rf_reg[15],0,228,0.0,0.0
lsu_group4/hc_o + rf_reg[15],0,228,0.0,0.0
lsu_group5/hc_o + rf_reg[15],0,228,0.0,0.0
id_group0/hc_o + rf_reg[16],0,228,0.0,0.0
id_group1/hc_o + rf_reg[16],0,228,0.0,0.0
id_group2/hc_o + rf_reg[16],0,228,0.0,0.0
id_group3/hc_o + rf_reg[16],0,228,0.0,0.0
id_group4/hc_o + rf_reg[16],0,228,0.0,0.0
id_group5/hc_o + rf_reg[16],0,228,0.0,0.0
id_group6/hc_o + rf_reg[16],0,228,0.0,0.0
id_group7/hc_o + rf_reg[16],0,228,0.0,0.0
id_group8/hc_o + rf_reg[16],0,228,0.0,0.0
csr_group0/hc_o + rf_reg[16],0,228,0.0,0.0
csr_group1/hc_o + rf_reg[16],0,228,0.0,0.0
csr_group2/hc_o + rf_reg[16],0,228,0.0,0.0
csr_group3/hc_o + rf_reg[16],0,228,0.0,0.0
csr_group4/hc_o + rf_reg[16],0,228,0.0,0.0
csr_group5/hc_o + rf_reg[16],0,228,0.0,0.0
csr_group6/hc_o + rf_reg[16],0,228,0.0,0.0
csr_group7/hc_o + rf_reg[16],0,228,0.0,0.0
csr_group8/hc_o + rf_reg[16],0,228,0.0,0.0
csr_group9/hc_o + rf_reg[16],0,228,0.0,0.0
csr_group10/hc_o + rf_reg[16],0,228,0.0,0.0
csr_group11/hc_o + rf_reg[16],0,228,0.0,0.0
csr_group13/hc_o + rf_reg[16],0,228,0.0,0.0
csr_group16/hc_o + rf_reg[16],0,228,0.0,0.0
csr_group17/hc_o + rf_reg[16],0,228,0.0,0.0
lsu_group1/hc_o + rf_reg[16],0,228,0.0,0.0
lsu_group2/hc_o + rf_reg[16],0,228,0.0,0.0
lsu_group3/hc_o + rf_reg[16],0,228,0.0,0.0
lsu_group4/hc_o + rf_reg[16],0,228,0.0,0.0
lsu_group5/hc_o + rf_reg[16],0,228,0.0,0.0
id_group0/hc_o + rf_reg[17],0,228,0.0,0.0
id_group1/hc_o + rf_reg[17],0,228,0.0,0.0
id_group2/hc_o + rf_reg[17],0,228,0.0,0.0
id_group3/hc_o + rf_reg[17],0,228,0.0,0.0
id_group4/hc_o + rf_reg[17],0,228,0.0,0.0
id_group5/hc_o + rf_reg[17],0,228,0.0,0.0
id_group6/hc_o + rf_reg[17],0,228,0.0,0.0
id_group7/hc_o + rf_reg[17],0,228,0.0,0.0
id_group8/hc_o + rf_reg[17],0,228,0.0,0.0
csr_group0/hc_o + rf_reg[17],0,228,0.0,0.0
csr_group1/hc_o + rf_reg[17],0,228,0.0,0.0
csr_group2/hc_o + rf_reg[17],0,228,0.0,0.0
csr_group3/hc_o + rf_reg[17],0,228,0.0,0.0
csr_group4/hc_o + rf_reg[17],0,228,0.0,0.0
csr_group5/hc_o + rf_reg[17],0,228,0.0,0.0
csr_group6/hc_o + rf_reg[17],0,228,0.0,0.0
csr_group7/hc_o + rf_reg[17],0,228,0.0,0.0
csr_group8/hc_o + rf_reg[17],0,228,0.0,0.0
csr_group9/hc_o + rf_reg[17],0,228,0.0,0.0
csr_group10/hc_o + rf_reg[17],0,228,0.0,0.0
csr_group11/hc_o + rf_reg[17],0,228,0.0,0.0
csr_group13/hc_o + rf_reg[17],0,228,0.0,0.0
csr_group16/hc_o + rf_reg[17],0,228,0.0,0.0
csr_group17/hc_o + rf_reg[17],0,228,0.0,0.0
alu_operand_c_ex_o_tag + id_group0/hc_o,0,228,0.0,0.0
alu_operand_c_ex_o_tag + id_group1/hc_o,0,228,0.0,0.0
alu_operand_c_ex_o_tag + id_group2/hc_o,0,228,0.0,0.0
alu_operand_c_ex_o_tag + id_group3/hc_o,0,228,0.0,0.0
alu_operand_c_ex_o_tag + id_group4/hc_o,0,228,0.0,0.0
alu_operand_c_ex_o_tag + id_group5/hc_o,0,228,0.0,0.0
alu_operand_c_ex_o_tag + id_group6/hc_o,0,228,0.0,0.0
alu_operand_c_ex_o_tag + id_group7/hc_o,0,228,0.0,0.0
alu_operand_c_ex_o_tag + id_group8/hc_o,0,228,0.0,0.0
lsu_group1/hc_o + rf_reg[17],0,228,0.0,0.0
lsu_group2/hc_o + rf_reg[17],0,228,0.0,0.0
lsu_group3/hc_o + rf_reg[17],0,228,0.0,0.0
lsu_group4/hc_o + rf_reg[17],0,228,0.0,0.0
lsu_group5/hc_o + rf_reg[17],0,228,0.0,0.0
id_group0/hc_o + rf_reg[18],0,228,0.0,0.0
id_group1/hc_o + rf_reg[18],0,228,0.0,0.0
id_group2/hc_o + rf_reg[18],0,228,0.0,0.0
id_group3/hc_o + rf_reg[18],0,228,0.0,0.0
id_group4/hc_o + rf_reg[18],0,228,0.0,0.0
id_group5/hc_o + rf_reg[18],0,228,0.0,0.0
id_group6/hc_o + rf_reg[18],0,228,0.0,0.0
id_group7/hc_o + rf_reg[18],0,228,0.0,0.0
id_group8/hc_o + rf_reg[18],0,228,0.0,0.0
csr_group0/hc_o + rf_reg[18],0,228,0.0,0.0
csr_group1/hc_o + rf_reg[18],0,228,0.0,0.0
csr_group2/hc_o + rf_reg[18],0,228,0.0,0.0
csr_group3/hc_o + rf_reg[18],0,228,0.0,0.0
csr_group4/hc_o + rf_reg[18],0,228,0.0,0.0
csr_group5/hc_o + rf_reg[18],0,228,0.0,0.0
csr_group6/hc_o + rf_reg[18],0,228,0.0,0.0
csr_group7/hc_o + rf_reg[18],0,228,0.0,0.0
csr_group8/hc_o + rf_reg[18],0,228,0.0,0.0
csr_group9/hc_o + rf_reg[18],0,228,0.0,0.0
csr_group10/hc_o + rf_reg[18],0,228,0.0,0.0
csr_group11/hc_o + rf_reg[18],0,228,0.0,0.0
csr_group13/hc_o + rf_reg[18],0,228,0.0,0.0
csr_group16/hc_o + rf_reg[18],0,228,0.0,0.0
csr_group17/hc_o + rf_reg[18],0,228,0.0,0.0
lsu_group1/hc_o + rf_reg[18],0,228,0.0,0.0
lsu_group2/hc_o + rf_reg[18],0,228,0.0,0.0
lsu_group3/hc_o + rf_reg[18],0,228,0.0,0.0
lsu_group4/hc_o + rf_reg[18],0,228,0.0,0.0
lsu_group5/hc_o + rf_reg[18],0,228,0.0,0.0
id_group0/hc_o + rf_reg[19],0,228,0.0,0.0
id_group1/hc_o + rf_reg[19],0,228,0.0,0.0
id_group2/hc_o + rf_reg[19],0,228,0.0,0.0
id_group3/hc_o + rf_reg[19],0,228,0.0,0.0
id_group4/hc_o + rf_reg[19],0,228,0.0,0.0
id_group5/hc_o + rf_reg[19],0,228,0.0,0.0
id_group6/hc_o + rf_reg[19],0,228,0.0,0.0
id_group7/hc_o + rf_reg[19],0,228,0.0,0.0
id_group8/hc_o + rf_reg[19],0,228,0.0,0.0
csr_group0/hc_o + rf_reg[19],0,228,0.0,0.0
csr_group1/hc_o + rf_reg[19],0,228,0.0,0.0
csr_group2/hc_o + rf_reg[19],0,228,0.0,0.0
csr_group3/hc_o + rf_reg[19],0,228,0.0,0.0
csr_group4/hc_o + rf_reg[19],0,228,0.0,0.0
csr_group5/hc_o + rf_reg[19],0,228,0.0,0.0
csr_group6/hc_o + rf_reg[19],0,228,0.0,0.0
csr_group7/hc_o + rf_reg[19],0,228,0.0,0.0
csr_group8/hc_o + rf_reg[19],0,228,0.0,0.0
csr_group9/hc_o + rf_reg[19],0,228,0.0,0.0
csr_group10/hc_o + rf_reg[19],0,228,0.0,0.0
csr_group11/hc_o + rf_reg[19],0,228,0.0,0.0
csr_group13/hc_o + rf_reg[19],0,228,0.0,0.0
csr_group16/hc_o + rf_reg[19],0,228,0.0,0.0
csr_group17/hc_o + rf_reg[19],0,228,0.0,0.0
lsu_group1/hc_o + rf_reg[19],0,228,0.0,0.0
lsu_group2/hc_o + rf_reg[19],0,228,0.0,0.0
lsu_group3/hc_o + rf_reg[19],0,228,0.0,0.0
lsu_group4/hc_o + rf_reg[19],0,228,0.0,0.0
lsu_group5/hc_o + rf_reg[19],0,228,0.0,0.0
id_group0/hc_o + rf_reg[20],0,228,0.0,0.0
id_group1/hc_o + rf_reg[20],0,228,0.0,0.0
id_group2/hc_o + rf_reg[20],0,228,0.0,0.0
id_group3/hc_o + rf_reg[20],0,228,0.0,0.0
id_group4/hc_o + rf_reg[20],0,228,0.0,0.0
id_group5/hc_o + rf_reg[20],0,228,0.0,0.0
id_group6/hc_o + rf_reg[20],0,228,0.0,0.0
id_group7/hc_o + rf_reg[20],0,228,0.0,0.0
id_group8/hc_o + rf_reg[20],0,228,0.0,0.0
csr_group0/hc_o + rf_reg[20],0,228,0.0,0.0
csr_group1/hc_o + rf_reg[20],0,228,0.0,0.0
csr_group2/hc_o + rf_reg[20],0,228,0.0,0.0
csr_group3/hc_o + rf_reg[20],0,228,0.0,0.0
csr_group4/hc_o + rf_reg[20],0,228,0.0,0.0
csr_group5/hc_o + rf_reg[20],0,228,0.0,0.0
csr_group6/hc_o + rf_reg[20],0,228,0.0,0.0
csr_group7/hc_o + rf_reg[20],0,228,0.0,0.0
csr_group8/hc_o + rf_reg[20],0,228,0.0,0.0
csr_group9/hc_o + rf_reg[20],0,228,0.0,0.0
csr_group10/hc_o + rf_reg[20],0,228,0.0,0.0
csr_group11/hc_o + rf_reg[20],0,228,0.0,0.0
csr_group13/hc_o + rf_reg[20],0,228,0.0,0.0
csr_group16/hc_o + rf_reg[20],0,228,0.0,0.0
csr_group17/hc_o + rf_reg[20],0,228,0.0,0.0
lsu_group1/hc_o + rf_reg[20],0,228,0.0,0.0
lsu_group2/hc_o + rf_reg[20],0,228,0.0,0.0
lsu_group3/hc_o + rf_reg[20],0,228,0.0,0.0
lsu_group4/hc_o + rf_reg[20],0,228,0.0,0.0
lsu_group5/hc_o + rf_reg[20],0,228,0.0,0.0
id_group0/hc_o + rf_reg[21],0,228,0.0,0.0
id_group1/hc_o + rf_reg[21],0,228,0.0,0.0
alu_operand_c_ex_o_tag + csr_group0/hc_o,0,228,0.0,0.0
alu_operand_c_ex_o_tag + csr_group1/hc_o,0,228,0.0,0.0
alu_operand_c_ex_o_tag + csr_group2/hc_o,0,228,0.0,0.0
alu_operand_c_ex_o_tag + csr_group3/hc_o,0,228,0.0,0.0
alu_operand_c_ex_o_tag + csr_group4/hc_o,0,228,0.0,0.0
alu_operand_c_ex_o_tag + csr_group5/hc_o,0,228,0.0,0.0
alu_operand_c_ex_o_tag + csr_group6/hc_o,0,228,0.0,0.0
alu_operand_c_ex_o_tag + csr_group7/hc_o,0,228,0.0,0.0
alu_operand_c_ex_o_tag + csr_group8/hc_o,0,228,0.0,0.0
alu_operand_c_ex_o_tag + csr_group9/hc_o,0,228,0.0,0.0
alu_operand_c_ex_o_tag + csr_group10/hc_o,0,228,0.0,0.0
id_group2/hc_o + rf_reg[21],0,228,0.0,0.0
id_group3/hc_o + rf_reg[21],0,228,0.0,0.0
id_group4/hc_o + rf_reg[21],0,228,0.0,0.0
id_group5/hc_o + rf_reg[21],0,228,0.0,0.0
id_group6/hc_o + rf_reg[21],0,228,0.0,0.0
id_group7/hc_o + rf_reg[21],0,228,0.0,0.0
id_group8/hc_o + rf_reg[21],0,228,0.0,0.0
csr_group0/hc_o + rf_reg[21],0,228,0.0,0.0
csr_group1/hc_o + rf_reg[21],0,228,0.0,0.0
csr_group2/hc_o + rf_reg[21],0,228,0.0,0.0
csr_group3/hc_o + rf_reg[21],0,228,0.0,0.0
csr_group4/hc_o + rf_reg[21],0,228,0.0,0.0
csr_group5/hc_o + rf_reg[21],0,228,0.0,0.0
csr_group6/hc_o + rf_reg[21],0,228,0.0,0.0
csr_group7/hc_o + rf_reg[21],0,228,0.0,0.0
csr_group8/hc_o + rf_reg[21],0,228,0.0,0.0
csr_group9/hc_o + rf_reg[21],0,228,0.0,0.0
csr_group10/hc_o + rf_reg[21],0,228,0.0,0.0
csr_group11/hc_o + rf_reg[21],0,228,0.0,0.0
csr_group13/hc_o + rf_reg[21],0,228,0.0,0.0
csr_group16/hc_o + rf_reg[21],0,228,0.0,0.0
csr_group17/hc_o + rf_reg[21],0,228,0.0,0.0
lsu_group1/hc_o + rf_reg[21],0,228,0.0,0.0
lsu_group2/hc_o + rf_reg[21],0,228,0.0,0.0
lsu_group3/hc_o + rf_reg[21],0,228,0.0,0.0
lsu_group4/hc_o + rf_reg[21],0,228,0.0,0.0
lsu_group5/hc_o + rf_reg[21],0,228,0.0,0.0
id_group0/hc_o + rf_reg[22],0,228,0.0,0.0
id_group1/hc_o + rf_reg[22],0,228,0.0,0.0
id_group2/hc_o + rf_reg[22],0,228,0.0,0.0
id_group3/hc_o + rf_reg[22],0,228,0.0,0.0
id_group4/hc_o + rf_reg[22],0,228,0.0,0.0
id_group5/hc_o + rf_reg[22],0,228,0.0,0.0
id_group6/hc_o + rf_reg[22],0,228,0.0,0.0
id_group7/hc_o + rf_reg[22],0,228,0.0,0.0
id_group8/hc_o + rf_reg[22],0,228,0.0,0.0
csr_group0/hc_o + rf_reg[22],0,228,0.0,0.0
csr_group1/hc_o + rf_reg[22],0,228,0.0,0.0
csr_group2/hc_o + rf_reg[22],0,228,0.0,0.0
csr_group3/hc_o + rf_reg[22],0,228,0.0,0.0
csr_group4/hc_o + rf_reg[22],0,228,0.0,0.0
csr_group5/hc_o + rf_reg[22],0,228,0.0,0.0
csr_group6/hc_o + rf_reg[22],0,228,0.0,0.0
csr_group7/hc_o + rf_reg[22],0,228,0.0,0.0
csr_group8/hc_o + rf_reg[22],0,228,0.0,0.0
csr_group9/hc_o + rf_reg[22],0,228,0.0,0.0
csr_group10/hc_o + rf_reg[22],0,228,0.0,0.0
csr_group11/hc_o + rf_reg[22],0,228,0.0,0.0
csr_group13/hc_o + rf_reg[22],0,228,0.0,0.0
csr_group16/hc_o + rf_reg[22],0,228,0.0,0.0
csr_group17/hc_o + rf_reg[22],0,228,0.0,0.0
lsu_group1/hc_o + rf_reg[22],0,228,0.0,0.0
lsu_group2/hc_o + rf_reg[22],0,228,0.0,0.0
lsu_group3/hc_o + rf_reg[22],0,228,0.0,0.0
lsu_group4/hc_o + rf_reg[22],0,228,0.0,0.0
lsu_group5/hc_o + rf_reg[22],0,228,0.0,0.0
id_group0/hc_o + rf_reg[23],0,228,0.0,0.0
id_group1/hc_o + rf_reg[23],0,228,0.0,0.0
id_group2/hc_o + rf_reg[23],0,228,0.0,0.0
id_group3/hc_o + rf_reg[23],0,228,0.0,0.0
id_group4/hc_o + rf_reg[23],0,228,0.0,0.0
id_group5/hc_o + rf_reg[23],0,228,0.0,0.0
id_group6/hc_o + rf_reg[23],0,228,0.0,0.0
id_group7/hc_o + rf_reg[23],0,228,0.0,0.0
id_group8/hc_o + rf_reg[23],0,228,0.0,0.0
csr_group0/hc_o + rf_reg[23],0,228,0.0,0.0
csr_group1/hc_o + rf_reg[23],0,228,0.0,0.0
csr_group2/hc_o + rf_reg[23],0,228,0.0,0.0
csr_group3/hc_o + rf_reg[23],0,228,0.0,0.0
csr_group4/hc_o + rf_reg[23],0,228,0.0,0.0
csr_group5/hc_o + rf_reg[23],0,228,0.0,0.0
csr_group6/hc_o + rf_reg[23],0,228,0.0,0.0
csr_group7/hc_o + rf_reg[23],0,228,0.0,0.0
csr_group8/hc_o + rf_reg[23],0,228,0.0,0.0
csr_group9/hc_o + rf_reg[23],0,228,0.0,0.0
csr_group10/hc_o + rf_reg[23],0,228,0.0,0.0
csr_group11/hc_o + rf_reg[23],0,228,0.0,0.0
csr_group13/hc_o + rf_reg[23],0,228,0.0,0.0
csr_group16/hc_o + rf_reg[23],0,228,0.0,0.0
csr_group17/hc_o + rf_reg[23],0,228,0.0,0.0
lsu_group1/hc_o + rf_reg[23],0,228,0.0,0.0
lsu_group2/hc_o + rf_reg[23],0,228,0.0,0.0
lsu_group3/hc_o + rf_reg[23],0,228,0.0,0.0
lsu_group4/hc_o + rf_reg[23],0,228,0.0,0.0
lsu_group5/hc_o + rf_reg[23],0,228,0.0,0.0
id_group0/hc_o + rf_reg[24],0,228,0.0,0.0
id_group1/hc_o + rf_reg[24],0,228,0.0,0.0
id_group2/hc_o + rf_reg[24],0,228,0.0,0.0
id_group3/hc_o + rf_reg[24],0,228,0.0,0.0
id_group4/hc_o + rf_reg[24],0,228,0.0,0.0
id_group5/hc_o + rf_reg[24],0,228,0.0,0.0
id_group6/hc_o + rf_reg[24],0,228,0.0,0.0
id_group7/hc_o + rf_reg[24],0,228,0.0,0.0
id_group8/hc_o + rf_reg[24],0,228,0.0,0.0
csr_group0/hc_o + rf_reg[24],0,228,0.0,0.0
csr_group1/hc_o + rf_reg[24],0,228,0.0,0.0
csr_group2/hc_o + rf_reg[24],0,228,0.0,0.0
alu_operand_c_ex_o_tag + csr_group11/hc_o,0,228,0.0,0.0
alu_operand_c_ex_o_tag + csr_group13/hc_o,0,228,0.0,0.0
alu_operand_c_ex_o_tag + csr_group16/hc_o,0,228,0.0,0.0
alu_operand_c_ex_o_tag + csr_group17/hc_o,0,228,0.0,0.0
alu_operand_c_ex_o_tag + lsu_group1/hc_o,0,228,0.0,0.0
alu_operand_c_ex_o_tag + lsu_group2/hc_o,0,228,0.0,0.0
alu_operand_c_ex_o_tag + lsu_group3/hc_o,0,228,0.0,0.0
alu_operand_c_ex_o_tag + lsu_group4/hc_o,0,228,0.0,0.0
alu_operand_c_ex_o_tag + lsu_group5/hc_o,0,228,0.0,0.0
csr_group3/hc_o + rf_reg[24],0,228,0.0,0.0
csr_group4/hc_o + rf_reg[24],0,228,0.0,0.0
csr_group5/hc_o + rf_reg[24],0,228,0.0,0.0
csr_group6/hc_o + rf_reg[24],0,228,0.0,0.0
csr_group7/hc_o + rf_reg[24],0,228,0.0,0.0
csr_group8/hc_o + rf_reg[24],0,228,0.0,0.0
csr_group9/hc_o + rf_reg[24],0,228,0.0,0.0
csr_group10/hc_o + rf_reg[24],0,228,0.0,0.0
csr_group11/hc_o + rf_reg[24],0,228,0.0,0.0
csr_group13/hc_o + rf_reg[24],0,228,0.0,0.0
csr_group16/hc_o + rf_reg[24],0,228,0.0,0.0
csr_group17/hc_o + rf_reg[24],0,228,0.0,0.0
lsu_group1/hc_o + rf_reg[24],0,228,0.0,0.0
lsu_group2/hc_o + rf_reg[24],0,228,0.0,0.0
lsu_group3/hc_o + rf_reg[24],0,228,0.0,0.0
lsu_group4/hc_o + rf_reg[24],0,228,0.0,0.0
lsu_group5/hc_o + rf_reg[24],0,228,0.0,0.0
id_group0/hc_o + rf_reg[25],0,228,0.0,0.0
id_group1/hc_o + rf_reg[25],0,228,0.0,0.0
id_group2/hc_o + rf_reg[25],0,228,0.0,0.0
id_group3/hc_o + rf_reg[25],0,228,0.0,0.0
id_group4/hc_o + rf_reg[25],0,228,0.0,0.0
id_group5/hc_o + rf_reg[25],0,228,0.0,0.0
id_group6/hc_o + rf_reg[25],0,228,0.0,0.0
id_group7/hc_o + rf_reg[25],0,228,0.0,0.0
id_group8/hc_o + rf_reg[25],0,228,0.0,0.0
csr_group0/hc_o + rf_reg[25],0,228,0.0,0.0
csr_group1/hc_o + rf_reg[25],0,228,0.0,0.0
csr_group2/hc_o + rf_reg[25],0,228,0.0,0.0
csr_group3/hc_o + rf_reg[25],0,228,0.0,0.0
csr_group4/hc_o + rf_reg[25],0,228,0.0,0.0
csr_group5/hc_o + rf_reg[25],0,228,0.0,0.0
csr_group6/hc_o + rf_reg[25],0,228,0.0,0.0
csr_group7/hc_o + rf_reg[25],0,228,0.0,0.0
csr_group8/hc_o + rf_reg[25],0,228,0.0,0.0
csr_group9/hc_o + rf_reg[25],0,228,0.0,0.0
csr_group10/hc_o + rf_reg[25],0,228,0.0,0.0
csr_group11/hc_o + rf_reg[25],0,228,0.0,0.0
csr_group13/hc_o + rf_reg[25],0,228,0.0,0.0
csr_group16/hc_o + rf_reg[25],0,228,0.0,0.0
csr_group17/hc_o + rf_reg[25],0,228,0.0,0.0
lsu_group1/hc_o + rf_reg[25],0,228,0.0,0.0
lsu_group2/hc_o + rf_reg[25],0,228,0.0,0.0
lsu_group3/hc_o + rf_reg[25],0,228,0.0,0.0
lsu_group4/hc_o + rf_reg[25],0,228,0.0,0.0
lsu_group5/hc_o + rf_reg[25],0,228,0.0,0.0
id_group0/hc_o + rf_reg[26],0,228,0.0,0.0
id_group1/hc_o + rf_reg[26],0,228,0.0,0.0
id_group2/hc_o + rf_reg[26],0,228,0.0,0.0
id_group3/hc_o + rf_reg[26],0,228,0.0,0.0
id_group4/hc_o + rf_reg[26],0,228,0.0,0.0
id_group5/hc_o + rf_reg[26],0,228,0.0,0.0
id_group6/hc_o + rf_reg[26],0,228,0.0,0.0
id_group7/hc_o + rf_reg[26],0,228,0.0,0.0
id_group8/hc_o + rf_reg[26],0,228,0.0,0.0
csr_group0/hc_o + rf_reg[26],0,228,0.0,0.0
csr_group1/hc_o + rf_reg[26],0,228,0.0,0.0
csr_group2/hc_o + rf_reg[26],0,228,0.0,0.0
csr_group3/hc_o + rf_reg[26],0,228,0.0,0.0
csr_group4/hc_o + rf_reg[26],0,228,0.0,0.0
csr_group5/hc_o + rf_reg[26],0,228,0.0,0.0
csr_group6/hc_o + rf_reg[26],0,228,0.0,0.0
csr_group7/hc_o + rf_reg[26],0,228,0.0,0.0
csr_group8/hc_o + rf_reg[26],0,228,0.0,0.0
csr_group9/hc_o + rf_reg[26],0,228,0.0,0.0
csr_group10/hc_o + rf_reg[26],0,228,0.0,0.0
csr_group11/hc_o + rf_reg[26],0,228,0.0,0.0
csr_group13/hc_o + rf_reg[26],0,228,0.0,0.0
csr_group16/hc_o + rf_reg[26],0,228,0.0,0.0
csr_group17/hc_o + rf_reg[26],0,228,0.0,0.0
lsu_group1/hc_o + rf_reg[26],0,228,0.0,0.0
lsu_group2/hc_o + rf_reg[26],0,228,0.0,0.0
lsu_group3/hc_o + rf_reg[26],0,228,0.0,0.0
lsu_group4/hc_o + rf_reg[26],0,228,0.0,0.0
lsu_group5/hc_o + rf_reg[26],0,228,0.0,0.0
id_group0/hc_o + rf_reg[27],0,228,0.0,0.0
id_group1/hc_o + rf_reg[27],0,228,0.0,0.0
id_group2/hc_o + rf_reg[27],0,228,0.0,0.0
id_group3/hc_o + rf_reg[27],0,228,0.0,0.0
id_group4/hc_o + rf_reg[27],0,228,0.0,0.0
id_group5/hc_o + rf_reg[27],0,228,0.0,0.0
id_group6/hc_o + rf_reg[27],0,228,0.0,0.0
id_group7/hc_o + rf_reg[27],0,228,0.0,0.0
id_group8/hc_o + rf_reg[27],0,228,0.0,0.0
csr_group0/hc_o + rf_reg[27],0,228,0.0,0.0
csr_group1/hc_o + rf_reg[27],0,228,0.0,0.0
csr_group2/hc_o + rf_reg[27],0,228,0.0,0.0
csr_group3/hc_o + rf_reg[27],0,228,0.0,0.0
csr_group4/hc_o + rf_reg[27],0,228,0.0,0.0
csr_group5/hc_o + rf_reg[27],0,228,0.0,0.0
csr_group6/hc_o + rf_reg[27],0,228,0.0,0.0
csr_group7/hc_o + rf_reg[27],0,228,0.0,0.0
csr_group8/hc_o + rf_reg[27],0,228,0.0,0.0
csr_group9/hc_o + rf_reg[27],0,228,0.0,0.0
csr_group10/hc_o + rf_reg[27],0,228,0.0,0.0
csr_group11/hc_o + rf_reg[27],0,228,0.0,0.0
csr_group13/hc_o + rf_reg[27],0,228,0.0,0.0
csr_group16/hc_o + rf_reg[27],0,228,0.0,0.0
csr_group17/hc_o + rf_reg[27],0,228,0.0,0.0
lsu_group1/hc_o + rf_reg[27],0,228,0.0,0.0
lsu_group2/hc_o + rf_reg[27],0,228,0.0,0.0
lsu_group3/hc_o + rf_reg[27],0,228,0.0,0.0
lsu_group4/hc_o + rf_reg[27],0,228,0.0,0.0
id_group0/hc_o + pc_id_o_tag,0,228,0.0,0.0
id_group1/hc_o + pc_id_o_tag,0,228,0.0,0.0
id_group2/hc_o + pc_id_o_tag,0,228,0.0,0.0
id_group3/hc_o + pc_id_o_tag,0,228,0.0,0.0
id_group4/hc_o + pc_id_o_tag,0,228,0.0,0.0
id_group5/hc_o + pc_id_o_tag,0,228,0.0,0.0
id_group6/hc_o + pc_id_o_tag,0,228,0.0,0.0
id_group7/hc_o + pc_id_o_tag,0,228,0.0,0.0
id_group8/hc_o + pc_id_o_tag,0,228,0.0,0.0
lsu_group5/hc_o + rf_reg[27],0,228,0.0,0.0
id_group0/hc_o + rf_reg[28],0,228,0.0,0.0
id_group1/hc_o + rf_reg[28],0,228,0.0,0.0
id_group2/hc_o + rf_reg[28],0,228,0.0,0.0
id_group3/hc_o + rf_reg[28],0,228,0.0,0.0
id_group4/hc_o + rf_reg[28],0,228,0.0,0.0
id_group5/hc_o + rf_reg[28],0,228,0.0,0.0
id_group6/hc_o + rf_reg[28],0,228,0.0,0.0
id_group7/hc_o + rf_reg[28],0,228,0.0,0.0
id_group8/hc_o + rf_reg[28],0,228,0.0,0.0
csr_group0/hc_o + rf_reg[28],0,228,0.0,0.0
csr_group1/hc_o + rf_reg[28],0,228,0.0,0.0
csr_group2/hc_o + rf_reg[28],0,228,0.0,0.0
csr_group3/hc_o + rf_reg[28],0,228,0.0,0.0
csr_group4/hc_o + rf_reg[28],0,228,0.0,0.0
csr_group5/hc_o + rf_reg[28],0,228,0.0,0.0
csr_group6/hc_o + rf_reg[28],0,228,0.0,0.0
csr_group7/hc_o + rf_reg[28],0,228,0.0,0.0
csr_group8/hc_o + rf_reg[28],0,228,0.0,0.0
csr_group9/hc_o + rf_reg[28],0,228,0.0,0.0
csr_group10/hc_o + rf_reg[28],0,228,0.0,0.0
csr_group11/hc_o + rf_reg[28],0,228,0.0,0.0
csr_group13/hc_o + rf_reg[28],0,228,0.0,0.0
csr_group16/hc_o + rf_reg[28],0,228,0.0,0.0
csr_group17/hc_o + rf_reg[28],0,228,0.0,0.0
lsu_group1/hc_o + rf_reg[28],0,228,0.0,0.0
lsu_group2/hc_o + rf_reg[28],0,228,0.0,0.0
lsu_group3/hc_o + rf_reg[28],0,228,0.0,0.0
lsu_group4/hc_o + rf_reg[28],0,228,0.0,0.0
lsu_group5/hc_o + rf_reg[28],0,228,0.0,0.0
id_group0/hc_o + rf_reg[29],0,228,0.0,0.0
id_group1/hc_o + rf_reg[29],0,228,0.0,0.0
id_group2/hc_o + rf_reg[29],0,228,0.0,0.0
id_group3/hc_o + rf_reg[29],0,228,0.0,0.0
id_group4/hc_o + rf_reg[29],0,228,0.0,0.0
id_group5/hc_o + rf_reg[29],0,228,0.0,0.0
id_group6/hc_o + rf_reg[29],0,228,0.0,0.0
id_group7/hc_o + rf_reg[29],0,228,0.0,0.0
id_group8/hc_o + rf_reg[29],0,228,0.0,0.0
csr_group0/hc_o + rf_reg[29],0,228,0.0,0.0
csr_group1/hc_o + rf_reg[29],0,228,0.0,0.0
csr_group2/hc_o + rf_reg[29],0,228,0.0,0.0
csr_group3/hc_o + rf_reg[29],0,228,0.0,0.0
csr_group4/hc_o + rf_reg[29],0,228,0.0,0.0
csr_group5/hc_o + rf_reg[29],0,228,0.0,0.0
csr_group6/hc_o + rf_reg[29],0,228,0.0,0.0
csr_group7/hc_o + rf_reg[29],0,228,0.0,0.0
csr_group8/hc_o + rf_reg[29],0,228,0.0,0.0
csr_group9/hc_o + rf_reg[29],0,228,0.0,0.0
csr_group10/hc_o + rf_reg[29],0,228,0.0,0.0
csr_group11/hc_o + rf_reg[29],0,228,0.0,0.0
csr_group13/hc_o + rf_reg[29],0,228,0.0,0.0
csr_group16/hc_o + rf_reg[29],0,228,0.0,0.0
csr_group17/hc_o + rf_reg[29],0,228,0.0,0.0
lsu_group1/hc_o + rf_reg[29],0,228,0.0,0.0
lsu_group2/hc_o + rf_reg[29],0,228,0.0,0.0
lsu_group3/hc_o + rf_reg[29],0,228,0.0,0.0
lsu_group4/hc_o + rf_reg[29],0,228,0.0,0.0
lsu_group5/hc_o + rf_reg[29],0,228,0.0,0.0
id_group0/hc_o + rf_reg[30],0,228,0.0,0.0
id_group1/hc_o + rf_reg[30],0,228,0.0,0.0
id_group2/hc_o + rf_reg[30],0,228,0.0,0.0
id_group3/hc_o + rf_reg[30],0,228,0.0,0.0
id_group4/hc_o + rf_reg[30],0,228,0.0,0.0
id_group5/hc_o + rf_reg[30],0,228,0.0,0.0
id_group6/hc_o + rf_reg[30],0,228,0.0,0.0
id_group7/hc_o + rf_reg[30],0,228,0.0,0.0
id_group8/hc_o + rf_reg[30],0,228,0.0,0.0
csr_group0/hc_o + rf_reg[30],0,228,0.0,0.0
csr_group1/hc_o + rf_reg[30],0,228,0.0,0.0
csr_group2/hc_o + rf_reg[30],0,228,0.0,0.0
csr_group3/hc_o + rf_reg[30],0,228,0.0,0.0
csr_group4/hc_o + rf_reg[30],0,228,0.0,0.0
csr_group5/hc_o + rf_reg[30],0,228,0.0,0.0
csr_group6/hc_o + rf_reg[30],0,228,0.0,0.0
csr_group7/hc_o + rf_reg[30],0,228,0.0,0.0
csr_group8/hc_o + rf_reg[30],0,228,0.0,0.0
csr_group9/hc_o + rf_reg[30],0,228,0.0,0.0
csr_group10/hc_o + rf_reg[30],0,228,0.0,0.0
csr_group11/hc_o + rf_reg[30],0,228,0.0,0.0
csr_group13/hc_o + rf_reg[30],0,228,0.0,0.0
csr_group16/hc_o + rf_reg[30],0,228,0.0,0.0
csr_group17/hc_o + rf_reg[30],0,228,0.0,0.0
lsu_group1/hc_o + rf_reg[30],0,228,0.0,0.0
lsu_group2/hc_o + rf_reg[30],0,228,0.0,0.0
lsu_group3/hc_o + rf_reg[30],0,228,0.0,0.0
lsu_group4/hc_o + rf_reg[30],0,228,0.0,0.0
lsu_group5/hc_o + rf_reg[30],0,228,0.0,0.0
id_group0/hc_o + rf_reg[31],0,228,0.0,0.0
id_group1/hc_o + rf_reg[31],0,228,0.0,0.0
id_group2/hc_o + rf_reg[31],0,228,0.0,0.0
id_group3/hc_o + rf_reg[31],0,228,0.0,0.0
id_group4/hc_o + rf_reg[31],0,228,0.0,0.0
id_group5/hc_o + rf_reg[31],0,228,0.0,0.0
id_group6/hc_o + rf_reg[31],0,228,0.0,0.0
id_group7/hc_o + rf_reg[31],0,228,0.0,0.0
id_group8/hc_o + rf_reg[31],0,228,0.0,0.0
csr_group0/hc_o + rf_reg[31],0,228,0.0,0.0
csr_group1/hc_o + rf_reg[31],0,228,0.0,0.0
csr_group2/hc_o + rf_reg[31],0,228,0.0,0.0
csr_group3/hc_o + rf_reg[31],0,228,0.0,0.0
csr_group4/hc_o + rf_reg[31],0,228,0.0,0.0
csr_group5/hc_o + rf_reg[31],0,228,0.0,0.0
csr_group6/hc_o + rf_reg[31],0,228,0.0,0.0
csr_group7/hc_o + rf_reg[31],0,228,0.0,0.0
csr_group8/hc_o + rf_reg[31],0,228,0.0,0.0
csr_group9/hc_o + rf_reg[31],0,228,0.0,0.0
csr_group10/hc_o + rf_reg[31],0,228,0.0,0.0
csr_group11/hc_o + rf_reg[31],0,228,0.0,0.0
csr_group13/hc_o + rf_reg[31],0,228,0.0,0.0
csr_group16/hc_o + rf_reg[31],0,228,0.0,0.0
csr_group17/hc_o + rf_reg[31],0,228,0.0,0.0
lsu_group1/hc_o + rf_reg[31],0,228,0.0,0.0
lsu_group2/hc_o + rf_reg[31],0,228,0.0,0.0
lsu_group3/hc_o + rf_reg[31],0,228,0.0,0.0
lsu_group4/hc_o + rf_reg[31],0,228,0.0,0.0
lsu_group5/hc_o + rf_reg[31],0,228,0.0,0.0
id_group0/hc_o + rs1_o_tag,0,228,0.0,0.0
id_group1/hc_o + rs1_o_tag,0,228,0.0,0.0
id_group2/hc_o + rs1_o_tag,0,228,0.0,0.0
id_group3/hc_o + rs1_o_tag,0,228,0.0,0.0
id_group4/hc_o + rs1_o_tag,0,228,0.0,0.0
id_group5/hc_o + rs1_o_tag,0,228,0.0,0.0
id_group6/hc_o + rs1_o_tag,0,228,0.0,0.0
id_group7/hc_o + rs1_o_tag,0,228,0.0,0.0
id_group8/hc_o + rs1_o_tag,0,228,0.0,0.0
csr_group0/hc_o + rs1_o_tag,0,228,0.0,0.0
csr_group1/hc_o + rs1_o_tag,0,228,0.0,0.0
csr_group2/hc_o + rs1_o_tag,0,228,0.0,0.0
csr_group3/hc_o + rs1_o_tag,0,228,0.0,0.0
csr_group4/hc_o + rs1_o_tag,0,228,0.0,0.0
csr_group5/hc_o + rs1_o_tag,0,228,0.0,0.0
csr_group6/hc_o + rs1_o_tag,0,228,0.0,0.0
csr_group7/hc_o + rs1_o_tag,0,228,0.0,0.0
csr_group8/hc_o + rs1_o_tag,0,228,0.0,0.0
csr_group9/hc_o + rs1_o_tag,0,228,0.0,0.0
csr_group10/hc_o + rs1_o_tag,0,228,0.0,0.0
csr_group11/hc_o + rs1_o_tag,0,228,0.0,0.0
csr_group13/hc_o + rs1_o_tag,0,228,0.0,0.0
csr_group16/hc_o + rs1_o_tag,0,228,0.0,0.0
csr_group17/hc_o + rs1_o_tag,0,228,0.0,0.0
lsu_group1/hc_o + rs1_o_tag,0,228,0.0,0.0
lsu_group2/hc_o + rs1_o_tag,0,228,0.0,0.0
lsu_group3/hc_o + rs1_o_tag,0,228,0.0,0.0
lsu_group4/hc_o + rs1_o_tag,0,228,0.0,0.0
lsu_group5/hc_o + rs1_o_tag,0,228,0.0,0.0
data_we_q_tag + id_group0/hc_o,0,228,0.0,0.0
data_we_q_tag + id_group1/hc_o,0,228,0.0,0.0
data_we_q_tag + id_group2/hc_o,0,228,0.0,0.0
data_we_q_tag + id_group3/hc_o,0,228,0.0,0.0
data_we_q_tag + id_group4/hc_o,0,228,0.0,0.0
data_we_q_tag + id_group5/hc_o,0,228,0.0,0.0
data_we_q_tag + id_group6/hc_o,0,228,0.0,0.0
data_we_q_tag + id_group7/hc_o,0,228,0.0,0.0
data_we_q_tag + id_group8/hc_o,0,228,0.0,0.0
csr_group0/hc_o + data_we_q_tag,0,228,0.0,0.0
csr_group1/hc_o + data_we_q_tag,0,228,0.0,0.0
csr_group2/hc_o + data_we_q_tag,0,228,0.0,0.0
csr_group3/hc_o + data_we_q_tag,0,228,0.0,0.0
csr_group4/hc_o + data_we_q_tag,0,228,0.0,0.0
csr_group5/hc_o + data_we_q_tag,0,228,0.0,0.0
csr_group6/hc_o + data_we_q_tag,0,228,0.0,0.0
csr_group7/hc_o + data_we_q_tag,0,228,0.0,0.0
csr_group8/hc_o + data_we_q_tag,0,228,0.0,0.0
csr_group9/hc_o + data_we_q_tag,0,228,0.0,0.0
csr_group10/hc_o + data_we_q_tag,0,228,0.0,0.0
csr_group11/hc_o + data_we_q_tag,0,228,0.0,0.0
csr_group13/hc_o + data_we_q_tag,0,228,0.0,0.0
csr_group16/hc_o + data_we_q_tag,0,228,0.0,0.0
csr_group17/hc_o + data_we_q_tag,0,228,0.0,0.0
data_we_q_tag + lsu_group1/hc_o,0,228,0.0,0.0
data_we_q_tag + lsu_group2/hc_o,0,228,0.0,0.0
data_we_q_tag + lsu_group3/hc_o,0,228,0.0,0.0
data_we_q_tag + lsu_group4/hc_o,0,228,0.0,0.0
data_we_q_tag + lsu_group5/hc_o,0,228,0.0,0.0
check_d_o_tag + id_group0/hc_o,0,228,0.0,0.0
check_d_o_tag + id_group1/hc_o,0,228,0.0,0.0
check_d_o_tag + id_group2/hc_o,0,228,0.0,0.0
check_d_o_tag + id_group3/hc_o,0,228,0.0,0.0
check_d_o_tag + id_group4/hc_o,0,228,0.0,0.0
check_d_o_tag + id_group5/hc_o,0,228,0.0,0.0
check_d_o_tag + id_group6/hc_o,0,228,0.0,0.0
check_d_o_tag + id_group7/hc_o,0,228,0.0,0.0
check_d_o_tag + id_group8/hc_o,0,228,0.0,0.0
check_d_o_tag + csr_group0/hc_o,0,228,0.0,0.0
check_d_o_tag + csr_group1/hc_o,0,228,0.0,0.0
check_d_o_tag + csr_group2/hc_o,0,228,0.0,0.0
check_d_o_tag + csr_group3/hc_o,0,228,0.0,0.0
check_d_o_tag + csr_group4/hc_o,0,228,0.0,0.0
check_d_o_tag + csr_group5/hc_o,0,228,0.0,0.0
check_d_o_tag + csr_group6/hc_o,0,228,0.0,0.0
check_d_o_tag + csr_group7/hc_o,0,228,0.0,0.0
check_d_o_tag + csr_group8/hc_o,0,228,0.0,0.0
csr_group0/hc_o + pc_id_o_tag,0,228,0.0,0.0
csr_group1/hc_o + pc_id_o_tag,0,228,0.0,0.0
csr_group2/hc_o + pc_id_o_tag,0,228,0.0,0.0
csr_group3/hc_o + pc_id_o_tag,0,228,0.0,0.0
csr_group4/hc_o + pc_id_o_tag,0,228,0.0,0.0
csr_group5/hc_o + pc_id_o_tag,0,228,0.0,0.0
csr_group6/hc_o + pc_id_o_tag,0,228,0.0,0.0
csr_group7/hc_o + pc_id_o_tag,0,228,0.0,0.0
csr_group8/hc_o + pc_id_o_tag,0,228,0.0,0.0
csr_group9/hc_o + pc_id_o_tag,0,228,0.0,0.0
csr_group10/hc_o + pc_id_o_tag,0,228,0.0,0.0
csr_group11/hc_o + pc_id_o_tag,0,228,0.0,0.0
check_d_o_tag + csr_group9/hc_o,0,228,0.0,0.0
check_d_o_tag + csr_group10/hc_o,0,228,0.0,0.0
check_d_o_tag + csr_group11/hc_o,0,228,0.0,0.0
check_d_o_tag + csr_group13/hc_o,0,228,0.0,0.0
check_d_o_tag + csr_group16/hc_o,0,228,0.0,0.0
check_d_o_tag + csr_group17/hc_o,0,228,0.0,0.0
check_d_o_tag + lsu_group1/hc_o,0,228,0.0,0.0
check_d_o_tag + lsu_group2/hc_o,0,228,0.0,0.0
check_d_o_tag + lsu_group3/hc_o,0,228,0.0,0.0
check_d_o_tag + lsu_group4/hc_o,0,228,0.0,0.0
check_d_o_tag + lsu_group5/hc_o,0,228,0.0,0.0
check_s1_o_tag + id_group0/hc_o,0,228,0.0,0.0
check_s1_o_tag + id_group1/hc_o,0,228,0.0,0.0
check_s1_o_tag + id_group2/hc_o,0,228,0.0,0.0
check_s1_o_tag + id_group3/hc_o,0,228,0.0,0.0
check_s1_o_tag + id_group4/hc_o,0,228,0.0,0.0
check_s1_o_tag + id_group5/hc_o,0,228,0.0,0.0
check_s1_o_tag + id_group6/hc_o,0,228,0.0,0.0
check_s1_o_tag + id_group7/hc_o,0,228,0.0,0.0
check_s1_o_tag + id_group8/hc_o,0,228,0.0,0.0
check_s1_o_tag + csr_group0/hc_o,0,228,0.0,0.0
check_s1_o_tag + csr_group1/hc_o,0,228,0.0,0.0
check_s1_o_tag + csr_group2/hc_o,0,228,0.0,0.0
check_s1_o_tag + csr_group3/hc_o,0,228,0.0,0.0
check_s1_o_tag + csr_group4/hc_o,0,228,0.0,0.0
check_s1_o_tag + csr_group5/hc_o,0,228,0.0,0.0
check_s1_o_tag + csr_group6/hc_o,0,228,0.0,0.0
check_s1_o_tag + csr_group7/hc_o,0,228,0.0,0.0
check_s1_o_tag + csr_group8/hc_o,0,228,0.0,0.0
check_s1_o_tag + csr_group9/hc_o,0,228,0.0,0.0
check_s1_o_tag + csr_group10/hc_o,0,228,0.0,0.0
check_s1_o_tag + csr_group11/hc_o,0,228,0.0,0.0
check_s1_o_tag + csr_group13/hc_o,0,228,0.0,0.0
check_s1_o_tag + csr_group16/hc_o,0,228,0.0,0.0
check_s1_o_tag + csr_group17/hc_o,0,228,0.0,0.0
check_s1_o_tag + lsu_group1/hc_o,0,228,0.0,0.0
check_s1_o_tag + lsu_group2/hc_o,0,228,0.0,0.0
check_s1_o_tag + lsu_group3/hc_o,0,228,0.0,0.0
check_s1_o_tag + lsu_group4/hc_o,0,228,0.0,0.0
check_s1_o_tag + lsu_group5/hc_o,0,228,0.0,0.0
check_s2_o_tag + id_group0/hc_o,0,228,0.0,0.0
check_s2_o_tag + id_group1/hc_o,0,228,0.0,0.0
check_s2_o_tag + id_group2/hc_o,0,228,0.0,0.0
check_s2_o_tag + id_group3/hc_o,0,228,0.0,0.0
check_s2_o_tag + id_group4/hc_o,0,228,0.0,0.0
check_s2_o_tag + id_group5/hc_o,0,228,0.0,0.0
check_s2_o_tag + id_group6/hc_o,0,228,0.0,0.0
check_s2_o_tag + id_group7/hc_o,0,228,0.0,0.0
check_s2_o_tag + id_group8/hc_o,0,228,0.0,0.0
check_s2_o_tag + csr_group0/hc_o,0,228,0.0,0.0
check_s2_o_tag + csr_group1/hc_o,0,228,0.0,0.0
check_s2_o_tag + csr_group2/hc_o,0,228,0.0,0.0
check_s2_o_tag + csr_group3/hc_o,0,228,0.0,0.0
check_s2_o_tag + csr_group4/hc_o,0,228,0.0,0.0
check_s2_o_tag + csr_group5/hc_o,0,228,0.0,0.0
check_s2_o_tag + csr_group6/hc_o,0,228,0.0,0.0
check_s2_o_tag + csr_group7/hc_o,0,228,0.0,0.0
check_s2_o_tag + csr_group8/hc_o,0,228,0.0,0.0
check_s2_o_tag + csr_group9/hc_o,0,228,0.0,0.0
check_s2_o_tag + csr_group10/hc_o,0,228,0.0,0.0
check_s2_o_tag + csr_group11/hc_o,0,228,0.0,0.0
check_s2_o_tag + csr_group13/hc_o,0,228,0.0,0.0
check_s2_o_tag + csr_group16/hc_o,0,228,0.0,0.0
check_s2_o_tag + csr_group17/hc_o,0,228,0.0,0.0
check_s2_o_tag + lsu_group1/hc_o,0,228,0.0,0.0
check_s2_o_tag + lsu_group2/hc_o,0,228,0.0,0.0
check_s2_o_tag + lsu_group3/hc_o,0,228,0.0,0.0
check_s2_o_tag + lsu_group4/hc_o,0,228,0.0,0.0
check_s2_o_tag + lsu_group5/hc_o,0,228,0.0,0.0
id_group0/hc_o + is_store_post_o_tag,0,228,0.0,0.0
id_group1/hc_o + is_store_post_o_tag,0,228,0.0,0.0
id_group2/hc_o + is_store_post_o_tag,0,228,0.0,0.0
id_group3/hc_o + is_store_post_o_tag,0,228,0.0,0.0
id_group4/hc_o + is_store_post_o_tag,0,228,0.0,0.0
id_group5/hc_o + is_store_post_o_tag,0,228,0.0,0.0
id_group6/hc_o + is_store_post_o_tag,0,228,0.0,0.0
id_group7/hc_o + is_store_post_o_tag,0,228,0.0,0.0
id_group8/hc_o + is_store_post_o_tag,0,228,0.0,0.0
csr_group13/hc_o + pc_id_o_tag,0,228,0.0,0.0
csr_group16/hc_o + pc_id_o_tag,0,228,0.0,0.0
csr_group17/hc_o + pc_id_o_tag,0,228,0.0,0.0
lsu_group1/hc_o + pc_id_o_tag,0,228,0.0,0.0
lsu_group2/hc_o + pc_id_o_tag,0,228,0.0,0.0
lsu_group3/hc_o + pc_id_o_tag,0,228,0.0,0.0
lsu_group4/hc_o + pc_id_o_tag,0,228,0.0,0.0
lsu_group5/hc_o + pc_id_o_tag,0,228,0.0,0.0
csr_group0/hc_o + is_store_post_o_tag,0,228,0.0,0.0
csr_group1/hc_o + is_store_post_o_tag,0,228,0.0,0.0
csr_group2/hc_o + is_store_post_o_tag,0,228,0.0,0.0
csr_group3/hc_o + is_store_post_o_tag,0,228,0.0,0.0
csr_group4/hc_o + is_store_post_o_tag,0,228,0.0,0.0
csr_group5/hc_o + is_store_post_o_tag,0,228,0.0,0.0
csr_group6/hc_o + is_store_post_o_tag,0,228,0.0,0.0
csr_group7/hc_o + is_store_post_o_tag,0,228,0.0,0.0
csr_group8/hc_o + is_store_post_o_tag,0,228,0.0,0.0
csr_group9/hc_o + is_store_post_o_tag,0,228,0.0,0.0
csr_group10/hc_o + is_store_post_o_tag,0,228,0.0,0.0
csr_group11/hc_o + is_store_post_o_tag,0,228,0.0,0.0
csr_group13/hc_o + is_store_post_o_tag,0,228,0.0,0.0
csr_group16/hc_o + is_store_post_o_tag,0,228,0.0,0.0
csr_group17/hc_o + is_store_post_o_tag,0,228,0.0,0.0
is_store_post_o_tag + lsu_group1/hc_o,0,228,0.0,0.0
is_store_post_o_tag + lsu_group2/hc_o,0,228,0.0,0.0
is_store_post_o_tag + lsu_group3/hc_o,0,228,0.0,0.0
is_store_post_o_tag + lsu_group4/hc_o,0,228,0.0,0.0
is_store_post_o_tag + lsu_group5/hc_o,0,228,0.0,0.0
id_group0/hc_o + memory_set_o_tag,0,228,0.0,0.0
id_group1/hc_o + memory_set_o_tag,0,228,0.0,0.0
id_group2/hc_o + memory_set_o_tag,0,228,0.0,0.0
id_group3/hc_o + memory_set_o_tag,0,228,0.0,0.0
id_group4/hc_o + memory_set_o_tag,0,228,0.0,0.0
id_group5/hc_o + memory_set_o_tag,0,228,0.0,0.0
id_group6/hc_o + memory_set_o_tag,0,228,0.0,0.0
id_group7/hc_o + memory_set_o_tag,0,228,0.0,0.0
id_group8/hc_o + memory_set_o_tag,0,228,0.0,0.0
csr_group0/hc_o + memory_set_o_tag,0,228,0.0,0.0
csr_group1/hc_o + memory_set_o_tag,0,228,0.0,0.0
csr_group2/hc_o + memory_set_o_tag,0,228,0.0,0.0
csr_group3/hc_o + memory_set_o_tag,0,228,0.0,0.0
csr_group4/hc_o + memory_set_o_tag,0,228,0.0,0.0
csr_group5/hc_o + memory_set_o_tag,0,228,0.0,0.0
csr_group6/hc_o + memory_set_o_tag,0,228,0.0,0.0
csr_group7/hc_o + memory_set_o_tag,0,228,0.0,0.0
csr_group8/hc_o + memory_set_o_tag,0,228,0.0,0.0
csr_group9/hc_o + memory_set_o_tag,0,228,0.0,0.0
csr_group10/hc_o + memory_set_o_tag,0,228,0.0,0.0
csr_group11/hc_o + memory_set_o_tag,0,228,0.0,0.0
csr_group13/hc_o + memory_set_o_tag,0,228,0.0,0.0
csr_group16/hc_o + memory_set_o_tag,0,228,0.0,0.0
csr_group17/hc_o + memory_set_o_tag,0,228,0.0,0.0
lsu_group1/hc_o + memory_set_o_tag,0,228,0.0,0.0
lsu_group2/hc_o + memory_set_o_tag,0,228,0.0,0.0
lsu_group3/hc_o + memory_set_o_tag,0,228,0.0,0.0
lsu_group4/hc_o + memory_set_o_tag,0,228,0.0,0.0
lsu_group5/hc_o + memory_set_o_tag,0,228,0.0,0.0
id_group0/hc_o + pc_if_o_tag,0,228,0.0,0.0
id_group1/hc_o + pc_if_o_tag,0,228,0.0,0.0
id_group2/hc_o + pc_if_o_tag,0,228,0.0,0.0
id_group3/hc_o + pc_if_o_tag,0,228,0.0,0.0
id_group4/hc_o + pc_if_o_tag,0,228,0.0,0.0
id_group5/hc_o + pc_if_o_tag,0,228,0.0,0.0
id_group6/hc_o + pc_if_o_tag,0,228,0.0,0.0
id_group7/hc_o + pc_if_o_tag,0,228,0.0,0.0
id_group8/hc_o + pc_if_o_tag,0,228,0.0,0.0
csr_group0/hc_o + pc_if_o_tag,0,228,0.0,0.0
csr_group1/hc_o + pc_if_o_tag,0,228,0.0,0.0
csr_group2/hc_o + pc_if_o_tag,0,228,0.0,0.0
csr_group3/hc_o + pc_if_o_tag,0,228,0.0,0.0
csr_group4/hc_o + pc_if_o_tag,0,228,0.0,0.0
csr_group5/hc_o + pc_if_o_tag,0,228,0.0,0.0
csr_group6/hc_o + pc_if_o_tag,0,228,0.0,0.0
csr_group7/hc_o + pc_if_o_tag,0,228,0.0,0.0
csr_group8/hc_o + pc_if_o_tag,0,228,0.0,0.0
csr_group9/hc_o + pc_if_o_tag,0,228,0.0,0.0
csr_group10/hc_o + pc_if_o_tag,0,228,0.0,0.0
csr_group11/hc_o + pc_if_o_tag,0,228,0.0,0.0
csr_group13/hc_o + pc_if_o_tag,0,228,0.0,0.0
csr_group16/hc_o + pc_if_o_tag,0,228,0.0,0.0
csr_group17/hc_o + pc_if_o_tag,0,228,0.0,0.0
lsu_group1/hc_o + pc_if_o_tag,0,228,0.0,0.0
lsu_group2/hc_o + pc_if_o_tag,0,228,0.0,0.0
lsu_group3/hc_o + pc_if_o_tag,0,228,0.0,0.0
lsu_group4/hc_o + pc_if_o_tag,0,228,0.0,0.0
lsu_group5/hc_o + pc_if_o_tag,0,228,0.0,0.0
alu_operand_a_ex_o_tag + id_group0/hc_o,0,228,0.0,0.0
alu_operand_a_ex_o_tag + id_group1/hc_o,0,228,0.0,0.0
alu_operand_a_ex_o_tag + id_group2/hc_o,0,228,0.0,0.0
if_stage/hc_o + sd_o_rf_tag,0,228,0.0,0.0
alu_operator_o_mode/hc_o + pc_if_o_tag/sd_o,0,228,0.0,0.0
pc_if_o_tag/sd_o + rdata_offset_q_tag/hc_o,0,228,0.0,0.0
data_type_q_tag/hc_o + pc_if_o_tag/sd_o,0,228,0.0,0.0
pc_if_o_tag/sd_o + rdata_q_tag/hc_o,0,228,0.0,0.0
alu_operator_o_mode/hc_o + pc_id_o_tag/sd_o,0,228,0.0,0.0
pc_id_o_tag/sd_o + rdata_offset_q_tag/hc_o,0,228,0.0,0.0
data_type_q_tag/hc_o + pc_id_o_tag/sd_o,0,228,0.0,0.0
pc_id_o_tag/sd_o + rdata_q_tag/hc_o,0,228,0.0,0.0
alu_operator_o_mode/hc_o + sd_o_5,0,228,0.0,0.0
rdata_offset_q_tag/hc_o + sd_o_5,0,228,0.0,0.0
data_type_q_tag/hc_o + sd_o_5,0,228,0.0,0.0
rdata_q_tag/hc_o + sd_o_5,0,228,0.0,0.0
alu_operator_o_mode/hc_o + alu_operator_o_mode/sd_o,0,228,0.0,0.0
alu_operator_o_mode/hc_o + store_dest_addr_ex_o_tag/sd_o,0,228,0.0,0.0
alu_operator_o_mode/hc_o + store_source_ex_o_tag/sd_o,0,228,0.0,0.0
alu_operator_o_mode/hc_o + use_store_ops_ex_o/sd_o,0,228,0.0,0.0
alu_operand_a_ex_o_tag/sd_o + alu_operator_o_mode/hc_o,0,228,0.0,0.0
alu_operand_b_ex_o_tag/sd_o + alu_operator_o_mode/hc_o,0,228,0.0,0.0
alu_operand_c_ex_o_tag/sd_o + alu_operator_o_mode/hc_o,0,228,0.0,0.0
alu_operator_o_mode/hc_o + check_s1_o_tag/sd_o,0,228,0.0,0.0
alu_operator_o_mode/hc_o + check_s2_o_tag/sd_o,0,228,0.0,0.0
alu_operator_o_mode/hc_o + check_d_o_tag/sd_o,0,228,0.0,0.0
alu_operator_o_mode/hc_o + register_set_o_tag/sd_o,0,228,0.0,0.0
alu_operator_o_mode/hc_o + is_store_post_o_tag/sd_o,0,228,0.0,0.0
alu_operator_o_mode/hc_o + memory_set_o_tag/sd_o,0,228,0.0,0.0
alu_operator_o_mode/hc_o + sd_o_rf_tag,0,228,0.0,0.0
alu_operator_o_mode/hc_o + rs1_o_tag/sd_o,0,228,0.0,0.0
alu_operator_o_mode/hc_o + data_we_q_tag/sd_o,0,228,0.0,0.0
alu_operator_o_mode/hc_o + rdata_offset_q_tag/sd_o,0,228,0.0,0.0
alu_operator_o_mode/hc_o + data_type_q_tag/sd_o,0,228,0.0,0.0
alu_operator_o_mode/hc_o + rdata_q_tag/sd_o,0,228,0.0,0.0
alu_operator_o_mode/sd_o + rdata_offset_q_tag/hc_o,0,228,0.0,0.0
alu_operator_o_mode/sd_o + data_type_q_tag/hc_o,0,228,0.0,0.0
alu_operator_o_mode/sd_o + rdata_q_tag/hc_o,0,228,0.0,0.0
rdata_offset_q_tag/hc_o + store_dest_addr_ex_o_tag/sd_o,0,228,0.0,0.0
data_type_q_tag/hc_o + store_dest_addr_ex_o_tag/sd_o,0,228,0.0,0.0
rdata_q_tag/hc_o + store_dest_addr_ex_o_tag/sd_o,0,228,0.0,0.0
rdata_offset_q_tag/hc_o + store_source_ex_o_tag/sd_o,0,228,0.0,0.0
data_type_q_tag/hc_o + store_source_ex_o_tag/sd_o,0,228,0.0,0.0
rdata_q_tag/hc_o + store_source_ex_o_tag/sd_o,0,228,0.0,0.0
rdata_offset_q_tag/hc_o + use_store_ops_ex_o/sd_o,0,228,0.0,0.0
data_type_q_tag/hc_o + use_store_ops_ex_o/sd_o,0,228,0.0,0.0
rdata_q_tag/hc_o + use_store_ops_ex_o/sd_o,0,228,0.0,0.0
alu_operand_a_ex_o_tag/sd_o + rdata_offset_q_tag/hc_o,0,228,0.0,0.0
alu_operand_a_ex_o_tag/sd_o + data_type_q_tag/hc_o,0,228,0.0,0.0
alu_operand_a_ex_o_tag/sd_o + rdata_q_tag/hc_o,0,228,0.0,0.0
alu_operand_b_ex_o_tag/sd_o + rdata_offset_q_tag/hc_o,0,228,0.0,0.0
alu_operand_b_ex_o_tag/sd_o + data_type_q_tag/hc_o,0,228,0.0,0.0
alu_operand_b_ex_o_tag/sd_o + rdata_q_tag/hc_o,0,228,0.0,0.0
alu_operand_c_ex_o_tag/sd_o + rdata_offset_q_tag/hc_o,0,228,0.0,0.0
alu_operand_c_ex_o_tag/sd_o + data_type_q_tag/hc_o,0,228,0.0,0.0
alu_operand_c_ex_o_tag/sd_o + rdata_q_tag/hc_o,0,228,0.0,0.0
check_s1_o_tag/sd_o + rdata_offset_q_tag/hc_o,0,228,0.0,0.0
check_s1_o_tag/sd_o + data_type_q_tag/hc_o,0,228,0.0,0.0
check_s1_o_tag/sd_o + rdata_q_tag/hc_o,0,228,0.0,0.0
check_s2_o_tag/sd_o + rdata_offset_q_tag/hc_o,0,228,0.0,0.0
check_s2_o_tag/sd_o + data_type_q_tag/hc_o,0,228,0.0,0.0
check_s2_o_tag/sd_o + rdata_q_tag/hc_o,0,228,0.0,0.0
check_d_o_tag/sd_o + rdata_offset_q_tag/hc_o,0,228,0.0,0.0
check_d_o_tag/sd_o + data_type_q_tag/hc_o,0,228,0.0,0.0
check_d_o_tag/sd_o + rdata_q_tag/hc_o,0,228,0.0,0.0
rdata_offset_q_tag/hc_o + register_set_o_tag/sd_o,0,228,0.0,0.0
data_type_q_tag/hc_o + register_set_o_tag/sd_o,0,228,0.0,0.0
rdata_q_tag/hc_o + register_set_o_tag/sd_o,0,228,0.0,0.0
is_store_post_o_tag/sd_o + rdata_offset_q_tag/hc_o,0,228,0.0,0.0
data_type_q_tag/hc_o + is_store_post_o_tag/sd_o,0,228,0.0,0.0
is_store_post_o_tag/sd_o + rdata_q_tag/hc_o,0,228,0.0,0.0
memory_set_o_tag/sd_o + rdata_offset_q_tag/hc_o,0,228,0.0,0.0
data_type_q_tag/hc_o + memory_set_o_tag/sd_o,0,228,0.0,0.0
memory_set_o_tag/sd_o + rdata_q_tag/hc_o,0,228,0.0,0.0
rdata_offset_q_tag/hc_o + sd_o_rf_tag,0,228,0.0,0.0
data_type_q_tag/hc_o + sd_o_rf_tag,0,228,0.0,0.0
rdata_q_tag/hc_o + sd_o_rf_tag,0,228,0.0,0.0
rdata_offset_q_tag/hc_o + rs1_o_tag/sd_o,0,228,0.0,0.0
data_type_q_tag/hc_o + rs1_o_tag/sd_o,0,228,0.0,0.0
rdata_q_tag/hc_o + rs1_o_tag/sd_o,0,228,0.0,0.0
data_we_q_tag/sd_o + rdata_offset_q_tag/hc_o,0,228,0.0,0.0
data_type_q_tag/hc_o + data_we_q_tag/sd_o,0,228,0.0,0.0
data_we_q_tag/sd_o + rdata_q_tag/hc_o,0,228,0.0,0.0
rdata_offset_q_tag/hc_o + rdata_offset_q_tag/sd_o,0,228,0.0,0.0
data_type_q_tag/sd_o + rdata_offset_q_tag/hc_o,0,228,0.0,0.0
rdata_offset_q_tag/hc_o + rdata_q_tag/sd_o,0,228,0.0,0.0
data_type_q_tag/hc_o + rdata_offset_q_tag/sd_o,0,228,0.0,0.0
rdata_offset_q_tag/sd_o + rdata_q_tag/hc_o,0,228,0.0,0.0
data_type_q_tag/hc_o + data_type_q_tag/sd_o,0,228,0.0,0.0
data_type_q_tag/hc_o + rdata_q_tag/sd_o,0,228,0.0,0.0
data_type_q_tag/sd_o + rdata_q_tag/hc_o,0,228,0.0,0.0
rdata_q_tag/hc_o + rdata_q_tag/sd_o,0,228,0.0,0.0
alu_operand_c_ex_o_tag + lsu_reg/hc_o,0,216,0.0,0.0
data_we_q_tag + lsu_reg/hc_o,0,216,0.0,0.0
check_d_o_tag + lsu_reg/hc_o,0,216,0.0,0.0
check_s1_o_tag + lsu_reg/hc_o,0,216,0.0,0.0
check_s2_o_tag + lsu_reg/hc_o,0,216,0.0,0.0
lsu_reg/hc_o + pc_id_o_tag,0,216,0.0,0.0
is_store_post_o_tag + lsu_reg/hc_o,0,216,0.0,0.0
lsu_reg/hc_o + memory_set_o_tag,0,216,0.0,0.0
lsu_reg/hc_o + pc_if_o_tag,0,216,0.0,0.0
lsu_reg/hc_o + register_set_o_tag,0,216,0.0,0.0
lsu_reg/hc_o + store_dest_addr_ex_o_tag,0,216,0.0,0.0
lsu_reg/hc_o + store_source_ex_o_tag,0,216,0.0,0.0
lsu_reg/hc_o + use_store_ops_ex_o,0,216,0.0,0.0
lsu_reg/hc_o + rf_reg[0],0,216,0.0,0.0
lsu_reg/hc_o + rf_reg[1],0,216,0.0,0.0
lsu_reg/hc_o + rf_reg[2],0,216,0.0,0.0
alu_operand_a_ex_o_tag + lsu_reg/hc_o,0,216,0.0,0.0
lsu_reg/hc_o + rf_reg[3],0,216,0.0,0.0
lsu_reg/hc_o + rf_reg[4],0,216,0.0,0.0
lsu_reg/hc_o + rf_reg[5],0,216,0.0,0.0
lsu_reg/hc_o + rf_reg[6],0,216,0.0,0.0
lsu_reg/hc_o + rf_reg[7],0,216,0.0,0.0
lsu_reg/hc_o + rf_reg[8],0,216,0.0,0.0
lsu_reg/hc_o + rf_reg[9],0,216,0.0,0.0
lsu_reg/hc_o + rf_reg[10],0,216,0.0,0.0
lsu_reg/hc_o + rf_reg[11],0,216,0.0,0.0
lsu_reg/hc_o + rf_reg[12],0,216,0.0,0.0
lsu_reg/hc_o + rf_reg[13],0,216,0.0,0.0
lsu_reg/hc_o + rf_reg[14],0,216,0.0,0.0
lsu_reg/hc_o + rf_reg[15],0,216,0.0,0.0
lsu_reg/hc_o + rf_reg[16],0,216,0.0,0.0
alu_operand_b_ex_o_tag + lsu_reg/hc_o,0,216,0.0,0.0
lsu_reg/hc_o + rf_reg[17],0,216,0.0,0.0
lsu_reg/hc_o + rf_reg[18],0,216,0.0,0.0
lsu_reg/hc_o + rf_reg[19],0,216,0.0,0.0
lsu_reg/hc_o + rf_reg[20],0,216,0.0,0.0
lsu_reg/hc_o + rf_reg[21],0,216,0.0,0.0
lsu_reg/hc_o + rf_reg[22],0,216,0.0,0.0
lsu_reg/hc_o + rf_reg[23],0,216,0.0,0.0
lsu_reg/hc_o + rf_reg[24],0,216,0.0,0.0
lsu_reg/hc_o + rf_reg[25],0,216,0.0,0.0
lsu_reg/hc_o + rf_reg[26],0,216,0.0,0.0
lsu_reg/hc_o + rf_reg[27],0,216,0.0,0.0
lsu_reg/hc_o + rf_reg[28],0,216,0.0,0.0
lsu_reg/hc_o + rf_reg[29],0,216,0.0,0.0
lsu_reg/hc_o + rf_reg[30],0,216,0.0,0.0
lsu_reg/hc_o + rf_reg[31],0,216,0.0,0.0
lsu_reg/hc_o + rs1_o_tag,0,216,0.0,0.0
hc_o_5 + sd_o_26,0,216,0.0,0.0
lsu/hc_o + rf_reg[9],0,216,0.0,0.0
lsu/hc_o + rf_reg[10],0,216,0.0,0.0
lsu/hc_o + rf_reg[11],0,216,0.0,0.0
lsu/hc_o + rf_reg[12],0,216,0.0,0.0
lsu/hc_o + rf_reg[13],0,216,0.0,0.0
alu_operand_b_ex_o_tag + lsu/hc_o,0,216,0.0,0.0
lsu/hc_o + rf_reg[14],0,216,0.0,0.0
lsu/hc_o + rf_reg[15],0,216,0.0,0.0
lsu/hc_o + rf_reg[16],0,216,0.0,0.0
lsu/hc_o + rf_reg[17],0,216,0.0,0.0
lsu/hc_o + rf_reg[18],0,216,0.0,0.0
lsu/hc_o + rf_reg[19],0,216,0.0,0.0
lsu/hc_o + rf_reg[20],0,216,0.0,0.0
lsu/hc_o + rf_reg[21],0,216,0.0,0.0
lsu/hc_o + rf_reg[22],0,216,0.0,0.0
lsu/hc_o + rf_reg[23],0,216,0.0,0.0
lsu/hc_o + rf_reg[24],0,216,0.0,0.0
lsu/hc_o + rf_reg[25],0,216,0.0,0.0
lsu/hc_o + rf_reg[26],0,216,0.0,0.0
lsu/hc_o + rf_reg[27],0,216,0.0,0.0
lsu/hc_o + rf_reg[28],0,216,0.0,0.0
alu_operand_c_ex_o_tag + lsu/hc_o,0,216,0.0,0.0
lsu/hc_o + rf_reg[29],0,216,0.0,0.0
lsu/hc_o + rf_reg[30],0,216,0.0,0.0
lsu/hc_o + rf_reg[31],0,216,0.0,0.0
lsu/hc_o + rs1_o_tag,0,216,0.0,0.0
data_we_q_tag + lsu/hc_o,0,216,0.0,0.0
id_stage/sd_o + rdata_q_tag,0,216,0.0,0.0
ex_stage/sd_o + rdata_q_tag,0,216,0.0,0.0
lsu/sd_o + rdata_q_tag,0,216,0.0,0.0
if_stage/sd_o + lsu/hc_o,0,216,0.0,0.0
id_stage/sd_o + lsu/hc_o,0,216,0.0,0.0
lsu/hc_o + sd_o_rf_tag,0,216,0.0,0.0
check_d_o_tag + lsu/hc_o,0,216,0.0,0.0
ex_stage/sd_o + lsu/hc_o,0,216,0.0,0.0
lsu/hc_o + tpr/sd_o_32,0,216,0.0,0.0
lsu/hc_o + tcr/sd_o_32,0,216,0.0,0.0
lsu/hc_o + lsu/sd_o,0,216,0.0,0.0
check_s1_o_tag + lsu/hc_o,0,216,0.0,0.0
check_s2_o_tag + lsu/hc_o,0,216,0.0,0.0
lsu/hc_o + pc_id_o_tag,0,216,0.0,0.0
is_store_post_o_tag + lsu/hc_o,0,216,0.0,0.0
lsu/hc_o + memory_set_o_tag,0,216,0.0,0.0
lsu/hc_o + pc_if_o_tag,0,216,0.0,0.0
lsu/hc_o + register_set_o_tag,0,216,0.0,0.0
lsu/hc_o + store_dest_addr_ex_o_tag,0,216,0.0,0.0
lsu/hc_o + store_source_ex_o_tag,0,216,0.0,0.0
lsu/hc_o + use_store_ops_ex_o,0,216,0.0,0.0
lsu/hc_o + rf_reg[0],0,216,0.0,0.0
lsu/hc_o + rf_reg[1],0,216,0.0,0.0
lsu/hc_o + rf_reg[2],0,216,0.0,0.0
lsu/hc_o + rf_reg[3],0,216,0.0,0.0
alu_operand_a_ex_o_tag + lsu/hc_o,0,216,0.0,0.0
lsu/hc_o + rf_reg[4],0,216,0.0,0.0
lsu/hc_o + rf_reg[5],0,216,0.0,0.0
lsu/hc_o + rf_reg[6],0,216,0.0,0.0
lsu/hc_o + rf_reg[7],0,216,0.0,0.0
lsu/hc_o + rf_reg[8],0,216,0.0,0.0
rdata_q_tag + tpr_arith/sd_o,0,216,0.0,0.0
rdata_q_tag + tpr_branch/sd_o,0,216,0.0,0.0
rdata_q_tag + tpr_jump/sd_o,0,216,0.0,0.0
rdata_q_tag + tpr_shift/sd_o,0,216,0.0,0.0
rdata_q_tag + tpr_comparison/sd_o,0,216,0.0,0.0
rdata_q_tag + tpr_logical/sd_o,0,216,0.0,0.0
rdata_q_tag + tpr_load_store_mode/sd_o,0,216,0.0,0.0
rdata_q_tag + tpr_load_store_enable/sd_o,0,216,0.0,0.0
rdata_q_tag + tcr_arith/sd_o,0,216,0.0,0.0
rdata_q_tag + tcr_branch/sd_o,0,216,0.0,0.0
rdata_q_tag + tcr_jump/sd_o,0,216,0.0,0.0
rdata_q_tag + tcr_shift/sd_o,0,216,0.0,0.0
rdata_q_tag + tcr_comparison/sd_o,0,216,0.0,0.0
rdata_q_tag + tcr_logical/sd_o,0,216,0.0,0.0
rdata_q_tag + tcr_load_store/sd_o,0,216,0.0,0.0
hc_o_5 + tpr_arith/sd_o,0,216,0.0,0.0
hc_o_5 + tpr_branch/sd_o,0,216,0.0,0.0
hc_o_5 + tpr_jump/sd_o,0,216,0.0,0.0
hc_o_5 + tpr_shift/sd_o,0,216,0.0,0.0
hc_o_5 + tpr_comparison/sd_o,0,216,0.0,0.0
hc_o_5 + tpr_logical/sd_o,0,216,0.0,0.0
hc_o_5 + tpr_load_store_mode/sd_o,0,216,0.0,0.0
hc_o_5 + tpr_load_store_enable/sd_o,0,216,0.0,0.0
hc_o_5 + tcr_arith/sd_o,0,216,0.0,0.0
hc_o_5 + tcr_branch/sd_o,0,216,0.0,0.0
hc_o_5 + tcr_jump/sd_o,0,216,0.0,0.0
hc_o_5 + tcr_shift/sd_o,0,216,0.0,0.0
hc_o_5 + tcr_comparison/sd_o,0,216,0.0,0.0
hc_o_5 + tcr_logical/sd_o,0,216,0.0,0.0
hc_o_5 + tcr_load_store/sd_o,0,216,0.0,0.0
hc_o_5 + tcr_execute/sd_o,0,216,0.0,0.0
id_group0/sd_o + rdata_q_tag,0,216,0.0,0.0
id_group1/sd_o + rdata_q_tag,0,216,0.0,0.0
id_group2/sd_o + rdata_q_tag,0,216,0.0,0.0
id_group3/sd_o + rdata_q_tag,0,216,0.0,0.0
id_group4/sd_o + rdata_q_tag,0,216,0.0,0.0
id_group5/sd_o + rdata_q_tag,0,216,0.0,0.0
id_group6/sd_o + rdata_q_tag,0,216,0.0,0.0
id_group7/sd_o + rdata_q_tag,0,216,0.0,0.0
id_group8/sd_o + rdata_q_tag,0,216,0.0,0.0
id_group9/sd_o + rdata_q_tag,0,216,0.0,0.0
csr_group0/sd_o + rdata_q_tag,0,216,0.0,0.0
csr_group1/sd_o + rdata_q_tag,0,216,0.0,0.0
csr_group2/sd_o + rdata_q_tag,0,216,0.0,0.0
csr_group3/sd_o + rdata_q_tag,0,216,0.0,0.0
csr_group4/sd_o + rdata_q_tag,0,216,0.0,0.0
csr_group5/sd_o + rdata_q_tag,0,216,0.0,0.0
csr_group6/sd_o + rdata_q_tag,0,216,0.0,0.0
csr_group7/sd_o + rdata_q_tag,0,216,0.0,0.0
csr_group8/sd_o + rdata_q_tag,0,216,0.0,0.0
csr_group9/sd_o + rdata_q_tag,0,216,0.0,0.0
csr_group10/sd_o + rdata_q_tag,0,216,0.0,0.0
csr_group11/sd_o + rdata_q_tag,0,216,0.0,0.0
csr_group12/sd_o + rdata_q_tag,0,216,0.0,0.0
csr_group13/sd_o + rdata_q_tag,0,216,0.0,0.0
csr_group14/sd_o + rdata_q_tag,0,216,0.0,0.0
csr_group15/sd_o + rdata_q_tag,0,216,0.0,0.0
csr_group16/sd_o + rdata_q_tag,0,216,0.0,0.0
csr_group17/sd_o + rdata_q_tag,0,216,0.0,0.0
csr_group18/sd_o + rdata_q_tag,0,216,0.0,0.0
csr_group19/sd_o + rdata_q_tag,0,216,0.0,0.0
csr_group20/sd_o + rdata_q_tag,0,216,0.0,0.0
lsu_group1/sd_o + rdata_q_tag,0,216,0.0,0.0
lsu_group2/sd_o + rdata_q_tag,0,216,0.0,0.0
lsu_group3/sd_o + rdata_q_tag,0,216,0.0,0.0
lsu_group4/sd_o + rdata_q_tag,0,216,0.0,0.0
lsu_group5/sd_o + rdata_q_tag,0,216,0.0,0.0
rdata_q_tag + sp_o_5,0,216,0.0,0.0
rdata_q_tag + sp_o_26,0,216,0.0,0.0
rdata_q_tag + sp_o_rf_tag,0,216,0.0,0.0
sd_o_26 + tcr_q,0,192,0.0,0.0
sd_o_26 + tpr_q,0,192,0.0,0.0
id_stage/sd_o + tcr_q,0,192,0.0,0.0
ex_stage/sd_o + tcr_q,0,192,0.0,0.0
lsu/sd_o + tcr_q,0,192,0.0,0.0
id_stage/sd_o + tpr_q,0,192,0.0,0.0
ex_stage/sd_o + tpr_q,0,192,0.0,0.0
lsu/sd_o + tpr_q,0,192,0.0,0.0
tcr_q + tpr_arith/sd_o,0,192,0.0,0.0
tcr_q + tpr_branch/sd_o,0,192,0.0,0.0
tcr_q + tpr_jump/sd_o,0,192,0.0,0.0
tcr_q + tpr_shift/sd_o,0,192,0.0,0.0
tcr_q + tpr_comparison/sd_o,0,192,0.0,0.0
tcr_q + tpr_logical/sd_o,0,192,0.0,0.0
tcr_q + tpr_load_store_mode/sd_o,0,192,0.0,0.0
tcr_q + tpr_load_store_enable/sd_o,0,192,0.0,0.0
tcr_arith/sd_o + tcr_q,0,192,0.0,0.0
tcr_branch/sd_o + tcr_q,0,192,0.0,0.0
tcr_jump/sd_o + tcr_q,0,192,0.0,0.0
tcr_q + tcr_shift/sd_o,0,192,0.0,0.0
tcr_comparison/sd_o + tcr_q,0,192,0.0,0.0
tcr_logical/sd_o + tcr_q,0,192,0.0,0.0
tcr_load_store/sd_o + tcr_q,0,192,0.0,0.0
tpr_arith/sd_o + tpr_q,0,192,0.0,0.0
tpr_branch/sd_o + tpr_q,0,192,0.0,0.0
tpr_jump/sd_o + tpr_q,0,192,0.0,0.0
tpr_q + tpr_shift/sd_o,0,192,0.0,0.0
tpr_comparison/sd_o + tpr_q,0,192,0.0,0.0
tpr_logical/sd_o + tpr_q,0,192,0.0,0.0
tpr_load_store_mode/sd_o + tpr_q,0,192,0.0,0.0
tpr_load_store_enable/sd_o + tpr_q,0,192,0.0,0.0
tcr_arith/sd_o + tpr_q,0,192,0.0,0.0
tcr_branch/sd_o + tpr_q,0,192,0.0,0.0
tcr_jump/sd_o + tpr_q,0,192,0.0,0.0
tcr_shift/sd_o + tpr_q,0,192,0.0,0.0
tcr_comparison/sd_o + tpr_q,0,192,0.0,0.0
tcr_logical/sd_o + tpr_q,0,192,0.0,0.0
tcr_load_store/sd_o + tpr_q,0,192,0.0,0.0
id_group0/sd_o + tcr_q,0,192,0.0,0.0
id_group1/sd_o + tcr_q,0,192,0.0,0.0
id_group2/sd_o + tcr_q,0,192,0.0,0.0
id_group3/sd_o + tcr_q,0,192,0.0,0.0
id_group4/sd_o + tcr_q,0,192,0.0,0.0
id_group5/sd_o + tcr_q,0,192,0.0,0.0
id_group6/sd_o + tcr_q,0,192,0.0,0.0
id_group7/sd_o + tcr_q,0,192,0.0,0.0
id_group8/sd_o + tcr_q,0,192,0.0,0.0
id_group9/sd_o + tcr_q,0,192,0.0,0.0
csr_group0/sd_o + tcr_q,0,192,0.0,0.0
csr_group1/sd_o + tcr_q,0,192,0.0,0.0
csr_group2/sd_o + tcr_q,0,192,0.0,0.0
csr_group3/sd_o + tcr_q,0,192,0.0,0.0
csr_group4/sd_o + tcr_q,0,192,0.0,0.0
csr_group5/sd_o + tcr_q,0,192,0.0,0.0
csr_group6/sd_o + tcr_q,0,192,0.0,0.0
csr_group7/sd_o + tcr_q,0,192,0.0,0.0
csr_group8/sd_o + tcr_q,0,192,0.0,0.0
csr_group9/sd_o + tcr_q,0,192,0.0,0.0
csr_group10/sd_o + tcr_q,0,192,0.0,0.0
csr_group11/sd_o + tcr_q,0,192,0.0,0.0
csr_group12/sd_o + tcr_q,0,192,0.0,0.0
csr_group13/sd_o + tcr_q,0,192,0.0,0.0
csr_group14/sd_o + tcr_q,0,192,0.0,0.0
csr_group15/sd_o + tcr_q,0,192,0.0,0.0
csr_group16/sd_o + tcr_q,0,192,0.0,0.0
csr_group17/sd_o + tcr_q,0,192,0.0,0.0
csr_group18/sd_o + tcr_q,0,192,0.0,0.0
csr_group19/sd_o + tcr_q,0,192,0.0,0.0
csr_group20/sd_o + tcr_q,0,192,0.0,0.0
lsu_group1/sd_o + tcr_q,0,192,0.0,0.0
lsu_group2/sd_o + tcr_q,0,192,0.0,0.0
lsu_group3/sd_o + tcr_q,0,192,0.0,0.0
lsu_group4/sd_o + tcr_q,0,192,0.0,0.0
lsu_group5/sd_o + tcr_q,0,192,0.0,0.0
id_group0/sd_o + tpr_q,0,192,0.0,0.0
id_group1/sd_o + tpr_q,0,192,0.0,0.0
id_group2/sd_o + tpr_q,0,192,0.0,0.0
id_group3/sd_o + tpr_q,0,192,0.0,0.0
id_group4/sd_o + tpr_q,0,192,0.0,0.0
id_group5/sd_o + tpr_q,0,192,0.0,0.0
id_group6/sd_o + tpr_q,0,192,0.0,0.0
id_group7/sd_o + tpr_q,0,192,0.0,0.0
id_group8/sd_o + tpr_q,0,192,0.0,0.0
id_group9/sd_o + tpr_q,0,192,0.0,0.0
csr_group0/sd_o + tpr_q,0,192,0.0,0.0
csr_group1/sd_o + tpr_q,0,192,0.0,0.0
csr_group2/sd_o + tpr_q,0,192,0.0,0.0
csr_group3/sd_o + tpr_q,0,192,0.0,0.0
csr_group4/sd_o + tpr_q,0,192,0.0,0.0
csr_group5/sd_o + tpr_q,0,192,0.0,0.0
csr_group6/sd_o + tpr_q,0,192,0.0,0.0
csr_group7/sd_o + tpr_q,0,192,0.0,0.0
csr_group8/sd_o + tpr_q,0,192,0.0,0.0
csr_group9/sd_o + tpr_q,0,192,0.0,0.0
csr_group10/sd_o + tpr_q,0,192,0.0,0.0
csr_group11/sd_o + tpr_q,0,192,0.0,0.0
csr_group12/sd_o + tpr_q,0,192,0.0,0.0
csr_group13/sd_o + tpr_q,0,192,0.0,0.0
csr_group14/sd_o + tpr_q,0,192,0.0,0.0
csr_group15/sd_o + tpr_q,0,192,0.0,0.0
csr_group16/sd_o + tpr_q,0,192,0.0,0.0
csr_group17/sd_o + tpr_q,0,192,0.0,0.0
csr_group18/sd_o + tpr_q,0,192,0.0,0.0
csr_group19/sd_o + tpr_q,0,192,0.0,0.0
csr_group20/sd_o + tpr_q,0,192,0.0,0.0
lsu_group1/sd_o + tpr_q,0,192,0.0,0.0
lsu_group2/sd_o + tpr_q,0,192,0.0,0.0
lsu_group3/sd_o + tpr_q,0,192,0.0,0.0
lsu_group4/sd_o + tpr_q,0,192,0.0,0.0
lsu_group5/sd_o + tpr_q,0,192,0.0,0.0
sp_o_5 + tcr_q,0,192,0.0,0.0
sp_o_26 + tcr_q,0,192,0.0,0.0
sp_o_rf_tag + tcr_q,0,192,0.0,0.0
sp_o_5 + tpr_q,0,192,0.0,0.0
sp_o_26 + tpr_q,0,192,0.0,0.0
sp_o_rf_tag + tpr_q,0,192,0.0,0.0
data_type_q_tag + sd_o_5,0,180,0.0,0.0
data_type_q_tag + tpr/sd_o_32,0,180,0.0,0.0
data_type_q_tag + tcr/sd_o_32,0,180,0.0,0.0
rdata_offset_q_tag + sd_o_5,0,180,0.0,0.0
rdata_offset_q_tag + tpr/sd_o_32,0,180,0.0,0.0
rdata_offset_q_tag + tcr/sd_o_32,0,180,0.0,0.0
alu_operator_o_mode + sd_o_5,0,180,0.0,0.0
alu_operator_o_mode + tpr/sd_o_32,0,180,0.0,0.0
alu_operator_o_mode + tcr/sd_o_32,0,180,0.0,0.0
alu_operand_b_ex_o_tag + sd_o_rf_tag,0,150,0.0,0.0
rf_reg[12] + sd_o_rf_tag,0,150,0.0,0.0
rf_reg[13] + sd_o_rf_tag,0,150,0.0,0.0
rf_reg[14] + sd_o_rf_tag,0,150,0.0,0.0
rf_reg[15] + sd_o_rf_tag,0,150,0.0,0.0
rf_reg[16] + sd_o_rf_tag,0,150,0.0,0.0
rf_reg[17] + sd_o_rf_tag,0,150,0.0,0.0
rf_reg[18] + sd_o_rf_tag,0,150,0.0,0.0
rf_reg[19] + sd_o_rf_tag,0,150,0.0,0.0
rf_reg[20] + sd_o_rf_tag,0,150,0.0,0.0
rf_reg[21] + sd_o_rf_tag,0,150,0.0,0.0
rf_reg[22] + sd_o_rf_tag,0,150,0.0,0.0
rf_reg[23] + sd_o_rf_tag,0,150,0.0,0.0
rf_reg[24] + sd_o_rf_tag,0,150,0.0,0.0
rf_reg[25] + sd_o_rf_tag,0,150,0.0,0.0
rf_reg[26] + sd_o_rf_tag,0,150,0.0,0.0
rf_reg[27] + sd_o_rf_tag,0,150,0.0,0.0
rf_reg[28] + sd_o_rf_tag,0,150,0.0,0.0
alu_operand_c_ex_o_tag + sd_o_rf_tag,0,150,0.0,0.0
rf_reg[29] + sd_o_rf_tag,0,150,0.0,0.0
rf_reg[30] + sd_o_rf_tag,0,150,0.0,0.0
rf_reg[31] + sd_o_rf_tag,0,150,0.0,0.0
rs1_o_tag + sd_o_rf_tag,0,150,0.0,0.0
data_we_q_tag + sd_o_rf_tag,0,150,0.0,0.0
check_d_o_tag + sd_o_rf_tag,0,150,0.0,0.0
check_s1_o_tag + sd_o_rf_tag,0,150,0.0,0.0
check_s2_o_tag + sd_o_rf_tag,0,150,0.0,0.0
is_store_post_o_tag + sd_o_rf_tag,0,150,0.0,0.0
pc_id_o_tag + sd_o_rf_tag,0,150,0.0,0.0
memory_set_o_tag + sd_o_rf_tag,0,150,0.0,0.0
pc_if_o_tag + sd_o_rf_tag,0,150,0.0,0.0
register_set_o_tag + sd_o_rf_tag,0,150,0.0,0.0
sd_o_rf_tag + store_dest_addr_ex_o_tag,0,150,0.0,0.0
sd_o_rf_tag + store_source_ex_o_tag,0,150,0.0,0.0
sd_o_rf_tag + use_store_ops_ex_o,0,150,0.0,0.0
rf_reg[0] + sd_o_rf_tag,0,150,0.0,0.0
rf_reg[1] + sd_o_rf_tag,0,150,0.0,0.0
alu_operand_a_ex_o_tag + sd_o_rf_tag,0,150,0.0,0.0
rf_reg[2] + sd_o_rf_tag,0,150,0.0,0.0
rf_reg[3] + sd_o_rf_tag,0,150,0.0,0.0
rf_reg[4] + sd_o_rf_tag,0,150,0.0,0.0
rf_reg[5] + sd_o_rf_tag,0,150,0.0,0.0
rf_reg[6] + sd_o_rf_tag,0,150,0.0,0.0
rf_reg[7] + sd_o_rf_tag,0,150,0.0,0.0
rf_reg[8] + sd_o_rf_tag,0,150,0.0,0.0
rf_reg[9] + sd_o_rf_tag,0,150,0.0,0.0
rf_reg[10] + sd_o_rf_tag,0,150,0.0,0.0
rf_reg[11] + sd_o_rf_tag,0,150,0.0,0.0
data_we_q_tag + ex_stage/hc_o,0,120,0.0,0.0
check_d_o_tag + ex_stage/hc_o,0,120,0.0,0.0
check_s1_o_tag + ex_stage/hc_o,0,120,0.0,0.0
check_s2_o_tag + ex_stage/hc_o,0,120,0.0,0.0
ex_stage/hc_o + pc_id_o_tag,0,120,0.0,0.0
ex_stage/hc_o + is_store_post_o_tag,0,120,0.0,0.0
ex_stage/hc_o + memory_set_o_tag,0,120,0.0,0.0
ex_stage/hc_o + pc_if_o_tag,0,120,0.0,0.0
ex_stage/hc_o + register_set_o_tag,0,120,0.0,0.0
ex_stage/hc_o + store_dest_addr_ex_o_tag,0,120,0.0,0.0
ex_stage/hc_o + store_source_ex_o_tag,0,120,0.0,0.0
ex_stage/hc_o + use_store_ops_ex_o,0,120,0.0,0.0
ex_stage/hc_o + rf_reg[0],0,120,0.0,0.0
ex_stage/hc_o + rf_reg[1],0,120,0.0,0.0
ex_stage/hc_o + rf_reg[2],0,120,0.0,0.0
alu_operand_a_ex_o_tag + ex_stage/hc_o,0,120,0.0,0.0
ex_stage/hc_o + rf_reg[3],0,120,0.0,0.0
ex_stage/hc_o + rf_reg[4],0,120,0.0,0.0
ex_stage/hc_o + rf_reg[5],0,120,0.0,0.0
ex_stage/hc_o + rf_reg[6],0,120,0.0,0.0
ex_stage/hc_o + rf_reg[7],0,120,0.0,0.0
ex_stage/hc_o + rf_reg[8],0,120,0.0,0.0
ex_stage/hc_o + rf_reg[9],0,120,0.0,0.0
ex_stage/hc_o + rf_reg[10],0,120,0.0,0.0
ex_stage/hc_o + rf_reg[11],0,120,0.0,0.0
ex_stage/hc_o + rf_reg[12],0,120,0.0,0.0
ex_stage/hc_o + rf_reg[13],0,120,0.0,0.0
ex_stage/hc_o + rf_reg[14],0,120,0.0,0.0
ex_stage/hc_o + rf_reg[15],0,120,0.0,0.0
ex_stage/hc_o + rf_reg[16],0,120,0.0,0.0
alu_operand_b_ex_o_tag + ex_stage/hc_o,0,120,0.0,0.0
ex_stage/hc_o + rf_reg[17],0,120,0.0,0.0
ex_stage/hc_o + rf_reg[18],0,120,0.0,0.0
ex_stage/hc_o + rf_reg[19],0,120,0.0,0.0
ex_stage/hc_o + rf_reg[20],0,120,0.0,0.0
ex_stage/hc_o + rf_reg[21],0,120,0.0,0.0
ex_stage/hc_o + rf_reg[22],0,120,0.0,0.0
ex_stage/hc_o + rf_reg[23],0,120,0.0,0.0
ex_stage/hc_o + rf_reg[24],0,120,0.0,0.0
alu_operand_c_ex_o_tag + ex_stage/hc_o,0,120,0.0,0.0
ex_stage/hc_o + rf_reg[25],0,120,0.0,0.0
ex_stage/hc_o + rf_reg[26],0,120,0.0,0.0
ex_stage/hc_o + rf_reg[27],0,120,0.0,0.0
ex_stage/hc_o + rf_reg[28],0,120,0.0,0.0
ex_stage/hc_o + rf_reg[29],0,120,0.0,0.0
ex_stage/hc_o + rf_reg[30],0,120,0.0,0.0
ex_stage/hc_o + rf_reg[31],0,120,0.0,0.0
ex_stage/hc_o + rs1_o_tag,0,120,0.0,0.0
csr_group14/hc_o + register_set_o_tag,0,120,0.0,0.0
csr_group18/hc_o + register_set_o_tag,0,120,0.0,0.0
csr_group19/hc_o + register_set_o_tag,0,120,0.0,0.0
csr_group20/hc_o + register_set_o_tag,0,120,0.0,0.0
csr_group14/hc_o + store_dest_addr_ex_o_tag,0,120,0.0,0.0
csr_group18/hc_o + store_dest_addr_ex_o_tag,0,120,0.0,0.0
csr_group19/hc_o + store_dest_addr_ex_o_tag,0,120,0.0,0.0
csr_group20/hc_o + store_dest_addr_ex_o_tag,0,120,0.0,0.0
csr_group14/hc_o + store_source_ex_o_tag,0,120,0.0,0.0
csr_group18/hc_o + store_source_ex_o_tag,0,120,0.0,0.0
csr_group19/hc_o + store_source_ex_o_tag,0,120,0.0,0.0
csr_group20/hc_o + store_source_ex_o_tag,0,120,0.0,0.0
alu_operand_a_ex_o_tag + csr_group14/hc_o,0,120,0.0,0.0
alu_operand_a_ex_o_tag + csr_group18/hc_o,0,120,0.0,0.0
alu_operand_a_ex_o_tag + csr_group19/hc_o,0,120,0.0,0.0
alu_operand_a_ex_o_tag + csr_group20/hc_o,0,120,0.0,0.0
csr_group14/hc_o + use_store_ops_ex_o,0,120,0.0,0.0
csr_group18/hc_o + use_store_ops_ex_o,0,120,0.0,0.0
csr_group19/hc_o + use_store_ops_ex_o,0,120,0.0,0.0
csr_group20/hc_o + use_store_ops_ex_o,0,120,0.0,0.0
csr_group14/hc_o + rf_reg[0],0,120,0.0,0.0
csr_group18/hc_o + rf_reg[0],0,120,0.0,0.0
csr_group19/hc_o + rf_reg[0],0,120,0.0,0.0
csr_group20/hc_o + rf_reg[0],0,120,0.0,0.0
csr_group14/hc_o + rf_reg[1],0,120,0.0,0.0
csr_group18/hc_o + rf_reg[1],0,120,0.0,0.0
csr_group19/hc_o + rf_reg[1],0,120,0.0,0.0
csr_group20/hc_o + rf_reg[1],0,120,0.0,0.0
csr_group14/hc_o + rf_reg[2],0,120,0.0,0.0
csr_group18/hc_o + rf_reg[2],0,120,0.0,0.0
csr_group19/hc_o + rf_reg[2],0,120,0.0,0.0
csr_group20/hc_o + rf_reg[2],0,120,0.0,0.0
csr_group14/hc_o + rf_reg[3],0,120,0.0,0.0
csr_group18/hc_o + rf_reg[3],0,120,0.0,0.0
csr_group19/hc_o + rf_reg[3],0,120,0.0,0.0
csr_group20/hc_o + rf_reg[3],0,120,0.0,0.0
csr_group14/hc_o + rf_reg[4],0,120,0.0,0.0
csr_group18/hc_o + rf_reg[4],0,120,0.0,0.0
csr_group19/hc_o + rf_reg[4],0,120,0.0,0.0
csr_group20/hc_o + rf_reg[4],0,120,0.0,0.0
csr_group14/hc_o + rf_reg[5],0,120,0.0,0.0
csr_group18/hc_o + rf_reg[5],0,120,0.0,0.0
csr_group19/hc_o + rf_reg[5],0,120,0.0,0.0
csr_group20/hc_o + rf_reg[5],0,120,0.0,0.0
csr_group14/hc_o + rf_reg[6],0,120,0.0,0.0
csr_group18/hc_o + rf_reg[6],0,120,0.0,0.0
csr_group19/hc_o + rf_reg[6],0,120,0.0,0.0
csr_group20/hc_o + rf_reg[6],0,120,0.0,0.0
csr_group14/hc_o + rf_reg[7],0,120,0.0,0.0
csr_group18/hc_o + rf_reg[7],0,120,0.0,0.0
csr_group19/hc_o + rf_reg[7],0,120,0.0,0.0
csr_group20/hc_o + rf_reg[7],0,120,0.0,0.0
csr_group14/hc_o + rf_reg[8],0,120,0.0,0.0
csr_group18/hc_o + rf_reg[8],0,120,0.0,0.0
csr_group19/hc_o + rf_reg[8],0,120,0.0,0.0
csr_group20/hc_o + rf_reg[8],0,120,0.0,0.0
csr_group14/hc_o + rf_reg[9],0,120,0.0,0.0
csr_group18/hc_o + rf_reg[9],0,120,0.0,0.0
csr_group19/hc_o + rf_reg[9],0,120,0.0,0.0
csr_group20/hc_o + rf_reg[9],0,120,0.0,0.0
csr_group14/hc_o + rf_reg[10],0,120,0.0,0.0
csr_group18/hc_o + rf_reg[10],0,120,0.0,0.0
csr_group19/hc_o + rf_reg[10],0,120,0.0,0.0
csr_group20/hc_o + rf_reg[10],0,120,0.0,0.0
alu_operand_b_ex_o_tag + csr_group14/hc_o,0,120,0.0,0.0
alu_operand_b_ex_o_tag + csr_group18/hc_o,0,120,0.0,0.0
alu_operand_b_ex_o_tag + csr_group19/hc_o,0,120,0.0,0.0
alu_operand_b_ex_o_tag + csr_group20/hc_o,0,120,0.0,0.0
csr_group14/hc_o + rf_reg[11],0,120,0.0,0.0
csr_group18/hc_o + rf_reg[11],0,120,0.0,0.0
csr_group19/hc_o + rf_reg[11],0,120,0.0,0.0
csr_group20/hc_o + rf_reg[11],0,120,0.0,0.0
csr_group14/hc_o + rf_reg[12],0,120,0.0,0.0
csr_group18/hc_o + rf_reg[12],0,120,0.0,0.0
csr_group19/hc_o + rf_reg[12],0,120,0.0,0.0
csr_group20/hc_o + rf_reg[12],0,120,0.0,0.0
csr_group14/hc_o + rf_reg[13],0,120,0.0,0.0
csr_group18/hc_o + rf_reg[13],0,120,0.0,0.0
csr_group19/hc_o + rf_reg[13],0,120,0.0,0.0
csr_group20/hc_o + rf_reg[13],0,120,0.0,0.0
csr_group14/hc_o + rf_reg[14],0,120,0.0,0.0
csr_group18/hc_o + rf_reg[14],0,120,0.0,0.0
csr_group19/hc_o + rf_reg[14],0,120,0.0,0.0
csr_group20/hc_o + rf_reg[14],0,120,0.0,0.0
csr_group14/hc_o + rf_reg[15],0,120,0.0,0.0
csr_group18/hc_o + rf_reg[15],0,120,0.0,0.0
csr_group19/hc_o + rf_reg[15],0,120,0.0,0.0
csr_group20/hc_o + rf_reg[15],0,120,0.0,0.0
csr_group14/hc_o + rf_reg[16],0,120,0.0,0.0
csr_group18/hc_o + rf_reg[16],0,120,0.0,0.0
csr_group19/hc_o + rf_reg[16],0,120,0.0,0.0
csr_group20/hc_o + rf_reg[16],0,120,0.0,0.0
csr_group14/hc_o + rf_reg[17],0,120,0.0,0.0
csr_group18/hc_o + rf_reg[17],0,120,0.0,0.0
csr_group19/hc_o + rf_reg[17],0,120,0.0,0.0
csr_group20/hc_o + rf_reg[17],0,120,0.0,0.0
csr_group14/hc_o + rf_reg[18],0,120,0.0,0.0
csr_group18/hc_o + rf_reg[18],0,120,0.0,0.0
csr_group19/hc_o + rf_reg[18],0,120,0.0,0.0
csr_group20/hc_o + rf_reg[18],0,120,0.0,0.0
csr_group14/hc_o + rf_reg[19],0,120,0.0,0.0
csr_group18/hc_o + rf_reg[19],0,120,0.0,0.0
csr_group19/hc_o + rf_reg[19],0,120,0.0,0.0
csr_group20/hc_o + rf_reg[19],0,120,0.0,0.0
csr_group14/hc_o + rf_reg[20],0,120,0.0,0.0
csr_group18/hc_o + rf_reg[20],0,120,0.0,0.0
csr_group19/hc_o + rf_reg[20],0,120,0.0,0.0
csr_group20/hc_o + rf_reg[20],0,120,0.0,0.0
csr_group14/hc_o + rf_reg[21],0,120,0.0,0.0
csr_group18/hc_o + rf_reg[21],0,120,0.0,0.0
csr_group19/hc_o + rf_reg[21],0,120,0.0,0.0
csr_group20/hc_o + rf_reg[21],0,120,0.0,0.0
csr_group14/hc_o + rf_reg[22],0,120,0.0,0.0
csr_group18/hc_o + rf_reg[22],0,120,0.0,0.0
csr_group19/hc_o + rf_reg[22],0,120,0.0,0.0
csr_group20/hc_o + rf_reg[22],0,120,0.0,0.0
csr_group14/hc_o + rf_reg[23],0,120,0.0,0.0
csr_group18/hc_o + rf_reg[23],0,120,0.0,0.0
csr_group19/hc_o + rf_reg[23],0,120,0.0,0.0
csr_group20/hc_o + rf_reg[23],0,120,0.0,0.0
alu_operand_c_ex_o_tag + csr_group14/hc_o,0,120,0.0,0.0
alu_operand_c_ex_o_tag + csr_group18/hc_o,0,120,0.0,0.0
alu_operand_c_ex_o_tag + csr_group19/hc_o,0,120,0.0,0.0
alu_operand_c_ex_o_tag + csr_group20/hc_o,0,120,0.0,0.0
csr_group14/hc_o + rf_reg[24],0,120,0.0,0.0
csr_group18/hc_o + rf_reg[24],0,120,0.0,0.0
csr_group19/hc_o + rf_reg[24],0,120,0.0,0.0
csr_group20/hc_o + rf_reg[24],0,120,0.0,0.0
csr_group14/hc_o + rf_reg[25],0,120,0.0,0.0
csr_group18/hc_o + rf_reg[25],0,120,0.0,0.0
csr_group19/hc_o + rf_reg[25],0,120,0.0,0.0
csr_group20/hc_o + rf_reg[25],0,120,0.0,0.0
csr_group14/hc_o + rf_reg[26],0,120,0.0,0.0
csr_group18/hc_o + rf_reg[26],0,120,0.0,0.0
csr_group19/hc_o + rf_reg[26],0,120,0.0,0.0
csr_group20/hc_o + rf_reg[26],0,120,0.0,0.0
csr_group14/hc_o + rf_reg[27],0,120,0.0,0.0
csr_group18/hc_o + rf_reg[27],0,120,0.0,0.0
csr_group19/hc_o + rf_reg[27],0,120,0.0,0.0
csr_group20/hc_o + rf_reg[27],0,120,0.0,0.0
csr_group14/hc_o + rf_reg[28],0,120,0.0,0.0
csr_group18/hc_o + rf_reg[28],0,120,0.0,0.0
csr_group19/hc_o + rf_reg[28],0,120,0.0,0.0
csr_group20/hc_o + rf_reg[28],0,120,0.0,0.0
csr_group14/hc_o + rf_reg[29],0,120,0.0,0.0
csr_group18/hc_o + rf_reg[29],0,120,0.0,0.0
csr_group19/hc_o + rf_reg[29],0,120,0.0,0.0
csr_group20/hc_o + rf_reg[29],0,120,0.0,0.0
csr_group14/hc_o + rf_reg[30],0,120,0.0,0.0
csr_group18/hc_o + rf_reg[30],0,120,0.0,0.0
csr_group19/hc_o + rf_reg[30],0,120,0.0,0.0
csr_group20/hc_o + rf_reg[30],0,120,0.0,0.0
csr_group14/hc_o + rf_reg[31],0,120,0.0,0.0
csr_group18/hc_o + rf_reg[31],0,120,0.0,0.0
csr_group19/hc_o + rf_reg[31],0,120,0.0,0.0
csr_group20/hc_o + rf_reg[31],0,120,0.0,0.0
csr_group14/hc_o + rs1_o_tag,0,120,0.0,0.0
csr_group18/hc_o + rs1_o_tag,0,120,0.0,0.0
csr_group19/hc_o + rs1_o_tag,0,120,0.0,0.0
csr_group20/hc_o + rs1_o_tag,0,120,0.0,0.0
csr_group14/hc_o + data_we_q_tag,0,120,0.0,0.0
csr_group18/hc_o + data_we_q_tag,0,120,0.0,0.0
csr_group19/hc_o + data_we_q_tag,0,120,0.0,0.0
csr_group20/hc_o + data_we_q_tag,0,120,0.0,0.0
check_d_o_tag + csr_group14/hc_o,0,120,0.0,0.0
check_d_o_tag + csr_group18/hc_o,0,120,0.0,0.0
check_d_o_tag + csr_group19/hc_o,0,120,0.0,0.0
check_d_o_tag + csr_group20/hc_o,0,120,0.0,0.0
check_s1_o_tag + csr_group14/hc_o,0,120,0.0,0.0
check_s1_o_tag + csr_group18/hc_o,0,120,0.0,0.0
check_s1_o_tag + csr_group19/hc_o,0,120,0.0,0.0
check_s1_o_tag + csr_group20/hc_o,0,120,0.0,0.0
check_s2_o_tag + csr_group14/hc_o,0,120,0.0,0.0
check_s2_o_tag + csr_group18/hc_o,0,120,0.0,0.0
check_s2_o_tag + csr_group19/hc_o,0,120,0.0,0.0
check_s2_o_tag + csr_group20/hc_o,0,120,0.0,0.0
csr_group14/hc_o + pc_id_o_tag,0,120,0.0,0.0
csr_group18/hc_o + pc_id_o_tag,0,120,0.0,0.0
csr_group19/hc_o + pc_id_o_tag,0,120,0.0,0.0
csr_group20/hc_o + pc_id_o_tag,0,120,0.0,0.0
csr_group14/hc_o + is_store_post_o_tag,0,120,0.0,0.0
csr_group18/hc_o + is_store_post_o_tag,0,120,0.0,0.0
csr_group19/hc_o + is_store_post_o_tag,0,120,0.0,0.0
csr_group20/hc_o + is_store_post_o_tag,0,120,0.0,0.0
csr_group14/hc_o + memory_set_o_tag,0,120,0.0,0.0
csr_group18/hc_o + memory_set_o_tag,0,120,0.0,0.0
csr_group19/hc_o + memory_set_o_tag,0,120,0.0,0.0
csr_group20/hc_o + memory_set_o_tag,0,120,0.0,0.0
csr_group14/hc_o + pc_if_o_tag,0,120,0.0,0.0
csr_group18/hc_o + pc_if_o_tag,0,120,0.0,0.0
csr_group19/hc_o + pc_if_o_tag,0,120,0.0,0.0
csr_group20/hc_o + pc_if_o_tag,0,120,0.0,0.0
data_type_q_tag + if_stage/sd_o,0,120,0.0,0.0
if_stage/sd_o + rdata_offset_q_tag,0,120,0.0,0.0
alu_operator_o_mode + if_stage/sd_o,0,120,0.0,0.0
data_type_q_tag + pc_if_o_tag/sd_o,0,120,0.0,0.0
data_type_q_tag + pc_id_o_tag/sd_o,0,120,0.0,0.0
alu_operator_o_mode/sd_o + data_type_q_tag,0,120,0.0,0.0
data_type_q_tag + store_dest_addr_ex_o_tag/sd_o,0,120,0.0,0.0
data_type_q_tag + store_source_ex_o_tag/sd_o,0,120,0.0,0.0
data_type_q_tag + use_store_ops_ex_o/sd_o,0,120,0.0,0.0
alu_operand_a_ex_o_tag/sd_o + data_type_q_tag,0,120,0.0,0.0
alu_operand_b_ex_o_tag/sd_o + data_type_q_tag,0,120,0.0,0.0
alu_operand_c_ex_o_tag/sd_o + data_type_q_tag,0,120,0.0,0.0
check_s1_o_tag/sd_o + data_type_q_tag,0,120,0.0,0.0
check_s2_o_tag/sd_o + data_type_q_tag,0,120,0.0,0.0
check_d_o_tag/sd_o + data_type_q_tag,0,120,0.0,0.0
data_type_q_tag + register_set_o_tag/sd_o,0,120,0.0,0.0
data_type_q_tag + is_store_post_o_tag/sd_o,0,120,0.0,0.0
data_type_q_tag + memory_set_o_tag/sd_o,0,120,0.0,0.0
data_type_q_tag + rs1_o_tag/sd_o,0,120,0.0,0.0
data_type_q_tag + data_we_q_tag/sd_o,0,120,0.0,0.0
data_type_q_tag + rdata_offset_q_tag/sd_o,0,120,0.0,0.0
data_type_q_tag + data_type_q_tag/sd_o,0,120,0.0,0.0
data_type_q_tag + rdata_q_tag/sd_o,0,120,0.0,0.0
alu_operator_o_mode + pc_if_o_tag/sd_o,0,120,0.0,0.0
alu_operator_o_mode + pc_id_o_tag/sd_o,0,120,0.0,0.0
pc_if_o_tag/sd_o + rdata_offset_q_tag,0,120,0.0,0.0
pc_id_o_tag/sd_o + rdata_offset_q_tag,0,120,0.0,0.0
alu_operator_o_mode/sd_o + rdata_offset_q_tag,0,120,0.0,0.0
rdata_offset_q_tag + store_dest_addr_ex_o_tag/sd_o,0,120,0.0,0.0
rdata_offset_q_tag + store_source_ex_o_tag/sd_o,0,120,0.0,0.0
rdata_offset_q_tag + use_store_ops_ex_o/sd_o,0,120,0.0,0.0
alu_operand_a_ex_o_tag/sd_o + rdata_offset_q_tag,0,120,0.0,0.0
alu_operand_b_ex_o_tag/sd_o + rdata_offset_q_tag,0,120,0.0,0.0
alu_operand_c_ex_o_tag/sd_o + rdata_offset_q_tag,0,120,0.0,0.0
check_s1_o_tag/sd_o + rdata_offset_q_tag,0,120,0.0,0.0
check_s2_o_tag/sd_o + rdata_offset_q_tag,0,120,0.0,0.0
check_d_o_tag/sd_o + rdata_offset_q_tag,0,120,0.0,0.0
rdata_offset_q_tag + register_set_o_tag/sd_o,0,120,0.0,0.0
is_store_post_o_tag/sd_o + rdata_offset_q_tag,0,120,0.0,0.0
memory_set_o_tag/sd_o + rdata_offset_q_tag,0,120,0.0,0.0
rdata_offset_q_tag + rs1_o_tag/sd_o,0,120,0.0,0.0
data_we_q_tag/sd_o + rdata_offset_q_tag,0,120,0.0,0.0
rdata_offset_q_tag + rdata_offset_q_tag/sd_o,0,120,0.0,0.0
data_type_q_tag/sd_o + rdata_offset_q_tag,0,120,0.0,0.0
rdata_offset_q_tag + rdata_q_tag/sd_o,0,120,0.0,0.0
alu_operator_o_mode + alu_operator_o_mode/sd_o,0,120,0.0,0.0
alu_operator_o_mode + store_dest_addr_ex_o_tag/sd_o,0,120,0.0,0.0
alu_operator_o_mode + store_source_ex_o_tag/sd_o,0,120,0.0,0.0
alu_operator_o_mode + use_store_ops_ex_o/sd_o,0,120,0.0,0.0
alu_operand_a_ex_o_tag/sd_o + alu_operator_o_mode,0,120,0.0,0.0
alu_operand_b_ex_o_tag/sd_o + alu_operator_o_mode,0,120,0.0,0.0
alu_operand_c_ex_o_tag/sd_o + alu_operator_o_mode,0,120,0.0,0.0
alu_operator_o_mode + check_s1_o_tag/sd_o,0,120,0.0,0.0
alu_operator_o_mode + check_s2_o_tag/sd_o,0,120,0.0,0.0
alu_operator_o_mode + check_d_o_tag/sd_o,0,120,0.0,0.0
alu_operator_o_mode + register_set_o_tag/sd_o,0,120,0.0,0.0
alu_operator_o_mode + is_store_post_o_tag/sd_o,0,120,0.0,0.0
alu_operator_o_mode + memory_set_o_tag/sd_o,0,120,0.0,0.0
pc_id_o_tag/sd_o + pc_if_o_tag/hc_o,0,120,0.0,0.0
pc_if_o_tag/hc_o + sd_o_5,0,120,0.0,0.0
alu_operator_o_mode/sd_o + pc_if_o_tag/hc_o,0,120,0.0,0.0
pc_if_o_tag/hc_o + store_dest_addr_ex_o_tag/sd_o,0,120,0.0,0.0
pc_if_o_tag/hc_o + store_source_ex_o_tag/sd_o,0,120,0.0,0.0
pc_if_o_tag/hc_o + use_store_ops_ex_o/sd_o,0,120,0.0,0.0
alu_operand_a_ex_o_tag/sd_o + pc_if_o_tag/hc_o,0,120,0.0,0.0
alu_operand_b_ex_o_tag/sd_o + pc_if_o_tag/hc_o,0,120,0.0,0.0
alu_operand_c_ex_o_tag/sd_o + pc_if_o_tag/hc_o,0,120,0.0,0.0
check_s1_o_tag/sd_o + pc_if_o_tag/hc_o,0,120,0.0,0.0
check_s2_o_tag/sd_o + pc_if_o_tag/hc_o,0,120,0.0,0.0
check_d_o_tag/sd_o + pc_if_o_tag/hc_o,0,120,0.0,0.0
pc_if_o_tag/hc_o + register_set_o_tag/sd_o,0,120,0.0,0.0
is_store_post_o_tag/sd_o + pc_if_o_tag/hc_o,0,120,0.0,0.0
memory_set_o_tag/sd_o + pc_if_o_tag/hc_o,0,120,0.0,0.0
pc_if_o_tag/hc_o + sd_o_rf_tag,0,120,0.0,0.0
pc_if_o_tag/hc_o + rs1_o_tag/sd_o,0,120,0.0,0.0
data_we_q_tag/sd_o + pc_if_o_tag/hc_o,0,120,0.0,0.0
pc_if_o_tag/hc_o + rdata_offset_q_tag/sd_o,0,120,0.0,0.0
data_type_q_tag/sd_o + pc_if_o_tag/hc_o,0,120,0.0,0.0
pc_if_o_tag/hc_o + rdata_q_tag/sd_o,0,120,0.0,0.0
pc_id_o_tag/hc_o + pc_if_o_tag/sd_o,0,120,0.0,0.0
pc_if_o_tag/sd_o + store_dest_addr_ex_o_tag/hc_o,0,120,0.0,0.0
pc_if_o_tag/sd_o + store_source_ex_o_tag/hc_o,0,120,0.0,0.0
pc_if_o_tag/sd_o + use_store_ops_ex_o/hc_o,0,120,0.0,0.0
alu_operand_a_ex_o_tag/hc_o + pc_if_o_tag/sd_o,0,120,0.0,0.0
alu_operand_b_ex_o_tag/hc_o + pc_if_o_tag/sd_o,0,120,0.0,0.0
alu_operand_c_ex_o_tag/hc_o + pc_if_o_tag/sd_o,0,120,0.0,0.0
check_s1_o_tag/hc_o + pc_if_o_tag/sd_o,0,120,0.0,0.0
check_s2_o_tag/hc_o + pc_if_o_tag/sd_o,0,120,0.0,0.0
check_d_o_tag/hc_o + pc_if_o_tag/sd_o,0,120,0.0,0.0
pc_if_o_tag/sd_o + register_set_o_tag/hc_o,0,120,0.0,0.0
is_store_post_o_tag/hc_o + pc_if_o_tag/sd_o,0,120,0.0,0.0
memory_set_o_tag/hc_o + pc_if_o_tag/sd_o,0,120,0.0,0.0
pc_if_o_tag/sd_o + rs1_o_tag/hc_o,0,120,0.0,0.0
alu_operator_o_mode + rs1_o_tag/sd_o,0,120,0.0,0.0
data_we_q_tag/hc_o + pc_if_o_tag/sd_o,0,120,0.0,0.0
pc_id_o_tag/hc_o + pc_id_o_tag/sd_o,0,120,0.0,0.0
pc_id_o_tag/hc_o + sd_o_5,0,120,0.0,0.0
alu_operator_o_mode/sd_o + pc_id_o_tag/hc_o,0,120,0.0,0.0
pc_id_o_tag/hc_o + store_dest_addr_ex_o_tag/sd_o,0,120,0.0,0.0
pc_id_o_tag/hc_o + store_source_ex_o_tag/sd_o,0,120,0.0,0.0
pc_id_o_tag/hc_o + use_store_ops_ex_o/sd_o,0,120,0.0,0.0
alu_operand_a_ex_o_tag/sd_o + pc_id_o_tag/hc_o,0,120,0.0,0.0
alu_operand_b_ex_o_tag/sd_o + pc_id_o_tag/hc_o,0,120,0.0,0.0
alu_operand_c_ex_o_tag/sd_o + pc_id_o_tag/hc_o,0,120,0.0,0.0
check_s1_o_tag/sd_o + pc_id_o_tag/hc_o,0,120,0.0,0.0
check_s2_o_tag/sd_o + pc_id_o_tag/hc_o,0,120,0.0,0.0
check_d_o_tag/sd_o + pc_id_o_tag/hc_o,0,120,0.0,0.0
pc_id_o_tag/hc_o + register_set_o_tag/sd_o,0,120,0.0,0.0
is_store_post_o_tag/sd_o + pc_id_o_tag/hc_o,0,120,0.0,0.0
memory_set_o_tag/sd_o + pc_id_o_tag/hc_o,0,120,0.0,0.0
pc_id_o_tag/hc_o + sd_o_rf_tag,0,120,0.0,0.0
pc_id_o_tag/hc_o + rs1_o_tag/sd_o,0,120,0.0,0.0
data_we_q_tag/sd_o + pc_id_o_tag/hc_o,0,120,0.0,0.0
pc_id_o_tag/hc_o + rdata_offset_q_tag/sd_o,0,120,0.0,0.0
data_type_q_tag/sd_o + pc_id_o_tag/hc_o,0,120,0.0,0.0
pc_id_o_tag/hc_o + rdata_q_tag/sd_o,0,120,0.0,0.0
pc_id_o_tag/sd_o + store_dest_addr_ex_o_tag/hc_o,0,120,0.0,0.0
pc_id_o_tag/sd_o + store_source_ex_o_tag/hc_o,0,120,0.0,0.0
pc_id_o_tag/sd_o + use_store_ops_ex_o/hc_o,0,120,0.0,0.0
alu_operand_a_ex_o_tag/hc_o + pc_id_o_tag/sd_o,0,120,0.0,0.0
alu_operand_b_ex_o_tag/hc_o + pc_id_o_tag/sd_o,0,120,0.0,0.0
alu_operand_c_ex_o_tag/hc_o + pc_id_o_tag/sd_o,0,120,0.0,0.0
check_s1_o_tag/hc_o + pc_id_o_tag/sd_o,0,120,0.0,0.0
check_s2_o_tag/hc_o + pc_id_o_tag/sd_o,0,120,0.0,0.0
check_d_o_tag/hc_o + pc_id_o_tag/sd_o,0,120,0.0,0.0
pc_id_o_tag/sd_o + register_set_o_tag/hc_o,0,120,0.0,0.0
is_store_post_o_tag/hc_o + pc_id_o_tag/sd_o,0,120,0.0,0.0
memory_set_o_tag/hc_o + pc_id_o_tag/sd_o,0,120,0.0,0.0
pc_id_o_tag/sd_o + rs1_o_tag/hc_o,0,120,0.0,0.0
data_we_q_tag/hc_o + pc_id_o_tag/sd_o,0,120,0.0,0.0
alu_operator_o_mode + data_we_q_tag/sd_o,0,120,0.0,0.0
alu_operator_o_mode + rdata_offset_q_tag/sd_o,0,120,0.0,0.0
alu_operator_o_mode + data_type_q_tag/sd_o,0,120,0.0,0.0
alu_operator_o_mode + rdata_q_tag/sd_o,0,120,0.0,0.0
sd_o_5 + store_dest_addr_ex_o_tag/hc_o,0,120,0.0,0.0
sd_o_5 + store_source_ex_o_tag/hc_o,0,120,0.0,0.0
sd_o_5 + use_store_ops_ex_o/hc_o,0,120,0.0,0.0
alu_operand_a_ex_o_tag/hc_o + sd_o_5,0,120,0.0,0.0
alu_operand_b_ex_o_tag/hc_o + sd_o_5,0,120,0.0,0.0
alu_operand_c_ex_o_tag/hc_o + sd_o_5,0,120,0.0,0.0
check_s1_o_tag/hc_o + sd_o_5,0,120,0.0,0.0
check_s2_o_tag/hc_o + sd_o_5,0,120,0.0,0.0
check_d_o_tag/hc_o + sd_o_5,0,120,0.0,0.0
register_set_o_tag/hc_o + sd_o_5,0,120,0.0,0.0
is_store_post_o_tag/hc_o + sd_o_5,0,120,0.0,0.0
memory_set_o_tag/hc_o + sd_o_5,0,120,0.0,0.0
rs1_o_tag/hc_o + sd_o_5,0,120,0.0,0.0
data_we_q_tag/hc_o + sd_o_5,0,120,0.0,0.0
alu_operator_o_mode/sd_o + store_dest_addr_ex_o_tag/hc_o,0,120,0.0,0.0
alu_operator_o_mode/sd_o + store_source_ex_o_tag/hc_o,0,120,0.0,0.0
alu_operator_o_mode/sd_o + use_store_ops_ex_o/hc_o,0,120,0.0,0.0
alu_operand_a_ex_o_tag/hc_o + alu_operator_o_mode/sd_o,0,120,0.0,0.0
alu_operand_b_ex_o_tag/hc_o + alu_operator_o_mode/sd_o,0,120,0.0,0.0
alu_operand_c_ex_o_tag/hc_o + alu_operator_o_mode/sd_o,0,120,0.0,0.0
alu_operator_o_mode/sd_o + check_s1_o_tag/hc_o,0,120,0.0,0.0
alu_operator_o_mode/sd_o + check_s2_o_tag/hc_o,0,120,0.0,0.0
alu_operator_o_mode/sd_o + check_d_o_tag/hc_o,0,120,0.0,0.0
alu_operator_o_mode/sd_o + register_set_o_tag/hc_o,0,120,0.0,0.0
alu_operator_o_mode/sd_o + is_store_post_o_tag/hc_o,0,120,0.0,0.0
alu_operator_o_mode/sd_o + memory_set_o_tag/hc_o,0,120,0.0,0.0
alu_operator_o_mode/sd_o + rs1_o_tag/hc_o,0,120,0.0,0.0
alu_operator_o_mode/sd_o + data_we_q_tag/hc_o,0,120,0.0,0.0
store_dest_addr_ex_o_tag/hc_o + store_dest_addr_ex_o_tag/sd_o,0,120,0.0,0.0
store_dest_addr_ex_o_tag/hc_o + store_source_ex_o_tag/sd_o,0,120,0.0,0.0
store_dest_addr_ex_o_tag/hc_o + use_store_ops_ex_o/sd_o,0,120,0.0,0.0
alu_operand_a_ex_o_tag/sd_o + store_dest_addr_ex_o_tag/hc_o,0,120,0.0,0.0
alu_operand_b_ex_o_tag/sd_o + store_dest_addr_ex_o_tag/hc_o,0,120,0.0,0.0
alu_operand_c_ex_o_tag/sd_o + store_dest_addr_ex_o_tag/hc_o,0,120,0.0,0.0
check_s1_o_tag/sd_o + store_dest_addr_ex_o_tag/hc_o,0,120,0.0,0.0
check_s2_o_tag/sd_o + store_dest_addr_ex_o_tag/hc_o,0,120,0.0,0.0
check_d_o_tag/sd_o + store_dest_addr_ex_o_tag/hc_o,0,120,0.0,0.0
register_set_o_tag/sd_o + store_dest_addr_ex_o_tag/hc_o,0,120,0.0,0.0
is_store_post_o_tag/sd_o + store_dest_addr_ex_o_tag/hc_o,0,120,0.0,0.0
memory_set_o_tag/sd_o + store_dest_addr_ex_o_tag/hc_o,0,120,0.0,0.0
sd_o_rf_tag + store_dest_addr_ex_o_tag/hc_o,0,120,0.0,0.0
rs1_o_tag/sd_o + store_dest_addr_ex_o_tag/hc_o,0,120,0.0,0.0
data_we_q_tag/sd_o + store_dest_addr_ex_o_tag/hc_o,0,120,0.0,0.0
rdata_offset_q_tag/sd_o + store_dest_addr_ex_o_tag/hc_o,0,120,0.0,0.0
data_type_q_tag/sd_o + store_dest_addr_ex_o_tag/hc_o,0,120,0.0,0.0
rdata_q_tag/sd_o + store_dest_addr_ex_o_tag/hc_o,0,120,0.0,0.0
store_dest_addr_ex_o_tag/sd_o + store_source_ex_o_tag/hc_o,0,120,0.0,0.0
store_dest_addr_ex_o_tag/sd_o + use_store_ops_ex_o/hc_o,0,120,0.0,0.0
alu_operand_a_ex_o_tag/hc_o + store_dest_addr_ex_o_tag/sd_o,0,120,0.0,0.0
alu_operand_b_ex_o_tag/hc_o + store_dest_addr_ex_o_tag/sd_o,0,120,0.0,0.0
alu_operand_c_ex_o_tag/hc_o + store_dest_addr_ex_o_tag/sd_o,0,120,0.0,0.0
check_s1_o_tag/hc_o + store_dest_addr_ex_o_tag/sd_o,0,120,0.0,0.0
check_s2_o_tag/hc_o + store_dest_addr_ex_o_tag/sd_o,0,120,0.0,0.0
check_d_o_tag/hc_o + store_dest_addr_ex_o_tag/sd_o,0,120,0.0,0.0
register_set_o_tag/hc_o + store_dest_addr_ex_o_tag/sd_o,0,120,0.0,0.0
is_store_post_o_tag/hc_o + store_dest_addr_ex_o_tag/sd_o,0,120,0.0,0.0
memory_set_o_tag/hc_o + store_dest_addr_ex_o_tag/sd_o,0,120,0.0,0.0
rs1_o_tag/hc_o + store_dest_addr_ex_o_tag/sd_o,0,120,0.0,0.0
data_we_q_tag/hc_o + store_dest_addr_ex_o_tag/sd_o,0,120,0.0,0.0
store_source_ex_o_tag/hc_o + store_source_ex_o_tag/sd_o,0,120,0.0,0.0
store_source_ex_o_tag/hc_o + use_store_ops_ex_o/sd_o,0,120,0.0,0.0
alu_operand_a_ex_o_tag/sd_o + store_source_ex_o_tag/hc_o,0,120,0.0,0.0
alu_operand_b_ex_o_tag/sd_o + store_source_ex_o_tag/hc_o,0,120,0.0,0.0
alu_operand_c_ex_o_tag/sd_o + store_source_ex_o_tag/hc_o,0,120,0.0,0.0
check_s1_o_tag/sd_o + store_source_ex_o_tag/hc_o,0,120,0.0,0.0
check_s2_o_tag/sd_o + store_source_ex_o_tag/hc_o,0,120,0.0,0.0
check_d_o_tag/sd_o + store_source_ex_o_tag/hc_o,0,120,0.0,0.0
register_set_o_tag/sd_o + store_source_ex_o_tag/hc_o,0,120,0.0,0.0
is_store_post_o_tag/sd_o + store_source_ex_o_tag/hc_o,0,120,0.0,0.0
memory_set_o_tag/sd_o + store_source_ex_o_tag/hc_o,0,120,0.0,0.0
sd_o_rf_tag + store_source_ex_o_tag/hc_o,0,120,0.0,0.0
rs1_o_tag/sd_o + store_source_ex_o_tag/hc_o,0,120,0.0,0.0
data_we_q_tag/sd_o + store_source_ex_o_tag/hc_o,0,120,0.0,0.0
rdata_offset_q_tag/sd_o + store_source_ex_o_tag/hc_o,0,120,0.0,0.0
data_type_q_tag/sd_o + store_source_ex_o_tag/hc_o,0,120,0.0,0.0
rdata_q_tag/sd_o + store_source_ex_o_tag/hc_o,0,120,0.0,0.0
store_source_ex_o_tag/sd_o + use_store_ops_ex_o/hc_o,0,120,0.0,0.0
alu_operand_a_ex_o_tag/hc_o + store_source_ex_o_tag/sd_o,0,120,0.0,0.0
alu_operand_b_ex_o_tag/hc_o + store_source_ex_o_tag/sd_o,0,120,0.0,0.0
alu_operand_c_ex_o_tag/hc_o + store_source_ex_o_tag/sd_o,0,120,0.0,0.0
check_s1_o_tag/hc_o + store_source_ex_o_tag/sd_o,0,120,0.0,0.0
check_s2_o_tag/hc_o + store_source_ex_o_tag/sd_o,0,120,0.0,0.0
check_d_o_tag/hc_o + store_source_ex_o_tag/sd_o,0,120,0.0,0.0
register_set_o_tag/hc_o + store_source_ex_o_tag/sd_o,0,120,0.0,0.0
is_store_post_o_tag/hc_o + store_source_ex_o_tag/sd_o,0,120,0.0,0.0
memory_set_o_tag/hc_o + store_source_ex_o_tag/sd_o,0,120,0.0,0.0
rs1_o_tag/hc_o + store_source_ex_o_tag/sd_o,0,120,0.0,0.0
data_we_q_tag/hc_o + store_source_ex_o_tag/sd_o,0,120,0.0,0.0
use_store_ops_ex_o/hc_o + use_store_ops_ex_o/sd_o,0,120,0.0,0.0
alu_operand_a_ex_o_tag/sd_o + use_store_ops_ex_o/hc_o,0,120,0.0,0.0
alu_operand_b_ex_o_tag/sd_o + use_store_ops_ex_o/hc_o,0,120,0.0,0.0
alu_operand_c_ex_o_tag/sd_o + use_store_ops_ex_o/hc_o,0,120,0.0,0.0
check_s1_o_tag/sd_o + use_store_ops_ex_o/hc_o,0,120,0.0,0.0
check_s2_o_tag/sd_o + use_store_ops_ex_o/hc_o,0,120,0.0,0.0
check_d_o_tag/sd_o + use_store_ops_ex_o/hc_o,0,120,0.0,0.0
register_set_o_tag/sd_o + use_store_ops_ex_o/hc_o,0,120,0.0,0.0
is_store_post_o_tag/sd_o + use_store_ops_ex_o/hc_o,0,120,0.0,0.0
memory_set_o_tag/sd_o + use_store_ops_ex_o/hc_o,0,120,0.0,0.0
sd_o_rf_tag + use_store_ops_ex_o/hc_o,0,120,0.0,0.0
rs1_o_tag/sd_o + use_store_ops_ex_o/hc_o,0,120,0.0,0.0
data_we_q_tag/sd_o + use_store_ops_ex_o/hc_o,0,120,0.0,0.0
rdata_offset_q_tag/sd_o + use_store_ops_ex_o/hc_o,0,120,0.0,0.0
data_type_q_tag/sd_o + use_store_ops_ex_o/hc_o,0,120,0.0,0.0
rdata_q_tag/sd_o + use_store_ops_ex_o/hc_o,0,120,0.0,0.0
alu_operand_a_ex_o_tag/hc_o + use_store_ops_ex_o/sd_o,0,120,0.0,0.0
alu_operand_b_ex_o_tag/hc_o + use_store_ops_ex_o/sd_o,0,120,0.0,0.0
alu_operand_c_ex_o_tag/hc_o + use_store_ops_ex_o/sd_o,0,120,0.0,0.0
check_s1_o_tag/hc_o + use_store_ops_ex_o/sd_o,0,120,0.0,0.0
check_s2_o_tag/hc_o + use_store_ops_ex_o/sd_o,0,120,0.0,0.0
check_d_o_tag/hc_o + use_store_ops_ex_o/sd_o,0,120,0.0,0.0
register_set_o_tag/hc_o + use_store_ops_ex_o/sd_o,0,120,0.0,0.0
is_store_post_o_tag/hc_o + use_store_ops_ex_o/sd_o,0,120,0.0,0.0
memory_set_o_tag/hc_o + use_store_ops_ex_o/sd_o,0,120,0.0,0.0
rs1_o_tag/hc_o + use_store_ops_ex_o/sd_o,0,120,0.0,0.0
data_we_q_tag/hc_o + use_store_ops_ex_o/sd_o,0,120,0.0,0.0
alu_operand_a_ex_o_tag/hc_o + alu_operand_a_ex_o_tag/sd_o,0,120,0.0,0.0
alu_operand_a_ex_o_tag/hc_o + alu_operand_b_ex_o_tag/sd_o,0,120,0.0,0.0
alu_operand_a_ex_o_tag/hc_o + alu_operand_c_ex_o_tag/sd_o,0,120,0.0,0.0
alu_operand_a_ex_o_tag/hc_o + check_s1_o_tag/sd_o,0,120,0.0,0.0
alu_operand_a_ex_o_tag/hc_o + check_s2_o_tag/sd_o,0,120,0.0,0.0
alu_operand_a_ex_o_tag/hc_o + check_d_o_tag/sd_o,0,120,0.0,0.0
alu_operand_a_ex_o_tag/hc_o + register_set_o_tag/sd_o,0,120,0.0,0.0
alu_operand_a_ex_o_tag/hc_o + is_store_post_o_tag/sd_o,0,120,0.0,0.0
alu_operand_a_ex_o_tag/hc_o + memory_set_o_tag/sd_o,0,120,0.0,0.0
alu_operand_a_ex_o_tag/hc_o + sd_o_rf_tag,0,120,0.0,0.0
alu_operand_a_ex_o_tag/hc_o + rs1_o_tag/sd_o,0,120,0.0,0.0
alu_operand_a_ex_o_tag/hc_o + data_we_q_tag/sd_o,0,120,0.0,0.0
alu_operand_a_ex_o_tag/hc_o + rdata_offset_q_tag/sd_o,0,120,0.0,0.0
alu_operand_a_ex_o_tag/hc_o + data_type_q_tag/sd_o,0,120,0.0,0.0
alu_operand_a_ex_o_tag/hc_o + rdata_q_tag/sd_o,0,120,0.0,0.0
alu_operand_a_ex_o_tag/sd_o + alu_operand_b_ex_o_tag/hc_o,0,120,0.0,0.0
alu_operand_a_ex_o_tag/sd_o + alu_operand_c_ex_o_tag/hc_o,0,120,0.0,0.0
alu_operand_a_ex_o_tag/sd_o + check_s1_o_tag/hc_o,0,120,0.0,0.0
alu_operand_a_ex_o_tag/sd_o + check_s2_o_tag/hc_o,0,120,0.0,0.0
alu_operand_a_ex_o_tag/sd_o + check_d_o_tag/hc_o,0,120,0.0,0.0
alu_operand_a_ex_o_tag/sd_o + register_set_o_tag/hc_o,0,120,0.0,0.0
alu_operand_a_ex_o_tag/sd_o + is_store_post_o_tag/hc_o,0,120,0.0,0.0
alu_operand_a_ex_o_tag/sd_o + memory_set_o_tag/hc_o,0,120,0.0,0.0
alu_operand_a_ex_o_tag/sd_o + rs1_o_tag/hc_o,0,120,0.0,0.0
alu_operand_a_ex_o_tag/sd_o + data_we_q_tag/hc_o,0,120,0.0,0.0
alu_operand_b_ex_o_tag/hc_o + alu_operand_b_ex_o_tag/sd_o,0,120,0.0,0.0
alu_operand_b_ex_o_tag/hc_o + alu_operand_c_ex_o_tag/sd_o,0,120,0.0,0.0
alu_operand_b_ex_o_tag/hc_o + check_s1_o_tag/sd_o,0,120,0.0,0.0
alu_operand_b_ex_o_tag/hc_o + check_s2_o_tag/sd_o,0,120,0.0,0.0
alu_operand_b_ex_o_tag/hc_o + check_d_o_tag/sd_o,0,120,0.0,0.0
alu_operand_b_ex_o_tag/hc_o + register_set_o_tag/sd_o,0,120,0.0,0.0
alu_operand_b_ex_o_tag/hc_o + is_store_post_o_tag/sd_o,0,120,0.0,0.0
alu_operand_b_ex_o_tag/hc_o + memory_set_o_tag/sd_o,0,120,0.0,0.0
alu_operand_b_ex_o_tag/hc_o + sd_o_rf_tag,0,120,0.0,0.0
alu_operand_b_ex_o_tag/hc_o + rs1_o_tag/sd_o,0,120,0.0,0.0
alu_operand_b_ex_o_tag/hc_o + data_we_q_tag/sd_o,0,120,0.0,0.0
alu_operand_b_ex_o_tag/hc_o + rdata_offset_q_tag/sd_o,0,120,0.0,0.0
alu_operand_b_ex_o_tag/hc_o + data_type_q_tag/sd_o,0,120,0.0,0.0
alu_operand_b_ex_o_tag/hc_o + rdata_q_tag/sd_o,0,120,0.0,0.0
alu_operand_b_ex_o_tag/sd_o + alu_operand_c_ex_o_tag/hc_o,0,120,0.0,0.0
alu_operand_b_ex_o_tag/sd_o + check_s1_o_tag/hc_o,0,120,0.0,0.0
alu_operand_b_ex_o_tag/sd_o + check_s2_o_tag/hc_o,0,120,0.0,0.0
alu_operand_b_ex_o_tag/sd_o + check_d_o_tag/hc_o,0,120,0.0,0.0
alu_operand_b_ex_o_tag/sd_o + register_set_o_tag/hc_o,0,120,0.0,0.0
alu_operand_b_ex_o_tag/sd_o + is_store_post_o_tag/hc_o,0,120,0.0,0.0
alu_operand_b_ex_o_tag/sd_o + memory_set_o_tag/hc_o,0,120,0.0,0.0
alu_operand_b_ex_o_tag/sd_o + rs1_o_tag/hc_o,0,120,0.0,0.0
alu_operand_b_ex_o_tag/sd_o + data_we_q_tag/hc_o,0,120,0.0,0.0
alu_operand_c_ex_o_tag/hc_o + alu_operand_c_ex_o_tag/sd_o,0,120,0.0,0.0
alu_operand_c_ex_o_tag/hc_o + check_s1_o_tag/sd_o,0,120,0.0,0.0
alu_operand_c_ex_o_tag/hc_o + check_s2_o_tag/sd_o,0,120,0.0,0.0
alu_operand_c_ex_o_tag/hc_o + check_d_o_tag/sd_o,0,120,0.0,0.0
alu_operand_c_ex_o_tag/hc_o + register_set_o_tag/sd_o,0,120,0.0,0.0
alu_operand_c_ex_o_tag/hc_o + is_store_post_o_tag/sd_o,0,120,0.0,0.0
alu_operand_c_ex_o_tag/hc_o + memory_set_o_tag/sd_o,0,120,0.0,0.0
alu_operand_c_ex_o_tag/hc_o + sd_o_rf_tag,0,120,0.0,0.0
alu_operand_c_ex_o_tag/hc_o + rs1_o_tag/sd_o,0,120,0.0,0.0
alu_operand_c_ex_o_tag/hc_o + data_we_q_tag/sd_o,0,120,0.0,0.0
alu_operand_c_ex_o_tag/hc_o + rdata_offset_q_tag/sd_o,0,120,0.0,0.0
alu_operand_c_ex_o_tag/hc_o + data_type_q_tag/sd_o,0,120,0.0,0.0
alu_operand_c_ex_o_tag/hc_o + rdata_q_tag/sd_o,0,120,0.0,0.0
alu_operand_c_ex_o_tag/sd_o + check_s1_o_tag/hc_o,0,120,0.0,0.0
alu_operand_c_ex_o_tag/sd_o + check_s2_o_tag/hc_o,0,120,0.0,0.0
alu_operand_c_ex_o_tag/sd_o + check_d_o_tag/hc_o,0,120,0.0,0.0
alu_operand_c_ex_o_tag/sd_o + register_set_o_tag/hc_o,0,120,0.0,0.0
alu_operand_c_ex_o_tag/sd_o + is_store_post_o_tag/hc_o,0,120,0.0,0.0
alu_operand_c_ex_o_tag/sd_o + memory_set_o_tag/hc_o,0,120,0.0,0.0
alu_operand_c_ex_o_tag/sd_o + rs1_o_tag/hc_o,0,120,0.0,0.0
alu_operand_c_ex_o_tag/sd_o + data_we_q_tag/hc_o,0,120,0.0,0.0
check_s1_o_tag/hc_o + check_s1_o_tag/sd_o,0,120,0.0,0.0
check_s1_o_tag/hc_o + check_s2_o_tag/sd_o,0,120,0.0,0.0
check_d_o_tag/sd_o + check_s1_o_tag/hc_o,0,120,0.0,0.0
check_s1_o_tag/hc_o + register_set_o_tag/sd_o,0,120,0.0,0.0
check_s1_o_tag/hc_o + is_store_post_o_tag/sd_o,0,120,0.0,0.0
check_s1_o_tag/hc_o + memory_set_o_tag/sd_o,0,120,0.0,0.0
check_s1_o_tag/hc_o + sd_o_rf_tag,0,120,0.0,0.0
check_s1_o_tag/hc_o + rs1_o_tag/sd_o,0,120,0.0,0.0
check_s1_o_tag/hc_o + data_we_q_tag/sd_o,0,120,0.0,0.0
check_s1_o_tag/hc_o + rdata_offset_q_tag/sd_o,0,120,0.0,0.0
check_s1_o_tag/hc_o + data_type_q_tag/sd_o,0,120,0.0,0.0
check_s1_o_tag/hc_o + rdata_q_tag/sd_o,0,120,0.0,0.0
check_s1_o_tag/sd_o + check_s2_o_tag/hc_o,0,120,0.0,0.0
check_d_o_tag/hc_o + check_s1_o_tag/sd_o,0,120,0.0,0.0
check_s1_o_tag/sd_o + register_set_o_tag/hc_o,0,120,0.0,0.0
check_s1_o_tag/sd_o + is_store_post_o_tag/hc_o,0,120,0.0,0.0
check_s1_o_tag/sd_o + memory_set_o_tag/hc_o,0,120,0.0,0.0
check_s1_o_tag/sd_o + rs1_o_tag/hc_o,0,120,0.0,0.0
check_s1_o_tag/sd_o + data_we_q_tag/hc_o,0,120,0.0,0.0
check_s2_o_tag/hc_o + check_s2_o_tag/sd_o,0,120,0.0,0.0
check_d_o_tag/sd_o + check_s2_o_tag/hc_o,0,120,0.0,0.0
check_s2_o_tag/hc_o + register_set_o_tag/sd_o,0,120,0.0,0.0
check_s2_o_tag/hc_o + is_store_post_o_tag/sd_o,0,120,0.0,0.0
check_s2_o_tag/hc_o + memory_set_o_tag/sd_o,0,120,0.0,0.0
check_s2_o_tag/hc_o + sd_o_rf_tag,0,120,0.0,0.0
check_s2_o_tag/hc_o + rs1_o_tag/sd_o,0,120,0.0,0.0
check_s2_o_tag/hc_o + data_we_q_tag/sd_o,0,120,0.0,0.0
check_s2_o_tag/hc_o + rdata_offset_q_tag/sd_o,0,120,0.0,0.0
check_s2_o_tag/hc_o + data_type_q_tag/sd_o,0,120,0.0,0.0
check_s2_o_tag/hc_o + rdata_q_tag/sd_o,0,120,0.0,0.0
check_d_o_tag/hc_o + check_s2_o_tag/sd_o,0,120,0.0,0.0
check_s2_o_tag/sd_o + register_set_o_tag/hc_o,0,120,0.0,0.0
check_s2_o_tag/sd_o + is_store_post_o_tag/hc_o,0,120,0.0,0.0
check_s2_o_tag/sd_o + memory_set_o_tag/hc_o,0,120,0.0,0.0
check_s2_o_tag/sd_o + rs1_o_tag/hc_o,0,120,0.0,0.0
check_s2_o_tag/sd_o + data_we_q_tag/hc_o,0,120,0.0,0.0
check_d_o_tag/hc_o + check_d_o_tag/sd_o,0,120,0.0,0.0
check_d_o_tag/hc_o + register_set_o_tag/sd_o,0,120,0.0,0.0
check_d_o_tag/hc_o + is_store_post_o_tag/sd_o,0,120,0.0,0.0
check_d_o_tag/hc_o + memory_set_o_tag/sd_o,0,120,0.0,0.0
check_d_o_tag/hc_o + sd_o_rf_tag,0,120,0.0,0.0
check_d_o_tag/hc_o + rs1_o_tag/sd_o,0,120,0.0,0.0
check_d_o_tag/hc_o + data_we_q_tag/sd_o,0,120,0.0,0.0
check_d_o_tag/hc_o + rdata_offset_q_tag/sd_o,0,120,0.0,0.0
check_d_o_tag/hc_o + data_type_q_tag/sd_o,0,120,0.0,0.0
check_d_o_tag/hc_o + rdata_q_tag/sd_o,0,120,0.0,0.0
check_d_o_tag/sd_o + register_set_o_tag/hc_o,0,120,0.0,0.0
check_d_o_tag/sd_o + is_store_post_o_tag/hc_o,0,120,0.0,0.0
check_d_o_tag/sd_o + memory_set_o_tag/hc_o,0,120,0.0,0.0
check_d_o_tag/sd_o + rs1_o_tag/hc_o,0,120,0.0,0.0
check_d_o_tag/sd_o + data_we_q_tag/hc_o,0,120,0.0,0.0
register_set_o_tag/hc_o + register_set_o_tag/sd_o,0,120,0.0,0.0
is_store_post_o_tag/sd_o + register_set_o_tag/hc_o,0,120,0.0,0.0
memory_set_o_tag/sd_o + register_set_o_tag/hc_o,0,120,0.0,0.0
register_set_o_tag/hc_o + sd_o_rf_tag,0,120,0.0,0.0
register_set_o_tag/hc_o + rs1_o_tag/sd_o,0,120,0.0,0.0
data_we_q_tag/sd_o + register_set_o_tag/hc_o,0,120,0.0,0.0
rdata_offset_q_tag/sd_o + register_set_o_tag/hc_o,0,120,0.0,0.0
data_type_q_tag/sd_o + register_set_o_tag/hc_o,0,120,0.0,0.0
rdata_q_tag/sd_o + register_set_o_tag/hc_o,0,120,0.0,0.0
is_store_post_o_tag/hc_o + register_set_o_tag/sd_o,0,120,0.0,0.0
memory_set_o_tag/hc_o + register_set_o_tag/sd_o,0,120,0.0,0.0
register_set_o_tag/sd_o + rs1_o_tag/hc_o,0,120,0.0,0.0
data_we_q_tag/hc_o + register_set_o_tag/sd_o,0,120,0.0,0.0
is_store_post_o_tag/hc_o + is_store_post_o_tag/sd_o,0,120,0.0,0.0
is_store_post_o_tag/hc_o + memory_set_o_tag/sd_o,0,120,0.0,0.0
is_store_post_o_tag/hc_o + sd_o_rf_tag,0,120,0.0,0.0
is_store_post_o_tag/hc_o + rs1_o_tag/sd_o,0,120,0.0,0.0
data_we_q_tag/sd_o + is_store_post_o_tag/hc_o,0,120,0.0,0.0
is_store_post_o_tag/hc_o + rdata_offset_q_tag/sd_o,0,120,0.0,0.0
data_type_q_tag/sd_o + is_store_post_o_tag/hc_o,0,120,0.0,0.0
is_store_post_o_tag/hc_o + rdata_q_tag/sd_o,0,120,0.0,0.0
is_store_post_o_tag/sd_o + memory_set_o_tag/hc_o,0,120,0.0,0.0
is_store_post_o_tag/sd_o + rs1_o_tag/hc_o,0,120,0.0,0.0
data_we_q_tag/hc_o + is_store_post_o_tag/sd_o,0,120,0.0,0.0
memory_set_o_tag/hc_o + sd_o_rf_tag,0,120,0.0,0.0
memory_set_o_tag/hc_o + rs1_o_tag/sd_o,0,120,0.0,0.0
data_we_q_tag/sd_o + memory_set_o_tag/hc_o,0,120,0.0,0.0
memory_set_o_tag/hc_o + rdata_offset_q_tag/sd_o,0,120,0.0,0.0
data_type_q_tag/sd_o + memory_set_o_tag/hc_o,0,120,0.0,0.0
memory_set_o_tag/hc_o + rdata_q_tag/sd_o,0,120,0.0,0.0
memory_set_o_tag/sd_o + rs1_o_tag/hc_o,0,120,0.0,0.0
data_we_q_tag/hc_o + memory_set_o_tag/sd_o,0,120,0.0,0.0
rs1_o_tag/hc_o + sd_o_rf_tag,0,120,0.0,0.0
data_we_q_tag/hc_o + sd_o_rf_tag,0,120,0.0,0.0
rs1_o_tag/hc_o + rs1_o_tag/sd_o,0,120,0.0,0.0
data_we_q_tag/sd_o + rs1_o_tag/hc_o,0,120,0.0,0.0
rdata_offset_q_tag/sd_o + rs1_o_tag/hc_o,0,120,0.0,0.0
data_type_q_tag/sd_o + rs1_o_tag/hc_o,0,120,0.0,0.0
rdata_q_tag/sd_o + rs1_o_tag/hc_o,0,120,0.0,0.0
data_we_q_tag/hc_o + rs1_o_tag/sd_o,0,120,0.0,0.0
data_we_q_tag/hc_o + data_we_q_tag/sd_o,0,120,0.0,0.0
data_we_q_tag/hc_o + rdata_offset_q_tag/sd_o,0,120,0.0,0.0
data_type_q_tag/sd_o + data_we_q_tag/hc_o,0,120,0.0,0.0
data_we_q_tag/hc_o + rdata_q_tag/sd_o,0,120,0.0,0.0
data_type_q_tag + tcr_execute/sd_o,0,120,0.0,0.0
rdata_offset_q_tag + tcr_execute/sd_o,0,120,0.0,0.0
alu_operator_o_mode + tcr_execute/sd_o,0,120,0.0,0.0
sd_o_rf_tag + tcr_execute/hc_o,0,120,0.0,0.0
data_type_q_tag + sp_o_32,0,120,0.0,0.0
rdata_offset_q_tag + sp_o_32,0,120,0.0,0.0
alu_operator_o_mode + sp_o_32,0,120,0.0,0.0
id_stage/sd_o + if_stage/hc_o,0,114,0.0,0.0
ex_stage/sd_o + if_stage/hc_o,0,114,0.0,0.0
if_stage/hc_o + tpr/sd_o_32,0,114,0.0,0.0
if_stage/hc_o + tcr/sd_o_32,0,114,0.0,0.0
if_stage/hc_o + lsu/sd_o,0,114,0.0,0.0
alu_operator_o_mode/hc_o + tpr/sd_o_32,0,114,0.0,0.0
alu_operator_o_mode/hc_o + tcr/sd_o_32,0,114,0.0,0.0
rdata_offset_q_tag/hc_o + tpr/sd_o_32,0,114,0.0,0.0
data_type_q_tag/hc_o + tpr/sd_o_32,0,114,0.0,0.0
rdata_q_tag/hc_o + tpr/sd_o_32,0,114,0.0,0.0
rdata_offset_q_tag/hc_o + tcr/sd_o_32,0,114,0.0,0.0
data_type_q_tag/hc_o + tcr/sd_o_32,0,114,0.0,0.0
rdata_q_tag/hc_o + tcr/sd_o_32,0,114,0.0,0.0
pc_if_o_tag/sd_o + tpr_arith/hc_o,0,114,0.0,0.0
pc_if_o_tag/sd_o + tpr_branch/hc_o,0,114,0.0,0.0
pc_if_o_tag/sd_o + tpr_jump/hc_o,0,114,0.0,0.0
pc_if_o_tag/sd_o + tpr_shift/hc_o,0,114,0.0,0.0
pc_if_o_tag/sd_o + tpr_comparison/hc_o,0,114,0.0,0.0
pc_if_o_tag/sd_o + tpr_logical/hc_o,0,114,0.0,0.0
pc_if_o_tag/sd_o + tpr_load_store_mode/hc_o,0,114,0.0,0.0
pc_if_o_tag/sd_o + tpr_load_store_enable/hc_o,0,114,0.0,0.0
pc_if_o_tag/sd_o + tcr_arith/hc_o,0,114,0.0,0.0
pc_if_o_tag/sd_o + tcr_branch/hc_o,0,114,0.0,0.0
pc_if_o_tag/sd_o + tcr_jump/hc_o,0,114,0.0,0.0
pc_if_o_tag/sd_o + tcr_shift/hc_o,0,114,0.0,0.0
pc_if_o_tag/sd_o + tcr_comparison/hc_o,0,114,0.0,0.0
pc_if_o_tag/sd_o + tcr_logical/hc_o,0,114,0.0,0.0
pc_if_o_tag/sd_o + tcr_load_store/hc_o,0,114,0.0,0.0
pc_id_o_tag/sd_o + tpr_arith/hc_o,0,114,0.0,0.0
pc_id_o_tag/sd_o + tpr_branch/hc_o,0,114,0.0,0.0
pc_id_o_tag/sd_o + tpr_jump/hc_o,0,114,0.0,0.0
pc_id_o_tag/sd_o + tpr_shift/hc_o,0,114,0.0,0.0
pc_id_o_tag/sd_o + tpr_comparison/hc_o,0,114,0.0,0.0
pc_id_o_tag/sd_o + tpr_logical/hc_o,0,114,0.0,0.0
pc_id_o_tag/sd_o + tpr_load_store_mode/hc_o,0,114,0.0,0.0
pc_id_o_tag/sd_o + tpr_load_store_enable/hc_o,0,114,0.0,0.0
pc_id_o_tag/sd_o + tcr_arith/hc_o,0,114,0.0,0.0
pc_id_o_tag/sd_o + tcr_branch/hc_o,0,114,0.0,0.0
pc_id_o_tag/sd_o + tcr_jump/hc_o,0,114,0.0,0.0
pc_id_o_tag/sd_o + tcr_shift/hc_o,0,114,0.0,0.0
pc_id_o_tag/sd_o + tcr_comparison/hc_o,0,114,0.0,0.0
pc_id_o_tag/sd_o + tcr_logical/hc_o,0,114,0.0,0.0
pc_id_o_tag/sd_o + tcr_load_store/hc_o,0,114,0.0,0.0
sd_o_5 + tpr_arith/hc_o,0,114,0.0,0.0
sd_o_5 + tpr_branch/hc_o,0,114,0.0,0.0
sd_o_5 + tpr_jump/hc_o,0,114,0.0,0.0
sd_o_5 + tpr_shift/hc_o,0,114,0.0,0.0
sd_o_5 + tpr_comparison/hc_o,0,114,0.0,0.0
sd_o_5 + tpr_logical/hc_o,0,114,0.0,0.0
sd_o_5 + tpr_load_store_mode/hc_o,0,114,0.0,0.0
sd_o_5 + tpr_load_store_enable/hc_o,0,114,0.0,0.0
sd_o_5 + tcr_arith/hc_o,0,114,0.0,0.0
sd_o_5 + tcr_branch/hc_o,0,114,0.0,0.0
sd_o_5 + tcr_jump/hc_o,0,114,0.0,0.0
sd_o_5 + tcr_shift/hc_o,0,114,0.0,0.0
sd_o_5 + tcr_comparison/hc_o,0,114,0.0,0.0
sd_o_5 + tcr_logical/hc_o,0,114,0.0,0.0
sd_o_5 + tcr_load_store/hc_o,0,114,0.0,0.0
alu_operator_o_mode/hc_o + tpr_arith/sd_o,0,114,0.0,0.0
alu_operator_o_mode/hc_o + tpr_branch/sd_o,0,114,0.0,0.0
alu_operator_o_mode/hc_o + tpr_jump/sd_o,0,114,0.0,0.0
alu_operator_o_mode/hc_o + tpr_shift/sd_o,0,114,0.0,0.0
alu_operator_o_mode/hc_o + tpr_comparison/sd_o,0,114,0.0,0.0
alu_operator_o_mode/hc_o + tpr_logical/sd_o,0,114,0.0,0.0
alu_operator_o_mode/hc_o + tpr_load_store_mode/sd_o,0,114,0.0,0.0
alu_operator_o_mode/hc_o + tpr_load_store_enable/sd_o,0,114,0.0,0.0
alu_operator_o_mode/hc_o + tcr_arith/sd_o,0,114,0.0,0.0
alu_operator_o_mode/hc_o + tcr_branch/sd_o,0,114,0.0,0.0
alu_operator_o_mode/hc_o + tcr_jump/sd_o,0,114,0.0,0.0
alu_operator_o_mode/hc_o + tcr_shift/sd_o,0,114,0.0,0.0
alu_operator_o_mode/hc_o + tcr_comparison/sd_o,0,114,0.0,0.0
alu_operator_o_mode/hc_o + tcr_logical/sd_o,0,114,0.0,0.0
alu_operator_o_mode/hc_o + tcr_load_store/sd_o,0,114,0.0,0.0
alu_operator_o_mode/hc_o + tcr_execute/sd_o,0,114,0.0,0.0
alu_operator_o_mode/sd_o + tpr_arith/hc_o,0,114,0.0,0.0
alu_operator_o_mode/sd_o + tpr_branch/hc_o,0,114,0.0,0.0
alu_operator_o_mode/sd_o + tpr_jump/hc_o,0,114,0.0,0.0
alu_operator_o_mode/sd_o + tpr_shift/hc_o,0,114,0.0,0.0
alu_operator_o_mode/sd_o + tpr_comparison/hc_o,0,114,0.0,0.0
alu_operator_o_mode/sd_o + tpr_logical/hc_o,0,114,0.0,0.0
alu_operator_o_mode/sd_o + tpr_load_store_mode/hc_o,0,114,0.0,0.0
alu_operator_o_mode/sd_o + tpr_load_store_enable/hc_o,0,114,0.0,0.0
alu_operator_o_mode/sd_o + tcr_arith/hc_o,0,114,0.0,0.0
alu_operator_o_mode/sd_o + tcr_branch/hc_o,0,114,0.0,0.0
alu_operator_o_mode/sd_o + tcr_jump/hc_o,0,114,0.0,0.0
alu_operator_o_mode/sd_o + tcr_shift/hc_o,0,114,0.0,0.0
alu_operator_o_mode/sd_o + tcr_comparison/hc_o,0,114,0.0,0.0
alu_operator_o_mode/sd_o + tcr_logical/hc_o,0,114,0.0,0.0
alu_operator_o_mode/sd_o + tcr_load_store/hc_o,0,114,0.0,0.0
store_dest_addr_ex_o_tag/sd_o + tpr_arith/hc_o,0,114,0.0,0.0
store_dest_addr_ex_o_tag/sd_o + tpr_branch/hc_o,0,114,0.0,0.0
store_dest_addr_ex_o_tag/sd_o + tpr_jump/hc_o,0,114,0.0,0.0
store_dest_addr_ex_o_tag/sd_o + tpr_shift/hc_o,0,114,0.0,0.0
store_dest_addr_ex_o_tag/sd_o + tpr_comparison/hc_o,0,114,0.0,0.0
store_dest_addr_ex_o_tag/sd_o + tpr_logical/hc_o,0,114,0.0,0.0
store_dest_addr_ex_o_tag/sd_o + tpr_load_store_mode/hc_o,0,114,0.0,0.0
store_dest_addr_ex_o_tag/sd_o + tpr_load_store_enable/hc_o,0,114,0.0,0.0
store_dest_addr_ex_o_tag/sd_o + tcr_arith/hc_o,0,114,0.0,0.0
store_dest_addr_ex_o_tag/sd_o + tcr_branch/hc_o,0,114,0.0,0.0
store_dest_addr_ex_o_tag/sd_o + tcr_jump/hc_o,0,114,0.0,0.0
store_dest_addr_ex_o_tag/sd_o + tcr_shift/hc_o,0,114,0.0,0.0
store_dest_addr_ex_o_tag/sd_o + tcr_comparison/hc_o,0,114,0.0,0.0
store_dest_addr_ex_o_tag/sd_o + tcr_logical/hc_o,0,114,0.0,0.0
store_dest_addr_ex_o_tag/sd_o + tcr_load_store/hc_o,0,114,0.0,0.0
store_source_ex_o_tag/sd_o + tpr_arith/hc_o,0,114,0.0,0.0
store_source_ex_o_tag/sd_o + tpr_branch/hc_o,0,114,0.0,0.0
store_source_ex_o_tag/sd_o + tpr_jump/hc_o,0,114,0.0,0.0
store_source_ex_o_tag/sd_o + tpr_shift/hc_o,0,114,0.0,0.0
store_source_ex_o_tag/sd_o + tpr_comparison/hc_o,0,114,0.0,0.0
store_source_ex_o_tag/sd_o + tpr_logical/hc_o,0,114,0.0,0.0
store_source_ex_o_tag/sd_o + tpr_load_store_mode/hc_o,0,114,0.0,0.0
store_source_ex_o_tag/sd_o + tpr_load_store_enable/hc_o,0,114,0.0,0.0
store_source_ex_o_tag/sd_o + tcr_arith/hc_o,0,114,0.0,0.0
store_source_ex_o_tag/sd_o + tcr_branch/hc_o,0,114,0.0,0.0
store_source_ex_o_tag/sd_o + tcr_jump/hc_o,0,114,0.0,0.0
store_source_ex_o_tag/sd_o + tcr_shift/hc_o,0,114,0.0,0.0
store_source_ex_o_tag/sd_o + tcr_comparison/hc_o,0,114,0.0,0.0
store_source_ex_o_tag/sd_o + tcr_logical/hc_o,0,114,0.0,0.0
store_source_ex_o_tag/sd_o + tcr_load_store/hc_o,0,114,0.0,0.0
tpr_arith/hc_o + use_store_ops_ex_o/sd_o,0,114,0.0,0.0
tpr_branch/hc_o + use_store_ops_ex_o/sd_o,0,114,0.0,0.0
tpr_jump/hc_o + use_store_ops_ex_o/sd_o,0,114,0.0,0.0
tpr_shift/hc_o + use_store_ops_ex_o/sd_o,0,114,0.0,0.0
tpr_comparison/hc_o + use_store_ops_ex_o/sd_o,0,114,0.0,0.0
tpr_logical/hc_o + use_store_ops_ex_o/sd_o,0,114,0.0,0.0
tpr_load_store_mode/hc_o + use_store_ops_ex_o/sd_o,0,114,0.0,0.0
tpr_load_store_enable/hc_o + use_store_ops_ex_o/sd_o,0,114,0.0,0.0
tcr_arith/hc_o + use_store_ops_ex_o/sd_o,0,114,0.0,0.0
tcr_branch/hc_o + use_store_ops_ex_o/sd_o,0,114,0.0,0.0
tcr_jump/hc_o + use_store_ops_ex_o/sd_o,0,114,0.0,0.0
tcr_shift/hc_o + use_store_ops_ex_o/sd_o,0,114,0.0,0.0
tcr_comparison/hc_o + use_store_ops_ex_o/sd_o,0,114,0.0,0.0
tcr_logical/hc_o + use_store_ops_ex_o/sd_o,0,114,0.0,0.0
tcr_load_store/hc_o + use_store_ops_ex_o/sd_o,0,114,0.0,0.0
alu_operand_a_ex_o_tag/sd_o + tpr_arith/hc_o,0,114,0.0,0.0
alu_operand_a_ex_o_tag/sd_o + tpr_branch/hc_o,0,114,0.0,0.0
alu_operand_a_ex_o_tag/sd_o + tpr_jump/hc_o,0,114,0.0,0.0
alu_operand_a_ex_o_tag/sd_o + tpr_shift/hc_o,0,114,0.0,0.0
alu_operand_a_ex_o_tag/sd_o + tpr_comparison/hc_o,0,114,0.0,0.0
alu_operand_a_ex_o_tag/sd_o + tpr_logical/hc_o,0,114,0.0,0.0
alu_operand_a_ex_o_tag/sd_o + tpr_load_store_mode/hc_o,0,114,0.0,0.0
alu_operand_a_ex_o_tag/sd_o + tpr_load_store_enable/hc_o,0,114,0.0,0.0
alu_operand_a_ex_o_tag/sd_o + tcr_arith/hc_o,0,114,0.0,0.0
alu_operand_a_ex_o_tag/sd_o + tcr_branch/hc_o,0,114,0.0,0.0
alu_operand_a_ex_o_tag/sd_o + tcr_jump/hc_o,0,114,0.0,0.0
alu_operand_a_ex_o_tag/sd_o + tcr_shift/hc_o,0,114,0.0,0.0
alu_operand_a_ex_o_tag/sd_o + tcr_comparison/hc_o,0,114,0.0,0.0
alu_operand_a_ex_o_tag/sd_o + tcr_logical/hc_o,0,114,0.0,0.0
alu_operand_a_ex_o_tag/sd_o + tcr_load_store/hc_o,0,114,0.0,0.0
alu_operand_b_ex_o_tag/sd_o + tpr_arith/hc_o,0,114,0.0,0.0
alu_operand_b_ex_o_tag/sd_o + tpr_branch/hc_o,0,114,0.0,0.0
alu_operand_b_ex_o_tag/sd_o + tpr_jump/hc_o,0,114,0.0,0.0
alu_operand_b_ex_o_tag/sd_o + tpr_shift/hc_o,0,114,0.0,0.0
alu_operand_b_ex_o_tag/sd_o + tpr_comparison/hc_o,0,114,0.0,0.0
alu_operand_b_ex_o_tag/sd_o + tpr_logical/hc_o,0,114,0.0,0.0
alu_operand_b_ex_o_tag/sd_o + tpr_load_store_mode/hc_o,0,114,0.0,0.0
alu_operand_b_ex_o_tag/sd_o + tpr_load_store_enable/hc_o,0,114,0.0,0.0
alu_operand_b_ex_o_tag/sd_o + tcr_arith/hc_o,0,114,0.0,0.0
alu_operand_b_ex_o_tag/sd_o + tcr_branch/hc_o,0,114,0.0,0.0
alu_operand_b_ex_o_tag/sd_o + tcr_jump/hc_o,0,114,0.0,0.0
alu_operand_b_ex_o_tag/sd_o + tcr_shift/hc_o,0,114,0.0,0.0
alu_operand_b_ex_o_tag/sd_o + tcr_comparison/hc_o,0,114,0.0,0.0
alu_operand_b_ex_o_tag/sd_o + tcr_logical/hc_o,0,114,0.0,0.0
alu_operand_b_ex_o_tag/sd_o + tcr_load_store/hc_o,0,114,0.0,0.0
alu_operand_c_ex_o_tag/sd_o + tpr_arith/hc_o,0,114,0.0,0.0
alu_operand_c_ex_o_tag/sd_o + tpr_branch/hc_o,0,114,0.0,0.0
alu_operand_c_ex_o_tag/sd_o + tpr_jump/hc_o,0,114,0.0,0.0
alu_operand_c_ex_o_tag/sd_o + tpr_shift/hc_o,0,114,0.0,0.0
alu_operand_c_ex_o_tag/sd_o + tpr_comparison/hc_o,0,114,0.0,0.0
alu_operand_c_ex_o_tag/sd_o + tpr_logical/hc_o,0,114,0.0,0.0
alu_operand_c_ex_o_tag/sd_o + tpr_load_store_mode/hc_o,0,114,0.0,0.0
alu_operand_c_ex_o_tag/sd_o + tpr_load_store_enable/hc_o,0,114,0.0,0.0
alu_operand_c_ex_o_tag/sd_o + tcr_arith/hc_o,0,114,0.0,0.0
alu_operand_c_ex_o_tag/sd_o + tcr_branch/hc_o,0,114,0.0,0.0
alu_operand_c_ex_o_tag/sd_o + tcr_jump/hc_o,0,114,0.0,0.0
alu_operand_c_ex_o_tag/sd_o + tcr_shift/hc_o,0,114,0.0,0.0
alu_operand_c_ex_o_tag/sd_o + tcr_comparison/hc_o,0,114,0.0,0.0
alu_operand_c_ex_o_tag/sd_o + tcr_logical/hc_o,0,114,0.0,0.0
alu_operand_c_ex_o_tag/sd_o + tcr_load_store/hc_o,0,114,0.0,0.0
check_s1_o_tag/sd_o + tpr_arith/hc_o,0,114,0.0,0.0
check_s1_o_tag/sd_o + tpr_branch/hc_o,0,114,0.0,0.0
check_s1_o_tag/sd_o + tpr_jump/hc_o,0,114,0.0,0.0
check_s1_o_tag/sd_o + tpr_shift/hc_o,0,114,0.0,0.0
check_s1_o_tag/sd_o + tpr_comparison/hc_o,0,114,0.0,0.0
check_s1_o_tag/sd_o + tpr_logical/hc_o,0,114,0.0,0.0
check_s1_o_tag/sd_o + tpr_load_store_mode/hc_o,0,114,0.0,0.0
check_s1_o_tag/sd_o + tpr_load_store_enable/hc_o,0,114,0.0,0.0
check_s1_o_tag/sd_o + tcr_arith/hc_o,0,114,0.0,0.0
check_s1_o_tag/sd_o + tcr_branch/hc_o,0,114,0.0,0.0
check_s1_o_tag/sd_o + tcr_jump/hc_o,0,114,0.0,0.0
check_s1_o_tag/sd_o + tcr_shift/hc_o,0,114,0.0,0.0
check_s1_o_tag/sd_o + tcr_comparison/hc_o,0,114,0.0,0.0
check_s1_o_tag/sd_o + tcr_logical/hc_o,0,114,0.0,0.0
check_s1_o_tag/sd_o + tcr_load_store/hc_o,0,114,0.0,0.0
check_s2_o_tag/sd_o + tpr_arith/hc_o,0,114,0.0,0.0
check_s2_o_tag/sd_o + tpr_branch/hc_o,0,114,0.0,0.0
check_s2_o_tag/sd_o + tpr_jump/hc_o,0,114,0.0,0.0
check_s2_o_tag/sd_o + tpr_shift/hc_o,0,114,0.0,0.0
check_s2_o_tag/sd_o + tpr_comparison/hc_o,0,114,0.0,0.0
check_s2_o_tag/sd_o + tpr_logical/hc_o,0,114,0.0,0.0
check_s2_o_tag/sd_o + tpr_load_store_mode/hc_o,0,114,0.0,0.0
check_s2_o_tag/sd_o + tpr_load_store_enable/hc_o,0,114,0.0,0.0
check_s2_o_tag/sd_o + tcr_arith/hc_o,0,114,0.0,0.0
check_s2_o_tag/sd_o + tcr_branch/hc_o,0,114,0.0,0.0
check_s2_o_tag/sd_o + tcr_jump/hc_o,0,114,0.0,0.0
check_s2_o_tag/sd_o + tcr_shift/hc_o,0,114,0.0,0.0
check_s2_o_tag/sd_o + tcr_comparison/hc_o,0,114,0.0,0.0
check_s2_o_tag/sd_o + tcr_logical/hc_o,0,114,0.0,0.0
check_s2_o_tag/sd_o + tcr_load_store/hc_o,0,114,0.0,0.0
check_d_o_tag/sd_o + tpr_arith/hc_o,0,114,0.0,0.0
check_d_o_tag/sd_o + tpr_branch/hc_o,0,114,0.0,0.0
check_d_o_tag/sd_o + tpr_jump/hc_o,0,114,0.0,0.0
check_d_o_tag/sd_o + tpr_shift/hc_o,0,114,0.0,0.0
check_d_o_tag/sd_o + tpr_comparison/hc_o,0,114,0.0,0.0
check_d_o_tag/sd_o + tpr_logical/hc_o,0,114,0.0,0.0
check_d_o_tag/sd_o + tpr_load_store_mode/hc_o,0,114,0.0,0.0
check_d_o_tag/sd_o + tpr_load_store_enable/hc_o,0,114,0.0,0.0
check_d_o_tag/sd_o + tcr_arith/hc_o,0,114,0.0,0.0
check_d_o_tag/sd_o + tcr_branch/hc_o,0,114,0.0,0.0
check_d_o_tag/sd_o + tcr_jump/hc_o,0,114,0.0,0.0
check_d_o_tag/sd_o + tcr_shift/hc_o,0,114,0.0,0.0
check_d_o_tag/sd_o + tcr_comparison/hc_o,0,114,0.0,0.0
check_d_o_tag/sd_o + tcr_logical/hc_o,0,114,0.0,0.0
check_d_o_tag/sd_o + tcr_load_store/hc_o,0,114,0.0,0.0
register_set_o_tag/sd_o + tpr_arith/hc_o,0,114,0.0,0.0
register_set_o_tag/sd_o + tpr_branch/hc_o,0,114,0.0,0.0
register_set_o_tag/sd_o + tpr_jump/hc_o,0,114,0.0,0.0
register_set_o_tag/sd_o + tpr_shift/hc_o,0,114,0.0,0.0
register_set_o_tag/sd_o + tpr_comparison/hc_o,0,114,0.0,0.0
register_set_o_tag/sd_o + tpr_logical/hc_o,0,114,0.0,0.0
register_set_o_tag/sd_o + tpr_load_store_mode/hc_o,0,114,0.0,0.0
register_set_o_tag/sd_o + tpr_load_store_enable/hc_o,0,114,0.0,0.0
register_set_o_tag/sd_o + tcr_arith/hc_o,0,114,0.0,0.0
register_set_o_tag/sd_o + tcr_branch/hc_o,0,114,0.0,0.0
register_set_o_tag/sd_o + tcr_jump/hc_o,0,114,0.0,0.0
register_set_o_tag/sd_o + tcr_shift/hc_o,0,114,0.0,0.0
register_set_o_tag/sd_o + tcr_comparison/hc_o,0,114,0.0,0.0
register_set_o_tag/sd_o + tcr_logical/hc_o,0,114,0.0,0.0
register_set_o_tag/sd_o + tcr_load_store/hc_o,0,114,0.0,0.0
is_store_post_o_tag/sd_o + tpr_arith/hc_o,0,114,0.0,0.0
is_store_post_o_tag/sd_o + tpr_branch/hc_o,0,114,0.0,0.0
is_store_post_o_tag/sd_o + tpr_jump/hc_o,0,114,0.0,0.0
is_store_post_o_tag/sd_o + tpr_shift/hc_o,0,114,0.0,0.0
is_store_post_o_tag/sd_o + tpr_comparison/hc_o,0,114,0.0,0.0
is_store_post_o_tag/sd_o + tpr_logical/hc_o,0,114,0.0,0.0
is_store_post_o_tag/sd_o + tpr_load_store_mode/hc_o,0,114,0.0,0.0
is_store_post_o_tag/sd_o + tpr_load_store_enable/hc_o,0,114,0.0,0.0
is_store_post_o_tag/sd_o + tcr_arith/hc_o,0,114,0.0,0.0
is_store_post_o_tag/sd_o + tcr_branch/hc_o,0,114,0.0,0.0
is_store_post_o_tag/sd_o + tcr_jump/hc_o,0,114,0.0,0.0
is_store_post_o_tag/sd_o + tcr_shift/hc_o,0,114,0.0,0.0
is_store_post_o_tag/sd_o + tcr_comparison/hc_o,0,114,0.0,0.0
is_store_post_o_tag/sd_o + tcr_logical/hc_o,0,114,0.0,0.0
is_store_post_o_tag/sd_o + tcr_load_store/hc_o,0,114,0.0,0.0
memory_set_o_tag/sd_o + tpr_arith/hc_o,0,114,0.0,0.0
memory_set_o_tag/sd_o + tpr_branch/hc_o,0,114,0.0,0.0
memory_set_o_tag/sd_o + tpr_jump/hc_o,0,114,0.0,0.0
memory_set_o_tag/sd_o + tpr_shift/hc_o,0,114,0.0,0.0
memory_set_o_tag/sd_o + tpr_comparison/hc_o,0,114,0.0,0.0
memory_set_o_tag/sd_o + tpr_logical/hc_o,0,114,0.0,0.0
memory_set_o_tag/sd_o + tpr_load_store_mode/hc_o,0,114,0.0,0.0
memory_set_o_tag/sd_o + tpr_load_store_enable/hc_o,0,114,0.0,0.0
memory_set_o_tag/sd_o + tcr_arith/hc_o,0,114,0.0,0.0
memory_set_o_tag/sd_o + tcr_branch/hc_o,0,114,0.0,0.0
memory_set_o_tag/sd_o + tcr_jump/hc_o,0,114,0.0,0.0
memory_set_o_tag/sd_o + tcr_shift/hc_o,0,114,0.0,0.0
memory_set_o_tag/sd_o + tcr_comparison/hc_o,0,114,0.0,0.0
memory_set_o_tag/sd_o + tcr_logical/hc_o,0,114,0.0,0.0
memory_set_o_tag/sd_o + tcr_load_store/hc_o,0,114,0.0,0.0
sd_o_rf_tag + tpr_arith/hc_o,0,114,0.0,0.0
sd_o_rf_tag + tpr_branch/hc_o,0,114,0.0,0.0
sd_o_rf_tag + tpr_jump/hc_o,0,114,0.0,0.0
sd_o_rf_tag + tpr_shift/hc_o,0,114,0.0,0.0
sd_o_rf_tag + tpr_comparison/hc_o,0,114,0.0,0.0
sd_o_rf_tag + tpr_logical/hc_o,0,114,0.0,0.0
sd_o_rf_tag + tpr_load_store_mode/hc_o,0,114,0.0,0.0
sd_o_rf_tag + tpr_load_store_enable/hc_o,0,114,0.0,0.0
sd_o_rf_tag + tcr_arith/hc_o,0,114,0.0,0.0
sd_o_rf_tag + tcr_branch/hc_o,0,114,0.0,0.0
sd_o_rf_tag + tcr_jump/hc_o,0,114,0.0,0.0
sd_o_rf_tag + tcr_shift/hc_o,0,114,0.0,0.0
sd_o_rf_tag + tcr_comparison/hc_o,0,114,0.0,0.0
sd_o_rf_tag + tcr_logical/hc_o,0,114,0.0,0.0
sd_o_rf_tag + tcr_load_store/hc_o,0,114,0.0,0.0
rs1_o_tag/sd_o + tpr_arith/hc_o,0,114,0.0,0.0
rs1_o_tag/sd_o + tpr_branch/hc_o,0,114,0.0,0.0
rs1_o_tag/sd_o + tpr_jump/hc_o,0,114,0.0,0.0
rs1_o_tag/sd_o + tpr_shift/hc_o,0,114,0.0,0.0
rs1_o_tag/sd_o + tpr_comparison/hc_o,0,114,0.0,0.0
rs1_o_tag/sd_o + tpr_logical/hc_o,0,114,0.0,0.0
rs1_o_tag/sd_o + tpr_load_store_mode/hc_o,0,114,0.0,0.0
rs1_o_tag/sd_o + tpr_load_store_enable/hc_o,0,114,0.0,0.0
rs1_o_tag/sd_o + tcr_arith/hc_o,0,114,0.0,0.0
rs1_o_tag/sd_o + tcr_branch/hc_o,0,114,0.0,0.0
rs1_o_tag/sd_o + tcr_jump/hc_o,0,114,0.0,0.0
rs1_o_tag/sd_o + tcr_shift/hc_o,0,114,0.0,0.0
rs1_o_tag/sd_o + tcr_comparison/hc_o,0,114,0.0,0.0
rs1_o_tag/sd_o + tcr_logical/hc_o,0,114,0.0,0.0
rs1_o_tag/sd_o + tcr_load_store/hc_o,0,114,0.0,0.0
tpr_arith/hc_o + tpr_arith/sd_o,0,114,0.0,0.0
tpr_arith/hc_o + tpr_branch/sd_o,0,114,0.0,0.0
tpr_arith/hc_o + tpr_jump/sd_o,0,114,0.0,0.0
tpr_arith/hc_o + tpr_shift/sd_o,0,114,0.0,0.0
tpr_arith/hc_o + tpr_comparison/sd_o,0,114,0.0,0.0
tpr_arith/hc_o + tpr_logical/sd_o,0,114,0.0,0.0
tpr_arith/hc_o + tpr_load_store_mode/sd_o,0,114,0.0,0.0
tpr_arith/hc_o + tpr_load_store_enable/sd_o,0,114,0.0,0.0
tcr_arith/sd_o + tpr_arith/hc_o,0,114,0.0,0.0
tcr_branch/sd_o + tpr_arith/hc_o,0,114,0.0,0.0
tcr_jump/sd_o + tpr_arith/hc_o,0,114,0.0,0.0
tcr_shift/sd_o + tpr_arith/hc_o,0,114,0.0,0.0
tcr_comparison/sd_o + tpr_arith/hc_o,0,114,0.0,0.0
tcr_logical/sd_o + tpr_arith/hc_o,0,114,0.0,0.0
tcr_load_store/sd_o + tpr_arith/hc_o,0,114,0.0,0.0
tcr_execute/sd_o + tpr_arith/hc_o,0,114,0.0,0.0
data_we_q_tag/sd_o + tpr_arith/hc_o,0,114,0.0,0.0
rdata_offset_q_tag/sd_o + tpr_arith/hc_o,0,114,0.0,0.0
data_type_q_tag/sd_o + tpr_arith/hc_o,0,114,0.0,0.0
rdata_q_tag/sd_o + tpr_arith/hc_o,0,114,0.0,0.0
tpr_arith/sd_o + tpr_branch/hc_o,0,114,0.0,0.0
tpr_arith/sd_o + tpr_jump/hc_o,0,114,0.0,0.0
tpr_arith/sd_o + tpr_shift/hc_o,0,114,0.0,0.0
tpr_arith/sd_o + tpr_comparison/hc_o,0,114,0.0,0.0
tpr_arith/sd_o + tpr_logical/hc_o,0,114,0.0,0.0
tpr_arith/sd_o + tpr_load_store_mode/hc_o,0,114,0.0,0.0
tpr_arith/sd_o + tpr_load_store_enable/hc_o,0,114,0.0,0.0
tcr_arith/hc_o + tpr_arith/sd_o,0,114,0.0,0.0
tcr_branch/hc_o + tpr_arith/sd_o,0,114,0.0,0.0
tcr_jump/hc_o + tpr_arith/sd_o,0,114,0.0,0.0
tcr_shift/hc_o + tpr_arith/sd_o,0,114,0.0,0.0
tcr_comparison/hc_o + tpr_arith/sd_o,0,114,0.0,0.0
tcr_logical/hc_o + tpr_arith/sd_o,0,114,0.0,0.0
tcr_load_store/hc_o + tpr_arith/sd_o,0,114,0.0,0.0
rdata_offset_q_tag/hc_o + tpr_arith/sd_o,0,114,0.0,0.0
data_type_q_tag/hc_o + tpr_arith/sd_o,0,114,0.0,0.0
rdata_q_tag/hc_o + tpr_arith/sd_o,0,114,0.0,0.0
tpr_branch/hc_o + tpr_branch/sd_o,0,114,0.0,0.0
tpr_branch/hc_o + tpr_jump/sd_o,0,114,0.0,0.0
tpr_branch/hc_o + tpr_shift/sd_o,0,114,0.0,0.0
tpr_branch/hc_o + tpr_comparison/sd_o,0,114,0.0,0.0
tpr_branch/hc_o + tpr_logical/sd_o,0,114,0.0,0.0
tpr_branch/hc_o + tpr_load_store_mode/sd_o,0,114,0.0,0.0
tpr_branch/hc_o + tpr_load_store_enable/sd_o,0,114,0.0,0.0
tcr_arith/sd_o + tpr_branch/hc_o,0,114,0.0,0.0
tcr_branch/sd_o + tpr_branch/hc_o,0,114,0.0,0.0
tcr_jump/sd_o + tpr_branch/hc_o,0,114,0.0,0.0
tcr_shift/sd_o + tpr_branch/hc_o,0,114,0.0,0.0
tcr_comparison/sd_o + tpr_branch/hc_o,0,114,0.0,0.0
tcr_logical/sd_o + tpr_branch/hc_o,0,114,0.0,0.0
tcr_load_store/sd_o + tpr_branch/hc_o,0,114,0.0,0.0
tcr_execute/sd_o + tpr_branch/hc_o,0,114,0.0,0.0
data_we_q_tag/sd_o + tpr_branch/hc_o,0,114,0.0,0.0
rdata_offset_q_tag/sd_o + tpr_branch/hc_o,0,114,0.0,0.0
data_type_q_tag/sd_o + tpr_branch/hc_o,0,114,0.0,0.0
rdata_q_tag/sd_o + tpr_branch/hc_o,0,114,0.0,0.0
tpr_branch/sd_o + tpr_jump/hc_o,0,114,0.0,0.0
tpr_branch/sd_o + tpr_shift/hc_o,0,114,0.0,0.0
tpr_branch/sd_o + tpr_comparison/hc_o,0,114,0.0,0.0
tpr_branch/sd_o + tpr_logical/hc_o,0,114,0.0,0.0
tpr_branch/sd_o + tpr_load_store_mode/hc_o,0,114,0.0,0.0
tpr_branch/sd_o + tpr_load_store_enable/hc_o,0,114,0.0,0.0
tcr_arith/hc_o + tpr_branch/sd_o,0,114,0.0,0.0
tcr_branch/hc_o + tpr_branch/sd_o,0,114,0.0,0.0
tcr_jump/hc_o + tpr_branch/sd_o,0,114,0.0,0.0
tcr_shift/hc_o + tpr_branch/sd_o,0,114,0.0,0.0
tcr_comparison/hc_o + tpr_branch/sd_o,0,114,0.0,0.0
tcr_logical/hc_o + tpr_branch/sd_o,0,114,0.0,0.0
tcr_load_store/hc_o + tpr_branch/sd_o,0,114,0.0,0.0
rdata_offset_q_tag/hc_o + tpr_branch/sd_o,0,114,0.0,0.0
data_type_q_tag/hc_o + tpr_branch/sd_o,0,114,0.0,0.0
rdata_q_tag/hc_o + tpr_branch/sd_o,0,114,0.0,0.0
tpr_jump/hc_o + tpr_jump/sd_o,0,114,0.0,0.0
tpr_jump/hc_o + tpr_shift/sd_o,0,114,0.0,0.0
tpr_comparison/sd_o + tpr_jump/hc_o,0,114,0.0,0.0
tpr_jump/hc_o + tpr_logical/sd_o,0,114,0.0,0.0
tpr_jump/hc_o + tpr_load_store_mode/sd_o,0,114,0.0,0.0
tpr_jump/hc_o + tpr_load_store_enable/sd_o,0,114,0.0,0.0
tcr_arith/sd_o + tpr_jump/hc_o,0,114,0.0,0.0
tcr_branch/sd_o + tpr_jump/hc_o,0,114,0.0,0.0
tcr_jump/sd_o + tpr_jump/hc_o,0,114,0.0,0.0
tcr_shift/sd_o + tpr_jump/hc_o,0,114,0.0,0.0
tcr_comparison/sd_o + tpr_jump/hc_o,0,114,0.0,0.0
tcr_logical/sd_o + tpr_jump/hc_o,0,114,0.0,0.0
tcr_load_store/sd_o + tpr_jump/hc_o,0,114,0.0,0.0
tcr_execute/sd_o + tpr_jump/hc_o,0,114,0.0,0.0
data_we_q_tag/sd_o + tpr_jump/hc_o,0,114,0.0,0.0
rdata_offset_q_tag/sd_o + tpr_jump/hc_o,0,114,0.0,0.0
data_type_q_tag/sd_o + tpr_jump/hc_o,0,114,0.0,0.0
rdata_q_tag/sd_o + tpr_jump/hc_o,0,114,0.0,0.0
tpr_jump/sd_o + tpr_shift/hc_o,0,114,0.0,0.0
tpr_comparison/hc_o + tpr_jump/sd_o,0,114,0.0,0.0
tpr_jump/sd_o + tpr_logical/hc_o,0,114,0.0,0.0
tpr_jump/sd_o + tpr_load_store_mode/hc_o,0,114,0.0,0.0
tpr_jump/sd_o + tpr_load_store_enable/hc_o,0,114,0.0,0.0
tcr_arith/hc_o + tpr_jump/sd_o,0,114,0.0,0.0
tcr_branch/hc_o + tpr_jump/sd_o,0,114,0.0,0.0
tcr_jump/hc_o + tpr_jump/sd_o,0,114,0.0,0.0
tcr_shift/hc_o + tpr_jump/sd_o,0,114,0.0,0.0
tcr_comparison/hc_o + tpr_jump/sd_o,0,114,0.0,0.0
tcr_logical/hc_o + tpr_jump/sd_o,0,114,0.0,0.0
tcr_load_store/hc_o + tpr_jump/sd_o,0,114,0.0,0.0
rdata_offset_q_tag/hc_o + tpr_jump/sd_o,0,114,0.0,0.0
data_type_q_tag/hc_o + tpr_jump/sd_o,0,114,0.0,0.0
rdata_q_tag/hc_o + tpr_jump/sd_o,0,114,0.0,0.0
tpr_shift/hc_o + tpr_shift/sd_o,0,114,0.0,0.0
tpr_comparison/sd_o + tpr_shift/hc_o,0,114,0.0,0.0
tpr_logical/sd_o + tpr_shift/hc_o,0,114,0.0,0.0
tpr_load_store_mode/sd_o + tpr_shift/hc_o,0,114,0.0,0.0
tpr_load_store_enable/sd_o + tpr_shift/hc_o,0,114,0.0,0.0
tcr_arith/sd_o + tpr_shift/hc_o,0,114,0.0,0.0
tcr_branch/sd_o + tpr_shift/hc_o,0,114,0.0,0.0
tcr_jump/sd_o + tpr_shift/hc_o,0,114,0.0,0.0
tcr_shift/sd_o + tpr_shift/hc_o,0,114,0.0,0.0
tcr_comparison/sd_o + tpr_shift/hc_o,0,114,0.0,0.0
tcr_logical/sd_o + tpr_shift/hc_o,0,114,0.0,0.0
tcr_load_store/sd_o + tpr_shift/hc_o,0,114,0.0,0.0
tcr_execute/sd_o + tpr_shift/hc_o,0,114,0.0,0.0
data_we_q_tag/sd_o + tpr_shift/hc_o,0,114,0.0,0.0
rdata_offset_q_tag/sd_o + tpr_shift/hc_o,0,114,0.0,0.0
data_type_q_tag/sd_o + tpr_shift/hc_o,0,114,0.0,0.0
rdata_q_tag/sd_o + tpr_shift/hc_o,0,114,0.0,0.0
tpr_comparison/hc_o + tpr_shift/sd_o,0,114,0.0,0.0
tpr_logical/hc_o + tpr_shift/sd_o,0,114,0.0,0.0
tpr_load_store_mode/hc_o + tpr_shift/sd_o,0,114,0.0,0.0
tpr_load_store_enable/hc_o + tpr_shift/sd_o,0,114,0.0,0.0
tcr_arith/hc_o + tpr_shift/sd_o,0,114,0.0,0.0
tcr_branch/hc_o + tpr_shift/sd_o,0,114,0.0,0.0
tcr_jump/hc_o + tpr_shift/sd_o,0,114,0.0,0.0
tcr_shift/hc_o + tpr_shift/sd_o,0,114,0.0,0.0
tcr_comparison/hc_o + tpr_shift/sd_o,0,114,0.0,0.0
tcr_logical/hc_o + tpr_shift/sd_o,0,114,0.0,0.0
tcr_load_store/hc_o + tpr_shift/sd_o,0,114,0.0,0.0
rdata_offset_q_tag/hc_o + tpr_shift/sd_o,0,114,0.0,0.0
data_type_q_tag/hc_o + tpr_shift/sd_o,0,114,0.0,0.0
rdata_q_tag/hc_o + tpr_shift/sd_o,0,114,0.0,0.0
tpr_comparison/hc_o + tpr_comparison/sd_o,0,114,0.0,0.0
tpr_comparison/hc_o + tpr_logical/sd_o,0,114,0.0,0.0
tpr_comparison/hc_o + tpr_load_store_mode/sd_o,0,114,0.0,0.0
tpr_comparison/hc_o + tpr_load_store_enable/sd_o,0,114,0.0,0.0
tcr_arith/sd_o + tpr_comparison/hc_o,0,114,0.0,0.0
tcr_branch/sd_o + tpr_comparison/hc_o,0,114,0.0,0.0
tcr_jump/sd_o + tpr_comparison/hc_o,0,114,0.0,0.0
tcr_shift/sd_o + tpr_comparison/hc_o,0,114,0.0,0.0
tcr_comparison/sd_o + tpr_comparison/hc_o,0,114,0.0,0.0
tcr_logical/sd_o + tpr_comparison/hc_o,0,114,0.0,0.0
tcr_load_store/sd_o + tpr_comparison/hc_o,0,114,0.0,0.0
tcr_execute/sd_o + tpr_comparison/hc_o,0,114,0.0,0.0
data_we_q_tag/sd_o + tpr_comparison/hc_o,0,114,0.0,0.0
rdata_offset_q_tag/sd_o + tpr_comparison/hc_o,0,114,0.0,0.0
data_type_q_tag/sd_o + tpr_comparison/hc_o,0,114,0.0,0.0
rdata_q_tag/sd_o + tpr_comparison/hc_o,0,114,0.0,0.0
tpr_comparison/sd_o + tpr_logical/hc_o,0,114,0.0,0.0
tpr_comparison/sd_o + tpr_load_store_mode/hc_o,0,114,0.0,0.0
tpr_comparison/sd_o + tpr_load_store_enable/hc_o,0,114,0.0,0.0
tcr_arith/hc_o + tpr_comparison/sd_o,0,114,0.0,0.0
tcr_branch/hc_o + tpr_comparison/sd_o,0,114,0.0,0.0
tcr_jump/hc_o + tpr_comparison/sd_o,0,114,0.0,0.0
tcr_shift/hc_o + tpr_comparison/sd_o,0,114,0.0,0.0
tcr_comparison/hc_o + tpr_comparison/sd_o,0,114,0.0,0.0
tcr_logical/hc_o + tpr_comparison/sd_o,0,114,0.0,0.0
tcr_load_store/hc_o + tpr_comparison/sd_o,0,114,0.0,0.0
rdata_offset_q_tag/hc_o + tpr_comparison/sd_o,0,114,0.0,0.0
data_type_q_tag/hc_o + tpr_comparison/sd_o,0,114,0.0,0.0
rdata_q_tag/hc_o + tpr_comparison/sd_o,0,114,0.0,0.0
tpr_logical/hc_o + tpr_logical/sd_o,0,114,0.0,0.0
tpr_load_store_mode/sd_o + tpr_logical/hc_o,0,114,0.0,0.0
tpr_load_store_enable/sd_o + tpr_logical/hc_o,0,114,0.0,0.0
tcr_arith/sd_o + tpr_logical/hc_o,0,114,0.0,0.0
tcr_branch/sd_o + tpr_logical/hc_o,0,114,0.0,0.0
tcr_jump/sd_o + tpr_logical/hc_o,0,114,0.0,0.0
tcr_shift/sd_o + tpr_logical/hc_o,0,114,0.0,0.0
tcr_comparison/sd_o + tpr_logical/hc_o,0,114,0.0,0.0
tcr_logical/sd_o + tpr_logical/hc_o,0,114,0.0,0.0
tcr_load_store/sd_o + tpr_logical/hc_o,0,114,0.0,0.0
tcr_execute/sd_o + tpr_logical/hc_o,0,114,0.0,0.0
data_we_q_tag/sd_o + tpr_logical/hc_o,0,114,0.0,0.0
rdata_offset_q_tag/sd_o + tpr_logical/hc_o,0,114,0.0,0.0
data_type_q_tag/sd_o + tpr_logical/hc_o,0,114,0.0,0.0
rdata_q_tag/sd_o + tpr_logical/hc_o,0,114,0.0,0.0
tpr_load_store_mode/hc_o + tpr_logical/sd_o,0,114,0.0,0.0
tpr_load_store_enable/hc_o + tpr_logical/sd_o,0,114,0.0,0.0
tcr_arith/hc_o + tpr_logical/sd_o,0,114,0.0,0.0
tcr_branch/hc_o + tpr_logical/sd_o,0,114,0.0,0.0
tcr_jump/hc_o + tpr_logical/sd_o,0,114,0.0,0.0
tcr_shift/hc_o + tpr_logical/sd_o,0,114,0.0,0.0
tcr_comparison/hc_o + tpr_logical/sd_o,0,114,0.0,0.0
tcr_logical/hc_o + tpr_logical/sd_o,0,114,0.0,0.0
tcr_load_store/hc_o + tpr_logical/sd_o,0,114,0.0,0.0
rdata_offset_q_tag/hc_o + tpr_logical/sd_o,0,114,0.0,0.0
data_type_q_tag/hc_o + tpr_logical/sd_o,0,114,0.0,0.0
rdata_q_tag/hc_o + tpr_logical/sd_o,0,114,0.0,0.0
tpr_load_store_enable/sd_o + tpr_load_store_mode/hc_o,0,114,0.0,0.0
tcr_arith/sd_o + tpr_load_store_mode/hc_o,0,114,0.0,0.0
tcr_branch/sd_o + tpr_load_store_mode/hc_o,0,114,0.0,0.0
tcr_jump/sd_o + tpr_load_store_mode/hc_o,0,114,0.0,0.0
tcr_shift/sd_o + tpr_load_store_mode/hc_o,0,114,0.0,0.0
tcr_comparison/sd_o + tpr_load_store_mode/hc_o,0,114,0.0,0.0
tcr_logical/sd_o + tpr_load_store_mode/hc_o,0,114,0.0,0.0
tcr_load_store/sd_o + tpr_load_store_mode/hc_o,0,114,0.0,0.0
tcr_execute/sd_o + tpr_load_store_mode/hc_o,0,114,0.0,0.0
data_we_q_tag/sd_o + tpr_load_store_mode/hc_o,0,114,0.0,0.0
rdata_offset_q_tag/sd_o + tpr_load_store_mode/hc_o,0,114,0.0,0.0
data_type_q_tag/sd_o + tpr_load_store_mode/hc_o,0,114,0.0,0.0
rdata_q_tag/sd_o + tpr_load_store_mode/hc_o,0,114,0.0,0.0
tpr_load_store_enable/hc_o + tpr_load_store_mode/sd_o,0,114,0.0,0.0
tcr_arith/hc_o + tpr_load_store_mode/sd_o,0,114,0.0,0.0
tcr_branch/hc_o + tpr_load_store_mode/sd_o,0,114,0.0,0.0
tcr_jump/hc_o + tpr_load_store_mode/sd_o,0,114,0.0,0.0
tcr_shift/hc_o + tpr_load_store_mode/sd_o,0,114,0.0,0.0
tcr_comparison/hc_o + tpr_load_store_mode/sd_o,0,114,0.0,0.0
tcr_logical/hc_o + tpr_load_store_mode/sd_o,0,114,0.0,0.0
tcr_load_store/hc_o + tpr_load_store_mode/sd_o,0,114,0.0,0.0
rdata_offset_q_tag/hc_o + tpr_load_store_mode/sd_o,0,114,0.0,0.0
data_type_q_tag/hc_o + tpr_load_store_mode/sd_o,0,114,0.0,0.0
rdata_q_tag/hc_o + tpr_load_store_mode/sd_o,0,114,0.0,0.0
tcr_arith/sd_o + tpr_load_store_enable/hc_o,0,114,0.0,0.0
tcr_branch/sd_o + tpr_load_store_enable/hc_o,0,114,0.0,0.0
tcr_jump/sd_o + tpr_load_store_enable/hc_o,0,114,0.0,0.0
tcr_shift/sd_o + tpr_load_store_enable/hc_o,0,114,0.0,0.0
tcr_comparison/sd_o + tpr_load_store_enable/hc_o,0,114,0.0,0.0
tcr_logical/sd_o + tpr_load_store_enable/hc_o,0,114,0.0,0.0
tcr_load_store/sd_o + tpr_load_store_enable/hc_o,0,114,0.0,0.0
tcr_execute/sd_o + tpr_load_store_enable/hc_o,0,114,0.0,0.0
data_we_q_tag/sd_o + tpr_load_store_enable/hc_o,0,114,0.0,0.0
rdata_offset_q_tag/sd_o + tpr_load_store_enable/hc_o,0,114,0.0,0.0
data_type_q_tag/sd_o + tpr_load_store_enable/hc_o,0,114,0.0,0.0
rdata_q_tag/sd_o + tpr_load_store_enable/hc_o,0,114,0.0,0.0
tcr_arith/hc_o + tpr_load_store_enable/sd_o,0,114,0.0,0.0
tcr_branch/hc_o + tpr_load_store_enable/sd_o,0,114,0.0,0.0
tcr_jump/hc_o + tpr_load_store_enable/sd_o,0,114,0.0,0.0
tcr_shift/hc_o + tpr_load_store_enable/sd_o,0,114,0.0,0.0
tcr_comparison/hc_o + tpr_load_store_enable/sd_o,0,114,0.0,0.0
tcr_logical/hc_o + tpr_load_store_enable/sd_o,0,114,0.0,0.0
tcr_load_store/hc_o + tpr_load_store_enable/sd_o,0,114,0.0,0.0
rdata_offset_q_tag/hc_o + tpr_load_store_enable/sd_o,0,114,0.0,0.0
data_type_q_tag/hc_o + tpr_load_store_enable/sd_o,0,114,0.0,0.0
rdata_q_tag/hc_o + tpr_load_store_enable/sd_o,0,114,0.0,0.0
tcr_arith/hc_o + tcr_arith/sd_o,0,114,0.0,0.0
tcr_arith/hc_o + tcr_branch/sd_o,0,114,0.0,0.0
tcr_arith/hc_o + tcr_jump/sd_o,0,114,0.0,0.0
tcr_arith/hc_o + tcr_shift/sd_o,0,114,0.0,0.0
tcr_arith/hc_o + tcr_comparison/sd_o,0,114,0.0,0.0
tcr_arith/hc_o + tcr_logical/sd_o,0,114,0.0,0.0
tcr_arith/hc_o + tcr_load_store/sd_o,0,114,0.0,0.0
tcr_arith/hc_o + tcr_execute/sd_o,0,114,0.0,0.0
data_we_q_tag/sd_o + tcr_arith/hc_o,0,114,0.0,0.0
rdata_offset_q_tag/sd_o + tcr_arith/hc_o,0,114,0.0,0.0
data_type_q_tag/sd_o + tcr_arith/hc_o,0,114,0.0,0.0
rdata_q_tag/sd_o + tcr_arith/hc_o,0,114,0.0,0.0
tcr_arith/sd_o + tcr_branch/hc_o,0,114,0.0,0.0
tcr_arith/sd_o + tcr_jump/hc_o,0,114,0.0,0.0
tcr_arith/sd_o + tcr_shift/hc_o,0,114,0.0,0.0
tcr_arith/sd_o + tcr_comparison/hc_o,0,114,0.0,0.0
tcr_arith/sd_o + tcr_logical/hc_o,0,114,0.0,0.0
tcr_arith/sd_o + tcr_load_store/hc_o,0,114,0.0,0.0
rdata_offset_q_tag/hc_o + tcr_arith/sd_o,0,114,0.0,0.0
data_type_q_tag/hc_o + tcr_arith/sd_o,0,114,0.0,0.0
rdata_q_tag/hc_o + tcr_arith/sd_o,0,114,0.0,0.0
tcr_branch/hc_o + tcr_branch/sd_o,0,114,0.0,0.0
tcr_branch/hc_o + tcr_jump/sd_o,0,114,0.0,0.0
tcr_branch/hc_o + tcr_shift/sd_o,0,114,0.0,0.0
tcr_branch/hc_o + tcr_comparison/sd_o,0,114,0.0,0.0
tcr_branch/hc_o + tcr_logical/sd_o,0,114,0.0,0.0
tcr_branch/hc_o + tcr_load_store/sd_o,0,114,0.0,0.0
tcr_branch/hc_o + tcr_execute/sd_o,0,114,0.0,0.0
data_we_q_tag/sd_o + tcr_branch/hc_o,0,114,0.0,0.0
rdata_offset_q_tag/sd_o + tcr_branch/hc_o,0,114,0.0,0.0
data_type_q_tag/sd_o + tcr_branch/hc_o,0,114,0.0,0.0
rdata_q_tag/sd_o + tcr_branch/hc_o,0,114,0.0,0.0
tcr_branch/sd_o + tcr_jump/hc_o,0,114,0.0,0.0
tcr_branch/sd_o + tcr_shift/hc_o,0,114,0.0,0.0
tcr_branch/sd_o + tcr_comparison/hc_o,0,114,0.0,0.0
tcr_branch/sd_o + tcr_logical/hc_o,0,114,0.0,0.0
tcr_branch/sd_o + tcr_load_store/hc_o,0,114,0.0,0.0
rdata_offset_q_tag/hc_o + tcr_branch/sd_o,0,114,0.0,0.0
data_type_q_tag/hc_o + tcr_branch/sd_o,0,114,0.0,0.0
rdata_q_tag/hc_o + tcr_branch/sd_o,0,114,0.0,0.0
tcr_jump/hc_o + tcr_jump/sd_o,0,114,0.0,0.0
tcr_jump/hc_o + tcr_shift/sd_o,0,114,0.0,0.0
tcr_comparison/sd_o + tcr_jump/hc_o,0,114,0.0,0.0
tcr_jump/hc_o + tcr_logical/sd_o,0,114,0.0,0.0
tcr_jump/hc_o + tcr_load_store/sd_o,0,114,0.0,0.0
tcr_execute/sd_o + tcr_jump/hc_o,0,114,0.0,0.0
data_we_q_tag/sd_o + tcr_jump/hc_o,0,114,0.0,0.0
rdata_offset_q_tag/sd_o + tcr_jump/hc_o,0,114,0.0,0.0
data_type_q_tag/sd_o + tcr_jump/hc_o,0,114,0.0,0.0
rdata_q_tag/sd_o + tcr_jump/hc_o,0,114,0.0,0.0
tcr_jump/sd_o + tcr_shift/hc_o,0,114,0.0,0.0
tcr_comparison/hc_o + tcr_jump/sd_o,0,114,0.0,0.0
tcr_jump/sd_o + tcr_logical/hc_o,0,114,0.0,0.0
tcr_jump/sd_o + tcr_load_store/hc_o,0,114,0.0,0.0
rdata_offset_q_tag/hc_o + tcr_jump/sd_o,0,114,0.0,0.0
data_type_q_tag/hc_o + tcr_jump/sd_o,0,114,0.0,0.0
rdata_q_tag/hc_o + tcr_jump/sd_o,0,114,0.0,0.0
tcr_shift/hc_o + tcr_shift/sd_o,0,114,0.0,0.0
tcr_comparison/sd_o + tcr_shift/hc_o,0,114,0.0,0.0
tcr_logical/sd_o + tcr_shift/hc_o,0,114,0.0,0.0
tcr_load_store/sd_o + tcr_shift/hc_o,0,114,0.0,0.0
tcr_execute/sd_o + tcr_shift/hc_o,0,114,0.0,0.0
data_we_q_tag/sd_o + tcr_shift/hc_o,0,114,0.0,0.0
rdata_offset_q_tag/sd_o + tcr_shift/hc_o,0,114,0.0,0.0
data_type_q_tag/sd_o + tcr_shift/hc_o,0,114,0.0,0.0
rdata_q_tag/sd_o + tcr_shift/hc_o,0,114,0.0,0.0
tcr_comparison/hc_o + tcr_shift/sd_o,0,114,0.0,0.0
tcr_logical/hc_o + tcr_shift/sd_o,0,114,0.0,0.0
tcr_load_store/hc_o + tcr_shift/sd_o,0,114,0.0,0.0
rdata_offset_q_tag/hc_o + tcr_shift/sd_o,0,114,0.0,0.0
data_type_q_tag/hc_o + tcr_shift/sd_o,0,114,0.0,0.0
rdata_q_tag/hc_o + tcr_shift/sd_o,0,114,0.0,0.0
tcr_comparison/hc_o + tcr_comparison/sd_o,0,114,0.0,0.0
tcr_comparison/hc_o + tcr_logical/sd_o,0,114,0.0,0.0
tcr_comparison/hc_o + tcr_load_store/sd_o,0,114,0.0,0.0
tcr_comparison/hc_o + tcr_execute/sd_o,0,114,0.0,0.0
data_we_q_tag/sd_o + tcr_comparison/hc_o,0,114,0.0,0.0
rdata_offset_q_tag/sd_o + tcr_comparison/hc_o,0,114,0.0,0.0
data_type_q_tag/sd_o + tcr_comparison/hc_o,0,114,0.0,0.0
rdata_q_tag/sd_o + tcr_comparison/hc_o,0,114,0.0,0.0
tcr_comparison/sd_o + tcr_logical/hc_o,0,114,0.0,0.0
tcr_comparison/sd_o + tcr_load_store/hc_o,0,114,0.0,0.0
rdata_offset_q_tag/hc_o + tcr_comparison/sd_o,0,114,0.0,0.0
data_type_q_tag/hc_o + tcr_comparison/sd_o,0,114,0.0,0.0
rdata_q_tag/hc_o + tcr_comparison/sd_o,0,114,0.0,0.0
tcr_logical/hc_o + tcr_logical/sd_o,0,114,0.0,0.0
tcr_load_store/sd_o + tcr_logical/hc_o,0,114,0.0,0.0
tcr_execute/sd_o + tcr_logical/hc_o,0,114,0.0,0.0
data_we_q_tag/sd_o + tcr_logical/hc_o,0,114,0.0,0.0
rdata_offset_q_tag/sd_o + tcr_logical/hc_o,0,114,0.0,0.0
data_type_q_tag/sd_o + tcr_logical/hc_o,0,114,0.0,0.0
rdata_q_tag/sd_o + tcr_logical/hc_o,0,114,0.0,0.0
tcr_load_store/hc_o + tcr_logical/sd_o,0,114,0.0,0.0
rdata_offset_q_tag/hc_o + tcr_logical/sd_o,0,114,0.0,0.0
data_type_q_tag/hc_o + tcr_logical/sd_o,0,114,0.0,0.0
rdata_q_tag/hc_o + tcr_logical/sd_o,0,114,0.0,0.0
tcr_load_store/hc_o + tcr_load_store/sd_o,0,114,0.0,0.0
tcr_execute/sd_o + tcr_load_store/hc_o,0,114,0.0,0.0
data_we_q_tag/sd_o + tcr_load_store/hc_o,0,114,0.0,0.0
rdata_offset_q_tag/sd_o + tcr_load_store/hc_o,0,114,0.0,0.0
data_type_q_tag/sd_o + tcr_load_store/hc_o,0,114,0.0,0.0
rdata_q_tag/sd_o + tcr_load_store/hc_o,0,114,0.0,0.0
rdata_offset_q_tag/hc_o + tcr_load_store/sd_o,0,114,0.0,0.0
data_type_q_tag/hc_o + tcr_load_store/sd_o,0,114,0.0,0.0
rdata_q_tag/hc_o + tcr_load_store/sd_o,0,114,0.0,0.0
rdata_offset_q_tag/hc_o + tcr_execute/sd_o,0,114,0.0,0.0
data_type_q_tag/hc_o + tcr_execute/sd_o,0,114,0.0,0.0
rdata_q_tag/hc_o + tcr_execute/sd_o,0,114,0.0,0.0
id_group0/sd_o + if_stage/hc_o,0,114,0.0,0.0
id_group1/sd_o + if_stage/hc_o,0,114,0.0,0.0
id_group2/sd_o + if_stage/hc_o,0,114,0.0,0.0
id_group3/sd_o + if_stage/hc_o,0,114,0.0,0.0
id_group4/sd_o + if_stage/hc_o,0,114,0.0,0.0
id_group5/sd_o + if_stage/hc_o,0,114,0.0,0.0
id_group6/sd_o + if_stage/hc_o,0,114,0.0,0.0
id_group7/sd_o + if_stage/hc_o,0,114,0.0,0.0
id_group8/sd_o + if_stage/hc_o,0,114,0.0,0.0
id_group9/sd_o + if_stage/hc_o,0,114,0.0,0.0
csr_group0/sd_o + if_stage/hc_o,0,114,0.0,0.0
csr_group1/sd_o + if_stage/hc_o,0,114,0.0,0.0
csr_group2/sd_o + if_stage/hc_o,0,114,0.0,0.0
csr_group3/sd_o + if_stage/hc_o,0,114,0.0,0.0
csr_group4/sd_o + if_stage/hc_o,0,114,0.0,0.0
csr_group5/sd_o + if_stage/hc_o,0,114,0.0,0.0
csr_group6/sd_o + if_stage/hc_o,0,114,0.0,0.0
csr_group7/sd_o + if_stage/hc_o,0,114,0.0,0.0
csr_group8/sd_o + if_stage/hc_o,0,114,0.0,0.0
csr_group9/sd_o + if_stage/hc_o,0,114,0.0,0.0
csr_group10/sd_o + if_stage/hc_o,0,114,0.0,0.0
csr_group11/sd_o + if_stage/hc_o,0,114,0.0,0.0
csr_group12/sd_o + if_stage/hc_o,0,114,0.0,0.0
csr_group13/sd_o + if_stage/hc_o,0,114,0.0,0.0
csr_group14/sd_o + if_stage/hc_o,0,114,0.0,0.0
csr_group15/sd_o + if_stage/hc_o,0,114,0.0,0.0
csr_group16/sd_o + if_stage/hc_o,0,114,0.0,0.0
csr_group17/sd_o + if_stage/hc_o,0,114,0.0,0.0
csr_group18/sd_o + if_stage/hc_o,0,114,0.0,0.0
csr_group19/sd_o + if_stage/hc_o,0,114,0.0,0.0
csr_group20/sd_o + if_stage/hc_o,0,114,0.0,0.0
if_stage/hc_o + tcr_execute/sd_o,0,114,0.0,0.0
if_stage/hc_o + lsu_group1/sd_o,0,114,0.0,0.0
if_stage/hc_o + lsu_group2/sd_o,0,114,0.0,0.0
if_stage/hc_o + lsu_group3/sd_o,0,114,0.0,0.0
if_stage/hc_o + lsu_group4/sd_o,0,114,0.0,0.0
if_stage/hc_o + lsu_group5/sd_o,0,114,0.0,0.0
id_group0/hc_o + if_stage/sd_o,0,114,0.0,0.0
id_group1/hc_o + if_stage/sd_o,0,114,0.0,0.0
id_group2/hc_o + if_stage/sd_o,0,114,0.0,0.0
id_group3/hc_o + if_stage/sd_o,0,114,0.0,0.0
id_group4/hc_o + if_stage/sd_o,0,114,0.0,0.0
id_group5/hc_o + if_stage/sd_o,0,114,0.0,0.0
id_group6/hc_o + if_stage/sd_o,0,114,0.0,0.0
id_group7/hc_o + if_stage/sd_o,0,114,0.0,0.0
id_group8/hc_o + if_stage/sd_o,0,114,0.0,0.0
csr_group0/hc_o + if_stage/sd_o,0,114,0.0,0.0
csr_group1/hc_o + if_stage/sd_o,0,114,0.0,0.0
csr_group2/hc_o + if_stage/sd_o,0,114,0.0,0.0
csr_group3/hc_o + if_stage/sd_o,0,114,0.0,0.0
csr_group4/hc_o + if_stage/sd_o,0,114,0.0,0.0
csr_group5/hc_o + if_stage/sd_o,0,114,0.0,0.0
csr_group6/hc_o + if_stage/sd_o,0,114,0.0,0.0
csr_group7/hc_o + if_stage/sd_o,0,114,0.0,0.0
csr_group8/hc_o + if_stage/sd_o,0,114,0.0,0.0
csr_group9/hc_o + if_stage/sd_o,0,114,0.0,0.0
csr_group10/hc_o + if_stage/sd_o,0,114,0.0,0.0
csr_group11/hc_o + if_stage/sd_o,0,114,0.0,0.0
csr_group12/hc_o + if_stage/sd_o,0,114,0.0,0.0
csr_group13/hc_o + if_stage/sd_o,0,114,0.0,0.0
csr_group15/hc_o + if_stage/sd_o,0,114,0.0,0.0
csr_group16/hc_o + if_stage/sd_o,0,114,0.0,0.0
csr_group17/hc_o + if_stage/sd_o,0,114,0.0,0.0
if_stage/sd_o + lsu_group1/hc_o,0,114,0.0,0.0
if_stage/sd_o + lsu_group2/hc_o,0,114,0.0,0.0
if_stage/sd_o + lsu_group3/hc_o,0,114,0.0,0.0
if_stage/sd_o + lsu_group4/hc_o,0,114,0.0,0.0
if_stage/sd_o + lsu_group5/hc_o,0,114,0.0,0.0
id_group0/hc_o + id_group0/sd_o,0,114,0.0,0.0
id_group0/hc_o + id_group1/sd_o,0,114,0.0,0.0
id_group0/hc_o + id_group2/sd_o,0,114,0.0,0.0
id_group0/hc_o + id_group3/sd_o,0,114,0.0,0.0
id_group0/hc_o + id_group4/sd_o,0,114,0.0,0.0
id_group0/hc_o + id_group5/sd_o,0,114,0.0,0.0
id_group0/hc_o + id_group6/sd_o,0,114,0.0,0.0
id_group0/hc_o + id_group7/sd_o,0,114,0.0,0.0
id_group0/hc_o + id_group8/sd_o,0,114,0.0,0.0
id_group0/hc_o + id_group9/sd_o,0,114,0.0,0.0
id_group0/hc_o + sd_o_rf_tag,0,114,0.0,0.0
csr_group0/sd_o + id_group0/hc_o,0,114,0.0,0.0
csr_group1/sd_o + id_group0/hc_o,0,114,0.0,0.0
csr_group2/sd_o + id_group0/hc_o,0,114,0.0,0.0
csr_group3/sd_o + id_group0/hc_o,0,114,0.0,0.0
csr_group4/sd_o + id_group0/hc_o,0,114,0.0,0.0
csr_group5/sd_o + id_group0/hc_o,0,114,0.0,0.0
csr_group6/sd_o + id_group0/hc_o,0,114,0.0,0.0
csr_group7/sd_o + id_group0/hc_o,0,114,0.0,0.0
csr_group8/sd_o + id_group0/hc_o,0,114,0.0,0.0
csr_group9/sd_o + id_group0/hc_o,0,114,0.0,0.0
csr_group10/sd_o + id_group0/hc_o,0,114,0.0,0.0
csr_group11/sd_o + id_group0/hc_o,0,114,0.0,0.0
csr_group12/sd_o + id_group0/hc_o,0,114,0.0,0.0
csr_group13/sd_o + id_group0/hc_o,0,114,0.0,0.0
csr_group14/sd_o + id_group0/hc_o,0,114,0.0,0.0
csr_group15/sd_o + id_group0/hc_o,0,114,0.0,0.0
csr_group16/sd_o + id_group0/hc_o,0,114,0.0,0.0
csr_group17/sd_o + id_group0/hc_o,0,114,0.0,0.0
csr_group18/sd_o + id_group0/hc_o,0,114,0.0,0.0
csr_group19/sd_o + id_group0/hc_o,0,114,0.0,0.0
csr_group20/sd_o + id_group0/hc_o,0,114,0.0,0.0
id_group0/hc_o + tcr_execute/sd_o,0,114,0.0,0.0
id_group0/hc_o + lsu_group1/sd_o,0,114,0.0,0.0
id_group0/hc_o + lsu_group2/sd_o,0,114,0.0,0.0
id_group0/hc_o + lsu_group3/sd_o,0,114,0.0,0.0
id_group0/hc_o + lsu_group4/sd_o,0,114,0.0,0.0
id_group0/hc_o + lsu_group5/sd_o,0,114,0.0,0.0
id_group0/sd_o + id_group1/hc_o,0,114,0.0,0.0
id_group0/sd_o + id_group2/hc_o,0,114,0.0,0.0
id_group0/sd_o + id_group3/hc_o,0,114,0.0,0.0
id_group0/sd_o + id_group4/hc_o,0,114,0.0,0.0
id_group0/sd_o + id_group5/hc_o,0,114,0.0,0.0
id_group0/sd_o + id_group6/hc_o,0,114,0.0,0.0
id_group0/sd_o + id_group7/hc_o,0,114,0.0,0.0
id_group0/sd_o + id_group8/hc_o,0,114,0.0,0.0
csr_group0/hc_o + id_group0/sd_o,0,114,0.0,0.0
csr_group1/hc_o + id_group0/sd_o,0,114,0.0,0.0
csr_group2/hc_o + id_group0/sd_o,0,114,0.0,0.0
csr_group3/hc_o + id_group0/sd_o,0,114,0.0,0.0
csr_group4/hc_o + id_group0/sd_o,0,114,0.0,0.0
csr_group5/hc_o + id_group0/sd_o,0,114,0.0,0.0
csr_group6/hc_o + id_group0/sd_o,0,114,0.0,0.0
csr_group7/hc_o + id_group0/sd_o,0,114,0.0,0.0
csr_group8/hc_o + id_group0/sd_o,0,114,0.0,0.0
csr_group9/hc_o + id_group0/sd_o,0,114,0.0,0.0
csr_group10/hc_o + id_group0/sd_o,0,114,0.0,0.0
csr_group11/hc_o + id_group0/sd_o,0,114,0.0,0.0
csr_group12/hc_o + id_group0/sd_o,0,114,0.0,0.0
csr_group13/hc_o + id_group0/sd_o,0,114,0.0,0.0
csr_group15/hc_o + id_group0/sd_o,0,114,0.0,0.0
csr_group16/hc_o + id_group0/sd_o,0,114,0.0,0.0
csr_group17/hc_o + id_group0/sd_o,0,114,0.0,0.0
id_group0/sd_o + lsu_group1/hc_o,0,114,0.0,0.0
id_group0/sd_o + lsu_group2/hc_o,0,114,0.0,0.0
id_group0/sd_o + lsu_group3/hc_o,0,114,0.0,0.0
id_group0/sd_o + lsu_group4/hc_o,0,114,0.0,0.0
id_group0/sd_o + lsu_group5/hc_o,0,114,0.0,0.0
id_group1/hc_o + id_group1/sd_o,0,114,0.0,0.0
id_group1/hc_o + id_group2/sd_o,0,114,0.0,0.0
id_group1/hc_o + id_group3/sd_o,0,114,0.0,0.0
id_group1/hc_o + id_group4/sd_o,0,114,0.0,0.0
id_group1/hc_o + id_group5/sd_o,0,114,0.0,0.0
id_group1/hc_o + id_group6/sd_o,0,114,0.0,0.0
id_group1/hc_o + id_group7/sd_o,0,114,0.0,0.0
id_group1/hc_o + id_group8/sd_o,0,114,0.0,0.0
id_group1/hc_o + id_group9/sd_o,0,114,0.0,0.0
id_group1/hc_o + sd_o_rf_tag,0,114,0.0,0.0
csr_group0/sd_o + id_group1/hc_o,0,114,0.0,0.0
csr_group1/sd_o + id_group1/hc_o,0,114,0.0,0.0
csr_group2/sd_o + id_group1/hc_o,0,114,0.0,0.0
csr_group3/sd_o + id_group1/hc_o,0,114,0.0,0.0
csr_group4/sd_o + id_group1/hc_o,0,114,0.0,0.0
csr_group5/sd_o + id_group1/hc_o,0,114,0.0,0.0
csr_group6/sd_o + id_group1/hc_o,0,114,0.0,0.0
csr_group7/sd_o + id_group1/hc_o,0,114,0.0,0.0
csr_group8/sd_o + id_group1/hc_o,0,114,0.0,0.0
csr_group9/sd_o + id_group1/hc_o,0,114,0.0,0.0
csr_group10/sd_o + id_group1/hc_o,0,114,0.0,0.0
csr_group11/sd_o + id_group1/hc_o,0,114,0.0,0.0
csr_group12/sd_o + id_group1/hc_o,0,114,0.0,0.0
csr_group13/sd_o + id_group1/hc_o,0,114,0.0,0.0
csr_group14/sd_o + id_group1/hc_o,0,114,0.0,0.0
csr_group15/sd_o + id_group1/hc_o,0,114,0.0,0.0
csr_group16/sd_o + id_group1/hc_o,0,114,0.0,0.0
csr_group17/sd_o + id_group1/hc_o,0,114,0.0,0.0
csr_group18/sd_o + id_group1/hc_o,0,114,0.0,0.0
csr_group19/sd_o + id_group1/hc_o,0,114,0.0,0.0
csr_group20/sd_o + id_group1/hc_o,0,114,0.0,0.0
id_group1/hc_o + tcr_execute/sd_o,0,114,0.0,0.0
id_group1/hc_o + lsu_group1/sd_o,0,114,0.0,0.0
id_group1/hc_o + lsu_group2/sd_o,0,114,0.0,0.0
id_group1/hc_o + lsu_group3/sd_o,0,114,0.0,0.0
id_group1/hc_o + lsu_group4/sd_o,0,114,0.0,0.0
id_group1/hc_o + lsu_group5/sd_o,0,114,0.0,0.0
id_group1/sd_o + id_group2/hc_o,0,114,0.0,0.0
id_group1/sd_o + id_group3/hc_o,0,114,0.0,0.0
id_group1/sd_o + id_group4/hc_o,0,114,0.0,0.0
id_group1/sd_o + id_group5/hc_o,0,114,0.0,0.0
id_group1/sd_o + id_group6/hc_o,0,114,0.0,0.0
id_group1/sd_o + id_group7/hc_o,0,114,0.0,0.0
id_group1/sd_o + id_group8/hc_o,0,114,0.0,0.0
csr_group0/hc_o + id_group1/sd_o,0,114,0.0,0.0
csr_group1/hc_o + id_group1/sd_o,0,114,0.0,0.0
csr_group2/hc_o + id_group1/sd_o,0,114,0.0,0.0
csr_group3/hc_o + id_group1/sd_o,0,114,0.0,0.0
csr_group4/hc_o + id_group1/sd_o,0,114,0.0,0.0
csr_group5/hc_o + id_group1/sd_o,0,114,0.0,0.0
csr_group6/hc_o + id_group1/sd_o,0,114,0.0,0.0
csr_group7/hc_o + id_group1/sd_o,0,114,0.0,0.0
csr_group8/hc_o + id_group1/sd_o,0,114,0.0,0.0
csr_group9/hc_o + id_group1/sd_o,0,114,0.0,0.0
csr_group10/hc_o + id_group1/sd_o,0,114,0.0,0.0
csr_group11/hc_o + id_group1/sd_o,0,114,0.0,0.0
csr_group12/hc_o + id_group1/sd_o,0,114,0.0,0.0
csr_group13/hc_o + id_group1/sd_o,0,114,0.0,0.0
csr_group15/hc_o + id_group1/sd_o,0,114,0.0,0.0
csr_group16/hc_o + id_group1/sd_o,0,114,0.0,0.0
csr_group17/hc_o + id_group1/sd_o,0,114,0.0,0.0
id_group1/sd_o + lsu_group1/hc_o,0,114,0.0,0.0
id_group1/sd_o + lsu_group2/hc_o,0,114,0.0,0.0
id_group1/sd_o + lsu_group3/hc_o,0,114,0.0,0.0
id_group1/sd_o + lsu_group4/hc_o,0,114,0.0,0.0
id_group1/sd_o + lsu_group5/hc_o,0,114,0.0,0.0
id_group2/hc_o + id_group2/sd_o,0,114,0.0,0.0
id_group2/hc_o + id_group3/sd_o,0,114,0.0,0.0
id_group2/hc_o + id_group4/sd_o,0,114,0.0,0.0
id_group2/hc_o + id_group5/sd_o,0,114,0.0,0.0
id_group2/hc_o + id_group6/sd_o,0,114,0.0,0.0
id_group2/hc_o + id_group7/sd_o,0,114,0.0,0.0
id_group2/hc_o + id_group8/sd_o,0,114,0.0,0.0
id_group2/hc_o + id_group9/sd_o,0,114,0.0,0.0
id_group2/hc_o + sd_o_rf_tag,0,114,0.0,0.0
csr_group0/sd_o + id_group2/hc_o,0,114,0.0,0.0
csr_group1/sd_o + id_group2/hc_o,0,114,0.0,0.0
csr_group2/sd_o + id_group2/hc_o,0,114,0.0,0.0
csr_group3/sd_o + id_group2/hc_o,0,114,0.0,0.0
csr_group4/sd_o + id_group2/hc_o,0,114,0.0,0.0
csr_group5/sd_o + id_group2/hc_o,0,114,0.0,0.0
csr_group6/sd_o + id_group2/hc_o,0,114,0.0,0.0
csr_group7/sd_o + id_group2/hc_o,0,114,0.0,0.0
csr_group8/sd_o + id_group2/hc_o,0,114,0.0,0.0
csr_group9/sd_o + id_group2/hc_o,0,114,0.0,0.0
csr_group10/sd_o + id_group2/hc_o,0,114,0.0,0.0
csr_group11/sd_o + id_group2/hc_o,0,114,0.0,0.0
csr_group12/sd_o + id_group2/hc_o,0,114,0.0,0.0
csr_group13/sd_o + id_group2/hc_o,0,114,0.0,0.0
csr_group14/sd_o + id_group2/hc_o,0,114,0.0,0.0
csr_group15/sd_o + id_group2/hc_o,0,114,0.0,0.0
csr_group16/sd_o + id_group2/hc_o,0,114,0.0,0.0
csr_group17/sd_o + id_group2/hc_o,0,114,0.0,0.0
csr_group18/sd_o + id_group2/hc_o,0,114,0.0,0.0
csr_group19/sd_o + id_group2/hc_o,0,114,0.0,0.0
csr_group20/sd_o + id_group2/hc_o,0,114,0.0,0.0
id_group2/hc_o + tcr_execute/sd_o,0,114,0.0,0.0
id_group2/hc_o + lsu_group1/sd_o,0,114,0.0,0.0
id_group2/hc_o + lsu_group2/sd_o,0,114,0.0,0.0
id_group2/hc_o + lsu_group3/sd_o,0,114,0.0,0.0
id_group2/hc_o + lsu_group4/sd_o,0,114,0.0,0.0
id_group2/hc_o + lsu_group5/sd_o,0,114,0.0,0.0
id_group2/sd_o + id_group3/hc_o,0,114,0.0,0.0
id_group2/sd_o + id_group4/hc_o,0,114,0.0,0.0
id_group2/sd_o + id_group5/hc_o,0,114,0.0,0.0
id_group2/sd_o + id_group6/hc_o,0,114,0.0,0.0
id_group2/sd_o + id_group7/hc_o,0,114,0.0,0.0
id_group2/sd_o + id_group8/hc_o,0,114,0.0,0.0
csr_group0/hc_o + id_group2/sd_o,0,114,0.0,0.0
csr_group1/hc_o + id_group2/sd_o,0,114,0.0,0.0
csr_group2/hc_o + id_group2/sd_o,0,114,0.0,0.0
csr_group3/hc_o + id_group2/sd_o,0,114,0.0,0.0
csr_group4/hc_o + id_group2/sd_o,0,114,0.0,0.0
csr_group5/hc_o + id_group2/sd_o,0,114,0.0,0.0
csr_group6/hc_o + id_group2/sd_o,0,114,0.0,0.0
csr_group7/hc_o + id_group2/sd_o,0,114,0.0,0.0
csr_group8/hc_o + id_group2/sd_o,0,114,0.0,0.0
csr_group9/hc_o + id_group2/sd_o,0,114,0.0,0.0
csr_group10/hc_o + id_group2/sd_o,0,114,0.0,0.0
csr_group11/hc_o + id_group2/sd_o,0,114,0.0,0.0
csr_group12/hc_o + id_group2/sd_o,0,114,0.0,0.0
csr_group13/hc_o + id_group2/sd_o,0,114,0.0,0.0
csr_group15/hc_o + id_group2/sd_o,0,114,0.0,0.0
csr_group16/hc_o + id_group2/sd_o,0,114,0.0,0.0
csr_group17/hc_o + id_group2/sd_o,0,114,0.0,0.0
id_group2/sd_o + lsu_group1/hc_o,0,114,0.0,0.0
id_group2/sd_o + lsu_group2/hc_o,0,114,0.0,0.0
id_group2/sd_o + lsu_group3/hc_o,0,114,0.0,0.0
id_group2/sd_o + lsu_group4/hc_o,0,114,0.0,0.0
id_group2/sd_o + lsu_group5/hc_o,0,114,0.0,0.0
id_group3/hc_o + id_group3/sd_o,0,114,0.0,0.0
id_group3/hc_o + id_group4/sd_o,0,114,0.0,0.0
id_group3/hc_o + id_group5/sd_o,0,114,0.0,0.0
id_group3/hc_o + id_group6/sd_o,0,114,0.0,0.0
id_group3/hc_o + id_group7/sd_o,0,114,0.0,0.0
id_group3/hc_o + id_group8/sd_o,0,114,0.0,0.0
id_group3/hc_o + id_group9/sd_o,0,114,0.0,0.0
id_group3/hc_o + sd_o_rf_tag,0,114,0.0,0.0
csr_group0/sd_o + id_group3/hc_o,0,114,0.0,0.0
csr_group1/sd_o + id_group3/hc_o,0,114,0.0,0.0
csr_group2/sd_o + id_group3/hc_o,0,114,0.0,0.0
csr_group3/sd_o + id_group3/hc_o,0,114,0.0,0.0
csr_group4/sd_o + id_group3/hc_o,0,114,0.0,0.0
csr_group5/sd_o + id_group3/hc_o,0,114,0.0,0.0
csr_group6/sd_o + id_group3/hc_o,0,114,0.0,0.0
csr_group7/sd_o + id_group3/hc_o,0,114,0.0,0.0
csr_group8/sd_o + id_group3/hc_o,0,114,0.0,0.0
csr_group9/sd_o + id_group3/hc_o,0,114,0.0,0.0
csr_group10/sd_o + id_group3/hc_o,0,114,0.0,0.0
csr_group11/sd_o + id_group3/hc_o,0,114,0.0,0.0
csr_group12/sd_o + id_group3/hc_o,0,114,0.0,0.0
csr_group13/sd_o + id_group3/hc_o,0,114,0.0,0.0
csr_group14/sd_o + id_group3/hc_o,0,114,0.0,0.0
csr_group15/sd_o + id_group3/hc_o,0,114,0.0,0.0
csr_group16/sd_o + id_group3/hc_o,0,114,0.0,0.0
csr_group17/sd_o + id_group3/hc_o,0,114,0.0,0.0
csr_group18/sd_o + id_group3/hc_o,0,114,0.0,0.0
csr_group19/sd_o + id_group3/hc_o,0,114,0.0,0.0
csr_group20/sd_o + id_group3/hc_o,0,114,0.0,0.0
id_group3/hc_o + tcr_execute/sd_o,0,114,0.0,0.0
id_group3/hc_o + lsu_group1/sd_o,0,114,0.0,0.0
id_group3/hc_o + lsu_group2/sd_o,0,114,0.0,0.0
id_group3/hc_o + lsu_group3/sd_o,0,114,0.0,0.0
id_group3/hc_o + lsu_group4/sd_o,0,114,0.0,0.0
id_group3/hc_o + lsu_group5/sd_o,0,114,0.0,0.0
id_group3/sd_o + id_group4/hc_o,0,114,0.0,0.0
id_group3/sd_o + id_group5/hc_o,0,114,0.0,0.0
id_group3/sd_o + id_group6/hc_o,0,114,0.0,0.0
id_group3/sd_o + id_group7/hc_o,0,114,0.0,0.0
id_group3/sd_o + id_group8/hc_o,0,114,0.0,0.0
csr_group0/hc_o + id_group3/sd_o,0,114,0.0,0.0
csr_group1/hc_o + id_group3/sd_o,0,114,0.0,0.0
csr_group2/hc_o + id_group3/sd_o,0,114,0.0,0.0
csr_group3/hc_o + id_group3/sd_o,0,114,0.0,0.0
csr_group4/hc_o + id_group3/sd_o,0,114,0.0,0.0
csr_group5/hc_o + id_group3/sd_o,0,114,0.0,0.0
csr_group6/hc_o + id_group3/sd_o,0,114,0.0,0.0
csr_group7/hc_o + id_group3/sd_o,0,114,0.0,0.0
csr_group8/hc_o + id_group3/sd_o,0,114,0.0,0.0
csr_group9/hc_o + id_group3/sd_o,0,114,0.0,0.0
csr_group10/hc_o + id_group3/sd_o,0,114,0.0,0.0
csr_group11/hc_o + id_group3/sd_o,0,114,0.0,0.0
csr_group12/hc_o + id_group3/sd_o,0,114,0.0,0.0
csr_group13/hc_o + id_group3/sd_o,0,114,0.0,0.0
csr_group15/hc_o + id_group3/sd_o,0,114,0.0,0.0
csr_group16/hc_o + id_group3/sd_o,0,114,0.0,0.0
csr_group17/hc_o + id_group3/sd_o,0,114,0.0,0.0
id_group3/sd_o + lsu_group1/hc_o,0,114,0.0,0.0
id_group3/sd_o + lsu_group2/hc_o,0,114,0.0,0.0
id_group3/sd_o + lsu_group3/hc_o,0,114,0.0,0.0
id_group3/sd_o + lsu_group4/hc_o,0,114,0.0,0.0
id_group3/sd_o + lsu_group5/hc_o,0,114,0.0,0.0
id_group4/hc_o + id_group4/sd_o,0,114,0.0,0.0
id_group4/hc_o + id_group5/sd_o,0,114,0.0,0.0
id_group4/hc_o + id_group6/sd_o,0,114,0.0,0.0
id_group4/hc_o + id_group7/sd_o,0,114,0.0,0.0
id_group4/hc_o + id_group8/sd_o,0,114,0.0,0.0
id_group4/hc_o + id_group9/sd_o,0,114,0.0,0.0
id_group4/hc_o + sd_o_rf_tag,0,114,0.0,0.0
csr_group0/sd_o + id_group4/hc_o,0,114,0.0,0.0
csr_group1/sd_o + id_group4/hc_o,0,114,0.0,0.0
csr_group2/sd_o + id_group4/hc_o,0,114,0.0,0.0
csr_group3/sd_o + id_group4/hc_o,0,114,0.0,0.0
csr_group4/sd_o + id_group4/hc_o,0,114,0.0,0.0
csr_group5/sd_o + id_group4/hc_o,0,114,0.0,0.0
csr_group6/sd_o + id_group4/hc_o,0,114,0.0,0.0
csr_group7/sd_o + id_group4/hc_o,0,114,0.0,0.0
csr_group8/sd_o + id_group4/hc_o,0,114,0.0,0.0
csr_group9/sd_o + id_group4/hc_o,0,114,0.0,0.0
csr_group10/sd_o + id_group4/hc_o,0,114,0.0,0.0
csr_group11/sd_o + id_group4/hc_o,0,114,0.0,0.0
csr_group12/sd_o + id_group4/hc_o,0,114,0.0,0.0
csr_group13/sd_o + id_group4/hc_o,0,114,0.0,0.0
csr_group14/sd_o + id_group4/hc_o,0,114,0.0,0.0
csr_group15/sd_o + id_group4/hc_o,0,114,0.0,0.0
csr_group16/sd_o + id_group4/hc_o,0,114,0.0,0.0
csr_group17/sd_o + id_group4/hc_o,0,114,0.0,0.0
csr_group18/sd_o + id_group4/hc_o,0,114,0.0,0.0
csr_group19/sd_o + id_group4/hc_o,0,114,0.0,0.0
csr_group20/sd_o + id_group4/hc_o,0,114,0.0,0.0
id_group4/hc_o + tcr_execute/sd_o,0,114,0.0,0.0
id_group4/hc_o + lsu_group1/sd_o,0,114,0.0,0.0
id_group4/hc_o + lsu_group2/sd_o,0,114,0.0,0.0
id_group4/hc_o + lsu_group3/sd_o,0,114,0.0,0.0
id_group4/hc_o + lsu_group4/sd_o,0,114,0.0,0.0
id_group4/hc_o + lsu_group5/sd_o,0,114,0.0,0.0
id_group4/sd_o + id_group5/hc_o,0,114,0.0,0.0
id_group4/sd_o + id_group6/hc_o,0,114,0.0,0.0
id_group4/sd_o + id_group7/hc_o,0,114,0.0,0.0
id_group4/sd_o + id_group8/hc_o,0,114,0.0,0.0
csr_group0/hc_o + id_group4/sd_o,0,114,0.0,0.0
csr_group1/hc_o + id_group4/sd_o,0,114,0.0,0.0
csr_group2/hc_o + id_group4/sd_o,0,114,0.0,0.0
csr_group3/hc_o + id_group4/sd_o,0,114,0.0,0.0
csr_group4/hc_o + id_group4/sd_o,0,114,0.0,0.0
csr_group5/hc_o + id_group4/sd_o,0,114,0.0,0.0
csr_group6/hc_o + id_group4/sd_o,0,114,0.0,0.0
csr_group7/hc_o + id_group4/sd_o,0,114,0.0,0.0
csr_group8/hc_o + id_group4/sd_o,0,114,0.0,0.0
csr_group9/hc_o + id_group4/sd_o,0,114,0.0,0.0
csr_group10/hc_o + id_group4/sd_o,0,114,0.0,0.0
csr_group11/hc_o + id_group4/sd_o,0,114,0.0,0.0
csr_group12/hc_o + id_group4/sd_o,0,114,0.0,0.0
csr_group13/hc_o + id_group4/sd_o,0,114,0.0,0.0
csr_group15/hc_o + id_group4/sd_o,0,114,0.0,0.0
csr_group16/hc_o + id_group4/sd_o,0,114,0.0,0.0
csr_group17/hc_o + id_group4/sd_o,0,114,0.0,0.0
id_group4/sd_o + lsu_group1/hc_o,0,114,0.0,0.0
id_group4/sd_o + lsu_group2/hc_o,0,114,0.0,0.0
id_group4/sd_o + lsu_group3/hc_o,0,114,0.0,0.0
id_group4/sd_o + lsu_group4/hc_o,0,114,0.0,0.0
id_group4/sd_o + lsu_group5/hc_o,0,114,0.0,0.0
id_group5/hc_o + id_group5/sd_o,0,114,0.0,0.0
id_group5/hc_o + id_group6/sd_o,0,114,0.0,0.0
id_group5/hc_o + id_group7/sd_o,0,114,0.0,0.0
id_group5/hc_o + id_group8/sd_o,0,114,0.0,0.0
id_group5/hc_o + id_group9/sd_o,0,114,0.0,0.0
id_group5/hc_o + sd_o_rf_tag,0,114,0.0,0.0
csr_group0/sd_o + id_group5/hc_o,0,114,0.0,0.0
csr_group1/sd_o + id_group5/hc_o,0,114,0.0,0.0
csr_group2/sd_o + id_group5/hc_o,0,114,0.0,0.0
csr_group3/sd_o + id_group5/hc_o,0,114,0.0,0.0
csr_group4/sd_o + id_group5/hc_o,0,114,0.0,0.0
csr_group5/sd_o + id_group5/hc_o,0,114,0.0,0.0
csr_group6/sd_o + id_group5/hc_o,0,114,0.0,0.0
csr_group7/sd_o + id_group5/hc_o,0,114,0.0,0.0
csr_group8/sd_o + id_group5/hc_o,0,114,0.0,0.0
csr_group9/sd_o + id_group5/hc_o,0,114,0.0,0.0
csr_group10/sd_o + id_group5/hc_o,0,114,0.0,0.0
csr_group11/sd_o + id_group5/hc_o,0,114,0.0,0.0
csr_group12/sd_o + id_group5/hc_o,0,114,0.0,0.0
csr_group13/sd_o + id_group5/hc_o,0,114,0.0,0.0
csr_group14/sd_o + id_group5/hc_o,0,114,0.0,0.0
csr_group15/sd_o + id_group5/hc_o,0,114,0.0,0.0
csr_group16/sd_o + id_group5/hc_o,0,114,0.0,0.0
csr_group17/sd_o + id_group5/hc_o,0,114,0.0,0.0
csr_group18/sd_o + id_group5/hc_o,0,114,0.0,0.0
csr_group19/sd_o + id_group5/hc_o,0,114,0.0,0.0
csr_group20/sd_o + id_group5/hc_o,0,114,0.0,0.0
id_group5/hc_o + tcr_execute/sd_o,0,114,0.0,0.0
id_group5/hc_o + lsu_group1/sd_o,0,114,0.0,0.0
id_group5/hc_o + lsu_group2/sd_o,0,114,0.0,0.0
id_group5/hc_o + lsu_group3/sd_o,0,114,0.0,0.0
id_group5/hc_o + lsu_group4/sd_o,0,114,0.0,0.0
id_group5/hc_o + lsu_group5/sd_o,0,114,0.0,0.0
id_group5/sd_o + id_group6/hc_o,0,114,0.0,0.0
id_group5/sd_o + id_group7/hc_o,0,114,0.0,0.0
id_group5/sd_o + id_group8/hc_o,0,114,0.0,0.0
csr_group0/hc_o + id_group5/sd_o,0,114,0.0,0.0
csr_group1/hc_o + id_group5/sd_o,0,114,0.0,0.0
csr_group2/hc_o + id_group5/sd_o,0,114,0.0,0.0
csr_group3/hc_o + id_group5/sd_o,0,114,0.0,0.0
csr_group4/hc_o + id_group5/sd_o,0,114,0.0,0.0
csr_group5/hc_o + id_group5/sd_o,0,114,0.0,0.0
csr_group6/hc_o + id_group5/sd_o,0,114,0.0,0.0
csr_group7/hc_o + id_group5/sd_o,0,114,0.0,0.0
csr_group8/hc_o + id_group5/sd_o,0,114,0.0,0.0
csr_group9/hc_o + id_group5/sd_o,0,114,0.0,0.0
csr_group10/hc_o + id_group5/sd_o,0,114,0.0,0.0
csr_group11/hc_o + id_group5/sd_o,0,114,0.0,0.0
csr_group12/hc_o + id_group5/sd_o,0,114,0.0,0.0
csr_group13/hc_o + id_group5/sd_o,0,114,0.0,0.0
csr_group15/hc_o + id_group5/sd_o,0,114,0.0,0.0
csr_group16/hc_o + id_group5/sd_o,0,114,0.0,0.0
csr_group17/hc_o + id_group5/sd_o,0,114,0.0,0.0
id_group5/sd_o + lsu_group1/hc_o,0,114,0.0,0.0
id_group5/sd_o + lsu_group2/hc_o,0,114,0.0,0.0
id_group5/sd_o + lsu_group3/hc_o,0,114,0.0,0.0
id_group5/sd_o + lsu_group4/hc_o,0,114,0.0,0.0
id_group5/sd_o + lsu_group5/hc_o,0,114,0.0,0.0
id_group6/hc_o + id_group6/sd_o,0,114,0.0,0.0
id_group6/hc_o + id_group7/sd_o,0,114,0.0,0.0
id_group6/hc_o + id_group8/sd_o,0,114,0.0,0.0
id_group6/hc_o + id_group9/sd_o,0,114,0.0,0.0
id_group6/hc_o + sd_o_rf_tag,0,114,0.0,0.0
csr_group0/sd_o + id_group6/hc_o,0,114,0.0,0.0
csr_group1/sd_o + id_group6/hc_o,0,114,0.0,0.0
csr_group2/sd_o + id_group6/hc_o,0,114,0.0,0.0
csr_group3/sd_o + id_group6/hc_o,0,114,0.0,0.0
csr_group4/sd_o + id_group6/hc_o,0,114,0.0,0.0
csr_group5/sd_o + id_group6/hc_o,0,114,0.0,0.0
csr_group6/sd_o + id_group6/hc_o,0,114,0.0,0.0
csr_group7/sd_o + id_group6/hc_o,0,114,0.0,0.0
csr_group8/sd_o + id_group6/hc_o,0,114,0.0,0.0
csr_group9/sd_o + id_group6/hc_o,0,114,0.0,0.0
csr_group10/sd_o + id_group6/hc_o,0,114,0.0,0.0
csr_group11/sd_o + id_group6/hc_o,0,114,0.0,0.0
csr_group12/sd_o + id_group6/hc_o,0,114,0.0,0.0
csr_group13/sd_o + id_group6/hc_o,0,114,0.0,0.0
csr_group14/sd_o + id_group6/hc_o,0,114,0.0,0.0
csr_group15/sd_o + id_group6/hc_o,0,114,0.0,0.0
csr_group16/sd_o + id_group6/hc_o,0,114,0.0,0.0
csr_group17/sd_o + id_group6/hc_o,0,114,0.0,0.0
csr_group18/sd_o + id_group6/hc_o,0,114,0.0,0.0
csr_group19/sd_o + id_group6/hc_o,0,114,0.0,0.0
csr_group20/sd_o + id_group6/hc_o,0,114,0.0,0.0
id_group6/hc_o + tcr_execute/sd_o,0,114,0.0,0.0
id_group6/hc_o + lsu_group1/sd_o,0,114,0.0,0.0
id_group6/hc_o + lsu_group2/sd_o,0,114,0.0,0.0
id_group6/hc_o + lsu_group3/sd_o,0,114,0.0,0.0
id_group6/hc_o + lsu_group4/sd_o,0,114,0.0,0.0
id_group6/hc_o + lsu_group5/sd_o,0,114,0.0,0.0
id_group6/sd_o + id_group7/hc_o,0,114,0.0,0.0
id_group6/sd_o + id_group8/hc_o,0,114,0.0,0.0
csr_group0/hc_o + id_group6/sd_o,0,114,0.0,0.0
csr_group1/hc_o + id_group6/sd_o,0,114,0.0,0.0
csr_group2/hc_o + id_group6/sd_o,0,114,0.0,0.0
csr_group3/hc_o + id_group6/sd_o,0,114,0.0,0.0
csr_group4/hc_o + id_group6/sd_o,0,114,0.0,0.0
csr_group5/hc_o + id_group6/sd_o,0,114,0.0,0.0
csr_group6/hc_o + id_group6/sd_o,0,114,0.0,0.0
csr_group7/hc_o + id_group6/sd_o,0,114,0.0,0.0
csr_group8/hc_o + id_group6/sd_o,0,114,0.0,0.0
csr_group9/hc_o + id_group6/sd_o,0,114,0.0,0.0
csr_group10/hc_o + id_group6/sd_o,0,114,0.0,0.0
csr_group11/hc_o + id_group6/sd_o,0,114,0.0,0.0
csr_group12/hc_o + id_group6/sd_o,0,114,0.0,0.0
csr_group13/hc_o + id_group6/sd_o,0,114,0.0,0.0
csr_group15/hc_o + id_group6/sd_o,0,114,0.0,0.0
csr_group16/hc_o + id_group6/sd_o,0,114,0.0,0.0
csr_group17/hc_o + id_group6/sd_o,0,114,0.0,0.0
id_group6/sd_o + lsu_group1/hc_o,0,114,0.0,0.0
id_group6/sd_o + lsu_group2/hc_o,0,114,0.0,0.0
id_group6/sd_o + lsu_group3/hc_o,0,114,0.0,0.0
id_group6/sd_o + lsu_group4/hc_o,0,114,0.0,0.0
id_group6/sd_o + lsu_group5/hc_o,0,114,0.0,0.0
id_group7/hc_o + id_group7/sd_o,0,114,0.0,0.0
id_group7/hc_o + id_group8/sd_o,0,114,0.0,0.0
id_group7/hc_o + id_group9/sd_o,0,114,0.0,0.0
id_group7/hc_o + sd_o_rf_tag,0,114,0.0,0.0
csr_group0/sd_o + id_group7/hc_o,0,114,0.0,0.0
csr_group1/sd_o + id_group7/hc_o,0,114,0.0,0.0
csr_group2/sd_o + id_group7/hc_o,0,114,0.0,0.0
csr_group3/sd_o + id_group7/hc_o,0,114,0.0,0.0
csr_group4/sd_o + id_group7/hc_o,0,114,0.0,0.0
csr_group5/sd_o + id_group7/hc_o,0,114,0.0,0.0
csr_group6/sd_o + id_group7/hc_o,0,114,0.0,0.0
csr_group7/sd_o + id_group7/hc_o,0,114,0.0,0.0
csr_group8/sd_o + id_group7/hc_o,0,114,0.0,0.0
csr_group9/sd_o + id_group7/hc_o,0,114,0.0,0.0
csr_group10/sd_o + id_group7/hc_o,0,114,0.0,0.0
csr_group11/sd_o + id_group7/hc_o,0,114,0.0,0.0
csr_group12/sd_o + id_group7/hc_o,0,114,0.0,0.0
csr_group13/sd_o + id_group7/hc_o,0,114,0.0,0.0
csr_group14/sd_o + id_group7/hc_o,0,114,0.0,0.0
csr_group15/sd_o + id_group7/hc_o,0,114,0.0,0.0
csr_group16/sd_o + id_group7/hc_o,0,114,0.0,0.0
csr_group17/sd_o + id_group7/hc_o,0,114,0.0,0.0
csr_group18/sd_o + id_group7/hc_o,0,114,0.0,0.0
csr_group19/sd_o + id_group7/hc_o,0,114,0.0,0.0
csr_group20/sd_o + id_group7/hc_o,0,114,0.0,0.0
id_group7/hc_o + tcr_execute/sd_o,0,114,0.0,0.0
id_group7/hc_o + lsu_group1/sd_o,0,114,0.0,0.0
id_group7/hc_o + lsu_group2/sd_o,0,114,0.0,0.0
id_group7/hc_o + lsu_group3/sd_o,0,114,0.0,0.0
id_group7/hc_o + lsu_group4/sd_o,0,114,0.0,0.0
id_group7/hc_o + lsu_group5/sd_o,0,114,0.0,0.0
id_group7/sd_o + id_group8/hc_o,0,114,0.0,0.0
csr_group0/hc_o + id_group7/sd_o,0,114,0.0,0.0
csr_group1/hc_o + id_group7/sd_o,0,114,0.0,0.0
csr_group2/hc_o + id_group7/sd_o,0,114,0.0,0.0
csr_group3/hc_o + id_group7/sd_o,0,114,0.0,0.0
csr_group4/hc_o + id_group7/sd_o,0,114,0.0,0.0
csr_group5/hc_o + id_group7/sd_o,0,114,0.0,0.0
csr_group6/hc_o + id_group7/sd_o,0,114,0.0,0.0
csr_group7/hc_o + id_group7/sd_o,0,114,0.0,0.0
csr_group8/hc_o + id_group7/sd_o,0,114,0.0,0.0
csr_group9/hc_o + id_group7/sd_o,0,114,0.0,0.0
csr_group10/hc_o + id_group7/sd_o,0,114,0.0,0.0
csr_group11/hc_o + id_group7/sd_o,0,114,0.0,0.0
csr_group12/hc_o + id_group7/sd_o,0,114,0.0,0.0
csr_group13/hc_o + id_group7/sd_o,0,114,0.0,0.0
csr_group15/hc_o + id_group7/sd_o,0,114,0.0,0.0
csr_group16/hc_o + id_group7/sd_o,0,114,0.0,0.0
csr_group17/hc_o + id_group7/sd_o,0,114,0.0,0.0
id_group7/sd_o + lsu_group1/hc_o,0,114,0.0,0.0
id_group7/sd_o + lsu_group2/hc_o,0,114,0.0,0.0
id_group7/sd_o + lsu_group3/hc_o,0,114,0.0,0.0
id_group7/sd_o + lsu_group4/hc_o,0,114,0.0,0.0
id_group7/sd_o + lsu_group5/hc_o,0,114,0.0,0.0
id_group8/hc_o + id_group8/sd_o,0,114,0.0,0.0
id_group8/hc_o + id_group9/sd_o,0,114,0.0,0.0
id_group8/hc_o + sd_o_rf_tag,0,114,0.0,0.0
csr_group0/sd_o + id_group8/hc_o,0,114,0.0,0.0
csr_group1/sd_o + id_group8/hc_o,0,114,0.0,0.0
csr_group2/sd_o + id_group8/hc_o,0,114,0.0,0.0
csr_group3/sd_o + id_group8/hc_o,0,114,0.0,0.0
csr_group4/sd_o + id_group8/hc_o,0,114,0.0,0.0
csr_group5/sd_o + id_group8/hc_o,0,114,0.0,0.0
csr_group6/sd_o + id_group8/hc_o,0,114,0.0,0.0
csr_group7/sd_o + id_group8/hc_o,0,114,0.0,0.0
csr_group8/sd_o + id_group8/hc_o,0,114,0.0,0.0
csr_group9/sd_o + id_group8/hc_o,0,114,0.0,0.0
csr_group10/sd_o + id_group8/hc_o,0,114,0.0,0.0
csr_group11/sd_o + id_group8/hc_o,0,114,0.0,0.0
csr_group12/sd_o + id_group8/hc_o,0,114,0.0,0.0
csr_group13/sd_o + id_group8/hc_o,0,114,0.0,0.0
csr_group14/sd_o + id_group8/hc_o,0,114,0.0,0.0
csr_group15/sd_o + id_group8/hc_o,0,114,0.0,0.0
csr_group16/sd_o + id_group8/hc_o,0,114,0.0,0.0
csr_group17/sd_o + id_group8/hc_o,0,114,0.0,0.0
csr_group18/sd_o + id_group8/hc_o,0,114,0.0,0.0
csr_group19/sd_o + id_group8/hc_o,0,114,0.0,0.0
csr_group20/sd_o + id_group8/hc_o,0,114,0.0,0.0
id_group8/hc_o + tcr_execute/sd_o,0,114,0.0,0.0
id_group8/hc_o + lsu_group1/sd_o,0,114,0.0,0.0
id_group8/hc_o + lsu_group2/sd_o,0,114,0.0,0.0
id_group8/hc_o + lsu_group3/sd_o,0,114,0.0,0.0
id_group8/hc_o + lsu_group4/sd_o,0,114,0.0,0.0
id_group8/hc_o + lsu_group5/sd_o,0,114,0.0,0.0
csr_group0/hc_o + id_group8/sd_o,0,114,0.0,0.0
csr_group1/hc_o + id_group8/sd_o,0,114,0.0,0.0
csr_group2/hc_o + id_group8/sd_o,0,114,0.0,0.0
csr_group3/hc_o + id_group8/sd_o,0,114,0.0,0.0
csr_group4/hc_o + id_group8/sd_o,0,114,0.0,0.0
csr_group5/hc_o + id_group8/sd_o,0,114,0.0,0.0
csr_group6/hc_o + id_group8/sd_o,0,114,0.0,0.0
csr_group7/hc_o + id_group8/sd_o,0,114,0.0,0.0
csr_group8/hc_o + id_group8/sd_o,0,114,0.0,0.0
csr_group9/hc_o + id_group8/sd_o,0,114,0.0,0.0
csr_group10/hc_o + id_group8/sd_o,0,114,0.0,0.0
csr_group11/hc_o + id_group8/sd_o,0,114,0.0,0.0
csr_group12/hc_o + id_group8/sd_o,0,114,0.0,0.0
csr_group13/hc_o + id_group8/sd_o,0,114,0.0,0.0
csr_group15/hc_o + id_group8/sd_o,0,114,0.0,0.0
csr_group16/hc_o + id_group8/sd_o,0,114,0.0,0.0
csr_group17/hc_o + id_group8/sd_o,0,114,0.0,0.0
id_group8/sd_o + lsu_group1/hc_o,0,114,0.0,0.0
id_group8/sd_o + lsu_group2/hc_o,0,114,0.0,0.0
id_group8/sd_o + lsu_group3/hc_o,0,114,0.0,0.0
id_group8/sd_o + lsu_group4/hc_o,0,114,0.0,0.0
id_group8/sd_o + lsu_group5/hc_o,0,114,0.0,0.0
csr_group0/hc_o + id_group9/sd_o,0,114,0.0,0.0
csr_group1/hc_o + id_group9/sd_o,0,114,0.0,0.0
csr_group2/hc_o + id_group9/sd_o,0,114,0.0,0.0
csr_group3/hc_o + id_group9/sd_o,0,114,0.0,0.0
csr_group4/hc_o + id_group9/sd_o,0,114,0.0,0.0
csr_group5/hc_o + id_group9/sd_o,0,114,0.0,0.0
csr_group6/hc_o + id_group9/sd_o,0,114,0.0,0.0
csr_group7/hc_o + id_group9/sd_o,0,114,0.0,0.0
csr_group8/hc_o + id_group9/sd_o,0,114,0.0,0.0
csr_group9/hc_o + id_group9/sd_o,0,114,0.0,0.0
csr_group10/hc_o + id_group9/sd_o,0,114,0.0,0.0
csr_group11/hc_o + id_group9/sd_o,0,114,0.0,0.0
csr_group12/hc_o + id_group9/sd_o,0,114,0.0,0.0
csr_group13/hc_o + id_group9/sd_o,0,114,0.0,0.0
csr_group15/hc_o + id_group9/sd_o,0,114,0.0,0.0
csr_group16/hc_o + id_group9/sd_o,0,114,0.0,0.0
csr_group17/hc_o + id_group9/sd_o,0,114,0.0,0.0
id_group9/sd_o + lsu_group1/hc_o,0,114,0.0,0.0
id_group9/sd_o + lsu_group2/hc_o,0,114,0.0,0.0
id_group9/sd_o + lsu_group3/hc_o,0,114,0.0,0.0
id_group9/sd_o + lsu_group4/hc_o,0,114,0.0,0.0
id_group9/sd_o + lsu_group5/hc_o,0,114,0.0,0.0
csr_group0/hc_o + sd_o_rf_tag,0,114,0.0,0.0
csr_group1/hc_o + sd_o_rf_tag,0,114,0.0,0.0
csr_group2/hc_o + sd_o_rf_tag,0,114,0.0,0.0
csr_group3/hc_o + sd_o_rf_tag,0,114,0.0,0.0
csr_group4/hc_o + sd_o_rf_tag,0,114,0.0,0.0
csr_group5/hc_o + sd_o_rf_tag,0,114,0.0,0.0
csr_group6/hc_o + sd_o_rf_tag,0,114,0.0,0.0
csr_group7/hc_o + sd_o_rf_tag,0,114,0.0,0.0
csr_group8/hc_o + sd_o_rf_tag,0,114,0.0,0.0
csr_group9/hc_o + sd_o_rf_tag,0,114,0.0,0.0
csr_group10/hc_o + sd_o_rf_tag,0,114,0.0,0.0
csr_group11/hc_o + sd_o_rf_tag,0,114,0.0,0.0
csr_group12/hc_o + sd_o_rf_tag,0,114,0.0,0.0
csr_group13/hc_o + sd_o_rf_tag,0,114,0.0,0.0
csr_group15/hc_o + sd_o_rf_tag,0,114,0.0,0.0
csr_group16/hc_o + sd_o_rf_tag,0,114,0.0,0.0
csr_group17/hc_o + sd_o_rf_tag,0,114,0.0,0.0
lsu_group1/hc_o + sd_o_rf_tag,0,114,0.0,0.0
lsu_group2/hc_o + sd_o_rf_tag,0,114,0.0,0.0
lsu_group3/hc_o + sd_o_rf_tag,0,114,0.0,0.0
lsu_group4/hc_o + sd_o_rf_tag,0,114,0.0,0.0
lsu_group5/hc_o + sd_o_rf_tag,0,114,0.0,0.0
csr_group0/hc_o + csr_group0/sd_o,0,114,0.0,0.0
csr_group0/hc_o + csr_group1/sd_o,0,114,0.0,0.0
csr_group0/hc_o + csr_group2/sd_o,0,114,0.0,0.0
csr_group0/hc_o + csr_group3/sd_o,0,114,0.0,0.0
csr_group0/hc_o + csr_group4/sd_o,0,114,0.0,0.0
csr_group0/hc_o + csr_group5/sd_o,0,114,0.0,0.0
csr_group0/hc_o + csr_group6/sd_o,0,114,0.0,0.0
csr_group0/hc_o + csr_group7/sd_o,0,114,0.0,0.0
csr_group0/hc_o + csr_group8/sd_o,0,114,0.0,0.0
csr_group0/hc_o + csr_group9/sd_o,0,114,0.0,0.0
csr_group0/hc_o + csr_group10/sd_o,0,114,0.0,0.0
csr_group0/hc_o + csr_group11/sd_o,0,114,0.0,0.0
csr_group0/hc_o + csr_group12/sd_o,0,114,0.0,0.0
csr_group0/hc_o + csr_group13/sd_o,0,114,0.0,0.0
csr_group0/hc_o + csr_group14/sd_o,0,114,0.0,0.0
csr_group0/hc_o + csr_group15/sd_o,0,114,0.0,0.0
csr_group0/hc_o + csr_group16/sd_o,0,114,0.0,0.0
csr_group0/hc_o + csr_group17/sd_o,0,114,0.0,0.0
csr_group0/hc_o + csr_group18/sd_o,0,114,0.0,0.0
csr_group0/hc_o + csr_group19/sd_o,0,114,0.0,0.0
csr_group0/hc_o + csr_group20/sd_o,0,114,0.0,0.0
csr_group0/hc_o + tcr_execute/sd_o,0,114,0.0,0.0
csr_group0/hc_o + lsu_group1/sd_o,0,114,0.0,0.0
csr_group0/hc_o + lsu_group2/sd_o,0,114,0.0,0.0
csr_group0/hc_o + lsu_group3/sd_o,0,114,0.0,0.0
csr_group0/hc_o + lsu_group4/sd_o,0,114,0.0,0.0
csr_group0/hc_o + lsu_group5/sd_o,0,114,0.0,0.0
csr_group0/sd_o + csr_group1/hc_o,0,114,0.0,0.0
csr_group0/sd_o + csr_group2/hc_o,0,114,0.0,0.0
csr_group0/sd_o + csr_group3/hc_o,0,114,0.0,0.0
csr_group0/sd_o + csr_group4/hc_o,0,114,0.0,0.0
csr_group0/sd_o + csr_group5/hc_o,0,114,0.0,0.0
csr_group0/sd_o + csr_group6/hc_o,0,114,0.0,0.0
csr_group0/sd_o + csr_group7/hc_o,0,114,0.0,0.0
csr_group0/sd_o + csr_group8/hc_o,0,114,0.0,0.0
csr_group0/sd_o + csr_group9/hc_o,0,114,0.0,0.0
csr_group0/sd_o + csr_group10/hc_o,0,114,0.0,0.0
csr_group0/sd_o + csr_group11/hc_o,0,114,0.0,0.0
csr_group0/sd_o + csr_group12/hc_o,0,114,0.0,0.0
csr_group0/sd_o + csr_group13/hc_o,0,114,0.0,0.0
csr_group0/sd_o + csr_group15/hc_o,0,114,0.0,0.0
csr_group0/sd_o + csr_group16/hc_o,0,114,0.0,0.0
csr_group0/sd_o + csr_group17/hc_o,0,114,0.0,0.0
csr_group0/sd_o + lsu_group1/hc_o,0,114,0.0,0.0
csr_group0/sd_o + lsu_group2/hc_o,0,114,0.0,0.0
csr_group0/sd_o + lsu_group3/hc_o,0,114,0.0,0.0
csr_group0/sd_o + lsu_group4/hc_o,0,114,0.0,0.0
csr_group0/sd_o + lsu_group5/hc_o,0,114,0.0,0.0
csr_group1/hc_o + csr_group1/sd_o,0,114,0.0,0.0
csr_group1/hc_o + csr_group2/sd_o,0,114,0.0,0.0
csr_group1/hc_o + csr_group3/sd_o,0,114,0.0,0.0
csr_group1/hc_o + csr_group4/sd_o,0,114,0.0,0.0
csr_group1/hc_o + csr_group5/sd_o,0,114,0.0,0.0
csr_group1/hc_o + csr_group6/sd_o,0,114,0.0,0.0
csr_group1/hc_o + csr_group7/sd_o,0,114,0.0,0.0
csr_group1/hc_o + csr_group8/sd_o,0,114,0.0,0.0
csr_group1/hc_o + csr_group9/sd_o,0,114,0.0,0.0
csr_group1/hc_o + csr_group10/sd_o,0,114,0.0,0.0
csr_group1/hc_o + csr_group11/sd_o,0,114,0.0,0.0
csr_group1/hc_o + csr_group12/sd_o,0,114,0.0,0.0
csr_group1/hc_o + csr_group13/sd_o,0,114,0.0,0.0
csr_group1/hc_o + csr_group14/sd_o,0,114,0.0,0.0
csr_group1/hc_o + csr_group15/sd_o,0,114,0.0,0.0
csr_group1/hc_o + csr_group16/sd_o,0,114,0.0,0.0
csr_group1/hc_o + csr_group17/sd_o,0,114,0.0,0.0
csr_group1/hc_o + csr_group18/sd_o,0,114,0.0,0.0
csr_group1/hc_o + csr_group19/sd_o,0,114,0.0,0.0
csr_group1/hc_o + csr_group20/sd_o,0,114,0.0,0.0
csr_group1/hc_o + tcr_execute/sd_o,0,114,0.0,0.0
csr_group1/hc_o + lsu_group1/sd_o,0,114,0.0,0.0
csr_group1/hc_o + lsu_group2/sd_o,0,114,0.0,0.0
csr_group1/hc_o + lsu_group3/sd_o,0,114,0.0,0.0
csr_group1/hc_o + lsu_group4/sd_o,0,114,0.0,0.0
csr_group1/hc_o + lsu_group5/sd_o,0,114,0.0,0.0
csr_group1/sd_o + csr_group2/hc_o,0,114,0.0,0.0
csr_group1/sd_o + csr_group3/hc_o,0,114,0.0,0.0
csr_group1/sd_o + csr_group4/hc_o,0,114,0.0,0.0
csr_group1/sd_o + csr_group5/hc_o,0,114,0.0,0.0
csr_group1/sd_o + csr_group6/hc_o,0,114,0.0,0.0
csr_group1/sd_o + csr_group7/hc_o,0,114,0.0,0.0
csr_group1/sd_o + csr_group8/hc_o,0,114,0.0,0.0
csr_group1/sd_o + csr_group9/hc_o,0,114,0.0,0.0
csr_group1/sd_o + csr_group10/hc_o,0,114,0.0,0.0
csr_group1/sd_o + csr_group11/hc_o,0,114,0.0,0.0
csr_group1/sd_o + csr_group12/hc_o,0,114,0.0,0.0
csr_group1/sd_o + csr_group13/hc_o,0,114,0.0,0.0
csr_group1/sd_o + csr_group15/hc_o,0,114,0.0,0.0
csr_group1/sd_o + csr_group16/hc_o,0,114,0.0,0.0
csr_group1/sd_o + csr_group17/hc_o,0,114,0.0,0.0
csr_group1/sd_o + lsu_group1/hc_o,0,114,0.0,0.0
csr_group1/sd_o + lsu_group2/hc_o,0,114,0.0,0.0
csr_group1/sd_o + lsu_group3/hc_o,0,114,0.0,0.0
csr_group1/sd_o + lsu_group4/hc_o,0,114,0.0,0.0
csr_group1/sd_o + lsu_group5/hc_o,0,114,0.0,0.0
csr_group2/hc_o + csr_group2/sd_o,0,114,0.0,0.0
csr_group2/hc_o + csr_group3/sd_o,0,114,0.0,0.0
csr_group2/hc_o + csr_group4/sd_o,0,114,0.0,0.0
csr_group2/hc_o + csr_group5/sd_o,0,114,0.0,0.0
csr_group2/hc_o + csr_group6/sd_o,0,114,0.0,0.0
csr_group2/hc_o + csr_group7/sd_o,0,114,0.0,0.0
csr_group2/hc_o + csr_group8/sd_o,0,114,0.0,0.0
csr_group2/hc_o + csr_group9/sd_o,0,114,0.0,0.0
csr_group10/sd_o + csr_group2/hc_o,0,114,0.0,0.0
csr_group11/sd_o + csr_group2/hc_o,0,114,0.0,0.0
csr_group12/sd_o + csr_group2/hc_o,0,114,0.0,0.0
csr_group13/sd_o + csr_group2/hc_o,0,114,0.0,0.0
csr_group14/sd_o + csr_group2/hc_o,0,114,0.0,0.0
csr_group15/sd_o + csr_group2/hc_o,0,114,0.0,0.0
csr_group16/sd_o + csr_group2/hc_o,0,114,0.0,0.0
csr_group17/sd_o + csr_group2/hc_o,0,114,0.0,0.0
csr_group18/sd_o + csr_group2/hc_o,0,114,0.0,0.0
csr_group19/sd_o + csr_group2/hc_o,0,114,0.0,0.0
csr_group2/hc_o + csr_group20/sd_o,0,114,0.0,0.0
csr_group2/hc_o + tcr_execute/sd_o,0,114,0.0,0.0
csr_group2/hc_o + lsu_group1/sd_o,0,114,0.0,0.0
csr_group2/hc_o + lsu_group2/sd_o,0,114,0.0,0.0
csr_group2/hc_o + lsu_group3/sd_o,0,114,0.0,0.0
csr_group2/hc_o + lsu_group4/sd_o,0,114,0.0,0.0
csr_group2/hc_o + lsu_group5/sd_o,0,114,0.0,0.0
csr_group2/sd_o + csr_group3/hc_o,0,114,0.0,0.0
csr_group2/sd_o + csr_group4/hc_o,0,114,0.0,0.0
csr_group2/sd_o + csr_group5/hc_o,0,114,0.0,0.0
csr_group2/sd_o + csr_group6/hc_o,0,114,0.0,0.0
csr_group2/sd_o + csr_group7/hc_o,0,114,0.0,0.0
csr_group2/sd_o + csr_group8/hc_o,0,114,0.0,0.0
csr_group2/sd_o + csr_group9/hc_o,0,114,0.0,0.0
csr_group10/hc_o + csr_group2/sd_o,0,114,0.0,0.0
csr_group11/hc_o + csr_group2/sd_o,0,114,0.0,0.0
csr_group12/hc_o + csr_group2/sd_o,0,114,0.0,0.0
csr_group13/hc_o + csr_group2/sd_o,0,114,0.0,0.0
csr_group15/hc_o + csr_group2/sd_o,0,114,0.0,0.0
csr_group16/hc_o + csr_group2/sd_o,0,114,0.0,0.0
csr_group17/hc_o + csr_group2/sd_o,0,114,0.0,0.0
csr_group2/sd_o + lsu_group1/hc_o,0,114,0.0,0.0
csr_group2/sd_o + lsu_group2/hc_o,0,114,0.0,0.0
csr_group2/sd_o + lsu_group3/hc_o,0,114,0.0,0.0
csr_group2/sd_o + lsu_group4/hc_o,0,114,0.0,0.0
csr_group2/sd_o + lsu_group5/hc_o,0,114,0.0,0.0
csr_group3/hc_o + csr_group3/sd_o,0,114,0.0,0.0
csr_group3/hc_o + csr_group4/sd_o,0,114,0.0,0.0
csr_group3/hc_o + csr_group5/sd_o,0,114,0.0,0.0
csr_group3/hc_o + csr_group6/sd_o,0,114,0.0,0.0
csr_group3/hc_o + csr_group7/sd_o,0,114,0.0,0.0
csr_group3/hc_o + csr_group8/sd_o,0,114,0.0,0.0
csr_group3/hc_o + csr_group9/sd_o,0,114,0.0,0.0
csr_group10/sd_o + csr_group3/hc_o,0,114,0.0,0.0
csr_group11/sd_o + csr_group3/hc_o,0,114,0.0,0.0
csr_group12/sd_o + csr_group3/hc_o,0,114,0.0,0.0
csr_group13/sd_o + csr_group3/hc_o,0,114,0.0,0.0
csr_group14/sd_o + csr_group3/hc_o,0,114,0.0,0.0
csr_group15/sd_o + csr_group3/hc_o,0,114,0.0,0.0
csr_group16/sd_o + csr_group3/hc_o,0,114,0.0,0.0
csr_group17/sd_o + csr_group3/hc_o,0,114,0.0,0.0
csr_group18/sd_o + csr_group3/hc_o,0,114,0.0,0.0
csr_group19/sd_o + csr_group3/hc_o,0,114,0.0,0.0
csr_group20/sd_o + csr_group3/hc_o,0,114,0.0,0.0
csr_group3/hc_o + tcr_execute/sd_o,0,114,0.0,0.0
csr_group3/hc_o + lsu_group1/sd_o,0,114,0.0,0.0
csr_group3/hc_o + lsu_group2/sd_o,0,114,0.0,0.0
csr_group3/hc_o + lsu_group3/sd_o,0,114,0.0,0.0
csr_group3/hc_o + lsu_group4/sd_o,0,114,0.0,0.0
csr_group3/hc_o + lsu_group5/sd_o,0,114,0.0,0.0
csr_group3/sd_o + csr_group4/hc_o,0,114,0.0,0.0
csr_group3/sd_o + csr_group5/hc_o,0,114,0.0,0.0
csr_group3/sd_o + csr_group6/hc_o,0,114,0.0,0.0
csr_group3/sd_o + csr_group7/hc_o,0,114,0.0,0.0
csr_group3/sd_o + csr_group8/hc_o,0,114,0.0,0.0
csr_group3/sd_o + csr_group9/hc_o,0,114,0.0,0.0
csr_group10/hc_o + csr_group3/sd_o,0,114,0.0,0.0
csr_group11/hc_o + csr_group3/sd_o,0,114,0.0,0.0
csr_group12/hc_o + csr_group3/sd_o,0,114,0.0,0.0
csr_group13/hc_o + csr_group3/sd_o,0,114,0.0,0.0
csr_group15/hc_o + csr_group3/sd_o,0,114,0.0,0.0
csr_group16/hc_o + csr_group3/sd_o,0,114,0.0,0.0
csr_group17/hc_o + csr_group3/sd_o,0,114,0.0,0.0
csr_group3/sd_o + lsu_group1/hc_o,0,114,0.0,0.0
csr_group3/sd_o + lsu_group2/hc_o,0,114,0.0,0.0
csr_group3/sd_o + lsu_group3/hc_o,0,114,0.0,0.0
csr_group3/sd_o + lsu_group4/hc_o,0,114,0.0,0.0
csr_group3/sd_o + lsu_group5/hc_o,0,114,0.0,0.0
csr_group4/hc_o + csr_group4/sd_o,0,114,0.0,0.0
csr_group4/hc_o + csr_group5/sd_o,0,114,0.0,0.0
csr_group4/hc_o + csr_group6/sd_o,0,114,0.0,0.0
csr_group4/hc_o + csr_group7/sd_o,0,114,0.0,0.0
csr_group4/hc_o + csr_group8/sd_o,0,114,0.0,0.0
csr_group4/hc_o + csr_group9/sd_o,0,114,0.0,0.0
csr_group10/sd_o + csr_group4/hc_o,0,114,0.0,0.0
csr_group11/sd_o + csr_group4/hc_o,0,114,0.0,0.0
csr_group12/sd_o + csr_group4/hc_o,0,114,0.0,0.0
csr_group13/sd_o + csr_group4/hc_o,0,114,0.0,0.0
csr_group14/sd_o + csr_group4/hc_o,0,114,0.0,0.0
csr_group15/sd_o + csr_group4/hc_o,0,114,0.0,0.0
csr_group16/sd_o + csr_group4/hc_o,0,114,0.0,0.0
csr_group17/sd_o + csr_group4/hc_o,0,114,0.0,0.0
csr_group18/sd_o + csr_group4/hc_o,0,114,0.0,0.0
csr_group19/sd_o + csr_group4/hc_o,0,114,0.0,0.0
csr_group20/sd_o + csr_group4/hc_o,0,114,0.0,0.0
csr_group4/hc_o + tcr_execute/sd_o,0,114,0.0,0.0
csr_group4/hc_o + lsu_group1/sd_o,0,114,0.0,0.0
csr_group4/hc_o + lsu_group2/sd_o,0,114,0.0,0.0
csr_group4/hc_o + lsu_group3/sd_o,0,114,0.0,0.0
csr_group4/hc_o + lsu_group4/sd_o,0,114,0.0,0.0
csr_group4/hc_o + lsu_group5/sd_o,0,114,0.0,0.0
csr_group4/sd_o + csr_group5/hc_o,0,114,0.0,0.0
csr_group4/sd_o + csr_group6/hc_o,0,114,0.0,0.0
csr_group4/sd_o + csr_group7/hc_o,0,114,0.0,0.0
csr_group4/sd_o + csr_group8/hc_o,0,114,0.0,0.0
csr_group4/sd_o + csr_group9/hc_o,0,114,0.0,0.0
csr_group10/hc_o + csr_group4/sd_o,0,114,0.0,0.0
csr_group11/hc_o + csr_group4/sd_o,0,114,0.0,0.0
csr_group12/hc_o + csr_group4/sd_o,0,114,0.0,0.0
csr_group13/hc_o + csr_group4/sd_o,0,114,0.0,0.0
csr_group15/hc_o + csr_group4/sd_o,0,114,0.0,0.0
csr_group16/hc_o + csr_group4/sd_o,0,114,0.0,0.0
csr_group17/hc_o + csr_group4/sd_o,0,114,0.0,0.0
csr_group4/sd_o + lsu_group1/hc_o,0,114,0.0,0.0
csr_group4/sd_o + lsu_group2/hc_o,0,114,0.0,0.0
csr_group4/sd_o + lsu_group3/hc_o,0,114,0.0,0.0
csr_group4/sd_o + lsu_group4/hc_o,0,114,0.0,0.0
csr_group4/sd_o + lsu_group5/hc_o,0,114,0.0,0.0
csr_group5/hc_o + csr_group5/sd_o,0,114,0.0,0.0
csr_group5/hc_o + csr_group6/sd_o,0,114,0.0,0.0
csr_group5/hc_o + csr_group7/sd_o,0,114,0.0,0.0
csr_group5/hc_o + csr_group8/sd_o,0,114,0.0,0.0
csr_group5/hc_o + csr_group9/sd_o,0,114,0.0,0.0
csr_group10/sd_o + csr_group5/hc_o,0,114,0.0,0.0
csr_group11/sd_o + csr_group5/hc_o,0,114,0.0,0.0
csr_group12/sd_o + csr_group5/hc_o,0,114,0.0,0.0
csr_group13/sd_o + csr_group5/hc_o,0,114,0.0,0.0
csr_group14/sd_o + csr_group5/hc_o,0,114,0.0,0.0
csr_group15/sd_o + csr_group5/hc_o,0,114,0.0,0.0
csr_group16/sd_o + csr_group5/hc_o,0,114,0.0,0.0
csr_group17/sd_o + csr_group5/hc_o,0,114,0.0,0.0
csr_group18/sd_o + csr_group5/hc_o,0,114,0.0,0.0
csr_group19/sd_o + csr_group5/hc_o,0,114,0.0,0.0
csr_group20/sd_o + csr_group5/hc_o,0,114,0.0,0.0
csr_group5/hc_o + tcr_execute/sd_o,0,114,0.0,0.0
csr_group5/hc_o + lsu_group1/sd_o,0,114,0.0,0.0
csr_group5/hc_o + lsu_group2/sd_o,0,114,0.0,0.0
csr_group5/hc_o + lsu_group3/sd_o,0,114,0.0,0.0
csr_group5/hc_o + lsu_group4/sd_o,0,114,0.0,0.0
csr_group5/hc_o + lsu_group5/sd_o,0,114,0.0,0.0
csr_group5/sd_o + csr_group6/hc_o,0,114,0.0,0.0
csr_group5/sd_o + csr_group7/hc_o,0,114,0.0,0.0
csr_group5/sd_o + csr_group8/hc_o,0,114,0.0,0.0
csr_group5/sd_o + csr_group9/hc_o,0,114,0.0,0.0
csr_group10/hc_o + csr_group5/sd_o,0,114,0.0,0.0
csr_group11/hc_o + csr_group5/sd_o,0,114,0.0,0.0
csr_group12/hc_o + csr_group5/sd_o,0,114,0.0,0.0
csr_group13/hc_o + csr_group5/sd_o,0,114,0.0,0.0
csr_group15/hc_o + csr_group5/sd_o,0,114,0.0,0.0
csr_group16/hc_o + csr_group5/sd_o,0,114,0.0,0.0
csr_group17/hc_o + csr_group5/sd_o,0,114,0.0,0.0
csr_group5/sd_o + lsu_group1/hc_o,0,114,0.0,0.0
csr_group5/sd_o + lsu_group2/hc_o,0,114,0.0,0.0
csr_group5/sd_o + lsu_group3/hc_o,0,114,0.0,0.0
csr_group5/sd_o + lsu_group4/hc_o,0,114,0.0,0.0
csr_group5/sd_o + lsu_group5/hc_o,0,114,0.0,0.0
csr_group6/hc_o + csr_group6/sd_o,0,114,0.0,0.0
csr_group6/hc_o + csr_group7/sd_o,0,114,0.0,0.0
csr_group6/hc_o + csr_group8/sd_o,0,114,0.0,0.0
csr_group6/hc_o + csr_group9/sd_o,0,114,0.0,0.0
csr_group10/sd_o + csr_group6/hc_o,0,114,0.0,0.0
csr_group11/sd_o + csr_group6/hc_o,0,114,0.0,0.0
csr_group12/sd_o + csr_group6/hc_o,0,114,0.0,0.0
csr_group13/sd_o + csr_group6/hc_o,0,114,0.0,0.0
csr_group14/sd_o + csr_group6/hc_o,0,114,0.0,0.0
csr_group15/sd_o + csr_group6/hc_o,0,114,0.0,0.0
csr_group16/sd_o + csr_group6/hc_o,0,114,0.0,0.0
csr_group17/sd_o + csr_group6/hc_o,0,114,0.0,0.0
csr_group18/sd_o + csr_group6/hc_o,0,114,0.0,0.0
csr_group19/sd_o + csr_group6/hc_o,0,114,0.0,0.0
csr_group20/sd_o + csr_group6/hc_o,0,114,0.0,0.0
csr_group6/hc_o + tcr_execute/sd_o,0,114,0.0,0.0
csr_group6/hc_o + lsu_group1/sd_o,0,114,0.0,0.0
csr_group6/hc_o + lsu_group2/sd_o,0,114,0.0,0.0
csr_group6/hc_o + lsu_group3/sd_o,0,114,0.0,0.0
csr_group6/hc_o + lsu_group4/sd_o,0,114,0.0,0.0
csr_group6/hc_o + lsu_group5/sd_o,0,114,0.0,0.0
csr_group6/sd_o + csr_group7/hc_o,0,114,0.0,0.0
csr_group6/sd_o + csr_group8/hc_o,0,114,0.0,0.0
csr_group6/sd_o + csr_group9/hc_o,0,114,0.0,0.0
csr_group10/hc_o + csr_group6/sd_o,0,114,0.0,0.0
csr_group11/hc_o + csr_group6/sd_o,0,114,0.0,0.0
csr_group12/hc_o + csr_group6/sd_o,0,114,0.0,0.0
csr_group13/hc_o + csr_group6/sd_o,0,114,0.0,0.0
csr_group15/hc_o + csr_group6/sd_o,0,114,0.0,0.0
csr_group16/hc_o + csr_group6/sd_o,0,114,0.0,0.0
csr_group17/hc_o + csr_group6/sd_o,0,114,0.0,0.0
csr_group6/sd_o + lsu_group1/hc_o,0,114,0.0,0.0
csr_group6/sd_o + lsu_group2/hc_o,0,114,0.0,0.0
csr_group6/sd_o + lsu_group3/hc_o,0,114,0.0,0.0
csr_group6/sd_o + lsu_group4/hc_o,0,114,0.0,0.0
csr_group6/sd_o + lsu_group5/hc_o,0,114,0.0,0.0
csr_group7/hc_o + csr_group7/sd_o,0,114,0.0,0.0
csr_group7/hc_o + csr_group8/sd_o,0,114,0.0,0.0
csr_group7/hc_o + csr_group9/sd_o,0,114,0.0,0.0
csr_group10/sd_o + csr_group7/hc_o,0,114,0.0,0.0
csr_group11/sd_o + csr_group7/hc_o,0,114,0.0,0.0
csr_group12/sd_o + csr_group7/hc_o,0,114,0.0,0.0
csr_group13/sd_o + csr_group7/hc_o,0,114,0.0,0.0
csr_group14/sd_o + csr_group7/hc_o,0,114,0.0,0.0
csr_group15/sd_o + csr_group7/hc_o,0,114,0.0,0.0
csr_group16/sd_o + csr_group7/hc_o,0,114,0.0,0.0
csr_group17/sd_o + csr_group7/hc_o,0,114,0.0,0.0
csr_group18/sd_o + csr_group7/hc_o,0,114,0.0,0.0
csr_group19/sd_o + csr_group7/hc_o,0,114,0.0,0.0
csr_group20/sd_o + csr_group7/hc_o,0,114,0.0,0.0
csr_group7/hc_o + tcr_execute/sd_o,0,114,0.0,0.0
csr_group7/hc_o + lsu_group1/sd_o,0,114,0.0,0.0
csr_group7/hc_o + lsu_group2/sd_o,0,114,0.0,0.0
csr_group7/hc_o + lsu_group3/sd_o,0,114,0.0,0.0
csr_group7/hc_o + lsu_group4/sd_o,0,114,0.0,0.0
csr_group7/hc_o + lsu_group5/sd_o,0,114,0.0,0.0
csr_group7/sd_o + csr_group8/hc_o,0,114,0.0,0.0
csr_group7/sd_o + csr_group9/hc_o,0,114,0.0,0.0
csr_group10/hc_o + csr_group7/sd_o,0,114,0.0,0.0
csr_group11/hc_o + csr_group7/sd_o,0,114,0.0,0.0
csr_group12/hc_o + csr_group7/sd_o,0,114,0.0,0.0
csr_group13/hc_o + csr_group7/sd_o,0,114,0.0,0.0
csr_group15/hc_o + csr_group7/sd_o,0,114,0.0,0.0
csr_group16/hc_o + csr_group7/sd_o,0,114,0.0,0.0
csr_group17/hc_o + csr_group7/sd_o,0,114,0.0,0.0
csr_group7/sd_o + lsu_group1/hc_o,0,114,0.0,0.0
csr_group7/sd_o + lsu_group2/hc_o,0,114,0.0,0.0
csr_group7/sd_o + lsu_group3/hc_o,0,114,0.0,0.0
csr_group7/sd_o + lsu_group4/hc_o,0,114,0.0,0.0
csr_group7/sd_o + lsu_group5/hc_o,0,114,0.0,0.0
csr_group8/hc_o + csr_group8/sd_o,0,114,0.0,0.0
csr_group8/hc_o + csr_group9/sd_o,0,114,0.0,0.0
csr_group10/sd_o + csr_group8/hc_o,0,114,0.0,0.0
csr_group11/sd_o + csr_group8/hc_o,0,114,0.0,0.0
csr_group12/sd_o + csr_group8/hc_o,0,114,0.0,0.0
csr_group13/sd_o + csr_group8/hc_o,0,114,0.0,0.0
csr_group14/sd_o + csr_group8/hc_o,0,114,0.0,0.0
csr_group15/sd_o + csr_group8/hc_o,0,114,0.0,0.0
csr_group16/sd_o + csr_group8/hc_o,0,114,0.0,0.0
csr_group17/sd_o + csr_group8/hc_o,0,114,0.0,0.0
csr_group18/sd_o + csr_group8/hc_o,0,114,0.0,0.0
csr_group19/sd_o + csr_group8/hc_o,0,114,0.0,0.0
csr_group20/sd_o + csr_group8/hc_o,0,114,0.0,0.0
csr_group8/hc_o + tcr_execute/sd_o,0,114,0.0,0.0
csr_group8/hc_o + lsu_group1/sd_o,0,114,0.0,0.0
csr_group8/hc_o + lsu_group2/sd_o,0,114,0.0,0.0
csr_group8/hc_o + lsu_group3/sd_o,0,114,0.0,0.0
csr_group8/hc_o + lsu_group4/sd_o,0,114,0.0,0.0
csr_group8/hc_o + lsu_group5/sd_o,0,114,0.0,0.0
csr_group8/sd_o + csr_group9/hc_o,0,114,0.0,0.0
csr_group10/hc_o + csr_group8/sd_o,0,114,0.0,0.0
csr_group11/hc_o + csr_group8/sd_o,0,114,0.0,0.0
csr_group12/hc_o + csr_group8/sd_o,0,114,0.0,0.0
csr_group13/hc_o + csr_group8/sd_o,0,114,0.0,0.0
csr_group15/hc_o + csr_group8/sd_o,0,114,0.0,0.0
csr_group16/hc_o + csr_group8/sd_o,0,114,0.0,0.0
csr_group17/hc_o + csr_group8/sd_o,0,114,0.0,0.0
csr_group8/sd_o + lsu_group1/hc_o,0,114,0.0,0.0
csr_group8/sd_o + lsu_group2/hc_o,0,114,0.0,0.0
csr_group8/sd_o + lsu_group3/hc_o,0,114,0.0,0.0
csr_group8/sd_o + lsu_group4/hc_o,0,114,0.0,0.0
csr_group8/sd_o + lsu_group5/hc_o,0,114,0.0,0.0
csr_group9/hc_o + csr_group9/sd_o,0,114,0.0,0.0
csr_group10/sd_o + csr_group9/hc_o,0,114,0.0,0.0
csr_group11/sd_o + csr_group9/hc_o,0,114,0.0,0.0
csr_group12/sd_o + csr_group9/hc_o,0,114,0.0,0.0
csr_group13/sd_o + csr_group9/hc_o,0,114,0.0,0.0
csr_group14/sd_o + csr_group9/hc_o,0,114,0.0,0.0
csr_group15/sd_o + csr_group9/hc_o,0,114,0.0,0.0
csr_group16/sd_o + csr_group9/hc_o,0,114,0.0,0.0
csr_group17/sd_o + csr_group9/hc_o,0,114,0.0,0.0
csr_group18/sd_o + csr_group9/hc_o,0,114,0.0,0.0
csr_group19/sd_o + csr_group9/hc_o,0,114,0.0,0.0
csr_group20/sd_o + csr_group9/hc_o,0,114,0.0,0.0
csr_group9/hc_o + tcr_execute/sd_o,0,114,0.0,0.0
csr_group9/hc_o + lsu_group1/sd_o,0,114,0.0,0.0
csr_group9/hc_o + lsu_group2/sd_o,0,114,0.0,0.0
csr_group9/hc_o + lsu_group3/sd_o,0,114,0.0,0.0
csr_group9/hc_o + lsu_group4/sd_o,0,114,0.0,0.0
csr_group9/hc_o + lsu_group5/sd_o,0,114,0.0,0.0
csr_group10/hc_o + csr_group9/sd_o,0,114,0.0,0.0
csr_group11/hc_o + csr_group9/sd_o,0,114,0.0,0.0
csr_group12/hc_o + csr_group9/sd_o,0,114,0.0,0.0
csr_group13/hc_o + csr_group9/sd_o,0,114,0.0,0.0
csr_group15/hc_o + csr_group9/sd_o,0,114,0.0,0.0
csr_group16/hc_o + csr_group9/sd_o,0,114,0.0,0.0
csr_group17/hc_o + csr_group9/sd_o,0,114,0.0,0.0
csr_group9/sd_o + lsu_group1/hc_o,0,114,0.0,0.0
csr_group9/sd_o + lsu_group2/hc_o,0,114,0.0,0.0
csr_group9/sd_o + lsu_group3/hc_o,0,114,0.0,0.0
csr_group9/sd_o + lsu_group4/hc_o,0,114,0.0,0.0
csr_group9/sd_o + lsu_group5/hc_o,0,114,0.0,0.0
csr_group10/hc_o + csr_group10/sd_o,0,114,0.0,0.0
csr_group10/hc_o + csr_group11/sd_o,0,114,0.0,0.0
csr_group10/hc_o + csr_group12/sd_o,0,114,0.0,0.0
csr_group10/hc_o + csr_group13/sd_o,0,114,0.0,0.0
csr_group10/hc_o + csr_group14/sd_o,0,114,0.0,0.0
csr_group10/hc_o + csr_group15/sd_o,0,114,0.0,0.0
csr_group10/hc_o + csr_group16/sd_o,0,114,0.0,0.0
csr_group10/hc_o + csr_group17/sd_o,0,114,0.0,0.0
csr_group10/hc_o + csr_group18/sd_o,0,114,0.0,0.0
csr_group10/hc_o + csr_group19/sd_o,0,114,0.0,0.0
csr_group10/hc_o + csr_group20/sd_o,0,114,0.0,0.0
csr_group10/hc_o + tcr_execute/sd_o,0,114,0.0,0.0
csr_group10/hc_o + lsu_group1/sd_o,0,114,0.0,0.0
csr_group10/hc_o + lsu_group2/sd_o,0,114,0.0,0.0
csr_group10/hc_o + lsu_group3/sd_o,0,114,0.0,0.0
csr_group10/hc_o + lsu_group4/sd_o,0,114,0.0,0.0
csr_group10/hc_o + lsu_group5/sd_o,0,114,0.0,0.0
csr_group10/sd_o + csr_group11/hc_o,0,114,0.0,0.0
csr_group10/sd_o + csr_group12/hc_o,0,114,0.0,0.0
csr_group10/sd_o + csr_group13/hc_o,0,114,0.0,0.0
csr_group10/sd_o + csr_group15/hc_o,0,114,0.0,0.0
csr_group10/sd_o + csr_group16/hc_o,0,114,0.0,0.0
csr_group10/sd_o + csr_group17/hc_o,0,114,0.0,0.0
csr_group10/sd_o + lsu_group1/hc_o,0,114,0.0,0.0
csr_group10/sd_o + lsu_group2/hc_o,0,114,0.0,0.0
csr_group10/sd_o + lsu_group3/hc_o,0,114,0.0,0.0
csr_group10/sd_o + lsu_group4/hc_o,0,114,0.0,0.0
csr_group10/sd_o + lsu_group5/hc_o,0,114,0.0,0.0
csr_group11/hc_o + csr_group11/sd_o,0,114,0.0,0.0
csr_group11/hc_o + csr_group12/sd_o,0,114,0.0,0.0
csr_group11/hc_o + csr_group13/sd_o,0,114,0.0,0.0
csr_group11/hc_o + csr_group14/sd_o,0,114,0.0,0.0
csr_group11/hc_o + csr_group15/sd_o,0,114,0.0,0.0
csr_group11/hc_o + csr_group16/sd_o,0,114,0.0,0.0
csr_group11/hc_o + csr_group17/sd_o,0,114,0.0,0.0
csr_group11/hc_o + csr_group18/sd_o,0,114,0.0,0.0
csr_group11/hc_o + csr_group19/sd_o,0,114,0.0,0.0
csr_group11/hc_o + csr_group20/sd_o,0,114,0.0,0.0
csr_group11/hc_o + tcr_execute/sd_o,0,114,0.0,0.0
csr_group11/hc_o + lsu_group1/sd_o,0,114,0.0,0.0
csr_group11/hc_o + lsu_group2/sd_o,0,114,0.0,0.0
csr_group11/hc_o + lsu_group3/sd_o,0,114,0.0,0.0
csr_group11/hc_o + lsu_group4/sd_o,0,114,0.0,0.0
csr_group11/hc_o + lsu_group5/sd_o,0,114,0.0,0.0
csr_group11/sd_o + csr_group12/hc_o,0,114,0.0,0.0
csr_group11/sd_o + csr_group13/hc_o,0,114,0.0,0.0
csr_group11/sd_o + csr_group15/hc_o,0,114,0.0,0.0
csr_group11/sd_o + csr_group16/hc_o,0,114,0.0,0.0
csr_group11/sd_o + csr_group17/hc_o,0,114,0.0,0.0
csr_group11/sd_o + lsu_group1/hc_o,0,114,0.0,0.0
csr_group11/sd_o + lsu_group2/hc_o,0,114,0.0,0.0
csr_group11/sd_o + lsu_group3/hc_o,0,114,0.0,0.0
csr_group11/sd_o + lsu_group4/hc_o,0,114,0.0,0.0
csr_group11/sd_o + lsu_group5/hc_o,0,114,0.0,0.0
csr_group12/hc_o + csr_group13/sd_o,0,114,0.0,0.0
csr_group12/hc_o + csr_group14/sd_o,0,114,0.0,0.0
csr_group12/hc_o + csr_group15/sd_o,0,114,0.0,0.0
csr_group12/hc_o + csr_group16/sd_o,0,114,0.0,0.0
csr_group12/hc_o + csr_group17/sd_o,0,114,0.0,0.0
csr_group12/hc_o + csr_group18/sd_o,0,114,0.0,0.0
csr_group12/hc_o + csr_group19/sd_o,0,114,0.0,0.0
csr_group12/hc_o + csr_group20/sd_o,0,114,0.0,0.0
csr_group12/hc_o + tcr_execute/sd_o,0,114,0.0,0.0
csr_group12/hc_o + lsu_group1/sd_o,0,114,0.0,0.0
csr_group12/hc_o + lsu_group2/sd_o,0,114,0.0,0.0
csr_group12/hc_o + lsu_group3/sd_o,0,114,0.0,0.0
csr_group12/hc_o + lsu_group4/sd_o,0,114,0.0,0.0
csr_group12/hc_o + lsu_group5/sd_o,0,114,0.0,0.0
csr_group12/sd_o + csr_group13/hc_o,0,114,0.0,0.0
csr_group12/sd_o + csr_group15/hc_o,0,114,0.0,0.0
csr_group12/sd_o + csr_group16/hc_o,0,114,0.0,0.0
csr_group12/sd_o + csr_group17/hc_o,0,114,0.0,0.0
csr_group12/sd_o + lsu_group1/hc_o,0,114,0.0,0.0
csr_group12/sd_o + lsu_group2/hc_o,0,114,0.0,0.0
csr_group12/sd_o + lsu_group3/hc_o,0,114,0.0,0.0
csr_group12/sd_o + lsu_group4/hc_o,0,114,0.0,0.0
csr_group12/sd_o + lsu_group5/hc_o,0,114,0.0,0.0
csr_group13/hc_o + csr_group13/sd_o,0,114,0.0,0.0
csr_group13/hc_o + csr_group14/sd_o,0,114,0.0,0.0
csr_group13/hc_o + csr_group15/sd_o,0,114,0.0,0.0
csr_group13/hc_o + csr_group16/sd_o,0,114,0.0,0.0
csr_group13/hc_o + csr_group17/sd_o,0,114,0.0,0.0
csr_group13/hc_o + csr_group18/sd_o,0,114,0.0,0.0
csr_group13/hc_o + csr_group19/sd_o,0,114,0.0,0.0
csr_group13/hc_o + csr_group20/sd_o,0,114,0.0,0.0
csr_group13/hc_o + tcr_execute/sd_o,0,114,0.0,0.0
csr_group13/hc_o + lsu_group1/sd_o,0,114,0.0,0.0
csr_group13/hc_o + lsu_group2/sd_o,0,114,0.0,0.0
csr_group13/hc_o + lsu_group3/sd_o,0,114,0.0,0.0
csr_group13/hc_o + lsu_group4/sd_o,0,114,0.0,0.0
csr_group13/hc_o + lsu_group5/sd_o,0,114,0.0,0.0
csr_group13/sd_o + csr_group15/hc_o,0,114,0.0,0.0
csr_group13/sd_o + csr_group16/hc_o,0,114,0.0,0.0
csr_group13/sd_o + csr_group17/hc_o,0,114,0.0,0.0
csr_group13/sd_o + lsu_group1/hc_o,0,114,0.0,0.0
csr_group13/sd_o + lsu_group2/hc_o,0,114,0.0,0.0
csr_group13/sd_o + lsu_group3/hc_o,0,114,0.0,0.0
csr_group13/sd_o + lsu_group4/hc_o,0,114,0.0,0.0
csr_group13/sd_o + lsu_group5/hc_o,0,114,0.0,0.0
csr_group14/sd_o + csr_group15/hc_o,0,114,0.0,0.0
csr_group14/sd_o + csr_group16/hc_o,0,114,0.0,0.0
csr_group14/sd_o + csr_group17/hc_o,0,114,0.0,0.0
csr_group14/sd_o + lsu_group1/hc_o,0,114,0.0,0.0
csr_group14/sd_o + lsu_group2/hc_o,0,114,0.0,0.0
csr_group14/sd_o + lsu_group3/hc_o,0,114,0.0,0.0
csr_group14/sd_o + lsu_group4/hc_o,0,114,0.0,0.0
csr_group14/sd_o + lsu_group5/hc_o,0,114,0.0,0.0
csr_group15/hc_o + csr_group16/sd_o,0,114,0.0,0.0
csr_group15/hc_o + csr_group17/sd_o,0,114,0.0,0.0
csr_group15/hc_o + csr_group18/sd_o,0,114,0.0,0.0
csr_group15/hc_o + csr_group19/sd_o,0,114,0.0,0.0
csr_group15/hc_o + csr_group20/sd_o,0,114,0.0,0.0
csr_group15/hc_o + tcr_execute/sd_o,0,114,0.0,0.0
csr_group15/hc_o + lsu_group1/sd_o,0,114,0.0,0.0
csr_group15/hc_o + lsu_group2/sd_o,0,114,0.0,0.0
csr_group15/hc_o + lsu_group3/sd_o,0,114,0.0,0.0
csr_group15/hc_o + lsu_group4/sd_o,0,114,0.0,0.0
csr_group15/hc_o + lsu_group5/sd_o,0,114,0.0,0.0
csr_group15/sd_o + csr_group16/hc_o,0,114,0.0,0.0
csr_group15/sd_o + csr_group17/hc_o,0,114,0.0,0.0
csr_group15/sd_o + lsu_group1/hc_o,0,114,0.0,0.0
csr_group15/sd_o + lsu_group2/hc_o,0,114,0.0,0.0
csr_group15/sd_o + lsu_group3/hc_o,0,114,0.0,0.0
csr_group15/sd_o + lsu_group4/hc_o,0,114,0.0,0.0
csr_group15/sd_o + lsu_group5/hc_o,0,114,0.0,0.0
csr_group16/hc_o + csr_group16/sd_o,0,114,0.0,0.0
csr_group16/hc_o + csr_group17/sd_o,0,114,0.0,0.0
csr_group16/hc_o + csr_group18/sd_o,0,114,0.0,0.0
csr_group16/hc_o + csr_group19/sd_o,0,114,0.0,0.0
csr_group16/hc_o + csr_group20/sd_o,0,114,0.0,0.0
csr_group16/hc_o + tcr_execute/sd_o,0,114,0.0,0.0
csr_group16/hc_o + lsu_group1/sd_o,0,114,0.0,0.0
csr_group16/hc_o + lsu_group2/sd_o,0,114,0.0,0.0
csr_group16/hc_o + lsu_group3/sd_o,0,114,0.0,0.0
csr_group16/hc_o + lsu_group4/sd_o,0,114,0.0,0.0
csr_group16/hc_o + lsu_group5/sd_o,0,114,0.0,0.0
csr_group16/sd_o + csr_group17/hc_o,0,114,0.0,0.0
csr_group16/sd_o + lsu_group1/hc_o,0,114,0.0,0.0
csr_group16/sd_o + lsu_group2/hc_o,0,114,0.0,0.0
csr_group16/sd_o + lsu_group3/hc_o,0,114,0.0,0.0
csr_group16/sd_o + lsu_group4/hc_o,0,114,0.0,0.0
csr_group16/sd_o + lsu_group5/hc_o,0,114,0.0,0.0
csr_group17/hc_o + csr_group17/sd_o,0,114,0.0,0.0
csr_group17/hc_o + csr_group18/sd_o,0,114,0.0,0.0
csr_group17/hc_o + csr_group19/sd_o,0,114,0.0,0.0
csr_group17/hc_o + csr_group20/sd_o,0,114,0.0,0.0
csr_group17/hc_o + tcr_execute/sd_o,0,114,0.0,0.0
csr_group17/hc_o + lsu_group1/sd_o,0,114,0.0,0.0
csr_group17/hc_o + lsu_group2/sd_o,0,114,0.0,0.0
csr_group17/hc_o + lsu_group3/sd_o,0,114,0.0,0.0
csr_group17/hc_o + lsu_group4/sd_o,0,114,0.0,0.0
csr_group17/hc_o + lsu_group5/sd_o,0,114,0.0,0.0
csr_group17/sd_o + lsu_group1/hc_o,0,114,0.0,0.0
csr_group17/sd_o + lsu_group2/hc_o,0,114,0.0,0.0
csr_group17/sd_o + lsu_group3/hc_o,0,114,0.0,0.0
csr_group17/sd_o + lsu_group4/hc_o,0,114,0.0,0.0
csr_group17/sd_o + lsu_group5/hc_o,0,114,0.0,0.0
csr_group18/sd_o + lsu_group1/hc_o,0,114,0.0,0.0
csr_group18/sd_o + lsu_group2/hc_o,0,114,0.0,0.0
csr_group18/sd_o + lsu_group3/hc_o,0,114,0.0,0.0
csr_group18/sd_o + lsu_group4/hc_o,0,114,0.0,0.0
csr_group18/sd_o + lsu_group5/hc_o,0,114,0.0,0.0
csr_group19/sd_o + lsu_group1/hc_o,0,114,0.0,0.0
csr_group19/sd_o + lsu_group2/hc_o,0,114,0.0,0.0
csr_group19/sd_o + lsu_group3/hc_o,0,114,0.0,0.0
csr_group19/sd_o + lsu_group4/hc_o,0,114,0.0,0.0
csr_group19/sd_o + lsu_group5/hc_o,0,114,0.0,0.0
csr_group20/sd_o + lsu_group1/hc_o,0,114,0.0,0.0
csr_group20/sd_o + lsu_group2/hc_o,0,114,0.0,0.0
csr_group20/sd_o + lsu_group3/hc_o,0,114,0.0,0.0
csr_group20/sd_o + lsu_group4/hc_o,0,114,0.0,0.0
csr_group20/sd_o + lsu_group5/hc_o,0,114,0.0,0.0
lsu_group1/hc_o + tcr_execute/sd_o,0,114,0.0,0.0
lsu_group2/hc_o + tcr_execute/sd_o,0,114,0.0,0.0
lsu_group3/hc_o + tcr_execute/sd_o,0,114,0.0,0.0
lsu_group4/hc_o + tcr_execute/sd_o,0,114,0.0,0.0
lsu_group5/hc_o + tcr_execute/sd_o,0,114,0.0,0.0
lsu_group1/hc_o + lsu_group1/sd_o,0,114,0.0,0.0
lsu_group1/hc_o + lsu_group2/sd_o,0,114,0.0,0.0
lsu_group1/hc_o + lsu_group3/sd_o,0,114,0.0,0.0
lsu_group1/hc_o + lsu_group4/sd_o,0,114,0.0,0.0
lsu_group1/hc_o + lsu_group5/sd_o,0,114,0.0,0.0
lsu_group1/sd_o + lsu_group2/hc_o,0,114,0.0,0.0
lsu_group1/sd_o + lsu_group3/hc_o,0,114,0.0,0.0
lsu_group1/sd_o + lsu_group4/hc_o,0,114,0.0,0.0
lsu_group1/sd_o + lsu_group5/hc_o,0,114,0.0,0.0
lsu_group2/hc_o + lsu_group2/sd_o,0,114,0.0,0.0
lsu_group2/hc_o + lsu_group3/sd_o,0,114,0.0,0.0
lsu_group2/hc_o + lsu_group4/sd_o,0,114,0.0,0.0
lsu_group2/hc_o + lsu_group5/sd_o,0,114,0.0,0.0
lsu_group2/sd_o + lsu_group3/hc_o,0,114,0.0,0.0
lsu_group2/sd_o + lsu_group4/hc_o,0,114,0.0,0.0
lsu_group2/sd_o + lsu_group5/hc_o,0,114,0.0,0.0
lsu_group3/hc_o + lsu_group3/sd_o,0,114,0.0,0.0
lsu_group3/hc_o + lsu_group4/sd_o,0,114,0.0,0.0
lsu_group3/hc_o + lsu_group5/sd_o,0,114,0.0,0.0
lsu_group3/sd_o + lsu_group4/hc_o,0,114,0.0,0.0
lsu_group3/sd_o + lsu_group5/hc_o,0,114,0.0,0.0
lsu_group4/hc_o + lsu_group4/sd_o,0,114,0.0,0.0
lsu_group4/hc_o + lsu_group5/sd_o,0,114,0.0,0.0
lsu_group4/sd_o + lsu_group5/hc_o,0,114,0.0,0.0
lsu_group5/hc_o + lsu_group5/sd_o,0,114,0.0,0.0
alu_operand_b_ex_o_tag + sd_o_5,0,90,0.0,0.0
rf_reg[12] + tpr/sd_o_32,0,90,0.0,0.0
rf_reg[12] + tcr/sd_o_32,0,90,0.0,0.0
rf_reg[13] + sd_o_5,0,90,0.0,0.0
rf_reg[13] + tpr/sd_o_32,0,90,0.0,0.0
rf_reg[13] + tcr/sd_o_32,0,90,0.0,0.0
rf_reg[14] + sd_o_5,0,90,0.0,0.0
rf_reg[14] + tpr/sd_o_32,0,90,0.0,0.0
rf_reg[14] + tcr/sd_o_32,0,90,0.0,0.0
rf_reg[15] + sd_o_5,0,90,0.0,0.0
rf_reg[15] + tpr/sd_o_32,0,90,0.0,0.0
rf_reg[15] + tcr/sd_o_32,0,90,0.0,0.0
rf_reg[16] + sd_o_5,0,90,0.0,0.0
rf_reg[16] + tpr/sd_o_32,0,90,0.0,0.0
rf_reg[16] + tcr/sd_o_32,0,90,0.0,0.0
rf_reg[17] + sd_o_5,0,90,0.0,0.0
rf_reg[17] + tpr/sd_o_32,0,90,0.0,0.0
alu_operand_b_ex_o_tag + tpr/sd_o_32,0,90,0.0,0.0
alu_operand_b_ex_o_tag + tcr/sd_o_32,0,90,0.0,0.0
rf_reg[17] + tcr/sd_o_32,0,90,0.0,0.0
rf_reg[18] + sd_o_5,0,90,0.0,0.0
rf_reg[18] + tpr/sd_o_32,0,90,0.0,0.0
rf_reg[18] + tcr/sd_o_32,0,90,0.0,0.0
rf_reg[19] + sd_o_5,0,90,0.0,0.0
rf_reg[19] + tpr/sd_o_32,0,90,0.0,0.0
rf_reg[19] + tcr/sd_o_32,0,90,0.0,0.0
rf_reg[20] + sd_o_5,0,90,0.0,0.0
rf_reg[20] + tpr/sd_o_32,0,90,0.0,0.0
rf_reg[20] + tcr/sd_o_32,0,90,0.0,0.0
rf_reg[21] + sd_o_5,0,90,0.0,0.0
rf_reg[21] + tpr/sd_o_32,0,90,0.0,0.0
rf_reg[21] + tcr/sd_o_32,0,90,0.0,0.0
rf_reg[22] + sd_o_5,0,90,0.0,0.0
rf_reg[22] + tpr/sd_o_32,0,90,0.0,0.0
rf_reg[22] + tcr/sd_o_32,0,90,0.0,0.0
rf_reg[23] + sd_o_5,0,90,0.0,0.0
alu_operand_c_ex_o_tag + sd_o_5,0,90,0.0,0.0
rf_reg[23] + tpr/sd_o_32,0,90,0.0,0.0
rf_reg[23] + tcr/sd_o_32,0,90,0.0,0.0
rf_reg[24] + sd_o_5,0,90,0.0,0.0
rf_reg[24] + tpr/sd_o_32,0,90,0.0,0.0
rf_reg[24] + tcr/sd_o_32,0,90,0.0,0.0
rf_reg[25] + sd_o_5,0,90,0.0,0.0
rf_reg[25] + tpr/sd_o_32,0,90,0.0,0.0
rf_reg[25] + tcr/sd_o_32,0,90,0.0,0.0
rf_reg[26] + sd_o_5,0,90,0.0,0.0
rf_reg[26] + tpr/sd_o_32,0,90,0.0,0.0
rf_reg[26] + tcr/sd_o_32,0,90,0.0,0.0
rf_reg[27] + sd_o_5,0,90,0.0,0.0
rf_reg[27] + tpr/sd_o_32,0,90,0.0,0.0
rf_reg[27] + tcr/sd_o_32,0,90,0.0,0.0
rf_reg[28] + sd_o_5,0,90,0.0,0.0
rf_reg[28] + tpr/sd_o_32,0,90,0.0,0.0
rf_reg[28] + tcr/sd_o_32,0,90,0.0,0.0
rf_reg[29] + sd_o_5,0,90,0.0,0.0
alu_operand_c_ex_o_tag + tpr/sd_o_32,0,90,0.0,0.0
alu_operand_c_ex_o_tag + tcr/sd_o_32,0,90,0.0,0.0
rf_reg[29] + tpr/sd_o_32,0,90,0.0,0.0
rf_reg[29] + tcr/sd_o_32,0,90,0.0,0.0
rf_reg[30] + sd_o_5,0,90,0.0,0.0
rf_reg[30] + tpr/sd_o_32,0,90,0.0,0.0
rf_reg[30] + tcr/sd_o_32,0,90,0.0,0.0
rf_reg[31] + sd_o_5,0,90,0.0,0.0
rf_reg[31] + tpr/sd_o_32,0,90,0.0,0.0
rf_reg[31] + tcr/sd_o_32,0,90,0.0,0.0
rs1_o_tag + sd_o_5,0,90,0.0,0.0
rs1_o_tag + tpr/sd_o_32,0,90,0.0,0.0
rs1_o_tag + tcr/sd_o_32,0,90,0.0,0.0
data_we_q_tag + sd_o_5,0,90,0.0,0.0
data_we_q_tag + tpr/sd_o_32,0,90,0.0,0.0
data_we_q_tag + tcr/sd_o_32,0,90,0.0,0.0
sd_o_5 + sd_o_rf_tag,0,90,0.0,0.0
pc_id_o_tag + sd_o_5,0,90,0.0,0.0
check_d_o_tag + sd_o_5,0,90,0.0,0.0
sd_o_rf_tag + tpr/sd_o_32,0,90,0.0,0.0
sd_o_rf_tag + tcr/sd_o_32,0,90,0.0,0.0
tcr/sd_o_32 + tpr/sd_o_32,0,90,0.0,0.0
check_d_o_tag + tpr/sd_o_32,0,90,0.0,0.0
check_d_o_tag + tcr/sd_o_32,0,90,0.0,0.0
check_s1_o_tag + sd_o_5,0,90,0.0,0.0
check_s1_o_tag + tpr/sd_o_32,0,90,0.0,0.0
check_s1_o_tag + tcr/sd_o_32,0,90,0.0,0.0
check_s2_o_tag + sd_o_5,0,90,0.0,0.0
check_s2_o_tag + tpr/sd_o_32,0,90,0.0,0.0
check_s2_o_tag + tcr/sd_o_32,0,90,0.0,0.0
is_store_post_o_tag + sd_o_5,0,90,0.0,0.0
is_store_post_o_tag + tpr/sd_o_32,0,90,0.0,0.0
is_store_post_o_tag + tcr/sd_o_32,0,90,0.0,0.0
memory_set_o_tag + sd_o_5,0,90,0.0,0.0
pc_id_o_tag + tpr/sd_o_32,0,90,0.0,0.0
pc_id_o_tag + tcr/sd_o_32,0,90,0.0,0.0
memory_set_o_tag + tpr/sd_o_32,0,90,0.0,0.0
memory_set_o_tag + tcr/sd_o_32,0,90,0.0,0.0
pc_if_o_tag + sd_o_5,0,90,0.0,0.0
pc_if_o_tag + tpr/sd_o_32,0,90,0.0,0.0
pc_if_o_tag + tcr/sd_o_32,0,90,0.0,0.0
register_set_o_tag + sd_o_5,0,90,0.0,0.0
register_set_o_tag + tpr/sd_o_32,0,90,0.0,0.0
register_set_o_tag + tcr/sd_o_32,0,90,0.0,0.0
sd_o_5 + store_dest_addr_ex_o_tag,0,90,0.0,0.0
alu_operand_a_ex_o_tag + sd_o_5,0,90,0.0,0.0
store_dest_addr_ex_o_tag + tpr/sd_o_32,0,90,0.0,0.0
store_dest_addr_ex_o_tag + tcr/sd_o_32,0,90,0.0,0.0
sd_o_5 + store_source_ex_o_tag,0,90,0.0,0.0
store_source_ex_o_tag + tpr/sd_o_32,0,90,0.0,0.0
store_source_ex_o_tag + tcr/sd_o_32,0,90,0.0,0.0
sd_o_5 + use_store_ops_ex_o,0,90,0.0,0.0
tpr/sd_o_32 + use_store_ops_ex_o,0,90,0.0,0.0
tcr/sd_o_32 + use_store_ops_ex_o,0,90,0.0,0.0
rf_reg[0] + sd_o_5,0,90,0.0,0.0
rf_reg[0] + tpr/sd_o_32,0,90,0.0,0.0
rf_reg[0] + tcr/sd_o_32,0,90,0.0,0.0
rf_reg[1] + sd_o_5,0,90,0.0,0.0
rf_reg[1] + tpr/sd_o_32,0,90,0.0,0.0
rf_reg[1] + tcr/sd_o_32,0,90,0.0,0.0
rf_reg[2] + sd_o_5,0,90,0.0,0.0
alu_operand_a_ex_o_tag + tpr/sd_o_32,0,90,0.0,0.0
alu_operand_a_ex_o_tag + tcr/sd_o_32,0,90,0.0,0.0
rf_reg[2] + tpr/sd_o_32,0,90,0.0,0.0
rf_reg[2] + tcr/sd_o_32,0,90,0.0,0.0
rf_reg[3] + sd_o_5,0,90,0.0,0.0
rf_reg[3] + tpr/sd_o_32,0,90,0.0,0.0
rf_reg[3] + tcr/sd_o_32,0,90,0.0,0.0
rf_reg[4] + sd_o_5,0,90,0.0,0.0
rf_reg[4] + tpr/sd_o_32,0,90,0.0,0.0
rf_reg[4] + tcr/sd_o_32,0,90,0.0,0.0
rf_reg[5] + sd_o_5,0,90,0.0,0.0
rf_reg[5] + tpr/sd_o_32,0,90,0.0,0.0
rf_reg[5] + tcr/sd_o_32,0,90,0.0,0.0
rf_reg[6] + sd_o_5,0,90,0.0,0.0
rf_reg[6] + tpr/sd_o_32,0,90,0.0,0.0
rf_reg[6] + tcr/sd_o_32,0,90,0.0,0.0
rf_reg[7] + sd_o_5,0,90,0.0,0.0
rf_reg[7] + tpr/sd_o_32,0,90,0.0,0.0
rf_reg[7] + tcr/sd_o_32,0,90,0.0,0.0
rf_reg[8] + sd_o_5,0,90,0.0,0.0
rf_reg[8] + tpr/sd_o_32,0,90,0.0,0.0
rf_reg[8] + tcr/sd_o_32,0,90,0.0,0.0
rf_reg[9] + sd_o_5,0,90,0.0,0.0
rf_reg[9] + tpr/sd_o_32,0,90,0.0,0.0
rf_reg[9] + tcr/sd_o_32,0,90,0.0,0.0
rf_reg[10] + sd_o_5,0,90,0.0,0.0
rf_reg[10] + tpr/sd_o_32,0,90,0.0,0.0
rf_reg[10] + tcr/sd_o_32,0,90,0.0,0.0
rf_reg[11] + sd_o_5,0,90,0.0,0.0
rf_reg[11] + tpr/sd_o_32,0,90,0.0,0.0
rf_reg[11] + tcr/sd_o_32,0,90,0.0,0.0
rf_reg[12] + sd_o_5,0,90,0.0,0.0
data_type_q_tag + sd_o_26,0,60,0.0,0.0
rdata_offset_q_tag + sd_o_26,0,60,0.0,0.0
alu_operator_o_mode + sd_o_26,0,60,0.0,0.0
sd_o_5 + tpr/sd_o_32,0,60,0.0,0.0
sd_o_5 + tcr/sd_o_32,0,60,0.0,0.0
alu_operand_b_ex_o_tag + if_stage/sd_o,0,60,0.0,0.0
if_stage/sd_o + rf_reg[9],0,60,0.0,0.0
if_stage/sd_o + rf_reg[10],0,60,0.0,0.0
if_stage/sd_o + rf_reg[11],0,60,0.0,0.0
if_stage/sd_o + rf_reg[12],0,60,0.0,0.0
if_stage/sd_o + rf_reg[13],0,60,0.0,0.0
if_stage/sd_o + rf_reg[14],0,60,0.0,0.0
if_stage/sd_o + rf_reg[15],0,60,0.0,0.0
if_stage/sd_o + rf_reg[16],0,60,0.0,0.0
if_stage/sd_o + rf_reg[17],0,60,0.0,0.0
if_stage/sd_o + rf_reg[18],0,60,0.0,0.0
if_stage/sd_o + rf_reg[19],0,60,0.0,0.0
if_stage/sd_o + rf_reg[20],0,60,0.0,0.0
if_stage/sd_o + rf_reg[21],0,60,0.0,0.0
if_stage/sd_o + rf_reg[22],0,60,0.0,0.0
if_stage/sd_o + rf_reg[23],0,60,0.0,0.0
alu_operand_c_ex_o_tag + if_stage/sd_o,0,60,0.0,0.0
if_stage/sd_o + rf_reg[24],0,60,0.0,0.0
if_stage/sd_o + rf_reg[25],0,60,0.0,0.0
if_stage/sd_o + rf_reg[26],0,60,0.0,0.0
if_stage/sd_o + rf_reg[27],0,60,0.0,0.0
if_stage/sd_o + rf_reg[28],0,60,0.0,0.0
if_stage/sd_o + rf_reg[29],0,60,0.0,0.0
if_stage/sd_o + rf_reg[30],0,60,0.0,0.0
if_stage/sd_o + rf_reg[31],0,60,0.0,0.0
if_stage/sd_o + rs1_o_tag,0,60,0.0,0.0
data_type_q_tag + id_stage/sd_o,0,60,0.0,0.0
data_type_q_tag + ex_stage/sd_o,0,60,0.0,0.0
data_type_q_tag + lsu/sd_o,0,60,0.0,0.0
data_we_q_tag + if_stage/sd_o,0,60,0.0,0.0
id_stage/sd_o + rdata_offset_q_tag,0,60,0.0,0.0
ex_stage/sd_o + rdata_offset_q_tag,0,60,0.0,0.0
lsu/sd_o + rdata_offset_q_tag,0,60,0.0,0.0
alu_operator_o_mode + id_stage/sd_o,0,60,0.0,0.0
if_stage/sd_o + sd_o_rf_tag,0,60,0.0,0.0
ex_stage/hc_o + if_stage/sd_o,0,60,0.0,0.0
alu_operator_o_mode + ex_stage/sd_o,0,60,0.0,0.0
alu_operator_o_mode + lsu/sd_o,0,60,0.0,0.0
ex_stage/hc_o + id_stage/sd_o,0,60,0.0,0.0
if_stage/sd_o + pc_id_o_tag,0,60,0.0,0.0
check_d_o_tag + if_stage/sd_o,0,60,0.0,0.0
ex_stage/hc_o + sd_o_rf_tag,0,60,0.0,0.0
ex_stage/hc_o + ex_stage/sd_o,0,60,0.0,0.0
ex_stage/hc_o + tpr/sd_o_32,0,60,0.0,0.0
ex_stage/hc_o + tcr/sd_o_32,0,60,0.0,0.0
ex_stage/hc_o + lsu/sd_o,0,60,0.0,0.0
check_s1_o_tag + if_stage/sd_o,0,60,0.0,0.0
check_s2_o_tag + if_stage/sd_o,0,60,0.0,0.0
if_stage/sd_o + is_store_post_o_tag,0,60,0.0,0.0
if_stage/sd_o + memory_set_o_tag,0,60,0.0,0.0
if_stage/sd_o + pc_if_o_tag,0,60,0.0,0.0
alu_operand_a_ex_o_tag + if_stage/sd_o,0,60,0.0,0.0
if_stage/sd_o + register_set_o_tag,0,60,0.0,0.0
if_stage/sd_o + store_dest_addr_ex_o_tag,0,60,0.0,0.0
if_stage/sd_o + store_source_ex_o_tag,0,60,0.0,0.0
if_stage/sd_o + use_store_ops_ex_o,0,60,0.0,0.0
if_stage/sd_o + rf_reg[0],0,60,0.0,0.0
if_stage/sd_o + rf_reg[1],0,60,0.0,0.0
if_stage/sd_o + rf_reg[2],0,60,0.0,0.0
if_stage/sd_o + rf_reg[3],0,60,0.0,0.0
if_stage/sd_o + rf_reg[4],0,60,0.0,0.0
if_stage/sd_o + rf_reg[5],0,60,0.0,0.0
if_stage/sd_o + rf_reg[6],0,60,0.0,0.0
if_stage/sd_o + rf_reg[7],0,60,0.0,0.0
if_stage/sd_o + rf_reg[8],0,60,0.0,0.0
alu_operand_a_ex_o_tag + rs1_o_tag/sd_o,0,60,0.0,0.0
alu_operand_a_ex_o_tag + data_we_q_tag/sd_o,0,60,0.0,0.0
alu_operand_a_ex_o_tag + rdata_offset_q_tag/sd_o,0,60,0.0,0.0
alu_operand_a_ex_o_tag + data_type_q_tag/sd_o,0,60,0.0,0.0
alu_operand_a_ex_o_tag + rdata_q_tag/sd_o,0,60,0.0,0.0
check_s1_o_tag/sd_o + rf_reg[0],0,60,0.0,0.0
check_s2_o_tag/sd_o + rf_reg[0],0,60,0.0,0.0
check_d_o_tag/sd_o + rf_reg[0],0,60,0.0,0.0
register_set_o_tag/sd_o + rf_reg[0],0,60,0.0,0.0
is_store_post_o_tag/sd_o + rf_reg[0],0,60,0.0,0.0
memory_set_o_tag/sd_o + rf_reg[0],0,60,0.0,0.0
rf_reg[0] + rs1_o_tag/sd_o,0,60,0.0,0.0
data_we_q_tag/sd_o + rf_reg[0],0,60,0.0,0.0
rdata_offset_q_tag/sd_o + rf_reg[0],0,60,0.0,0.0
data_type_q_tag/sd_o + rf_reg[0],0,60,0.0,0.0
rdata_q_tag/sd_o + rf_reg[0],0,60,0.0,0.0
pc_if_o_tag/sd_o + rf_reg[1],0,60,0.0,0.0
pc_id_o_tag/sd_o + rf_reg[1],0,60,0.0,0.0
alu_operator_o_mode/sd_o + rf_reg[1],0,60,0.0,0.0
rf_reg[1] + store_dest_addr_ex_o_tag/sd_o,0,60,0.0,0.0
rf_reg[1] + store_source_ex_o_tag/sd_o,0,60,0.0,0.0
rf_reg[1] + use_store_ops_ex_o/sd_o,0,60,0.0,0.0
alu_operand_a_ex_o_tag/sd_o + rf_reg[1],0,60,0.0,0.0
alu_operand_b_ex_o_tag/sd_o + rf_reg[1],0,60,0.0,0.0
alu_operand_c_ex_o_tag/sd_o + rf_reg[1],0,60,0.0,0.0
check_s1_o_tag/sd_o + rf_reg[1],0,60,0.0,0.0
check_s2_o_tag/sd_o + rf_reg[1],0,60,0.0,0.0
check_d_o_tag/sd_o + rf_reg[1],0,60,0.0,0.0
register_set_o_tag/sd_o + rf_reg[1],0,60,0.0,0.0
is_store_post_o_tag/sd_o + rf_reg[1],0,60,0.0,0.0
memory_set_o_tag/sd_o + rf_reg[1],0,60,0.0,0.0
rf_reg[1] + rs1_o_tag/sd_o,0,60,0.0,0.0
data_we_q_tag/sd_o + rf_reg[1],0,60,0.0,0.0
rdata_offset_q_tag/sd_o + rf_reg[1],0,60,0.0,0.0
data_type_q_tag/sd_o + rf_reg[1],0,60,0.0,0.0
rdata_q_tag/sd_o + rf_reg[1],0,60,0.0,0.0
pc_if_o_tag/sd_o + rf_reg[2],0,60,0.0,0.0
pc_id_o_tag/sd_o + rf_reg[2],0,60,0.0,0.0
alu_operator_o_mode/sd_o + rf_reg[2],0,60,0.0,0.0
rf_reg[2] + store_dest_addr_ex_o_tag/sd_o,0,60,0.0,0.0
rf_reg[2] + store_source_ex_o_tag/sd_o,0,60,0.0,0.0
rf_reg[2] + use_store_ops_ex_o/sd_o,0,60,0.0,0.0
alu_operand_a_ex_o_tag/sd_o + rf_reg[2],0,60,0.0,0.0
alu_operand_b_ex_o_tag/sd_o + rf_reg[2],0,60,0.0,0.0
alu_operand_c_ex_o_tag/sd_o + rf_reg[2],0,60,0.0,0.0
check_s1_o_tag/sd_o + rf_reg[2],0,60,0.0,0.0
check_s2_o_tag/sd_o + rf_reg[2],0,60,0.0,0.0
check_d_o_tag/sd_o + rf_reg[2],0,60,0.0,0.0
register_set_o_tag/sd_o + rf_reg[2],0,60,0.0,0.0
is_store_post_o_tag/sd_o + rf_reg[2],0,60,0.0,0.0
memory_set_o_tag/sd_o + rf_reg[2],0,60,0.0,0.0
rf_reg[2] + rs1_o_tag/sd_o,0,60,0.0,0.0
data_we_q_tag/sd_o + rf_reg[2],0,60,0.0,0.0
rdata_offset_q_tag/sd_o + rf_reg[2],0,60,0.0,0.0
data_type_q_tag/sd_o + rf_reg[2],0,60,0.0,0.0
rdata_q_tag/sd_o + rf_reg[2],0,60,0.0,0.0
pc_if_o_tag/sd_o + rf_reg[3],0,60,0.0,0.0
pc_id_o_tag/sd_o + rf_reg[3],0,60,0.0,0.0
alu_operator_o_mode/sd_o + rf_reg[3],0,60,0.0,0.0
rf_reg[3] + store_dest_addr_ex_o_tag/sd_o,0,60,0.0,0.0
rf_reg[3] + store_source_ex_o_tag/sd_o,0,60,0.0,0.0
rf_reg[3] + use_store_ops_ex_o/sd_o,0,60,0.0,0.0
alu_operand_a_ex_o_tag/sd_o + rf_reg[3],0,60,0.0,0.0
alu_operand_b_ex_o_tag/sd_o + rf_reg[3],0,60,0.0,0.0
alu_operand_c_ex_o_tag/sd_o + rf_reg[3],0,60,0.0,0.0
check_s1_o_tag/sd_o + rf_reg[3],0,60,0.0,0.0
check_s2_o_tag/sd_o + rf_reg[3],0,60,0.0,0.0
check_d_o_tag/sd_o + rf_reg[3],0,60,0.0,0.0
register_set_o_tag/sd_o + rf_reg[3],0,60,0.0,0.0
is_store_post_o_tag/sd_o + rf_reg[3],0,60,0.0,0.0
memory_set_o_tag/sd_o + rf_reg[3],0,60,0.0,0.0
rf_reg[3] + rs1_o_tag/sd_o,0,60,0.0,0.0
data_we_q_tag/sd_o + rf_reg[3],0,60,0.0,0.0
rdata_offset_q_tag/sd_o + rf_reg[3],0,60,0.0,0.0
data_type_q_tag/sd_o + rf_reg[3],0,60,0.0,0.0
rdata_q_tag/sd_o + rf_reg[3],0,60,0.0,0.0
pc_if_o_tag/sd_o + rf_reg[4],0,60,0.0,0.0
pc_id_o_tag/sd_o + rf_reg[4],0,60,0.0,0.0
alu_operator_o_mode/sd_o + rf_reg[4],0,60,0.0,0.0
rf_reg[4] + store_dest_addr_ex_o_tag/sd_o,0,60,0.0,0.0
rf_reg[4] + store_source_ex_o_tag/sd_o,0,60,0.0,0.0
rf_reg[4] + use_store_ops_ex_o/sd_o,0,60,0.0,0.0
alu_operand_a_ex_o_tag/sd_o + rf_reg[4],0,60,0.0,0.0
alu_operand_b_ex_o_tag/sd_o + rf_reg[4],0,60,0.0,0.0
alu_operand_c_ex_o_tag/sd_o + rf_reg[4],0,60,0.0,0.0
check_s1_o_tag/sd_o + rf_reg[4],0,60,0.0,0.0
check_s2_o_tag/sd_o + rf_reg[4],0,60,0.0,0.0
check_d_o_tag/sd_o + rf_reg[4],0,60,0.0,0.0
register_set_o_tag/sd_o + rf_reg[4],0,60,0.0,0.0
is_store_post_o_tag/sd_o + rf_reg[4],0,60,0.0,0.0
memory_set_o_tag/sd_o + rf_reg[4],0,60,0.0,0.0
rf_reg[4] + rs1_o_tag/sd_o,0,60,0.0,0.0
data_we_q_tag/sd_o + rf_reg[4],0,60,0.0,0.0
rdata_offset_q_tag/sd_o + rf_reg[4],0,60,0.0,0.0
data_type_q_tag/sd_o + rf_reg[4],0,60,0.0,0.0
rdata_q_tag/sd_o + rf_reg[4],0,60,0.0,0.0
pc_if_o_tag/sd_o + rf_reg[5],0,60,0.0,0.0
pc_id_o_tag/sd_o + rf_reg[5],0,60,0.0,0.0
alu_operator_o_mode/sd_o + rf_reg[5],0,60,0.0,0.0
rf_reg[5] + store_dest_addr_ex_o_tag/sd_o,0,60,0.0,0.0
rf_reg[5] + store_source_ex_o_tag/sd_o,0,60,0.0,0.0
rf_reg[5] + use_store_ops_ex_o/sd_o,0,60,0.0,0.0
alu_operand_a_ex_o_tag/sd_o + rf_reg[5],0,60,0.0,0.0
alu_operand_b_ex_o_tag/sd_o + rf_reg[5],0,60,0.0,0.0
alu_operand_c_ex_o_tag/sd_o + rf_reg[5],0,60,0.0,0.0
check_s1_o_tag/sd_o + rf_reg[5],0,60,0.0,0.0
check_s2_o_tag/sd_o + rf_reg[5],0,60,0.0,0.0
check_d_o_tag/sd_o + rf_reg[5],0,60,0.0,0.0
register_set_o_tag/sd_o + rf_reg[5],0,60,0.0,0.0
is_store_post_o_tag/sd_o + rf_reg[5],0,60,0.0,0.0
memory_set_o_tag/sd_o + rf_reg[5],0,60,0.0,0.0
rf_reg[5] + rs1_o_tag/sd_o,0,60,0.0,0.0
data_we_q_tag/sd_o + rf_reg[5],0,60,0.0,0.0
rdata_offset_q_tag/sd_o + rf_reg[5],0,60,0.0,0.0
data_type_q_tag/sd_o + rf_reg[5],0,60,0.0,0.0
rdata_q_tag/sd_o + rf_reg[5],0,60,0.0,0.0
pc_if_o_tag/sd_o + rf_reg[6],0,60,0.0,0.0
pc_id_o_tag/sd_o + rf_reg[6],0,60,0.0,0.0
alu_operator_o_mode/sd_o + rf_reg[6],0,60,0.0,0.0
rf_reg[6] + store_dest_addr_ex_o_tag/sd_o,0,60,0.0,0.0
rf_reg[6] + store_source_ex_o_tag/sd_o,0,60,0.0,0.0
rf_reg[6] + use_store_ops_ex_o/sd_o,0,60,0.0,0.0
alu_operand_a_ex_o_tag/sd_o + rf_reg[6],0,60,0.0,0.0
alu_operand_b_ex_o_tag/sd_o + rf_reg[6],0,60,0.0,0.0
alu_operand_c_ex_o_tag/sd_o + rf_reg[6],0,60,0.0,0.0
check_s1_o_tag/sd_o + rf_reg[6],0,60,0.0,0.0
check_s2_o_tag/sd_o + rf_reg[6],0,60,0.0,0.0
check_d_o_tag/sd_o + rf_reg[6],0,60,0.0,0.0
register_set_o_tag/sd_o + rf_reg[6],0,60,0.0,0.0
is_store_post_o_tag/sd_o + rf_reg[6],0,60,0.0,0.0
memory_set_o_tag/sd_o + rf_reg[6],0,60,0.0,0.0
rf_reg[6] + rs1_o_tag/sd_o,0,60,0.0,0.0
data_we_q_tag/sd_o + rf_reg[6],0,60,0.0,0.0
rdata_offset_q_tag/sd_o + rf_reg[6],0,60,0.0,0.0
data_type_q_tag/sd_o + rf_reg[6],0,60,0.0,0.0
rdata_q_tag/sd_o + rf_reg[6],0,60,0.0,0.0
pc_if_o_tag/sd_o + rf_reg[7],0,60,0.0,0.0
pc_id_o_tag/sd_o + rf_reg[7],0,60,0.0,0.0
alu_operator_o_mode/sd_o + rf_reg[7],0,60,0.0,0.0
rf_reg[7] + store_dest_addr_ex_o_tag/sd_o,0,60,0.0,0.0
rf_reg[7] + store_source_ex_o_tag/sd_o,0,60,0.0,0.0
rf_reg[7] + use_store_ops_ex_o/sd_o,0,60,0.0,0.0
alu_operand_a_ex_o_tag/sd_o + rf_reg[7],0,60,0.0,0.0
alu_operand_b_ex_o_tag/sd_o + rf_reg[7],0,60,0.0,0.0
alu_operand_c_ex_o_tag/sd_o + rf_reg[7],0,60,0.0,0.0
check_s1_o_tag/sd_o + rf_reg[7],0,60,0.0,0.0
check_s2_o_tag/sd_o + rf_reg[7],0,60,0.0,0.0
check_d_o_tag/sd_o + rf_reg[7],0,60,0.0,0.0
register_set_o_tag/sd_o + rf_reg[7],0,60,0.0,0.0
is_store_post_o_tag/sd_o + rf_reg[7],0,60,0.0,0.0
memory_set_o_tag/sd_o + rf_reg[7],0,60,0.0,0.0
alu_operand_b_ex_o_tag + pc_if_o_tag/sd_o,0,60,0.0,0.0
alu_operand_b_ex_o_tag + pc_id_o_tag/sd_o,0,60,0.0,0.0
alu_operand_b_ex_o_tag + alu_operator_o_mode/sd_o,0,60,0.0,0.0
alu_operand_b_ex_o_tag + store_dest_addr_ex_o_tag/sd_o,0,60,0.0,0.0
alu_operand_b_ex_o_tag + store_source_ex_o_tag/sd_o,0,60,0.0,0.0
alu_operand_b_ex_o_tag + use_store_ops_ex_o/sd_o,0,60,0.0,0.0
alu_operand_a_ex_o_tag/sd_o + alu_operand_b_ex_o_tag,0,60,0.0,0.0
alu_operand_b_ex_o_tag + alu_operand_b_ex_o_tag/sd_o,0,60,0.0,0.0
alu_operand_b_ex_o_tag + alu_operand_c_ex_o_tag/sd_o,0,60,0.0,0.0
alu_operand_b_ex_o_tag + check_s1_o_tag/sd_o,0,60,0.0,0.0
alu_operand_b_ex_o_tag + check_s2_o_tag/sd_o,0,60,0.0,0.0
alu_operand_b_ex_o_tag + check_d_o_tag/sd_o,0,60,0.0,0.0
alu_operand_b_ex_o_tag + register_set_o_tag/sd_o,0,60,0.0,0.0
alu_operand_b_ex_o_tag + is_store_post_o_tag/sd_o,0,60,0.0,0.0
alu_operand_b_ex_o_tag + memory_set_o_tag/sd_o,0,60,0.0,0.0
rf_reg[7] + rs1_o_tag/sd_o,0,60,0.0,0.0
data_we_q_tag/sd_o + rf_reg[7],0,60,0.0,0.0
rdata_offset_q_tag/sd_o + rf_reg[7],0,60,0.0,0.0
data_type_q_tag/sd_o + rf_reg[7],0,60,0.0,0.0
rdata_q_tag/sd_o + rf_reg[7],0,60,0.0,0.0
pc_if_o_tag/sd_o + rf_reg[8],0,60,0.0,0.0
pc_id_o_tag/sd_o + rf_reg[8],0,60,0.0,0.0
alu_operator_o_mode/sd_o + rf_reg[8],0,60,0.0,0.0
rf_reg[8] + store_dest_addr_ex_o_tag/sd_o,0,60,0.0,0.0
rf_reg[8] + store_source_ex_o_tag/sd_o,0,60,0.0,0.0
rf_reg[8] + use_store_ops_ex_o/sd_o,0,60,0.0,0.0
alu_operand_a_ex_o_tag/sd_o + rf_reg[8],0,60,0.0,0.0
alu_operand_b_ex_o_tag/sd_o + rf_reg[8],0,60,0.0,0.0
alu_operand_c_ex_o_tag/sd_o + rf_reg[8],0,60,0.0,0.0
check_s1_o_tag/sd_o + rf_reg[8],0,60,0.0,0.0
check_s2_o_tag/sd_o + rf_reg[8],0,60,0.0,0.0
check_d_o_tag/sd_o + rf_reg[8],0,60,0.0,0.0
register_set_o_tag/sd_o + rf_reg[8],0,60,0.0,0.0
is_store_post_o_tag/sd_o + rf_reg[8],0,60,0.0,0.0
memory_set_o_tag/sd_o + rf_reg[8],0,60,0.0,0.0
rf_reg[8] + rs1_o_tag/sd_o,0,60,0.0,0.0
data_we_q_tag/sd_o + rf_reg[8],0,60,0.0,0.0
rdata_offset_q_tag/sd_o + rf_reg[8],0,60,0.0,0.0
data_type_q_tag/sd_o + rf_reg[8],0,60,0.0,0.0
rdata_q_tag/sd_o + rf_reg[8],0,60,0.0,0.0
pc_if_o_tag/sd_o + rf_reg[9],0,60,0.0,0.0
pc_id_o_tag/sd_o + rf_reg[9],0,60,0.0,0.0
alu_operator_o_mode/sd_o + rf_reg[9],0,60,0.0,0.0
rf_reg[9] + store_dest_addr_ex_o_tag/sd_o,0,60,0.0,0.0
rf_reg[9] + store_source_ex_o_tag/sd_o,0,60,0.0,0.0
rf_reg[9] + use_store_ops_ex_o/sd_o,0,60,0.0,0.0
alu_operand_a_ex_o_tag/sd_o + rf_reg[9],0,60,0.0,0.0
alu_operand_b_ex_o_tag/sd_o + rf_reg[9],0,60,0.0,0.0
alu_operand_c_ex_o_tag/sd_o + rf_reg[9],0,60,0.0,0.0
check_s1_o_tag/sd_o + rf_reg[9],0,60,0.0,0.0
check_s2_o_tag/sd_o + rf_reg[9],0,60,0.0,0.0
check_d_o_tag/sd_o + rf_reg[9],0,60,0.0,0.0
register_set_o_tag/sd_o + rf_reg[9],0,60,0.0,0.0
is_store_post_o_tag/sd_o + rf_reg[9],0,60,0.0,0.0
memory_set_o_tag/sd_o + rf_reg[9],0,60,0.0,0.0
rf_reg[9] + rs1_o_tag/sd_o,0,60,0.0,0.0
data_we_q_tag/sd_o + rf_reg[9],0,60,0.0,0.0
rdata_offset_q_tag/sd_o + rf_reg[9],0,60,0.0,0.0
data_type_q_tag/sd_o + rf_reg[9],0,60,0.0,0.0
rdata_q_tag/sd_o + rf_reg[9],0,60,0.0,0.0
pc_if_o_tag/sd_o + rf_reg[10],0,60,0.0,0.0
pc_id_o_tag/sd_o + rf_reg[10],0,60,0.0,0.0
alu_operator_o_mode/sd_o + rf_reg[10],0,60,0.0,0.0
rf_reg[10] + store_dest_addr_ex_o_tag/sd_o,0,60,0.0,0.0
rf_reg[10] + store_source_ex_o_tag/sd_o,0,60,0.0,0.0
rf_reg[10] + use_store_ops_ex_o/sd_o,0,60,0.0,0.0
alu_operand_a_ex_o_tag/sd_o + rf_reg[10],0,60,0.0,0.0
alu_operand_b_ex_o_tag/sd_o + rf_reg[10],0,60,0.0,0.0
alu_operand_c_ex_o_tag/sd_o + rf_reg[10],0,60,0.0,0.0
check_s1_o_tag/sd_o + rf_reg[10],0,60,0.0,0.0
check_s2_o_tag/sd_o + rf_reg[10],0,60,0.0,0.0
check_d_o_tag/sd_o + rf_reg[10],0,60,0.0,0.0
register_set_o_tag/sd_o + rf_reg[10],0,60,0.0,0.0
is_store_post_o_tag/sd_o + rf_reg[10],0,60,0.0,0.0
memory_set_o_tag/sd_o + rf_reg[10],0,60,0.0,0.0
rf_reg[10] + rs1_o_tag/sd_o,0,60,0.0,0.0
data_we_q_tag/sd_o + rf_reg[10],0,60,0.0,0.0
rdata_offset_q_tag/sd_o + rf_reg[10],0,60,0.0,0.0
data_type_q_tag/sd_o + rf_reg[10],0,60,0.0,0.0
rdata_q_tag/sd_o + rf_reg[10],0,60,0.0,0.0
pc_if_o_tag/sd_o + rf_reg[11],0,60,0.0,0.0
pc_id_o_tag/sd_o + rf_reg[11],0,60,0.0,0.0
alu_operand_b_ex_o_tag + rs1_o_tag/sd_o,0,60,0.0,0.0
alu_operator_o_mode/sd_o + rf_reg[11],0,60,0.0,0.0
rf_reg[11] + store_dest_addr_ex_o_tag/sd_o,0,60,0.0,0.0
rf_reg[11] + store_source_ex_o_tag/sd_o,0,60,0.0,0.0
rf_reg[11] + use_store_ops_ex_o/sd_o,0,60,0.0,0.0
alu_operand_a_ex_o_tag/sd_o + rf_reg[11],0,60,0.0,0.0
alu_operand_b_ex_o_tag/sd_o + rf_reg[11],0,60,0.0,0.0
alu_operand_c_ex_o_tag/sd_o + rf_reg[11],0,60,0.0,0.0
check_s1_o_tag/sd_o + rf_reg[11],0,60,0.0,0.0
check_s2_o_tag/sd_o + rf_reg[11],0,60,0.0,0.0
check_d_o_tag/sd_o + rf_reg[11],0,60,0.0,0.0
register_set_o_tag/sd_o + rf_reg[11],0,60,0.0,0.0
is_store_post_o_tag/sd_o + rf_reg[11],0,60,0.0,0.0
memory_set_o_tag/sd_o + rf_reg[11],0,60,0.0,0.0
rf_reg[11] + rs1_o_tag/sd_o,0,60,0.0,0.0
data_we_q_tag/sd_o + rf_reg[11],0,60,0.0,0.0
rdata_offset_q_tag/sd_o + rf_reg[11],0,60,0.0,0.0
data_type_q_tag/sd_o + rf_reg[11],0,60,0.0,0.0
rdata_q_tag/sd_o + rf_reg[11],0,60,0.0,0.0
pc_if_o_tag/sd_o + rf_reg[12],0,60,0.0,0.0
pc_id_o_tag/sd_o + rf_reg[12],0,60,0.0,0.0
alu_operator_o_mode/sd_o + rf_reg[12],0,60,0.0,0.0
rf_reg[12] + store_dest_addr_ex_o_tag/sd_o,0,60,0.0,0.0
rf_reg[12] + store_source_ex_o_tag/sd_o,0,60,0.0,0.0
rf_reg[12] + use_store_ops_ex_o/sd_o,0,60,0.0,0.0
alu_operand_a_ex_o_tag/sd_o + rf_reg[12],0,60,0.0,0.0
alu_operand_b_ex_o_tag/sd_o + rf_reg[12],0,60,0.0,0.0
alu_operand_c_ex_o_tag/sd_o + rf_reg[12],0,60,0.0,0.0
check_s1_o_tag/sd_o + rf_reg[12],0,60,0.0,0.0
check_s2_o_tag/sd_o + rf_reg[12],0,60,0.0,0.0
check_d_o_tag/sd_o + rf_reg[12],0,60,0.0,0.0
register_set_o_tag/sd_o + rf_reg[12],0,60,0.0,0.0
is_store_post_o_tag/sd_o + rf_reg[12],0,60,0.0,0.0
memory_set_o_tag/sd_o + rf_reg[12],0,60,0.0,0.0
rf_reg[12] + rs1_o_tag/sd_o,0,60,0.0,0.0
data_we_q_tag/sd_o + rf_reg[12],0,60,0.0,0.0
rdata_offset_q_tag/sd_o + rf_reg[12],0,60,0.0,0.0
data_type_q_tag/sd_o + rf_reg[12],0,60,0.0,0.0
rdata_q_tag/sd_o + rf_reg[12],0,60,0.0,0.0
pc_if_o_tag/sd_o + rf_reg[13],0,60,0.0,0.0
pc_id_o_tag/sd_o + rf_reg[13],0,60,0.0,0.0
alu_operator_o_mode/sd_o + rf_reg[13],0,60,0.0,0.0
rf_reg[13] + store_dest_addr_ex_o_tag/sd_o,0,60,0.0,0.0
rf_reg[13] + store_source_ex_o_tag/sd_o,0,60,0.0,0.0
rf_reg[13] + use_store_ops_ex_o/sd_o,0,60,0.0,0.0
alu_operand_a_ex_o_tag/sd_o + rf_reg[13],0,60,0.0,0.0
alu_operand_b_ex_o_tag/sd_o + rf_reg[13],0,60,0.0,0.0
alu_operand_c_ex_o_tag/sd_o + rf_reg[13],0,60,0.0,0.0
check_s1_o_tag/sd_o + rf_reg[13],0,60,0.0,0.0
check_s2_o_tag/sd_o + rf_reg[13],0,60,0.0,0.0
check_d_o_tag/sd_o + rf_reg[13],0,60,0.0,0.0
register_set_o_tag/sd_o + rf_reg[13],0,60,0.0,0.0
is_store_post_o_tag/sd_o + rf_reg[13],0,60,0.0,0.0
memory_set_o_tag/sd_o + rf_reg[13],0,60,0.0,0.0
rf_reg[13] + rs1_o_tag/sd_o,0,60,0.0,0.0
data_we_q_tag/sd_o + rf_reg[13],0,60,0.0,0.0
rdata_offset_q_tag/sd_o + rf_reg[13],0,60,0.0,0.0
data_type_q_tag/sd_o + rf_reg[13],0,60,0.0,0.0
rdata_q_tag/sd_o + rf_reg[13],0,60,0.0,0.0
pc_if_o_tag/sd_o + rf_reg[14],0,60,0.0,0.0
pc_id_o_tag/sd_o + rf_reg[14],0,60,0.0,0.0
alu_operator_o_mode/sd_o + rf_reg[14],0,60,0.0,0.0
rf_reg[14] + store_dest_addr_ex_o_tag/sd_o,0,60,0.0,0.0
rf_reg[14] + store_source_ex_o_tag/sd_o,0,60,0.0,0.0
rf_reg[14] + use_store_ops_ex_o/sd_o,0,60,0.0,0.0
alu_operand_a_ex_o_tag/sd_o + rf_reg[14],0,60,0.0,0.0
alu_operand_b_ex_o_tag/sd_o + rf_reg[14],0,60,0.0,0.0
alu_operand_c_ex_o_tag/sd_o + rf_reg[14],0,60,0.0,0.0
check_s1_o_tag/sd_o + rf_reg[14],0,60,0.0,0.0
check_s2_o_tag/sd_o + rf_reg[14],0,60,0.0,0.0
check_d_o_tag/sd_o + rf_reg[14],0,60,0.0,0.0
register_set_o_tag/sd_o + rf_reg[14],0,60,0.0,0.0
is_store_post_o_tag/sd_o + rf_reg[14],0,60,0.0,0.0
memory_set_o_tag/sd_o + rf_reg[14],0,60,0.0,0.0
rf_reg[14] + rs1_o_tag/sd_o,0,60,0.0,0.0
data_we_q_tag/sd_o + rf_reg[14],0,60,0.0,0.0
rdata_offset_q_tag/sd_o + rf_reg[14],0,60,0.0,0.0
data_type_q_tag/sd_o + rf_reg[14],0,60,0.0,0.0
alu_operand_b_ex_o_tag + data_we_q_tag/sd_o,0,60,0.0,0.0
alu_operand_b_ex_o_tag + rdata_offset_q_tag/sd_o,0,60,0.0,0.0
alu_operand_b_ex_o_tag + data_type_q_tag/sd_o,0,60,0.0,0.0
alu_operand_b_ex_o_tag + rdata_q_tag/sd_o,0,60,0.0,0.0
rdata_q_tag/sd_o + rf_reg[14],0,60,0.0,0.0
pc_if_o_tag/sd_o + rf_reg[15],0,60,0.0,0.0
pc_id_o_tag/sd_o + rf_reg[15],0,60,0.0,0.0
alu_operator_o_mode/sd_o + rf_reg[15],0,60,0.0,0.0
rf_reg[15] + store_dest_addr_ex_o_tag/sd_o,0,60,0.0,0.0
rf_reg[15] + store_source_ex_o_tag/sd_o,0,60,0.0,0.0
rf_reg[15] + use_store_ops_ex_o/sd_o,0,60,0.0,0.0
alu_operand_a_ex_o_tag/sd_o + rf_reg[15],0,60,0.0,0.0
alu_operand_b_ex_o_tag/sd_o + rf_reg[15],0,60,0.0,0.0
alu_operand_c_ex_o_tag/sd_o + rf_reg[15],0,60,0.0,0.0
check_s1_o_tag/sd_o + rf_reg[15],0,60,0.0,0.0
check_s2_o_tag/sd_o + rf_reg[15],0,60,0.0,0.0
check_d_o_tag/sd_o + rf_reg[15],0,60,0.0,0.0
register_set_o_tag/sd_o + rf_reg[15],0,60,0.0,0.0
is_store_post_o_tag/sd_o + rf_reg[15],0,60,0.0,0.0
memory_set_o_tag/sd_o + rf_reg[15],0,60,0.0,0.0
rf_reg[15] + rs1_o_tag/sd_o,0,60,0.0,0.0
data_we_q_tag/sd_o + rf_reg[15],0,60,0.0,0.0
rdata_offset_q_tag/sd_o + rf_reg[15],0,60,0.0,0.0
data_type_q_tag/sd_o + rf_reg[15],0,60,0.0,0.0
rdata_q_tag/sd_o + rf_reg[15],0,60,0.0,0.0
pc_if_o_tag/sd_o + rf_reg[16],0,60,0.0,0.0
pc_id_o_tag/sd_o + rf_reg[16],0,60,0.0,0.0
alu_operator_o_mode/sd_o + rf_reg[16],0,60,0.0,0.0
rf_reg[16] + store_dest_addr_ex_o_tag/sd_o,0,60,0.0,0.0
rf_reg[16] + store_source_ex_o_tag/sd_o,0,60,0.0,0.0
rf_reg[16] + use_store_ops_ex_o/sd_o,0,60,0.0,0.0
alu_operand_a_ex_o_tag/sd_o + rf_reg[16],0,60,0.0,0.0
alu_operand_b_ex_o_tag/sd_o + rf_reg[16],0,60,0.0,0.0
alu_operand_c_ex_o_tag/sd_o + rf_reg[16],0,60,0.0,0.0
check_s1_o_tag/sd_o + rf_reg[16],0,60,0.0,0.0
check_s2_o_tag/sd_o + rf_reg[16],0,60,0.0,0.0
check_d_o_tag/sd_o + rf_reg[16],0,60,0.0,0.0
register_set_o_tag/sd_o + rf_reg[16],0,60,0.0,0.0
is_store_post_o_tag/sd_o + rf_reg[16],0,60,0.0,0.0
memory_set_o_tag/sd_o + rf_reg[16],0,60,0.0,0.0
rf_reg[16] + rs1_o_tag/sd_o,0,60,0.0,0.0
data_we_q_tag/sd_o + rf_reg[16],0,60,0.0,0.0
rdata_offset_q_tag/sd_o + rf_reg[16],0,60,0.0,0.0
data_type_q_tag/sd_o + rf_reg[16],0,60,0.0,0.0
rdata_q_tag/sd_o + rf_reg[16],0,60,0.0,0.0
pc_if_o_tag/sd_o + rf_reg[17],0,60,0.0,0.0
pc_id_o_tag/sd_o + rf_reg[17],0,60,0.0,0.0
alu_operator_o_mode/sd_o + rf_reg[17],0,60,0.0,0.0
rf_reg[17] + store_dest_addr_ex_o_tag/sd_o,0,60,0.0,0.0
rf_reg[17] + store_source_ex_o_tag/sd_o,0,60,0.0,0.0
rf_reg[17] + use_store_ops_ex_o/sd_o,0,60,0.0,0.0
alu_operand_a_ex_o_tag/sd_o + rf_reg[17],0,60,0.0,0.0
alu_operand_b_ex_o_tag/sd_o + rf_reg[17],0,60,0.0,0.0
alu_operand_c_ex_o_tag/sd_o + rf_reg[17],0,60,0.0,0.0
check_s1_o_tag/sd_o + rf_reg[17],0,60,0.0,0.0
check_s2_o_tag/sd_o + rf_reg[17],0,60,0.0,0.0
check_d_o_tag/sd_o + rf_reg[17],0,60,0.0,0.0
register_set_o_tag/sd_o + rf_reg[17],0,60,0.0,0.0
is_store_post_o_tag/sd_o + rf_reg[17],0,60,0.0,0.0
memory_set_o_tag/sd_o + rf_reg[17],0,60,0.0,0.0
rf_reg[17] + rs1_o_tag/sd_o,0,60,0.0,0.0
data_we_q_tag/sd_o + rf_reg[17],0,60,0.0,0.0
rdata_offset_q_tag/sd_o + rf_reg[17],0,60,0.0,0.0
data_type_q_tag/sd_o + rf_reg[17],0,60,0.0,0.0
rdata_q_tag/sd_o + rf_reg[17],0,60,0.0,0.0
pc_if_o_tag/sd_o + rf_reg[18],0,60,0.0,0.0
pc_id_o_tag/sd_o + rf_reg[18],0,60,0.0,0.0
alu_operator_o_mode/sd_o + rf_reg[18],0,60,0.0,0.0
rf_reg[18] + store_dest_addr_ex_o_tag/sd_o,0,60,0.0,0.0
rf_reg[18] + store_source_ex_o_tag/sd_o,0,60,0.0,0.0
rf_reg[18] + use_store_ops_ex_o/sd_o,0,60,0.0,0.0
alu_operand_a_ex_o_tag/sd_o + rf_reg[18],0,60,0.0,0.0
alu_operand_b_ex_o_tag/sd_o + rf_reg[18],0,60,0.0,0.0
alu_operand_c_ex_o_tag/sd_o + rf_reg[18],0,60,0.0,0.0
check_s1_o_tag/sd_o + rf_reg[18],0,60,0.0,0.0
check_s2_o_tag/sd_o + rf_reg[18],0,60,0.0,0.0
check_d_o_tag/sd_o + rf_reg[18],0,60,0.0,0.0
register_set_o_tag/sd_o + rf_reg[18],0,60,0.0,0.0
is_store_post_o_tag/sd_o + rf_reg[18],0,60,0.0,0.0
memory_set_o_tag/sd_o + rf_reg[18],0,60,0.0,0.0
rf_reg[18] + rs1_o_tag/sd_o,0,60,0.0,0.0
alu_operand_c_ex_o_tag + pc_if_o_tag/sd_o,0,60,0.0,0.0
alu_operand_c_ex_o_tag + pc_id_o_tag/sd_o,0,60,0.0,0.0
alu_operand_c_ex_o_tag + alu_operator_o_mode/sd_o,0,60,0.0,0.0
alu_operand_c_ex_o_tag + store_dest_addr_ex_o_tag/sd_o,0,60,0.0,0.0
alu_operand_c_ex_o_tag + store_source_ex_o_tag/sd_o,0,60,0.0,0.0
alu_operand_c_ex_o_tag + use_store_ops_ex_o/sd_o,0,60,0.0,0.0
alu_operand_a_ex_o_tag/sd_o + alu_operand_c_ex_o_tag,0,60,0.0,0.0
alu_operand_b_ex_o_tag/sd_o + alu_operand_c_ex_o_tag,0,60,0.0,0.0
alu_operand_c_ex_o_tag + alu_operand_c_ex_o_tag/sd_o,0,60,0.0,0.0
data_we_q_tag/sd_o + rf_reg[18],0,60,0.0,0.0
rdata_offset_q_tag/sd_o + rf_reg[18],0,60,0.0,0.0
data_type_q_tag/sd_o + rf_reg[18],0,60,0.0,0.0
rdata_q_tag/sd_o + rf_reg[18],0,60,0.0,0.0
pc_if_o_tag/sd_o + rf_reg[19],0,60,0.0,0.0
pc_id_o_tag/sd_o + rf_reg[19],0,60,0.0,0.0
alu_operator_o_mode/sd_o + rf_reg[19],0,60,0.0,0.0
rf_reg[19] + store_dest_addr_ex_o_tag/sd_o,0,60,0.0,0.0
rf_reg[19] + store_source_ex_o_tag/sd_o,0,60,0.0,0.0
rf_reg[19] + use_store_ops_ex_o/sd_o,0,60,0.0,0.0
alu_operand_a_ex_o_tag/sd_o + rf_reg[19],0,60,0.0,0.0
alu_operand_b_ex_o_tag/sd_o + rf_reg[19],0,60,0.0,0.0
alu_operand_c_ex_o_tag/sd_o + rf_reg[19],0,60,0.0,0.0
check_s1_o_tag/sd_o + rf_reg[19],0,60,0.0,0.0
check_s2_o_tag/sd_o + rf_reg[19],0,60,0.0,0.0
check_d_o_tag/sd_o + rf_reg[19],0,60,0.0,0.0
register_set_o_tag/sd_o + rf_reg[19],0,60,0.0,0.0
is_store_post_o_tag/sd_o + rf_reg[19],0,60,0.0,0.0
memory_set_o_tag/sd_o + rf_reg[19],0,60,0.0,0.0
rf_reg[19] + rs1_o_tag/sd_o,0,60,0.0,0.0
data_we_q_tag/sd_o + rf_reg[19],0,60,0.0,0.0
rdata_offset_q_tag/sd_o + rf_reg[19],0,60,0.0,0.0
data_type_q_tag/sd_o + rf_reg[19],0,60,0.0,0.0
rdata_q_tag/sd_o + rf_reg[19],0,60,0.0,0.0
pc_if_o_tag/sd_o + rf_reg[20],0,60,0.0,0.0
pc_id_o_tag/sd_o + rf_reg[20],0,60,0.0,0.0
alu_operator_o_mode/sd_o + rf_reg[20],0,60,0.0,0.0
rf_reg[20] + store_dest_addr_ex_o_tag/sd_o,0,60,0.0,0.0
rf_reg[20] + store_source_ex_o_tag/sd_o,0,60,0.0,0.0
rf_reg[20] + use_store_ops_ex_o/sd_o,0,60,0.0,0.0
alu_operand_a_ex_o_tag/sd_o + rf_reg[20],0,60,0.0,0.0
alu_operand_b_ex_o_tag/sd_o + rf_reg[20],0,60,0.0,0.0
alu_operand_c_ex_o_tag/sd_o + rf_reg[20],0,60,0.0,0.0
check_s1_o_tag/sd_o + rf_reg[20],0,60,0.0,0.0
check_s2_o_tag/sd_o + rf_reg[20],0,60,0.0,0.0
check_d_o_tag/sd_o + rf_reg[20],0,60,0.0,0.0
register_set_o_tag/sd_o + rf_reg[20],0,60,0.0,0.0
is_store_post_o_tag/sd_o + rf_reg[20],0,60,0.0,0.0
memory_set_o_tag/sd_o + rf_reg[20],0,60,0.0,0.0
rf_reg[20] + rs1_o_tag/sd_o,0,60,0.0,0.0
data_we_q_tag/sd_o + rf_reg[20],0,60,0.0,0.0
rdata_offset_q_tag/sd_o + rf_reg[20],0,60,0.0,0.0
data_type_q_tag/sd_o + rf_reg[20],0,60,0.0,0.0
rdata_q_tag/sd_o + rf_reg[20],0,60,0.0,0.0
pc_if_o_tag/sd_o + rf_reg[21],0,60,0.0,0.0
pc_id_o_tag/sd_o + rf_reg[21],0,60,0.0,0.0
alu_operator_o_mode/sd_o + rf_reg[21],0,60,0.0,0.0
rf_reg[21] + store_dest_addr_ex_o_tag/sd_o,0,60,0.0,0.0
rf_reg[21] + store_source_ex_o_tag/sd_o,0,60,0.0,0.0
rf_reg[21] + use_store_ops_ex_o/sd_o,0,60,0.0,0.0
alu_operand_a_ex_o_tag/sd_o + rf_reg[21],0,60,0.0,0.0
alu_operand_b_ex_o_tag/sd_o + rf_reg[21],0,60,0.0,0.0
alu_operand_c_ex_o_tag/sd_o + rf_reg[21],0,60,0.0,0.0
check_s1_o_tag/sd_o + rf_reg[21],0,60,0.0,0.0
check_s2_o_tag/sd_o + rf_reg[21],0,60,0.0,0.0
check_d_o_tag/sd_o + rf_reg[21],0,60,0.0,0.0
register_set_o_tag/sd_o + rf_reg[21],0,60,0.0,0.0
is_store_post_o_tag/sd_o + rf_reg[21],0,60,0.0,0.0
memory_set_o_tag/sd_o + rf_reg[21],0,60,0.0,0.0
rf_reg[21] + rs1_o_tag/sd_o,0,60,0.0,0.0
data_we_q_tag/sd_o + rf_reg[21],0,60,0.0,0.0
rdata_offset_q_tag/sd_o + rf_reg[21],0,60,0.0,0.0
data_type_q_tag/sd_o + rf_reg[21],0,60,0.0,0.0
rdata_q_tag/sd_o + rf_reg[21],0,60,0.0,0.0
pc_if_o_tag/sd_o + rf_reg[22],0,60,0.0,0.0
pc_id_o_tag/sd_o + rf_reg[22],0,60,0.0,0.0
alu_operator_o_mode/sd_o + rf_reg[22],0,60,0.0,0.0
rf_reg[22] + store_dest_addr_ex_o_tag/sd_o,0,60,0.0,0.0
rf_reg[22] + store_source_ex_o_tag/sd_o,0,60,0.0,0.0
rf_reg[22] + use_store_ops_ex_o/sd_o,0,60,0.0,0.0
alu_operand_a_ex_o_tag/sd_o + rf_reg[22],0,60,0.0,0.0
alu_operand_b_ex_o_tag/sd_o + rf_reg[22],0,60,0.0,0.0
alu_operand_c_ex_o_tag/sd_o + rf_reg[22],0,60,0.0,0.0
check_s1_o_tag/sd_o + rf_reg[22],0,60,0.0,0.0
check_s2_o_tag/sd_o + rf_reg[22],0,60,0.0,0.0
check_d_o_tag/sd_o + rf_reg[22],0,60,0.0,0.0
register_set_o_tag/sd_o + rf_reg[22],0,60,0.0,0.0
is_store_post_o_tag/sd_o + rf_reg[22],0,60,0.0,0.0
memory_set_o_tag/sd_o + rf_reg[22],0,60,0.0,0.0
rf_reg[22] + rs1_o_tag/sd_o,0,60,0.0,0.0
alu_operand_c_ex_o_tag + check_s1_o_tag/sd_o,0,60,0.0,0.0
alu_operand_c_ex_o_tag + check_s2_o_tag/sd_o,0,60,0.0,0.0
alu_operand_c_ex_o_tag + check_d_o_tag/sd_o,0,60,0.0,0.0
alu_operand_c_ex_o_tag + register_set_o_tag/sd_o,0,60,0.0,0.0
alu_operand_c_ex_o_tag + is_store_post_o_tag/sd_o,0,60,0.0,0.0
alu_operand_c_ex_o_tag + memory_set_o_tag/sd_o,0,60,0.0,0.0
alu_operand_c_ex_o_tag + rs1_o_tag/sd_o,0,60,0.0,0.0
data_we_q_tag/sd_o + rf_reg[22],0,60,0.0,0.0
rdata_offset_q_tag/sd_o + rf_reg[22],0,60,0.0,0.0
data_type_q_tag/sd_o + rf_reg[22],0,60,0.0,0.0
rdata_q_tag/sd_o + rf_reg[22],0,60,0.0,0.0
pc_if_o_tag/sd_o + rf_reg[23],0,60,0.0,0.0
pc_id_o_tag/sd_o + rf_reg[23],0,60,0.0,0.0
alu_operator_o_mode/sd_o + rf_reg[23],0,60,0.0,0.0
rf_reg[23] + store_dest_addr_ex_o_tag/sd_o,0,60,0.0,0.0
rf_reg[23] + store_source_ex_o_tag/sd_o,0,60,0.0,0.0
rf_reg[23] + use_store_ops_ex_o/sd_o,0,60,0.0,0.0
alu_operand_a_ex_o_tag/sd_o + rf_reg[23],0,60,0.0,0.0
alu_operand_b_ex_o_tag/sd_o + rf_reg[23],0,60,0.0,0.0
alu_operand_c_ex_o_tag/sd_o + rf_reg[23],0,60,0.0,0.0
check_s1_o_tag/sd_o + rf_reg[23],0,60,0.0,0.0
check_s2_o_tag/sd_o + rf_reg[23],0,60,0.0,0.0
check_d_o_tag/sd_o + rf_reg[23],0,60,0.0,0.0
register_set_o_tag/sd_o + rf_reg[23],0,60,0.0,0.0
is_store_post_o_tag/sd_o + rf_reg[23],0,60,0.0,0.0
memory_set_o_tag/sd_o + rf_reg[23],0,60,0.0,0.0
rf_reg[23] + rs1_o_tag/sd_o,0,60,0.0,0.0
data_we_q_tag/sd_o + rf_reg[23],0,60,0.0,0.0
rdata_offset_q_tag/sd_o + rf_reg[23],0,60,0.0,0.0
data_type_q_tag/sd_o + rf_reg[23],0,60,0.0,0.0
rdata_q_tag/sd_o + rf_reg[23],0,60,0.0,0.0
pc_if_o_tag/sd_o + rf_reg[24],0,60,0.0,0.0
pc_id_o_tag/sd_o + rf_reg[24],0,60,0.0,0.0
alu_operator_o_mode/sd_o + rf_reg[24],0,60,0.0,0.0
rf_reg[24] + store_dest_addr_ex_o_tag/sd_o,0,60,0.0,0.0
rf_reg[24] + store_source_ex_o_tag/sd_o,0,60,0.0,0.0
rf_reg[24] + use_store_ops_ex_o/sd_o,0,60,0.0,0.0
alu_operand_a_ex_o_tag/sd_o + rf_reg[24],0,60,0.0,0.0
alu_operand_b_ex_o_tag/sd_o + rf_reg[24],0,60,0.0,0.0
alu_operand_c_ex_o_tag/sd_o + rf_reg[24],0,60,0.0,0.0
check_s1_o_tag/sd_o + rf_reg[24],0,60,0.0,0.0
check_s2_o_tag/sd_o + rf_reg[24],0,60,0.0,0.0
check_d_o_tag/sd_o + rf_reg[24],0,60,0.0,0.0
register_set_o_tag/sd_o + rf_reg[24],0,60,0.0,0.0
is_store_post_o_tag/sd_o + rf_reg[24],0,60,0.0,0.0
memory_set_o_tag/sd_o + rf_reg[24],0,60,0.0,0.0
rf_reg[24] + rs1_o_tag/sd_o,0,60,0.0,0.0
data_we_q_tag/sd_o + rf_reg[24],0,60,0.0,0.0
rdata_offset_q_tag/sd_o + rf_reg[24],0,60,0.0,0.0
data_type_q_tag/sd_o + rf_reg[24],0,60,0.0,0.0
rdata_q_tag/sd_o + rf_reg[24],0,60,0.0,0.0
pc_if_o_tag/sd_o + rf_reg[25],0,60,0.0,0.0
pc_id_o_tag/sd_o + rf_reg[25],0,60,0.0,0.0
alu_operator_o_mode/sd_o + rf_reg[25],0,60,0.0,0.0
rf_reg[25] + store_dest_addr_ex_o_tag/sd_o,0,60,0.0,0.0
rf_reg[25] + store_source_ex_o_tag/sd_o,0,60,0.0,0.0
rf_reg[25] + use_store_ops_ex_o/sd_o,0,60,0.0,0.0
alu_operand_a_ex_o_tag/sd_o + rf_reg[25],0,60,0.0,0.0
alu_operand_b_ex_o_tag/sd_o + rf_reg[25],0,60,0.0,0.0
alu_operand_c_ex_o_tag/sd_o + rf_reg[25],0,60,0.0,0.0
check_s1_o_tag/sd_o + rf_reg[25],0,60,0.0,0.0
check_s2_o_tag/sd_o + rf_reg[25],0,60,0.0,0.0
check_d_o_tag/sd_o + rf_reg[25],0,60,0.0,0.0
register_set_o_tag/sd_o + rf_reg[25],0,60,0.0,0.0
is_store_post_o_tag/sd_o + rf_reg[25],0,60,0.0,0.0
memory_set_o_tag/sd_o + rf_reg[25],0,60,0.0,0.0
rf_reg[25] + rs1_o_tag/sd_o,0,60,0.0,0.0
data_we_q_tag/sd_o + rf_reg[25],0,60,0.0,0.0
rdata_offset_q_tag/sd_o + rf_reg[25],0,60,0.0,0.0
data_type_q_tag/sd_o + rf_reg[25],0,60,0.0,0.0
rdata_q_tag/sd_o + rf_reg[25],0,60,0.0,0.0
pc_if_o_tag/sd_o + rf_reg[26],0,60,0.0,0.0
pc_id_o_tag/sd_o + rf_reg[26],0,60,0.0,0.0
alu_operator_o_mode/sd_o + rf_reg[26],0,60,0.0,0.0
rf_reg[26] + store_dest_addr_ex_o_tag/sd_o,0,60,0.0,0.0
rf_reg[26] + store_source_ex_o_tag/sd_o,0,60,0.0,0.0
rf_reg[26] + use_store_ops_ex_o/sd_o,0,60,0.0,0.0
alu_operand_a_ex_o_tag/sd_o + rf_reg[26],0,60,0.0,0.0
alu_operand_b_ex_o_tag/sd_o + rf_reg[26],0,60,0.0,0.0
alu_operand_c_ex_o_tag/sd_o + rf_reg[26],0,60,0.0,0.0
check_s1_o_tag/sd_o + rf_reg[26],0,60,0.0,0.0
check_s2_o_tag/sd_o + rf_reg[26],0,60,0.0,0.0
check_d_o_tag/sd_o + rf_reg[26],0,60,0.0,0.0
register_set_o_tag/sd_o + rf_reg[26],0,60,0.0,0.0
is_store_post_o_tag/sd_o + rf_reg[26],0,60,0.0,0.0
memory_set_o_tag/sd_o + rf_reg[26],0,60,0.0,0.0
rf_reg[26] + rs1_o_tag/sd_o,0,60,0.0,0.0
alu_operand_c_ex_o_tag + data_we_q_tag/sd_o,0,60,0.0,0.0
alu_operand_c_ex_o_tag + rdata_offset_q_tag/sd_o,0,60,0.0,0.0
alu_operand_c_ex_o_tag + data_type_q_tag/sd_o,0,60,0.0,0.0
alu_operand_c_ex_o_tag + rdata_q_tag/sd_o,0,60,0.0,0.0
data_we_q_tag/sd_o + rf_reg[26],0,60,0.0,0.0
rdata_offset_q_tag/sd_o + rf_reg[26],0,60,0.0,0.0
data_type_q_tag/sd_o + rf_reg[26],0,60,0.0,0.0
rdata_q_tag/sd_o + rf_reg[26],0,60,0.0,0.0
pc_if_o_tag/sd_o + rf_reg[27],0,60,0.0,0.0
pc_id_o_tag/sd_o + rf_reg[27],0,60,0.0,0.0
alu_operator_o_mode/sd_o + rf_reg[27],0,60,0.0,0.0
rf_reg[27] + store_dest_addr_ex_o_tag/sd_o,0,60,0.0,0.0
rf_reg[27] + store_source_ex_o_tag/sd_o,0,60,0.0,0.0
rf_reg[27] + use_store_ops_ex_o/sd_o,0,60,0.0,0.0
alu_operand_a_ex_o_tag/sd_o + rf_reg[27],0,60,0.0,0.0
alu_operand_b_ex_o_tag/sd_o + rf_reg[27],0,60,0.0,0.0
alu_operand_c_ex_o_tag/sd_o + rf_reg[27],0,60,0.0,0.0
check_s1_o_tag/sd_o + rf_reg[27],0,60,0.0,0.0
check_s2_o_tag/sd_o + rf_reg[27],0,60,0.0,0.0
check_d_o_tag/sd_o + rf_reg[27],0,60,0.0,0.0
register_set_o_tag/sd_o + rf_reg[27],0,60,0.0,0.0
is_store_post_o_tag/sd_o + rf_reg[27],0,60,0.0,0.0
memory_set_o_tag/sd_o + rf_reg[27],0,60,0.0,0.0
rf_reg[27] + rs1_o_tag/sd_o,0,60,0.0,0.0
data_we_q_tag/sd_o + rf_reg[27],0,60,0.0,0.0
rdata_offset_q_tag/sd_o + rf_reg[27],0,60,0.0,0.0
data_type_q_tag/sd_o + rf_reg[27],0,60,0.0,0.0
rdata_q_tag/sd_o + rf_reg[27],0,60,0.0,0.0
pc_if_o_tag/sd_o + rf_reg[28],0,60,0.0,0.0
pc_id_o_tag/sd_o + rf_reg[28],0,60,0.0,0.0
alu_operator_o_mode/sd_o + rf_reg[28],0,60,0.0,0.0
rf_reg[28] + store_dest_addr_ex_o_tag/sd_o,0,60,0.0,0.0
rf_reg[28] + store_source_ex_o_tag/sd_o,0,60,0.0,0.0
rf_reg[28] + use_store_ops_ex_o/sd_o,0,60,0.0,0.0
alu_operand_a_ex_o_tag/sd_o + rf_reg[28],0,60,0.0,0.0
alu_operand_b_ex_o_tag/sd_o + rf_reg[28],0,60,0.0,0.0
alu_operand_c_ex_o_tag/sd_o + rf_reg[28],0,60,0.0,0.0
check_s1_o_tag/sd_o + rf_reg[28],0,60,0.0,0.0
check_s2_o_tag/sd_o + rf_reg[28],0,60,0.0,0.0
check_d_o_tag/sd_o + rf_reg[28],0,60,0.0,0.0
register_set_o_tag/sd_o + rf_reg[28],0,60,0.0,0.0
is_store_post_o_tag/sd_o + rf_reg[28],0,60,0.0,0.0
memory_set_o_tag/sd_o + rf_reg[28],0,60,0.0,0.0
rf_reg[28] + rs1_o_tag/sd_o,0,60,0.0,0.0
data_we_q_tag/sd_o + rf_reg[28],0,60,0.0,0.0
rdata_offset_q_tag/sd_o + rf_reg[28],0,60,0.0,0.0
data_type_q_tag/sd_o + rf_reg[28],0,60,0.0,0.0
rdata_q_tag/sd_o + rf_reg[28],0,60,0.0,0.0
pc_if_o_tag/sd_o + rf_reg[29],0,60,0.0,0.0
pc_id_o_tag/sd_o + rf_reg[29],0,60,0.0,0.0
alu_operator_o_mode/sd_o + rf_reg[29],0,60,0.0,0.0
rf_reg[29] + store_dest_addr_ex_o_tag/sd_o,0,60,0.0,0.0
rf_reg[29] + store_source_ex_o_tag/sd_o,0,60,0.0,0.0
rf_reg[29] + use_store_ops_ex_o/sd_o,0,60,0.0,0.0
alu_operand_a_ex_o_tag/sd_o + rf_reg[29],0,60,0.0,0.0
alu_operand_b_ex_o_tag/sd_o + rf_reg[29],0,60,0.0,0.0
alu_operand_c_ex_o_tag/sd_o + rf_reg[29],0,60,0.0,0.0
check_s1_o_tag/sd_o + rf_reg[29],0,60,0.0,0.0
check_s2_o_tag/sd_o + rf_reg[29],0,60,0.0,0.0
check_d_o_tag/sd_o + rf_reg[29],0,60,0.0,0.0
register_set_o_tag/sd_o + rf_reg[29],0,60,0.0,0.0
is_store_post_o_tag/sd_o + rf_reg[29],0,60,0.0,0.0
memory_set_o_tag/sd_o + rf_reg[29],0,60,0.0,0.0
rf_reg[29] + rs1_o_tag/sd_o,0,60,0.0,0.0
data_we_q_tag/sd_o + rf_reg[29],0,60,0.0,0.0
rdata_offset_q_tag/sd_o + rf_reg[29],0,60,0.0,0.0
data_type_q_tag/sd_o + rf_reg[29],0,60,0.0,0.0
rdata_q_tag/sd_o + rf_reg[29],0,60,0.0,0.0
pc_if_o_tag/sd_o + rf_reg[30],0,60,0.0,0.0
pc_id_o_tag/sd_o + rf_reg[30],0,60,0.0,0.0
alu_operator_o_mode/sd_o + rf_reg[30],0,60,0.0,0.0
rf_reg[30] + store_dest_addr_ex_o_tag/sd_o,0,60,0.0,0.0
rf_reg[30] + store_source_ex_o_tag/sd_o,0,60,0.0,0.0
rf_reg[30] + use_store_ops_ex_o/sd_o,0,60,0.0,0.0
alu_operand_a_ex_o_tag/sd_o + rf_reg[30],0,60,0.0,0.0
alu_operand_b_ex_o_tag/sd_o + rf_reg[30],0,60,0.0,0.0
alu_operand_c_ex_o_tag/sd_o + rf_reg[30],0,60,0.0,0.0
check_s1_o_tag/sd_o + rf_reg[30],0,60,0.0,0.0
check_s2_o_tag/sd_o + rf_reg[30],0,60,0.0,0.0
check_d_o_tag/sd_o + rf_reg[30],0,60,0.0,0.0
register_set_o_tag/sd_o + rf_reg[30],0,60,0.0,0.0
is_store_post_o_tag/sd_o + rf_reg[30],0,60,0.0,0.0
memory_set_o_tag/sd_o + rf_reg[30],0,60,0.0,0.0
rf_reg[30] + rs1_o_tag/sd_o,0,60,0.0,0.0
data_we_q_tag/sd_o + rf_reg[30],0,60,0.0,0.0
rdata_offset_q_tag/sd_o + rf_reg[30],0,60,0.0,0.0
data_type_q_tag/sd_o + rf_reg[30],0,60,0.0,0.0
rdata_q_tag/sd_o + rf_reg[30],0,60,0.0,0.0
pc_if_o_tag/sd_o + rf_reg[31],0,60,0.0,0.0
pc_id_o_tag/sd_o + rf_reg[31],0,60,0.0,0.0
alu_operator_o_mode/sd_o + rf_reg[31],0,60,0.0,0.0
rf_reg[31] + store_dest_addr_ex_o_tag/sd_o,0,60,0.0,0.0
rf_reg[31] + store_source_ex_o_tag/sd_o,0,60,0.0,0.0
rf_reg[31] + use_store_ops_ex_o/sd_o,0,60,0.0,0.0
alu_operand_a_ex_o_tag/sd_o + rf_reg[31],0,60,0.0,0.0
alu_operand_b_ex_o_tag/sd_o + rf_reg[31],0,60,0.0,0.0
alu_operand_c_ex_o_tag/sd_o + rf_reg[31],0,60,0.0,0.0
check_s1_o_tag/sd_o + rf_reg[31],0,60,0.0,0.0
check_s2_o_tag/sd_o + rf_reg[31],0,60,0.0,0.0
check_d_o_tag/sd_o + rf_reg[31],0,60,0.0,0.0
register_set_o_tag/sd_o + rf_reg[31],0,60,0.0,0.0
is_store_post_o_tag/sd_o + rf_reg[31],0,60,0.0,0.0
memory_set_o_tag/sd_o + rf_reg[31],0,60,0.0,0.0
rf_reg[31] + rs1_o_tag/sd_o,0,60,0.0,0.0
data_we_q_tag/sd_o + rf_reg[31],0,60,0.0,0.0
rdata_offset_q_tag/sd_o + rf_reg[31],0,60,0.0,0.0
data_type_q_tag/sd_o + rf_reg[31],0,60,0.0,0.0
rdata_q_tag/sd_o + rf_reg[31],0,60,0.0,0.0
pc_if_o_tag/sd_o + rs1_o_tag,0,60,0.0,0.0
pc_id_o_tag/sd_o + rs1_o_tag,0,60,0.0,0.0
alu_operator_o_mode/sd_o + rs1_o_tag,0,60,0.0,0.0
rs1_o_tag + store_dest_addr_ex_o_tag/sd_o,0,60,0.0,0.0
rs1_o_tag + store_source_ex_o_tag/sd_o,0,60,0.0,0.0
rs1_o_tag + use_store_ops_ex_o/sd_o,0,60,0.0,0.0
alu_operand_a_ex_o_tag/sd_o + rs1_o_tag,0,60,0.0,0.0
alu_operand_b_ex_o_tag/sd_o + rs1_o_tag,0,60,0.0,0.0
alu_operand_c_ex_o_tag/sd_o + rs1_o_tag,0,60,0.0,0.0
check_s1_o_tag/sd_o + rs1_o_tag,0,60,0.0,0.0
check_s2_o_tag/sd_o + rs1_o_tag,0,60,0.0,0.0
check_d_o_tag/sd_o + rs1_o_tag,0,60,0.0,0.0
register_set_o_tag/sd_o + rs1_o_tag,0,60,0.0,0.0
is_store_post_o_tag/sd_o + rs1_o_tag,0,60,0.0,0.0
memory_set_o_tag/sd_o + rs1_o_tag,0,60,0.0,0.0
rs1_o_tag + rs1_o_tag/sd_o,0,60,0.0,0.0
data_we_q_tag/sd_o + rs1_o_tag,0,60,0.0,0.0
rdata_offset_q_tag/sd_o + rs1_o_tag,0,60,0.0,0.0
data_type_q_tag/sd_o + rs1_o_tag,0,60,0.0,0.0
rdata_q_tag/sd_o + rs1_o_tag,0,60,0.0,0.0
data_we_q_tag + pc_if_o_tag/sd_o,0,60,0.0,0.0
data_we_q_tag + pc_id_o_tag/sd_o,0,60,0.0,0.0
alu_operator_o_mode/sd_o + data_we_q_tag,0,60,0.0,0.0
data_we_q_tag + store_dest_addr_ex_o_tag/sd_o,0,60,0.0,0.0
data_we_q_tag + store_source_ex_o_tag/sd_o,0,60,0.0,0.0
data_we_q_tag + use_store_ops_ex_o/sd_o,0,60,0.0,0.0
alu_operand_a_ex_o_tag/sd_o + data_we_q_tag,0,60,0.0,0.0
alu_operand_b_ex_o_tag/sd_o + data_we_q_tag,0,60,0.0,0.0
alu_operand_c_ex_o_tag/sd_o + data_we_q_tag,0,60,0.0,0.0
check_s1_o_tag/sd_o + data_we_q_tag,0,60,0.0,0.0
check_s2_o_tag/sd_o + data_we_q_tag,0,60,0.0,0.0
check_d_o_tag/sd_o + data_we_q_tag,0,60,0.0,0.0
data_we_q_tag + register_set_o_tag/sd_o,0,60,0.0,0.0
data_we_q_tag + is_store_post_o_tag/sd_o,0,60,0.0,0.0
data_we_q_tag + memory_set_o_tag/sd_o,0,60,0.0,0.0
data_we_q_tag + rs1_o_tag/sd_o,0,60,0.0,0.0
data_we_q_tag + data_we_q_tag/sd_o,0,60,0.0,0.0
data_we_q_tag + rdata_offset_q_tag/sd_o,0,60,0.0,0.0
data_type_q_tag/sd_o + data_we_q_tag,0,60,0.0,0.0
data_we_q_tag + rdata_q_tag/sd_o,0,60,0.0,0.0
pc_id_o_tag + pc_if_o_tag/sd_o,0,60,0.0,0.0
pc_id_o_tag + pc_id_o_tag/sd_o,0,60,0.0,0.0
alu_operator_o_mode/sd_o + pc_id_o_tag,0,60,0.0,0.0
pc_id_o_tag + store_dest_addr_ex_o_tag/sd_o,0,60,0.0,0.0
pc_id_o_tag + store_source_ex_o_tag/sd_o,0,60,0.0,0.0
pc_id_o_tag + use_store_ops_ex_o/sd_o,0,60,0.0,0.0
alu_operand_a_ex_o_tag/sd_o + pc_id_o_tag,0,60,0.0,0.0
alu_operand_b_ex_o_tag/sd_o + pc_id_o_tag,0,60,0.0,0.0
alu_operand_c_ex_o_tag/sd_o + pc_id_o_tag,0,60,0.0,0.0
check_s1_o_tag/sd_o + pc_id_o_tag,0,60,0.0,0.0
check_s2_o_tag/sd_o + pc_id_o_tag,0,60,0.0,0.0
check_d_o_tag/sd_o + pc_id_o_tag,0,60,0.0,0.0
pc_id_o_tag + register_set_o_tag/sd_o,0,60,0.0,0.0
is_store_post_o_tag/sd_o + pc_id_o_tag,0,60,0.0,0.0
memory_set_o_tag/sd_o + pc_id_o_tag,0,60,0.0,0.0
pc_if_o_tag/hc_o + tpr/sd_o_32,0,60,0.0,0.0
pc_if_o_tag/hc_o + tcr/sd_o_32,0,60,0.0,0.0
pc_id_o_tag/sd_o + pc_if_o_tag/sd_o,0,60,0.0,0.0
pc_if_o_tag/sd_o + sd_o_5,0,60,0.0,0.0
alu_operator_o_mode/sd_o + pc_if_o_tag/sd_o,0,60,0.0,0.0
pc_if_o_tag/sd_o + store_dest_addr_ex_o_tag/sd_o,0,60,0.0,0.0
pc_if_o_tag/sd_o + store_source_ex_o_tag/sd_o,0,60,0.0,0.0
pc_if_o_tag/sd_o + use_store_ops_ex_o/sd_o,0,60,0.0,0.0
alu_operand_a_ex_o_tag/sd_o + pc_if_o_tag/sd_o,0,60,0.0,0.0
alu_operand_b_ex_o_tag/sd_o + pc_if_o_tag/sd_o,0,60,0.0,0.0
alu_operand_c_ex_o_tag/sd_o + pc_if_o_tag/sd_o,0,60,0.0,0.0
check_s1_o_tag/sd_o + pc_if_o_tag/sd_o,0,60,0.0,0.0
check_s2_o_tag/sd_o + pc_if_o_tag/sd_o,0,60,0.0,0.0
check_d_o_tag/sd_o + pc_if_o_tag/sd_o,0,60,0.0,0.0
pc_if_o_tag/sd_o + register_set_o_tag/sd_o,0,60,0.0,0.0
is_store_post_o_tag/sd_o + pc_if_o_tag/sd_o,0,60,0.0,0.0
memory_set_o_tag/sd_o + pc_if_o_tag/sd_o,0,60,0.0,0.0
pc_if_o_tag/sd_o + sd_o_rf_tag,0,60,0.0,0.0
pc_if_o_tag/sd_o + rs1_o_tag/sd_o,0,60,0.0,0.0
data_we_q_tag/sd_o + pc_if_o_tag/sd_o,0,60,0.0,0.0
pc_if_o_tag/sd_o + rdata_offset_q_tag/sd_o,0,60,0.0,0.0
data_type_q_tag/sd_o + pc_if_o_tag/sd_o,0,60,0.0,0.0
pc_if_o_tag/sd_o + rdata_q_tag/sd_o,0,60,0.0,0.0
pc_id_o_tag/hc_o + tpr/sd_o_32,0,60,0.0,0.0
pc_id_o_tag/hc_o + tcr/sd_o_32,0,60,0.0,0.0
pc_id_o_tag/sd_o + sd_o_5,0,60,0.0,0.0
alu_operator_o_mode/sd_o + pc_id_o_tag/sd_o,0,60,0.0,0.0
pc_id_o_tag/sd_o + store_dest_addr_ex_o_tag/sd_o,0,60,0.0,0.0
pc_id_o_tag/sd_o + store_source_ex_o_tag/sd_o,0,60,0.0,0.0
pc_id_o_tag/sd_o + use_store_ops_ex_o/sd_o,0,60,0.0,0.0
alu_operand_a_ex_o_tag/sd_o + pc_id_o_tag/sd_o,0,60,0.0,0.0
alu_operand_b_ex_o_tag/sd_o + pc_id_o_tag/sd_o,0,60,0.0,0.0
alu_operand_c_ex_o_tag/sd_o + pc_id_o_tag/sd_o,0,60,0.0,0.0
check_s1_o_tag/sd_o + pc_id_o_tag/sd_o,0,60,0.0,0.0
check_s2_o_tag/sd_o + pc_id_o_tag/sd_o,0,60,0.0,0.0
check_d_o_tag/sd_o + pc_id_o_tag/sd_o,0,60,0.0,0.0
pc_id_o_tag/sd_o + register_set_o_tag/sd_o,0,60,0.0,0.0
is_store_post_o_tag/sd_o + pc_id_o_tag/sd_o,0,60,0.0,0.0
memory_set_o_tag/sd_o + pc_id_o_tag/sd_o,0,60,0.0,0.0
pc_id_o_tag/sd_o + sd_o_rf_tag,0,60,0.0,0.0
pc_id_o_tag/sd_o + rs1_o_tag/sd_o,0,60,0.0,0.0
data_we_q_tag/sd_o + pc_id_o_tag/sd_o,0,60,0.0,0.0
pc_id_o_tag/sd_o + rdata_offset_q_tag/sd_o,0,60,0.0,0.0
data_type_q_tag/sd_o + pc_id_o_tag/sd_o,0,60,0.0,0.0
pc_id_o_tag/sd_o + rdata_q_tag/sd_o,0,60,0.0,0.0
alu_operator_o_mode/sd_o + sd_o_5,0,60,0.0,0.0
sd_o_5 + store_dest_addr_ex_o_tag/sd_o,0,60,0.0,0.0
sd_o_5 + store_source_ex_o_tag/sd_o,0,60,0.0,0.0
sd_o_5 + use_store_ops_ex_o/sd_o,0,60,0.0,0.0
alu_operand_a_ex_o_tag/sd_o + sd_o_5,0,60,0.0,0.0
alu_operand_b_ex_o_tag/sd_o + sd_o_5,0,60,0.0,0.0
alu_operand_c_ex_o_tag/sd_o + sd_o_5,0,60,0.0,0.0
check_s1_o_tag/sd_o + sd_o_5,0,60,0.0,0.0
check_s2_o_tag/sd_o + sd_o_5,0,60,0.0,0.0
check_d_o_tag/sd_o + sd_o_5,0,60,0.0,0.0
register_set_o_tag/sd_o + sd_o_5,0,60,0.0,0.0
is_store_post_o_tag/sd_o + sd_o_5,0,60,0.0,0.0
memory_set_o_tag/sd_o + sd_o_5,0,60,0.0,0.0
rs1_o_tag/sd_o + sd_o_5,0,60,0.0,0.0
data_we_q_tag/sd_o + sd_o_5,0,60,0.0,0.0
rdata_offset_q_tag/sd_o + sd_o_5,0,60,0.0,0.0
data_type_q_tag/sd_o + sd_o_5,0,60,0.0,0.0
rdata_q_tag/sd_o + sd_o_5,0,60,0.0,0.0
check_d_o_tag + pc_if_o_tag/sd_o,0,60,0.0,0.0
check_d_o_tag + pc_id_o_tag/sd_o,0,60,0.0,0.0
alu_operator_o_mode/sd_o + check_d_o_tag,0,60,0.0,0.0
check_d_o_tag + store_dest_addr_ex_o_tag/sd_o,0,60,0.0,0.0
check_d_o_tag + store_source_ex_o_tag/sd_o,0,60,0.0,0.0
check_d_o_tag + use_store_ops_ex_o/sd_o,0,60,0.0,0.0
alu_operand_a_ex_o_tag/sd_o + check_d_o_tag,0,60,0.0,0.0
alu_operand_b_ex_o_tag/sd_o + check_d_o_tag,0,60,0.0,0.0
alu_operand_c_ex_o_tag/sd_o + check_d_o_tag,0,60,0.0,0.0
check_d_o_tag + check_s1_o_tag/sd_o,0,60,0.0,0.0
check_d_o_tag + check_s2_o_tag/sd_o,0,60,0.0,0.0
check_d_o_tag + check_d_o_tag/sd_o,0,60,0.0,0.0
check_d_o_tag + register_set_o_tag/sd_o,0,60,0.0,0.0
check_d_o_tag + is_store_post_o_tag/sd_o,0,60,0.0,0.0
check_d_o_tag + memory_set_o_tag/sd_o,0,60,0.0,0.0
alu_operator_o_mode/sd_o + store_dest_addr_ex_o_tag/sd_o,0,60,0.0,0.0
alu_operator_o_mode/sd_o + store_source_ex_o_tag/sd_o,0,60,0.0,0.0
alu_operator_o_mode/sd_o + use_store_ops_ex_o/sd_o,0,60,0.0,0.0
alu_operand_a_ex_o_tag/sd_o + alu_operator_o_mode/sd_o,0,60,0.0,0.0
alu_operand_b_ex_o_tag/sd_o + alu_operator_o_mode/sd_o,0,60,0.0,0.0
alu_operand_c_ex_o_tag/sd_o + alu_operator_o_mode/sd_o,0,60,0.0,0.0
alu_operator_o_mode/sd_o + check_s1_o_tag/sd_o,0,60,0.0,0.0
alu_operator_o_mode/sd_o + check_s2_o_tag/sd_o,0,60,0.0,0.0
alu_operator_o_mode/sd_o + check_d_o_tag/sd_o,0,60,0.0,0.0
alu_operator_o_mode/sd_o + register_set_o_tag/sd_o,0,60,0.0,0.0
alu_operator_o_mode/sd_o + is_store_post_o_tag/sd_o,0,60,0.0,0.0
alu_operator_o_mode/sd_o + memory_set_o_tag/sd_o,0,60,0.0,0.0
alu_operator_o_mode/sd_o + sd_o_rf_tag,0,60,0.0,0.0
alu_operator_o_mode/sd_o + rs1_o_tag/sd_o,0,60,0.0,0.0
alu_operator_o_mode/sd_o + data_we_q_tag/sd_o,0,60,0.0,0.0
alu_operator_o_mode/sd_o + rdata_offset_q_tag/sd_o,0,60,0.0,0.0
alu_operator_o_mode/sd_o + data_type_q_tag/sd_o,0,60,0.0,0.0
alu_operator_o_mode/sd_o + rdata_q_tag/sd_o,0,60,0.0,0.0
store_dest_addr_ex_o_tag/hc_o + tpr/sd_o_32,0,60,0.0,0.0
store_dest_addr_ex_o_tag/hc_o + tcr/sd_o_32,0,60,0.0,0.0
store_dest_addr_ex_o_tag/sd_o + store_source_ex_o_tag/sd_o,0,60,0.0,0.0
store_dest_addr_ex_o_tag/sd_o + use_store_ops_ex_o/sd_o,0,60,0.0,0.0
alu_operand_a_ex_o_tag/sd_o + store_dest_addr_ex_o_tag/sd_o,0,60,0.0,0.0
alu_operand_b_ex_o_tag/sd_o + store_dest_addr_ex_o_tag/sd_o,0,60,0.0,0.0
alu_operand_c_ex_o_tag/sd_o + store_dest_addr_ex_o_tag/sd_o,0,60,0.0,0.0
check_s1_o_tag/sd_o + store_dest_addr_ex_o_tag/sd_o,0,60,0.0,0.0
check_s2_o_tag/sd_o + store_dest_addr_ex_o_tag/sd_o,0,60,0.0,0.0
check_d_o_tag/sd_o + store_dest_addr_ex_o_tag/sd_o,0,60,0.0,0.0
register_set_o_tag/sd_o + store_dest_addr_ex_o_tag/sd_o,0,60,0.0,0.0
is_store_post_o_tag/sd_o + store_dest_addr_ex_o_tag/sd_o,0,60,0.0,0.0
memory_set_o_tag/sd_o + store_dest_addr_ex_o_tag/sd_o,0,60,0.0,0.0
sd_o_rf_tag + store_dest_addr_ex_o_tag/sd_o,0,60,0.0,0.0
rs1_o_tag/sd_o + store_dest_addr_ex_o_tag/sd_o,0,60,0.0,0.0
data_we_q_tag/sd_o + store_dest_addr_ex_o_tag/sd_o,0,60,0.0,0.0
rdata_offset_q_tag/sd_o + store_dest_addr_ex_o_tag/sd_o,0,60,0.0,0.0
data_type_q_tag/sd_o + store_dest_addr_ex_o_tag/sd_o,0,60,0.0,0.0
rdata_q_tag/sd_o + store_dest_addr_ex_o_tag/sd_o,0,60,0.0,0.0
check_d_o_tag + rs1_o_tag/sd_o,0,60,0.0,0.0
store_source_ex_o_tag/hc_o + tpr/sd_o_32,0,60,0.0,0.0
store_source_ex_o_tag/hc_o + tcr/sd_o_32,0,60,0.0,0.0
store_source_ex_o_tag/sd_o + use_store_ops_ex_o/sd_o,0,60,0.0,0.0
alu_operand_a_ex_o_tag/sd_o + store_source_ex_o_tag/sd_o,0,60,0.0,0.0
alu_operand_b_ex_o_tag/sd_o + store_source_ex_o_tag/sd_o,0,60,0.0,0.0
alu_operand_c_ex_o_tag/sd_o + store_source_ex_o_tag/sd_o,0,60,0.0,0.0
check_s1_o_tag/sd_o + store_source_ex_o_tag/sd_o,0,60,0.0,0.0
check_s2_o_tag/sd_o + store_source_ex_o_tag/sd_o,0,60,0.0,0.0
check_d_o_tag/sd_o + store_source_ex_o_tag/sd_o,0,60,0.0,0.0
register_set_o_tag/sd_o + store_source_ex_o_tag/sd_o,0,60,0.0,0.0
is_store_post_o_tag/sd_o + store_source_ex_o_tag/sd_o,0,60,0.0,0.0
memory_set_o_tag/sd_o + store_source_ex_o_tag/sd_o,0,60,0.0,0.0
sd_o_rf_tag + store_source_ex_o_tag/sd_o,0,60,0.0,0.0
rs1_o_tag/sd_o + store_source_ex_o_tag/sd_o,0,60,0.0,0.0
data_we_q_tag/sd_o + store_source_ex_o_tag/sd_o,0,60,0.0,0.0
rdata_offset_q_tag/sd_o + store_source_ex_o_tag/sd_o,0,60,0.0,0.0
data_type_q_tag/sd_o + store_source_ex_o_tag/sd_o,0,60,0.0,0.0
rdata_q_tag/sd_o + store_source_ex_o_tag/sd_o,0,60,0.0,0.0
tpr/sd_o_32 + use_store_ops_ex_o/hc_o,0,60,0.0,0.0
tcr/sd_o_32 + use_store_ops_ex_o/hc_o,0,60,0.0,0.0
alu_operand_a_ex_o_tag/sd_o + use_store_ops_ex_o/sd_o,0,60,0.0,0.0
alu_operand_b_ex_o_tag/sd_o + use_store_ops_ex_o/sd_o,0,60,0.0,0.0
alu_operand_c_ex_o_tag/sd_o + use_store_ops_ex_o/sd_o,0,60,0.0,0.0
check_s1_o_tag/sd_o + use_store_ops_ex_o/sd_o,0,60,0.0,0.0
check_s2_o_tag/sd_o + use_store_ops_ex_o/sd_o,0,60,0.0,0.0
check_d_o_tag/sd_o + use_store_ops_ex_o/sd_o,0,60,0.0,0.0
register_set_o_tag/sd_o + use_store_ops_ex_o/sd_o,0,60,0.0,0.0
is_store_post_o_tag/sd_o + use_store_ops_ex_o/sd_o,0,60,0.0,0.0
memory_set_o_tag/sd_o + use_store_ops_ex_o/sd_o,0,60,0.0,0.0
sd_o_rf_tag + use_store_ops_ex_o/sd_o,0,60,0.0,0.0
rs1_o_tag/sd_o + use_store_ops_ex_o/sd_o,0,60,0.0,0.0
check_d_o_tag + data_we_q_tag/sd_o,0,60,0.0,0.0
check_d_o_tag + rdata_offset_q_tag/sd_o,0,60,0.0,0.0
check_d_o_tag + data_type_q_tag/sd_o,0,60,0.0,0.0
check_d_o_tag + rdata_q_tag/sd_o,0,60,0.0,0.0
data_we_q_tag/sd_o + use_store_ops_ex_o/sd_o,0,60,0.0,0.0
rdata_offset_q_tag/sd_o + use_store_ops_ex_o/sd_o,0,60,0.0,0.0
data_type_q_tag/sd_o + use_store_ops_ex_o/sd_o,0,60,0.0,0.0
rdata_q_tag/sd_o + use_store_ops_ex_o/sd_o,0,60,0.0,0.0
alu_operand_a_ex_o_tag/hc_o + tpr/sd_o_32,0,60,0.0,0.0
alu_operand_a_ex_o_tag/hc_o + tcr/sd_o_32,0,60,0.0,0.0
alu_operand_a_ex_o_tag/sd_o + alu_operand_b_ex_o_tag/sd_o,0,60,0.0,0.0
alu_operand_a_ex_o_tag/sd_o + alu_operand_c_ex_o_tag/sd_o,0,60,0.0,0.0
alu_operand_a_ex_o_tag/sd_o + check_s1_o_tag/sd_o,0,60,0.0,0.0
alu_operand_a_ex_o_tag/sd_o + check_s2_o_tag/sd_o,0,60,0.0,0.0
alu_operand_a_ex_o_tag/sd_o + check_d_o_tag/sd_o,0,60,0.0,0.0
alu_operand_a_ex_o_tag/sd_o + register_set_o_tag/sd_o,0,60,0.0,0.0
alu_operand_a_ex_o_tag/sd_o + is_store_post_o_tag/sd_o,0,60,0.0,0.0
alu_operand_a_ex_o_tag/sd_o + memory_set_o_tag/sd_o,0,60,0.0,0.0
alu_operand_a_ex_o_tag/sd_o + sd_o_rf_tag,0,60,0.0,0.0
alu_operand_a_ex_o_tag/sd_o + rs1_o_tag/sd_o,0,60,0.0,0.0
alu_operand_a_ex_o_tag/sd_o + data_we_q_tag/sd_o,0,60,0.0,0.0
alu_operand_a_ex_o_tag/sd_o + rdata_offset_q_tag/sd_o,0,60,0.0,0.0
alu_operand_a_ex_o_tag/sd_o + data_type_q_tag/sd_o,0,60,0.0,0.0
alu_operand_a_ex_o_tag/sd_o + rdata_q_tag/sd_o,0,60,0.0,0.0
alu_operand_b_ex_o_tag/hc_o + tpr/sd_o_32,0,60,0.0,0.0
alu_operand_b_ex_o_tag/hc_o + tcr/sd_o_32,0,60,0.0,0.0
alu_operand_b_ex_o_tag/sd_o + alu_operand_c_ex_o_tag/sd_o,0,60,0.0,0.0
alu_operand_b_ex_o_tag/sd_o + check_s1_o_tag/sd_o,0,60,0.0,0.0
alu_operand_b_ex_o_tag/sd_o + check_s2_o_tag/sd_o,0,60,0.0,0.0
alu_operand_b_ex_o_tag/sd_o + check_d_o_tag/sd_o,0,60,0.0,0.0
alu_operand_b_ex_o_tag/sd_o + register_set_o_tag/sd_o,0,60,0.0,0.0
alu_operand_b_ex_o_tag/sd_o + is_store_post_o_tag/sd_o,0,60,0.0,0.0
alu_operand_b_ex_o_tag/sd_o + memory_set_o_tag/sd_o,0,60,0.0,0.0
alu_operand_b_ex_o_tag/sd_o + sd_o_rf_tag,0,60,0.0,0.0
alu_operand_b_ex_o_tag/sd_o + rs1_o_tag/sd_o,0,60,0.0,0.0
check_s1_o_tag + pc_if_o_tag/sd_o,0,60,0.0,0.0
check_s1_o_tag + pc_id_o_tag/sd_o,0,60,0.0,0.0
alu_operator_o_mode/sd_o + check_s1_o_tag,0,60,0.0,0.0
check_s1_o_tag + store_dest_addr_ex_o_tag/sd_o,0,60,0.0,0.0
check_s1_o_tag + store_source_ex_o_tag/sd_o,0,60,0.0,0.0
check_s1_o_tag + use_store_ops_ex_o/sd_o,0,60,0.0,0.0
alu_operand_a_ex_o_tag/sd_o + check_s1_o_tag,0,60,0.0,0.0
alu_operand_b_ex_o_tag/sd_o + check_s1_o_tag,0,60,0.0,0.0
alu_operand_c_ex_o_tag/sd_o + check_s1_o_tag,0,60,0.0,0.0
check_s1_o_tag + check_s1_o_tag/sd_o,0,60,0.0,0.0
alu_operand_b_ex_o_tag/sd_o + data_we_q_tag/sd_o,0,60,0.0,0.0
alu_operand_b_ex_o_tag/sd_o + rdata_offset_q_tag/sd_o,0,60,0.0,0.0
alu_operand_b_ex_o_tag/sd_o + data_type_q_tag/sd_o,0,60,0.0,0.0
alu_operand_b_ex_o_tag/sd_o + rdata_q_tag/sd_o,0,60,0.0,0.0
alu_operand_c_ex_o_tag/hc_o + tpr/sd_o_32,0,60,0.0,0.0
alu_operand_c_ex_o_tag/hc_o + tcr/sd_o_32,0,60,0.0,0.0
alu_operand_c_ex_o_tag/sd_o + check_s1_o_tag/sd_o,0,60,0.0,0.0
alu_operand_c_ex_o_tag/sd_o + check_s2_o_tag/sd_o,0,60,0.0,0.0
alu_operand_c_ex_o_tag/sd_o + check_d_o_tag/sd_o,0,60,0.0,0.0
alu_operand_c_ex_o_tag/sd_o + register_set_o_tag/sd_o,0,60,0.0,0.0
alu_operand_c_ex_o_tag/sd_o + is_store_post_o_tag/sd_o,0,60,0.0,0.0
alu_operand_c_ex_o_tag/sd_o + memory_set_o_tag/sd_o,0,60,0.0,0.0
alu_operand_c_ex_o_tag/sd_o + sd_o_rf_tag,0,60,0.0,0.0
alu_operand_c_ex_o_tag/sd_o + rs1_o_tag/sd_o,0,60,0.0,0.0
alu_operand_c_ex_o_tag/sd_o + data_we_q_tag/sd_o,0,60,0.0,0.0
alu_operand_c_ex_o_tag/sd_o + rdata_offset_q_tag/sd_o,0,60,0.0,0.0
alu_operand_c_ex_o_tag/sd_o + data_type_q_tag/sd_o,0,60,0.0,0.0
alu_operand_c_ex_o_tag/sd_o + rdata_q_tag/sd_o,0,60,0.0,0.0
check_s1_o_tag/hc_o + tpr/sd_o_32,0,60,0.0,0.0
check_s1_o_tag/hc_o + tcr/sd_o_32,0,60,0.0,0.0
check_s1_o_tag/sd_o + check_s2_o_tag/sd_o,0,60,0.0,0.0
check_d_o_tag/sd_o + check_s1_o_tag/sd_o,0,60,0.0,0.0
check_s1_o_tag/sd_o + register_set_o_tag/sd_o,0,60,0.0,0.0
check_s1_o_tag/sd_o + is_store_post_o_tag/sd_o,0,60,0.0,0.0
check_s1_o_tag/sd_o + memory_set_o_tag/sd_o,0,60,0.0,0.0
check_s1_o_tag/sd_o + sd_o_rf_tag,0,60,0.0,0.0
check_s1_o_tag/sd_o + rs1_o_tag/sd_o,0,60,0.0,0.0
check_s1_o_tag/sd_o + data_we_q_tag/sd_o,0,60,0.0,0.0
check_s1_o_tag/sd_o + rdata_offset_q_tag/sd_o,0,60,0.0,0.0
check_s1_o_tag/sd_o + data_type_q_tag/sd_o,0,60,0.0,0.0
check_s1_o_tag/sd_o + rdata_q_tag/sd_o,0,60,0.0,0.0
check_s1_o_tag + check_s2_o_tag/sd_o,0,60,0.0,0.0
check_d_o_tag/sd_o + check_s1_o_tag,0,60,0.0,0.0
check_s1_o_tag + register_set_o_tag/sd_o,0,60,0.0,0.0
check_s1_o_tag + is_store_post_o_tag/sd_o,0,60,0.0,0.0
check_s1_o_tag + memory_set_o_tag/sd_o,0,60,0.0,0.0
check_s1_o_tag + rs1_o_tag/sd_o,0,60,0.0,0.0
check_s2_o_tag/hc_o + tpr/sd_o_32,0,60,0.0,0.0
check_s2_o_tag/hc_o + tcr/sd_o_32,0,60,0.0,0.0
check_d_o_tag/sd_o + check_s2_o_tag/sd_o,0,60,0.0,0.0
check_s2_o_tag/sd_o + register_set_o_tag/sd_o,0,60,0.0,0.0
check_s2_o_tag/sd_o + is_store_post_o_tag/sd_o,0,60,0.0,0.0
check_s2_o_tag/sd_o + memory_set_o_tag/sd_o,0,60,0.0,0.0
check_s2_o_tag/sd_o + sd_o_rf_tag,0,60,0.0,0.0
check_s2_o_tag/sd_o + rs1_o_tag/sd_o,0,60,0.0,0.0
check_s2_o_tag/sd_o + data_we_q_tag/sd_o,0,60,0.0,0.0
check_s2_o_tag/sd_o + rdata_offset_q_tag/sd_o,0,60,0.0,0.0
check_s2_o_tag/sd_o + data_type_q_tag/sd_o,0,60,0.0,0.0
check_s2_o_tag/sd_o + rdata_q_tag/sd_o,0,60,0.0,0.0
check_d_o_tag/hc_o + tpr/sd_o_32,0,60,0.0,0.0
check_d_o_tag/hc_o + tcr/sd_o_32,0,60,0.0,0.0
check_d_o_tag/sd_o + register_set_o_tag/sd_o,0,60,0.0,0.0
check_d_o_tag/sd_o + is_store_post_o_tag/sd_o,0,60,0.0,0.0
check_d_o_tag/sd_o + memory_set_o_tag/sd_o,0,60,0.0,0.0
check_d_o_tag/sd_o + sd_o_rf_tag,0,60,0.0,0.0
check_d_o_tag/sd_o + rs1_o_tag/sd_o,0,60,0.0,0.0
check_d_o_tag/sd_o + data_we_q_tag/sd_o,0,60,0.0,0.0
check_d_o_tag/sd_o + rdata_offset_q_tag/sd_o,0,60,0.0,0.0
check_d_o_tag/sd_o + data_type_q_tag/sd_o,0,60,0.0,0.0
check_d_o_tag/sd_o + rdata_q_tag/sd_o,0,60,0.0,0.0
pc_id_o_tag + rs1_o_tag/sd_o,0,60,0.0,0.0
check_s1_o_tag + data_we_q_tag/sd_o,0,60,0.0,0.0
check_s1_o_tag + rdata_offset_q_tag/sd_o,0,60,0.0,0.0
check_s1_o_tag + data_type_q_tag/sd_o,0,60,0.0,0.0
check_s1_o_tag + rdata_q_tag/sd_o,0,60,0.0,0.0
register_set_o_tag/hc_o + tpr/sd_o_32,0,60,0.0,0.0
register_set_o_tag/hc_o + tcr/sd_o_32,0,60,0.0,0.0
is_store_post_o_tag/sd_o + register_set_o_tag/sd_o,0,60,0.0,0.0
memory_set_o_tag/sd_o + register_set_o_tag/sd_o,0,60,0.0,0.0
register_set_o_tag/sd_o + sd_o_rf_tag,0,60,0.0,0.0
register_set_o_tag/sd_o + rs1_o_tag/sd_o,0,60,0.0,0.0
data_we_q_tag/sd_o + register_set_o_tag/sd_o,0,60,0.0,0.0
rdata_offset_q_tag/sd_o + register_set_o_tag/sd_o,0,60,0.0,0.0
data_type_q_tag/sd_o + register_set_o_tag/sd_o,0,60,0.0,0.0
rdata_q_tag/sd_o + register_set_o_tag/sd_o,0,60,0.0,0.0
is_store_post_o_tag/hc_o + tpr/sd_o_32,0,60,0.0,0.0
is_store_post_o_tag/hc_o + tcr/sd_o_32,0,60,0.0,0.0
is_store_post_o_tag/sd_o + memory_set_o_tag/sd_o,0,60,0.0,0.0
is_store_post_o_tag/sd_o + sd_o_rf_tag,0,60,0.0,0.0
is_store_post_o_tag/sd_o + rs1_o_tag/sd_o,0,60,0.0,0.0
data_we_q_tag/sd_o + is_store_post_o_tag/sd_o,0,60,0.0,0.0
is_store_post_o_tag/sd_o + rdata_offset_q_tag/sd_o,0,60,0.0,0.0
data_type_q_tag/sd_o + is_store_post_o_tag/sd_o,0,60,0.0,0.0
is_store_post_o_tag/sd_o + rdata_q_tag/sd_o,0,60,0.0,0.0
memory_set_o_tag/hc_o + tpr/sd_o_32,0,60,0.0,0.0
memory_set_o_tag/hc_o + tcr/sd_o_32,0,60,0.0,0.0
check_s2_o_tag + pc_if_o_tag/sd_o,0,60,0.0,0.0
check_s2_o_tag + pc_id_o_tag/sd_o,0,60,0.0,0.0
alu_operator_o_mode/sd_o + check_s2_o_tag,0,60,0.0,0.0
check_s2_o_tag + store_dest_addr_ex_o_tag/sd_o,0,60,0.0,0.0
check_s2_o_tag + store_source_ex_o_tag/sd_o,0,60,0.0,0.0
memory_set_o_tag/sd_o + sd_o_rf_tag,0,60,0.0,0.0
memory_set_o_tag/sd_o + rs1_o_tag/sd_o,0,60,0.0,0.0
data_we_q_tag/sd_o + memory_set_o_tag/sd_o,0,60,0.0,0.0
memory_set_o_tag/sd_o + rdata_offset_q_tag/sd_o,0,60,0.0,0.0
data_type_q_tag/sd_o + memory_set_o_tag/sd_o,0,60,0.0,0.0
memory_set_o_tag/sd_o + rdata_q_tag/sd_o,0,60,0.0,0.0
check_s2_o_tag + use_store_ops_ex_o/sd_o,0,60,0.0,0.0
alu_operand_a_ex_o_tag/sd_o + check_s2_o_tag,0,60,0.0,0.0
alu_operand_b_ex_o_tag/sd_o + check_s2_o_tag,0,60,0.0,0.0
alu_operand_c_ex_o_tag/sd_o + check_s2_o_tag,0,60,0.0,0.0
check_s1_o_tag/sd_o + check_s2_o_tag,0,60,0.0,0.0
check_s2_o_tag + check_s2_o_tag/sd_o,0,60,0.0,0.0
check_d_o_tag/sd_o + check_s2_o_tag,0,60,0.0,0.0
check_s2_o_tag + register_set_o_tag/sd_o,0,60,0.0,0.0
check_s2_o_tag + is_store_post_o_tag/sd_o,0,60,0.0,0.0
check_s2_o_tag + memory_set_o_tag/sd_o,0,60,0.0,0.0
check_s2_o_tag + rs1_o_tag/sd_o,0,60,0.0,0.0
check_s2_o_tag + data_we_q_tag/sd_o,0,60,0.0,0.0
check_s2_o_tag + rdata_offset_q_tag/sd_o,0,60,0.0,0.0
check_s2_o_tag + data_type_q_tag/sd_o,0,60,0.0,0.0
check_s2_o_tag + rdata_q_tag/sd_o,0,60,0.0,0.0
rs1_o_tag/sd_o + sd_o_rf_tag,0,60,0.0,0.0
data_we_q_tag/sd_o + sd_o_rf_tag,0,60,0.0,0.0
rdata_offset_q_tag/sd_o + sd_o_rf_tag,0,60,0.0,0.0
data_type_q_tag/sd_o + sd_o_rf_tag,0,60,0.0,0.0
rdata_q_tag/sd_o + sd_o_rf_tag,0,60,0.0,0.0
rs1_o_tag/hc_o + tpr/sd_o_32,0,60,0.0,0.0
is_store_post_o_tag + pc_if_o_tag/sd_o,0,60,0.0,0.0
is_store_post_o_tag + pc_id_o_tag/sd_o,0,60,0.0,0.0
rs1_o_tag/hc_o + tcr/sd_o_32,0,60,0.0,0.0
data_we_q_tag/sd_o + rs1_o_tag/sd_o,0,60,0.0,0.0
rdata_offset_q_tag/sd_o + rs1_o_tag/sd_o,0,60,0.0,0.0
data_type_q_tag/sd_o + rs1_o_tag/sd_o,0,60,0.0,0.0
rdata_q_tag/sd_o + rs1_o_tag/sd_o,0,60,0.0,0.0
alu_operator_o_mode/sd_o + is_store_post_o_tag,0,60,0.0,0.0
is_store_post_o_tag + store_dest_addr_ex_o_tag/sd_o,0,60,0.0,0.0
is_store_post_o_tag + store_source_ex_o_tag/sd_o,0,60,0.0,0.0
is_store_post_o_tag + use_store_ops_ex_o/sd_o,0,60,0.0,0.0
alu_operand_a_ex_o_tag/sd_o + is_store_post_o_tag,0,60,0.0,0.0
alu_operand_b_ex_o_tag/sd_o + is_store_post_o_tag,0,60,0.0,0.0
alu_operand_c_ex_o_tag/sd_o + is_store_post_o_tag,0,60,0.0,0.0
check_s1_o_tag/sd_o + is_store_post_o_tag,0,60,0.0,0.0
check_s2_o_tag/sd_o + is_store_post_o_tag,0,60,0.0,0.0
check_d_o_tag/sd_o + is_store_post_o_tag,0,60,0.0,0.0
is_store_post_o_tag + register_set_o_tag/sd_o,0,60,0.0,0.0
is_store_post_o_tag + is_store_post_o_tag/sd_o,0,60,0.0,0.0
is_store_post_o_tag + memory_set_o_tag/sd_o,0,60,0.0,0.0
data_we_q_tag/hc_o + tpr/sd_o_32,0,60,0.0,0.0
data_we_q_tag/hc_o + tcr/sd_o_32,0,60,0.0,0.0
data_we_q_tag/sd_o + rdata_offset_q_tag/sd_o,0,60,0.0,0.0
data_type_q_tag/sd_o + data_we_q_tag/sd_o,0,60,0.0,0.0
data_we_q_tag/sd_o + rdata_q_tag/sd_o,0,60,0.0,0.0
data_type_q_tag/sd_o + rdata_offset_q_tag/sd_o,0,60,0.0,0.0
rdata_offset_q_tag/sd_o + rdata_q_tag/sd_o,0,60,0.0,0.0
data_type_q_tag/sd_o + rdata_q_tag/sd_o,0,60,0.0,0.0
is_store_post_o_tag + rs1_o_tag/sd_o,0,60,0.0,0.0
data_we_q_tag/sd_o + is_store_post_o_tag,0,60,0.0,0.0
is_store_post_o_tag + rdata_offset_q_tag/sd_o,0,60,0.0,0.0
data_type_q_tag/sd_o + is_store_post_o_tag,0,60,0.0,0.0
is_store_post_o_tag + rdata_q_tag/sd_o,0,60,0.0,0.0
memory_set_o_tag + pc_if_o_tag/sd_o,0,60,0.0,0.0
memory_set_o_tag + pc_id_o_tag/sd_o,0,60,0.0,0.0
alu_operator_o_mode/sd_o + memory_set_o_tag,0,60,0.0,0.0
memory_set_o_tag + store_dest_addr_ex_o_tag/sd_o,0,60,0.0,0.0
memory_set_o_tag + store_source_ex_o_tag/sd_o,0,60,0.0,0.0
memory_set_o_tag + use_store_ops_ex_o/sd_o,0,60,0.0,0.0
alu_operand_a_ex_o_tag/sd_o + memory_set_o_tag,0,60,0.0,0.0
alu_operand_b_ex_o_tag/sd_o + memory_set_o_tag,0,60,0.0,0.0
alu_operand_c_ex_o_tag/sd_o + memory_set_o_tag,0,60,0.0,0.0
check_s1_o_tag/sd_o + memory_set_o_tag,0,60,0.0,0.0
check_s2_o_tag/sd_o + memory_set_o_tag,0,60,0.0,0.0
check_d_o_tag/sd_o + memory_set_o_tag,0,60,0.0,0.0
memory_set_o_tag + register_set_o_tag/sd_o,0,60,0.0,0.0
is_store_post_o_tag/sd_o + memory_set_o_tag,0,60,0.0,0.0
memory_set_o_tag + memory_set_o_tag/sd_o,0,60,0.0,0.0
memory_set_o_tag + rs1_o_tag/sd_o,0,60,0.0,0.0
data_we_q_tag/sd_o + memory_set_o_tag,0,60,0.0,0.0
memory_set_o_tag + rdata_offset_q_tag/sd_o,0,60,0.0,0.0
data_we_q_tag/sd_o + pc_id_o_tag,0,60,0.0,0.0
pc_id_o_tag + rdata_offset_q_tag/sd_o,0,60,0.0,0.0
data_type_q_tag/sd_o + pc_id_o_tag,0,60,0.0,0.0
pc_id_o_tag + rdata_q_tag/sd_o,0,60,0.0,0.0
data_type_q_tag/sd_o + memory_set_o_tag,0,60,0.0,0.0
memory_set_o_tag + rdata_q_tag/sd_o,0,60,0.0,0.0
pc_if_o_tag + pc_if_o_tag/sd_o,0,60,0.0,0.0
pc_id_o_tag/sd_o + pc_if_o_tag,0,60,0.0,0.0
alu_operator_o_mode/sd_o + pc_if_o_tag,0,60,0.0,0.0
pc_if_o_tag + store_dest_addr_ex_o_tag/sd_o,0,60,0.0,0.0
pc_if_o_tag + store_source_ex_o_tag/sd_o,0,60,0.0,0.0
pc_if_o_tag + use_store_ops_ex_o/sd_o,0,60,0.0,0.0
alu_operand_a_ex_o_tag/sd_o + pc_if_o_tag,0,60,0.0,0.0
alu_operand_b_ex_o_tag/sd_o + pc_if_o_tag,0,60,0.0,0.0
alu_operand_c_ex_o_tag/sd_o + pc_if_o_tag,0,60,0.0,0.0
check_s1_o_tag/sd_o + pc_if_o_tag,0,60,0.0,0.0
check_s2_o_tag/sd_o + pc_if_o_tag,0,60,0.0,0.0
check_d_o_tag/sd_o + pc_if_o_tag,0,60,0.0,0.0
pc_if_o_tag + register_set_o_tag/sd_o,0,60,0.0,0.0
is_store_post_o_tag/sd_o + pc_if_o_tag,0,60,0.0,0.0
memory_set_o_tag/sd_o + pc_if_o_tag,0,60,0.0,0.0
pc_if_o_tag + rs1_o_tag/sd_o,0,60,0.0,0.0
data_we_q_tag/sd_o + pc_if_o_tag,0,60,0.0,0.0
pc_if_o_tag + rdata_offset_q_tag/sd_o,0,60,0.0,0.0
data_type_q_tag/sd_o + pc_if_o_tag,0,60,0.0,0.0
pc_if_o_tag + rdata_q_tag/sd_o,0,60,0.0,0.0
alu_operand_a_ex_o_tag + pc_if_o_tag/sd_o,0,60,0.0,0.0
alu_operand_a_ex_o_tag + pc_id_o_tag/sd_o,0,60,0.0,0.0
pc_if_o_tag/sd_o + register_set_o_tag,0,60,0.0,0.0
pc_id_o_tag/sd_o + register_set_o_tag,0,60,0.0,0.0
alu_operator_o_mode/sd_o + register_set_o_tag,0,60,0.0,0.0
register_set_o_tag + store_dest_addr_ex_o_tag/sd_o,0,60,0.0,0.0
register_set_o_tag + store_source_ex_o_tag/sd_o,0,60,0.0,0.0
register_set_o_tag + use_store_ops_ex_o/sd_o,0,60,0.0,0.0
alu_operand_a_ex_o_tag/sd_o + register_set_o_tag,0,60,0.0,0.0
alu_operand_b_ex_o_tag/sd_o + register_set_o_tag,0,60,0.0,0.0
alu_operand_c_ex_o_tag/sd_o + register_set_o_tag,0,60,0.0,0.0
check_s1_o_tag/sd_o + register_set_o_tag,0,60,0.0,0.0
check_s2_o_tag/sd_o + register_set_o_tag,0,60,0.0,0.0
check_d_o_tag/sd_o + register_set_o_tag,0,60,0.0,0.0
register_set_o_tag + register_set_o_tag/sd_o,0,60,0.0,0.0
is_store_post_o_tag/sd_o + register_set_o_tag,0,60,0.0,0.0
memory_set_o_tag/sd_o + register_set_o_tag,0,60,0.0,0.0
register_set_o_tag + rs1_o_tag/sd_o,0,60,0.0,0.0
data_we_q_tag/sd_o + register_set_o_tag,0,60,0.0,0.0
rdata_offset_q_tag/sd_o + register_set_o_tag,0,60,0.0,0.0
data_type_q_tag/sd_o + register_set_o_tag,0,60,0.0,0.0
alu_operand_a_ex_o_tag + alu_operator_o_mode/sd_o,0,60,0.0,0.0
alu_operand_a_ex_o_tag + store_dest_addr_ex_o_tag/sd_o,0,60,0.0,0.0
alu_operand_a_ex_o_tag + store_source_ex_o_tag/sd_o,0,60,0.0,0.0
alu_operand_a_ex_o_tag + use_store_ops_ex_o/sd_o,0,60,0.0,0.0
alu_operand_a_ex_o_tag + alu_operand_a_ex_o_tag/sd_o,0,60,0.0,0.0
alu_operand_a_ex_o_tag + alu_operand_b_ex_o_tag/sd_o,0,60,0.0,0.0
alu_operand_a_ex_o_tag + alu_operand_c_ex_o_tag/sd_o,0,60,0.0,0.0
alu_operand_a_ex_o_tag + check_s1_o_tag/sd_o,0,60,0.0,0.0
alu_operand_a_ex_o_tag + check_s2_o_tag/sd_o,0,60,0.0,0.0
alu_operand_a_ex_o_tag + check_d_o_tag/sd_o,0,60,0.0,0.0
alu_operand_a_ex_o_tag + register_set_o_tag/sd_o,0,60,0.0,0.0
alu_operand_a_ex_o_tag + is_store_post_o_tag/sd_o,0,60,0.0,0.0
alu_operand_a_ex_o_tag + memory_set_o_tag/sd_o,0,60,0.0,0.0
rdata_q_tag/sd_o + register_set_o_tag,0,60,0.0,0.0
pc_if_o_tag/sd_o + store_dest_addr_ex_o_tag,0,60,0.0,0.0
pc_id_o_tag/sd_o + store_dest_addr_ex_o_tag,0,60,0.0,0.0
alu_operator_o_mode/sd_o + store_dest_addr_ex_o_tag,0,60,0.0,0.0
store_dest_addr_ex_o_tag + store_dest_addr_ex_o_tag/sd_o,0,60,0.0,0.0
store_dest_addr_ex_o_tag + store_source_ex_o_tag/sd_o,0,60,0.0,0.0
store_dest_addr_ex_o_tag + use_store_ops_ex_o/sd_o,0,60,0.0,0.0
alu_operand_a_ex_o_tag/sd_o + store_dest_addr_ex_o_tag,0,60,0.0,0.0
alu_operand_b_ex_o_tag/sd_o + store_dest_addr_ex_o_tag,0,60,0.0,0.0
alu_operand_c_ex_o_tag/sd_o + store_dest_addr_ex_o_tag,0,60,0.0,0.0
check_s1_o_tag/sd_o + store_dest_addr_ex_o_tag,0,60,0.0,0.0
check_s2_o_tag/sd_o + store_dest_addr_ex_o_tag,0,60,0.0,0.0
check_d_o_tag/sd_o + store_dest_addr_ex_o_tag,0,60,0.0,0.0
register_set_o_tag/sd_o + store_dest_addr_ex_o_tag,0,60,0.0,0.0
is_store_post_o_tag/sd_o + store_dest_addr_ex_o_tag,0,60,0.0,0.0
memory_set_o_tag/sd_o + store_dest_addr_ex_o_tag,0,60,0.0,0.0
rs1_o_tag/sd_o + store_dest_addr_ex_o_tag,0,60,0.0,0.0
data_we_q_tag/sd_o + store_dest_addr_ex_o_tag,0,60,0.0,0.0
rdata_offset_q_tag/sd_o + store_dest_addr_ex_o_tag,0,60,0.0,0.0
data_type_q_tag/sd_o + store_dest_addr_ex_o_tag,0,60,0.0,0.0
rdata_q_tag/sd_o + store_dest_addr_ex_o_tag,0,60,0.0,0.0
pc_if_o_tag/sd_o + store_source_ex_o_tag,0,60,0.0,0.0
pc_id_o_tag/sd_o + store_source_ex_o_tag,0,60,0.0,0.0
alu_operator_o_mode/sd_o + store_source_ex_o_tag,0,60,0.0,0.0
store_dest_addr_ex_o_tag/sd_o + store_source_ex_o_tag,0,60,0.0,0.0
store_source_ex_o_tag + store_source_ex_o_tag/sd_o,0,60,0.0,0.0
store_source_ex_o_tag + use_store_ops_ex_o/sd_o,0,60,0.0,0.0
alu_operand_a_ex_o_tag/sd_o + store_source_ex_o_tag,0,60,0.0,0.0
alu_operand_b_ex_o_tag/sd_o + store_source_ex_o_tag,0,60,0.0,0.0
alu_operand_c_ex_o_tag/sd_o + store_source_ex_o_tag,0,60,0.0,0.0
check_s1_o_tag/sd_o + store_source_ex_o_tag,0,60,0.0,0.0
check_s2_o_tag/sd_o + store_source_ex_o_tag,0,60,0.0,0.0
check_d_o_tag/sd_o + store_source_ex_o_tag,0,60,0.0,0.0
register_set_o_tag/sd_o + store_source_ex_o_tag,0,60,0.0,0.0
is_store_post_o_tag/sd_o + store_source_ex_o_tag,0,60,0.0,0.0
memory_set_o_tag/sd_o + store_source_ex_o_tag,0,60,0.0,0.0
rs1_o_tag/sd_o + store_source_ex_o_tag,0,60,0.0,0.0
data_we_q_tag/sd_o + store_source_ex_o_tag,0,60,0.0,0.0
rdata_offset_q_tag/sd_o + store_source_ex_o_tag,0,60,0.0,0.0
data_type_q_tag/sd_o + store_source_ex_o_tag,0,60,0.0,0.0
rdata_q_tag/sd_o + store_source_ex_o_tag,0,60,0.0,0.0
pc_if_o_tag/sd_o + use_store_ops_ex_o,0,60,0.0,0.0
pc_id_o_tag/sd_o + use_store_ops_ex_o,0,60,0.0,0.0
alu_operator_o_mode/sd_o + use_store_ops_ex_o,0,60,0.0,0.0
store_dest_addr_ex_o_tag/sd_o + use_store_ops_ex_o,0,60,0.0,0.0
store_source_ex_o_tag/sd_o + use_store_ops_ex_o,0,60,0.0,0.0
use_store_ops_ex_o + use_store_ops_ex_o/sd_o,0,60,0.0,0.0
alu_operand_a_ex_o_tag/sd_o + use_store_ops_ex_o,0,60,0.0,0.0
alu_operand_b_ex_o_tag/sd_o + use_store_ops_ex_o,0,60,0.0,0.0
alu_operand_c_ex_o_tag/sd_o + use_store_ops_ex_o,0,60,0.0,0.0
check_s1_o_tag/sd_o + use_store_ops_ex_o,0,60,0.0,0.0
check_s2_o_tag/sd_o + use_store_ops_ex_o,0,60,0.0,0.0
check_d_o_tag/sd_o + use_store_ops_ex_o,0,60,0.0,0.0
register_set_o_tag/sd_o + use_store_ops_ex_o,0,60,0.0,0.0
is_store_post_o_tag/sd_o + use_store_ops_ex_o,0,60,0.0,0.0
memory_set_o_tag/sd_o + use_store_ops_ex_o,0,60,0.0,0.0
rs1_o_tag/sd_o + use_store_ops_ex_o,0,60,0.0,0.0
data_we_q_tag/sd_o + use_store_ops_ex_o,0,60,0.0,0.0
rdata_offset_q_tag/sd_o + use_store_ops_ex_o,0,60,0.0,0.0
data_type_q_tag/sd_o + use_store_ops_ex_o,0,60,0.0,0.0
rdata_q_tag/sd_o + use_store_ops_ex_o,0,60,0.0,0.0
pc_if_o_tag/sd_o + rf_reg[0],0,60,0.0,0.0
pc_id_o_tag/sd_o + rf_reg[0],0,60,0.0,0.0
alu_operator_o_mode/sd_o + rf_reg[0],0,60,0.0,0.0
rf_reg[0] + store_dest_addr_ex_o_tag/sd_o,0,60,0.0,0.0
rf_reg[0] + store_source_ex_o_tag/sd_o,0,60,0.0,0.0
rf_reg[0] + use_store_ops_ex_o/sd_o,0,60,0.0,0.0
alu_operand_a_ex_o_tag/sd_o + rf_reg[0],0,60,0.0,0.0
alu_operand_b_ex_o_tag/sd_o + rf_reg[0],0,60,0.0,0.0
alu_operand_c_ex_o_tag/sd_o + rf_reg[0],0,60,0.0,0.0
register_set_o_tag + tcr_execute/sd_o,0,60,0.0,0.0
store_dest_addr_ex_o_tag + tcr_execute/sd_o,0,60,0.0,0.0
store_source_ex_o_tag + tcr_execute/sd_o,0,60,0.0,0.0
tcr_execute/sd_o + use_store_ops_ex_o,0,60,0.0,0.0
rf_reg[0] + tcr_execute/sd_o,0,60,0.0,0.0
alu_operand_a_ex_o_tag + tcr_execute/sd_o,0,60,0.0,0.0
rf_reg[1] + tcr_execute/sd_o,0,60,0.0,0.0
rf_reg[2] + tcr_execute/sd_o,0,60,0.0,0.0
rf_reg[3] + tcr_execute/sd_o,0,60,0.0,0.0
rf_reg[4] + tcr_execute/sd_o,0,60,0.0,0.0
rf_reg[5] + tcr_execute/sd_o,0,60,0.0,0.0
rf_reg[6] + tcr_execute/sd_o,0,60,0.0,0.0
rf_reg[7] + tcr_execute/sd_o,0,60,0.0,0.0
rf_reg[8] + tcr_execute/sd_o,0,60,0.0,0.0
rf_reg[9] + tcr_execute/sd_o,0,60,0.0,0.0
rf_reg[10] + tcr_execute/sd_o,0,60,0.0,0.0
rf_reg[11] + tcr_execute/sd_o,0,60,0.0,0.0
alu_operand_b_ex_o_tag + tcr_execute/sd_o,0,60,0.0,0.0
rf_reg[12] + tcr_execute/sd_o,0,60,0.0,0.0
rf_reg[13] + tcr_execute/sd_o,0,60,0.0,0.0
rf_reg[14] + tcr_execute/sd_o,0,60,0.0,0.0
rf_reg[15] + tcr_execute/sd_o,0,60,0.0,0.0
rf_reg[16] + tcr_execute/sd_o,0,60,0.0,0.0
rf_reg[17] + tcr_execute/sd_o,0,60,0.0,0.0
rf_reg[18] + tcr_execute/sd_o,0,60,0.0,0.0
rf_reg[19] + tcr_execute/sd_o,0,60,0.0,0.0
rf_reg[20] + tcr_execute/sd_o,0,60,0.0,0.0
rf_reg[21] + tcr_execute/sd_o,0,60,0.0,0.0
rf_reg[22] + tcr_execute/sd_o,0,60,0.0,0.0
rf_reg[23] + tcr_execute/sd_o,0,60,0.0,0.0
alu_operand_c_ex_o_tag + tcr_execute/sd_o,0,60,0.0,0.0
rf_reg[24] + tcr_execute/sd_o,0,60,0.0,0.0
rf_reg[25] + tcr_execute/sd_o,0,60,0.0,0.0
rf_reg[26] + tcr_execute/sd_o,0,60,0.0,0.0
rf_reg[27] + tcr_execute/sd_o,0,60,0.0,0.0
rf_reg[28] + tcr_execute/sd_o,0,60,0.0,0.0
rf_reg[29] + tcr_execute/sd_o,0,60,0.0,0.0
rf_reg[30] + tcr_execute/sd_o,0,60,0.0,0.0
rf_reg[31] + tcr_execute/sd_o,0,60,0.0,0.0
rs1_o_tag + tcr_execute/sd_o,0,60,0.0,0.0
data_type_q_tag + tpr_arith/sd_o,0,60,0.0,0.0
data_type_q_tag + tpr_branch/sd_o,0,60,0.0,0.0
data_type_q_tag + tpr_jump/sd_o,0,60,0.0,0.0
data_type_q_tag + tpr_shift/sd_o,0,60,0.0,0.0
data_type_q_tag + tpr_comparison/sd_o,0,60,0.0,0.0
data_type_q_tag + tpr_logical/sd_o,0,60,0.0,0.0
data_type_q_tag + tpr_load_store_mode/sd_o,0,60,0.0,0.0
data_type_q_tag + tpr_load_store_enable/sd_o,0,60,0.0,0.0
data_type_q_tag + tcr_arith/sd_o,0,60,0.0,0.0
data_type_q_tag + tcr_branch/sd_o,0,60,0.0,0.0
data_type_q_tag + tcr_jump/sd_o,0,60,0.0,0.0
data_type_q_tag + tcr_shift/sd_o,0,60,0.0,0.0
data_type_q_tag + tcr_comparison/sd_o,0,60,0.0,0.0
data_type_q_tag + tcr_logical/sd_o,0,60,0.0,0.0
data_type_q_tag + tcr_load_store/sd_o,0,60,0.0,0.0
data_we_q_tag + tcr_execute/sd_o,0,60,0.0,0.0
rdata_offset_q_tag + tpr_arith/sd_o,0,60,0.0,0.0
rdata_offset_q_tag + tpr_branch/sd_o,0,60,0.0,0.0
rdata_offset_q_tag + tpr_jump/sd_o,0,60,0.0,0.0
rdata_offset_q_tag + tpr_shift/sd_o,0,60,0.0,0.0
rdata_offset_q_tag + tpr_comparison/sd_o,0,60,0.0,0.0
rdata_offset_q_tag + tpr_logical/sd_o,0,60,0.0,0.0
rdata_offset_q_tag + tpr_load_store_mode/sd_o,0,60,0.0,0.0
rdata_offset_q_tag + tpr_load_store_enable/sd_o,0,60,0.0,0.0
rdata_offset_q_tag + tcr_arith/sd_o,0,60,0.0,0.0
rdata_offset_q_tag + tcr_branch/sd_o,0,60,0.0,0.0
rdata_offset_q_tag + tcr_jump/sd_o,0,60,0.0,0.0
rdata_offset_q_tag + tcr_shift/sd_o,0,60,0.0,0.0
rdata_offset_q_tag + tcr_comparison/sd_o,0,60,0.0,0.0
rdata_offset_q_tag + tcr_logical/sd_o,0,60,0.0,0.0
rdata_offset_q_tag + tcr_load_store/sd_o,0,60,0.0,0.0
alu_operator_o_mode + tpr_arith/sd_o,0,60,0.0,0.0
alu_operator_o_mode + tpr_branch/sd_o,0,60,0.0,0.0
alu_operator_o_mode + tpr_jump/sd_o,0,60,0.0,0.0
alu_operator_o_mode + tpr_shift/sd_o,0,60,0.0,0.0
alu_operator_o_mode + tpr_comparison/sd_o,0,60,0.0,0.0
alu_operator_o_mode + tpr_logical/sd_o,0,60,0.0,0.0
alu_operator_o_mode + tpr_load_store_mode/sd_o,0,60,0.0,0.0
pc_if_o_tag/hc_o + tpr_arith/sd_o,0,60,0.0,0.0
pc_if_o_tag/hc_o + tpr_branch/sd_o,0,60,0.0,0.0
pc_if_o_tag/hc_o + tpr_jump/sd_o,0,60,0.0,0.0
alu_operator_o_mode + tpr_load_store_enable/sd_o,0,60,0.0,0.0
alu_operator_o_mode + tcr_arith/sd_o,0,60,0.0,0.0
alu_operator_o_mode + tcr_branch/sd_o,0,60,0.0,0.0
alu_operator_o_mode + tcr_jump/sd_o,0,60,0.0,0.0
alu_operator_o_mode + tcr_shift/sd_o,0,60,0.0,0.0
alu_operator_o_mode + tcr_comparison/sd_o,0,60,0.0,0.0
alu_operator_o_mode + tcr_logical/sd_o,0,60,0.0,0.0
pc_if_o_tag/hc_o + tpr_shift/sd_o,0,60,0.0,0.0
pc_if_o_tag/hc_o + tpr_comparison/sd_o,0,60,0.0,0.0
pc_if_o_tag/hc_o + tpr_logical/sd_o,0,60,0.0,0.0
pc_if_o_tag/hc_o + tpr_load_store_mode/sd_o,0,60,0.0,0.0
pc_if_o_tag/hc_o + tpr_load_store_enable/sd_o,0,60,0.0,0.0
pc_if_o_tag/hc_o + tcr_arith/sd_o,0,60,0.0,0.0
pc_if_o_tag/hc_o + tcr_branch/sd_o,0,60,0.0,0.0
pc_if_o_tag/hc_o + tcr_jump/sd_o,0,60,0.0,0.0
pc_if_o_tag/hc_o + tcr_shift/sd_o,0,60,0.0,0.0
pc_if_o_tag/hc_o + tcr_comparison/sd_o,0,60,0.0,0.0
pc_if_o_tag/hc_o + tcr_logical/sd_o,0,60,0.0,0.0
pc_if_o_tag/hc_o + tcr_load_store/sd_o,0,60,0.0,0.0
pc_if_o_tag/hc_o + tcr_execute/sd_o,0,60,0.0,0.0
pc_if_o_tag/sd_o + tcr_execute/hc_o,0,60,0.0,0.0
pc_id_o_tag/hc_o + tpr_arith/sd_o,0,60,0.0,0.0
pc_id_o_tag/hc_o + tpr_branch/sd_o,0,60,0.0,0.0
pc_id_o_tag/hc_o + tpr_jump/sd_o,0,60,0.0,0.0
pc_id_o_tag/hc_o + tpr_shift/sd_o,0,60,0.0,0.0
pc_id_o_tag/hc_o + tpr_comparison/sd_o,0,60,0.0,0.0
pc_id_o_tag/hc_o + tpr_logical/sd_o,0,60,0.0,0.0
pc_id_o_tag/hc_o + tpr_load_store_mode/sd_o,0,60,0.0,0.0
pc_id_o_tag/hc_o + tpr_load_store_enable/sd_o,0,60,0.0,0.0
pc_id_o_tag/hc_o + tcr_arith/sd_o,0,60,0.0,0.0
pc_id_o_tag/hc_o + tcr_branch/sd_o,0,60,0.0,0.0
pc_id_o_tag/hc_o + tcr_jump/sd_o,0,60,0.0,0.0
alu_operator_o_mode + tcr_load_store/sd_o,0,60,0.0,0.0
pc_id_o_tag/hc_o + tcr_shift/sd_o,0,60,0.0,0.0
pc_id_o_tag/hc_o + tcr_comparison/sd_o,0,60,0.0,0.0
pc_id_o_tag/hc_o + tcr_logical/sd_o,0,60,0.0,0.0
pc_id_o_tag/hc_o + tcr_load_store/sd_o,0,60,0.0,0.0
pc_id_o_tag/hc_o + tcr_execute/sd_o,0,60,0.0,0.0
pc_id_o_tag/sd_o + tcr_execute/hc_o,0,60,0.0,0.0
sd_o_5 + tcr_execute/hc_o,0,60,0.0,0.0
check_d_o_tag + tcr_execute/sd_o,0,60,0.0,0.0
alu_operator_o_mode/sd_o + tcr_execute/hc_o,0,60,0.0,0.0
store_dest_addr_ex_o_tag/hc_o + tpr_arith/sd_o,0,60,0.0,0.0
store_dest_addr_ex_o_tag/hc_o + tpr_branch/sd_o,0,60,0.0,0.0
store_dest_addr_ex_o_tag/hc_o + tpr_jump/sd_o,0,60,0.0,0.0
store_dest_addr_ex_o_tag/hc_o + tpr_shift/sd_o,0,60,0.0,0.0
store_dest_addr_ex_o_tag/hc_o + tpr_comparison/sd_o,0,60,0.0,0.0
store_dest_addr_ex_o_tag/hc_o + tpr_logical/sd_o,0,60,0.0,0.0
store_dest_addr_ex_o_tag/hc_o + tpr_load_store_mode/sd_o,0,60,0.0,0.0
store_dest_addr_ex_o_tag/hc_o + tpr_load_store_enable/sd_o,0,60,0.0,0.0
store_dest_addr_ex_o_tag/hc_o + tcr_arith/sd_o,0,60,0.0,0.0
store_dest_addr_ex_o_tag/hc_o + tcr_branch/sd_o,0,60,0.0,0.0
store_dest_addr_ex_o_tag/hc_o + tcr_jump/sd_o,0,60,0.0,0.0
store_dest_addr_ex_o_tag/hc_o + tcr_shift/sd_o,0,60,0.0,0.0
store_dest_addr_ex_o_tag/hc_o + tcr_comparison/sd_o,0,60,0.0,0.0
store_dest_addr_ex_o_tag/hc_o + tcr_logical/sd_o,0,60,0.0,0.0
store_dest_addr_ex_o_tag/hc_o + tcr_load_store/sd_o,0,60,0.0,0.0
store_dest_addr_ex_o_tag/hc_o + tcr_execute/sd_o,0,60,0.0,0.0
store_dest_addr_ex_o_tag/sd_o + tcr_execute/hc_o,0,60,0.0,0.0
store_source_ex_o_tag/hc_o + tpr_arith/sd_o,0,60,0.0,0.0
store_source_ex_o_tag/hc_o + tpr_branch/sd_o,0,60,0.0,0.0
store_source_ex_o_tag/hc_o + tpr_jump/sd_o,0,60,0.0,0.0
store_source_ex_o_tag/hc_o + tpr_shift/sd_o,0,60,0.0,0.0
store_source_ex_o_tag/hc_o + tpr_comparison/sd_o,0,60,0.0,0.0
store_source_ex_o_tag/hc_o + tpr_logical/sd_o,0,60,0.0,0.0
store_source_ex_o_tag/hc_o + tpr_load_store_mode/sd_o,0,60,0.0,0.0
store_source_ex_o_tag/hc_o + tpr_load_store_enable/sd_o,0,60,0.0,0.0
store_source_ex_o_tag/hc_o + tcr_arith/sd_o,0,60,0.0,0.0
store_source_ex_o_tag/hc_o + tcr_branch/sd_o,0,60,0.0,0.0
store_source_ex_o_tag/hc_o + tcr_jump/sd_o,0,60,0.0,0.0
store_source_ex_o_tag/hc_o + tcr_shift/sd_o,0,60,0.0,0.0
store_source_ex_o_tag/hc_o + tcr_comparison/sd_o,0,60,0.0,0.0
store_source_ex_o_tag/hc_o + tcr_logical/sd_o,0,60,0.0,0.0
store_source_ex_o_tag/hc_o + tcr_load_store/sd_o,0,60,0.0,0.0
store_source_ex_o_tag/hc_o + tcr_execute/sd_o,0,60,0.0,0.0
store_source_ex_o_tag/sd_o + tcr_execute/hc_o,0,60,0.0,0.0
tpr_arith/sd_o + use_store_ops_ex_o/hc_o,0,60,0.0,0.0
tpr_branch/sd_o + use_store_ops_ex_o/hc_o,0,60,0.0,0.0
tpr_jump/sd_o + use_store_ops_ex_o/hc_o,0,60,0.0,0.0
tpr_shift/sd_o + use_store_ops_ex_o/hc_o,0,60,0.0,0.0
tpr_comparison/sd_o + use_store_ops_ex_o/hc_o,0,60,0.0,0.0
tpr_logical/sd_o + use_store_ops_ex_o/hc_o,0,60,0.0,0.0
tpr_load_store_mode/sd_o + use_store_ops_ex_o/hc_o,0,60,0.0,0.0
tpr_load_store_enable/sd_o + use_store_ops_ex_o/hc_o,0,60,0.0,0.0
tcr_arith/sd_o + use_store_ops_ex_o/hc_o,0,60,0.0,0.0
tcr_branch/sd_o + use_store_ops_ex_o/hc_o,0,60,0.0,0.0
tcr_jump/sd_o + use_store_ops_ex_o/hc_o,0,60,0.0,0.0
tcr_shift/sd_o + use_store_ops_ex_o/hc_o,0,60,0.0,0.0
tcr_comparison/sd_o + use_store_ops_ex_o/hc_o,0,60,0.0,0.0
tcr_logical/sd_o + use_store_ops_ex_o/hc_o,0,60,0.0,0.0
tcr_load_store/sd_o + use_store_ops_ex_o/hc_o,0,60,0.0,0.0
tcr_execute/sd_o + use_store_ops_ex_o/hc_o,0,60,0.0,0.0
tcr_execute/hc_o + use_store_ops_ex_o/sd_o,0,60,0.0,0.0
alu_operand_a_ex_o_tag/hc_o + tpr_arith/sd_o,0,60,0.0,0.0
alu_operand_a_ex_o_tag/hc_o + tpr_branch/sd_o,0,60,0.0,0.0
alu_operand_a_ex_o_tag/hc_o + tpr_jump/sd_o,0,60,0.0,0.0
alu_operand_a_ex_o_tag/hc_o + tpr_shift/sd_o,0,60,0.0,0.0
alu_operand_a_ex_o_tag/hc_o + tpr_comparison/sd_o,0,60,0.0,0.0
alu_operand_a_ex_o_tag/hc_o + tpr_logical/sd_o,0,60,0.0,0.0
alu_operand_a_ex_o_tag/hc_o + tpr_load_store_mode/sd_o,0,60,0.0,0.0
alu_operand_a_ex_o_tag/hc_o + tpr_load_store_enable/sd_o,0,60,0.0,0.0
alu_operand_a_ex_o_tag/hc_o + tcr_arith/sd_o,0,60,0.0,0.0
alu_operand_a_ex_o_tag/hc_o + tcr_branch/sd_o,0,60,0.0,0.0
alu_operand_a_ex_o_tag/hc_o + tcr_jump/sd_o,0,60,0.0,0.0
alu_operand_a_ex_o_tag/hc_o + tcr_shift/sd_o,0,60,0.0,0.0
alu_operand_a_ex_o_tag/hc_o + tcr_comparison/sd_o,0,60,0.0,0.0
alu_operand_a_ex_o_tag/hc_o + tcr_logical/sd_o,0,60,0.0,0.0
alu_operand_a_ex_o_tag/hc_o + tcr_load_store/sd_o,0,60,0.0,0.0
alu_operand_a_ex_o_tag/hc_o + tcr_execute/sd_o,0,60,0.0,0.0
alu_operand_a_ex_o_tag/sd_o + tcr_execute/hc_o,0,60,0.0,0.0
alu_operand_b_ex_o_tag/hc_o + tpr_arith/sd_o,0,60,0.0,0.0
alu_operand_b_ex_o_tag/hc_o + tpr_branch/sd_o,0,60,0.0,0.0
alu_operand_b_ex_o_tag/hc_o + tpr_jump/sd_o,0,60,0.0,0.0
alu_operand_b_ex_o_tag/hc_o + tpr_shift/sd_o,0,60,0.0,0.0
alu_operand_b_ex_o_tag/hc_o + tpr_comparison/sd_o,0,60,0.0,0.0
alu_operand_b_ex_o_tag/hc_o + tpr_logical/sd_o,0,60,0.0,0.0
alu_operand_b_ex_o_tag/hc_o + tpr_load_store_mode/sd_o,0,60,0.0,0.0
alu_operand_b_ex_o_tag/hc_o + tpr_load_store_enable/sd_o,0,60,0.0,0.0
alu_operand_b_ex_o_tag/hc_o + tcr_arith/sd_o,0,60,0.0,0.0
alu_operand_b_ex_o_tag/hc_o + tcr_branch/sd_o,0,60,0.0,0.0
alu_operand_b_ex_o_tag/hc_o + tcr_jump/sd_o,0,60,0.0,0.0
alu_operand_b_ex_o_tag/hc_o + tcr_shift/sd_o,0,60,0.0,0.0
alu_operand_b_ex_o_tag/hc_o + tcr_comparison/sd_o,0,60,0.0,0.0
alu_operand_b_ex_o_tag/hc_o + tcr_logical/sd_o,0,60,0.0,0.0
alu_operand_b_ex_o_tag/hc_o + tcr_load_store/sd_o,0,60,0.0,0.0
alu_operand_b_ex_o_tag/hc_o + tcr_execute/sd_o,0,60,0.0,0.0
alu_operand_b_ex_o_tag/sd_o + tcr_execute/hc_o,0,60,0.0,0.0
check_s1_o_tag + tcr_execute/sd_o,0,60,0.0,0.0
alu_operand_c_ex_o_tag/hc_o + tpr_arith/sd_o,0,60,0.0,0.0
alu_operand_c_ex_o_tag/hc_o + tpr_branch/sd_o,0,60,0.0,0.0
alu_operand_c_ex_o_tag/hc_o + tpr_jump/sd_o,0,60,0.0,0.0
alu_operand_c_ex_o_tag/hc_o + tpr_shift/sd_o,0,60,0.0,0.0
alu_operand_c_ex_o_tag/hc_o + tpr_comparison/sd_o,0,60,0.0,0.0
alu_operand_c_ex_o_tag/hc_o + tpr_logical/sd_o,0,60,0.0,0.0
alu_operand_c_ex_o_tag/hc_o + tpr_load_store_mode/sd_o,0,60,0.0,0.0
alu_operand_c_ex_o_tag/hc_o + tpr_load_store_enable/sd_o,0,60,0.0,0.0
alu_operand_c_ex_o_tag/hc_o + tcr_arith/sd_o,0,60,0.0,0.0
alu_operand_c_ex_o_tag/hc_o + tcr_branch/sd_o,0,60,0.0,0.0
alu_operand_c_ex_o_tag/hc_o + tcr_jump/sd_o,0,60,0.0,0.0
alu_operand_c_ex_o_tag/hc_o + tcr_shift/sd_o,0,60,0.0,0.0
alu_operand_c_ex_o_tag/hc_o + tcr_comparison/sd_o,0,60,0.0,0.0
alu_operand_c_ex_o_tag/hc_o + tcr_logical/sd_o,0,60,0.0,0.0
alu_operand_c_ex_o_tag/hc_o + tcr_load_store/sd_o,0,60,0.0,0.0
alu_operand_c_ex_o_tag/hc_o + tcr_execute/sd_o,0,60,0.0,0.0
alu_operand_c_ex_o_tag/sd_o + tcr_execute/hc_o,0,60,0.0,0.0
check_s1_o_tag/hc_o + tpr_arith/sd_o,0,60,0.0,0.0
check_s1_o_tag/hc_o + tpr_branch/sd_o,0,60,0.0,0.0
check_s1_o_tag/hc_o + tpr_jump/sd_o,0,60,0.0,0.0
check_s1_o_tag/hc_o + tpr_shift/sd_o,0,60,0.0,0.0
check_s1_o_tag/hc_o + tpr_comparison/sd_o,0,60,0.0,0.0
check_s1_o_tag/hc_o + tpr_logical/sd_o,0,60,0.0,0.0
check_s1_o_tag/hc_o + tpr_load_store_mode/sd_o,0,60,0.0,0.0
check_s1_o_tag/hc_o + tpr_load_store_enable/sd_o,0,60,0.0,0.0
check_s1_o_tag/hc_o + tcr_arith/sd_o,0,60,0.0,0.0
check_s1_o_tag/hc_o + tcr_branch/sd_o,0,60,0.0,0.0
check_s1_o_tag/hc_o + tcr_jump/sd_o,0,60,0.0,0.0
check_s1_o_tag/hc_o + tcr_shift/sd_o,0,60,0.0,0.0
check_s1_o_tag/hc_o + tcr_comparison/sd_o,0,60,0.0,0.0
check_s1_o_tag/hc_o + tcr_logical/sd_o,0,60,0.0,0.0
check_s1_o_tag/hc_o + tcr_load_store/sd_o,0,60,0.0,0.0
check_s1_o_tag/hc_o + tcr_execute/sd_o,0,60,0.0,0.0
check_s1_o_tag/sd_o + tcr_execute/hc_o,0,60,0.0,0.0
check_s2_o_tag/hc_o + tpr_arith/sd_o,0,60,0.0,0.0
check_s2_o_tag/hc_o + tpr_branch/sd_o,0,60,0.0,0.0
check_s2_o_tag/hc_o + tpr_jump/sd_o,0,60,0.0,0.0
check_s2_o_tag/hc_o + tpr_shift/sd_o,0,60,0.0,0.0
check_s2_o_tag/hc_o + tpr_comparison/sd_o,0,60,0.0,0.0
check_s2_o_tag/hc_o + tpr_logical/sd_o,0,60,0.0,0.0
check_s2_o_tag/hc_o + tpr_load_store_mode/sd_o,0,60,0.0,0.0
check_s2_o_tag/hc_o + tpr_load_store_enable/sd_o,0,60,0.0,0.0
check_s2_o_tag/hc_o + tcr_arith/sd_o,0,60,0.0,0.0
check_s2_o_tag/hc_o + tcr_branch/sd_o,0,60,0.0,0.0
check_s2_o_tag/hc_o + tcr_jump/sd_o,0,60,0.0,0.0
check_s2_o_tag/hc_o + tcr_shift/sd_o,0,60,0.0,0.0
check_s2_o_tag/hc_o + tcr_comparison/sd_o,0,60,0.0,0.0
check_s2_o_tag/hc_o + tcr_logical/sd_o,0,60,0.0,0.0
check_s2_o_tag/hc_o + tcr_load_store/sd_o,0,60,0.0,0.0
check_s2_o_tag/hc_o + tcr_execute/sd_o,0,60,0.0,0.0
check_s2_o_tag/sd_o + tcr_execute/hc_o,0,60,0.0,0.0
check_d_o_tag/hc_o + tpr_arith/sd_o,0,60,0.0,0.0
check_d_o_tag/hc_o + tpr_branch/sd_o,0,60,0.0,0.0
check_d_o_tag/hc_o + tpr_jump/sd_o,0,60,0.0,0.0
check_d_o_tag/hc_o + tpr_shift/sd_o,0,60,0.0,0.0
check_d_o_tag/hc_o + tpr_comparison/sd_o,0,60,0.0,0.0
check_d_o_tag/hc_o + tpr_logical/sd_o,0,60,0.0,0.0
check_d_o_tag/hc_o + tpr_load_store_mode/sd_o,0,60,0.0,0.0
check_d_o_tag/hc_o + tpr_load_store_enable/sd_o,0,60,0.0,0.0
check_d_o_tag/hc_o + tcr_arith/sd_o,0,60,0.0,0.0
check_d_o_tag/hc_o + tcr_branch/sd_o,0,60,0.0,0.0
check_d_o_tag/hc_o + tcr_jump/sd_o,0,60,0.0,0.0
check_d_o_tag/hc_o + tcr_shift/sd_o,0,60,0.0,0.0
check_d_o_tag/hc_o + tcr_comparison/sd_o,0,60,0.0,0.0
check_d_o_tag/hc_o + tcr_logical/sd_o,0,60,0.0,0.0
check_d_o_tag/hc_o + tcr_load_store/sd_o,0,60,0.0,0.0
check_d_o_tag/hc_o + tcr_execute/sd_o,0,60,0.0,0.0
check_d_o_tag/sd_o + tcr_execute/hc_o,0,60,0.0,0.0
register_set_o_tag/hc_o + tpr_arith/sd_o,0,60,0.0,0.0
register_set_o_tag/hc_o + tpr_branch/sd_o,0,60,0.0,0.0
register_set_o_tag/hc_o + tpr_jump/sd_o,0,60,0.0,0.0
register_set_o_tag/hc_o + tpr_shift/sd_o,0,60,0.0,0.0
register_set_o_tag/hc_o + tpr_comparison/sd_o,0,60,0.0,0.0
register_set_o_tag/hc_o + tpr_logical/sd_o,0,60,0.0,0.0
register_set_o_tag/hc_o + tpr_load_store_mode/sd_o,0,60,0.0,0.0
register_set_o_tag/hc_o + tpr_load_store_enable/sd_o,0,60,0.0,0.0
register_set_o_tag/hc_o + tcr_arith/sd_o,0,60,0.0,0.0
pc_id_o_tag + tcr_execute/sd_o,0,60,0.0,0.0
register_set_o_tag/hc_o + tcr_branch/sd_o,0,60,0.0,0.0
register_set_o_tag/hc_o + tcr_jump/sd_o,0,60,0.0,0.0
register_set_o_tag/hc_o + tcr_shift/sd_o,0,60,0.0,0.0
register_set_o_tag/hc_o + tcr_comparison/sd_o,0,60,0.0,0.0
register_set_o_tag/hc_o + tcr_logical/sd_o,0,60,0.0,0.0
register_set_o_tag/hc_o + tcr_load_store/sd_o,0,60,0.0,0.0
register_set_o_tag/hc_o + tcr_execute/sd_o,0,60,0.0,0.0
register_set_o_tag/sd_o + tcr_execute/hc_o,0,60,0.0,0.0
is_store_post_o_tag/hc_o + tpr_arith/sd_o,0,60,0.0,0.0
is_store_post_o_tag/hc_o + tpr_branch/sd_o,0,60,0.0,0.0
is_store_post_o_tag/hc_o + tpr_jump/sd_o,0,60,0.0,0.0
is_store_post_o_tag/hc_o + tpr_shift/sd_o,0,60,0.0,0.0
is_store_post_o_tag/hc_o + tpr_comparison/sd_o,0,60,0.0,0.0
is_store_post_o_tag/hc_o + tpr_logical/sd_o,0,60,0.0,0.0
is_store_post_o_tag/hc_o + tpr_load_store_mode/sd_o,0,60,0.0,0.0
is_store_post_o_tag/hc_o + tpr_load_store_enable/sd_o,0,60,0.0,0.0
is_store_post_o_tag/hc_o + tcr_arith/sd_o,0,60,0.0,0.0
is_store_post_o_tag/hc_o + tcr_branch/sd_o,0,60,0.0,0.0
is_store_post_o_tag/hc_o + tcr_jump/sd_o,0,60,0.0,0.0
is_store_post_o_tag/hc_o + tcr_shift/sd_o,0,60,0.0,0.0
is_store_post_o_tag/hc_o + tcr_comparison/sd_o,0,60,0.0,0.0
is_store_post_o_tag/hc_o + tcr_logical/sd_o,0,60,0.0,0.0
is_store_post_o_tag/hc_o + tcr_load_store/sd_o,0,60,0.0,0.0
is_store_post_o_tag/hc_o + tcr_execute/sd_o,0,60,0.0,0.0
is_store_post_o_tag/sd_o + tcr_execute/hc_o,0,60,0.0,0.0
check_s2_o_tag + tcr_execute/sd_o,0,60,0.0,0.0
memory_set_o_tag/hc_o + tpr_arith/sd_o,0,60,0.0,0.0
memory_set_o_tag/hc_o + tpr_branch/sd_o,0,60,0.0,0.0
memory_set_o_tag/hc_o + tpr_jump/sd_o,0,60,0.0,0.0
memory_set_o_tag/hc_o + tpr_shift/sd_o,0,60,0.0,0.0
memory_set_o_tag/hc_o + tpr_comparison/sd_o,0,60,0.0,0.0
memory_set_o_tag/hc_o + tpr_logical/sd_o,0,60,0.0,0.0
memory_set_o_tag/hc_o + tpr_load_store_mode/sd_o,0,60,0.0,0.0
memory_set_o_tag/hc_o + tpr_load_store_enable/sd_o,0,60,0.0,0.0
memory_set_o_tag/hc_o + tcr_arith/sd_o,0,60,0.0,0.0
memory_set_o_tag/hc_o + tcr_branch/sd_o,0,60,0.0,0.0
memory_set_o_tag/hc_o + tcr_jump/sd_o,0,60,0.0,0.0
memory_set_o_tag/hc_o + tcr_shift/sd_o,0,60,0.0,0.0
memory_set_o_tag/hc_o + tcr_comparison/sd_o,0,60,0.0,0.0
memory_set_o_tag/hc_o + tcr_logical/sd_o,0,60,0.0,0.0
memory_set_o_tag/hc_o + tcr_load_store/sd_o,0,60,0.0,0.0
memory_set_o_tag/hc_o + tcr_execute/sd_o,0,60,0.0,0.0
memory_set_o_tag/sd_o + tcr_execute/hc_o,0,60,0.0,0.0
is_store_post_o_tag + tcr_execute/sd_o,0,60,0.0,0.0
sd_o_rf_tag + tcr_execute/sd_o,0,60,0.0,0.0
rs1_o_tag/hc_o + tpr_arith/sd_o,0,60,0.0,0.0
rs1_o_tag/hc_o + tpr_branch/sd_o,0,60,0.0,0.0
rs1_o_tag/hc_o + tpr_jump/sd_o,0,60,0.0,0.0
rs1_o_tag/hc_o + tpr_shift/sd_o,0,60,0.0,0.0
rs1_o_tag/hc_o + tpr_comparison/sd_o,0,60,0.0,0.0
rs1_o_tag/hc_o + tpr_logical/sd_o,0,60,0.0,0.0
rs1_o_tag/hc_o + tpr_load_store_mode/sd_o,0,60,0.0,0.0
rs1_o_tag/hc_o + tpr_load_store_enable/sd_o,0,60,0.0,0.0
rs1_o_tag/hc_o + tcr_arith/sd_o,0,60,0.0,0.0
rs1_o_tag/hc_o + tcr_branch/sd_o,0,60,0.0,0.0
rs1_o_tag/hc_o + tcr_jump/sd_o,0,60,0.0,0.0
rs1_o_tag/hc_o + tcr_shift/sd_o,0,60,0.0,0.0
rs1_o_tag/hc_o + tcr_comparison/sd_o,0,60,0.0,0.0
rs1_o_tag/hc_o + tcr_logical/sd_o,0,60,0.0,0.0
rs1_o_tag/hc_o + tcr_load_store/sd_o,0,60,0.0,0.0
rs1_o_tag/hc_o + tcr_execute/sd_o,0,60,0.0,0.0
rs1_o_tag/sd_o + tcr_execute/hc_o,0,60,0.0,0.0
tcr_execute/hc_o + tpr_arith/sd_o,0,60,0.0,0.0
data_we_q_tag/hc_o + tpr_arith/sd_o,0,60,0.0,0.0
tcr_execute/hc_o + tpr_branch/sd_o,0,60,0.0,0.0
data_we_q_tag/hc_o + tpr_branch/sd_o,0,60,0.0,0.0
memory_set_o_tag + tcr_execute/sd_o,0,60,0.0,0.0
tcr_execute/hc_o + tpr_jump/sd_o,0,60,0.0,0.0
data_we_q_tag/hc_o + tpr_jump/sd_o,0,60,0.0,0.0
tcr_execute/hc_o + tpr_shift/sd_o,0,60,0.0,0.0
data_we_q_tag/hc_o + tpr_shift/sd_o,0,60,0.0,0.0
tcr_execute/hc_o + tpr_comparison/sd_o,0,60,0.0,0.0
data_we_q_tag/hc_o + tpr_comparison/sd_o,0,60,0.0,0.0
tcr_execute/hc_o + tpr_logical/sd_o,0,60,0.0,0.0
data_we_q_tag/hc_o + tpr_logical/sd_o,0,60,0.0,0.0
tcr_execute/hc_o + tpr_load_store_mode/sd_o,0,60,0.0,0.0
data_we_q_tag/hc_o + tpr_load_store_mode/sd_o,0,60,0.0,0.0
tcr_execute/hc_o + tpr_load_store_enable/sd_o,0,60,0.0,0.0
data_we_q_tag/hc_o + tpr_load_store_enable/sd_o,0,60,0.0,0.0
tcr_arith/sd_o + tcr_execute/hc_o,0,60,0.0,0.0
data_we_q_tag/hc_o + tcr_arith/sd_o,0,60,0.0,0.0
tcr_branch/sd_o + tcr_execute/hc_o,0,60,0.0,0.0
data_we_q_tag/hc_o + tcr_branch/sd_o,0,60,0.0,0.0
tcr_execute/hc_o + tcr_jump/sd_o,0,60,0.0,0.0
data_we_q_tag/hc_o + tcr_jump/sd_o,0,60,0.0,0.0
tcr_execute/hc_o + tcr_shift/sd_o,0,60,0.0,0.0
data_we_q_tag/hc_o + tcr_shift/sd_o,0,60,0.0,0.0
tcr_comparison/sd_o + tcr_execute/hc_o,0,60,0.0,0.0
data_we_q_tag/hc_o + tcr_comparison/sd_o,0,60,0.0,0.0
tcr_execute/hc_o + tcr_logical/sd_o,0,60,0.0,0.0
data_we_q_tag/hc_o + tcr_logical/sd_o,0,60,0.0,0.0
tcr_execute/hc_o + tcr_load_store/sd_o,0,60,0.0,0.0
data_we_q_tag/hc_o + tcr_load_store/sd_o,0,60,0.0,0.0
data_we_q_tag/sd_o + tcr_execute/hc_o,0,60,0.0,0.0
rdata_offset_q_tag/sd_o + tcr_execute/hc_o,0,60,0.0,0.0
data_type_q_tag/sd_o + tcr_execute/hc_o,0,60,0.0,0.0
rdata_q_tag/sd_o + tcr_execute/hc_o,0,60,0.0,0.0
data_we_q_tag/hc_o + tcr_execute/sd_o,0,60,0.0,0.0
pc_if_o_tag + tcr_execute/sd_o,0,60,0.0,0.0
alu_operator_o_mode + id_group0/sd_o,0,60,0.0,0.0
alu_operator_o_mode + id_group1/sd_o,0,60,0.0,0.0
alu_operator_o_mode + id_group2/sd_o,0,60,0.0,0.0
alu_operator_o_mode + id_group3/sd_o,0,60,0.0,0.0
alu_operator_o_mode + id_group4/sd_o,0,60,0.0,0.0
alu_operator_o_mode + id_group5/sd_o,0,60,0.0,0.0
alu_operator_o_mode + id_group6/sd_o,0,60,0.0,0.0
data_type_q_tag + id_group0/sd_o,0,60,0.0,0.0
data_type_q_tag + id_group1/sd_o,0,60,0.0,0.0
data_type_q_tag + id_group2/sd_o,0,60,0.0,0.0
data_type_q_tag + id_group3/sd_o,0,60,0.0,0.0
data_type_q_tag + id_group4/sd_o,0,60,0.0,0.0
data_type_q_tag + id_group5/sd_o,0,60,0.0,0.0
data_type_q_tag + id_group6/sd_o,0,60,0.0,0.0
data_type_q_tag + id_group7/sd_o,0,60,0.0,0.0
data_type_q_tag + id_group8/sd_o,0,60,0.0,0.0
data_type_q_tag + id_group9/sd_o,0,60,0.0,0.0
csr_group0/sd_o + data_type_q_tag,0,60,0.0,0.0
csr_group1/sd_o + data_type_q_tag,0,60,0.0,0.0
csr_group2/sd_o + data_type_q_tag,0,60,0.0,0.0
csr_group3/sd_o + data_type_q_tag,0,60,0.0,0.0
csr_group4/sd_o + data_type_q_tag,0,60,0.0,0.0
csr_group5/sd_o + data_type_q_tag,0,60,0.0,0.0
csr_group6/sd_o + data_type_q_tag,0,60,0.0,0.0
csr_group7/sd_o + data_type_q_tag,0,60,0.0,0.0
csr_group8/sd_o + data_type_q_tag,0,60,0.0,0.0
csr_group9/sd_o + data_type_q_tag,0,60,0.0,0.0
csr_group10/sd_o + data_type_q_tag,0,60,0.0,0.0
csr_group11/sd_o + data_type_q_tag,0,60,0.0,0.0
csr_group12/sd_o + data_type_q_tag,0,60,0.0,0.0
csr_group13/sd_o + data_type_q_tag,0,60,0.0,0.0
csr_group14/sd_o + data_type_q_tag,0,60,0.0,0.0
csr_group15/sd_o + data_type_q_tag,0,60,0.0,0.0
csr_group16/sd_o + data_type_q_tag,0,60,0.0,0.0
csr_group17/sd_o + data_type_q_tag,0,60,0.0,0.0
csr_group18/sd_o + data_type_q_tag,0,60,0.0,0.0
csr_group19/sd_o + data_type_q_tag,0,60,0.0,0.0
csr_group20/sd_o + data_type_q_tag,0,60,0.0,0.0
data_type_q_tag + lsu_group1/sd_o,0,60,0.0,0.0
data_type_q_tag + lsu_group2/sd_o,0,60,0.0,0.0
data_type_q_tag + lsu_group3/sd_o,0,60,0.0,0.0
data_type_q_tag + lsu_group4/sd_o,0,60,0.0,0.0
data_type_q_tag + lsu_group5/sd_o,0,60,0.0,0.0
alu_operator_o_mode + id_group7/sd_o,0,60,0.0,0.0
alu_operator_o_mode + id_group8/sd_o,0,60,0.0,0.0
alu_operator_o_mode + id_group9/sd_o,0,60,0.0,0.0
id_group0/sd_o + rdata_offset_q_tag,0,60,0.0,0.0
id_group1/sd_o + rdata_offset_q_tag,0,60,0.0,0.0
id_group2/sd_o + rdata_offset_q_tag,0,60,0.0,0.0
id_group3/sd_o + rdata_offset_q_tag,0,60,0.0,0.0
id_group4/sd_o + rdata_offset_q_tag,0,60,0.0,0.0
id_group5/sd_o + rdata_offset_q_tag,0,60,0.0,0.0
id_group6/sd_o + rdata_offset_q_tag,0,60,0.0,0.0
id_group7/sd_o + rdata_offset_q_tag,0,60,0.0,0.0
id_group8/sd_o + rdata_offset_q_tag,0,60,0.0,0.0
id_group9/sd_o + rdata_offset_q_tag,0,60,0.0,0.0
csr_group0/sd_o + rdata_offset_q_tag,0,60,0.0,0.0
csr_group1/sd_o + rdata_offset_q_tag,0,60,0.0,0.0
csr_group2/sd_o + rdata_offset_q_tag,0,60,0.0,0.0
csr_group3/sd_o + rdata_offset_q_tag,0,60,0.0,0.0
csr_group4/sd_o + rdata_offset_q_tag,0,60,0.0,0.0
csr_group5/sd_o + rdata_offset_q_tag,0,60,0.0,0.0
csr_group6/sd_o + rdata_offset_q_tag,0,60,0.0,0.0
csr_group7/sd_o + rdata_offset_q_tag,0,60,0.0,0.0
csr_group8/sd_o + rdata_offset_q_tag,0,60,0.0,0.0
csr_group9/sd_o + rdata_offset_q_tag,0,60,0.0,0.0
csr_group10/sd_o + rdata_offset_q_tag,0,60,0.0,0.0
csr_group11/sd_o + rdata_offset_q_tag,0,60,0.0,0.0
csr_group12/sd_o + rdata_offset_q_tag,0,60,0.0,0.0
csr_group13/sd_o + rdata_offset_q_tag,0,60,0.0,0.0
csr_group14/sd_o + rdata_offset_q_tag,0,60,0.0,0.0
csr_group15/sd_o + rdata_offset_q_tag,0,60,0.0,0.0
csr_group16/sd_o + rdata_offset_q_tag,0,60,0.0,0.0
csr_group17/sd_o + rdata_offset_q_tag,0,60,0.0,0.0
csr_group18/sd_o + rdata_offset_q_tag,0,60,0.0,0.0
csr_group19/sd_o + rdata_offset_q_tag,0,60,0.0,0.0
csr_group20/sd_o + rdata_offset_q_tag,0,60,0.0,0.0
lsu_group1/sd_o + rdata_offset_q_tag,0,60,0.0,0.0
lsu_group2/sd_o + rdata_offset_q_tag,0,60,0.0,0.0
lsu_group3/sd_o + rdata_offset_q_tag,0,60,0.0,0.0
lsu_group4/sd_o + rdata_offset_q_tag,0,60,0.0,0.0
lsu_group5/sd_o + rdata_offset_q_tag,0,60,0.0,0.0
alu_operator_o_mode + csr_group0/sd_o,0,60,0.0,0.0
alu_operator_o_mode + csr_group1/sd_o,0,60,0.0,0.0
alu_operator_o_mode + csr_group2/sd_o,0,60,0.0,0.0
alu_operator_o_mode + csr_group3/sd_o,0,60,0.0,0.0
alu_operator_o_mode + csr_group4/sd_o,0,60,0.0,0.0
alu_operator_o_mode + csr_group5/sd_o,0,60,0.0,0.0
alu_operator_o_mode + csr_group6/sd_o,0,60,0.0,0.0
alu_operator_o_mode + csr_group7/sd_o,0,60,0.0,0.0
alu_operator_o_mode + csr_group8/sd_o,0,60,0.0,0.0
alu_operator_o_mode + csr_group9/sd_o,0,60,0.0,0.0
alu_operator_o_mode + csr_group10/sd_o,0,60,0.0,0.0
alu_operator_o_mode + csr_group11/sd_o,0,60,0.0,0.0
alu_operator_o_mode + csr_group12/sd_o,0,60,0.0,0.0
alu_operator_o_mode + csr_group13/sd_o,0,60,0.0,0.0
alu_operator_o_mode + csr_group14/sd_o,0,60,0.0,0.0
alu_operator_o_mode + csr_group15/sd_o,0,60,0.0,0.0
alu_operator_o_mode + csr_group16/sd_o,0,60,0.0,0.0
alu_operator_o_mode + csr_group17/sd_o,0,60,0.0,0.0
alu_operator_o_mode + csr_group18/sd_o,0,60,0.0,0.0
alu_operator_o_mode + csr_group19/sd_o,0,60,0.0,0.0
alu_operator_o_mode + csr_group20/sd_o,0,60,0.0,0.0
alu_operator_o_mode + lsu_group1/sd_o,0,60,0.0,0.0
alu_operator_o_mode + lsu_group2/sd_o,0,60,0.0,0.0
alu_operator_o_mode + lsu_group3/sd_o,0,60,0.0,0.0
alu_operator_o_mode + lsu_group4/sd_o,0,60,0.0,0.0
id_group9/hc_o + if_stage/sd_o,0,60,0.0,0.0
csr_group14/hc_o + if_stage/sd_o,0,60,0.0,0.0
csr_group18/hc_o + if_stage/sd_o,0,60,0.0,0.0
csr_group19/hc_o + if_stage/sd_o,0,60,0.0,0.0
csr_group20/hc_o + if_stage/sd_o,0,60,0.0,0.0
if_stage/sd_o + tcr_execute/hc_o,0,60,0.0,0.0
alu_operator_o_mode + lsu_group5/sd_o,0,60,0.0,0.0
id_group0/sd_o + id_group9/hc_o,0,60,0.0,0.0
csr_group14/hc_o + id_group0/sd_o,0,60,0.0,0.0
csr_group18/hc_o + id_group0/sd_o,0,60,0.0,0.0
csr_group19/hc_o + id_group0/sd_o,0,60,0.0,0.0
csr_group20/hc_o + id_group0/sd_o,0,60,0.0,0.0
id_group0/sd_o + tcr_execute/hc_o,0,60,0.0,0.0
id_group1/sd_o + id_group9/hc_o,0,60,0.0,0.0
csr_group14/hc_o + id_group1/sd_o,0,60,0.0,0.0
csr_group18/hc_o + id_group1/sd_o,0,60,0.0,0.0
csr_group19/hc_o + id_group1/sd_o,0,60,0.0,0.0
csr_group20/hc_o + id_group1/sd_o,0,60,0.0,0.0
id_group1/sd_o + tcr_execute/hc_o,0,60,0.0,0.0
id_group2/sd_o + id_group9/hc_o,0,60,0.0,0.0
csr_group14/hc_o + id_group2/sd_o,0,60,0.0,0.0
csr_group18/hc_o + id_group2/sd_o,0,60,0.0,0.0
csr_group19/hc_o + id_group2/sd_o,0,60,0.0,0.0
csr_group20/hc_o + id_group2/sd_o,0,60,0.0,0.0
id_group2/sd_o + tcr_execute/hc_o,0,60,0.0,0.0
id_group3/sd_o + id_group9/hc_o,0,60,0.0,0.0
csr_group14/hc_o + id_group3/sd_o,0,60,0.0,0.0
csr_group18/hc_o + id_group3/sd_o,0,60,0.0,0.0
csr_group19/hc_o + id_group3/sd_o,0,60,0.0,0.0
csr_group20/hc_o + id_group3/sd_o,0,60,0.0,0.0
id_group3/sd_o + tcr_execute/hc_o,0,60,0.0,0.0
id_group4/sd_o + id_group9/hc_o,0,60,0.0,0.0
csr_group14/hc_o + id_group4/sd_o,0,60,0.0,0.0
csr_group18/hc_o + id_group4/sd_o,0,60,0.0,0.0
csr_group19/hc_o + id_group4/sd_o,0,60,0.0,0.0
csr_group20/hc_o + id_group4/sd_o,0,60,0.0,0.0
id_group4/sd_o + tcr_execute/hc_o,0,60,0.0,0.0
id_group5/sd_o + id_group9/hc_o,0,60,0.0,0.0
csr_group14/hc_o + id_group5/sd_o,0,60,0.0,0.0
csr_group18/hc_o + id_group5/sd_o,0,60,0.0,0.0
csr_group19/hc_o + id_group5/sd_o,0,60,0.0,0.0
csr_group20/hc_o + id_group5/sd_o,0,60,0.0,0.0
id_group5/sd_o + tcr_execute/hc_o,0,60,0.0,0.0
id_group6/sd_o + id_group9/hc_o,0,60,0.0,0.0
csr_group14/hc_o + id_group6/sd_o,0,60,0.0,0.0
csr_group18/hc_o + id_group6/sd_o,0,60,0.0,0.0
csr_group19/hc_o + id_group6/sd_o,0,60,0.0,0.0
csr_group20/hc_o + id_group6/sd_o,0,60,0.0,0.0
id_group6/sd_o + tcr_execute/hc_o,0,60,0.0,0.0
id_group7/sd_o + id_group9/hc_o,0,60,0.0,0.0
csr_group14/hc_o + id_group7/sd_o,0,60,0.0,0.0
csr_group18/hc_o + id_group7/sd_o,0,60,0.0,0.0
csr_group19/hc_o + id_group7/sd_o,0,60,0.0,0.0
csr_group20/hc_o + id_group7/sd_o,0,60,0.0,0.0
id_group7/sd_o + tcr_execute/hc_o,0,60,0.0,0.0
id_group8/sd_o + id_group9/hc_o,0,60,0.0,0.0
csr_group14/hc_o + id_group8/sd_o,0,60,0.0,0.0
csr_group18/hc_o + id_group8/sd_o,0,60,0.0,0.0
csr_group19/hc_o + id_group8/sd_o,0,60,0.0,0.0
csr_group20/hc_o + id_group8/sd_o,0,60,0.0,0.0
id_group8/sd_o + tcr_execute/hc_o,0,60,0.0,0.0
id_group9/hc_o + sd_o_rf_tag,0,60,0.0,0.0
csr_group0/sd_o + id_group9/hc_o,0,60,0.0,0.0
csr_group1/sd_o + id_group9/hc_o,0,60,0.0,0.0
csr_group2/sd_o + id_group9/hc_o,0,60,0.0,0.0
csr_group3/sd_o + id_group9/hc_o,0,60,0.0,0.0
csr_group4/sd_o + id_group9/hc_o,0,60,0.0,0.0
csr_group5/sd_o + id_group9/hc_o,0,60,0.0,0.0
csr_group6/sd_o + id_group9/hc_o,0,60,0.0,0.0
csr_group7/sd_o + id_group9/hc_o,0,60,0.0,0.0
csr_group8/sd_o + id_group9/hc_o,0,60,0.0,0.0
csr_group9/sd_o + id_group9/hc_o,0,60,0.0,0.0
csr_group10/sd_o + id_group9/hc_o,0,60,0.0,0.0
csr_group11/sd_o + id_group9/hc_o,0,60,0.0,0.0
csr_group12/sd_o + id_group9/hc_o,0,60,0.0,0.0
csr_group13/sd_o + id_group9/hc_o,0,60,0.0,0.0
csr_group14/sd_o + id_group9/hc_o,0,60,0.0,0.0
csr_group15/sd_o + id_group9/hc_o,0,60,0.0,0.0
csr_group16/sd_o + id_group9/hc_o,0,60,0.0,0.0
csr_group17/sd_o + id_group9/hc_o,0,60,0.0,0.0
csr_group18/sd_o + id_group9/hc_o,0,60,0.0,0.0
csr_group19/sd_o + id_group9/hc_o,0,60,0.0,0.0
csr_group20/sd_o + id_group9/hc_o,0,60,0.0,0.0
id_group9/hc_o + tcr_execute/sd_o,0,60,0.0,0.0
id_group9/hc_o + lsu_group1/sd_o,0,60,0.0,0.0
id_group9/hc_o + lsu_group2/sd_o,0,60,0.0,0.0
id_group9/hc_o + lsu_group3/sd_o,0,60,0.0,0.0
id_group9/hc_o + lsu_group4/sd_o,0,60,0.0,0.0
id_group9/hc_o + lsu_group5/sd_o,0,60,0.0,0.0
csr_group14/hc_o + id_group9/sd_o,0,60,0.0,0.0
csr_group18/hc_o + id_group9/sd_o,0,60,0.0,0.0
csr_group19/hc_o + id_group9/sd_o,0,60,0.0,0.0
csr_group20/hc_o + id_group9/sd_o,0,60,0.0,0.0
id_group9/sd_o + tcr_execute/hc_o,0,60,0.0,0.0
csr_group14/hc_o + sd_o_rf_tag,0,60,0.0,0.0
csr_group18/hc_o + sd_o_rf_tag,0,60,0.0,0.0
csr_group19/hc_o + sd_o_rf_tag,0,60,0.0,0.0
csr_group20/hc_o + sd_o_rf_tag,0,60,0.0,0.0
csr_group0/sd_o + csr_group14/hc_o,0,60,0.0,0.0
csr_group0/sd_o + csr_group18/hc_o,0,60,0.0,0.0
csr_group0/sd_o + csr_group19/hc_o,0,60,0.0,0.0
csr_group0/sd_o + csr_group20/hc_o,0,60,0.0,0.0
csr_group0/sd_o + tcr_execute/hc_o,0,60,0.0,0.0
csr_group1/sd_o + csr_group14/hc_o,0,60,0.0,0.0
csr_group1/sd_o + csr_group18/hc_o,0,60,0.0,0.0
csr_group1/sd_o + csr_group19/hc_o,0,60,0.0,0.0
csr_group1/sd_o + csr_group20/hc_o,0,60,0.0,0.0
csr_group1/sd_o + tcr_execute/hc_o,0,60,0.0,0.0
csr_group14/hc_o + csr_group2/sd_o,0,60,0.0,0.0
csr_group18/hc_o + csr_group2/sd_o,0,60,0.0,0.0
csr_group19/hc_o + csr_group2/sd_o,0,60,0.0,0.0
csr_group2/sd_o + csr_group20/hc_o,0,60,0.0,0.0
csr_group2/sd_o + tcr_execute/hc_o,0,60,0.0,0.0
csr_group14/hc_o + csr_group3/sd_o,0,60,0.0,0.0
csr_group18/hc_o + csr_group3/sd_o,0,60,0.0,0.0
csr_group19/hc_o + csr_group3/sd_o,0,60,0.0,0.0
csr_group20/hc_o + csr_group3/sd_o,0,60,0.0,0.0
csr_group3/sd_o + tcr_execute/hc_o,0,60,0.0,0.0
csr_group14/hc_o + csr_group4/sd_o,0,60,0.0,0.0
csr_group18/hc_o + csr_group4/sd_o,0,60,0.0,0.0
csr_group19/hc_o + csr_group4/sd_o,0,60,0.0,0.0
csr_group20/hc_o + csr_group4/sd_o,0,60,0.0,0.0
csr_group4/sd_o + tcr_execute/hc_o,0,60,0.0,0.0
csr_group14/hc_o + csr_group5/sd_o,0,60,0.0,0.0
csr_group18/hc_o + csr_group5/sd_o,0,60,0.0,0.0
csr_group19/hc_o + csr_group5/sd_o,0,60,0.0,0.0
csr_group20/hc_o + csr_group5/sd_o,0,60,0.0,0.0
csr_group5/sd_o + tcr_execute/hc_o,0,60,0.0,0.0
csr_group14/hc_o + csr_group6/sd_o,0,60,0.0,0.0
csr_group18/hc_o + csr_group6/sd_o,0,60,0.0,0.0
csr_group19/hc_o + csr_group6/sd_o,0,60,0.0,0.0
csr_group20/hc_o + csr_group6/sd_o,0,60,0.0,0.0
csr_group6/sd_o + tcr_execute/hc_o,0,60,0.0,0.0
csr_group14/hc_o + csr_group7/sd_o,0,60,0.0,0.0
csr_group18/hc_o + csr_group7/sd_o,0,60,0.0,0.0
csr_group19/hc_o + csr_group7/sd_o,0,60,0.0,0.0
csr_group20/hc_o + csr_group7/sd_o,0,60,0.0,0.0
csr_group7/sd_o + tcr_execute/hc_o,0,60,0.0,0.0
csr_group14/hc_o + csr_group8/sd_o,0,60,0.0,0.0
csr_group18/hc_o + csr_group8/sd_o,0,60,0.0,0.0
csr_group19/hc_o + csr_group8/sd_o,0,60,0.0,0.0
csr_group20/hc_o + csr_group8/sd_o,0,60,0.0,0.0
csr_group8/sd_o + tcr_execute/hc_o,0,60,0.0,0.0
csr_group14/hc_o + csr_group9/sd_o,0,60,0.0,0.0
csr_group18/hc_o + csr_group9/sd_o,0,60,0.0,0.0
csr_group19/hc_o + csr_group9/sd_o,0,60,0.0,0.0
csr_group20/hc_o + csr_group9/sd_o,0,60,0.0,0.0
csr_group9/sd_o + tcr_execute/hc_o,0,60,0.0,0.0
csr_group10/sd_o + csr_group14/hc_o,0,60,0.0,0.0
csr_group10/sd_o + csr_group18/hc_o,0,60,0.0,0.0
csr_group10/sd_o + csr_group19/hc_o,0,60,0.0,0.0
csr_group10/sd_o + csr_group20/hc_o,0,60,0.0,0.0
csr_group10/sd_o + tcr_execute/hc_o,0,60,0.0,0.0
csr_group11/sd_o + csr_group14/hc_o,0,60,0.0,0.0
csr_group11/sd_o + csr_group18/hc_o,0,60,0.0,0.0
csr_group11/sd_o + csr_group19/hc_o,0,60,0.0,0.0
csr_group11/sd_o + csr_group20/hc_o,0,60,0.0,0.0
csr_group11/sd_o + tcr_execute/hc_o,0,60,0.0,0.0
csr_group12/sd_o + csr_group14/hc_o,0,60,0.0,0.0
csr_group12/sd_o + csr_group18/hc_o,0,60,0.0,0.0
csr_group12/sd_o + csr_group19/hc_o,0,60,0.0,0.0
csr_group12/sd_o + csr_group20/hc_o,0,60,0.0,0.0
csr_group12/sd_o + tcr_execute/hc_o,0,60,0.0,0.0
csr_group13/sd_o + csr_group14/hc_o,0,60,0.0,0.0
csr_group13/sd_o + csr_group18/hc_o,0,60,0.0,0.0
csr_group13/sd_o + csr_group19/hc_o,0,60,0.0,0.0
csr_group13/sd_o + csr_group20/hc_o,0,60,0.0,0.0
csr_group13/sd_o + tcr_execute/hc_o,0,60,0.0,0.0
csr_group14/hc_o + csr_group14/sd_o,0,60,0.0,0.0
csr_group14/hc_o + csr_group15/sd_o,0,60,0.0,0.0
csr_group14/hc_o + csr_group16/sd_o,0,60,0.0,0.0
csr_group14/hc_o + csr_group17/sd_o,0,60,0.0,0.0
csr_group14/hc_o + csr_group18/sd_o,0,60,0.0,0.0
csr_group14/hc_o + csr_group19/sd_o,0,60,0.0,0.0
csr_group14/hc_o + csr_group20/sd_o,0,60,0.0,0.0
csr_group14/hc_o + tcr_execute/sd_o,0,60,0.0,0.0
csr_group14/hc_o + lsu_group1/sd_o,0,60,0.0,0.0
csr_group14/hc_o + lsu_group2/sd_o,0,60,0.0,0.0
csr_group14/hc_o + lsu_group3/sd_o,0,60,0.0,0.0
csr_group14/hc_o + lsu_group4/sd_o,0,60,0.0,0.0
csr_group14/hc_o + lsu_group5/sd_o,0,60,0.0,0.0
csr_group14/sd_o + csr_group18/hc_o,0,60,0.0,0.0
csr_group14/sd_o + csr_group19/hc_o,0,60,0.0,0.0
csr_group14/sd_o + csr_group20/hc_o,0,60,0.0,0.0
csr_group14/sd_o + tcr_execute/hc_o,0,60,0.0,0.0
csr_group15/sd_o + csr_group18/hc_o,0,60,0.0,0.0
csr_group15/sd_o + csr_group19/hc_o,0,60,0.0,0.0
csr_group15/sd_o + csr_group20/hc_o,0,60,0.0,0.0
csr_group15/sd_o + tcr_execute/hc_o,0,60,0.0,0.0
csr_group16/sd_o + csr_group18/hc_o,0,60,0.0,0.0
csr_group16/sd_o + csr_group19/hc_o,0,60,0.0,0.0
csr_group16/sd_o + csr_group20/hc_o,0,60,0.0,0.0
csr_group16/sd_o + tcr_execute/hc_o,0,60,0.0,0.0
csr_group17/sd_o + csr_group18/hc_o,0,60,0.0,0.0
csr_group17/sd_o + csr_group19/hc_o,0,60,0.0,0.0
csr_group17/sd_o + csr_group20/hc_o,0,60,0.0,0.0
csr_group17/sd_o + tcr_execute/hc_o,0,60,0.0,0.0
csr_group18/hc_o + csr_group18/sd_o,0,60,0.0,0.0
csr_group18/hc_o + csr_group19/sd_o,0,60,0.0,0.0
csr_group18/hc_o + csr_group20/sd_o,0,60,0.0,0.0
csr_group18/hc_o + tcr_execute/sd_o,0,60,0.0,0.0
csr_group18/hc_o + lsu_group1/sd_o,0,60,0.0,0.0
csr_group18/hc_o + lsu_group2/sd_o,0,60,0.0,0.0
csr_group18/hc_o + lsu_group3/sd_o,0,60,0.0,0.0
csr_group18/hc_o + lsu_group4/sd_o,0,60,0.0,0.0
csr_group18/hc_o + lsu_group5/sd_o,0,60,0.0,0.0
csr_group18/sd_o + csr_group19/hc_o,0,60,0.0,0.0
csr_group18/sd_o + csr_group20/hc_o,0,60,0.0,0.0
csr_group18/sd_o + tcr_execute/hc_o,0,60,0.0,0.0
csr_group19/hc_o + csr_group19/sd_o,0,60,0.0,0.0
csr_group19/hc_o + csr_group20/sd_o,0,60,0.0,0.0
csr_group19/hc_o + tcr_execute/sd_o,0,60,0.0,0.0
csr_group19/hc_o + lsu_group1/sd_o,0,60,0.0,0.0
csr_group19/hc_o + lsu_group2/sd_o,0,60,0.0,0.0
csr_group19/hc_o + lsu_group3/sd_o,0,60,0.0,0.0
csr_group19/hc_o + lsu_group4/sd_o,0,60,0.0,0.0
csr_group19/hc_o + lsu_group5/sd_o,0,60,0.0,0.0
csr_group19/sd_o + csr_group20/hc_o,0,60,0.0,0.0
csr_group19/sd_o + tcr_execute/hc_o,0,60,0.0,0.0
csr_group20/hc_o + csr_group20/sd_o,0,60,0.0,0.0
csr_group20/hc_o + tcr_execute/sd_o,0,60,0.0,0.0
csr_group20/hc_o + lsu_group1/sd_o,0,60,0.0,0.0
csr_group20/hc_o + lsu_group2/sd_o,0,60,0.0,0.0
csr_group20/hc_o + lsu_group3/sd_o,0,60,0.0,0.0
csr_group20/hc_o + lsu_group4/sd_o,0,60,0.0,0.0
csr_group20/hc_o + lsu_group5/sd_o,0,60,0.0,0.0
csr_group20/sd_o + tcr_execute/hc_o,0,60,0.0,0.0
lsu_group1/sd_o + tcr_execute/hc_o,0,60,0.0,0.0
lsu_group2/sd_o + tcr_execute/hc_o,0,60,0.0,0.0
lsu_group3/sd_o + tcr_execute/hc_o,0,60,0.0,0.0
lsu_group4/sd_o + tcr_execute/hc_o,0,60,0.0,0.0
lsu_group5/sd_o + tcr_execute/hc_o,0,60,0.0,0.0
pc_id_o_tag + sp_o_32,0,60,0.0,0.0
is_store_post_o_tag + sp_o_32,0,60,0.0,0.0
memory_set_o_tag + sp_o_32,0,60,0.0,0.0
pc_if_o_tag + sp_o_32,0,60,0.0,0.0
register_set_o_tag + sp_o_32,0,60,0.0,0.0
sp_o_32 + store_dest_addr_ex_o_tag,0,60,0.0,0.0
sp_o_32 + store_source_ex_o_tag,0,60,0.0,0.0
sp_o_32 + use_store_ops_ex_o,0,60,0.0,0.0
rf_reg[0] + sp_o_32,0,60,0.0,0.0
rf_reg[1] + sp_o_32,0,60,0.0,0.0
rf_reg[2] + sp_o_32,0,60,0.0,0.0
rf_reg[3] + sp_o_32,0,60,0.0,0.0
rf_reg[4] + sp_o_32,0,60,0.0,0.0
rf_reg[5] + sp_o_32,0,60,0.0,0.0
rf_reg[6] + sp_o_32,0,60,0.0,0.0
rf_reg[7] + sp_o_32,0,60,0.0,0.0
rf_reg[8] + sp_o_32,0,60,0.0,0.0
rf_reg[9] + sp_o_32,0,60,0.0,0.0
rf_reg[10] + sp_o_32,0,60,0.0,0.0
rf_reg[11] + sp_o_32,0,60,0.0,0.0
rf_reg[12] + sp_o_32,0,60,0.0,0.0
rf_reg[13] + sp_o_32,0,60,0.0,0.0
alu_operand_a_ex_o_tag + sp_o_32,0,60,0.0,0.0
rf_reg[14] + sp_o_32,0,60,0.0,0.0
rf_reg[15] + sp_o_32,0,60,0.0,0.0
rf_reg[16] + sp_o_32,0,60,0.0,0.0
rf_reg[17] + sp_o_32,0,60,0.0,0.0
rf_reg[18] + sp_o_32,0,60,0.0,0.0
rf_reg[19] + sp_o_32,0,60,0.0,0.0
rf_reg[20] + sp_o_32,0,60,0.0,0.0
rf_reg[21] + sp_o_32,0,60,0.0,0.0
rf_reg[22] + sp_o_32,0,60,0.0,0.0
rf_reg[23] + sp_o_32,0,60,0.0,0.0
rf_reg[24] + sp_o_32,0,60,0.0,0.0
rf_reg[25] + sp_o_32,0,60,0.0,0.0
rf_reg[26] + sp_o_32,0,60,0.0,0.0
rf_reg[27] + sp_o_32,0,60,0.0,0.0
rf_reg[28] + sp_o_32,0,60,0.0,0.0
rf_reg[29] + sp_o_32,0,60,0.0,0.0
rf_reg[30] + sp_o_32,0,60,0.0,0.0
rf_reg[31] + sp_o_32,0,60,0.0,0.0
rs1_o_tag + sp_o_32,0,60,0.0,0.0
data_type_q_tag + sp_o_5,0,60,0.0,0.0
data_type_q_tag + sp_o_26,0,60,0.0,0.0
data_type_q_tag + sp_o_rf_tag,0,60,0.0,0.0
data_we_q_tag + sp_o_32,0,60,0.0,0.0
rdata_offset_q_tag + sp_o_5,0,60,0.0,0.0
rdata_offset_q_tag + sp_o_26,0,60,0.0,0.0
rdata_offset_q_tag + sp_o_rf_tag,0,60,0.0,0.0
sp_o_32 + sp_o_5,0,60,0.0,0.0
sp_o_26 + sp_o_32,0,60,0.0,0.0
sp_o_32 + sp_o_rf_tag,0,60,0.0,0.0
alu_operand_b_ex_o_tag + sp_o_32,0,60,0.0,0.0
alu_operand_c_ex_o_tag + sp_o_32,0,60,0.0,0.0
alu_operator_o_mode + sp_o_5,0,60,0.0,0.0
alu_operator_o_mode + sp_o_26,0,60,0.0,0.0
alu_operator_o_mode + sp_o_rf_tag,0,60,0.0,0.0
check_d_o_tag + sp_o_32,0,60,0.0,0.0
check_s1_o_tag + sp_o_32,0,60,0.0,0.0
check_s2_o_tag + sp_o_32,0,60,0.0,0.0
alu_operand_b_ex_o_tag + sd_o_26,0,30,0.0,0.0
rf_reg[13] + sd_o_26,0,30,0.0,0.0
rf_reg[14] + sd_o_26,0,30,0.0,0.0
rf_reg[15] + sd_o_26,0,30,0.0,0.0
rf_reg[16] + sd_o_26,0,30,0.0,0.0
rf_reg[17] + sd_o_26,0,30,0.0,0.0
rf_reg[18] + sd_o_26,0,30,0.0,0.0
rf_reg[19] + sd_o_26,0,30,0.0,0.0
rf_reg[20] + sd_o_26,0,30,0.0,0.0
rf_reg[21] + sd_o_26,0,30,0.0,0.0
rf_reg[22] + sd_o_26,0,30,0.0,0.0
rf_reg[23] + sd_o_26,0,30,0.0,0.0
alu_operand_c_ex_o_tag + sd_o_26,0,30,0.0,0.0
rf_reg[24] + sd_o_26,0,30,0.0,0.0
rf_reg[25] + sd_o_26,0,30,0.0,0.0
rf_reg[26] + sd_o_26,0,30,0.0,0.0
rf_reg[27] + sd_o_26,0,30,0.0,0.0
rf_reg[28] + sd_o_26,0,30,0.0,0.0
rf_reg[29] + sd_o_26,0,30,0.0,0.0
rf_reg[30] + sd_o_26,0,30,0.0,0.0
rf_reg[31] + sd_o_26,0,30,0.0,0.0
rs1_o_tag + sd_o_26,0,30,0.0,0.0
data_we_q_tag + sd_o_26,0,30,0.0,0.0
sd_o_26 + sd_o_5,0,30,0.0,0.0
sd_o_26 + sd_o_rf_tag,0,30,0.0,0.0
sd_o_26 + tpr/sd_o_32,0,30,0.0,0.0
sd_o_26 + tcr/sd_o_32,0,30,0.0,0.0
pc_id_o_tag + sd_o_26,0,30,0.0,0.0
check_d_o_tag + sd_o_26,0,30,0.0,0.0
check_s1_o_tag + sd_o_26,0,30,0.0,0.0
check_s2_o_tag + sd_o_26,0,30,0.0,0.0
is_store_post_o_tag + sd_o_26,0,30,0.0,0.0
memory_set_o_tag + sd_o_26,0,30,0.0,0.0
pc_if_o_tag + sd_o_26,0,30,0.0,0.0
register_set_o_tag + sd_o_26,0,30,0.0,0.0
sd_o_26 + store_dest_addr_ex_o_tag,0,30,0.0,0.0
alu_operand_a_ex_o_tag + sd_o_26,0,30,0.0,0.0
sd_o_26 + store_source_ex_o_tag,0,30,0.0,0.0
sd_o_26 + use_store_ops_ex_o,0,30,0.0,0.0
rf_reg[0] + sd_o_26,0,30,0.0,0.0
rf_reg[1] + sd_o_26,0,30,0.0,0.0
rf_reg[2] + sd_o_26,0,30,0.0,0.0
rf_reg[3] + sd_o_26,0,30,0.0,0.0
rf_reg[4] + sd_o_26,0,30,0.0,0.0
rf_reg[5] + sd_o_26,0,30,0.0,0.0
rf_reg[6] + sd_o_26,0,30,0.0,0.0
rf_reg[7] + sd_o_26,0,30,0.0,0.0
rf_reg[8] + sd_o_26,0,30,0.0,0.0
rf_reg[9] + sd_o_26,0,30,0.0,0.0
rf_reg[10] + sd_o_26,0,30,0.0,0.0
rf_reg[11] + sd_o_26,0,30,0.0,0.0
rf_reg[12] + sd_o_26,0,30,0.0,0.0
alu_operand_b_ex_o_tag + id_stage/sd_o,0,30,0.0,0.0
id_stage/sd_o + rf_reg[9],0,30,0.0,0.0
ex_stage/sd_o + rf_reg[9],0,30,0.0,0.0
lsu/sd_o + rf_reg[9],0,30,0.0,0.0
id_stage/sd_o + rf_reg[10],0,30,0.0,0.0
ex_stage/sd_o + rf_reg[10],0,30,0.0,0.0
lsu/sd_o + rf_reg[10],0,30,0.0,0.0
id_stage/sd_o + rf_reg[11],0,30,0.0,0.0
ex_stage/sd_o + rf_reg[11],0,30,0.0,0.0
lsu/sd_o + rf_reg[11],0,30,0.0,0.0
id_stage/sd_o + rf_reg[12],0,30,0.0,0.0
ex_stage/sd_o + rf_reg[12],0,30,0.0,0.0
lsu/sd_o + rf_reg[12],0,30,0.0,0.0
id_stage/sd_o + rf_reg[13],0,30,0.0,0.0
ex_stage/sd_o + rf_reg[13],0,30,0.0,0.0
alu_operand_b_ex_o_tag + ex_stage/sd_o,0,30,0.0,0.0
alu_operand_b_ex_o_tag + lsu/sd_o,0,30,0.0,0.0
lsu/sd_o + rf_reg[13],0,30,0.0,0.0
id_stage/sd_o + rf_reg[14],0,30,0.0,0.0
ex_stage/sd_o + rf_reg[14],0,30,0.0,0.0
lsu/sd_o + rf_reg[14],0,30,0.0,0.0
id_stage/sd_o + rf_reg[15],0,30,0.0,0.0
ex_stage/sd_o + rf_reg[15],0,30,0.0,0.0
lsu/sd_o + rf_reg[15],0,30,0.0,0.0
id_stage/sd_o + rf_reg[16],0,30,0.0,0.0
ex_stage/sd_o + rf_reg[16],0,30,0.0,0.0
lsu/sd_o + rf_reg[16],0,30,0.0,0.0
id_stage/sd_o + rf_reg[17],0,30,0.0,0.0
ex_stage/sd_o + rf_reg[17],0,30,0.0,0.0
lsu/sd_o + rf_reg[17],0,30,0.0,0.0
id_stage/sd_o + rf_reg[18],0,30,0.0,0.0
ex_stage/sd_o + rf_reg[18],0,30,0.0,0.0
lsu/sd_o + rf_reg[18],0,30,0.0,0.0
id_stage/sd_o + rf_reg[19],0,30,0.0,0.0
ex_stage/sd_o + rf_reg[19],0,30,0.0,0.0
lsu/sd_o + rf_reg[19],0,30,0.0,0.0
id_stage/sd_o + rf_reg[20],0,30,0.0,0.0
ex_stage/sd_o + rf_reg[20],0,30,0.0,0.0
lsu/sd_o + rf_reg[20],0,30,0.0,0.0
id_stage/sd_o + rf_reg[21],0,30,0.0,0.0
ex_stage/sd_o + rf_reg[21],0,30,0.0,0.0
lsu/sd_o + rf_reg[21],0,30,0.0,0.0
id_stage/sd_o + rf_reg[22],0,30,0.0,0.0
ex_stage/sd_o + rf_reg[22],0,30,0.0,0.0
lsu/sd_o + rf_reg[22],0,30,0.0,0.0
id_stage/sd_o + rf_reg[23],0,30,0.0,0.0
ex_stage/sd_o + rf_reg[23],0,30,0.0,0.0
lsu/sd_o + rf_reg[23],0,30,0.0,0.0
alu_operand_c_ex_o_tag + id_stage/sd_o,0,30,0.0,0.0
alu_operand_c_ex_o_tag + ex_stage/sd_o,0,30,0.0,0.0
id_stage/sd_o + rf_reg[24],0,30,0.0,0.0
ex_stage/sd_o + rf_reg[24],0,30,0.0,0.0
lsu/sd_o + rf_reg[24],0,30,0.0,0.0
id_stage/sd_o + rf_reg[25],0,30,0.0,0.0
ex_stage/sd_o + rf_reg[25],0,30,0.0,0.0
lsu/sd_o + rf_reg[25],0,30,0.0,0.0
id_stage/sd_o + rf_reg[26],0,30,0.0,0.0
ex_stage/sd_o + rf_reg[26],0,30,0.0,0.0
lsu/sd_o + rf_reg[26],0,30,0.0,0.0
id_stage/sd_o + rf_reg[27],0,30,0.0,0.0
ex_stage/sd_o + rf_reg[27],0,30,0.0,0.0
lsu/sd_o + rf_reg[27],0,30,0.0,0.0
id_stage/sd_o + rf_reg[28],0,30,0.0,0.0
ex_stage/sd_o + rf_reg[28],0,30,0.0,0.0
lsu/sd_o + rf_reg[28],0,30,0.0,0.0
id_stage/sd_o + rf_reg[29],0,30,0.0,0.0
alu_operand_c_ex_o_tag + lsu/sd_o,0,30,0.0,0.0
ex_stage/sd_o + rf_reg[29],0,30,0.0,0.0
lsu/sd_o + rf_reg[29],0,30,0.0,0.0
id_stage/sd_o + rf_reg[30],0,30,0.0,0.0
ex_stage/sd_o + rf_reg[30],0,30,0.0,0.0
lsu/sd_o + rf_reg[30],0,30,0.0,0.0
id_stage/sd_o + rf_reg[31],0,30,0.0,0.0
ex_stage/sd_o + rf_reg[31],0,30,0.0,0.0
lsu/sd_o + rf_reg[31],0,30,0.0,0.0
id_stage/sd_o + rs1_o_tag,0,30,0.0,0.0
ex_stage/sd_o + rs1_o_tag,0,30,0.0,0.0
lsu/sd_o + rs1_o_tag,0,30,0.0,0.0
data_we_q_tag + id_stage/sd_o,0,30,0.0,0.0
data_we_q_tag + ex_stage/sd_o,0,30,0.0,0.0
data_we_q_tag + lsu/sd_o,0,30,0.0,0.0
id_stage/sd_o + if_stage/sd_o,0,30,0.0,0.0
ex_stage/sd_o + if_stage/sd_o,0,30,0.0,0.0
if_stage/sd_o + tpr/sd_o_32,0,30,0.0,0.0
if_stage/sd_o + tcr/sd_o_32,0,30,0.0,0.0
if_stage/sd_o + lsu/sd_o,0,30,0.0,0.0
id_stage/sd_o + sd_o_rf_tag,0,30,0.0,0.0
ex_stage/sd_o + id_stage/sd_o,0,30,0.0,0.0
id_stage/sd_o + tpr/sd_o_32,0,30,0.0,0.0
id_stage/sd_o + tcr/sd_o_32,0,30,0.0,0.0
id_stage/sd_o + lsu/sd_o,0,30,0.0,0.0
id_stage/sd_o + pc_id_o_tag,0,30,0.0,0.0
check_d_o_tag + id_stage/sd_o,0,30,0.0,0.0
check_d_o_tag + ex_stage/sd_o,0,30,0.0,0.0
ex_stage/sd_o + sd_o_rf_tag,0,30,0.0,0.0
check_d_o_tag + lsu/sd_o,0,30,0.0,0.0
lsu/sd_o + sd_o_rf_tag,0,30,0.0,0.0
ex_stage/sd_o + tpr/sd_o_32,0,30,0.0,0.0
ex_stage/sd_o + tcr/sd_o_32,0,30,0.0,0.0
ex_stage/sd_o + lsu/sd_o,0,30,0.0,0.0
lsu/sd_o + tpr/sd_o_32,0,30,0.0,0.0
lsu/sd_o + tcr/sd_o_32,0,30,0.0,0.0
check_s1_o_tag + id_stage/sd_o,0,30,0.0,0.0
check_s1_o_tag + ex_stage/sd_o,0,30,0.0,0.0
check_s1_o_tag + lsu/sd_o,0,30,0.0,0.0
check_s2_o_tag + id_stage/sd_o,0,30,0.0,0.0
check_s2_o_tag + ex_stage/sd_o,0,30,0.0,0.0
check_s2_o_tag + lsu/sd_o,0,30,0.0,0.0
id_stage/sd_o + is_store_post_o_tag,0,30,0.0,0.0
ex_stage/sd_o + is_store_post_o_tag,0,30,0.0,0.0
ex_stage/sd_o + pc_id_o_tag,0,30,0.0,0.0
lsu/sd_o + pc_id_o_tag,0,30,0.0,0.0
is_store_post_o_tag + lsu/sd_o,0,30,0.0,0.0
id_stage/sd_o + memory_set_o_tag,0,30,0.0,0.0
ex_stage/sd_o + memory_set_o_tag,0,30,0.0,0.0
lsu/sd_o + memory_set_o_tag,0,30,0.0,0.0
id_stage/sd_o + pc_if_o_tag,0,30,0.0,0.0
ex_stage/sd_o + pc_if_o_tag,0,30,0.0,0.0
lsu/sd_o + pc_if_o_tag,0,30,0.0,0.0
alu_operand_a_ex_o_tag + id_stage/sd_o,0,30,0.0,0.0
id_stage/sd_o + register_set_o_tag,0,30,0.0,0.0
ex_stage/sd_o + register_set_o_tag,0,30,0.0,0.0
lsu/sd_o + register_set_o_tag,0,30,0.0,0.0
id_stage/sd_o + store_dest_addr_ex_o_tag,0,30,0.0,0.0
ex_stage/sd_o + store_dest_addr_ex_o_tag,0,30,0.0,0.0
lsu/sd_o + store_dest_addr_ex_o_tag,0,30,0.0,0.0
id_stage/sd_o + store_source_ex_o_tag,0,30,0.0,0.0
ex_stage/sd_o + store_source_ex_o_tag,0,30,0.0,0.0
lsu/sd_o + store_source_ex_o_tag,0,30,0.0,0.0
id_stage/sd_o + use_store_ops_ex_o,0,30,0.0,0.0
ex_stage/sd_o + use_store_ops_ex_o,0,30,0.0,0.0
lsu/sd_o + use_store_ops_ex_o,0,30,0.0,0.0
alu_operand_a_ex_o_tag + ex_stage/sd_o,0,30,0.0,0.0
id_stage/sd_o + rf_reg[0],0,30,0.0,0.0
ex_stage/sd_o + rf_reg[0],0,30,0.0,0.0
lsu/sd_o + rf_reg[0],0,30,0.0,0.0
id_stage/sd_o + rf_reg[1],0,30,0.0,0.0
ex_stage/sd_o + rf_reg[1],0,30,0.0,0.0
lsu/sd_o + rf_reg[1],0,30,0.0,0.0
id_stage/sd_o + rf_reg[2],0,30,0.0,0.0
ex_stage/sd_o + rf_reg[2],0,30,0.0,0.0
lsu/sd_o + rf_reg[2],0,30,0.0,0.0
id_stage/sd_o + rf_reg[3],0,30,0.0,0.0
ex_stage/sd_o + rf_reg[3],0,30,0.0,0.0
lsu/sd_o + rf_reg[3],0,30,0.0,0.0
id_stage/sd_o + rf_reg[4],0,30,0.0,0.0
alu_operand_a_ex_o_tag + lsu/sd_o,0,30,0.0,0.0
ex_stage/sd_o + rf_reg[4],0,30,0.0,0.0
lsu/sd_o + rf_reg[4],0,30,0.0,0.0
id_stage/sd_o + rf_reg[5],0,30,0.0,0.0
ex_stage/sd_o + rf_reg[5],0,30,0.0,0.0
lsu/sd_o + rf_reg[5],0,30,0.0,0.0
id_stage/sd_o + rf_reg[6],0,30,0.0,0.0
ex_stage/sd_o + rf_reg[6],0,30,0.0,0.0
lsu/sd_o + rf_reg[6],0,30,0.0,0.0
id_stage/sd_o + rf_reg[7],0,30,0.0,0.0
ex_stage/sd_o + rf_reg[7],0,30,0.0,0.0
lsu/sd_o + rf_reg[7],0,30,0.0,0.0
id_stage/sd_o + rf_reg[8],0,30,0.0,0.0
ex_stage/sd_o + rf_reg[8],0,30,0.0,0.0
lsu/sd_o + rf_reg[8],0,30,0.0,0.0
pc_if_o_tag/sd_o + tpr/sd_o_32,0,30,0.0,0.0
pc_if_o_tag/sd_o + tcr/sd_o_32,0,30,0.0,0.0
pc_id_o_tag/sd_o + tpr/sd_o_32,0,30,0.0,0.0
pc_id_o_tag/sd_o + tcr/sd_o_32,0,30,0.0,0.0
alu_operator_o_mode/sd_o + tpr/sd_o_32,0,30,0.0,0.0
alu_operator_o_mode/sd_o + tcr/sd_o_32,0,30,0.0,0.0
store_dest_addr_ex_o_tag/sd_o + tpr/sd_o_32,0,30,0.0,0.0
store_dest_addr_ex_o_tag/sd_o + tcr/sd_o_32,0,30,0.0,0.0
store_source_ex_o_tag/sd_o + tpr/sd_o_32,0,30,0.0,0.0
store_source_ex_o_tag/sd_o + tcr/sd_o_32,0,30,0.0,0.0
tpr/sd_o_32 + use_store_ops_ex_o/sd_o,0,30,0.0,0.0
tcr/sd_o_32 + use_store_ops_ex_o/sd_o,0,30,0.0,0.0
alu_operand_a_ex_o_tag/sd_o + tpr/sd_o_32,0,30,0.0,0.0
alu_operand_a_ex_o_tag/sd_o + tcr/sd_o_32,0,30,0.0,0.0
alu_operand_b_ex_o_tag/sd_o + tpr/sd_o_32,0,30,0.0,0.0
alu_operand_b_ex_o_tag/sd_o + tcr/sd_o_32,0,30,0.0,0.0
alu_operand_c_ex_o_tag/sd_o + tpr/sd_o_32,0,30,0.0,0.0
alu_operand_c_ex_o_tag/sd_o + tcr/sd_o_32,0,30,0.0,0.0
check_s1_o_tag/sd_o + tpr/sd_o_32,0,30,0.0,0.0
check_s1_o_tag/sd_o + tcr/sd_o_32,0,30,0.0,0.0
check_s2_o_tag/sd_o + tpr/sd_o_32,0,30,0.0,0.0
check_s2_o_tag/sd_o + tcr/sd_o_32,0,30,0.0,0.0
check_d_o_tag/sd_o + tpr/sd_o_32,0,30,0.0,0.0
check_d_o_tag/sd_o + tcr/sd_o_32,0,30,0.0,0.0
register_set_o_tag/sd_o + tpr/sd_o_32,0,30,0.0,0.0
register_set_o_tag/sd_o + tcr/sd_o_32,0,30,0.0,0.0
is_store_post_o_tag/sd_o + tpr/sd_o_32,0,30,0.0,0.0
is_store_post_o_tag/sd_o + tcr/sd_o_32,0,30,0.0,0.0
memory_set_o_tag/sd_o + tpr/sd_o_32,0,30,0.0,0.0
memory_set_o_tag/sd_o + tcr/sd_o_32,0,30,0.0,0.0
rs1_o_tag/sd_o + tpr/sd_o_32,0,30,0.0,0.0
rs1_o_tag/sd_o + tcr/sd_o_32,0,30,0.0,0.0
data_we_q_tag/sd_o + tpr/sd_o_32,0,30,0.0,0.0
rdata_offset_q_tag/sd_o + tpr/sd_o_32,0,30,0.0,0.0
data_type_q_tag/sd_o + tpr/sd_o_32,0,30,0.0,0.0
rdata_q_tag/sd_o + tpr/sd_o_32,0,30,0.0,0.0
data_we_q_tag/sd_o + tcr/sd_o_32,0,30,0.0,0.0
rdata_offset_q_tag/sd_o + tcr/sd_o_32,0,30,0.0,0.0
data_type_q_tag/sd_o + tcr/sd_o_32,0,30,0.0,0.0
rdata_q_tag/sd_o + tcr/sd_o_32,0,30,0.0,0.0
register_set_o_tag + tpr_arith/sd_o,0,30,0.0,0.0
register_set_o_tag + tpr_branch/sd_o,0,30,0.0,0.0
register_set_o_tag + tpr_jump/sd_o,0,30,0.0,0.0
register_set_o_tag + tpr_shift/sd_o,0,30,0.0,0.0
register_set_o_tag + tpr_comparison/sd_o,0,30,0.0,0.0
register_set_o_tag + tpr_logical/sd_o,0,30,0.0,0.0
register_set_o_tag + tpr_load_store_mode/sd_o,0,30,0.0,0.0
register_set_o_tag + tpr_load_store_enable/sd_o,0,30,0.0,0.0
register_set_o_tag + tcr_arith/sd_o,0,30,0.0,0.0
register_set_o_tag + tcr_branch/sd_o,0,30,0.0,0.0
register_set_o_tag + tcr_jump/sd_o,0,30,0.0,0.0
register_set_o_tag + tcr_shift/sd_o,0,30,0.0,0.0
register_set_o_tag + tcr_comparison/sd_o,0,30,0.0,0.0
register_set_o_tag + tcr_logical/sd_o,0,30,0.0,0.0
register_set_o_tag + tcr_load_store/sd_o,0,30,0.0,0.0
store_dest_addr_ex_o_tag + tpr_arith/sd_o,0,30,0.0,0.0
store_dest_addr_ex_o_tag + tpr_branch/sd_o,0,30,0.0,0.0
store_dest_addr_ex_o_tag + tpr_jump/sd_o,0,30,0.0,0.0
store_dest_addr_ex_o_tag + tpr_shift/sd_o,0,30,0.0,0.0
store_dest_addr_ex_o_tag + tpr_comparison/sd_o,0,30,0.0,0.0
store_dest_addr_ex_o_tag + tpr_logical/sd_o,0,30,0.0,0.0
store_dest_addr_ex_o_tag + tpr_load_store_mode/sd_o,0,30,0.0,0.0
store_dest_addr_ex_o_tag + tpr_load_store_enable/sd_o,0,30,0.0,0.0
store_dest_addr_ex_o_tag + tcr_arith/sd_o,0,30,0.0,0.0
store_dest_addr_ex_o_tag + tcr_branch/sd_o,0,30,0.0,0.0
store_dest_addr_ex_o_tag + tcr_jump/sd_o,0,30,0.0,0.0
store_dest_addr_ex_o_tag + tcr_shift/sd_o,0,30,0.0,0.0
store_dest_addr_ex_o_tag + tcr_comparison/sd_o,0,30,0.0,0.0
store_dest_addr_ex_o_tag + tcr_logical/sd_o,0,30,0.0,0.0
store_dest_addr_ex_o_tag + tcr_load_store/sd_o,0,30,0.0,0.0
store_source_ex_o_tag + tpr_arith/sd_o,0,30,0.0,0.0
store_source_ex_o_tag + tpr_branch/sd_o,0,30,0.0,0.0
store_source_ex_o_tag + tpr_jump/sd_o,0,30,0.0,0.0
store_source_ex_o_tag + tpr_shift/sd_o,0,30,0.0,0.0
store_source_ex_o_tag + tpr_comparison/sd_o,0,30,0.0,0.0
alu_operand_a_ex_o_tag + tpr_arith/sd_o,0,30,0.0,0.0
alu_operand_a_ex_o_tag + tpr_branch/sd_o,0,30,0.0,0.0
alu_operand_a_ex_o_tag + tpr_jump/sd_o,0,30,0.0,0.0
alu_operand_a_ex_o_tag + tpr_shift/sd_o,0,30,0.0,0.0
alu_operand_a_ex_o_tag + tpr_comparison/sd_o,0,30,0.0,0.0
alu_operand_a_ex_o_tag + tpr_logical/sd_o,0,30,0.0,0.0
alu_operand_a_ex_o_tag + tpr_load_store_mode/sd_o,0,30,0.0,0.0
alu_operand_a_ex_o_tag + tpr_load_store_enable/sd_o,0,30,0.0,0.0
alu_operand_a_ex_o_tag + tcr_arith/sd_o,0,30,0.0,0.0
alu_operand_a_ex_o_tag + tcr_branch/sd_o,0,30,0.0,0.0
alu_operand_a_ex_o_tag + tcr_jump/sd_o,0,30,0.0,0.0
alu_operand_a_ex_o_tag + tcr_shift/sd_o,0,30,0.0,0.0
alu_operand_a_ex_o_tag + tcr_comparison/sd_o,0,30,0.0,0.0
store_source_ex_o_tag + tpr_logical/sd_o,0,30,0.0,0.0
store_source_ex_o_tag + tpr_load_store_mode/sd_o,0,30,0.0,0.0
store_source_ex_o_tag + tpr_load_store_enable/sd_o,0,30,0.0,0.0
store_source_ex_o_tag + tcr_arith/sd_o,0,30,0.0,0.0
store_source_ex_o_tag + tcr_branch/sd_o,0,30,0.0,0.0
store_source_ex_o_tag + tcr_jump/sd_o,0,30,0.0,0.0
store_source_ex_o_tag + tcr_shift/sd_o,0,30,0.0,0.0
store_source_ex_o_tag + tcr_comparison/sd_o,0,30,0.0,0.0
store_source_ex_o_tag + tcr_logical/sd_o,0,30,0.0,0.0
store_source_ex_o_tag + tcr_load_store/sd_o,0,30,0.0,0.0
tpr_arith/sd_o + use_store_ops_ex_o,0,30,0.0,0.0
tpr_branch/sd_o + use_store_ops_ex_o,0,30,0.0,0.0
tpr_jump/sd_o + use_store_ops_ex_o,0,30,0.0,0.0
tpr_shift/sd_o + use_store_ops_ex_o,0,30,0.0,0.0
tpr_comparison/sd_o + use_store_ops_ex_o,0,30,0.0,0.0
tpr_logical/sd_o + use_store_ops_ex_o,0,30,0.0,0.0
tpr_load_store_mode/sd_o + use_store_ops_ex_o,0,30,0.0,0.0
tpr_load_store_enable/sd_o + use_store_ops_ex_o,0,30,0.0,0.0
tcr_arith/sd_o + use_store_ops_ex_o,0,30,0.0,0.0
tcr_branch/sd_o + use_store_ops_ex_o,0,30,0.0,0.0
tcr_jump/sd_o + use_store_ops_ex_o,0,30,0.0,0.0
tcr_shift/sd_o + use_store_ops_ex_o,0,30,0.0,0.0
tcr_comparison/sd_o + use_store_ops_ex_o,0,30,0.0,0.0
tcr_logical/sd_o + use_store_ops_ex_o,0,30,0.0,0.0
tcr_load_store/sd_o + use_store_ops_ex_o,0,30,0.0,0.0
rf_reg[0] + tpr_arith/sd_o,0,30,0.0,0.0
rf_reg[0] + tpr_branch/sd_o,0,30,0.0,0.0
rf_reg[0] + tpr_jump/sd_o,0,30,0.0,0.0
rf_reg[0] + tpr_shift/sd_o,0,30,0.0,0.0
rf_reg[0] + tpr_comparison/sd_o,0,30,0.0,0.0
rf_reg[0] + tpr_logical/sd_o,0,30,0.0,0.0
rf_reg[0] + tpr_load_store_mode/sd_o,0,30,0.0,0.0
rf_reg[0] + tpr_load_store_enable/sd_o,0,30,0.0,0.0
rf_reg[0] + tcr_arith/sd_o,0,30,0.0,0.0
rf_reg[0] + tcr_branch/sd_o,0,30,0.0,0.0
rf_reg[0] + tcr_jump/sd_o,0,30,0.0,0.0
rf_reg[0] + tcr_shift/sd_o,0,30,0.0,0.0
rf_reg[0] + tcr_comparison/sd_o,0,30,0.0,0.0
rf_reg[0] + tcr_logical/sd_o,0,30,0.0,0.0
rf_reg[0] + tcr_load_store/sd_o,0,30,0.0,0.0
alu_operand_a_ex_o_tag + tcr_logical/sd_o,0,30,0.0,0.0
alu_operand_a_ex_o_tag + tcr_load_store/sd_o,0,30,0.0,0.0
rf_reg[1] + tpr_arith/sd_o,0,30,0.0,0.0
rf_reg[1] + tpr_branch/sd_o,0,30,0.0,0.0
rf_reg[1] + tpr_jump/sd_o,0,30,0.0,0.0
rf_reg[1] + tpr_shift/sd_o,0,30,0.0,0.0
rf_reg[1] + tpr_comparison/sd_o,0,30,0.0,0.0
rf_reg[1] + tpr_logical/sd_o,0,30,0.0,0.0
rf_reg[1] + tpr_load_store_mode/sd_o,0,30,0.0,0.0
rf_reg[1] + tpr_load_store_enable/sd_o,0,30,0.0,0.0
rf_reg[1] + tcr_arith/sd_o,0,30,0.0,0.0
rf_reg[1] + tcr_branch/sd_o,0,30,0.0,0.0
rf_reg[1] + tcr_jump/sd_o,0,30,0.0,0.0
rf_reg[1] + tcr_shift/sd_o,0,30,0.0,0.0
rf_reg[1] + tcr_comparison/sd_o,0,30,0.0,0.0
rf_reg[1] + tcr_logical/sd_o,0,30,0.0,0.0
rf_reg[1] + tcr_load_store/sd_o,0,30,0.0,0.0
rf_reg[2] + tpr_arith/sd_o,0,30,0.0,0.0
rf_reg[2] + tpr_branch/sd_o,0,30,0.0,0.0
rf_reg[2] + tpr_jump/sd_o,0,30,0.0,0.0
rf_reg[2] + tpr_shift/sd_o,0,30,0.0,0.0
rf_reg[2] + tpr_comparison/sd_o,0,30,0.0,0.0
rf_reg[2] + tpr_logical/sd_o,0,30,0.0,0.0
rf_reg[2] + tpr_load_store_mode/sd_o,0,30,0.0,0.0
rf_reg[2] + tpr_load_store_enable/sd_o,0,30,0.0,0.0
rf_reg[2] + tcr_arith/sd_o,0,30,0.0,0.0
rf_reg[2] + tcr_branch/sd_o,0,30,0.0,0.0
rf_reg[2] + tcr_jump/sd_o,0,30,0.0,0.0
rf_reg[2] + tcr_shift/sd_o,0,30,0.0,0.0
rf_reg[2] + tcr_comparison/sd_o,0,30,0.0,0.0
rf_reg[2] + tcr_logical/sd_o,0,30,0.0,0.0
rf_reg[2] + tcr_load_store/sd_o,0,30,0.0,0.0
rf_reg[3] + tpr_arith/sd_o,0,30,0.0,0.0
rf_reg[3] + tpr_branch/sd_o,0,30,0.0,0.0
rf_reg[3] + tpr_jump/sd_o,0,30,0.0,0.0
rf_reg[3] + tpr_shift/sd_o,0,30,0.0,0.0
rf_reg[3] + tpr_comparison/sd_o,0,30,0.0,0.0
rf_reg[3] + tpr_logical/sd_o,0,30,0.0,0.0
rf_reg[3] + tpr_load_store_mode/sd_o,0,30,0.0,0.0
rf_reg[3] + tpr_load_store_enable/sd_o,0,30,0.0,0.0
rf_reg[3] + tcr_arith/sd_o,0,30,0.0,0.0
rf_reg[3] + tcr_branch/sd_o,0,30,0.0,0.0
rf_reg[3] + tcr_jump/sd_o,0,30,0.0,0.0
rf_reg[3] + tcr_shift/sd_o,0,30,0.0,0.0
rf_reg[3] + tcr_comparison/sd_o,0,30,0.0,0.0
rf_reg[3] + tcr_logical/sd_o,0,30,0.0,0.0
rf_reg[3] + tcr_load_store/sd_o,0,30,0.0,0.0
rf_reg[4] + tpr_arith/sd_o,0,30,0.0,0.0
rf_reg[4] + tpr_branch/sd_o,0,30,0.0,0.0
rf_reg[4] + tpr_jump/sd_o,0,30,0.0,0.0
rf_reg[4] + tpr_shift/sd_o,0,30,0.0,0.0
rf_reg[4] + tpr_comparison/sd_o,0,30,0.0,0.0
rf_reg[4] + tpr_logical/sd_o,0,30,0.0,0.0
rf_reg[4] + tpr_load_store_mode/sd_o,0,30,0.0,0.0
rf_reg[4] + tpr_load_store_enable/sd_o,0,30,0.0,0.0
rf_reg[4] + tcr_arith/sd_o,0,30,0.0,0.0
rf_reg[4] + tcr_branch/sd_o,0,30,0.0,0.0
rf_reg[4] + tcr_jump/sd_o,0,30,0.0,0.0
rf_reg[4] + tcr_shift/sd_o,0,30,0.0,0.0
rf_reg[4] + tcr_comparison/sd_o,0,30,0.0,0.0
rf_reg[4] + tcr_logical/sd_o,0,30,0.0,0.0
rf_reg[4] + tcr_load_store/sd_o,0,30,0.0,0.0
rf_reg[5] + tpr_arith/sd_o,0,30,0.0,0.0
rf_reg[5] + tpr_branch/sd_o,0,30,0.0,0.0
rf_reg[5] + tpr_jump/sd_o,0,30,0.0,0.0
rf_reg[5] + tpr_shift/sd_o,0,30,0.0,0.0
rf_reg[5] + tpr_comparison/sd_o,0,30,0.0,0.0
rf_reg[5] + tpr_logical/sd_o,0,30,0.0,0.0
rf_reg[5] + tpr_load_store_mode/sd_o,0,30,0.0,0.0
rf_reg[5] + tpr_load_store_enable/sd_o,0,30,0.0,0.0
rf_reg[5] + tcr_arith/sd_o,0,30,0.0,0.0
rf_reg[5] + tcr_branch/sd_o,0,30,0.0,0.0
rf_reg[5] + tcr_jump/sd_o,0,30,0.0,0.0
rf_reg[5] + tcr_shift/sd_o,0,30,0.0,0.0
rf_reg[5] + tcr_comparison/sd_o,0,30,0.0,0.0
rf_reg[5] + tcr_logical/sd_o,0,30,0.0,0.0
rf_reg[5] + tcr_load_store/sd_o,0,30,0.0,0.0
rf_reg[6] + tpr_arith/sd_o,0,30,0.0,0.0
rf_reg[6] + tpr_branch/sd_o,0,30,0.0,0.0
rf_reg[6] + tpr_jump/sd_o,0,30,0.0,0.0
rf_reg[6] + tpr_shift/sd_o,0,30,0.0,0.0
rf_reg[6] + tpr_comparison/sd_o,0,30,0.0,0.0
rf_reg[6] + tpr_logical/sd_o,0,30,0.0,0.0
rf_reg[6] + tpr_load_store_mode/sd_o,0,30,0.0,0.0
rf_reg[6] + tpr_load_store_enable/sd_o,0,30,0.0,0.0
rf_reg[6] + tcr_arith/sd_o,0,30,0.0,0.0
rf_reg[6] + tcr_branch/sd_o,0,30,0.0,0.0
rf_reg[6] + tcr_jump/sd_o,0,30,0.0,0.0
rf_reg[6] + tcr_shift/sd_o,0,30,0.0,0.0
rf_reg[6] + tcr_comparison/sd_o,0,30,0.0,0.0
rf_reg[6] + tcr_logical/sd_o,0,30,0.0,0.0
rf_reg[6] + tcr_load_store/sd_o,0,30,0.0,0.0
rf_reg[7] + tpr_arith/sd_o,0,30,0.0,0.0
rf_reg[7] + tpr_branch/sd_o,0,30,0.0,0.0
rf_reg[7] + tpr_jump/sd_o,0,30,0.0,0.0
rf_reg[7] + tpr_shift/sd_o,0,30,0.0,0.0
rf_reg[7] + tpr_comparison/sd_o,0,30,0.0,0.0
rf_reg[7] + tpr_logical/sd_o,0,30,0.0,0.0
rf_reg[7] + tpr_load_store_mode/sd_o,0,30,0.0,0.0
rf_reg[7] + tpr_load_store_enable/sd_o,0,30,0.0,0.0
rf_reg[7] + tcr_arith/sd_o,0,30,0.0,0.0
rf_reg[7] + tcr_branch/sd_o,0,30,0.0,0.0
rf_reg[7] + tcr_jump/sd_o,0,30,0.0,0.0
rf_reg[7] + tcr_shift/sd_o,0,30,0.0,0.0
rf_reg[7] + tcr_comparison/sd_o,0,30,0.0,0.0
rf_reg[7] + tcr_logical/sd_o,0,30,0.0,0.0
rf_reg[7] + tcr_load_store/sd_o,0,30,0.0,0.0
rf_reg[8] + tpr_arith/sd_o,0,30,0.0,0.0
rf_reg[8] + tpr_branch/sd_o,0,30,0.0,0.0
rf_reg[8] + tpr_jump/sd_o,0,30,0.0,0.0
rf_reg[8] + tpr_shift/sd_o,0,30,0.0,0.0
rf_reg[8] + tpr_comparison/sd_o,0,30,0.0,0.0
rf_reg[8] + tpr_logical/sd_o,0,30,0.0,0.0
rf_reg[8] + tpr_load_store_mode/sd_o,0,30,0.0,0.0
rf_reg[8] + tpr_load_store_enable/sd_o,0,30,0.0,0.0
rf_reg[8] + tcr_arith/sd_o,0,30,0.0,0.0
rf_reg[8] + tcr_branch/sd_o,0,30,0.0,0.0
rf_reg[8] + tcr_jump/sd_o,0,30,0.0,0.0
rf_reg[8] + tcr_shift/sd_o,0,30,0.0,0.0
rf_reg[8] + tcr_comparison/sd_o,0,30,0.0,0.0
rf_reg[8] + tcr_logical/sd_o,0,30,0.0,0.0
rf_reg[8] + tcr_load_store/sd_o,0,30,0.0,0.0
rf_reg[9] + tpr_arith/sd_o,0,30,0.0,0.0
rf_reg[9] + tpr_branch/sd_o,0,30,0.0,0.0
rf_reg[9] + tpr_jump/sd_o,0,30,0.0,0.0
rf_reg[9] + tpr_shift/sd_o,0,30,0.0,0.0
rf_reg[9] + tpr_comparison/sd_o,0,30,0.0,0.0
rf_reg[9] + tpr_logical/sd_o,0,30,0.0,0.0
rf_reg[9] + tpr_load_store_mode/sd_o,0,30,0.0,0.0
rf_reg[9] + tpr_load_store_enable/sd_o,0,30,0.0,0.0
rf_reg[9] + tcr_arith/sd_o,0,30,0.0,0.0
rf_reg[9] + tcr_branch/sd_o,0,30,0.0,0.0
alu_operand_b_ex_o_tag + tpr_arith/sd_o,0,30,0.0,0.0
alu_operand_b_ex_o_tag + tpr_branch/sd_o,0,30,0.0,0.0
alu_operand_b_ex_o_tag + tpr_jump/sd_o,0,30,0.0,0.0
alu_operand_b_ex_o_tag + tpr_shift/sd_o,0,30,0.0,0.0
alu_operand_b_ex_o_tag + tpr_comparison/sd_o,0,30,0.0,0.0
alu_operand_b_ex_o_tag + tpr_logical/sd_o,0,30,0.0,0.0
alu_operand_b_ex_o_tag + tpr_load_store_mode/sd_o,0,30,0.0,0.0
alu_operand_b_ex_o_tag + tpr_load_store_enable/sd_o,0,30,0.0,0.0
alu_operand_b_ex_o_tag + tcr_arith/sd_o,0,30,0.0,0.0
alu_operand_b_ex_o_tag + tcr_branch/sd_o,0,30,0.0,0.0
alu_operand_b_ex_o_tag + tcr_jump/sd_o,0,30,0.0,0.0
rf_reg[9] + tcr_jump/sd_o,0,30,0.0,0.0
rf_reg[9] + tcr_shift/sd_o,0,30,0.0,0.0
rf_reg[9] + tcr_comparison/sd_o,0,30,0.0,0.0
rf_reg[9] + tcr_logical/sd_o,0,30,0.0,0.0
rf_reg[9] + tcr_load_store/sd_o,0,30,0.0,0.0
rf_reg[10] + tpr_arith/sd_o,0,30,0.0,0.0
rf_reg[10] + tpr_branch/sd_o,0,30,0.0,0.0
rf_reg[10] + tpr_jump/sd_o,0,30,0.0,0.0
rf_reg[10] + tpr_shift/sd_o,0,30,0.0,0.0
rf_reg[10] + tpr_comparison/sd_o,0,30,0.0,0.0
rf_reg[10] + tpr_logical/sd_o,0,30,0.0,0.0
rf_reg[10] + tpr_load_store_mode/sd_o,0,30,0.0,0.0
rf_reg[10] + tpr_load_store_enable/sd_o,0,30,0.0,0.0
rf_reg[10] + tcr_arith/sd_o,0,30,0.0,0.0
rf_reg[10] + tcr_branch/sd_o,0,30,0.0,0.0
rf_reg[10] + tcr_jump/sd_o,0,30,0.0,0.0
rf_reg[10] + tcr_shift/sd_o,0,30,0.0,0.0
rf_reg[10] + tcr_comparison/sd_o,0,30,0.0,0.0
rf_reg[10] + tcr_logical/sd_o,0,30,0.0,0.0
rf_reg[10] + tcr_load_store/sd_o,0,30,0.0,0.0
rf_reg[11] + tpr_arith/sd_o,0,30,0.0,0.0
rf_reg[11] + tpr_branch/sd_o,0,30,0.0,0.0
rf_reg[11] + tpr_jump/sd_o,0,30,0.0,0.0
rf_reg[11] + tpr_shift/sd_o,0,30,0.0,0.0
rf_reg[11] + tpr_comparison/sd_o,0,30,0.0,0.0
rf_reg[11] + tpr_logical/sd_o,0,30,0.0,0.0
rf_reg[11] + tpr_load_store_mode/sd_o,0,30,0.0,0.0
rf_reg[11] + tpr_load_store_enable/sd_o,0,30,0.0,0.0
rf_reg[11] + tcr_arith/sd_o,0,30,0.0,0.0
rf_reg[11] + tcr_branch/sd_o,0,30,0.0,0.0
rf_reg[11] + tcr_jump/sd_o,0,30,0.0,0.0
rf_reg[11] + tcr_shift/sd_o,0,30,0.0,0.0
rf_reg[11] + tcr_comparison/sd_o,0,30,0.0,0.0
rf_reg[11] + tcr_logical/sd_o,0,30,0.0,0.0
rf_reg[11] + tcr_load_store/sd_o,0,30,0.0,0.0
rf_reg[12] + tpr_arith/sd_o,0,30,0.0,0.0
rf_reg[12] + tpr_branch/sd_o,0,30,0.0,0.0
rf_reg[12] + tpr_jump/sd_o,0,30,0.0,0.0
rf_reg[12] + tpr_shift/sd_o,0,30,0.0,0.0
alu_operand_b_ex_o_tag + tcr_shift/sd_o,0,30,0.0,0.0
alu_operand_b_ex_o_tag + tcr_comparison/sd_o,0,30,0.0,0.0
alu_operand_b_ex_o_tag + tcr_logical/sd_o,0,30,0.0,0.0
alu_operand_b_ex_o_tag + tcr_load_store/sd_o,0,30,0.0,0.0
rf_reg[12] + tpr_comparison/sd_o,0,30,0.0,0.0
rf_reg[12] + tpr_logical/sd_o,0,30,0.0,0.0
rf_reg[12] + tpr_load_store_mode/sd_o,0,30,0.0,0.0
rf_reg[12] + tpr_load_store_enable/sd_o,0,30,0.0,0.0
rf_reg[12] + tcr_arith/sd_o,0,30,0.0,0.0
rf_reg[12] + tcr_branch/sd_o,0,30,0.0,0.0
rf_reg[12] + tcr_jump/sd_o,0,30,0.0,0.0
rf_reg[12] + tcr_shift/sd_o,0,30,0.0,0.0
rf_reg[12] + tcr_comparison/sd_o,0,30,0.0,0.0
rf_reg[12] + tcr_logical/sd_o,0,30,0.0,0.0
rf_reg[12] + tcr_load_store/sd_o,0,30,0.0,0.0
rf_reg[13] + tpr_arith/sd_o,0,30,0.0,0.0
rf_reg[13] + tpr_branch/sd_o,0,30,0.0,0.0
rf_reg[13] + tpr_jump/sd_o,0,30,0.0,0.0
rf_reg[13] + tpr_shift/sd_o,0,30,0.0,0.0
rf_reg[13] + tpr_comparison/sd_o,0,30,0.0,0.0
rf_reg[13] + tpr_logical/sd_o,0,30,0.0,0.0
rf_reg[13] + tpr_load_store_mode/sd_o,0,30,0.0,0.0
rf_reg[13] + tpr_load_store_enable/sd_o,0,30,0.0,0.0
rf_reg[13] + tcr_arith/sd_o,0,30,0.0,0.0
rf_reg[13] + tcr_branch/sd_o,0,30,0.0,0.0
rf_reg[13] + tcr_jump/sd_o,0,30,0.0,0.0
rf_reg[13] + tcr_shift/sd_o,0,30,0.0,0.0
rf_reg[13] + tcr_comparison/sd_o,0,30,0.0,0.0
rf_reg[13] + tcr_logical/sd_o,0,30,0.0,0.0
rf_reg[13] + tcr_load_store/sd_o,0,30,0.0,0.0
rf_reg[14] + tpr_arith/sd_o,0,30,0.0,0.0
rf_reg[14] + tpr_branch/sd_o,0,30,0.0,0.0
rf_reg[14] + tpr_jump/sd_o,0,30,0.0,0.0
rf_reg[14] + tpr_shift/sd_o,0,30,0.0,0.0
rf_reg[14] + tpr_comparison/sd_o,0,30,0.0,0.0
rf_reg[14] + tpr_logical/sd_o,0,30,0.0,0.0
rf_reg[14] + tpr_load_store_mode/sd_o,0,30,0.0,0.0
rf_reg[14] + tpr_load_store_enable/sd_o,0,30,0.0,0.0
rf_reg[14] + tcr_arith/sd_o,0,30,0.0,0.0
rf_reg[14] + tcr_branch/sd_o,0,30,0.0,0.0
rf_reg[14] + tcr_jump/sd_o,0,30,0.0,0.0
rf_reg[14] + tcr_shift/sd_o,0,30,0.0,0.0
rf_reg[14] + tcr_comparison/sd_o,0,30,0.0,0.0
rf_reg[14] + tcr_logical/sd_o,0,30,0.0,0.0
rf_reg[14] + tcr_load_store/sd_o,0,30,0.0,0.0
rf_reg[15] + tpr_arith/sd_o,0,30,0.0,0.0
rf_reg[15] + tpr_branch/sd_o,0,30,0.0,0.0
rf_reg[15] + tpr_jump/sd_o,0,30,0.0,0.0
rf_reg[15] + tpr_shift/sd_o,0,30,0.0,0.0
rf_reg[15] + tpr_comparison/sd_o,0,30,0.0,0.0
rf_reg[15] + tpr_logical/sd_o,0,30,0.0,0.0
rf_reg[15] + tpr_load_store_mode/sd_o,0,30,0.0,0.0
rf_reg[15] + tpr_load_store_enable/sd_o,0,30,0.0,0.0
rf_reg[15] + tcr_arith/sd_o,0,30,0.0,0.0
rf_reg[15] + tcr_branch/sd_o,0,30,0.0,0.0
rf_reg[15] + tcr_jump/sd_o,0,30,0.0,0.0
rf_reg[15] + tcr_shift/sd_o,0,30,0.0,0.0
rf_reg[15] + tcr_comparison/sd_o,0,30,0.0,0.0
rf_reg[15] + tcr_logical/sd_o,0,30,0.0,0.0
rf_reg[15] + tcr_load_store/sd_o,0,30,0.0,0.0
rf_reg[16] + tpr_arith/sd_o,0,30,0.0,0.0
rf_reg[16] + tpr_branch/sd_o,0,30,0.0,0.0
rf_reg[16] + tpr_jump/sd_o,0,30,0.0,0.0
rf_reg[16] + tpr_shift/sd_o,0,30,0.0,0.0
rf_reg[16] + tpr_comparison/sd_o,0,30,0.0,0.0
rf_reg[16] + tpr_logical/sd_o,0,30,0.0,0.0
rf_reg[16] + tpr_load_store_mode/sd_o,0,30,0.0,0.0
rf_reg[16] + tpr_load_store_enable/sd_o,0,30,0.0,0.0
rf_reg[16] + tcr_arith/sd_o,0,30,0.0,0.0
rf_reg[16] + tcr_branch/sd_o,0,30,0.0,0.0
rf_reg[16] + tcr_jump/sd_o,0,30,0.0,0.0
rf_reg[16] + tcr_shift/sd_o,0,30,0.0,0.0
rf_reg[16] + tcr_comparison/sd_o,0,30,0.0,0.0
rf_reg[16] + tcr_logical/sd_o,0,30,0.0,0.0
rf_reg[16] + tcr_load_store/sd_o,0,30,0.0,0.0
rf_reg[17] + tpr_arith/sd_o,0,30,0.0,0.0
rf_reg[17] + tpr_branch/sd_o,0,30,0.0,0.0
rf_reg[17] + tpr_jump/sd_o,0,30,0.0,0.0
rf_reg[17] + tpr_shift/sd_o,0,30,0.0,0.0
rf_reg[17] + tpr_comparison/sd_o,0,30,0.0,0.0
rf_reg[17] + tpr_logical/sd_o,0,30,0.0,0.0
rf_reg[17] + tpr_load_store_mode/sd_o,0,30,0.0,0.0
rf_reg[17] + tpr_load_store_enable/sd_o,0,30,0.0,0.0
rf_reg[17] + tcr_arith/sd_o,0,30,0.0,0.0
rf_reg[17] + tcr_branch/sd_o,0,30,0.0,0.0
rf_reg[17] + tcr_jump/sd_o,0,30,0.0,0.0
rf_reg[17] + tcr_shift/sd_o,0,30,0.0,0.0
rf_reg[17] + tcr_comparison/sd_o,0,30,0.0,0.0
rf_reg[17] + tcr_logical/sd_o,0,30,0.0,0.0
rf_reg[17] + tcr_load_store/sd_o,0,30,0.0,0.0
rf_reg[18] + tpr_arith/sd_o,0,30,0.0,0.0
rf_reg[18] + tpr_branch/sd_o,0,30,0.0,0.0
rf_reg[18] + tpr_jump/sd_o,0,30,0.0,0.0
rf_reg[18] + tpr_shift/sd_o,0,30,0.0,0.0
rf_reg[18] + tpr_comparison/sd_o,0,30,0.0,0.0
rf_reg[18] + tpr_logical/sd_o,0,30,0.0,0.0
rf_reg[18] + tpr_load_store_mode/sd_o,0,30,0.0,0.0
rf_reg[18] + tpr_load_store_enable/sd_o,0,30,0.0,0.0
rf_reg[18] + tcr_arith/sd_o,0,30,0.0,0.0
rf_reg[18] + tcr_branch/sd_o,0,30,0.0,0.0
rf_reg[18] + tcr_jump/sd_o,0,30,0.0,0.0
rf_reg[18] + tcr_shift/sd_o,0,30,0.0,0.0
rf_reg[18] + tcr_comparison/sd_o,0,30,0.0,0.0
rf_reg[18] + tcr_logical/sd_o,0,30,0.0,0.0
rf_reg[18] + tcr_load_store/sd_o,0,30,0.0,0.0
rf_reg[19] + tpr_arith/sd_o,0,30,0.0,0.0
rf_reg[19] + tpr_branch/sd_o,0,30,0.0,0.0
rf_reg[19] + tpr_jump/sd_o,0,30,0.0,0.0
rf_reg[19] + tpr_shift/sd_o,0,30,0.0,0.0
rf_reg[19] + tpr_comparison/sd_o,0,30,0.0,0.0
rf_reg[19] + tpr_logical/sd_o,0,30,0.0,0.0
rf_reg[19] + tpr_load_store_mode/sd_o,0,30,0.0,0.0
rf_reg[19] + tpr_load_store_enable/sd_o,0,30,0.0,0.0
rf_reg[19] + tcr_arith/sd_o,0,30,0.0,0.0
rf_reg[19] + tcr_branch/sd_o,0,30,0.0,0.0
rf_reg[19] + tcr_jump/sd_o,0,30,0.0,0.0
rf_reg[19] + tcr_shift/sd_o,0,30,0.0,0.0
rf_reg[19] + tcr_comparison/sd_o,0,30,0.0,0.0
rf_reg[19] + tcr_logical/sd_o,0,30,0.0,0.0
rf_reg[19] + tcr_load_store/sd_o,0,30,0.0,0.0
rf_reg[20] + tpr_arith/sd_o,0,30,0.0,0.0
rf_reg[20] + tpr_branch/sd_o,0,30,0.0,0.0
rf_reg[20] + tpr_jump/sd_o,0,30,0.0,0.0
rf_reg[20] + tpr_shift/sd_o,0,30,0.0,0.0
rf_reg[20] + tpr_comparison/sd_o,0,30,0.0,0.0
rf_reg[20] + tpr_logical/sd_o,0,30,0.0,0.0
rf_reg[20] + tpr_load_store_mode/sd_o,0,30,0.0,0.0
rf_reg[20] + tpr_load_store_enable/sd_o,0,30,0.0,0.0
rf_reg[20] + tcr_arith/sd_o,0,30,0.0,0.0
rf_reg[20] + tcr_branch/sd_o,0,30,0.0,0.0
rf_reg[20] + tcr_jump/sd_o,0,30,0.0,0.0
rf_reg[20] + tcr_shift/sd_o,0,30,0.0,0.0
rf_reg[20] + tcr_comparison/sd_o,0,30,0.0,0.0
rf_reg[20] + tcr_logical/sd_o,0,30,0.0,0.0
rf_reg[20] + tcr_load_store/sd_o,0,30,0.0,0.0
alu_operand_c_ex_o_tag + tpr_arith/sd_o,0,30,0.0,0.0
alu_operand_c_ex_o_tag + tpr_branch/sd_o,0,30,0.0,0.0
alu_operand_c_ex_o_tag + tpr_jump/sd_o,0,30,0.0,0.0
alu_operand_c_ex_o_tag + tpr_shift/sd_o,0,30,0.0,0.0
alu_operand_c_ex_o_tag + tpr_comparison/sd_o,0,30,0.0,0.0
alu_operand_c_ex_o_tag + tpr_logical/sd_o,0,30,0.0,0.0
alu_operand_c_ex_o_tag + tpr_load_store_mode/sd_o,0,30,0.0,0.0
alu_operand_c_ex_o_tag + tpr_load_store_enable/sd_o,0,30,0.0,0.0
alu_operand_c_ex_o_tag + tcr_arith/sd_o,0,30,0.0,0.0
alu_operand_c_ex_o_tag + tcr_branch/sd_o,0,30,0.0,0.0
rf_reg[21] + tpr_arith/sd_o,0,30,0.0,0.0
rf_reg[21] + tpr_branch/sd_o,0,30,0.0,0.0
rf_reg[21] + tpr_jump/sd_o,0,30,0.0,0.0
rf_reg[21] + tpr_shift/sd_o,0,30,0.0,0.0
rf_reg[21] + tpr_comparison/sd_o,0,30,0.0,0.0
rf_reg[21] + tpr_logical/sd_o,0,30,0.0,0.0
rf_reg[21] + tpr_load_store_mode/sd_o,0,30,0.0,0.0
rf_reg[21] + tpr_load_store_enable/sd_o,0,30,0.0,0.0
rf_reg[21] + tcr_arith/sd_o,0,30,0.0,0.0
rf_reg[21] + tcr_branch/sd_o,0,30,0.0,0.0
rf_reg[21] + tcr_jump/sd_o,0,30,0.0,0.0
rf_reg[21] + tcr_shift/sd_o,0,30,0.0,0.0
rf_reg[21] + tcr_comparison/sd_o,0,30,0.0,0.0
rf_reg[21] + tcr_logical/sd_o,0,30,0.0,0.0
rf_reg[21] + tcr_load_store/sd_o,0,30,0.0,0.0
rf_reg[22] + tpr_arith/sd_o,0,30,0.0,0.0
rf_reg[22] + tpr_branch/sd_o,0,30,0.0,0.0
rf_reg[22] + tpr_jump/sd_o,0,30,0.0,0.0
rf_reg[22] + tpr_shift/sd_o,0,30,0.0,0.0
rf_reg[22] + tpr_comparison/sd_o,0,30,0.0,0.0
rf_reg[22] + tpr_logical/sd_o,0,30,0.0,0.0
rf_reg[22] + tpr_load_store_mode/sd_o,0,30,0.0,0.0
rf_reg[22] + tpr_load_store_enable/sd_o,0,30,0.0,0.0
rf_reg[22] + tcr_arith/sd_o,0,30,0.0,0.0
rf_reg[22] + tcr_branch/sd_o,0,30,0.0,0.0
rf_reg[22] + tcr_jump/sd_o,0,30,0.0,0.0
rf_reg[22] + tcr_shift/sd_o,0,30,0.0,0.0
rf_reg[22] + tcr_comparison/sd_o,0,30,0.0,0.0
rf_reg[22] + tcr_logical/sd_o,0,30,0.0,0.0
rf_reg[22] + tcr_load_store/sd_o,0,30,0.0,0.0
rf_reg[23] + tpr_arith/sd_o,0,30,0.0,0.0
rf_reg[23] + tpr_branch/sd_o,0,30,0.0,0.0
rf_reg[23] + tpr_jump/sd_o,0,30,0.0,0.0
rf_reg[23] + tpr_shift/sd_o,0,30,0.0,0.0
rf_reg[23] + tpr_comparison/sd_o,0,30,0.0,0.0
rf_reg[23] + tpr_logical/sd_o,0,30,0.0,0.0
rf_reg[23] + tpr_load_store_mode/sd_o,0,30,0.0,0.0
rf_reg[23] + tpr_load_store_enable/sd_o,0,30,0.0,0.0
rf_reg[23] + tcr_arith/sd_o,0,30,0.0,0.0
rf_reg[23] + tcr_branch/sd_o,0,30,0.0,0.0
rf_reg[23] + tcr_jump/sd_o,0,30,0.0,0.0
rf_reg[23] + tcr_shift/sd_o,0,30,0.0,0.0
rf_reg[23] + tcr_comparison/sd_o,0,30,0.0,0.0
rf_reg[23] + tcr_logical/sd_o,0,30,0.0,0.0
rf_reg[23] + tcr_load_store/sd_o,0,30,0.0,0.0
alu_operand_c_ex_o_tag + tcr_jump/sd_o,0,30,0.0,0.0
alu_operand_c_ex_o_tag + tcr_shift/sd_o,0,30,0.0,0.0
alu_operand_c_ex_o_tag + tcr_comparison/sd_o,0,30,0.0,0.0
alu_operand_c_ex_o_tag + tcr_logical/sd_o,0,30,0.0,0.0
alu_operand_c_ex_o_tag + tcr_load_store/sd_o,0,30,0.0,0.0
rf_reg[24] + tpr_arith/sd_o,0,30,0.0,0.0
rf_reg[24] + tpr_branch/sd_o,0,30,0.0,0.0
rf_reg[24] + tpr_jump/sd_o,0,30,0.0,0.0
rf_reg[24] + tpr_shift/sd_o,0,30,0.0,0.0
rf_reg[24] + tpr_comparison/sd_o,0,30,0.0,0.0
rf_reg[24] + tpr_logical/sd_o,0,30,0.0,0.0
rf_reg[24] + tpr_load_store_mode/sd_o,0,30,0.0,0.0
rf_reg[24] + tpr_load_store_enable/sd_o,0,30,0.0,0.0
rf_reg[24] + tcr_arith/sd_o,0,30,0.0,0.0
rf_reg[24] + tcr_branch/sd_o,0,30,0.0,0.0
rf_reg[24] + tcr_jump/sd_o,0,30,0.0,0.0
rf_reg[24] + tcr_shift/sd_o,0,30,0.0,0.0
rf_reg[24] + tcr_comparison/sd_o,0,30,0.0,0.0
rf_reg[24] + tcr_logical/sd_o,0,30,0.0,0.0
rf_reg[24] + tcr_load_store/sd_o,0,30,0.0,0.0
rf_reg[25] + tpr_arith/sd_o,0,30,0.0,0.0
rf_reg[25] + tpr_branch/sd_o,0,30,0.0,0.0
rf_reg[25] + tpr_jump/sd_o,0,30,0.0,0.0
rf_reg[25] + tpr_shift/sd_o,0,30,0.0,0.0
rf_reg[25] + tpr_comparison/sd_o,0,30,0.0,0.0
rf_reg[25] + tpr_logical/sd_o,0,30,0.0,0.0
rf_reg[25] + tpr_load_store_mode/sd_o,0,30,0.0,0.0
rf_reg[25] + tpr_load_store_enable/sd_o,0,30,0.0,0.0
rf_reg[25] + tcr_arith/sd_o,0,30,0.0,0.0
rf_reg[25] + tcr_branch/sd_o,0,30,0.0,0.0
rf_reg[25] + tcr_jump/sd_o,0,30,0.0,0.0
rf_reg[25] + tcr_shift/sd_o,0,30,0.0,0.0
rf_reg[25] + tcr_comparison/sd_o,0,30,0.0,0.0
rf_reg[25] + tcr_logical/sd_o,0,30,0.0,0.0
rf_reg[25] + tcr_load_store/sd_o,0,30,0.0,0.0
rf_reg[26] + tpr_arith/sd_o,0,30,0.0,0.0
rf_reg[26] + tpr_branch/sd_o,0,30,0.0,0.0
rf_reg[26] + tpr_jump/sd_o,0,30,0.0,0.0
rf_reg[26] + tpr_shift/sd_o,0,30,0.0,0.0
rf_reg[26] + tpr_comparison/sd_o,0,30,0.0,0.0
rf_reg[26] + tpr_logical/sd_o,0,30,0.0,0.0
rf_reg[26] + tpr_load_store_mode/sd_o,0,30,0.0,0.0
rf_reg[26] + tpr_load_store_enable/sd_o,0,30,0.0,0.0
rf_reg[26] + tcr_arith/sd_o,0,30,0.0,0.0
rf_reg[26] + tcr_branch/sd_o,0,30,0.0,0.0
rf_reg[26] + tcr_jump/sd_o,0,30,0.0,0.0
rf_reg[26] + tcr_shift/sd_o,0,30,0.0,0.0
rf_reg[26] + tcr_comparison/sd_o,0,30,0.0,0.0
rf_reg[26] + tcr_logical/sd_o,0,30,0.0,0.0
rf_reg[26] + tcr_load_store/sd_o,0,30,0.0,0.0
rf_reg[27] + tpr_arith/sd_o,0,30,0.0,0.0
rf_reg[27] + tpr_branch/sd_o,0,30,0.0,0.0
rf_reg[27] + tpr_jump/sd_o,0,30,0.0,0.0
rf_reg[27] + tpr_shift/sd_o,0,30,0.0,0.0
rf_reg[27] + tpr_comparison/sd_o,0,30,0.0,0.0
rf_reg[27] + tpr_logical/sd_o,0,30,0.0,0.0
rf_reg[27] + tpr_load_store_mode/sd_o,0,30,0.0,0.0
rf_reg[27] + tpr_load_store_enable/sd_o,0,30,0.0,0.0
rf_reg[27] + tcr_arith/sd_o,0,30,0.0,0.0
rf_reg[27] + tcr_branch/sd_o,0,30,0.0,0.0
rf_reg[27] + tcr_jump/sd_o,0,30,0.0,0.0
rf_reg[27] + tcr_shift/sd_o,0,30,0.0,0.0
rf_reg[27] + tcr_comparison/sd_o,0,30,0.0,0.0
rf_reg[27] + tcr_logical/sd_o,0,30,0.0,0.0
rf_reg[27] + tcr_load_store/sd_o,0,30,0.0,0.0
rf_reg[28] + tpr_arith/sd_o,0,30,0.0,0.0
rf_reg[28] + tpr_branch/sd_o,0,30,0.0,0.0
rf_reg[28] + tpr_jump/sd_o,0,30,0.0,0.0
rf_reg[28] + tpr_shift/sd_o,0,30,0.0,0.0
rf_reg[28] + tpr_comparison/sd_o,0,30,0.0,0.0
rf_reg[28] + tpr_logical/sd_o,0,30,0.0,0.0
rf_reg[28] + tpr_load_store_mode/sd_o,0,30,0.0,0.0
rf_reg[28] + tpr_load_store_enable/sd_o,0,30,0.0,0.0
rf_reg[28] + tcr_arith/sd_o,0,30,0.0,0.0
rf_reg[28] + tcr_branch/sd_o,0,30,0.0,0.0
rf_reg[28] + tcr_jump/sd_o,0,30,0.0,0.0
rf_reg[28] + tcr_shift/sd_o,0,30,0.0,0.0
rf_reg[28] + tcr_comparison/sd_o,0,30,0.0,0.0
rf_reg[28] + tcr_logical/sd_o,0,30,0.0,0.0
rf_reg[28] + tcr_load_store/sd_o,0,30,0.0,0.0
rf_reg[29] + tpr_arith/sd_o,0,30,0.0,0.0
rf_reg[29] + tpr_branch/sd_o,0,30,0.0,0.0
rf_reg[29] + tpr_jump/sd_o,0,30,0.0,0.0
rf_reg[29] + tpr_shift/sd_o,0,30,0.0,0.0
rf_reg[29] + tpr_comparison/sd_o,0,30,0.0,0.0
rf_reg[29] + tpr_logical/sd_o,0,30,0.0,0.0
rf_reg[29] + tpr_load_store_mode/sd_o,0,30,0.0,0.0
rf_reg[29] + tpr_load_store_enable/sd_o,0,30,0.0,0.0
rf_reg[29] + tcr_arith/sd_o,0,30,0.0,0.0
rf_reg[29] + tcr_branch/sd_o,0,30,0.0,0.0
rf_reg[29] + tcr_jump/sd_o,0,30,0.0,0.0
rf_reg[29] + tcr_shift/sd_o,0,30,0.0,0.0
rf_reg[29] + tcr_comparison/sd_o,0,30,0.0,0.0
rf_reg[29] + tcr_logical/sd_o,0,30,0.0,0.0
rf_reg[29] + tcr_load_store/sd_o,0,30,0.0,0.0
rf_reg[30] + tpr_arith/sd_o,0,30,0.0,0.0
rf_reg[30] + tpr_branch/sd_o,0,30,0.0,0.0
rf_reg[30] + tpr_jump/sd_o,0,30,0.0,0.0
rf_reg[30] + tpr_shift/sd_o,0,30,0.0,0.0
rf_reg[30] + tpr_comparison/sd_o,0,30,0.0,0.0
rf_reg[30] + tpr_logical/sd_o,0,30,0.0,0.0
rf_reg[30] + tpr_load_store_mode/sd_o,0,30,0.0,0.0
rf_reg[30] + tpr_load_store_enable/sd_o,0,30,0.0,0.0
rf_reg[30] + tcr_arith/sd_o,0,30,0.0,0.0
rf_reg[30] + tcr_branch/sd_o,0,30,0.0,0.0
rf_reg[30] + tcr_jump/sd_o,0,30,0.0,0.0
rf_reg[30] + tcr_shift/sd_o,0,30,0.0,0.0
rf_reg[30] + tcr_comparison/sd_o,0,30,0.0,0.0
rf_reg[30] + tcr_logical/sd_o,0,30,0.0,0.0
rf_reg[30] + tcr_load_store/sd_o,0,30,0.0,0.0
rf_reg[31] + tpr_arith/sd_o,0,30,0.0,0.0
rf_reg[31] + tpr_branch/sd_o,0,30,0.0,0.0
rf_reg[31] + tpr_jump/sd_o,0,30,0.0,0.0
rf_reg[31] + tpr_shift/sd_o,0,30,0.0,0.0
rf_reg[31] + tpr_comparison/sd_o,0,30,0.0,0.0
rf_reg[31] + tpr_logical/sd_o,0,30,0.0,0.0
rf_reg[31] + tpr_load_store_mode/sd_o,0,30,0.0,0.0
rf_reg[31] + tpr_load_store_enable/sd_o,0,30,0.0,0.0
rf_reg[31] + tcr_arith/sd_o,0,30,0.0,0.0
rf_reg[31] + tcr_branch/sd_o,0,30,0.0,0.0
rf_reg[31] + tcr_jump/sd_o,0,30,0.0,0.0
rf_reg[31] + tcr_shift/sd_o,0,30,0.0,0.0
rf_reg[31] + tcr_comparison/sd_o,0,30,0.0,0.0
rf_reg[31] + tcr_logical/sd_o,0,30,0.0,0.0
rf_reg[31] + tcr_load_store/sd_o,0,30,0.0,0.0
rs1_o_tag + tpr_arith/sd_o,0,30,0.0,0.0
rs1_o_tag + tpr_branch/sd_o,0,30,0.0,0.0
rs1_o_tag + tpr_jump/sd_o,0,30,0.0,0.0
rs1_o_tag + tpr_shift/sd_o,0,30,0.0,0.0
rs1_o_tag + tpr_comparison/sd_o,0,30,0.0,0.0
rs1_o_tag + tpr_logical/sd_o,0,30,0.0,0.0
rs1_o_tag + tpr_load_store_mode/sd_o,0,30,0.0,0.0
rs1_o_tag + tpr_load_store_enable/sd_o,0,30,0.0,0.0
rs1_o_tag + tcr_arith/sd_o,0,30,0.0,0.0
rs1_o_tag + tcr_branch/sd_o,0,30,0.0,0.0
rs1_o_tag + tcr_jump/sd_o,0,30,0.0,0.0
rs1_o_tag + tcr_shift/sd_o,0,30,0.0,0.0
rs1_o_tag + tcr_comparison/sd_o,0,30,0.0,0.0
rs1_o_tag + tcr_logical/sd_o,0,30,0.0,0.0
rs1_o_tag + tcr_load_store/sd_o,0,30,0.0,0.0
data_we_q_tag + tpr_arith/sd_o,0,30,0.0,0.0
data_we_q_tag + tpr_branch/sd_o,0,30,0.0,0.0
data_we_q_tag + tpr_jump/sd_o,0,30,0.0,0.0
data_we_q_tag + tpr_shift/sd_o,0,30,0.0,0.0
data_we_q_tag + tpr_comparison/sd_o,0,30,0.0,0.0
data_we_q_tag + tpr_logical/sd_o,0,30,0.0,0.0
data_we_q_tag + tpr_load_store_mode/sd_o,0,30,0.0,0.0
data_we_q_tag + tpr_load_store_enable/sd_o,0,30,0.0,0.0
data_we_q_tag + tcr_arith/sd_o,0,30,0.0,0.0
data_we_q_tag + tcr_branch/sd_o,0,30,0.0,0.0
data_we_q_tag + tcr_jump/sd_o,0,30,0.0,0.0
data_we_q_tag + tcr_shift/sd_o,0,30,0.0,0.0
data_we_q_tag + tcr_comparison/sd_o,0,30,0.0,0.0
data_we_q_tag + tcr_logical/sd_o,0,30,0.0,0.0
data_we_q_tag + tcr_load_store/sd_o,0,30,0.0,0.0
pc_if_o_tag/sd_o + tpr_arith/sd_o,0,30,0.0,0.0
pc_if_o_tag/sd_o + tpr_branch/sd_o,0,30,0.0,0.0
pc_if_o_tag/sd_o + tpr_jump/sd_o,0,30,0.0,0.0
pc_if_o_tag/sd_o + tpr_shift/sd_o,0,30,0.0,0.0
pc_if_o_tag/sd_o + tpr_comparison/sd_o,0,30,0.0,0.0
pc_if_o_tag/sd_o + tpr_logical/sd_o,0,30,0.0,0.0
pc_if_o_tag/sd_o + tpr_load_store_mode/sd_o,0,30,0.0,0.0
pc_if_o_tag/sd_o + tpr_load_store_enable/sd_o,0,30,0.0,0.0
pc_if_o_tag/sd_o + tcr_arith/sd_o,0,30,0.0,0.0
pc_if_o_tag/sd_o + tcr_branch/sd_o,0,30,0.0,0.0
pc_if_o_tag/sd_o + tcr_jump/sd_o,0,30,0.0,0.0
pc_if_o_tag/sd_o + tcr_shift/sd_o,0,30,0.0,0.0
pc_if_o_tag/sd_o + tcr_comparison/sd_o,0,30,0.0,0.0
pc_if_o_tag/sd_o + tcr_logical/sd_o,0,30,0.0,0.0
pc_if_o_tag/sd_o + tcr_load_store/sd_o,0,30,0.0,0.0
pc_if_o_tag/sd_o + tcr_execute/sd_o,0,30,0.0,0.0
pc_id_o_tag/sd_o + tpr_arith/sd_o,0,30,0.0,0.0
pc_id_o_tag/sd_o + tpr_branch/sd_o,0,30,0.0,0.0
pc_id_o_tag/sd_o + tpr_jump/sd_o,0,30,0.0,0.0
pc_id_o_tag/sd_o + tpr_shift/sd_o,0,30,0.0,0.0
pc_id_o_tag/sd_o + tpr_comparison/sd_o,0,30,0.0,0.0
pc_id_o_tag/sd_o + tpr_logical/sd_o,0,30,0.0,0.0
pc_id_o_tag/sd_o + tpr_load_store_mode/sd_o,0,30,0.0,0.0
pc_id_o_tag/sd_o + tpr_load_store_enable/sd_o,0,30,0.0,0.0
pc_id_o_tag/sd_o + tcr_arith/sd_o,0,30,0.0,0.0
pc_id_o_tag/sd_o + tcr_branch/sd_o,0,30,0.0,0.0
pc_id_o_tag/sd_o + tcr_jump/sd_o,0,30,0.0,0.0
pc_id_o_tag/sd_o + tcr_shift/sd_o,0,30,0.0,0.0
pc_id_o_tag/sd_o + tcr_comparison/sd_o,0,30,0.0,0.0
pc_id_o_tag/sd_o + tcr_logical/sd_o,0,30,0.0,0.0
pc_id_o_tag/sd_o + tcr_load_store/sd_o,0,30,0.0,0.0
pc_id_o_tag/sd_o + tcr_execute/sd_o,0,30,0.0,0.0
pc_id_o_tag + tpr_arith/sd_o,0,30,0.0,0.0
pc_id_o_tag + tpr_branch/sd_o,0,30,0.0,0.0
pc_id_o_tag + tpr_jump/sd_o,0,30,0.0,0.0
pc_id_o_tag + tpr_shift/sd_o,0,30,0.0,0.0
sd_o_5 + tpr_arith/sd_o,0,30,0.0,0.0
sd_o_5 + tpr_branch/sd_o,0,30,0.0,0.0
sd_o_5 + tpr_jump/sd_o,0,30,0.0,0.0
sd_o_5 + tpr_shift/sd_o,0,30,0.0,0.0
sd_o_5 + tpr_comparison/sd_o,0,30,0.0,0.0
sd_o_5 + tpr_logical/sd_o,0,30,0.0,0.0
sd_o_5 + tpr_load_store_mode/sd_o,0,30,0.0,0.0
sd_o_5 + tpr_load_store_enable/sd_o,0,30,0.0,0.0
sd_o_5 + tcr_arith/sd_o,0,30,0.0,0.0
sd_o_5 + tcr_branch/sd_o,0,30,0.0,0.0
sd_o_5 + tcr_jump/sd_o,0,30,0.0,0.0
sd_o_5 + tcr_shift/sd_o,0,30,0.0,0.0
sd_o_5 + tcr_comparison/sd_o,0,30,0.0,0.0
sd_o_5 + tcr_logical/sd_o,0,30,0.0,0.0
sd_o_5 + tcr_load_store/sd_o,0,30,0.0,0.0
sd_o_5 + tcr_execute/sd_o,0,30,0.0,0.0
check_d_o_tag + tpr_arith/sd_o,0,30,0.0,0.0
check_d_o_tag + tpr_branch/sd_o,0,30,0.0,0.0
check_d_o_tag + tpr_jump/sd_o,0,30,0.0,0.0
check_d_o_tag + tpr_shift/sd_o,0,30,0.0,0.0
check_d_o_tag + tpr_comparison/sd_o,0,30,0.0,0.0
check_d_o_tag + tpr_logical/sd_o,0,30,0.0,0.0
check_d_o_tag + tpr_load_store_mode/sd_o,0,30,0.0,0.0
check_d_o_tag + tpr_load_store_enable/sd_o,0,30,0.0,0.0
check_d_o_tag + tcr_arith/sd_o,0,30,0.0,0.0
check_d_o_tag + tcr_branch/sd_o,0,30,0.0,0.0
check_d_o_tag + tcr_jump/sd_o,0,30,0.0,0.0
check_d_o_tag + tcr_shift/sd_o,0,30,0.0,0.0
check_d_o_tag + tcr_comparison/sd_o,0,30,0.0,0.0
check_d_o_tag + tcr_logical/sd_o,0,30,0.0,0.0
check_d_o_tag + tcr_load_store/sd_o,0,30,0.0,0.0
alu_operator_o_mode/sd_o + tpr_arith/sd_o,0,30,0.0,0.0
alu_operator_o_mode/sd_o + tpr_branch/sd_o,0,30,0.0,0.0
alu_operator_o_mode/sd_o + tpr_jump/sd_o,0,30,0.0,0.0
alu_operator_o_mode/sd_o + tpr_shift/sd_o,0,30,0.0,0.0
alu_operator_o_mode/sd_o + tpr_comparison/sd_o,0,30,0.0,0.0
alu_operator_o_mode/sd_o + tpr_logical/sd_o,0,30,0.0,0.0
alu_operator_o_mode/sd_o + tpr_load_store_mode/sd_o,0,30,0.0,0.0
alu_operator_o_mode/sd_o + tpr_load_store_enable/sd_o,0,30,0.0,0.0
alu_operator_o_mode/sd_o + tcr_arith/sd_o,0,30,0.0,0.0
alu_operator_o_mode/sd_o + tcr_branch/sd_o,0,30,0.0,0.0
alu_operator_o_mode/sd_o + tcr_jump/sd_o,0,30,0.0,0.0
alu_operator_o_mode/sd_o + tcr_shift/sd_o,0,30,0.0,0.0
alu_operator_o_mode/sd_o + tcr_comparison/sd_o,0,30,0.0,0.0
alu_operator_o_mode/sd_o + tcr_logical/sd_o,0,30,0.0,0.0
alu_operator_o_mode/sd_o + tcr_load_store/sd_o,0,30,0.0,0.0
alu_operator_o_mode/sd_o + tcr_execute/sd_o,0,30,0.0,0.0
store_dest_addr_ex_o_tag/sd_o + tpr_arith/sd_o,0,30,0.0,0.0
store_dest_addr_ex_o_tag/sd_o + tpr_branch/sd_o,0,30,0.0,0.0
store_dest_addr_ex_o_tag/sd_o + tpr_jump/sd_o,0,30,0.0,0.0
store_dest_addr_ex_o_tag/sd_o + tpr_shift/sd_o,0,30,0.0,0.0
store_dest_addr_ex_o_tag/sd_o + tpr_comparison/sd_o,0,30,0.0,0.0
store_dest_addr_ex_o_tag/sd_o + tpr_logical/sd_o,0,30,0.0,0.0
store_dest_addr_ex_o_tag/sd_o + tpr_load_store_mode/sd_o,0,30,0.0,0.0
store_dest_addr_ex_o_tag/sd_o + tpr_load_store_enable/sd_o,0,30,0.0,0.0
store_dest_addr_ex_o_tag/sd_o + tcr_arith/sd_o,0,30,0.0,0.0
store_dest_addr_ex_o_tag/sd_o + tcr_branch/sd_o,0,30,0.0,0.0
store_dest_addr_ex_o_tag/sd_o + tcr_jump/sd_o,0,30,0.0,0.0
store_dest_addr_ex_o_tag/sd_o + tcr_shift/sd_o,0,30,0.0,0.0
store_dest_addr_ex_o_tag/sd_o + tcr_comparison/sd_o,0,30,0.0,0.0
store_dest_addr_ex_o_tag/sd_o + tcr_logical/sd_o,0,30,0.0,0.0
store_dest_addr_ex_o_tag/sd_o + tcr_load_store/sd_o,0,30,0.0,0.0
store_dest_addr_ex_o_tag/sd_o + tcr_execute/sd_o,0,30,0.0,0.0
store_source_ex_o_tag/sd_o + tpr_arith/sd_o,0,30,0.0,0.0
store_source_ex_o_tag/sd_o + tpr_branch/sd_o,0,30,0.0,0.0
store_source_ex_o_tag/sd_o + tpr_jump/sd_o,0,30,0.0,0.0
store_source_ex_o_tag/sd_o + tpr_shift/sd_o,0,30,0.0,0.0
store_source_ex_o_tag/sd_o + tpr_comparison/sd_o,0,30,0.0,0.0
store_source_ex_o_tag/sd_o + tpr_logical/sd_o,0,30,0.0,0.0
store_source_ex_o_tag/sd_o + tpr_load_store_mode/sd_o,0,30,0.0,0.0
store_source_ex_o_tag/sd_o + tpr_load_store_enable/sd_o,0,30,0.0,0.0
store_source_ex_o_tag/sd_o + tcr_arith/sd_o,0,30,0.0,0.0
store_source_ex_o_tag/sd_o + tcr_branch/sd_o,0,30,0.0,0.0
store_source_ex_o_tag/sd_o + tcr_jump/sd_o,0,30,0.0,0.0
store_source_ex_o_tag/sd_o + tcr_shift/sd_o,0,30,0.0,0.0
store_source_ex_o_tag/sd_o + tcr_comparison/sd_o,0,30,0.0,0.0
store_source_ex_o_tag/sd_o + tcr_logical/sd_o,0,30,0.0,0.0
store_source_ex_o_tag/sd_o + tcr_load_store/sd_o,0,30,0.0,0.0
store_source_ex_o_tag/sd_o + tcr_execute/sd_o,0,30,0.0,0.0
tpr_arith/sd_o + use_store_ops_ex_o/sd_o,0,30,0.0,0.0
tpr_branch/sd_o + use_store_ops_ex_o/sd_o,0,30,0.0,0.0
tpr_jump/sd_o + use_store_ops_ex_o/sd_o,0,30,0.0,0.0
tpr_shift/sd_o + use_store_ops_ex_o/sd_o,0,30,0.0,0.0
tpr_comparison/sd_o + use_store_ops_ex_o/sd_o,0,30,0.0,0.0
tpr_logical/sd_o + use_store_ops_ex_o/sd_o,0,30,0.0,0.0
tpr_load_store_mode/sd_o + use_store_ops_ex_o/sd_o,0,30,0.0,0.0
tpr_load_store_enable/sd_o + use_store_ops_ex_o/sd_o,0,30,0.0,0.0
tcr_arith/sd_o + use_store_ops_ex_o/sd_o,0,30,0.0,0.0
tcr_branch/sd_o + use_store_ops_ex_o/sd_o,0,30,0.0,0.0
tcr_jump/sd_o + use_store_ops_ex_o/sd_o,0,30,0.0,0.0
tcr_shift/sd_o + use_store_ops_ex_o/sd_o,0,30,0.0,0.0
tcr_comparison/sd_o + use_store_ops_ex_o/sd_o,0,30,0.0,0.0
tcr_logical/sd_o + use_store_ops_ex_o/sd_o,0,30,0.0,0.0
tcr_load_store/sd_o + use_store_ops_ex_o/sd_o,0,30,0.0,0.0
tcr_execute/sd_o + use_store_ops_ex_o/sd_o,0,30,0.0,0.0
check_s1_o_tag + tpr_arith/sd_o,0,30,0.0,0.0
check_s1_o_tag + tpr_branch/sd_o,0,30,0.0,0.0
check_s1_o_tag + tpr_jump/sd_o,0,30,0.0,0.0
check_s1_o_tag + tpr_shift/sd_o,0,30,0.0,0.0
check_s1_o_tag + tpr_comparison/sd_o,0,30,0.0,0.0
check_s1_o_tag + tpr_logical/sd_o,0,30,0.0,0.0
check_s1_o_tag + tpr_load_store_mode/sd_o,0,30,0.0,0.0
alu_operand_a_ex_o_tag/sd_o + tpr_arith/sd_o,0,30,0.0,0.0
alu_operand_a_ex_o_tag/sd_o + tpr_branch/sd_o,0,30,0.0,0.0
alu_operand_a_ex_o_tag/sd_o + tpr_jump/sd_o,0,30,0.0,0.0
alu_operand_a_ex_o_tag/sd_o + tpr_shift/sd_o,0,30,0.0,0.0
alu_operand_a_ex_o_tag/sd_o + tpr_comparison/sd_o,0,30,0.0,0.0
alu_operand_a_ex_o_tag/sd_o + tpr_logical/sd_o,0,30,0.0,0.0
alu_operand_a_ex_o_tag/sd_o + tpr_load_store_mode/sd_o,0,30,0.0,0.0
alu_operand_a_ex_o_tag/sd_o + tpr_load_store_enable/sd_o,0,30,0.0,0.0
alu_operand_a_ex_o_tag/sd_o + tcr_arith/sd_o,0,30,0.0,0.0
alu_operand_a_ex_o_tag/sd_o + tcr_branch/sd_o,0,30,0.0,0.0
alu_operand_a_ex_o_tag/sd_o + tcr_jump/sd_o,0,30,0.0,0.0
alu_operand_a_ex_o_tag/sd_o + tcr_shift/sd_o,0,30,0.0,0.0
alu_operand_a_ex_o_tag/sd_o + tcr_comparison/sd_o,0,30,0.0,0.0
alu_operand_a_ex_o_tag/sd_o + tcr_logical/sd_o,0,30,0.0,0.0
alu_operand_a_ex_o_tag/sd_o + tcr_load_store/sd_o,0,30,0.0,0.0
alu_operand_a_ex_o_tag/sd_o + tcr_execute/sd_o,0,30,0.0,0.0
alu_operand_b_ex_o_tag/sd_o + tpr_arith/sd_o,0,30,0.0,0.0
alu_operand_b_ex_o_tag/sd_o + tpr_branch/sd_o,0,30,0.0,0.0
alu_operand_b_ex_o_tag/sd_o + tpr_jump/sd_o,0,30,0.0,0.0
alu_operand_b_ex_o_tag/sd_o + tpr_shift/sd_o,0,30,0.0,0.0
alu_operand_b_ex_o_tag/sd_o + tpr_comparison/sd_o,0,30,0.0,0.0
alu_operand_b_ex_o_tag/sd_o + tpr_logical/sd_o,0,30,0.0,0.0
alu_operand_b_ex_o_tag/sd_o + tpr_load_store_mode/sd_o,0,30,0.0,0.0
alu_operand_b_ex_o_tag/sd_o + tpr_load_store_enable/sd_o,0,30,0.0,0.0
alu_operand_b_ex_o_tag/sd_o + tcr_arith/sd_o,0,30,0.0,0.0
alu_operand_b_ex_o_tag/sd_o + tcr_branch/sd_o,0,30,0.0,0.0
alu_operand_b_ex_o_tag/sd_o + tcr_jump/sd_o,0,30,0.0,0.0
alu_operand_b_ex_o_tag/sd_o + tcr_shift/sd_o,0,30,0.0,0.0
alu_operand_b_ex_o_tag/sd_o + tcr_comparison/sd_o,0,30,0.0,0.0
alu_operand_b_ex_o_tag/sd_o + tcr_logical/sd_o,0,30,0.0,0.0
alu_operand_b_ex_o_tag/sd_o + tcr_load_store/sd_o,0,30,0.0,0.0
alu_operand_b_ex_o_tag/sd_o + tcr_execute/sd_o,0,30,0.0,0.0
check_s1_o_tag + tpr_load_store_enable/sd_o,0,30,0.0,0.0
check_s1_o_tag + tcr_arith/sd_o,0,30,0.0,0.0
check_s1_o_tag + tcr_branch/sd_o,0,30,0.0,0.0
check_s1_o_tag + tcr_jump/sd_o,0,30,0.0,0.0
check_s1_o_tag + tcr_shift/sd_o,0,30,0.0,0.0
check_s1_o_tag + tcr_comparison/sd_o,0,30,0.0,0.0
check_s1_o_tag + tcr_logical/sd_o,0,30,0.0,0.0
check_s1_o_tag + tcr_load_store/sd_o,0,30,0.0,0.0
alu_operand_c_ex_o_tag/sd_o + tpr_arith/sd_o,0,30,0.0,0.0
alu_operand_c_ex_o_tag/sd_o + tpr_branch/sd_o,0,30,0.0,0.0
alu_operand_c_ex_o_tag/sd_o + tpr_jump/sd_o,0,30,0.0,0.0
alu_operand_c_ex_o_tag/sd_o + tpr_shift/sd_o,0,30,0.0,0.0
alu_operand_c_ex_o_tag/sd_o + tpr_comparison/sd_o,0,30,0.0,0.0
alu_operand_c_ex_o_tag/sd_o + tpr_logical/sd_o,0,30,0.0,0.0
alu_operand_c_ex_o_tag/sd_o + tpr_load_store_mode/sd_o,0,30,0.0,0.0
alu_operand_c_ex_o_tag/sd_o + tpr_load_store_enable/sd_o,0,30,0.0,0.0
alu_operand_c_ex_o_tag/sd_o + tcr_arith/sd_o,0,30,0.0,0.0
alu_operand_c_ex_o_tag/sd_o + tcr_branch/sd_o,0,30,0.0,0.0
alu_operand_c_ex_o_tag/sd_o + tcr_jump/sd_o,0,30,0.0,0.0
alu_operand_c_ex_o_tag/sd_o + tcr_shift/sd_o,0,30,0.0,0.0
alu_operand_c_ex_o_tag/sd_o + tcr_comparison/sd_o,0,30,0.0,0.0
alu_operand_c_ex_o_tag/sd_o + tcr_logical/sd_o,0,30,0.0,0.0
alu_operand_c_ex_o_tag/sd_o + tcr_load_store/sd_o,0,30,0.0,0.0
alu_operand_c_ex_o_tag/sd_o + tcr_execute/sd_o,0,30,0.0,0.0
check_s1_o_tag/sd_o + tpr_arith/sd_o,0,30,0.0,0.0
check_s1_o_tag/sd_o + tpr_branch/sd_o,0,30,0.0,0.0
check_s1_o_tag/sd_o + tpr_jump/sd_o,0,30,0.0,0.0
check_s1_o_tag/sd_o + tpr_shift/sd_o,0,30,0.0,0.0
check_s1_o_tag/sd_o + tpr_comparison/sd_o,0,30,0.0,0.0
check_s1_o_tag/sd_o + tpr_logical/sd_o,0,30,0.0,0.0
check_s1_o_tag/sd_o + tpr_load_store_mode/sd_o,0,30,0.0,0.0
check_s1_o_tag/sd_o + tpr_load_store_enable/sd_o,0,30,0.0,0.0
check_s1_o_tag/sd_o + tcr_arith/sd_o,0,30,0.0,0.0
check_s1_o_tag/sd_o + tcr_branch/sd_o,0,30,0.0,0.0
check_s1_o_tag/sd_o + tcr_jump/sd_o,0,30,0.0,0.0
check_s1_o_tag/sd_o + tcr_shift/sd_o,0,30,0.0,0.0
check_s1_o_tag/sd_o + tcr_comparison/sd_o,0,30,0.0,0.0
check_s1_o_tag/sd_o + tcr_logical/sd_o,0,30,0.0,0.0
check_s1_o_tag/sd_o + tcr_load_store/sd_o,0,30,0.0,0.0
check_s1_o_tag/sd_o + tcr_execute/sd_o,0,30,0.0,0.0
check_s2_o_tag/sd_o + tpr_arith/sd_o,0,30,0.0,0.0
check_s2_o_tag/sd_o + tpr_branch/sd_o,0,30,0.0,0.0
check_s2_o_tag/sd_o + tpr_jump/sd_o,0,30,0.0,0.0
check_s2_o_tag/sd_o + tpr_shift/sd_o,0,30,0.0,0.0
check_s2_o_tag/sd_o + tpr_comparison/sd_o,0,30,0.0,0.0
check_s2_o_tag/sd_o + tpr_logical/sd_o,0,30,0.0,0.0
check_s2_o_tag/sd_o + tpr_load_store_mode/sd_o,0,30,0.0,0.0
check_s2_o_tag/sd_o + tpr_load_store_enable/sd_o,0,30,0.0,0.0
check_s2_o_tag/sd_o + tcr_arith/sd_o,0,30,0.0,0.0
check_s2_o_tag/sd_o + tcr_branch/sd_o,0,30,0.0,0.0
check_s2_o_tag/sd_o + tcr_jump/sd_o,0,30,0.0,0.0
check_s2_o_tag/sd_o + tcr_shift/sd_o,0,30,0.0,0.0
check_s2_o_tag/sd_o + tcr_comparison/sd_o,0,30,0.0,0.0
check_s2_o_tag/sd_o + tcr_logical/sd_o,0,30,0.0,0.0
check_s2_o_tag/sd_o + tcr_load_store/sd_o,0,30,0.0,0.0
check_s2_o_tag/sd_o + tcr_execute/sd_o,0,30,0.0,0.0
check_d_o_tag/sd_o + tpr_arith/sd_o,0,30,0.0,0.0
check_d_o_tag/sd_o + tpr_branch/sd_o,0,30,0.0,0.0
check_d_o_tag/sd_o + tpr_jump/sd_o,0,30,0.0,0.0
check_d_o_tag/sd_o + tpr_shift/sd_o,0,30,0.0,0.0
check_d_o_tag/sd_o + tpr_comparison/sd_o,0,30,0.0,0.0
check_d_o_tag/sd_o + tpr_logical/sd_o,0,30,0.0,0.0
check_d_o_tag/sd_o + tpr_load_store_mode/sd_o,0,30,0.0,0.0
check_d_o_tag/sd_o + tpr_load_store_enable/sd_o,0,30,0.0,0.0
check_d_o_tag/sd_o + tcr_arith/sd_o,0,30,0.0,0.0
check_d_o_tag/sd_o + tcr_branch/sd_o,0,30,0.0,0.0
check_d_o_tag/sd_o + tcr_jump/sd_o,0,30,0.0,0.0
check_d_o_tag/sd_o + tcr_shift/sd_o,0,30,0.0,0.0
check_d_o_tag/sd_o + tcr_comparison/sd_o,0,30,0.0,0.0
check_d_o_tag/sd_o + tcr_logical/sd_o,0,30,0.0,0.0
check_d_o_tag/sd_o + tcr_load_store/sd_o,0,30,0.0,0.0
check_d_o_tag/sd_o + tcr_execute/sd_o,0,30,0.0,0.0
pc_id_o_tag + tpr_comparison/sd_o,0,30,0.0,0.0
pc_id_o_tag + tpr_logical/sd_o,0,30,0.0,0.0
pc_id_o_tag + tpr_load_store_mode/sd_o,0,30,0.0,0.0
pc_id_o_tag + tpr_load_store_enable/sd_o,0,30,0.0,0.0
pc_id_o_tag + tcr_arith/sd_o,0,30,0.0,0.0
pc_id_o_tag + tcr_branch/sd_o,0,30,0.0,0.0
pc_id_o_tag + tcr_jump/sd_o,0,30,0.0,0.0
pc_id_o_tag + tcr_shift/sd_o,0,30,0.0,0.0
pc_id_o_tag + tcr_comparison/sd_o,0,30,0.0,0.0
pc_id_o_tag + tcr_logical/sd_o,0,30,0.0,0.0
pc_id_o_tag + tcr_load_store/sd_o,0,30,0.0,0.0
check_s2_o_tag + tpr_arith/sd_o,0,30,0.0,0.0
check_s2_o_tag + tpr_branch/sd_o,0,30,0.0,0.0
check_s2_o_tag + tpr_jump/sd_o,0,30,0.0,0.0
check_s2_o_tag + tpr_shift/sd_o,0,30,0.0,0.0
check_s2_o_tag + tpr_comparison/sd_o,0,30,0.0,0.0
check_s2_o_tag + tpr_logical/sd_o,0,30,0.0,0.0
register_set_o_tag/sd_o + tpr_arith/sd_o,0,30,0.0,0.0
register_set_o_tag/sd_o + tpr_branch/sd_o,0,30,0.0,0.0
register_set_o_tag/sd_o + tpr_jump/sd_o,0,30,0.0,0.0
register_set_o_tag/sd_o + tpr_shift/sd_o,0,30,0.0,0.0
register_set_o_tag/sd_o + tpr_comparison/sd_o,0,30,0.0,0.0
register_set_o_tag/sd_o + tpr_logical/sd_o,0,30,0.0,0.0
register_set_o_tag/sd_o + tpr_load_store_mode/sd_o,0,30,0.0,0.0
register_set_o_tag/sd_o + tpr_load_store_enable/sd_o,0,30,0.0,0.0
register_set_o_tag/sd_o + tcr_arith/sd_o,0,30,0.0,0.0
register_set_o_tag/sd_o + tcr_branch/sd_o,0,30,0.0,0.0
register_set_o_tag/sd_o + tcr_jump/sd_o,0,30,0.0,0.0
register_set_o_tag/sd_o + tcr_shift/sd_o,0,30,0.0,0.0
register_set_o_tag/sd_o + tcr_comparison/sd_o,0,30,0.0,0.0
register_set_o_tag/sd_o + tcr_logical/sd_o,0,30,0.0,0.0
register_set_o_tag/sd_o + tcr_load_store/sd_o,0,30,0.0,0.0
register_set_o_tag/sd_o + tcr_execute/sd_o,0,30,0.0,0.0
is_store_post_o_tag/sd_o + tpr_arith/sd_o,0,30,0.0,0.0
is_store_post_o_tag/sd_o + tpr_branch/sd_o,0,30,0.0,0.0
is_store_post_o_tag/sd_o + tpr_jump/sd_o,0,30,0.0,0.0
is_store_post_o_tag/sd_o + tpr_shift/sd_o,0,30,0.0,0.0
is_store_post_o_tag/sd_o + tpr_comparison/sd_o,0,30,0.0,0.0
is_store_post_o_tag/sd_o + tpr_logical/sd_o,0,30,0.0,0.0
is_store_post_o_tag/sd_o + tpr_load_store_mode/sd_o,0,30,0.0,0.0
is_store_post_o_tag/sd_o + tpr_load_store_enable/sd_o,0,30,0.0,0.0
is_store_post_o_tag/sd_o + tcr_arith/sd_o,0,30,0.0,0.0
is_store_post_o_tag/sd_o + tcr_branch/sd_o,0,30,0.0,0.0
is_store_post_o_tag/sd_o + tcr_jump/sd_o,0,30,0.0,0.0
is_store_post_o_tag/sd_o + tcr_shift/sd_o,0,30,0.0,0.0
is_store_post_o_tag/sd_o + tcr_comparison/sd_o,0,30,0.0,0.0
is_store_post_o_tag/sd_o + tcr_logical/sd_o,0,30,0.0,0.0
is_store_post_o_tag/sd_o + tcr_load_store/sd_o,0,30,0.0,0.0
is_store_post_o_tag/sd_o + tcr_execute/sd_o,0,30,0.0,0.0
check_s2_o_tag + tpr_load_store_mode/sd_o,0,30,0.0,0.0
check_s2_o_tag + tpr_load_store_enable/sd_o,0,30,0.0,0.0
check_s2_o_tag + tcr_arith/sd_o,0,30,0.0,0.0
check_s2_o_tag + tcr_branch/sd_o,0,30,0.0,0.0
check_s2_o_tag + tcr_jump/sd_o,0,30,0.0,0.0
check_s2_o_tag + tcr_shift/sd_o,0,30,0.0,0.0
check_s2_o_tag + tcr_comparison/sd_o,0,30,0.0,0.0
check_s2_o_tag + tcr_logical/sd_o,0,30,0.0,0.0
check_s2_o_tag + tcr_load_store/sd_o,0,30,0.0,0.0
memory_set_o_tag/sd_o + tpr_arith/sd_o,0,30,0.0,0.0
memory_set_o_tag/sd_o + tpr_branch/sd_o,0,30,0.0,0.0
memory_set_o_tag/sd_o + tpr_jump/sd_o,0,30,0.0,0.0
memory_set_o_tag/sd_o + tpr_shift/sd_o,0,30,0.0,0.0
memory_set_o_tag/sd_o + tpr_comparison/sd_o,0,30,0.0,0.0
memory_set_o_tag/sd_o + tpr_logical/sd_o,0,30,0.0,0.0
memory_set_o_tag/sd_o + tpr_load_store_mode/sd_o,0,30,0.0,0.0
memory_set_o_tag/sd_o + tpr_load_store_enable/sd_o,0,30,0.0,0.0
memory_set_o_tag/sd_o + tcr_arith/sd_o,0,30,0.0,0.0
memory_set_o_tag/sd_o + tcr_branch/sd_o,0,30,0.0,0.0
memory_set_o_tag/sd_o + tcr_jump/sd_o,0,30,0.0,0.0
memory_set_o_tag/sd_o + tcr_shift/sd_o,0,30,0.0,0.0
memory_set_o_tag/sd_o + tcr_comparison/sd_o,0,30,0.0,0.0
memory_set_o_tag/sd_o + tcr_logical/sd_o,0,30,0.0,0.0
memory_set_o_tag/sd_o + tcr_load_store/sd_o,0,30,0.0,0.0
memory_set_o_tag/sd_o + tcr_execute/sd_o,0,30,0.0,0.0
is_store_post_o_tag + tpr_arith/sd_o,0,30,0.0,0.0
is_store_post_o_tag + tpr_branch/sd_o,0,30,0.0,0.0
is_store_post_o_tag + tpr_jump/sd_o,0,30,0.0,0.0
is_store_post_o_tag + tpr_shift/sd_o,0,30,0.0,0.0
is_store_post_o_tag + tpr_comparison/sd_o,0,30,0.0,0.0
is_store_post_o_tag + tpr_logical/sd_o,0,30,0.0,0.0
is_store_post_o_tag + tpr_load_store_mode/sd_o,0,30,0.0,0.0
is_store_post_o_tag + tpr_load_store_enable/sd_o,0,30,0.0,0.0
is_store_post_o_tag + tcr_arith/sd_o,0,30,0.0,0.0
is_store_post_o_tag + tcr_branch/sd_o,0,30,0.0,0.0
is_store_post_o_tag + tcr_jump/sd_o,0,30,0.0,0.0
is_store_post_o_tag + tcr_shift/sd_o,0,30,0.0,0.0
is_store_post_o_tag + tcr_comparison/sd_o,0,30,0.0,0.0
is_store_post_o_tag + tcr_logical/sd_o,0,30,0.0,0.0
is_store_post_o_tag + tcr_load_store/sd_o,0,30,0.0,0.0
sd_o_rf_tag + tpr_arith/sd_o,0,30,0.0,0.0
sd_o_rf_tag + tpr_branch/sd_o,0,30,0.0,0.0
sd_o_rf_tag + tpr_jump/sd_o,0,30,0.0,0.0
sd_o_rf_tag + tpr_shift/sd_o,0,30,0.0,0.0
sd_o_rf_tag + tpr_comparison/sd_o,0,30,0.0,0.0
sd_o_rf_tag + tpr_logical/sd_o,0,30,0.0,0.0
sd_o_rf_tag + tpr_load_store_mode/sd_o,0,30,0.0,0.0
sd_o_rf_tag + tpr_load_store_enable/sd_o,0,30,0.0,0.0
sd_o_rf_tag + tcr_arith/sd_o,0,30,0.0,0.0
sd_o_rf_tag + tcr_branch/sd_o,0,30,0.0,0.0
sd_o_rf_tag + tcr_jump/sd_o,0,30,0.0,0.0
sd_o_rf_tag + tcr_shift/sd_o,0,30,0.0,0.0
sd_o_rf_tag + tcr_comparison/sd_o,0,30,0.0,0.0
sd_o_rf_tag + tcr_logical/sd_o,0,30,0.0,0.0
sd_o_rf_tag + tcr_load_store/sd_o,0,30,0.0,0.0
rs1_o_tag/sd_o + tpr_arith/sd_o,0,30,0.0,0.0
rs1_o_tag/sd_o + tpr_branch/sd_o,0,30,0.0,0.0
rs1_o_tag/sd_o + tpr_jump/sd_o,0,30,0.0,0.0
rs1_o_tag/sd_o + tpr_shift/sd_o,0,30,0.0,0.0
rs1_o_tag/sd_o + tpr_comparison/sd_o,0,30,0.0,0.0
rs1_o_tag/sd_o + tpr_logical/sd_o,0,30,0.0,0.0
rs1_o_tag/sd_o + tpr_load_store_mode/sd_o,0,30,0.0,0.0
rs1_o_tag/sd_o + tpr_load_store_enable/sd_o,0,30,0.0,0.0
rs1_o_tag/sd_o + tcr_arith/sd_o,0,30,0.0,0.0
rs1_o_tag/sd_o + tcr_branch/sd_o,0,30,0.0,0.0
rs1_o_tag/sd_o + tcr_jump/sd_o,0,30,0.0,0.0
rs1_o_tag/sd_o + tcr_shift/sd_o,0,30,0.0,0.0
rs1_o_tag/sd_o + tcr_comparison/sd_o,0,30,0.0,0.0
rs1_o_tag/sd_o + tcr_logical/sd_o,0,30,0.0,0.0
rs1_o_tag/sd_o + tcr_load_store/sd_o,0,30,0.0,0.0
rs1_o_tag/sd_o + tcr_execute/sd_o,0,30,0.0,0.0
tpr_arith/sd_o + tpr_branch/sd_o,0,30,0.0,0.0
tpr_arith/sd_o + tpr_jump/sd_o,0,30,0.0,0.0
tpr_arith/sd_o + tpr_shift/sd_o,0,30,0.0,0.0
tpr_arith/sd_o + tpr_comparison/sd_o,0,30,0.0,0.0
tpr_arith/sd_o + tpr_logical/sd_o,0,30,0.0,0.0
tpr_arith/sd_o + tpr_load_store_mode/sd_o,0,30,0.0,0.0
tpr_arith/sd_o + tpr_load_store_enable/sd_o,0,30,0.0,0.0
tcr_arith/sd_o + tpr_arith/sd_o,0,30,0.0,0.0
tcr_branch/sd_o + tpr_arith/sd_o,0,30,0.0,0.0
tcr_jump/sd_o + tpr_arith/sd_o,0,30,0.0,0.0
tcr_shift/sd_o + tpr_arith/sd_o,0,30,0.0,0.0
tcr_comparison/sd_o + tpr_arith/sd_o,0,30,0.0,0.0
tcr_logical/sd_o + tpr_arith/sd_o,0,30,0.0,0.0
tcr_load_store/sd_o + tpr_arith/sd_o,0,30,0.0,0.0
tcr_execute/sd_o + tpr_arith/sd_o,0,30,0.0,0.0
data_we_q_tag/sd_o + tpr_arith/sd_o,0,30,0.0,0.0
memory_set_o_tag + tpr_arith/sd_o,0,30,0.0,0.0
memory_set_o_tag + tpr_branch/sd_o,0,30,0.0,0.0
memory_set_o_tag + tpr_jump/sd_o,0,30,0.0,0.0
memory_set_o_tag + tpr_shift/sd_o,0,30,0.0,0.0
memory_set_o_tag + tpr_comparison/sd_o,0,30,0.0,0.0
memory_set_o_tag + tpr_logical/sd_o,0,30,0.0,0.0
rdata_offset_q_tag/sd_o + tpr_arith/sd_o,0,30,0.0,0.0
data_type_q_tag/sd_o + tpr_arith/sd_o,0,30,0.0,0.0
rdata_q_tag/sd_o + tpr_arith/sd_o,0,30,0.0,0.0
tpr_branch/sd_o + tpr_jump/sd_o,0,30,0.0,0.0
tpr_branch/sd_o + tpr_shift/sd_o,0,30,0.0,0.0
tpr_branch/sd_o + tpr_comparison/sd_o,0,30,0.0,0.0
tpr_branch/sd_o + tpr_logical/sd_o,0,30,0.0,0.0
tpr_branch/sd_o + tpr_load_store_mode/sd_o,0,30,0.0,0.0
tpr_branch/sd_o + tpr_load_store_enable/sd_o,0,30,0.0,0.0
tcr_arith/sd_o + tpr_branch/sd_o,0,30,0.0,0.0
tcr_branch/sd_o + tpr_branch/sd_o,0,30,0.0,0.0
tcr_jump/sd_o + tpr_branch/sd_o,0,30,0.0,0.0
tcr_shift/sd_o + tpr_branch/sd_o,0,30,0.0,0.0
tcr_comparison/sd_o + tpr_branch/sd_o,0,30,0.0,0.0
tcr_logical/sd_o + tpr_branch/sd_o,0,30,0.0,0.0
tcr_load_store/sd_o + tpr_branch/sd_o,0,30,0.0,0.0
tcr_execute/sd_o + tpr_branch/sd_o,0,30,0.0,0.0
data_we_q_tag/sd_o + tpr_branch/sd_o,0,30,0.0,0.0
rdata_offset_q_tag/sd_o + tpr_branch/sd_o,0,30,0.0,0.0
data_type_q_tag/sd_o + tpr_branch/sd_o,0,30,0.0,0.0
rdata_q_tag/sd_o + tpr_branch/sd_o,0,30,0.0,0.0
memory_set_o_tag + tpr_load_store_mode/sd_o,0,30,0.0,0.0
memory_set_o_tag + tpr_load_store_enable/sd_o,0,30,0.0,0.0
memory_set_o_tag + tcr_arith/sd_o,0,30,0.0,0.0
memory_set_o_tag + tcr_branch/sd_o,0,30,0.0,0.0
memory_set_o_tag + tcr_jump/sd_o,0,30,0.0,0.0
memory_set_o_tag + tcr_shift/sd_o,0,30,0.0,0.0
memory_set_o_tag + tcr_comparison/sd_o,0,30,0.0,0.0
memory_set_o_tag + tcr_logical/sd_o,0,30,0.0,0.0
memory_set_o_tag + tcr_load_store/sd_o,0,30,0.0,0.0
tpr_jump/sd_o + tpr_shift/sd_o,0,30,0.0,0.0
tpr_comparison/sd_o + tpr_jump/sd_o,0,30,0.0,0.0
tpr_jump/sd_o + tpr_logical/sd_o,0,30,0.0,0.0
tpr_jump/sd_o + tpr_load_store_mode/sd_o,0,30,0.0,0.0
tpr_jump/sd_o + tpr_load_store_enable/sd_o,0,30,0.0,0.0
tcr_arith/sd_o + tpr_jump/sd_o,0,30,0.0,0.0
tcr_branch/sd_o + tpr_jump/sd_o,0,30,0.0,0.0
tcr_jump/sd_o + tpr_jump/sd_o,0,30,0.0,0.0
tcr_shift/sd_o + tpr_jump/sd_o,0,30,0.0,0.0
tcr_comparison/sd_o + tpr_jump/sd_o,0,30,0.0,0.0
tcr_logical/sd_o + tpr_jump/sd_o,0,30,0.0,0.0
tcr_load_store/sd_o + tpr_jump/sd_o,0,30,0.0,0.0
tcr_execute/sd_o + tpr_jump/sd_o,0,30,0.0,0.0
data_we_q_tag/sd_o + tpr_jump/sd_o,0,30,0.0,0.0
rdata_offset_q_tag/sd_o + tpr_jump/sd_o,0,30,0.0,0.0
data_type_q_tag/sd_o + tpr_jump/sd_o,0,30,0.0,0.0
rdata_q_tag/sd_o + tpr_jump/sd_o,0,30,0.0,0.0
tpr_comparison/sd_o + tpr_shift/sd_o,0,30,0.0,0.0
tpr_logical/sd_o + tpr_shift/sd_o,0,30,0.0,0.0
tpr_load_store_mode/sd_o + tpr_shift/sd_o,0,30,0.0,0.0
tpr_load_store_enable/sd_o + tpr_shift/sd_o,0,30,0.0,0.0
tcr_arith/sd_o + tpr_shift/sd_o,0,30,0.0,0.0
tcr_branch/sd_o + tpr_shift/sd_o,0,30,0.0,0.0
tcr_jump/sd_o + tpr_shift/sd_o,0,30,0.0,0.0
tcr_shift/sd_o + tpr_shift/sd_o,0,30,0.0,0.0
tcr_comparison/sd_o + tpr_shift/sd_o,0,30,0.0,0.0
tcr_logical/sd_o + tpr_shift/sd_o,0,30,0.0,0.0
tcr_load_store/sd_o + tpr_shift/sd_o,0,30,0.0,0.0
tcr_execute/sd_o + tpr_shift/sd_o,0,30,0.0,0.0
data_we_q_tag/sd_o + tpr_shift/sd_o,0,30,0.0,0.0
rdata_offset_q_tag/sd_o + tpr_shift/sd_o,0,30,0.0,0.0
data_type_q_tag/sd_o + tpr_shift/sd_o,0,30,0.0,0.0
rdata_q_tag/sd_o + tpr_shift/sd_o,0,30,0.0,0.0
tpr_comparison/sd_o + tpr_logical/sd_o,0,30,0.0,0.0
tpr_comparison/sd_o + tpr_load_store_mode/sd_o,0,30,0.0,0.0
tpr_comparison/sd_o + tpr_load_store_enable/sd_o,0,30,0.0,0.0
tcr_arith/sd_o + tpr_comparison/sd_o,0,30,0.0,0.0
tcr_branch/sd_o + tpr_comparison/sd_o,0,30,0.0,0.0
tcr_jump/sd_o + tpr_comparison/sd_o,0,30,0.0,0.0
tcr_shift/sd_o + tpr_comparison/sd_o,0,30,0.0,0.0
tcr_comparison/sd_o + tpr_comparison/sd_o,0,30,0.0,0.0
tcr_logical/sd_o + tpr_comparison/sd_o,0,30,0.0,0.0
tcr_load_store/sd_o + tpr_comparison/sd_o,0,30,0.0,0.0
tcr_execute/sd_o + tpr_comparison/sd_o,0,30,0.0,0.0
data_we_q_tag/sd_o + tpr_comparison/sd_o,0,30,0.0,0.0
rdata_offset_q_tag/sd_o + tpr_comparison/sd_o,0,30,0.0,0.0
data_type_q_tag/sd_o + tpr_comparison/sd_o,0,30,0.0,0.0
rdata_q_tag/sd_o + tpr_comparison/sd_o,0,30,0.0,0.0
tpr_load_store_mode/sd_o + tpr_logical/sd_o,0,30,0.0,0.0
tpr_load_store_enable/sd_o + tpr_logical/sd_o,0,30,0.0,0.0
tcr_arith/sd_o + tpr_logical/sd_o,0,30,0.0,0.0
tcr_branch/sd_o + tpr_logical/sd_o,0,30,0.0,0.0
tcr_jump/sd_o + tpr_logical/sd_o,0,30,0.0,0.0
tcr_shift/sd_o + tpr_logical/sd_o,0,30,0.0,0.0
tcr_comparison/sd_o + tpr_logical/sd_o,0,30,0.0,0.0
tcr_logical/sd_o + tpr_logical/sd_o,0,30,0.0,0.0
tcr_load_store/sd_o + tpr_logical/sd_o,0,30,0.0,0.0
tcr_execute/sd_o + tpr_logical/sd_o,0,30,0.0,0.0
data_we_q_tag/sd_o + tpr_logical/sd_o,0,30,0.0,0.0
rdata_offset_q_tag/sd_o + tpr_logical/sd_o,0,30,0.0,0.0
data_type_q_tag/sd_o + tpr_logical/sd_o,0,30,0.0,0.0
rdata_q_tag/sd_o + tpr_logical/sd_o,0,30,0.0,0.0
tpr_load_store_enable/sd_o + tpr_load_store_mode/sd_o,0,30,0.0,0.0
tcr_arith/sd_o + tpr_load_store_mode/sd_o,0,30,0.0,0.0
tcr_branch/sd_o + tpr_load_store_mode/sd_o,0,30,0.0,0.0
tcr_jump/sd_o + tpr_load_store_mode/sd_o,0,30,0.0,0.0
tcr_shift/sd_o + tpr_load_store_mode/sd_o,0,30,0.0,0.0
tcr_comparison/sd_o + tpr_load_store_mode/sd_o,0,30,0.0,0.0
tcr_logical/sd_o + tpr_load_store_mode/sd_o,0,30,0.0,0.0
tcr_load_store/sd_o + tpr_load_store_mode/sd_o,0,30,0.0,0.0
tcr_execute/sd_o + tpr_load_store_mode/sd_o,0,30,0.0,0.0
data_we_q_tag/sd_o + tpr_load_store_mode/sd_o,0,30,0.0,0.0
rdata_offset_q_tag/sd_o + tpr_load_store_mode/sd_o,0,30,0.0,0.0
data_type_q_tag/sd_o + tpr_load_store_mode/sd_o,0,30,0.0,0.0
rdata_q_tag/sd_o + tpr_load_store_mode/sd_o,0,30,0.0,0.0
tcr_arith/sd_o + tpr_load_store_enable/sd_o,0,30,0.0,0.0
tcr_branch/sd_o + tpr_load_store_enable/sd_o,0,30,0.0,0.0
tcr_jump/sd_o + tpr_load_store_enable/sd_o,0,30,0.0,0.0
tcr_shift/sd_o + tpr_load_store_enable/sd_o,0,30,0.0,0.0
tcr_comparison/sd_o + tpr_load_store_enable/sd_o,0,30,0.0,0.0
tcr_logical/sd_o + tpr_load_store_enable/sd_o,0,30,0.0,0.0
tcr_load_store/sd_o + tpr_load_store_enable/sd_o,0,30,0.0,0.0
tcr_execute/sd_o + tpr_load_store_enable/sd_o,0,30,0.0,0.0
data_we_q_tag/sd_o + tpr_load_store_enable/sd_o,0,30,0.0,0.0
rdata_offset_q_tag/sd_o + tpr_load_store_enable/sd_o,0,30,0.0,0.0
data_type_q_tag/sd_o + tpr_load_store_enable/sd_o,0,30,0.0,0.0
rdata_q_tag/sd_o + tpr_load_store_enable/sd_o,0,30,0.0,0.0
tcr_arith/sd_o + tcr_branch/sd_o,0,30,0.0,0.0
tcr_arith/sd_o + tcr_jump/sd_o,0,30,0.0,0.0
tcr_arith/sd_o + tcr_shift/sd_o,0,30,0.0,0.0
tcr_arith/sd_o + tcr_comparison/sd_o,0,30,0.0,0.0
tcr_arith/sd_o + tcr_logical/sd_o,0,30,0.0,0.0
tcr_arith/sd_o + tcr_load_store/sd_o,0,30,0.0,0.0
tcr_arith/sd_o + tcr_execute/sd_o,0,30,0.0,0.0
data_we_q_tag/sd_o + tcr_arith/sd_o,0,30,0.0,0.0
rdata_offset_q_tag/sd_o + tcr_arith/sd_o,0,30,0.0,0.0
data_type_q_tag/sd_o + tcr_arith/sd_o,0,30,0.0,0.0
rdata_q_tag/sd_o + tcr_arith/sd_o,0,30,0.0,0.0
tcr_branch/sd_o + tcr_jump/sd_o,0,30,0.0,0.0
tcr_branch/sd_o + tcr_shift/sd_o,0,30,0.0,0.0
tcr_branch/sd_o + tcr_comparison/sd_o,0,30,0.0,0.0
tcr_branch/sd_o + tcr_logical/sd_o,0,30,0.0,0.0
tcr_branch/sd_o + tcr_load_store/sd_o,0,30,0.0,0.0
tcr_branch/sd_o + tcr_execute/sd_o,0,30,0.0,0.0
data_we_q_tag/sd_o + tcr_branch/sd_o,0,30,0.0,0.0
rdata_offset_q_tag/sd_o + tcr_branch/sd_o,0,30,0.0,0.0
data_type_q_tag/sd_o + tcr_branch/sd_o,0,30,0.0,0.0
rdata_q_tag/sd_o + tcr_branch/sd_o,0,30,0.0,0.0
tcr_jump/sd_o + tcr_shift/sd_o,0,30,0.0,0.0
tcr_comparison/sd_o + tcr_jump/sd_o,0,30,0.0,0.0
tcr_jump/sd_o + tcr_logical/sd_o,0,30,0.0,0.0
tcr_jump/sd_o + tcr_load_store/sd_o,0,30,0.0,0.0
tcr_execute/sd_o + tcr_jump/sd_o,0,30,0.0,0.0
data_we_q_tag/sd_o + tcr_jump/sd_o,0,30,0.0,0.0
rdata_offset_q_tag/sd_o + tcr_jump/sd_o,0,30,0.0,0.0
data_type_q_tag/sd_o + tcr_jump/sd_o,0,30,0.0,0.0
rdata_q_tag/sd_o + tcr_jump/sd_o,0,30,0.0,0.0
tcr_comparison/sd_o + tcr_shift/sd_o,0,30,0.0,0.0
tcr_logical/sd_o + tcr_shift/sd_o,0,30,0.0,0.0
tcr_load_store/sd_o + tcr_shift/sd_o,0,30,0.0,0.0
tcr_execute/sd_o + tcr_shift/sd_o,0,30,0.0,0.0
data_we_q_tag/sd_o + tcr_shift/sd_o,0,30,0.0,0.0
rdata_offset_q_tag/sd_o + tcr_shift/sd_o,0,30,0.0,0.0
data_type_q_tag/sd_o + tcr_shift/sd_o,0,30,0.0,0.0
rdata_q_tag/sd_o + tcr_shift/sd_o,0,30,0.0,0.0
tcr_comparison/sd_o + tcr_logical/sd_o,0,30,0.0,0.0
tcr_comparison/sd_o + tcr_load_store/sd_o,0,30,0.0,0.0
tcr_comparison/sd_o + tcr_execute/sd_o,0,30,0.0,0.0
data_we_q_tag/sd_o + tcr_comparison/sd_o,0,30,0.0,0.0
rdata_offset_q_tag/sd_o + tcr_comparison/sd_o,0,30,0.0,0.0
data_type_q_tag/sd_o + tcr_comparison/sd_o,0,30,0.0,0.0
rdata_q_tag/sd_o + tcr_comparison/sd_o,0,30,0.0,0.0
tcr_load_store/sd_o + tcr_logical/sd_o,0,30,0.0,0.0
tcr_execute/sd_o + tcr_logical/sd_o,0,30,0.0,0.0
data_we_q_tag/sd_o + tcr_logical/sd_o,0,30,0.0,0.0
rdata_offset_q_tag/sd_o + tcr_logical/sd_o,0,30,0.0,0.0
data_type_q_tag/sd_o + tcr_logical/sd_o,0,30,0.0,0.0
rdata_q_tag/sd_o + tcr_logical/sd_o,0,30,0.0,0.0
tcr_execute/sd_o + tcr_load_store/sd_o,0,30,0.0,0.0
data_we_q_tag/sd_o + tcr_load_store/sd_o,0,30,0.0,0.0
rdata_offset_q_tag/sd_o + tcr_load_store/sd_o,0,30,0.0,0.0
data_type_q_tag/sd_o + tcr_load_store/sd_o,0,30,0.0,0.0
rdata_q_tag/sd_o + tcr_load_store/sd_o,0,30,0.0,0.0
data_we_q_tag/sd_o + tcr_execute/sd_o,0,30,0.0,0.0
rdata_offset_q_tag/sd_o + tcr_execute/sd_o,0,30,0.0,0.0
data_type_q_tag/sd_o + tcr_execute/sd_o,0,30,0.0,0.0
rdata_q_tag/sd_o + tcr_execute/sd_o,0,30,0.0,0.0
pc_if_o_tag + tpr_arith/sd_o,0,30,0.0,0.0
pc_if_o_tag + tpr_branch/sd_o,0,30,0.0,0.0
pc_if_o_tag + tpr_jump/sd_o,0,30,0.0,0.0
pc_if_o_tag + tpr_shift/sd_o,0,30,0.0,0.0
pc_if_o_tag + tpr_comparison/sd_o,0,30,0.0,0.0
pc_if_o_tag + tpr_logical/sd_o,0,30,0.0,0.0
pc_if_o_tag + tpr_load_store_mode/sd_o,0,30,0.0,0.0
pc_if_o_tag + tpr_load_store_enable/sd_o,0,30,0.0,0.0
pc_if_o_tag + tcr_arith/sd_o,0,30,0.0,0.0
pc_if_o_tag + tcr_branch/sd_o,0,30,0.0,0.0
pc_if_o_tag + tcr_jump/sd_o,0,30,0.0,0.0
pc_if_o_tag + tcr_shift/sd_o,0,30,0.0,0.0
pc_if_o_tag + tcr_comparison/sd_o,0,30,0.0,0.0
pc_if_o_tag + tcr_logical/sd_o,0,30,0.0,0.0
pc_if_o_tag + tcr_load_store/sd_o,0,30,0.0,0.0
alu_operand_a_ex_o_tag + id_group0/sd_o,0,30,0.0,0.0
alu_operand_a_ex_o_tag + id_group1/sd_o,0,30,0.0,0.0
alu_operand_a_ex_o_tag + id_group2/sd_o,0,30,0.0,0.0
alu_operand_a_ex_o_tag + id_group3/sd_o,0,30,0.0,0.0
alu_operand_a_ex_o_tag + id_group4/sd_o,0,30,0.0,0.0
alu_operand_a_ex_o_tag + id_group5/sd_o,0,30,0.0,0.0
alu_operand_a_ex_o_tag + id_group6/sd_o,0,30,0.0,0.0
alu_operand_a_ex_o_tag + id_group7/sd_o,0,30,0.0,0.0
alu_operand_a_ex_o_tag + id_group8/sd_o,0,30,0.0,0.0
alu_operand_a_ex_o_tag + id_group9/sd_o,0,30,0.0,0.0
id_group0/sd_o + register_set_o_tag,0,30,0.0,0.0
id_group1/sd_o + register_set_o_tag,0,30,0.0,0.0
id_group2/sd_o + register_set_o_tag,0,30,0.0,0.0
id_group3/sd_o + register_set_o_tag,0,30,0.0,0.0
id_group4/sd_o + register_set_o_tag,0,30,0.0,0.0
id_group5/sd_o + register_set_o_tag,0,30,0.0,0.0
id_group6/sd_o + register_set_o_tag,0,30,0.0,0.0
id_group7/sd_o + register_set_o_tag,0,30,0.0,0.0
id_group8/sd_o + register_set_o_tag,0,30,0.0,0.0
id_group9/sd_o + register_set_o_tag,0,30,0.0,0.0
csr_group0/sd_o + register_set_o_tag,0,30,0.0,0.0
csr_group1/sd_o + register_set_o_tag,0,30,0.0,0.0
csr_group2/sd_o + register_set_o_tag,0,30,0.0,0.0
csr_group3/sd_o + register_set_o_tag,0,30,0.0,0.0
csr_group4/sd_o + register_set_o_tag,0,30,0.0,0.0
csr_group5/sd_o + register_set_o_tag,0,30,0.0,0.0
csr_group6/sd_o + register_set_o_tag,0,30,0.0,0.0
csr_group7/sd_o + register_set_o_tag,0,30,0.0,0.0
csr_group8/sd_o + register_set_o_tag,0,30,0.0,0.0
csr_group9/sd_o + register_set_o_tag,0,30,0.0,0.0
csr_group10/sd_o + register_set_o_tag,0,30,0.0,0.0
csr_group11/sd_o + register_set_o_tag,0,30,0.0,0.0
csr_group12/sd_o + register_set_o_tag,0,30,0.0,0.0
csr_group13/sd_o + register_set_o_tag,0,30,0.0,0.0
csr_group14/sd_o + register_set_o_tag,0,30,0.0,0.0
csr_group15/sd_o + register_set_o_tag,0,30,0.0,0.0
csr_group16/sd_o + register_set_o_tag,0,30,0.0,0.0
csr_group17/sd_o + register_set_o_tag,0,30,0.0,0.0
csr_group18/sd_o + register_set_o_tag,0,30,0.0,0.0
csr_group19/sd_o + register_set_o_tag,0,30,0.0,0.0
csr_group20/sd_o + register_set_o_tag,0,30,0.0,0.0
lsu_group1/sd_o + register_set_o_tag,0,30,0.0,0.0
lsu_group2/sd_o + register_set_o_tag,0,30,0.0,0.0
lsu_group3/sd_o + register_set_o_tag,0,30,0.0,0.0
lsu_group4/sd_o + register_set_o_tag,0,30,0.0,0.0
lsu_group5/sd_o + register_set_o_tag,0,30,0.0,0.0
alu_operand_a_ex_o_tag + csr_group0/sd_o,0,30,0.0,0.0
alu_operand_a_ex_o_tag + csr_group1/sd_o,0,30,0.0,0.0
alu_operand_a_ex_o_tag + csr_group2/sd_o,0,30,0.0,0.0
alu_operand_a_ex_o_tag + csr_group3/sd_o,0,30,0.0,0.0
alu_operand_a_ex_o_tag + csr_group4/sd_o,0,30,0.0,0.0
alu_operand_a_ex_o_tag + csr_group5/sd_o,0,30,0.0,0.0
alu_operand_a_ex_o_tag + csr_group6/sd_o,0,30,0.0,0.0
alu_operand_a_ex_o_tag + csr_group7/sd_o,0,30,0.0,0.0
alu_operand_a_ex_o_tag + csr_group8/sd_o,0,30,0.0,0.0
alu_operand_a_ex_o_tag + csr_group9/sd_o,0,30,0.0,0.0
alu_operand_a_ex_o_tag + csr_group10/sd_o,0,30,0.0,0.0
id_group0/sd_o + store_dest_addr_ex_o_tag,0,30,0.0,0.0
id_group1/sd_o + store_dest_addr_ex_o_tag,0,30,0.0,0.0
id_group2/sd_o + store_dest_addr_ex_o_tag,0,30,0.0,0.0
id_group3/sd_o + store_dest_addr_ex_o_tag,0,30,0.0,0.0
id_group4/sd_o + store_dest_addr_ex_o_tag,0,30,0.0,0.0
id_group5/sd_o + store_dest_addr_ex_o_tag,0,30,0.0,0.0
id_group6/sd_o + store_dest_addr_ex_o_tag,0,30,0.0,0.0
id_group7/sd_o + store_dest_addr_ex_o_tag,0,30,0.0,0.0
id_group8/sd_o + store_dest_addr_ex_o_tag,0,30,0.0,0.0
id_group9/sd_o + store_dest_addr_ex_o_tag,0,30,0.0,0.0
csr_group0/sd_o + store_dest_addr_ex_o_tag,0,30,0.0,0.0
csr_group1/sd_o + store_dest_addr_ex_o_tag,0,30,0.0,0.0
csr_group2/sd_o + store_dest_addr_ex_o_tag,0,30,0.0,0.0
csr_group3/sd_o + store_dest_addr_ex_o_tag,0,30,0.0,0.0
csr_group4/sd_o + store_dest_addr_ex_o_tag,0,30,0.0,0.0
csr_group5/sd_o + store_dest_addr_ex_o_tag,0,30,0.0,0.0
csr_group6/sd_o + store_dest_addr_ex_o_tag,0,30,0.0,0.0
csr_group7/sd_o + store_dest_addr_ex_o_tag,0,30,0.0,0.0
csr_group8/sd_o + store_dest_addr_ex_o_tag,0,30,0.0,0.0
csr_group9/sd_o + store_dest_addr_ex_o_tag,0,30,0.0,0.0
csr_group10/sd_o + store_dest_addr_ex_o_tag,0,30,0.0,0.0
csr_group11/sd_o + store_dest_addr_ex_o_tag,0,30,0.0,0.0
csr_group12/sd_o + store_dest_addr_ex_o_tag,0,30,0.0,0.0
csr_group13/sd_o + store_dest_addr_ex_o_tag,0,30,0.0,0.0
csr_group14/sd_o + store_dest_addr_ex_o_tag,0,30,0.0,0.0
csr_group15/sd_o + store_dest_addr_ex_o_tag,0,30,0.0,0.0
csr_group16/sd_o + store_dest_addr_ex_o_tag,0,30,0.0,0.0
csr_group17/sd_o + store_dest_addr_ex_o_tag,0,30,0.0,0.0
csr_group18/sd_o + store_dest_addr_ex_o_tag,0,30,0.0,0.0
csr_group19/sd_o + store_dest_addr_ex_o_tag,0,30,0.0,0.0
csr_group20/sd_o + store_dest_addr_ex_o_tag,0,30,0.0,0.0
lsu_group1/sd_o + store_dest_addr_ex_o_tag,0,30,0.0,0.0
lsu_group2/sd_o + store_dest_addr_ex_o_tag,0,30,0.0,0.0
lsu_group3/sd_o + store_dest_addr_ex_o_tag,0,30,0.0,0.0
lsu_group4/sd_o + store_dest_addr_ex_o_tag,0,30,0.0,0.0
lsu_group5/sd_o + store_dest_addr_ex_o_tag,0,30,0.0,0.0
id_group0/sd_o + store_source_ex_o_tag,0,30,0.0,0.0
id_group1/sd_o + store_source_ex_o_tag,0,30,0.0,0.0
id_group2/sd_o + store_source_ex_o_tag,0,30,0.0,0.0
id_group3/sd_o + store_source_ex_o_tag,0,30,0.0,0.0
id_group4/sd_o + store_source_ex_o_tag,0,30,0.0,0.0
id_group5/sd_o + store_source_ex_o_tag,0,30,0.0,0.0
id_group6/sd_o + store_source_ex_o_tag,0,30,0.0,0.0
id_group7/sd_o + store_source_ex_o_tag,0,30,0.0,0.0
id_group8/sd_o + store_source_ex_o_tag,0,30,0.0,0.0
id_group9/sd_o + store_source_ex_o_tag,0,30,0.0,0.0
csr_group0/sd_o + store_source_ex_o_tag,0,30,0.0,0.0
csr_group1/sd_o + store_source_ex_o_tag,0,30,0.0,0.0
csr_group2/sd_o + store_source_ex_o_tag,0,30,0.0,0.0
csr_group3/sd_o + store_source_ex_o_tag,0,30,0.0,0.0
csr_group4/sd_o + store_source_ex_o_tag,0,30,0.0,0.0
csr_group5/sd_o + store_source_ex_o_tag,0,30,0.0,0.0
csr_group6/sd_o + store_source_ex_o_tag,0,30,0.0,0.0
csr_group7/sd_o + store_source_ex_o_tag,0,30,0.0,0.0
csr_group8/sd_o + store_source_ex_o_tag,0,30,0.0,0.0
csr_group9/sd_o + store_source_ex_o_tag,0,30,0.0,0.0
csr_group10/sd_o + store_source_ex_o_tag,0,30,0.0,0.0
csr_group11/sd_o + store_source_ex_o_tag,0,30,0.0,0.0
csr_group12/sd_o + store_source_ex_o_tag,0,30,0.0,0.0
csr_group13/sd_o + store_source_ex_o_tag,0,30,0.0,0.0
csr_group14/sd_o + store_source_ex_o_tag,0,30,0.0,0.0
csr_group15/sd_o + store_source_ex_o_tag,0,30,0.0,0.0
csr_group16/sd_o + store_source_ex_o_tag,0,30,0.0,0.0
csr_group17/sd_o + store_source_ex_o_tag,0,30,0.0,0.0
csr_group18/sd_o + store_source_ex_o_tag,0,30,0.0,0.0
csr_group19/sd_o + store_source_ex_o_tag,0,30,0.0,0.0
csr_group20/sd_o + store_source_ex_o_tag,0,30,0.0,0.0
lsu_group1/sd_o + store_source_ex_o_tag,0,30,0.0,0.0
lsu_group2/sd_o + store_source_ex_o_tag,0,30,0.0,0.0
lsu_group3/sd_o + store_source_ex_o_tag,0,30,0.0,0.0
lsu_group4/sd_o + store_source_ex_o_tag,0,30,0.0,0.0
lsu_group5/sd_o + store_source_ex_o_tag,0,30,0.0,0.0
id_group0/sd_o + use_store_ops_ex_o,0,30,0.0,0.0
id_group1/sd_o + use_store_ops_ex_o,0,30,0.0,0.0
id_group2/sd_o + use_store_ops_ex_o,0,30,0.0,0.0
id_group3/sd_o + use_store_ops_ex_o,0,30,0.0,0.0
id_group4/sd_o + use_store_ops_ex_o,0,30,0.0,0.0
id_group5/sd_o + use_store_ops_ex_o,0,30,0.0,0.0
id_group6/sd_o + use_store_ops_ex_o,0,30,0.0,0.0
id_group7/sd_o + use_store_ops_ex_o,0,30,0.0,0.0
id_group8/sd_o + use_store_ops_ex_o,0,30,0.0,0.0
id_group9/sd_o + use_store_ops_ex_o,0,30,0.0,0.0
csr_group0/sd_o + use_store_ops_ex_o,0,30,0.0,0.0
csr_group1/sd_o + use_store_ops_ex_o,0,30,0.0,0.0
csr_group2/sd_o + use_store_ops_ex_o,0,30,0.0,0.0
csr_group3/sd_o + use_store_ops_ex_o,0,30,0.0,0.0
csr_group4/sd_o + use_store_ops_ex_o,0,30,0.0,0.0
csr_group5/sd_o + use_store_ops_ex_o,0,30,0.0,0.0
csr_group6/sd_o + use_store_ops_ex_o,0,30,0.0,0.0
csr_group7/sd_o + use_store_ops_ex_o,0,30,0.0,0.0
csr_group8/sd_o + use_store_ops_ex_o,0,30,0.0,0.0
csr_group9/sd_o + use_store_ops_ex_o,0,30,0.0,0.0
alu_operand_a_ex_o_tag + csr_group11/sd_o,0,30,0.0,0.0
alu_operand_a_ex_o_tag + csr_group12/sd_o,0,30,0.0,0.0
alu_operand_a_ex_o_tag + csr_group13/sd_o,0,30,0.0,0.0
alu_operand_a_ex_o_tag + csr_group14/sd_o,0,30,0.0,0.0
alu_operand_a_ex_o_tag + csr_group15/sd_o,0,30,0.0,0.0
alu_operand_a_ex_o_tag + csr_group16/sd_o,0,30,0.0,0.0
alu_operand_a_ex_o_tag + csr_group17/sd_o,0,30,0.0,0.0
alu_operand_a_ex_o_tag + csr_group18/sd_o,0,30,0.0,0.0
alu_operand_a_ex_o_tag + csr_group19/sd_o,0,30,0.0,0.0
alu_operand_a_ex_o_tag + csr_group20/sd_o,0,30,0.0,0.0
alu_operand_a_ex_o_tag + lsu_group1/sd_o,0,30,0.0,0.0
alu_operand_a_ex_o_tag + lsu_group2/sd_o,0,30,0.0,0.0
alu_operand_a_ex_o_tag + lsu_group3/sd_o,0,30,0.0,0.0
alu_operand_a_ex_o_tag + lsu_group4/sd_o,0,30,0.0,0.0
csr_group10/sd_o + use_store_ops_ex_o,0,30,0.0,0.0
csr_group11/sd_o + use_store_ops_ex_o,0,30,0.0,0.0
csr_group12/sd_o + use_store_ops_ex_o,0,30,0.0,0.0
csr_group13/sd_o + use_store_ops_ex_o,0,30,0.0,0.0
csr_group14/sd_o + use_store_ops_ex_o,0,30,0.0,0.0
csr_group15/sd_o + use_store_ops_ex_o,0,30,0.0,0.0
csr_group16/sd_o + use_store_ops_ex_o,0,30,0.0,0.0
csr_group17/sd_o + use_store_ops_ex_o,0,30,0.0,0.0
csr_group18/sd_o + use_store_ops_ex_o,0,30,0.0,0.0
csr_group19/sd_o + use_store_ops_ex_o,0,30,0.0,0.0
csr_group20/sd_o + use_store_ops_ex_o,0,30,0.0,0.0
lsu_group1/sd_o + use_store_ops_ex_o,0,30,0.0,0.0
lsu_group2/sd_o + use_store_ops_ex_o,0,30,0.0,0.0
lsu_group3/sd_o + use_store_ops_ex_o,0,30,0.0,0.0
lsu_group4/sd_o + use_store_ops_ex_o,0,30,0.0,0.0
lsu_group5/sd_o + use_store_ops_ex_o,0,30,0.0,0.0
id_group0/sd_o + rf_reg[0],0,30,0.0,0.0
id_group1/sd_o + rf_reg[0],0,30,0.0,0.0
id_group2/sd_o + rf_reg[0],0,30,0.0,0.0
id_group3/sd_o + rf_reg[0],0,30,0.0,0.0
id_group4/sd_o + rf_reg[0],0,30,0.0,0.0
id_group5/sd_o + rf_reg[0],0,30,0.0,0.0
id_group6/sd_o + rf_reg[0],0,30,0.0,0.0
id_group7/sd_o + rf_reg[0],0,30,0.0,0.0
id_group8/sd_o + rf_reg[0],0,30,0.0,0.0
id_group9/sd_o + rf_reg[0],0,30,0.0,0.0
csr_group0/sd_o + rf_reg[0],0,30,0.0,0.0
csr_group1/sd_o + rf_reg[0],0,30,0.0,0.0
csr_group2/sd_o + rf_reg[0],0,30,0.0,0.0
csr_group3/sd_o + rf_reg[0],0,30,0.0,0.0
csr_group4/sd_o + rf_reg[0],0,30,0.0,0.0
csr_group5/sd_o + rf_reg[0],0,30,0.0,0.0
csr_group6/sd_o + rf_reg[0],0,30,0.0,0.0
csr_group7/sd_o + rf_reg[0],0,30,0.0,0.0
csr_group8/sd_o + rf_reg[0],0,30,0.0,0.0
csr_group9/sd_o + rf_reg[0],0,30,0.0,0.0
csr_group10/sd_o + rf_reg[0],0,30,0.0,0.0
csr_group11/sd_o + rf_reg[0],0,30,0.0,0.0
csr_group12/sd_o + rf_reg[0],0,30,0.0,0.0
csr_group13/sd_o + rf_reg[0],0,30,0.0,0.0
csr_group14/sd_o + rf_reg[0],0,30,0.0,0.0
csr_group15/sd_o + rf_reg[0],0,30,0.0,0.0
csr_group16/sd_o + rf_reg[0],0,30,0.0,0.0
csr_group17/sd_o + rf_reg[0],0,30,0.0,0.0
csr_group18/sd_o + rf_reg[0],0,30,0.0,0.0
csr_group19/sd_o + rf_reg[0],0,30,0.0,0.0
csr_group20/sd_o + rf_reg[0],0,30,0.0,0.0
lsu_group1/sd_o + rf_reg[0],0,30,0.0,0.0
lsu_group2/sd_o + rf_reg[0],0,30,0.0,0.0
lsu_group3/sd_o + rf_reg[0],0,30,0.0,0.0
lsu_group4/sd_o + rf_reg[0],0,30,0.0,0.0
lsu_group5/sd_o + rf_reg[0],0,30,0.0,0.0
id_group0/sd_o + rf_reg[1],0,30,0.0,0.0
id_group1/sd_o + rf_reg[1],0,30,0.0,0.0
id_group2/sd_o + rf_reg[1],0,30,0.0,0.0
id_group3/sd_o + rf_reg[1],0,30,0.0,0.0
id_group4/sd_o + rf_reg[1],0,30,0.0,0.0
id_group5/sd_o + rf_reg[1],0,30,0.0,0.0
id_group6/sd_o + rf_reg[1],0,30,0.0,0.0
id_group7/sd_o + rf_reg[1],0,30,0.0,0.0
id_group8/sd_o + rf_reg[1],0,30,0.0,0.0
id_group9/sd_o + rf_reg[1],0,30,0.0,0.0
csr_group0/sd_o + rf_reg[1],0,30,0.0,0.0
csr_group1/sd_o + rf_reg[1],0,30,0.0,0.0
csr_group2/sd_o + rf_reg[1],0,30,0.0,0.0
csr_group3/sd_o + rf_reg[1],0,30,0.0,0.0
csr_group4/sd_o + rf_reg[1],0,30,0.0,0.0
csr_group5/sd_o + rf_reg[1],0,30,0.0,0.0
csr_group6/sd_o + rf_reg[1],0,30,0.0,0.0
csr_group7/sd_o + rf_reg[1],0,30,0.0,0.0
csr_group8/sd_o + rf_reg[1],0,30,0.0,0.0
csr_group9/sd_o + rf_reg[1],0,30,0.0,0.0
csr_group10/sd_o + rf_reg[1],0,30,0.0,0.0
csr_group11/sd_o + rf_reg[1],0,30,0.0,0.0
csr_group12/sd_o + rf_reg[1],0,30,0.0,0.0
csr_group13/sd_o + rf_reg[1],0,30,0.0,0.0
csr_group14/sd_o + rf_reg[1],0,30,0.0,0.0
csr_group15/sd_o + rf_reg[1],0,30,0.0,0.0
csr_group16/sd_o + rf_reg[1],0,30,0.0,0.0
csr_group17/sd_o + rf_reg[1],0,30,0.0,0.0
csr_group18/sd_o + rf_reg[1],0,30,0.0,0.0
csr_group19/sd_o + rf_reg[1],0,30,0.0,0.0
csr_group20/sd_o + rf_reg[1],0,30,0.0,0.0
lsu_group1/sd_o + rf_reg[1],0,30,0.0,0.0
lsu_group2/sd_o + rf_reg[1],0,30,0.0,0.0
lsu_group3/sd_o + rf_reg[1],0,30,0.0,0.0
lsu_group4/sd_o + rf_reg[1],0,30,0.0,0.0
lsu_group5/sd_o + rf_reg[1],0,30,0.0,0.0
id_group0/sd_o + rf_reg[2],0,30,0.0,0.0
id_group1/sd_o + rf_reg[2],0,30,0.0,0.0
id_group2/sd_o + rf_reg[2],0,30,0.0,0.0
id_group3/sd_o + rf_reg[2],0,30,0.0,0.0
id_group4/sd_o + rf_reg[2],0,30,0.0,0.0
alu_operand_a_ex_o_tag + lsu_group5/sd_o,0,30,0.0,0.0
id_group5/sd_o + rf_reg[2],0,30,0.0,0.0
id_group6/sd_o + rf_reg[2],0,30,0.0,0.0
id_group7/sd_o + rf_reg[2],0,30,0.0,0.0
id_group8/sd_o + rf_reg[2],0,30,0.0,0.0
id_group9/sd_o + rf_reg[2],0,30,0.0,0.0
csr_group0/sd_o + rf_reg[2],0,30,0.0,0.0
csr_group1/sd_o + rf_reg[2],0,30,0.0,0.0
csr_group2/sd_o + rf_reg[2],0,30,0.0,0.0
csr_group3/sd_o + rf_reg[2],0,30,0.0,0.0
csr_group4/sd_o + rf_reg[2],0,30,0.0,0.0
csr_group5/sd_o + rf_reg[2],0,30,0.0,0.0
csr_group6/sd_o + rf_reg[2],0,30,0.0,0.0
csr_group7/sd_o + rf_reg[2],0,30,0.0,0.0
csr_group8/sd_o + rf_reg[2],0,30,0.0,0.0
csr_group9/sd_o + rf_reg[2],0,30,0.0,0.0
csr_group10/sd_o + rf_reg[2],0,30,0.0,0.0
csr_group11/sd_o + rf_reg[2],0,30,0.0,0.0
csr_group12/sd_o + rf_reg[2],0,30,0.0,0.0
csr_group13/sd_o + rf_reg[2],0,30,0.0,0.0
csr_group14/sd_o + rf_reg[2],0,30,0.0,0.0
csr_group15/sd_o + rf_reg[2],0,30,0.0,0.0
csr_group16/sd_o + rf_reg[2],0,30,0.0,0.0
csr_group17/sd_o + rf_reg[2],0,30,0.0,0.0
csr_group18/sd_o + rf_reg[2],0,30,0.0,0.0
csr_group19/sd_o + rf_reg[2],0,30,0.0,0.0
csr_group20/sd_o + rf_reg[2],0,30,0.0,0.0
lsu_group1/sd_o + rf_reg[2],0,30,0.0,0.0
lsu_group2/sd_o + rf_reg[2],0,30,0.0,0.0
lsu_group3/sd_o + rf_reg[2],0,30,0.0,0.0
lsu_group4/sd_o + rf_reg[2],0,30,0.0,0.0
lsu_group5/sd_o + rf_reg[2],0,30,0.0,0.0
id_group0/sd_o + rf_reg[3],0,30,0.0,0.0
id_group1/sd_o + rf_reg[3],0,30,0.0,0.0
id_group2/sd_o + rf_reg[3],0,30,0.0,0.0
id_group3/sd_o + rf_reg[3],0,30,0.0,0.0
id_group4/sd_o + rf_reg[3],0,30,0.0,0.0
id_group5/sd_o + rf_reg[3],0,30,0.0,0.0
id_group6/sd_o + rf_reg[3],0,30,0.0,0.0
id_group7/sd_o + rf_reg[3],0,30,0.0,0.0
id_group8/sd_o + rf_reg[3],0,30,0.0,0.0
id_group9/sd_o + rf_reg[3],0,30,0.0,0.0
csr_group0/sd_o + rf_reg[3],0,30,0.0,0.0
csr_group1/sd_o + rf_reg[3],0,30,0.0,0.0
csr_group2/sd_o + rf_reg[3],0,30,0.0,0.0
csr_group3/sd_o + rf_reg[3],0,30,0.0,0.0
csr_group4/sd_o + rf_reg[3],0,30,0.0,0.0
csr_group5/sd_o + rf_reg[3],0,30,0.0,0.0
csr_group6/sd_o + rf_reg[3],0,30,0.0,0.0
csr_group7/sd_o + rf_reg[3],0,30,0.0,0.0
csr_group8/sd_o + rf_reg[3],0,30,0.0,0.0
csr_group9/sd_o + rf_reg[3],0,30,0.0,0.0
csr_group10/sd_o + rf_reg[3],0,30,0.0,0.0
csr_group11/sd_o + rf_reg[3],0,30,0.0,0.0
csr_group12/sd_o + rf_reg[3],0,30,0.0,0.0
csr_group13/sd_o + rf_reg[3],0,30,0.0,0.0
csr_group14/sd_o + rf_reg[3],0,30,0.0,0.0
csr_group15/sd_o + rf_reg[3],0,30,0.0,0.0
csr_group16/sd_o + rf_reg[3],0,30,0.0,0.0
csr_group17/sd_o + rf_reg[3],0,30,0.0,0.0
csr_group18/sd_o + rf_reg[3],0,30,0.0,0.0
csr_group19/sd_o + rf_reg[3],0,30,0.0,0.0
csr_group20/sd_o + rf_reg[3],0,30,0.0,0.0
lsu_group1/sd_o + rf_reg[3],0,30,0.0,0.0
lsu_group2/sd_o + rf_reg[3],0,30,0.0,0.0
lsu_group3/sd_o + rf_reg[3],0,30,0.0,0.0
lsu_group4/sd_o + rf_reg[3],0,30,0.0,0.0
lsu_group5/sd_o + rf_reg[3],0,30,0.0,0.0
id_group0/sd_o + rf_reg[4],0,30,0.0,0.0
id_group1/sd_o + rf_reg[4],0,30,0.0,0.0
id_group2/sd_o + rf_reg[4],0,30,0.0,0.0
id_group3/sd_o + rf_reg[4],0,30,0.0,0.0
id_group4/sd_o + rf_reg[4],0,30,0.0,0.0
id_group5/sd_o + rf_reg[4],0,30,0.0,0.0
id_group6/sd_o + rf_reg[4],0,30,0.0,0.0
id_group7/sd_o + rf_reg[4],0,30,0.0,0.0
id_group8/sd_o + rf_reg[4],0,30,0.0,0.0
id_group9/sd_o + rf_reg[4],0,30,0.0,0.0
csr_group0/sd_o + rf_reg[4],0,30,0.0,0.0
csr_group1/sd_o + rf_reg[4],0,30,0.0,0.0
csr_group2/sd_o + rf_reg[4],0,30,0.0,0.0
csr_group3/sd_o + rf_reg[4],0,30,0.0,0.0
csr_group4/sd_o + rf_reg[4],0,30,0.0,0.0
csr_group5/sd_o + rf_reg[4],0,30,0.0,0.0
csr_group6/sd_o + rf_reg[4],0,30,0.0,0.0
csr_group7/sd_o + rf_reg[4],0,30,0.0,0.0
csr_group8/sd_o + rf_reg[4],0,30,0.0,0.0
csr_group9/sd_o + rf_reg[4],0,30,0.0,0.0
csr_group10/sd_o + rf_reg[4],0,30,0.0,0.0
csr_group11/sd_o + rf_reg[4],0,30,0.0,0.0
csr_group12/sd_o + rf_reg[4],0,30,0.0,0.0
csr_group13/sd_o + rf_reg[4],0,30,0.0,0.0
csr_group14/sd_o + rf_reg[4],0,30,0.0,0.0
csr_group15/sd_o + rf_reg[4],0,30,0.0,0.0
csr_group16/sd_o + rf_reg[4],0,30,0.0,0.0
csr_group17/sd_o + rf_reg[4],0,30,0.0,0.0
csr_group18/sd_o + rf_reg[4],0,30,0.0,0.0
csr_group19/sd_o + rf_reg[4],0,30,0.0,0.0
csr_group20/sd_o + rf_reg[4],0,30,0.0,0.0
alu_operand_b_ex_o_tag + id_group0/sd_o,0,30,0.0,0.0
alu_operand_b_ex_o_tag + id_group1/sd_o,0,30,0.0,0.0
alu_operand_b_ex_o_tag + id_group2/sd_o,0,30,0.0,0.0
alu_operand_b_ex_o_tag + id_group3/sd_o,0,30,0.0,0.0
alu_operand_b_ex_o_tag + id_group4/sd_o,0,30,0.0,0.0
alu_operand_b_ex_o_tag + id_group5/sd_o,0,30,0.0,0.0
alu_operand_b_ex_o_tag + id_group6/sd_o,0,30,0.0,0.0
alu_operand_b_ex_o_tag + id_group7/sd_o,0,30,0.0,0.0
alu_operand_b_ex_o_tag + id_group8/sd_o,0,30,0.0,0.0
alu_operand_b_ex_o_tag + id_group9/sd_o,0,30,0.0,0.0
lsu_group1/sd_o + rf_reg[4],0,30,0.0,0.0
lsu_group2/sd_o + rf_reg[4],0,30,0.0,0.0
lsu_group3/sd_o + rf_reg[4],0,30,0.0,0.0
lsu_group4/sd_o + rf_reg[4],0,30,0.0,0.0
lsu_group5/sd_o + rf_reg[4],0,30,0.0,0.0
id_group0/sd_o + rf_reg[5],0,30,0.0,0.0
id_group1/sd_o + rf_reg[5],0,30,0.0,0.0
id_group2/sd_o + rf_reg[5],0,30,0.0,0.0
id_group3/sd_o + rf_reg[5],0,30,0.0,0.0
id_group4/sd_o + rf_reg[5],0,30,0.0,0.0
id_group5/sd_o + rf_reg[5],0,30,0.0,0.0
id_group6/sd_o + rf_reg[5],0,30,0.0,0.0
id_group7/sd_o + rf_reg[5],0,30,0.0,0.0
id_group8/sd_o + rf_reg[5],0,30,0.0,0.0
id_group9/sd_o + rf_reg[5],0,30,0.0,0.0
csr_group0/sd_o + rf_reg[5],0,30,0.0,0.0
csr_group1/sd_o + rf_reg[5],0,30,0.0,0.0
csr_group2/sd_o + rf_reg[5],0,30,0.0,0.0
csr_group3/sd_o + rf_reg[5],0,30,0.0,0.0
csr_group4/sd_o + rf_reg[5],0,30,0.0,0.0
csr_group5/sd_o + rf_reg[5],0,30,0.0,0.0
csr_group6/sd_o + rf_reg[5],0,30,0.0,0.0
csr_group7/sd_o + rf_reg[5],0,30,0.0,0.0
csr_group8/sd_o + rf_reg[5],0,30,0.0,0.0
csr_group9/sd_o + rf_reg[5],0,30,0.0,0.0
csr_group10/sd_o + rf_reg[5],0,30,0.0,0.0
csr_group11/sd_o + rf_reg[5],0,30,0.0,0.0
csr_group12/sd_o + rf_reg[5],0,30,0.0,0.0
csr_group13/sd_o + rf_reg[5],0,30,0.0,0.0
csr_group14/sd_o + rf_reg[5],0,30,0.0,0.0
csr_group15/sd_o + rf_reg[5],0,30,0.0,0.0
csr_group16/sd_o + rf_reg[5],0,30,0.0,0.0
csr_group17/sd_o + rf_reg[5],0,30,0.0,0.0
csr_group18/sd_o + rf_reg[5],0,30,0.0,0.0
csr_group19/sd_o + rf_reg[5],0,30,0.0,0.0
csr_group20/sd_o + rf_reg[5],0,30,0.0,0.0
lsu_group1/sd_o + rf_reg[5],0,30,0.0,0.0
lsu_group2/sd_o + rf_reg[5],0,30,0.0,0.0
lsu_group3/sd_o + rf_reg[5],0,30,0.0,0.0
lsu_group4/sd_o + rf_reg[5],0,30,0.0,0.0
lsu_group5/sd_o + rf_reg[5],0,30,0.0,0.0
id_group0/sd_o + rf_reg[6],0,30,0.0,0.0
id_group1/sd_o + rf_reg[6],0,30,0.0,0.0
id_group2/sd_o + rf_reg[6],0,30,0.0,0.0
id_group3/sd_o + rf_reg[6],0,30,0.0,0.0
id_group4/sd_o + rf_reg[6],0,30,0.0,0.0
id_group5/sd_o + rf_reg[6],0,30,0.0,0.0
id_group6/sd_o + rf_reg[6],0,30,0.0,0.0
id_group7/sd_o + rf_reg[6],0,30,0.0,0.0
id_group8/sd_o + rf_reg[6],0,30,0.0,0.0
id_group9/sd_o + rf_reg[6],0,30,0.0,0.0
csr_group0/sd_o + rf_reg[6],0,30,0.0,0.0
csr_group1/sd_o + rf_reg[6],0,30,0.0,0.0
csr_group2/sd_o + rf_reg[6],0,30,0.0,0.0
csr_group3/sd_o + rf_reg[6],0,30,0.0,0.0
csr_group4/sd_o + rf_reg[6],0,30,0.0,0.0
csr_group5/sd_o + rf_reg[6],0,30,0.0,0.0
csr_group6/sd_o + rf_reg[6],0,30,0.0,0.0
csr_group7/sd_o + rf_reg[6],0,30,0.0,0.0
csr_group8/sd_o + rf_reg[6],0,30,0.0,0.0
csr_group9/sd_o + rf_reg[6],0,30,0.0,0.0
csr_group10/sd_o + rf_reg[6],0,30,0.0,0.0
csr_group11/sd_o + rf_reg[6],0,30,0.0,0.0
csr_group12/sd_o + rf_reg[6],0,30,0.0,0.0
csr_group13/sd_o + rf_reg[6],0,30,0.0,0.0
csr_group14/sd_o + rf_reg[6],0,30,0.0,0.0
csr_group15/sd_o + rf_reg[6],0,30,0.0,0.0
csr_group16/sd_o + rf_reg[6],0,30,0.0,0.0
csr_group17/sd_o + rf_reg[6],0,30,0.0,0.0
csr_group18/sd_o + rf_reg[6],0,30,0.0,0.0
csr_group19/sd_o + rf_reg[6],0,30,0.0,0.0
csr_group20/sd_o + rf_reg[6],0,30,0.0,0.0
lsu_group1/sd_o + rf_reg[6],0,30,0.0,0.0
lsu_group2/sd_o + rf_reg[6],0,30,0.0,0.0
lsu_group3/sd_o + rf_reg[6],0,30,0.0,0.0
lsu_group4/sd_o + rf_reg[6],0,30,0.0,0.0
lsu_group5/sd_o + rf_reg[6],0,30,0.0,0.0
id_group0/sd_o + rf_reg[7],0,30,0.0,0.0
id_group1/sd_o + rf_reg[7],0,30,0.0,0.0
id_group2/sd_o + rf_reg[7],0,30,0.0,0.0
id_group3/sd_o + rf_reg[7],0,30,0.0,0.0
id_group4/sd_o + rf_reg[7],0,30,0.0,0.0
id_group5/sd_o + rf_reg[7],0,30,0.0,0.0
id_group6/sd_o + rf_reg[7],0,30,0.0,0.0
id_group7/sd_o + rf_reg[7],0,30,0.0,0.0
id_group8/sd_o + rf_reg[7],0,30,0.0,0.0
id_group9/sd_o + rf_reg[7],0,30,0.0,0.0
csr_group0/sd_o + rf_reg[7],0,30,0.0,0.0
csr_group1/sd_o + rf_reg[7],0,30,0.0,0.0
alu_operand_b_ex_o_tag + csr_group0/sd_o,0,30,0.0,0.0
alu_operand_b_ex_o_tag + csr_group1/sd_o,0,30,0.0,0.0
alu_operand_b_ex_o_tag + csr_group2/sd_o,0,30,0.0,0.0
alu_operand_b_ex_o_tag + csr_group3/sd_o,0,30,0.0,0.0
alu_operand_b_ex_o_tag + csr_group4/sd_o,0,30,0.0,0.0
alu_operand_b_ex_o_tag + csr_group5/sd_o,0,30,0.0,0.0
alu_operand_b_ex_o_tag + csr_group6/sd_o,0,30,0.0,0.0
csr_group2/sd_o + rf_reg[7],0,30,0.0,0.0
csr_group3/sd_o + rf_reg[7],0,30,0.0,0.0
csr_group4/sd_o + rf_reg[7],0,30,0.0,0.0
csr_group5/sd_o + rf_reg[7],0,30,0.0,0.0
csr_group6/sd_o + rf_reg[7],0,30,0.0,0.0
csr_group7/sd_o + rf_reg[7],0,30,0.0,0.0
csr_group8/sd_o + rf_reg[7],0,30,0.0,0.0
csr_group9/sd_o + rf_reg[7],0,30,0.0,0.0
csr_group10/sd_o + rf_reg[7],0,30,0.0,0.0
csr_group11/sd_o + rf_reg[7],0,30,0.0,0.0
csr_group12/sd_o + rf_reg[7],0,30,0.0,0.0
csr_group13/sd_o + rf_reg[7],0,30,0.0,0.0
csr_group14/sd_o + rf_reg[7],0,30,0.0,0.0
csr_group15/sd_o + rf_reg[7],0,30,0.0,0.0
csr_group16/sd_o + rf_reg[7],0,30,0.0,0.0
csr_group17/sd_o + rf_reg[7],0,30,0.0,0.0
csr_group18/sd_o + rf_reg[7],0,30,0.0,0.0
csr_group19/sd_o + rf_reg[7],0,30,0.0,0.0
csr_group20/sd_o + rf_reg[7],0,30,0.0,0.0
lsu_group1/sd_o + rf_reg[7],0,30,0.0,0.0
lsu_group2/sd_o + rf_reg[7],0,30,0.0,0.0
lsu_group3/sd_o + rf_reg[7],0,30,0.0,0.0
lsu_group4/sd_o + rf_reg[7],0,30,0.0,0.0
lsu_group5/sd_o + rf_reg[7],0,30,0.0,0.0
id_group0/sd_o + rf_reg[8],0,30,0.0,0.0
id_group1/sd_o + rf_reg[8],0,30,0.0,0.0
id_group2/sd_o + rf_reg[8],0,30,0.0,0.0
id_group3/sd_o + rf_reg[8],0,30,0.0,0.0
id_group4/sd_o + rf_reg[8],0,30,0.0,0.0
id_group5/sd_o + rf_reg[8],0,30,0.0,0.0
id_group6/sd_o + rf_reg[8],0,30,0.0,0.0
id_group7/sd_o + rf_reg[8],0,30,0.0,0.0
id_group8/sd_o + rf_reg[8],0,30,0.0,0.0
id_group9/sd_o + rf_reg[8],0,30,0.0,0.0
csr_group0/sd_o + rf_reg[8],0,30,0.0,0.0
csr_group1/sd_o + rf_reg[8],0,30,0.0,0.0
csr_group2/sd_o + rf_reg[8],0,30,0.0,0.0
csr_group3/sd_o + rf_reg[8],0,30,0.0,0.0
csr_group4/sd_o + rf_reg[8],0,30,0.0,0.0
csr_group5/sd_o + rf_reg[8],0,30,0.0,0.0
csr_group6/sd_o + rf_reg[8],0,30,0.0,0.0
csr_group7/sd_o + rf_reg[8],0,30,0.0,0.0
csr_group8/sd_o + rf_reg[8],0,30,0.0,0.0
csr_group9/sd_o + rf_reg[8],0,30,0.0,0.0
csr_group10/sd_o + rf_reg[8],0,30,0.0,0.0
csr_group11/sd_o + rf_reg[8],0,30,0.0,0.0
csr_group12/sd_o + rf_reg[8],0,30,0.0,0.0
csr_group13/sd_o + rf_reg[8],0,30,0.0,0.0
csr_group14/sd_o + rf_reg[8],0,30,0.0,0.0
csr_group15/sd_o + rf_reg[8],0,30,0.0,0.0
csr_group16/sd_o + rf_reg[8],0,30,0.0,0.0
csr_group17/sd_o + rf_reg[8],0,30,0.0,0.0
csr_group18/sd_o + rf_reg[8],0,30,0.0,0.0
csr_group19/sd_o + rf_reg[8],0,30,0.0,0.0
csr_group20/sd_o + rf_reg[8],0,30,0.0,0.0
lsu_group1/sd_o + rf_reg[8],0,30,0.0,0.0
lsu_group2/sd_o + rf_reg[8],0,30,0.0,0.0
lsu_group3/sd_o + rf_reg[8],0,30,0.0,0.0
lsu_group4/sd_o + rf_reg[8],0,30,0.0,0.0
lsu_group5/sd_o + rf_reg[8],0,30,0.0,0.0
id_group0/sd_o + rf_reg[9],0,30,0.0,0.0
id_group1/sd_o + rf_reg[9],0,30,0.0,0.0
id_group2/sd_o + rf_reg[9],0,30,0.0,0.0
id_group3/sd_o + rf_reg[9],0,30,0.0,0.0
id_group4/sd_o + rf_reg[9],0,30,0.0,0.0
id_group5/sd_o + rf_reg[9],0,30,0.0,0.0
id_group6/sd_o + rf_reg[9],0,30,0.0,0.0
id_group7/sd_o + rf_reg[9],0,30,0.0,0.0
id_group8/sd_o + rf_reg[9],0,30,0.0,0.0
id_group9/sd_o + rf_reg[9],0,30,0.0,0.0
csr_group0/sd_o + rf_reg[9],0,30,0.0,0.0
csr_group1/sd_o + rf_reg[9],0,30,0.0,0.0
csr_group2/sd_o + rf_reg[9],0,30,0.0,0.0
csr_group3/sd_o + rf_reg[9],0,30,0.0,0.0
csr_group4/sd_o + rf_reg[9],0,30,0.0,0.0
csr_group5/sd_o + rf_reg[9],0,30,0.0,0.0
csr_group6/sd_o + rf_reg[9],0,30,0.0,0.0
csr_group7/sd_o + rf_reg[9],0,30,0.0,0.0
csr_group8/sd_o + rf_reg[9],0,30,0.0,0.0
csr_group9/sd_o + rf_reg[9],0,30,0.0,0.0
csr_group10/sd_o + rf_reg[9],0,30,0.0,0.0
csr_group11/sd_o + rf_reg[9],0,30,0.0,0.0
csr_group12/sd_o + rf_reg[9],0,30,0.0,0.0
csr_group13/sd_o + rf_reg[9],0,30,0.0,0.0
csr_group14/sd_o + rf_reg[9],0,30,0.0,0.0
csr_group15/sd_o + rf_reg[9],0,30,0.0,0.0
csr_group16/sd_o + rf_reg[9],0,30,0.0,0.0
csr_group17/sd_o + rf_reg[9],0,30,0.0,0.0
csr_group18/sd_o + rf_reg[9],0,30,0.0,0.0
csr_group19/sd_o + rf_reg[9],0,30,0.0,0.0
csr_group20/sd_o + rf_reg[9],0,30,0.0,0.0
lsu_group1/sd_o + rf_reg[9],0,30,0.0,0.0
lsu_group2/sd_o + rf_reg[9],0,30,0.0,0.0
lsu_group3/sd_o + rf_reg[9],0,30,0.0,0.0
lsu_group4/sd_o + rf_reg[9],0,30,0.0,0.0
lsu_group5/sd_o + rf_reg[9],0,30,0.0,0.0
id_group0/sd_o + rf_reg[10],0,30,0.0,0.0
id_group1/sd_o + rf_reg[10],0,30,0.0,0.0
id_group2/sd_o + rf_reg[10],0,30,0.0,0.0
alu_operand_b_ex_o_tag + csr_group7/sd_o,0,30,0.0,0.0
alu_operand_b_ex_o_tag + csr_group8/sd_o,0,30,0.0,0.0
alu_operand_b_ex_o_tag + csr_group9/sd_o,0,30,0.0,0.0
alu_operand_b_ex_o_tag + csr_group10/sd_o,0,30,0.0,0.0
alu_operand_b_ex_o_tag + csr_group11/sd_o,0,30,0.0,0.0
alu_operand_b_ex_o_tag + csr_group12/sd_o,0,30,0.0,0.0
alu_operand_b_ex_o_tag + csr_group13/sd_o,0,30,0.0,0.0
alu_operand_b_ex_o_tag + csr_group14/sd_o,0,30,0.0,0.0
alu_operand_b_ex_o_tag + csr_group15/sd_o,0,30,0.0,0.0
alu_operand_b_ex_o_tag + csr_group16/sd_o,0,30,0.0,0.0
alu_operand_b_ex_o_tag + csr_group17/sd_o,0,30,0.0,0.0
alu_operand_b_ex_o_tag + csr_group18/sd_o,0,30,0.0,0.0
alu_operand_b_ex_o_tag + csr_group19/sd_o,0,30,0.0,0.0
alu_operand_b_ex_o_tag + csr_group20/sd_o,0,30,0.0,0.0
id_group3/sd_o + rf_reg[10],0,30,0.0,0.0
id_group4/sd_o + rf_reg[10],0,30,0.0,0.0
id_group5/sd_o + rf_reg[10],0,30,0.0,0.0
id_group6/sd_o + rf_reg[10],0,30,0.0,0.0
id_group7/sd_o + rf_reg[10],0,30,0.0,0.0
id_group8/sd_o + rf_reg[10],0,30,0.0,0.0
id_group9/sd_o + rf_reg[10],0,30,0.0,0.0
csr_group0/sd_o + rf_reg[10],0,30,0.0,0.0
csr_group1/sd_o + rf_reg[10],0,30,0.0,0.0
csr_group2/sd_o + rf_reg[10],0,30,0.0,0.0
csr_group3/sd_o + rf_reg[10],0,30,0.0,0.0
csr_group4/sd_o + rf_reg[10],0,30,0.0,0.0
csr_group5/sd_o + rf_reg[10],0,30,0.0,0.0
csr_group6/sd_o + rf_reg[10],0,30,0.0,0.0
csr_group7/sd_o + rf_reg[10],0,30,0.0,0.0
csr_group8/sd_o + rf_reg[10],0,30,0.0,0.0
csr_group9/sd_o + rf_reg[10],0,30,0.0,0.0
csr_group10/sd_o + rf_reg[10],0,30,0.0,0.0
csr_group11/sd_o + rf_reg[10],0,30,0.0,0.0
csr_group12/sd_o + rf_reg[10],0,30,0.0,0.0
csr_group13/sd_o + rf_reg[10],0,30,0.0,0.0
csr_group14/sd_o + rf_reg[10],0,30,0.0,0.0
csr_group15/sd_o + rf_reg[10],0,30,0.0,0.0
csr_group16/sd_o + rf_reg[10],0,30,0.0,0.0
csr_group17/sd_o + rf_reg[10],0,30,0.0,0.0
csr_group18/sd_o + rf_reg[10],0,30,0.0,0.0
csr_group19/sd_o + rf_reg[10],0,30,0.0,0.0
csr_group20/sd_o + rf_reg[10],0,30,0.0,0.0
lsu_group1/sd_o + rf_reg[10],0,30,0.0,0.0
lsu_group2/sd_o + rf_reg[10],0,30,0.0,0.0
lsu_group3/sd_o + rf_reg[10],0,30,0.0,0.0
lsu_group4/sd_o + rf_reg[10],0,30,0.0,0.0
lsu_group5/sd_o + rf_reg[10],0,30,0.0,0.0
id_group0/sd_o + rf_reg[11],0,30,0.0,0.0
id_group1/sd_o + rf_reg[11],0,30,0.0,0.0
id_group2/sd_o + rf_reg[11],0,30,0.0,0.0
id_group3/sd_o + rf_reg[11],0,30,0.0,0.0
id_group4/sd_o + rf_reg[11],0,30,0.0,0.0
id_group5/sd_o + rf_reg[11],0,30,0.0,0.0
id_group6/sd_o + rf_reg[11],0,30,0.0,0.0
id_group7/sd_o + rf_reg[11],0,30,0.0,0.0
id_group8/sd_o + rf_reg[11],0,30,0.0,0.0
id_group9/sd_o + rf_reg[11],0,30,0.0,0.0
csr_group0/sd_o + rf_reg[11],0,30,0.0,0.0
csr_group1/sd_o + rf_reg[11],0,30,0.0,0.0
csr_group2/sd_o + rf_reg[11],0,30,0.0,0.0
csr_group3/sd_o + rf_reg[11],0,30,0.0,0.0
csr_group4/sd_o + rf_reg[11],0,30,0.0,0.0
csr_group5/sd_o + rf_reg[11],0,30,0.0,0.0
csr_group6/sd_o + rf_reg[11],0,30,0.0,0.0
csr_group7/sd_o + rf_reg[11],0,30,0.0,0.0
csr_group8/sd_o + rf_reg[11],0,30,0.0,0.0
csr_group9/sd_o + rf_reg[11],0,30,0.0,0.0
csr_group10/sd_o + rf_reg[11],0,30,0.0,0.0
csr_group11/sd_o + rf_reg[11],0,30,0.0,0.0
csr_group12/sd_o + rf_reg[11],0,30,0.0,0.0
csr_group13/sd_o + rf_reg[11],0,30,0.0,0.0
csr_group14/sd_o + rf_reg[11],0,30,0.0,0.0
csr_group15/sd_o + rf_reg[11],0,30,0.0,0.0
csr_group16/sd_o + rf_reg[11],0,30,0.0,0.0
csr_group17/sd_o + rf_reg[11],0,30,0.0,0.0
csr_group18/sd_o + rf_reg[11],0,30,0.0,0.0
csr_group19/sd_o + rf_reg[11],0,30,0.0,0.0
csr_group20/sd_o + rf_reg[11],0,30,0.0,0.0
lsu_group1/sd_o + rf_reg[11],0,30,0.0,0.0
lsu_group2/sd_o + rf_reg[11],0,30,0.0,0.0
lsu_group3/sd_o + rf_reg[11],0,30,0.0,0.0
lsu_group4/sd_o + rf_reg[11],0,30,0.0,0.0
lsu_group5/sd_o + rf_reg[11],0,30,0.0,0.0
id_group0/sd_o + rf_reg[12],0,30,0.0,0.0
id_group1/sd_o + rf_reg[12],0,30,0.0,0.0
id_group2/sd_o + rf_reg[12],0,30,0.0,0.0
id_group3/sd_o + rf_reg[12],0,30,0.0,0.0
id_group4/sd_o + rf_reg[12],0,30,0.0,0.0
id_group5/sd_o + rf_reg[12],0,30,0.0,0.0
id_group6/sd_o + rf_reg[12],0,30,0.0,0.0
id_group7/sd_o + rf_reg[12],0,30,0.0,0.0
id_group8/sd_o + rf_reg[12],0,30,0.0,0.0
id_group9/sd_o + rf_reg[12],0,30,0.0,0.0
csr_group0/sd_o + rf_reg[12],0,30,0.0,0.0
csr_group1/sd_o + rf_reg[12],0,30,0.0,0.0
csr_group2/sd_o + rf_reg[12],0,30,0.0,0.0
csr_group3/sd_o + rf_reg[12],0,30,0.0,0.0
csr_group4/sd_o + rf_reg[12],0,30,0.0,0.0
csr_group5/sd_o + rf_reg[12],0,30,0.0,0.0
csr_group6/sd_o + rf_reg[12],0,30,0.0,0.0
csr_group7/sd_o + rf_reg[12],0,30,0.0,0.0
csr_group8/sd_o + rf_reg[12],0,30,0.0,0.0
csr_group9/sd_o + rf_reg[12],0,30,0.0,0.0
csr_group10/sd_o + rf_reg[12],0,30,0.0,0.0
csr_group11/sd_o + rf_reg[12],0,30,0.0,0.0
csr_group12/sd_o + rf_reg[12],0,30,0.0,0.0
csr_group13/sd_o + rf_reg[12],0,30,0.0,0.0
csr_group14/sd_o + rf_reg[12],0,30,0.0,0.0
csr_group15/sd_o + rf_reg[12],0,30,0.0,0.0
csr_group16/sd_o + rf_reg[12],0,30,0.0,0.0
csr_group17/sd_o + rf_reg[12],0,30,0.0,0.0
csr_group18/sd_o + rf_reg[12],0,30,0.0,0.0
csr_group19/sd_o + rf_reg[12],0,30,0.0,0.0
csr_group20/sd_o + rf_reg[12],0,30,0.0,0.0
lsu_group1/sd_o + rf_reg[12],0,30,0.0,0.0
alu_operand_b_ex_o_tag + lsu_group1/sd_o,0,30,0.0,0.0
alu_operand_b_ex_o_tag + lsu_group2/sd_o,0,30,0.0,0.0
alu_operand_b_ex_o_tag + lsu_group3/sd_o,0,30,0.0,0.0
alu_operand_b_ex_o_tag + lsu_group4/sd_o,0,30,0.0,0.0
alu_operand_b_ex_o_tag + lsu_group5/sd_o,0,30,0.0,0.0
lsu_group2/sd_o + rf_reg[12],0,30,0.0,0.0
lsu_group3/sd_o + rf_reg[12],0,30,0.0,0.0
lsu_group4/sd_o + rf_reg[12],0,30,0.0,0.0
lsu_group5/sd_o + rf_reg[12],0,30,0.0,0.0
id_group0/sd_o + rf_reg[13],0,30,0.0,0.0
id_group1/sd_o + rf_reg[13],0,30,0.0,0.0
id_group2/sd_o + rf_reg[13],0,30,0.0,0.0
id_group3/sd_o + rf_reg[13],0,30,0.0,0.0
id_group4/sd_o + rf_reg[13],0,30,0.0,0.0
id_group5/sd_o + rf_reg[13],0,30,0.0,0.0
id_group6/sd_o + rf_reg[13],0,30,0.0,0.0
id_group7/sd_o + rf_reg[13],0,30,0.0,0.0
id_group8/sd_o + rf_reg[13],0,30,0.0,0.0
id_group9/sd_o + rf_reg[13],0,30,0.0,0.0
csr_group0/sd_o + rf_reg[13],0,30,0.0,0.0
csr_group1/sd_o + rf_reg[13],0,30,0.0,0.0
csr_group2/sd_o + rf_reg[13],0,30,0.0,0.0
csr_group3/sd_o + rf_reg[13],0,30,0.0,0.0
csr_group4/sd_o + rf_reg[13],0,30,0.0,0.0
csr_group5/sd_o + rf_reg[13],0,30,0.0,0.0
csr_group6/sd_o + rf_reg[13],0,30,0.0,0.0
csr_group7/sd_o + rf_reg[13],0,30,0.0,0.0
csr_group8/sd_o + rf_reg[13],0,30,0.0,0.0
csr_group9/sd_o + rf_reg[13],0,30,0.0,0.0
csr_group10/sd_o + rf_reg[13],0,30,0.0,0.0
csr_group11/sd_o + rf_reg[13],0,30,0.0,0.0
csr_group12/sd_o + rf_reg[13],0,30,0.0,0.0
csr_group13/sd_o + rf_reg[13],0,30,0.0,0.0
csr_group14/sd_o + rf_reg[13],0,30,0.0,0.0
csr_group15/sd_o + rf_reg[13],0,30,0.0,0.0
csr_group16/sd_o + rf_reg[13],0,30,0.0,0.0
csr_group17/sd_o + rf_reg[13],0,30,0.0,0.0
csr_group18/sd_o + rf_reg[13],0,30,0.0,0.0
csr_group19/sd_o + rf_reg[13],0,30,0.0,0.0
csr_group20/sd_o + rf_reg[13],0,30,0.0,0.0
lsu_group1/sd_o + rf_reg[13],0,30,0.0,0.0
lsu_group2/sd_o + rf_reg[13],0,30,0.0,0.0
lsu_group3/sd_o + rf_reg[13],0,30,0.0,0.0
lsu_group4/sd_o + rf_reg[13],0,30,0.0,0.0
lsu_group5/sd_o + rf_reg[13],0,30,0.0,0.0
id_group0/sd_o + rf_reg[14],0,30,0.0,0.0
id_group1/sd_o + rf_reg[14],0,30,0.0,0.0
id_group2/sd_o + rf_reg[14],0,30,0.0,0.0
id_group3/sd_o + rf_reg[14],0,30,0.0,0.0
id_group4/sd_o + rf_reg[14],0,30,0.0,0.0
id_group5/sd_o + rf_reg[14],0,30,0.0,0.0
id_group6/sd_o + rf_reg[14],0,30,0.0,0.0
id_group7/sd_o + rf_reg[14],0,30,0.0,0.0
id_group8/sd_o + rf_reg[14],0,30,0.0,0.0
id_group9/sd_o + rf_reg[14],0,30,0.0,0.0
csr_group0/sd_o + rf_reg[14],0,30,0.0,0.0
csr_group1/sd_o + rf_reg[14],0,30,0.0,0.0
csr_group2/sd_o + rf_reg[14],0,30,0.0,0.0
csr_group3/sd_o + rf_reg[14],0,30,0.0,0.0
csr_group4/sd_o + rf_reg[14],0,30,0.0,0.0
csr_group5/sd_o + rf_reg[14],0,30,0.0,0.0
csr_group6/sd_o + rf_reg[14],0,30,0.0,0.0
csr_group7/sd_o + rf_reg[14],0,30,0.0,0.0
csr_group8/sd_o + rf_reg[14],0,30,0.0,0.0
csr_group9/sd_o + rf_reg[14],0,30,0.0,0.0
csr_group10/sd_o + rf_reg[14],0,30,0.0,0.0
csr_group11/sd_o + rf_reg[14],0,30,0.0,0.0
csr_group12/sd_o + rf_reg[14],0,30,0.0,0.0
csr_group13/sd_o + rf_reg[14],0,30,0.0,0.0
csr_group14/sd_o + rf_reg[14],0,30,0.0,0.0
csr_group15/sd_o + rf_reg[14],0,30,0.0,0.0
csr_group16/sd_o + rf_reg[14],0,30,0.0,0.0
csr_group17/sd_o + rf_reg[14],0,30,0.0,0.0
csr_group18/sd_o + rf_reg[14],0,30,0.0,0.0
csr_group19/sd_o + rf_reg[14],0,30,0.0,0.0
csr_group20/sd_o + rf_reg[14],0,30,0.0,0.0
lsu_group1/sd_o + rf_reg[14],0,30,0.0,0.0
lsu_group2/sd_o + rf_reg[14],0,30,0.0,0.0
lsu_group3/sd_o + rf_reg[14],0,30,0.0,0.0
lsu_group4/sd_o + rf_reg[14],0,30,0.0,0.0
lsu_group5/sd_o + rf_reg[14],0,30,0.0,0.0
id_group0/sd_o + rf_reg[15],0,30,0.0,0.0
id_group1/sd_o + rf_reg[15],0,30,0.0,0.0
id_group2/sd_o + rf_reg[15],0,30,0.0,0.0
id_group3/sd_o + rf_reg[15],0,30,0.0,0.0
id_group4/sd_o + rf_reg[15],0,30,0.0,0.0
id_group5/sd_o + rf_reg[15],0,30,0.0,0.0
id_group6/sd_o + rf_reg[15],0,30,0.0,0.0
id_group7/sd_o + rf_reg[15],0,30,0.0,0.0
id_group8/sd_o + rf_reg[15],0,30,0.0,0.0
id_group9/sd_o + rf_reg[15],0,30,0.0,0.0
csr_group0/sd_o + rf_reg[15],0,30,0.0,0.0
csr_group1/sd_o + rf_reg[15],0,30,0.0,0.0
csr_group2/sd_o + rf_reg[15],0,30,0.0,0.0
csr_group3/sd_o + rf_reg[15],0,30,0.0,0.0
csr_group4/sd_o + rf_reg[15],0,30,0.0,0.0
csr_group5/sd_o + rf_reg[15],0,30,0.0,0.0
csr_group6/sd_o + rf_reg[15],0,30,0.0,0.0
csr_group7/sd_o + rf_reg[15],0,30,0.0,0.0
alu_operand_c_ex_o_tag + id_group0/sd_o,0,30,0.0,0.0
alu_operand_c_ex_o_tag + id_group1/sd_o,0,30,0.0,0.0
alu_operand_c_ex_o_tag + id_group2/sd_o,0,30,0.0,0.0
alu_operand_c_ex_o_tag + id_group3/sd_o,0,30,0.0,0.0
alu_operand_c_ex_o_tag + id_group4/sd_o,0,30,0.0,0.0
alu_operand_c_ex_o_tag + id_group5/sd_o,0,30,0.0,0.0
csr_group8/sd_o + rf_reg[15],0,30,0.0,0.0
csr_group9/sd_o + rf_reg[15],0,30,0.0,0.0
csr_group10/sd_o + rf_reg[15],0,30,0.0,0.0
csr_group11/sd_o + rf_reg[15],0,30,0.0,0.0
csr_group12/sd_o + rf_reg[15],0,30,0.0,0.0
csr_group13/sd_o + rf_reg[15],0,30,0.0,0.0
csr_group14/sd_o + rf_reg[15],0,30,0.0,0.0
csr_group15/sd_o + rf_reg[15],0,30,0.0,0.0
csr_group16/sd_o + rf_reg[15],0,30,0.0,0.0
csr_group17/sd_o + rf_reg[15],0,30,0.0,0.0
csr_group18/sd_o + rf_reg[15],0,30,0.0,0.0
csr_group19/sd_o + rf_reg[15],0,30,0.0,0.0
csr_group20/sd_o + rf_reg[15],0,30,0.0,0.0
lsu_group1/sd_o + rf_reg[15],0,30,0.0,0.0
lsu_group2/sd_o + rf_reg[15],0,30,0.0,0.0
lsu_group3/sd_o + rf_reg[15],0,30,0.0,0.0
lsu_group4/sd_o + rf_reg[15],0,30,0.0,0.0
lsu_group5/sd_o + rf_reg[15],0,30,0.0,0.0
id_group0/sd_o + rf_reg[16],0,30,0.0,0.0
id_group1/sd_o + rf_reg[16],0,30,0.0,0.0
id_group2/sd_o + rf_reg[16],0,30,0.0,0.0
id_group3/sd_o + rf_reg[16],0,30,0.0,0.0
id_group4/sd_o + rf_reg[16],0,30,0.0,0.0
id_group5/sd_o + rf_reg[16],0,30,0.0,0.0
id_group6/sd_o + rf_reg[16],0,30,0.0,0.0
id_group7/sd_o + rf_reg[16],0,30,0.0,0.0
id_group8/sd_o + rf_reg[16],0,30,0.0,0.0
id_group9/sd_o + rf_reg[16],0,30,0.0,0.0
csr_group0/sd_o + rf_reg[16],0,30,0.0,0.0
csr_group1/sd_o + rf_reg[16],0,30,0.0,0.0
csr_group2/sd_o + rf_reg[16],0,30,0.0,0.0
csr_group3/sd_o + rf_reg[16],0,30,0.0,0.0
csr_group4/sd_o + rf_reg[16],0,30,0.0,0.0
csr_group5/sd_o + rf_reg[16],0,30,0.0,0.0
csr_group6/sd_o + rf_reg[16],0,30,0.0,0.0
csr_group7/sd_o + rf_reg[16],0,30,0.0,0.0
csr_group8/sd_o + rf_reg[16],0,30,0.0,0.0
csr_group9/sd_o + rf_reg[16],0,30,0.0,0.0
csr_group10/sd_o + rf_reg[16],0,30,0.0,0.0
csr_group11/sd_o + rf_reg[16],0,30,0.0,0.0
csr_group12/sd_o + rf_reg[16],0,30,0.0,0.0
csr_group13/sd_o + rf_reg[16],0,30,0.0,0.0
csr_group14/sd_o + rf_reg[16],0,30,0.0,0.0
csr_group15/sd_o + rf_reg[16],0,30,0.0,0.0
csr_group16/sd_o + rf_reg[16],0,30,0.0,0.0
csr_group17/sd_o + rf_reg[16],0,30,0.0,0.0
csr_group18/sd_o + rf_reg[16],0,30,0.0,0.0
csr_group19/sd_o + rf_reg[16],0,30,0.0,0.0
csr_group20/sd_o + rf_reg[16],0,30,0.0,0.0
lsu_group1/sd_o + rf_reg[16],0,30,0.0,0.0
lsu_group2/sd_o + rf_reg[16],0,30,0.0,0.0
lsu_group3/sd_o + rf_reg[16],0,30,0.0,0.0
lsu_group4/sd_o + rf_reg[16],0,30,0.0,0.0
lsu_group5/sd_o + rf_reg[16],0,30,0.0,0.0
id_group0/sd_o + rf_reg[17],0,30,0.0,0.0
id_group1/sd_o + rf_reg[17],0,30,0.0,0.0
id_group2/sd_o + rf_reg[17],0,30,0.0,0.0
id_group3/sd_o + rf_reg[17],0,30,0.0,0.0
id_group4/sd_o + rf_reg[17],0,30,0.0,0.0
id_group5/sd_o + rf_reg[17],0,30,0.0,0.0
id_group6/sd_o + rf_reg[17],0,30,0.0,0.0
id_group7/sd_o + rf_reg[17],0,30,0.0,0.0
id_group8/sd_o + rf_reg[17],0,30,0.0,0.0
id_group9/sd_o + rf_reg[17],0,30,0.0,0.0
csr_group0/sd_o + rf_reg[17],0,30,0.0,0.0
csr_group1/sd_o + rf_reg[17],0,30,0.0,0.0
csr_group2/sd_o + rf_reg[17],0,30,0.0,0.0
csr_group3/sd_o + rf_reg[17],0,30,0.0,0.0
csr_group4/sd_o + rf_reg[17],0,30,0.0,0.0
csr_group5/sd_o + rf_reg[17],0,30,0.0,0.0
csr_group6/sd_o + rf_reg[17],0,30,0.0,0.0
csr_group7/sd_o + rf_reg[17],0,30,0.0,0.0
csr_group8/sd_o + rf_reg[17],0,30,0.0,0.0
csr_group9/sd_o + rf_reg[17],0,30,0.0,0.0
csr_group10/sd_o + rf_reg[17],0,30,0.0,0.0
csr_group11/sd_o + rf_reg[17],0,30,0.0,0.0
csr_group12/sd_o + rf_reg[17],0,30,0.0,0.0
csr_group13/sd_o + rf_reg[17],0,30,0.0,0.0
csr_group14/sd_o + rf_reg[17],0,30,0.0,0.0
csr_group15/sd_o + rf_reg[17],0,30,0.0,0.0
csr_group16/sd_o + rf_reg[17],0,30,0.0,0.0
csr_group17/sd_o + rf_reg[17],0,30,0.0,0.0
csr_group18/sd_o + rf_reg[17],0,30,0.0,0.0
csr_group19/sd_o + rf_reg[17],0,30,0.0,0.0
csr_group20/sd_o + rf_reg[17],0,30,0.0,0.0
lsu_group1/sd_o + rf_reg[17],0,30,0.0,0.0
lsu_group2/sd_o + rf_reg[17],0,30,0.0,0.0
lsu_group3/sd_o + rf_reg[17],0,30,0.0,0.0
lsu_group4/sd_o + rf_reg[17],0,30,0.0,0.0
lsu_group5/sd_o + rf_reg[17],0,30,0.0,0.0
id_group0/sd_o + rf_reg[18],0,30,0.0,0.0
id_group1/sd_o + rf_reg[18],0,30,0.0,0.0
id_group2/sd_o + rf_reg[18],0,30,0.0,0.0
id_group3/sd_o + rf_reg[18],0,30,0.0,0.0
id_group4/sd_o + rf_reg[18],0,30,0.0,0.0
id_group5/sd_o + rf_reg[18],0,30,0.0,0.0
id_group6/sd_o + rf_reg[18],0,30,0.0,0.0
id_group7/sd_o + rf_reg[18],0,30,0.0,0.0
id_group8/sd_o + rf_reg[18],0,30,0.0,0.0
id_group9/sd_o + rf_reg[18],0,30,0.0,0.0
id_group0/sd_o + pc_id_o_tag,0,30,0.0,0.0
id_group1/sd_o + pc_id_o_tag,0,30,0.0,0.0
id_group2/sd_o + pc_id_o_tag,0,30,0.0,0.0
id_group3/sd_o + pc_id_o_tag,0,30,0.0,0.0
id_group4/sd_o + pc_id_o_tag,0,30,0.0,0.0
id_group5/sd_o + pc_id_o_tag,0,30,0.0,0.0
id_group6/sd_o + pc_id_o_tag,0,30,0.0,0.0
id_group7/sd_o + pc_id_o_tag,0,30,0.0,0.0
id_group8/sd_o + pc_id_o_tag,0,30,0.0,0.0
id_group9/sd_o + pc_id_o_tag,0,30,0.0,0.0
alu_operand_c_ex_o_tag + id_group6/sd_o,0,30,0.0,0.0
alu_operand_c_ex_o_tag + id_group7/sd_o,0,30,0.0,0.0
alu_operand_c_ex_o_tag + id_group8/sd_o,0,30,0.0,0.0
alu_operand_c_ex_o_tag + id_group9/sd_o,0,30,0.0,0.0
alu_operand_c_ex_o_tag + csr_group0/sd_o,0,30,0.0,0.0
alu_operand_c_ex_o_tag + csr_group1/sd_o,0,30,0.0,0.0
alu_operand_c_ex_o_tag + csr_group2/sd_o,0,30,0.0,0.0
csr_group0/sd_o + rf_reg[18],0,30,0.0,0.0
csr_group1/sd_o + rf_reg[18],0,30,0.0,0.0
csr_group2/sd_o + rf_reg[18],0,30,0.0,0.0
csr_group3/sd_o + rf_reg[18],0,30,0.0,0.0
csr_group4/sd_o + rf_reg[18],0,30,0.0,0.0
csr_group5/sd_o + rf_reg[18],0,30,0.0,0.0
csr_group6/sd_o + rf_reg[18],0,30,0.0,0.0
csr_group7/sd_o + rf_reg[18],0,30,0.0,0.0
csr_group8/sd_o + rf_reg[18],0,30,0.0,0.0
csr_group9/sd_o + rf_reg[18],0,30,0.0,0.0
csr_group10/sd_o + rf_reg[18],0,30,0.0,0.0
csr_group11/sd_o + rf_reg[18],0,30,0.0,0.0
csr_group12/sd_o + rf_reg[18],0,30,0.0,0.0
csr_group13/sd_o + rf_reg[18],0,30,0.0,0.0
csr_group14/sd_o + rf_reg[18],0,30,0.0,0.0
csr_group15/sd_o + rf_reg[18],0,30,0.0,0.0
csr_group16/sd_o + rf_reg[18],0,30,0.0,0.0
csr_group17/sd_o + rf_reg[18],0,30,0.0,0.0
csr_group18/sd_o + rf_reg[18],0,30,0.0,0.0
csr_group19/sd_o + rf_reg[18],0,30,0.0,0.0
csr_group20/sd_o + rf_reg[18],0,30,0.0,0.0
lsu_group1/sd_o + rf_reg[18],0,30,0.0,0.0
lsu_group2/sd_o + rf_reg[18],0,30,0.0,0.0
lsu_group3/sd_o + rf_reg[18],0,30,0.0,0.0
lsu_group4/sd_o + rf_reg[18],0,30,0.0,0.0
lsu_group5/sd_o + rf_reg[18],0,30,0.0,0.0
id_group0/sd_o + rf_reg[19],0,30,0.0,0.0
id_group1/sd_o + rf_reg[19],0,30,0.0,0.0
id_group2/sd_o + rf_reg[19],0,30,0.0,0.0
id_group3/sd_o + rf_reg[19],0,30,0.0,0.0
id_group4/sd_o + rf_reg[19],0,30,0.0,0.0
id_group5/sd_o + rf_reg[19],0,30,0.0,0.0
id_group6/sd_o + rf_reg[19],0,30,0.0,0.0
id_group7/sd_o + rf_reg[19],0,30,0.0,0.0
id_group8/sd_o + rf_reg[19],0,30,0.0,0.0
id_group9/sd_o + rf_reg[19],0,30,0.0,0.0
csr_group0/sd_o + rf_reg[19],0,30,0.0,0.0
csr_group1/sd_o + rf_reg[19],0,30,0.0,0.0
csr_group2/sd_o + rf_reg[19],0,30,0.0,0.0
csr_group3/sd_o + rf_reg[19],0,30,0.0,0.0
csr_group4/sd_o + rf_reg[19],0,30,0.0,0.0
csr_group5/sd_o + rf_reg[19],0,30,0.0,0.0
csr_group6/sd_o + rf_reg[19],0,30,0.0,0.0
csr_group7/sd_o + rf_reg[19],0,30,0.0,0.0
csr_group8/sd_o + rf_reg[19],0,30,0.0,0.0
csr_group9/sd_o + rf_reg[19],0,30,0.0,0.0
csr_group10/sd_o + rf_reg[19],0,30,0.0,0.0
csr_group11/sd_o + rf_reg[19],0,30,0.0,0.0
csr_group12/sd_o + rf_reg[19],0,30,0.0,0.0
csr_group13/sd_o + rf_reg[19],0,30,0.0,0.0
csr_group14/sd_o + rf_reg[19],0,30,0.0,0.0
csr_group15/sd_o + rf_reg[19],0,30,0.0,0.0
csr_group16/sd_o + rf_reg[19],0,30,0.0,0.0
csr_group17/sd_o + rf_reg[19],0,30,0.0,0.0
csr_group18/sd_o + rf_reg[19],0,30,0.0,0.0
csr_group19/sd_o + rf_reg[19],0,30,0.0,0.0
csr_group20/sd_o + rf_reg[19],0,30,0.0,0.0
lsu_group1/sd_o + rf_reg[19],0,30,0.0,0.0
lsu_group2/sd_o + rf_reg[19],0,30,0.0,0.0
lsu_group3/sd_o + rf_reg[19],0,30,0.0,0.0
lsu_group4/sd_o + rf_reg[19],0,30,0.0,0.0
lsu_group5/sd_o + rf_reg[19],0,30,0.0,0.0
id_group0/sd_o + rf_reg[20],0,30,0.0,0.0
id_group1/sd_o + rf_reg[20],0,30,0.0,0.0
id_group2/sd_o + rf_reg[20],0,30,0.0,0.0
id_group3/sd_o + rf_reg[20],0,30,0.0,0.0
id_group4/sd_o + rf_reg[20],0,30,0.0,0.0
id_group5/sd_o + rf_reg[20],0,30,0.0,0.0
id_group6/sd_o + rf_reg[20],0,30,0.0,0.0
id_group7/sd_o + rf_reg[20],0,30,0.0,0.0
id_group8/sd_o + rf_reg[20],0,30,0.0,0.0
id_group9/sd_o + rf_reg[20],0,30,0.0,0.0
csr_group0/sd_o + rf_reg[20],0,30,0.0,0.0
csr_group1/sd_o + rf_reg[20],0,30,0.0,0.0
csr_group2/sd_o + rf_reg[20],0,30,0.0,0.0
csr_group3/sd_o + rf_reg[20],0,30,0.0,0.0
csr_group4/sd_o + rf_reg[20],0,30,0.0,0.0
csr_group5/sd_o + rf_reg[20],0,30,0.0,0.0
csr_group6/sd_o + rf_reg[20],0,30,0.0,0.0
csr_group7/sd_o + rf_reg[20],0,30,0.0,0.0
csr_group8/sd_o + rf_reg[20],0,30,0.0,0.0
csr_group9/sd_o + rf_reg[20],0,30,0.0,0.0
csr_group10/sd_o + rf_reg[20],0,30,0.0,0.0
csr_group11/sd_o + rf_reg[20],0,30,0.0,0.0
csr_group12/sd_o + rf_reg[20],0,30,0.0,0.0
csr_group13/sd_o + rf_reg[20],0,30,0.0,0.0
csr_group14/sd_o + rf_reg[20],0,30,0.0,0.0
csr_group15/sd_o + rf_reg[20],0,30,0.0,0.0
csr_group16/sd_o + rf_reg[20],0,30,0.0,0.0
csr_group17/sd_o + rf_reg[20],0,30,0.0,0.0
csr_group18/sd_o + rf_reg[20],0,30,0.0,0.0
csr_group19/sd_o + rf_reg[20],0,30,0.0,0.0
csr_group20/sd_o + rf_reg[20],0,30,0.0,0.0
lsu_group1/sd_o + rf_reg[20],0,30,0.0,0.0
lsu_group2/sd_o + rf_reg[20],0,30,0.0,0.0
lsu_group3/sd_o + rf_reg[20],0,30,0.0,0.0
lsu_group4/sd_o + rf_reg[20],0,30,0.0,0.0
lsu_group5/sd_o + rf_reg[20],0,30,0.0,0.0
id_group0/sd_o + rf_reg[21],0,30,0.0,0.0
id_group1/sd_o + rf_reg[21],0,30,0.0,0.0
id_group2/sd_o + rf_reg[21],0,30,0.0,0.0
alu_operand_c_ex_o_tag + csr_group3/sd_o,0,30,0.0,0.0
alu_operand_c_ex_o_tag + csr_group4/sd_o,0,30,0.0,0.0
alu_operand_c_ex_o_tag + csr_group5/sd_o,0,30,0.0,0.0
alu_operand_c_ex_o_tag + csr_group6/sd_o,0,30,0.0,0.0
alu_operand_c_ex_o_tag + csr_group7/sd_o,0,30,0.0,0.0
alu_operand_c_ex_o_tag + csr_group8/sd_o,0,30,0.0,0.0
alu_operand_c_ex_o_tag + csr_group9/sd_o,0,30,0.0,0.0
alu_operand_c_ex_o_tag + csr_group10/sd_o,0,30,0.0,0.0
alu_operand_c_ex_o_tag + csr_group11/sd_o,0,30,0.0,0.0
alu_operand_c_ex_o_tag + csr_group12/sd_o,0,30,0.0,0.0
alu_operand_c_ex_o_tag + csr_group13/sd_o,0,30,0.0,0.0
alu_operand_c_ex_o_tag + csr_group14/sd_o,0,30,0.0,0.0
alu_operand_c_ex_o_tag + csr_group15/sd_o,0,30,0.0,0.0
alu_operand_c_ex_o_tag + csr_group16/sd_o,0,30,0.0,0.0
id_group3/sd_o + rf_reg[21],0,30,0.0,0.0
id_group4/sd_o + rf_reg[21],0,30,0.0,0.0
id_group5/sd_o + rf_reg[21],0,30,0.0,0.0
id_group6/sd_o + rf_reg[21],0,30,0.0,0.0
id_group7/sd_o + rf_reg[21],0,30,0.0,0.0
id_group8/sd_o + rf_reg[21],0,30,0.0,0.0
id_group9/sd_o + rf_reg[21],0,30,0.0,0.0
csr_group0/sd_o + rf_reg[21],0,30,0.0,0.0
csr_group1/sd_o + rf_reg[21],0,30,0.0,0.0
csr_group2/sd_o + rf_reg[21],0,30,0.0,0.0
csr_group3/sd_o + rf_reg[21],0,30,0.0,0.0
csr_group4/sd_o + rf_reg[21],0,30,0.0,0.0
csr_group5/sd_o + rf_reg[21],0,30,0.0,0.0
csr_group6/sd_o + rf_reg[21],0,30,0.0,0.0
csr_group7/sd_o + rf_reg[21],0,30,0.0,0.0
csr_group8/sd_o + rf_reg[21],0,30,0.0,0.0
csr_group9/sd_o + rf_reg[21],0,30,0.0,0.0
csr_group10/sd_o + rf_reg[21],0,30,0.0,0.0
csr_group11/sd_o + rf_reg[21],0,30,0.0,0.0
csr_group12/sd_o + rf_reg[21],0,30,0.0,0.0
csr_group13/sd_o + rf_reg[21],0,30,0.0,0.0
csr_group14/sd_o + rf_reg[21],0,30,0.0,0.0
csr_group15/sd_o + rf_reg[21],0,30,0.0,0.0
csr_group16/sd_o + rf_reg[21],0,30,0.0,0.0
csr_group17/sd_o + rf_reg[21],0,30,0.0,0.0
csr_group18/sd_o + rf_reg[21],0,30,0.0,0.0
csr_group19/sd_o + rf_reg[21],0,30,0.0,0.0
csr_group20/sd_o + rf_reg[21],0,30,0.0,0.0
lsu_group1/sd_o + rf_reg[21],0,30,0.0,0.0
lsu_group2/sd_o + rf_reg[21],0,30,0.0,0.0
lsu_group3/sd_o + rf_reg[21],0,30,0.0,0.0
lsu_group4/sd_o + rf_reg[21],0,30,0.0,0.0
lsu_group5/sd_o + rf_reg[21],0,30,0.0,0.0
id_group0/sd_o + rf_reg[22],0,30,0.0,0.0
id_group1/sd_o + rf_reg[22],0,30,0.0,0.0
id_group2/sd_o + rf_reg[22],0,30,0.0,0.0
id_group3/sd_o + rf_reg[22],0,30,0.0,0.0
id_group4/sd_o + rf_reg[22],0,30,0.0,0.0
id_group5/sd_o + rf_reg[22],0,30,0.0,0.0
id_group6/sd_o + rf_reg[22],0,30,0.0,0.0
id_group7/sd_o + rf_reg[22],0,30,0.0,0.0
id_group8/sd_o + rf_reg[22],0,30,0.0,0.0
id_group9/sd_o + rf_reg[22],0,30,0.0,0.0
csr_group0/sd_o + rf_reg[22],0,30,0.0,0.0
csr_group1/sd_o + rf_reg[22],0,30,0.0,0.0
csr_group2/sd_o + rf_reg[22],0,30,0.0,0.0
csr_group3/sd_o + rf_reg[22],0,30,0.0,0.0
csr_group4/sd_o + rf_reg[22],0,30,0.0,0.0
csr_group5/sd_o + rf_reg[22],0,30,0.0,0.0
csr_group6/sd_o + rf_reg[22],0,30,0.0,0.0
csr_group7/sd_o + rf_reg[22],0,30,0.0,0.0
csr_group8/sd_o + rf_reg[22],0,30,0.0,0.0
csr_group9/sd_o + rf_reg[22],0,30,0.0,0.0
csr_group10/sd_o + rf_reg[22],0,30,0.0,0.0
csr_group11/sd_o + rf_reg[22],0,30,0.0,0.0
csr_group12/sd_o + rf_reg[22],0,30,0.0,0.0
csr_group13/sd_o + rf_reg[22],0,30,0.0,0.0
csr_group14/sd_o + rf_reg[22],0,30,0.0,0.0
csr_group15/sd_o + rf_reg[22],0,30,0.0,0.0
csr_group16/sd_o + rf_reg[22],0,30,0.0,0.0
csr_group17/sd_o + rf_reg[22],0,30,0.0,0.0
csr_group18/sd_o + rf_reg[22],0,30,0.0,0.0
csr_group19/sd_o + rf_reg[22],0,30,0.0,0.0
csr_group20/sd_o + rf_reg[22],0,30,0.0,0.0
lsu_group1/sd_o + rf_reg[22],0,30,0.0,0.0
lsu_group2/sd_o + rf_reg[22],0,30,0.0,0.0
lsu_group3/sd_o + rf_reg[22],0,30,0.0,0.0
lsu_group4/sd_o + rf_reg[22],0,30,0.0,0.0
lsu_group5/sd_o + rf_reg[22],0,30,0.0,0.0
id_group0/sd_o + rf_reg[23],0,30,0.0,0.0
id_group1/sd_o + rf_reg[23],0,30,0.0,0.0
id_group2/sd_o + rf_reg[23],0,30,0.0,0.0
id_group3/sd_o + rf_reg[23],0,30,0.0,0.0
id_group4/sd_o + rf_reg[23],0,30,0.0,0.0
id_group5/sd_o + rf_reg[23],0,30,0.0,0.0
id_group6/sd_o + rf_reg[23],0,30,0.0,0.0
id_group7/sd_o + rf_reg[23],0,30,0.0,0.0
id_group8/sd_o + rf_reg[23],0,30,0.0,0.0
id_group9/sd_o + rf_reg[23],0,30,0.0,0.0
csr_group0/sd_o + rf_reg[23],0,30,0.0,0.0
csr_group1/sd_o + rf_reg[23],0,30,0.0,0.0
csr_group2/sd_o + rf_reg[23],0,30,0.0,0.0
csr_group3/sd_o + rf_reg[23],0,30,0.0,0.0
csr_group4/sd_o + rf_reg[23],0,30,0.0,0.0
csr_group5/sd_o + rf_reg[23],0,30,0.0,0.0
csr_group6/sd_o + rf_reg[23],0,30,0.0,0.0
csr_group7/sd_o + rf_reg[23],0,30,0.0,0.0
csr_group8/sd_o + rf_reg[23],0,30,0.0,0.0
csr_group9/sd_o + rf_reg[23],0,30,0.0,0.0
csr_group10/sd_o + rf_reg[23],0,30,0.0,0.0
csr_group11/sd_o + rf_reg[23],0,30,0.0,0.0
csr_group12/sd_o + rf_reg[23],0,30,0.0,0.0
csr_group13/sd_o + rf_reg[23],0,30,0.0,0.0
csr_group14/sd_o + rf_reg[23],0,30,0.0,0.0
csr_group15/sd_o + rf_reg[23],0,30,0.0,0.0
csr_group16/sd_o + rf_reg[23],0,30,0.0,0.0
csr_group17/sd_o + rf_reg[23],0,30,0.0,0.0
csr_group18/sd_o + rf_reg[23],0,30,0.0,0.0
csr_group19/sd_o + rf_reg[23],0,30,0.0,0.0
csr_group20/sd_o + rf_reg[23],0,30,0.0,0.0
lsu_group1/sd_o + rf_reg[23],0,30,0.0,0.0
lsu_group2/sd_o + rf_reg[23],0,30,0.0,0.0
lsu_group3/sd_o + rf_reg[23],0,30,0.0,0.0
lsu_group4/sd_o + rf_reg[23],0,30,0.0,0.0
lsu_group5/sd_o + rf_reg[23],0,30,0.0,0.0
alu_operand_c_ex_o_tag + csr_group17/sd_o,0,30,0.0,0.0
alu_operand_c_ex_o_tag + csr_group18/sd_o,0,30,0.0,0.0
alu_operand_c_ex_o_tag + csr_group19/sd_o,0,30,0.0,0.0
alu_operand_c_ex_o_tag + csr_group20/sd_o,0,30,0.0,0.0
alu_operand_c_ex_o_tag + lsu_group1/sd_o,0,30,0.0,0.0
alu_operand_c_ex_o_tag + lsu_group2/sd_o,0,30,0.0,0.0
alu_operand_c_ex_o_tag + lsu_group3/sd_o,0,30,0.0,0.0
alu_operand_c_ex_o_tag + lsu_group4/sd_o,0,30,0.0,0.0
alu_operand_c_ex_o_tag + lsu_group5/sd_o,0,30,0.0,0.0
id_group0/sd_o + rf_reg[24],0,30,0.0,0.0
id_group1/sd_o + rf_reg[24],0,30,0.0,0.0
id_group2/sd_o + rf_reg[24],0,30,0.0,0.0
id_group3/sd_o + rf_reg[24],0,30,0.0,0.0
id_group4/sd_o + rf_reg[24],0,30,0.0,0.0
id_group5/sd_o + rf_reg[24],0,30,0.0,0.0
id_group6/sd_o + rf_reg[24],0,30,0.0,0.0
id_group7/sd_o + rf_reg[24],0,30,0.0,0.0
id_group8/sd_o + rf_reg[24],0,30,0.0,0.0
id_group9/sd_o + rf_reg[24],0,30,0.0,0.0
csr_group0/sd_o + rf_reg[24],0,30,0.0,0.0
csr_group1/sd_o + rf_reg[24],0,30,0.0,0.0
csr_group2/sd_o + rf_reg[24],0,30,0.0,0.0
csr_group3/sd_o + rf_reg[24],0,30,0.0,0.0
csr_group4/sd_o + rf_reg[24],0,30,0.0,0.0
csr_group5/sd_o + rf_reg[24],0,30,0.0,0.0
csr_group6/sd_o + rf_reg[24],0,30,0.0,0.0
csr_group7/sd_o + rf_reg[24],0,30,0.0,0.0
csr_group8/sd_o + rf_reg[24],0,30,0.0,0.0
csr_group9/sd_o + rf_reg[24],0,30,0.0,0.0
csr_group10/sd_o + rf_reg[24],0,30,0.0,0.0
csr_group11/sd_o + rf_reg[24],0,30,0.0,0.0
csr_group12/sd_o + rf_reg[24],0,30,0.0,0.0
csr_group13/sd_o + rf_reg[24],0,30,0.0,0.0
csr_group14/sd_o + rf_reg[24],0,30,0.0,0.0
csr_group15/sd_o + rf_reg[24],0,30,0.0,0.0
csr_group16/sd_o + rf_reg[24],0,30,0.0,0.0
csr_group17/sd_o + rf_reg[24],0,30,0.0,0.0
csr_group18/sd_o + rf_reg[24],0,30,0.0,0.0
csr_group19/sd_o + rf_reg[24],0,30,0.0,0.0
csr_group20/sd_o + rf_reg[24],0,30,0.0,0.0
lsu_group1/sd_o + rf_reg[24],0,30,0.0,0.0
lsu_group2/sd_o + rf_reg[24],0,30,0.0,0.0
lsu_group3/sd_o + rf_reg[24],0,30,0.0,0.0
lsu_group4/sd_o + rf_reg[24],0,30,0.0,0.0
lsu_group5/sd_o + rf_reg[24],0,30,0.0,0.0
id_group0/sd_o + rf_reg[25],0,30,0.0,0.0
id_group1/sd_o + rf_reg[25],0,30,0.0,0.0
id_group2/sd_o + rf_reg[25],0,30,0.0,0.0
id_group3/sd_o + rf_reg[25],0,30,0.0,0.0
id_group4/sd_o + rf_reg[25],0,30,0.0,0.0
id_group5/sd_o + rf_reg[25],0,30,0.0,0.0
id_group6/sd_o + rf_reg[25],0,30,0.0,0.0
id_group7/sd_o + rf_reg[25],0,30,0.0,0.0
id_group8/sd_o + rf_reg[25],0,30,0.0,0.0
id_group9/sd_o + rf_reg[25],0,30,0.0,0.0
csr_group0/sd_o + rf_reg[25],0,30,0.0,0.0
csr_group1/sd_o + rf_reg[25],0,30,0.0,0.0
csr_group2/sd_o + rf_reg[25],0,30,0.0,0.0
csr_group3/sd_o + rf_reg[25],0,30,0.0,0.0
csr_group4/sd_o + rf_reg[25],0,30,0.0,0.0
csr_group5/sd_o + rf_reg[25],0,30,0.0,0.0
csr_group6/sd_o + rf_reg[25],0,30,0.0,0.0
csr_group7/sd_o + rf_reg[25],0,30,0.0,0.0
csr_group8/sd_o + rf_reg[25],0,30,0.0,0.0
csr_group9/sd_o + rf_reg[25],0,30,0.0,0.0
csr_group10/sd_o + rf_reg[25],0,30,0.0,0.0
csr_group11/sd_o + rf_reg[25],0,30,0.0,0.0
csr_group12/sd_o + rf_reg[25],0,30,0.0,0.0
csr_group13/sd_o + rf_reg[25],0,30,0.0,0.0
csr_group14/sd_o + rf_reg[25],0,30,0.0,0.0
csr_group15/sd_o + rf_reg[25],0,30,0.0,0.0
csr_group16/sd_o + rf_reg[25],0,30,0.0,0.0
csr_group17/sd_o + rf_reg[25],0,30,0.0,0.0
csr_group18/sd_o + rf_reg[25],0,30,0.0,0.0
csr_group19/sd_o + rf_reg[25],0,30,0.0,0.0
csr_group20/sd_o + rf_reg[25],0,30,0.0,0.0
lsu_group1/sd_o + rf_reg[25],0,30,0.0,0.0
lsu_group2/sd_o + rf_reg[25],0,30,0.0,0.0
lsu_group3/sd_o + rf_reg[25],0,30,0.0,0.0
lsu_group4/sd_o + rf_reg[25],0,30,0.0,0.0
lsu_group5/sd_o + rf_reg[25],0,30,0.0,0.0
id_group0/sd_o + rf_reg[26],0,30,0.0,0.0
id_group1/sd_o + rf_reg[26],0,30,0.0,0.0
id_group2/sd_o + rf_reg[26],0,30,0.0,0.0
id_group3/sd_o + rf_reg[26],0,30,0.0,0.0
id_group4/sd_o + rf_reg[26],0,30,0.0,0.0
id_group5/sd_o + rf_reg[26],0,30,0.0,0.0
id_group6/sd_o + rf_reg[26],0,30,0.0,0.0
id_group7/sd_o + rf_reg[26],0,30,0.0,0.0
id_group8/sd_o + rf_reg[26],0,30,0.0,0.0
id_group9/sd_o + rf_reg[26],0,30,0.0,0.0
csr_group0/sd_o + rf_reg[26],0,30,0.0,0.0
csr_group1/sd_o + rf_reg[26],0,30,0.0,0.0
csr_group2/sd_o + rf_reg[26],0,30,0.0,0.0
csr_group3/sd_o + rf_reg[26],0,30,0.0,0.0
csr_group4/sd_o + rf_reg[26],0,30,0.0,0.0
csr_group5/sd_o + rf_reg[26],0,30,0.0,0.0
csr_group6/sd_o + rf_reg[26],0,30,0.0,0.0
csr_group7/sd_o + rf_reg[26],0,30,0.0,0.0
csr_group8/sd_o + rf_reg[26],0,30,0.0,0.0
csr_group9/sd_o + rf_reg[26],0,30,0.0,0.0
csr_group10/sd_o + rf_reg[26],0,30,0.0,0.0
csr_group11/sd_o + rf_reg[26],0,30,0.0,0.0
csr_group12/sd_o + rf_reg[26],0,30,0.0,0.0
csr_group13/sd_o + rf_reg[26],0,30,0.0,0.0
csr_group14/sd_o + rf_reg[26],0,30,0.0,0.0
csr_group15/sd_o + rf_reg[26],0,30,0.0,0.0
csr_group16/sd_o + rf_reg[26],0,30,0.0,0.0
csr_group17/sd_o + rf_reg[26],0,30,0.0,0.0
csr_group18/sd_o + rf_reg[26],0,30,0.0,0.0
csr_group19/sd_o + rf_reg[26],0,30,0.0,0.0
csr_group20/sd_o + rf_reg[26],0,30,0.0,0.0
lsu_group1/sd_o + rf_reg[26],0,30,0.0,0.0
lsu_group2/sd_o + rf_reg[26],0,30,0.0,0.0
lsu_group3/sd_o + rf_reg[26],0,30,0.0,0.0
lsu_group4/sd_o + rf_reg[26],0,30,0.0,0.0
lsu_group5/sd_o + rf_reg[26],0,30,0.0,0.0
id_group0/sd_o + rf_reg[27],0,30,0.0,0.0
id_group1/sd_o + rf_reg[27],0,30,0.0,0.0
id_group2/sd_o + rf_reg[27],0,30,0.0,0.0
id_group3/sd_o + rf_reg[27],0,30,0.0,0.0
id_group4/sd_o + rf_reg[27],0,30,0.0,0.0
id_group5/sd_o + rf_reg[27],0,30,0.0,0.0
id_group6/sd_o + rf_reg[27],0,30,0.0,0.0
id_group7/sd_o + rf_reg[27],0,30,0.0,0.0
id_group8/sd_o + rf_reg[27],0,30,0.0,0.0
id_group9/sd_o + rf_reg[27],0,30,0.0,0.0
csr_group0/sd_o + rf_reg[27],0,30,0.0,0.0
csr_group1/sd_o + rf_reg[27],0,30,0.0,0.0
csr_group2/sd_o + rf_reg[27],0,30,0.0,0.0
csr_group3/sd_o + rf_reg[27],0,30,0.0,0.0
csr_group4/sd_o + rf_reg[27],0,30,0.0,0.0
csr_group5/sd_o + rf_reg[27],0,30,0.0,0.0
csr_group6/sd_o + rf_reg[27],0,30,0.0,0.0
csr_group7/sd_o + rf_reg[27],0,30,0.0,0.0
csr_group8/sd_o + rf_reg[27],0,30,0.0,0.0
csr_group9/sd_o + rf_reg[27],0,30,0.0,0.0
csr_group10/sd_o + rf_reg[27],0,30,0.0,0.0
csr_group11/sd_o + rf_reg[27],0,30,0.0,0.0
csr_group12/sd_o + rf_reg[27],0,30,0.0,0.0
csr_group13/sd_o + rf_reg[27],0,30,0.0,0.0
csr_group14/sd_o + rf_reg[27],0,30,0.0,0.0
csr_group15/sd_o + rf_reg[27],0,30,0.0,0.0
csr_group16/sd_o + rf_reg[27],0,30,0.0,0.0
csr_group17/sd_o + rf_reg[27],0,30,0.0,0.0
csr_group18/sd_o + rf_reg[27],0,30,0.0,0.0
csr_group19/sd_o + rf_reg[27],0,30,0.0,0.0
csr_group20/sd_o + rf_reg[27],0,30,0.0,0.0
lsu_group1/sd_o + rf_reg[27],0,30,0.0,0.0
lsu_group2/sd_o + rf_reg[27],0,30,0.0,0.0
lsu_group3/sd_o + rf_reg[27],0,30,0.0,0.0
lsu_group4/sd_o + rf_reg[27],0,30,0.0,0.0
lsu_group5/sd_o + rf_reg[27],0,30,0.0,0.0
id_group0/sd_o + rf_reg[28],0,30,0.0,0.0
id_group1/sd_o + rf_reg[28],0,30,0.0,0.0
id_group2/sd_o + rf_reg[28],0,30,0.0,0.0
id_group3/sd_o + rf_reg[28],0,30,0.0,0.0
id_group4/sd_o + rf_reg[28],0,30,0.0,0.0
id_group5/sd_o + rf_reg[28],0,30,0.0,0.0
id_group6/sd_o + rf_reg[28],0,30,0.0,0.0
id_group7/sd_o + rf_reg[28],0,30,0.0,0.0
id_group8/sd_o + rf_reg[28],0,30,0.0,0.0
id_group9/sd_o + rf_reg[28],0,30,0.0,0.0
csr_group0/sd_o + rf_reg[28],0,30,0.0,0.0
csr_group1/sd_o + rf_reg[28],0,30,0.0,0.0
csr_group2/sd_o + rf_reg[28],0,30,0.0,0.0
csr_group3/sd_o + rf_reg[28],0,30,0.0,0.0
csr_group4/sd_o + rf_reg[28],0,30,0.0,0.0
csr_group5/sd_o + rf_reg[28],0,30,0.0,0.0
csr_group6/sd_o + rf_reg[28],0,30,0.0,0.0
csr_group7/sd_o + rf_reg[28],0,30,0.0,0.0
csr_group8/sd_o + rf_reg[28],0,30,0.0,0.0
csr_group9/sd_o + rf_reg[28],0,30,0.0,0.0
csr_group10/sd_o + rf_reg[28],0,30,0.0,0.0
csr_group11/sd_o + rf_reg[28],0,30,0.0,0.0
csr_group12/sd_o + rf_reg[28],0,30,0.0,0.0
csr_group13/sd_o + rf_reg[28],0,30,0.0,0.0
csr_group14/sd_o + rf_reg[28],0,30,0.0,0.0
csr_group15/sd_o + rf_reg[28],0,30,0.0,0.0
csr_group16/sd_o + rf_reg[28],0,30,0.0,0.0
csr_group17/sd_o + rf_reg[28],0,30,0.0,0.0
csr_group18/sd_o + rf_reg[28],0,30,0.0,0.0
csr_group19/sd_o + rf_reg[28],0,30,0.0,0.0
csr_group20/sd_o + rf_reg[28],0,30,0.0,0.0
lsu_group1/sd_o + rf_reg[28],0,30,0.0,0.0
lsu_group2/sd_o + rf_reg[28],0,30,0.0,0.0
lsu_group3/sd_o + rf_reg[28],0,30,0.0,0.0
lsu_group4/sd_o + rf_reg[28],0,30,0.0,0.0
lsu_group5/sd_o + rf_reg[28],0,30,0.0,0.0
id_group0/sd_o + rf_reg[29],0,30,0.0,0.0
id_group1/sd_o + rf_reg[29],0,30,0.0,0.0
id_group2/sd_o + rf_reg[29],0,30,0.0,0.0
id_group3/sd_o + rf_reg[29],0,30,0.0,0.0
id_group4/sd_o + rf_reg[29],0,30,0.0,0.0
id_group5/sd_o + rf_reg[29],0,30,0.0,0.0
id_group6/sd_o + rf_reg[29],0,30,0.0,0.0
id_group7/sd_o + rf_reg[29],0,30,0.0,0.0
id_group8/sd_o + rf_reg[29],0,30,0.0,0.0
id_group9/sd_o + rf_reg[29],0,30,0.0,0.0
csr_group0/sd_o + rf_reg[29],0,30,0.0,0.0
csr_group1/sd_o + rf_reg[29],0,30,0.0,0.0
csr_group2/sd_o + rf_reg[29],0,30,0.0,0.0
csr_group3/sd_o + rf_reg[29],0,30,0.0,0.0
csr_group4/sd_o + rf_reg[29],0,30,0.0,0.0
csr_group5/sd_o + rf_reg[29],0,30,0.0,0.0
csr_group6/sd_o + rf_reg[29],0,30,0.0,0.0
csr_group7/sd_o + rf_reg[29],0,30,0.0,0.0
csr_group8/sd_o + rf_reg[29],0,30,0.0,0.0
csr_group9/sd_o + rf_reg[29],0,30,0.0,0.0
csr_group10/sd_o + rf_reg[29],0,30,0.0,0.0
csr_group11/sd_o + rf_reg[29],0,30,0.0,0.0
csr_group12/sd_o + rf_reg[29],0,30,0.0,0.0
csr_group13/sd_o + rf_reg[29],0,30,0.0,0.0
csr_group14/sd_o + rf_reg[29],0,30,0.0,0.0
csr_group15/sd_o + rf_reg[29],0,30,0.0,0.0
csr_group16/sd_o + rf_reg[29],0,30,0.0,0.0
csr_group17/sd_o + rf_reg[29],0,30,0.0,0.0
csr_group18/sd_o + rf_reg[29],0,30,0.0,0.0
csr_group19/sd_o + rf_reg[29],0,30,0.0,0.0
csr_group20/sd_o + rf_reg[29],0,30,0.0,0.0
lsu_group1/sd_o + rf_reg[29],0,30,0.0,0.0
lsu_group2/sd_o + rf_reg[29],0,30,0.0,0.0
lsu_group3/sd_o + rf_reg[29],0,30,0.0,0.0
lsu_group4/sd_o + rf_reg[29],0,30,0.0,0.0
lsu_group5/sd_o + rf_reg[29],0,30,0.0,0.0
id_group0/sd_o + rf_reg[30],0,30,0.0,0.0
id_group1/sd_o + rf_reg[30],0,30,0.0,0.0
id_group2/sd_o + rf_reg[30],0,30,0.0,0.0
id_group3/sd_o + rf_reg[30],0,30,0.0,0.0
id_group4/sd_o + rf_reg[30],0,30,0.0,0.0
id_group5/sd_o + rf_reg[30],0,30,0.0,0.0
id_group6/sd_o + rf_reg[30],0,30,0.0,0.0
id_group7/sd_o + rf_reg[30],0,30,0.0,0.0
id_group8/sd_o + rf_reg[30],0,30,0.0,0.0
id_group9/sd_o + rf_reg[30],0,30,0.0,0.0
csr_group0/sd_o + rf_reg[30],0,30,0.0,0.0
csr_group1/sd_o + rf_reg[30],0,30,0.0,0.0
csr_group2/sd_o + rf_reg[30],0,30,0.0,0.0
csr_group3/sd_o + rf_reg[30],0,30,0.0,0.0
csr_group4/sd_o + rf_reg[30],0,30,0.0,0.0
csr_group5/sd_o + rf_reg[30],0,30,0.0,0.0
csr_group6/sd_o + rf_reg[30],0,30,0.0,0.0
csr_group7/sd_o + rf_reg[30],0,30,0.0,0.0
csr_group8/sd_o + rf_reg[30],0,30,0.0,0.0
csr_group9/sd_o + rf_reg[30],0,30,0.0,0.0
csr_group10/sd_o + rf_reg[30],0,30,0.0,0.0
csr_group11/sd_o + rf_reg[30],0,30,0.0,0.0
csr_group12/sd_o + rf_reg[30],0,30,0.0,0.0
csr_group13/sd_o + rf_reg[30],0,30,0.0,0.0
csr_group14/sd_o + rf_reg[30],0,30,0.0,0.0
csr_group15/sd_o + rf_reg[30],0,30,0.0,0.0
csr_group16/sd_o + rf_reg[30],0,30,0.0,0.0
csr_group17/sd_o + rf_reg[30],0,30,0.0,0.0
csr_group18/sd_o + rf_reg[30],0,30,0.0,0.0
csr_group19/sd_o + rf_reg[30],0,30,0.0,0.0
csr_group20/sd_o + rf_reg[30],0,30,0.0,0.0
lsu_group1/sd_o + rf_reg[30],0,30,0.0,0.0
lsu_group2/sd_o + rf_reg[30],0,30,0.0,0.0
lsu_group3/sd_o + rf_reg[30],0,30,0.0,0.0
lsu_group4/sd_o + rf_reg[30],0,30,0.0,0.0
lsu_group5/sd_o + rf_reg[30],0,30,0.0,0.0
id_group0/sd_o + rf_reg[31],0,30,0.0,0.0
id_group1/sd_o + rf_reg[31],0,30,0.0,0.0
id_group2/sd_o + rf_reg[31],0,30,0.0,0.0
id_group3/sd_o + rf_reg[31],0,30,0.0,0.0
id_group4/sd_o + rf_reg[31],0,30,0.0,0.0
id_group5/sd_o + rf_reg[31],0,30,0.0,0.0
id_group6/sd_o + rf_reg[31],0,30,0.0,0.0
id_group7/sd_o + rf_reg[31],0,30,0.0,0.0
id_group8/sd_o + rf_reg[31],0,30,0.0,0.0
id_group9/sd_o + rf_reg[31],0,30,0.0,0.0
csr_group0/sd_o + rf_reg[31],0,30,0.0,0.0
csr_group1/sd_o + rf_reg[31],0,30,0.0,0.0
csr_group2/sd_o + rf_reg[31],0,30,0.0,0.0
csr_group3/sd_o + rf_reg[31],0,30,0.0,0.0
csr_group4/sd_o + rf_reg[31],0,30,0.0,0.0
csr_group5/sd_o + rf_reg[31],0,30,0.0,0.0
csr_group6/sd_o + rf_reg[31],0,30,0.0,0.0
csr_group7/sd_o + rf_reg[31],0,30,0.0,0.0
csr_group8/sd_o + rf_reg[31],0,30,0.0,0.0
csr_group9/sd_o + rf_reg[31],0,30,0.0,0.0
csr_group10/sd_o + rf_reg[31],0,30,0.0,0.0
csr_group11/sd_o + rf_reg[31],0,30,0.0,0.0
csr_group12/sd_o + rf_reg[31],0,30,0.0,0.0
csr_group13/sd_o + rf_reg[31],0,30,0.0,0.0
csr_group14/sd_o + rf_reg[31],0,30,0.0,0.0
csr_group15/sd_o + rf_reg[31],0,30,0.0,0.0
csr_group16/sd_o + rf_reg[31],0,30,0.0,0.0
csr_group17/sd_o + rf_reg[31],0,30,0.0,0.0
csr_group18/sd_o + rf_reg[31],0,30,0.0,0.0
csr_group19/sd_o + rf_reg[31],0,30,0.0,0.0
csr_group20/sd_o + rf_reg[31],0,30,0.0,0.0
lsu_group1/sd_o + rf_reg[31],0,30,0.0,0.0
lsu_group2/sd_o + rf_reg[31],0,30,0.0,0.0
lsu_group3/sd_o + rf_reg[31],0,30,0.0,0.0
lsu_group4/sd_o + rf_reg[31],0,30,0.0,0.0
lsu_group5/sd_o + rf_reg[31],0,30,0.0,0.0
id_group0/sd_o + rs1_o_tag,0,30,0.0,0.0
id_group1/sd_o + rs1_o_tag,0,30,0.0,0.0
id_group2/sd_o + rs1_o_tag,0,30,0.0,0.0
id_group3/sd_o + rs1_o_tag,0,30,0.0,0.0
id_group4/sd_o + rs1_o_tag,0,30,0.0,0.0
id_group5/sd_o + rs1_o_tag,0,30,0.0,0.0
id_group6/sd_o + rs1_o_tag,0,30,0.0,0.0
id_group7/sd_o + rs1_o_tag,0,30,0.0,0.0
id_group8/sd_o + rs1_o_tag,0,30,0.0,0.0
id_group9/sd_o + rs1_o_tag,0,30,0.0,0.0
csr_group0/sd_o + rs1_o_tag,0,30,0.0,0.0
csr_group1/sd_o + rs1_o_tag,0,30,0.0,0.0
csr_group2/sd_o + rs1_o_tag,0,30,0.0,0.0
csr_group3/sd_o + rs1_o_tag,0,30,0.0,0.0
csr_group4/sd_o + rs1_o_tag,0,30,0.0,0.0
csr_group5/sd_o + rs1_o_tag,0,30,0.0,0.0
csr_group6/sd_o + rs1_o_tag,0,30,0.0,0.0
csr_group7/sd_o + rs1_o_tag,0,30,0.0,0.0
csr_group8/sd_o + rs1_o_tag,0,30,0.0,0.0
csr_group9/sd_o + rs1_o_tag,0,30,0.0,0.0
csr_group10/sd_o + rs1_o_tag,0,30,0.0,0.0
csr_group11/sd_o + rs1_o_tag,0,30,0.0,0.0
csr_group12/sd_o + rs1_o_tag,0,30,0.0,0.0
csr_group13/sd_o + rs1_o_tag,0,30,0.0,0.0
csr_group14/sd_o + rs1_o_tag,0,30,0.0,0.0
csr_group15/sd_o + rs1_o_tag,0,30,0.0,0.0
csr_group16/sd_o + rs1_o_tag,0,30,0.0,0.0
csr_group17/sd_o + rs1_o_tag,0,30,0.0,0.0
csr_group18/sd_o + rs1_o_tag,0,30,0.0,0.0
csr_group19/sd_o + rs1_o_tag,0,30,0.0,0.0
csr_group20/sd_o + rs1_o_tag,0,30,0.0,0.0
lsu_group1/sd_o + rs1_o_tag,0,30,0.0,0.0
lsu_group2/sd_o + rs1_o_tag,0,30,0.0,0.0
lsu_group3/sd_o + rs1_o_tag,0,30,0.0,0.0
lsu_group4/sd_o + rs1_o_tag,0,30,0.0,0.0
lsu_group5/sd_o + rs1_o_tag,0,30,0.0,0.0
data_we_q_tag + id_group0/sd_o,0,30,0.0,0.0
data_we_q_tag + id_group1/sd_o,0,30,0.0,0.0
data_we_q_tag + id_group2/sd_o,0,30,0.0,0.0
data_we_q_tag + id_group3/sd_o,0,30,0.0,0.0
data_we_q_tag + id_group4/sd_o,0,30,0.0,0.0
data_we_q_tag + id_group5/sd_o,0,30,0.0,0.0
data_we_q_tag + id_group6/sd_o,0,30,0.0,0.0
data_we_q_tag + id_group7/sd_o,0,30,0.0,0.0
data_we_q_tag + id_group8/sd_o,0,30,0.0,0.0
data_we_q_tag + id_group9/sd_o,0,30,0.0,0.0
csr_group0/sd_o + data_we_q_tag,0,30,0.0,0.0
csr_group1/sd_o + data_we_q_tag,0,30,0.0,0.0
csr_group2/sd_o + data_we_q_tag,0,30,0.0,0.0
csr_group3/sd_o + data_we_q_tag,0,30,0.0,0.0
csr_group4/sd_o + data_we_q_tag,0,30,0.0,0.0
csr_group5/sd_o + data_we_q_tag,0,30,0.0,0.0
csr_group6/sd_o + data_we_q_tag,0,30,0.0,0.0
csr_group7/sd_o + data_we_q_tag,0,30,0.0,0.0
csr_group8/sd_o + data_we_q_tag,0,30,0.0,0.0
csr_group9/sd_o + data_we_q_tag,0,30,0.0,0.0
csr_group10/sd_o + data_we_q_tag,0,30,0.0,0.0
csr_group11/sd_o + data_we_q_tag,0,30,0.0,0.0
csr_group12/sd_o + data_we_q_tag,0,30,0.0,0.0
csr_group13/sd_o + data_we_q_tag,0,30,0.0,0.0
csr_group14/sd_o + data_we_q_tag,0,30,0.0,0.0
csr_group15/sd_o + data_we_q_tag,0,30,0.0,0.0
csr_group16/sd_o + data_we_q_tag,0,30,0.0,0.0
csr_group17/sd_o + data_we_q_tag,0,30,0.0,0.0
csr_group18/sd_o + data_we_q_tag,0,30,0.0,0.0
csr_group19/sd_o + data_we_q_tag,0,30,0.0,0.0
csr_group20/sd_o + data_we_q_tag,0,30,0.0,0.0
data_we_q_tag + lsu_group1/sd_o,0,30,0.0,0.0
data_we_q_tag + lsu_group2/sd_o,0,30,0.0,0.0
data_we_q_tag + lsu_group3/sd_o,0,30,0.0,0.0
data_we_q_tag + lsu_group4/sd_o,0,30,0.0,0.0
data_we_q_tag + lsu_group5/sd_o,0,30,0.0,0.0
csr_group0/sd_o + pc_id_o_tag,0,30,0.0,0.0
csr_group1/sd_o + pc_id_o_tag,0,30,0.0,0.0
csr_group2/sd_o + pc_id_o_tag,0,30,0.0,0.0
csr_group3/sd_o + pc_id_o_tag,0,30,0.0,0.0
csr_group4/sd_o + pc_id_o_tag,0,30,0.0,0.0
csr_group5/sd_o + pc_id_o_tag,0,30,0.0,0.0
csr_group6/sd_o + pc_id_o_tag,0,30,0.0,0.0
id_group0/sd_o + if_stage/sd_o,0,30,0.0,0.0
id_group1/sd_o + if_stage/sd_o,0,30,0.0,0.0
id_group2/sd_o + if_stage/sd_o,0,30,0.0,0.0
id_group3/sd_o + if_stage/sd_o,0,30,0.0,0.0
id_group4/sd_o + if_stage/sd_o,0,30,0.0,0.0
id_group5/sd_o + if_stage/sd_o,0,30,0.0,0.0
id_group6/sd_o + if_stage/sd_o,0,30,0.0,0.0
id_group7/sd_o + if_stage/sd_o,0,30,0.0,0.0
id_group8/sd_o + if_stage/sd_o,0,30,0.0,0.0
id_group9/sd_o + if_stage/sd_o,0,30,0.0,0.0
csr_group0/sd_o + if_stage/sd_o,0,30,0.0,0.0
csr_group1/sd_o + if_stage/sd_o,0,30,0.0,0.0
csr_group2/sd_o + if_stage/sd_o,0,30,0.0,0.0
csr_group3/sd_o + if_stage/sd_o,0,30,0.0,0.0
csr_group4/sd_o + if_stage/sd_o,0,30,0.0,0.0
csr_group5/sd_o + if_stage/sd_o,0,30,0.0,0.0
csr_group6/sd_o + if_stage/sd_o,0,30,0.0,0.0
csr_group7/sd_o + if_stage/sd_o,0,30,0.0,0.0
csr_group8/sd_o + if_stage/sd_o,0,30,0.0,0.0
csr_group9/sd_o + if_stage/sd_o,0,30,0.0,0.0
csr_group10/sd_o + if_stage/sd_o,0,30,0.0,0.0
csr_group11/sd_o + if_stage/sd_o,0,30,0.0,0.0
csr_group12/sd_o + if_stage/sd_o,0,30,0.0,0.0
csr_group13/sd_o + if_stage/sd_o,0,30,0.0,0.0
csr_group14/sd_o + if_stage/sd_o,0,30,0.0,0.0
csr_group15/sd_o + if_stage/sd_o,0,30,0.0,0.0
csr_group16/sd_o + if_stage/sd_o,0,30,0.0,0.0
csr_group17/sd_o + if_stage/sd_o,0,30,0.0,0.0
csr_group18/sd_o + if_stage/sd_o,0,30,0.0,0.0
csr_group19/sd_o + if_stage/sd_o,0,30,0.0,0.0
csr_group20/sd_o + if_stage/sd_o,0,30,0.0,0.0
if_stage/sd_o + tcr_execute/sd_o,0,30,0.0,0.0
if_stage/sd_o + lsu_group1/sd_o,0,30,0.0,0.0
if_stage/sd_o + lsu_group2/sd_o,0,30,0.0,0.0
if_stage/sd_o + lsu_group3/sd_o,0,30,0.0,0.0
if_stage/sd_o + lsu_group4/sd_o,0,30,0.0,0.0
if_stage/sd_o + lsu_group5/sd_o,0,30,0.0,0.0
check_d_o_tag + id_group0/sd_o,0,30,0.0,0.0
check_d_o_tag + id_group1/sd_o,0,30,0.0,0.0
check_d_o_tag + id_group2/sd_o,0,30,0.0,0.0
check_d_o_tag + id_group3/sd_o,0,30,0.0,0.0
check_d_o_tag + id_group4/sd_o,0,30,0.0,0.0
check_d_o_tag + id_group5/sd_o,0,30,0.0,0.0
check_d_o_tag + id_group6/sd_o,0,30,0.0,0.0
check_d_o_tag + id_group7/sd_o,0,30,0.0,0.0
check_d_o_tag + id_group8/sd_o,0,30,0.0,0.0
id_group0/sd_o + id_group1/sd_o,0,30,0.0,0.0
id_group0/sd_o + id_group2/sd_o,0,30,0.0,0.0
id_group0/sd_o + id_group3/sd_o,0,30,0.0,0.0
id_group0/sd_o + id_group4/sd_o,0,30,0.0,0.0
id_group0/sd_o + id_group5/sd_o,0,30,0.0,0.0
id_group0/sd_o + id_group6/sd_o,0,30,0.0,0.0
id_group0/sd_o + id_group7/sd_o,0,30,0.0,0.0
id_group0/sd_o + id_group8/sd_o,0,30,0.0,0.0
id_group0/sd_o + id_group9/sd_o,0,30,0.0,0.0
id_group0/sd_o + sd_o_rf_tag,0,30,0.0,0.0
csr_group0/sd_o + id_group0/sd_o,0,30,0.0,0.0
csr_group1/sd_o + id_group0/sd_o,0,30,0.0,0.0
csr_group2/sd_o + id_group0/sd_o,0,30,0.0,0.0
csr_group3/sd_o + id_group0/sd_o,0,30,0.0,0.0
csr_group4/sd_o + id_group0/sd_o,0,30,0.0,0.0
csr_group5/sd_o + id_group0/sd_o,0,30,0.0,0.0
csr_group6/sd_o + id_group0/sd_o,0,30,0.0,0.0
csr_group7/sd_o + id_group0/sd_o,0,30,0.0,0.0
csr_group8/sd_o + id_group0/sd_o,0,30,0.0,0.0
csr_group9/sd_o + id_group0/sd_o,0,30,0.0,0.0
csr_group10/sd_o + id_group0/sd_o,0,30,0.0,0.0
csr_group11/sd_o + id_group0/sd_o,0,30,0.0,0.0
csr_group12/sd_o + id_group0/sd_o,0,30,0.0,0.0
csr_group13/sd_o + id_group0/sd_o,0,30,0.0,0.0
csr_group14/sd_o + id_group0/sd_o,0,30,0.0,0.0
csr_group15/sd_o + id_group0/sd_o,0,30,0.0,0.0
csr_group16/sd_o + id_group0/sd_o,0,30,0.0,0.0
csr_group17/sd_o + id_group0/sd_o,0,30,0.0,0.0
csr_group18/sd_o + id_group0/sd_o,0,30,0.0,0.0
csr_group19/sd_o + id_group0/sd_o,0,30,0.0,0.0
csr_group20/sd_o + id_group0/sd_o,0,30,0.0,0.0
id_group0/sd_o + tcr_execute/sd_o,0,30,0.0,0.0
id_group0/sd_o + lsu_group1/sd_o,0,30,0.0,0.0
id_group0/sd_o + lsu_group2/sd_o,0,30,0.0,0.0
id_group0/sd_o + lsu_group3/sd_o,0,30,0.0,0.0
id_group0/sd_o + lsu_group4/sd_o,0,30,0.0,0.0
id_group0/sd_o + lsu_group5/sd_o,0,30,0.0,0.0
check_d_o_tag + id_group9/sd_o,0,30,0.0,0.0
check_d_o_tag + csr_group0/sd_o,0,30,0.0,0.0
check_d_o_tag + csr_group1/sd_o,0,30,0.0,0.0
check_d_o_tag + csr_group2/sd_o,0,30,0.0,0.0
check_d_o_tag + csr_group3/sd_o,0,30,0.0,0.0
check_d_o_tag + csr_group4/sd_o,0,30,0.0,0.0
check_d_o_tag + csr_group5/sd_o,0,30,0.0,0.0
id_group1/sd_o + id_group2/sd_o,0,30,0.0,0.0
id_group1/sd_o + id_group3/sd_o,0,30,0.0,0.0
id_group1/sd_o + id_group4/sd_o,0,30,0.0,0.0
id_group1/sd_o + id_group5/sd_o,0,30,0.0,0.0
id_group1/sd_o + id_group6/sd_o,0,30,0.0,0.0
id_group1/sd_o + id_group7/sd_o,0,30,0.0,0.0
id_group1/sd_o + id_group8/sd_o,0,30,0.0,0.0
id_group1/sd_o + id_group9/sd_o,0,30,0.0,0.0
id_group1/sd_o + sd_o_rf_tag,0,30,0.0,0.0
csr_group0/sd_o + id_group1/sd_o,0,30,0.0,0.0
csr_group1/sd_o + id_group1/sd_o,0,30,0.0,0.0
csr_group2/sd_o + id_group1/sd_o,0,30,0.0,0.0
csr_group3/sd_o + id_group1/sd_o,0,30,0.0,0.0
csr_group4/sd_o + id_group1/sd_o,0,30,0.0,0.0
csr_group5/sd_o + id_group1/sd_o,0,30,0.0,0.0
csr_group6/sd_o + id_group1/sd_o,0,30,0.0,0.0
csr_group7/sd_o + id_group1/sd_o,0,30,0.0,0.0
csr_group8/sd_o + id_group1/sd_o,0,30,0.0,0.0
csr_group9/sd_o + id_group1/sd_o,0,30,0.0,0.0
csr_group10/sd_o + id_group1/sd_o,0,30,0.0,0.0
csr_group11/sd_o + id_group1/sd_o,0,30,0.0,0.0
csr_group12/sd_o + id_group1/sd_o,0,30,0.0,0.0
csr_group13/sd_o + id_group1/sd_o,0,30,0.0,0.0
csr_group14/sd_o + id_group1/sd_o,0,30,0.0,0.0
csr_group15/sd_o + id_group1/sd_o,0,30,0.0,0.0
csr_group16/sd_o + id_group1/sd_o,0,30,0.0,0.0
csr_group17/sd_o + id_group1/sd_o,0,30,0.0,0.0
csr_group18/sd_o + id_group1/sd_o,0,30,0.0,0.0
csr_group19/sd_o + id_group1/sd_o,0,30,0.0,0.0
csr_group20/sd_o + id_group1/sd_o,0,30,0.0,0.0
id_group1/sd_o + tcr_execute/sd_o,0,30,0.0,0.0
id_group1/sd_o + lsu_group1/sd_o,0,30,0.0,0.0
id_group1/sd_o + lsu_group2/sd_o,0,30,0.0,0.0
id_group1/sd_o + lsu_group3/sd_o,0,30,0.0,0.0
id_group1/sd_o + lsu_group4/sd_o,0,30,0.0,0.0
id_group1/sd_o + lsu_group5/sd_o,0,30,0.0,0.0
check_d_o_tag + csr_group6/sd_o,0,30,0.0,0.0
check_d_o_tag + csr_group7/sd_o,0,30,0.0,0.0
check_d_o_tag + csr_group8/sd_o,0,30,0.0,0.0
check_d_o_tag + csr_group9/sd_o,0,30,0.0,0.0
check_d_o_tag + csr_group10/sd_o,0,30,0.0,0.0
check_d_o_tag + csr_group11/sd_o,0,30,0.0,0.0
check_d_o_tag + csr_group12/sd_o,0,30,0.0,0.0
check_d_o_tag + csr_group13/sd_o,0,30,0.0,0.0
check_d_o_tag + csr_group14/sd_o,0,30,0.0,0.0
check_d_o_tag + csr_group15/sd_o,0,30,0.0,0.0
check_d_o_tag + csr_group16/sd_o,0,30,0.0,0.0
check_d_o_tag + csr_group17/sd_o,0,30,0.0,0.0
check_d_o_tag + csr_group18/sd_o,0,30,0.0,0.0
check_d_o_tag + csr_group19/sd_o,0,30,0.0,0.0
check_d_o_tag + csr_group20/sd_o,0,30,0.0,0.0
check_d_o_tag + lsu_group1/sd_o,0,30,0.0,0.0
check_d_o_tag + lsu_group2/sd_o,0,30,0.0,0.0
check_d_o_tag + lsu_group3/sd_o,0,30,0.0,0.0
check_d_o_tag + lsu_group4/sd_o,0,30,0.0,0.0
check_d_o_tag + lsu_group5/sd_o,0,30,0.0,0.0
id_group2/sd_o + id_group3/sd_o,0,30,0.0,0.0
id_group2/sd_o + id_group4/sd_o,0,30,0.0,0.0
id_group2/sd_o + id_group5/sd_o,0,30,0.0,0.0
id_group2/sd_o + id_group6/sd_o,0,30,0.0,0.0
id_group2/sd_o + id_group7/sd_o,0,30,0.0,0.0
id_group2/sd_o + id_group8/sd_o,0,30,0.0,0.0
id_group2/sd_o + id_group9/sd_o,0,30,0.0,0.0
id_group2/sd_o + sd_o_rf_tag,0,30,0.0,0.0
csr_group0/sd_o + id_group2/sd_o,0,30,0.0,0.0
csr_group1/sd_o + id_group2/sd_o,0,30,0.0,0.0
csr_group2/sd_o + id_group2/sd_o,0,30,0.0,0.0
csr_group3/sd_o + id_group2/sd_o,0,30,0.0,0.0
csr_group4/sd_o + id_group2/sd_o,0,30,0.0,0.0
csr_group5/sd_o + id_group2/sd_o,0,30,0.0,0.0
csr_group6/sd_o + id_group2/sd_o,0,30,0.0,0.0
csr_group7/sd_o + id_group2/sd_o,0,30,0.0,0.0
csr_group8/sd_o + id_group2/sd_o,0,30,0.0,0.0
csr_group9/sd_o + id_group2/sd_o,0,30,0.0,0.0
csr_group10/sd_o + id_group2/sd_o,0,30,0.0,0.0
csr_group11/sd_o + id_group2/sd_o,0,30,0.0,0.0
csr_group12/sd_o + id_group2/sd_o,0,30,0.0,0.0
csr_group13/sd_o + id_group2/sd_o,0,30,0.0,0.0
csr_group14/sd_o + id_group2/sd_o,0,30,0.0,0.0
csr_group15/sd_o + id_group2/sd_o,0,30,0.0,0.0
csr_group16/sd_o + id_group2/sd_o,0,30,0.0,0.0
csr_group17/sd_o + id_group2/sd_o,0,30,0.0,0.0
csr_group18/sd_o + id_group2/sd_o,0,30,0.0,0.0
csr_group19/sd_o + id_group2/sd_o,0,30,0.0,0.0
csr_group20/sd_o + id_group2/sd_o,0,30,0.0,0.0
id_group2/sd_o + tcr_execute/sd_o,0,30,0.0,0.0
id_group2/sd_o + lsu_group1/sd_o,0,30,0.0,0.0
id_group2/sd_o + lsu_group2/sd_o,0,30,0.0,0.0
id_group2/sd_o + lsu_group3/sd_o,0,30,0.0,0.0
id_group2/sd_o + lsu_group4/sd_o,0,30,0.0,0.0
id_group2/sd_o + lsu_group5/sd_o,0,30,0.0,0.0
check_s1_o_tag + id_group0/sd_o,0,30,0.0,0.0
check_s1_o_tag + id_group1/sd_o,0,30,0.0,0.0
check_s1_o_tag + id_group2/sd_o,0,30,0.0,0.0
check_s1_o_tag + id_group3/sd_o,0,30,0.0,0.0
check_s1_o_tag + id_group4/sd_o,0,30,0.0,0.0
check_s1_o_tag + id_group5/sd_o,0,30,0.0,0.0
id_group3/sd_o + id_group4/sd_o,0,30,0.0,0.0
id_group3/sd_o + id_group5/sd_o,0,30,0.0,0.0
id_group3/sd_o + id_group6/sd_o,0,30,0.0,0.0
id_group3/sd_o + id_group7/sd_o,0,30,0.0,0.0
id_group3/sd_o + id_group8/sd_o,0,30,0.0,0.0
id_group3/sd_o + id_group9/sd_o,0,30,0.0,0.0
id_group3/sd_o + sd_o_rf_tag,0,30,0.0,0.0
csr_group0/sd_o + id_group3/sd_o,0,30,0.0,0.0
csr_group1/sd_o + id_group3/sd_o,0,30,0.0,0.0
csr_group2/sd_o + id_group3/sd_o,0,30,0.0,0.0
csr_group3/sd_o + id_group3/sd_o,0,30,0.0,0.0
csr_group4/sd_o + id_group3/sd_o,0,30,0.0,0.0
csr_group5/sd_o + id_group3/sd_o,0,30,0.0,0.0
csr_group6/sd_o + id_group3/sd_o,0,30,0.0,0.0
csr_group7/sd_o + id_group3/sd_o,0,30,0.0,0.0
csr_group8/sd_o + id_group3/sd_o,0,30,0.0,0.0
csr_group9/sd_o + id_group3/sd_o,0,30,0.0,0.0
csr_group10/sd_o + id_group3/sd_o,0,30,0.0,0.0
csr_group11/sd_o + id_group3/sd_o,0,30,0.0,0.0
csr_group12/sd_o + id_group3/sd_o,0,30,0.0,0.0
csr_group13/sd_o + id_group3/sd_o,0,30,0.0,0.0
csr_group14/sd_o + id_group3/sd_o,0,30,0.0,0.0
csr_group15/sd_o + id_group3/sd_o,0,30,0.0,0.0
csr_group16/sd_o + id_group3/sd_o,0,30,0.0,0.0
csr_group17/sd_o + id_group3/sd_o,0,30,0.0,0.0
csr_group18/sd_o + id_group3/sd_o,0,30,0.0,0.0
csr_group19/sd_o + id_group3/sd_o,0,30,0.0,0.0
csr_group20/sd_o + id_group3/sd_o,0,30,0.0,0.0
id_group3/sd_o + tcr_execute/sd_o,0,30,0.0,0.0
id_group3/sd_o + lsu_group1/sd_o,0,30,0.0,0.0
id_group3/sd_o + lsu_group2/sd_o,0,30,0.0,0.0
id_group3/sd_o + lsu_group3/sd_o,0,30,0.0,0.0
id_group3/sd_o + lsu_group4/sd_o,0,30,0.0,0.0
id_group3/sd_o + lsu_group5/sd_o,0,30,0.0,0.0
check_s1_o_tag + id_group6/sd_o,0,30,0.0,0.0
check_s1_o_tag + id_group7/sd_o,0,30,0.0,0.0
check_s1_o_tag + id_group8/sd_o,0,30,0.0,0.0
check_s1_o_tag + id_group9/sd_o,0,30,0.0,0.0
check_s1_o_tag + csr_group0/sd_o,0,30,0.0,0.0
check_s1_o_tag + csr_group1/sd_o,0,30,0.0,0.0
check_s1_o_tag + csr_group2/sd_o,0,30,0.0,0.0
id_group4/sd_o + id_group5/sd_o,0,30,0.0,0.0
id_group4/sd_o + id_group6/sd_o,0,30,0.0,0.0
id_group4/sd_o + id_group7/sd_o,0,30,0.0,0.0
id_group4/sd_o + id_group8/sd_o,0,30,0.0,0.0
id_group4/sd_o + id_group9/sd_o,0,30,0.0,0.0
id_group4/sd_o + sd_o_rf_tag,0,30,0.0,0.0
csr_group0/sd_o + id_group4/sd_o,0,30,0.0,0.0
csr_group1/sd_o + id_group4/sd_o,0,30,0.0,0.0
csr_group2/sd_o + id_group4/sd_o,0,30,0.0,0.0
csr_group3/sd_o + id_group4/sd_o,0,30,0.0,0.0
csr_group4/sd_o + id_group4/sd_o,0,30,0.0,0.0
csr_group5/sd_o + id_group4/sd_o,0,30,0.0,0.0
check_s1_o_tag + csr_group3/sd_o,0,30,0.0,0.0
check_s1_o_tag + csr_group4/sd_o,0,30,0.0,0.0
check_s1_o_tag + csr_group5/sd_o,0,30,0.0,0.0
check_s1_o_tag + csr_group6/sd_o,0,30,0.0,0.0
check_s1_o_tag + csr_group7/sd_o,0,30,0.0,0.0
check_s1_o_tag + csr_group8/sd_o,0,30,0.0,0.0
check_s1_o_tag + csr_group9/sd_o,0,30,0.0,0.0
check_s1_o_tag + csr_group10/sd_o,0,30,0.0,0.0
check_s1_o_tag + csr_group11/sd_o,0,30,0.0,0.0
check_s1_o_tag + csr_group12/sd_o,0,30,0.0,0.0
check_s1_o_tag + csr_group13/sd_o,0,30,0.0,0.0
check_s1_o_tag + csr_group14/sd_o,0,30,0.0,0.0
check_s1_o_tag + csr_group15/sd_o,0,30,0.0,0.0
csr_group6/sd_o + id_group4/sd_o,0,30,0.0,0.0
csr_group7/sd_o + id_group4/sd_o,0,30,0.0,0.0
csr_group8/sd_o + id_group4/sd_o,0,30,0.0,0.0
csr_group9/sd_o + id_group4/sd_o,0,30,0.0,0.0
csr_group10/sd_o + id_group4/sd_o,0,30,0.0,0.0
csr_group11/sd_o + id_group4/sd_o,0,30,0.0,0.0
csr_group12/sd_o + id_group4/sd_o,0,30,0.0,0.0
csr_group13/sd_o + id_group4/sd_o,0,30,0.0,0.0
csr_group14/sd_o + id_group4/sd_o,0,30,0.0,0.0
csr_group15/sd_o + id_group4/sd_o,0,30,0.0,0.0
csr_group16/sd_o + id_group4/sd_o,0,30,0.0,0.0
csr_group17/sd_o + id_group4/sd_o,0,30,0.0,0.0
csr_group18/sd_o + id_group4/sd_o,0,30,0.0,0.0
csr_group19/sd_o + id_group4/sd_o,0,30,0.0,0.0
csr_group20/sd_o + id_group4/sd_o,0,30,0.0,0.0
id_group4/sd_o + tcr_execute/sd_o,0,30,0.0,0.0
id_group4/sd_o + lsu_group1/sd_o,0,30,0.0,0.0
id_group4/sd_o + lsu_group2/sd_o,0,30,0.0,0.0
id_group4/sd_o + lsu_group3/sd_o,0,30,0.0,0.0
id_group4/sd_o + lsu_group4/sd_o,0,30,0.0,0.0
id_group4/sd_o + lsu_group5/sd_o,0,30,0.0,0.0
check_s1_o_tag + csr_group16/sd_o,0,30,0.0,0.0
check_s1_o_tag + csr_group17/sd_o,0,30,0.0,0.0
check_s1_o_tag + csr_group18/sd_o,0,30,0.0,0.0
check_s1_o_tag + csr_group19/sd_o,0,30,0.0,0.0
check_s1_o_tag + csr_group20/sd_o,0,30,0.0,0.0
check_s1_o_tag + lsu_group1/sd_o,0,30,0.0,0.0
check_s1_o_tag + lsu_group2/sd_o,0,30,0.0,0.0
check_s1_o_tag + lsu_group3/sd_o,0,30,0.0,0.0
check_s1_o_tag + lsu_group4/sd_o,0,30,0.0,0.0
check_s1_o_tag + lsu_group5/sd_o,0,30,0.0,0.0
id_group5/sd_o + id_group6/sd_o,0,30,0.0,0.0
id_group5/sd_o + id_group7/sd_o,0,30,0.0,0.0
id_group5/sd_o + id_group8/sd_o,0,30,0.0,0.0
id_group5/sd_o + id_group9/sd_o,0,30,0.0,0.0
id_group5/sd_o + sd_o_rf_tag,0,30,0.0,0.0
csr_group0/sd_o + id_group5/sd_o,0,30,0.0,0.0
csr_group1/sd_o + id_group5/sd_o,0,30,0.0,0.0
csr_group2/sd_o + id_group5/sd_o,0,30,0.0,0.0
csr_group3/sd_o + id_group5/sd_o,0,30,0.0,0.0
csr_group4/sd_o + id_group5/sd_o,0,30,0.0,0.0
csr_group5/sd_o + id_group5/sd_o,0,30,0.0,0.0
csr_group6/sd_o + id_group5/sd_o,0,30,0.0,0.0
csr_group7/sd_o + id_group5/sd_o,0,30,0.0,0.0
csr_group8/sd_o + id_group5/sd_o,0,30,0.0,0.0
csr_group9/sd_o + id_group5/sd_o,0,30,0.0,0.0
csr_group10/sd_o + id_group5/sd_o,0,30,0.0,0.0
csr_group11/sd_o + id_group5/sd_o,0,30,0.0,0.0
csr_group12/sd_o + id_group5/sd_o,0,30,0.0,0.0
csr_group13/sd_o + id_group5/sd_o,0,30,0.0,0.0
csr_group14/sd_o + id_group5/sd_o,0,30,0.0,0.0
csr_group15/sd_o + id_group5/sd_o,0,30,0.0,0.0
csr_group16/sd_o + id_group5/sd_o,0,30,0.0,0.0
csr_group17/sd_o + id_group5/sd_o,0,30,0.0,0.0
csr_group18/sd_o + id_group5/sd_o,0,30,0.0,0.0
csr_group19/sd_o + id_group5/sd_o,0,30,0.0,0.0
csr_group20/sd_o + id_group5/sd_o,0,30,0.0,0.0
id_group5/sd_o + tcr_execute/sd_o,0,30,0.0,0.0
id_group5/sd_o + lsu_group1/sd_o,0,30,0.0,0.0
id_group5/sd_o + lsu_group2/sd_o,0,30,0.0,0.0
id_group5/sd_o + lsu_group3/sd_o,0,30,0.0,0.0
id_group5/sd_o + lsu_group4/sd_o,0,30,0.0,0.0
id_group5/sd_o + lsu_group5/sd_o,0,30,0.0,0.0
csr_group7/sd_o + pc_id_o_tag,0,30,0.0,0.0
csr_group8/sd_o + pc_id_o_tag,0,30,0.0,0.0
csr_group9/sd_o + pc_id_o_tag,0,30,0.0,0.0
csr_group10/sd_o + pc_id_o_tag,0,30,0.0,0.0
csr_group11/sd_o + pc_id_o_tag,0,30,0.0,0.0
csr_group12/sd_o + pc_id_o_tag,0,30,0.0,0.0
csr_group13/sd_o + pc_id_o_tag,0,30,0.0,0.0
csr_group14/sd_o + pc_id_o_tag,0,30,0.0,0.0
csr_group15/sd_o + pc_id_o_tag,0,30,0.0,0.0
csr_group16/sd_o + pc_id_o_tag,0,30,0.0,0.0
csr_group17/sd_o + pc_id_o_tag,0,30,0.0,0.0
csr_group18/sd_o + pc_id_o_tag,0,30,0.0,0.0
csr_group19/sd_o + pc_id_o_tag,0,30,0.0,0.0
csr_group20/sd_o + pc_id_o_tag,0,30,0.0,0.0
check_s2_o_tag + id_group0/sd_o,0,30,0.0,0.0
check_s2_o_tag + id_group1/sd_o,0,30,0.0,0.0
check_s2_o_tag + id_group2/sd_o,0,30,0.0,0.0
id_group6/sd_o + id_group7/sd_o,0,30,0.0,0.0
id_group6/sd_o + id_group8/sd_o,0,30,0.0,0.0
id_group6/sd_o + id_group9/sd_o,0,30,0.0,0.0
id_group6/sd_o + sd_o_rf_tag,0,30,0.0,0.0
csr_group0/sd_o + id_group6/sd_o,0,30,0.0,0.0
csr_group1/sd_o + id_group6/sd_o,0,30,0.0,0.0
csr_group2/sd_o + id_group6/sd_o,0,30,0.0,0.0
csr_group3/sd_o + id_group6/sd_o,0,30,0.0,0.0
csr_group4/sd_o + id_group6/sd_o,0,30,0.0,0.0
csr_group5/sd_o + id_group6/sd_o,0,30,0.0,0.0
csr_group6/sd_o + id_group6/sd_o,0,30,0.0,0.0
csr_group7/sd_o + id_group6/sd_o,0,30,0.0,0.0
csr_group8/sd_o + id_group6/sd_o,0,30,0.0,0.0
csr_group9/sd_o + id_group6/sd_o,0,30,0.0,0.0
csr_group10/sd_o + id_group6/sd_o,0,30,0.0,0.0
csr_group11/sd_o + id_group6/sd_o,0,30,0.0,0.0
csr_group12/sd_o + id_group6/sd_o,0,30,0.0,0.0
csr_group13/sd_o + id_group6/sd_o,0,30,0.0,0.0
csr_group14/sd_o + id_group6/sd_o,0,30,0.0,0.0
csr_group15/sd_o + id_group6/sd_o,0,30,0.0,0.0
csr_group16/sd_o + id_group6/sd_o,0,30,0.0,0.0
csr_group17/sd_o + id_group6/sd_o,0,30,0.0,0.0
csr_group18/sd_o + id_group6/sd_o,0,30,0.0,0.0
csr_group19/sd_o + id_group6/sd_o,0,30,0.0,0.0
csr_group20/sd_o + id_group6/sd_o,0,30,0.0,0.0
id_group6/sd_o + tcr_execute/sd_o,0,30,0.0,0.0
id_group6/sd_o + lsu_group1/sd_o,0,30,0.0,0.0
id_group6/sd_o + lsu_group2/sd_o,0,30,0.0,0.0
id_group6/sd_o + lsu_group3/sd_o,0,30,0.0,0.0
id_group6/sd_o + lsu_group4/sd_o,0,30,0.0,0.0
id_group6/sd_o + lsu_group5/sd_o,0,30,0.0,0.0
check_s2_o_tag + id_group3/sd_o,0,30,0.0,0.0
check_s2_o_tag + id_group4/sd_o,0,30,0.0,0.0
check_s2_o_tag + id_group5/sd_o,0,30,0.0,0.0
check_s2_o_tag + id_group6/sd_o,0,30,0.0,0.0
check_s2_o_tag + id_group7/sd_o,0,30,0.0,0.0
check_s2_o_tag + id_group8/sd_o,0,30,0.0,0.0
check_s2_o_tag + id_group9/sd_o,0,30,0.0,0.0
id_group7/sd_o + id_group8/sd_o,0,30,0.0,0.0
id_group7/sd_o + id_group9/sd_o,0,30,0.0,0.0
id_group7/sd_o + sd_o_rf_tag,0,30,0.0,0.0
csr_group0/sd_o + id_group7/sd_o,0,30,0.0,0.0
csr_group1/sd_o + id_group7/sd_o,0,30,0.0,0.0
csr_group2/sd_o + id_group7/sd_o,0,30,0.0,0.0
csr_group3/sd_o + id_group7/sd_o,0,30,0.0,0.0
csr_group4/sd_o + id_group7/sd_o,0,30,0.0,0.0
csr_group5/sd_o + id_group7/sd_o,0,30,0.0,0.0
csr_group6/sd_o + id_group7/sd_o,0,30,0.0,0.0
csr_group7/sd_o + id_group7/sd_o,0,30,0.0,0.0
csr_group8/sd_o + id_group7/sd_o,0,30,0.0,0.0
csr_group9/sd_o + id_group7/sd_o,0,30,0.0,0.0
csr_group10/sd_o + id_group7/sd_o,0,30,0.0,0.0
csr_group11/sd_o + id_group7/sd_o,0,30,0.0,0.0
csr_group12/sd_o + id_group7/sd_o,0,30,0.0,0.0
csr_group13/sd_o + id_group7/sd_o,0,30,0.0,0.0
csr_group14/sd_o + id_group7/sd_o,0,30,0.0,0.0
csr_group15/sd_o + id_group7/sd_o,0,30,0.0,0.0
csr_group16/sd_o + id_group7/sd_o,0,30,0.0,0.0
csr_group17/sd_o + id_group7/sd_o,0,30,0.0,0.0
csr_group18/sd_o + id_group7/sd_o,0,30,0.0,0.0
csr_group19/sd_o + id_group7/sd_o,0,30,0.0,0.0
csr_group20/sd_o + id_group7/sd_o,0,30,0.0,0.0
check_s2_o_tag + csr_group0/sd_o,0,30,0.0,0.0
check_s2_o_tag + csr_group1/sd_o,0,30,0.0,0.0
check_s2_o_tag + csr_group2/sd_o,0,30,0.0,0.0
check_s2_o_tag + csr_group3/sd_o,0,30,0.0,0.0
check_s2_o_tag + csr_group4/sd_o,0,30,0.0,0.0
check_s2_o_tag + csr_group5/sd_o,0,30,0.0,0.0
check_s2_o_tag + csr_group6/sd_o,0,30,0.0,0.0
check_s2_o_tag + csr_group7/sd_o,0,30,0.0,0.0
check_s2_o_tag + csr_group8/sd_o,0,30,0.0,0.0
check_s2_o_tag + csr_group9/sd_o,0,30,0.0,0.0
check_s2_o_tag + csr_group10/sd_o,0,30,0.0,0.0
check_s2_o_tag + csr_group11/sd_o,0,30,0.0,0.0
check_s2_o_tag + csr_group12/sd_o,0,30,0.0,0.0
id_group7/sd_o + tcr_execute/sd_o,0,30,0.0,0.0
id_group7/sd_o + lsu_group1/sd_o,0,30,0.0,0.0
id_group7/sd_o + lsu_group2/sd_o,0,30,0.0,0.0
id_group7/sd_o + lsu_group3/sd_o,0,30,0.0,0.0
id_group7/sd_o + lsu_group4/sd_o,0,30,0.0,0.0
id_group7/sd_o + lsu_group5/sd_o,0,30,0.0,0.0
check_s2_o_tag + csr_group13/sd_o,0,30,0.0,0.0
check_s2_o_tag + csr_group14/sd_o,0,30,0.0,0.0
check_s2_o_tag + csr_group15/sd_o,0,30,0.0,0.0
check_s2_o_tag + csr_group16/sd_o,0,30,0.0,0.0
check_s2_o_tag + csr_group17/sd_o,0,30,0.0,0.0
check_s2_o_tag + csr_group18/sd_o,0,30,0.0,0.0
check_s2_o_tag + csr_group19/sd_o,0,30,0.0,0.0
check_s2_o_tag + csr_group20/sd_o,0,30,0.0,0.0
check_s2_o_tag + lsu_group1/sd_o,0,30,0.0,0.0
check_s2_o_tag + lsu_group2/sd_o,0,30,0.0,0.0
check_s2_o_tag + lsu_group3/sd_o,0,30,0.0,0.0
check_s2_o_tag + lsu_group4/sd_o,0,30,0.0,0.0
check_s2_o_tag + lsu_group5/sd_o,0,30,0.0,0.0
id_group8/sd_o + id_group9/sd_o,0,30,0.0,0.0
id_group8/sd_o + sd_o_rf_tag,0,30,0.0,0.0
csr_group0/sd_o + id_group8/sd_o,0,30,0.0,0.0
csr_group1/sd_o + id_group8/sd_o,0,30,0.0,0.0
csr_group2/sd_o + id_group8/sd_o,0,30,0.0,0.0
csr_group3/sd_o + id_group8/sd_o,0,30,0.0,0.0
csr_group4/sd_o + id_group8/sd_o,0,30,0.0,0.0
csr_group5/sd_o + id_group8/sd_o,0,30,0.0,0.0
csr_group6/sd_o + id_group8/sd_o,0,30,0.0,0.0
csr_group7/sd_o + id_group8/sd_o,0,30,0.0,0.0
csr_group8/sd_o + id_group8/sd_o,0,30,0.0,0.0
csr_group9/sd_o + id_group8/sd_o,0,30,0.0,0.0
csr_group10/sd_o + id_group8/sd_o,0,30,0.0,0.0
csr_group11/sd_o + id_group8/sd_o,0,30,0.0,0.0
csr_group12/sd_o + id_group8/sd_o,0,30,0.0,0.0
csr_group13/sd_o + id_group8/sd_o,0,30,0.0,0.0
csr_group14/sd_o + id_group8/sd_o,0,30,0.0,0.0
csr_group15/sd_o + id_group8/sd_o,0,30,0.0,0.0
csr_group16/sd_o + id_group8/sd_o,0,30,0.0,0.0
csr_group17/sd_o + id_group8/sd_o,0,30,0.0,0.0
csr_group18/sd_o + id_group8/sd_o,0,30,0.0,0.0
csr_group19/sd_o + id_group8/sd_o,0,30,0.0,0.0
csr_group20/sd_o + id_group8/sd_o,0,30,0.0,0.0
id_group8/sd_o + tcr_execute/sd_o,0,30,0.0,0.0
id_group8/sd_o + lsu_group1/sd_o,0,30,0.0,0.0
id_group8/sd_o + lsu_group2/sd_o,0,30,0.0,0.0
id_group8/sd_o + lsu_group3/sd_o,0,30,0.0,0.0
id_group8/sd_o + lsu_group4/sd_o,0,30,0.0,0.0
id_group8/sd_o + lsu_group5/sd_o,0,30,0.0,0.0
id_group9/sd_o + sd_o_rf_tag,0,30,0.0,0.0
csr_group0/sd_o + id_group9/sd_o,0,30,0.0,0.0
csr_group1/sd_o + id_group9/sd_o,0,30,0.0,0.0
csr_group2/sd_o + id_group9/sd_o,0,30,0.0,0.0
csr_group3/sd_o + id_group9/sd_o,0,30,0.0,0.0
csr_group4/sd_o + id_group9/sd_o,0,30,0.0,0.0
csr_group5/sd_o + id_group9/sd_o,0,30,0.0,0.0
csr_group6/sd_o + id_group9/sd_o,0,30,0.0,0.0
csr_group7/sd_o + id_group9/sd_o,0,30,0.0,0.0
csr_group8/sd_o + id_group9/sd_o,0,30,0.0,0.0
csr_group9/sd_o + id_group9/sd_o,0,30,0.0,0.0
csr_group10/sd_o + id_group9/sd_o,0,30,0.0,0.0
csr_group11/sd_o + id_group9/sd_o,0,30,0.0,0.0
csr_group12/sd_o + id_group9/sd_o,0,30,0.0,0.0
csr_group13/sd_o + id_group9/sd_o,0,30,0.0,0.0
csr_group14/sd_o + id_group9/sd_o,0,30,0.0,0.0
csr_group15/sd_o + id_group9/sd_o,0,30,0.0,0.0
csr_group16/sd_o + id_group9/sd_o,0,30,0.0,0.0
csr_group17/sd_o + id_group9/sd_o,0,30,0.0,0.0
csr_group18/sd_o + id_group9/sd_o,0,30,0.0,0.0
csr_group19/sd_o + id_group9/sd_o,0,30,0.0,0.0
csr_group20/sd_o + id_group9/sd_o,0,30,0.0,0.0
id_group9/sd_o + tcr_execute/sd_o,0,30,0.0,0.0
id_group9/sd_o + lsu_group1/sd_o,0,30,0.0,0.0
id_group9/sd_o + lsu_group2/sd_o,0,30,0.0,0.0
id_group9/sd_o + lsu_group3/sd_o,0,30,0.0,0.0
id_group9/sd_o + lsu_group4/sd_o,0,30,0.0,0.0
id_group9/sd_o + lsu_group5/sd_o,0,30,0.0,0.0
id_group0/sd_o + is_store_post_o_tag,0,30,0.0,0.0
id_group1/sd_o + is_store_post_o_tag,0,30,0.0,0.0
id_group2/sd_o + is_store_post_o_tag,0,30,0.0,0.0
id_group3/sd_o + is_store_post_o_tag,0,30,0.0,0.0
id_group4/sd_o + is_store_post_o_tag,0,30,0.0,0.0
id_group5/sd_o + is_store_post_o_tag,0,30,0.0,0.0
id_group6/sd_o + is_store_post_o_tag,0,30,0.0,0.0
id_group7/sd_o + is_store_post_o_tag,0,30,0.0,0.0
id_group8/sd_o + is_store_post_o_tag,0,30,0.0,0.0
id_group9/sd_o + is_store_post_o_tag,0,30,0.0,0.0
csr_group0/sd_o + is_store_post_o_tag,0,30,0.0,0.0
csr_group1/sd_o + is_store_post_o_tag,0,30,0.0,0.0
csr_group2/sd_o + is_store_post_o_tag,0,30,0.0,0.0
csr_group3/sd_o + is_store_post_o_tag,0,30,0.0,0.0
csr_group4/sd_o + is_store_post_o_tag,0,30,0.0,0.0
csr_group5/sd_o + is_store_post_o_tag,0,30,0.0,0.0
csr_group6/sd_o + is_store_post_o_tag,0,30,0.0,0.0
csr_group7/sd_o + is_store_post_o_tag,0,30,0.0,0.0
csr_group8/sd_o + is_store_post_o_tag,0,30,0.0,0.0
csr_group9/sd_o + is_store_post_o_tag,0,30,0.0,0.0
csr_group10/sd_o + is_store_post_o_tag,0,30,0.0,0.0
csr_group11/sd_o + is_store_post_o_tag,0,30,0.0,0.0
csr_group12/sd_o + is_store_post_o_tag,0,30,0.0,0.0
csr_group13/sd_o + is_store_post_o_tag,0,30,0.0,0.0
csr_group14/sd_o + is_store_post_o_tag,0,30,0.0,0.0
csr_group15/sd_o + is_store_post_o_tag,0,30,0.0,0.0
csr_group16/sd_o + is_store_post_o_tag,0,30,0.0,0.0
csr_group17/sd_o + is_store_post_o_tag,0,30,0.0,0.0
csr_group18/sd_o + is_store_post_o_tag,0,30,0.0,0.0
csr_group19/sd_o + is_store_post_o_tag,0,30,0.0,0.0
csr_group20/sd_o + is_store_post_o_tag,0,30,0.0,0.0
is_store_post_o_tag + lsu_group1/sd_o,0,30,0.0,0.0
is_store_post_o_tag + lsu_group2/sd_o,0,30,0.0,0.0
is_store_post_o_tag + lsu_group3/sd_o,0,30,0.0,0.0
is_store_post_o_tag + lsu_group4/sd_o,0,30,0.0,0.0
is_store_post_o_tag + lsu_group5/sd_o,0,30,0.0,0.0
id_group0/sd_o + memory_set_o_tag,0,30,0.0,0.0
id_group1/sd_o + memory_set_o_tag,0,30,0.0,0.0
id_group2/sd_o + memory_set_o_tag,0,30,0.0,0.0
id_group3/sd_o + memory_set_o_tag,0,30,0.0,0.0
id_group4/sd_o + memory_set_o_tag,0,30,0.0,0.0
id_group5/sd_o + memory_set_o_tag,0,30,0.0,0.0
id_group6/sd_o + memory_set_o_tag,0,30,0.0,0.0
id_group7/sd_o + memory_set_o_tag,0,30,0.0,0.0
id_group8/sd_o + memory_set_o_tag,0,30,0.0,0.0
id_group9/sd_o + memory_set_o_tag,0,30,0.0,0.0
lsu_group1/sd_o + pc_id_o_tag,0,30,0.0,0.0
lsu_group2/sd_o + pc_id_o_tag,0,30,0.0,0.0
lsu_group3/sd_o + pc_id_o_tag,0,30,0.0,0.0
lsu_group4/sd_o + pc_id_o_tag,0,30,0.0,0.0
lsu_group5/sd_o + pc_id_o_tag,0,30,0.0,0.0
csr_group0/sd_o + memory_set_o_tag,0,30,0.0,0.0
csr_group1/sd_o + memory_set_o_tag,0,30,0.0,0.0
csr_group2/sd_o + memory_set_o_tag,0,30,0.0,0.0
csr_group3/sd_o + memory_set_o_tag,0,30,0.0,0.0
csr_group4/sd_o + memory_set_o_tag,0,30,0.0,0.0
csr_group5/sd_o + memory_set_o_tag,0,30,0.0,0.0
csr_group6/sd_o + memory_set_o_tag,0,30,0.0,0.0
csr_group7/sd_o + memory_set_o_tag,0,30,0.0,0.0
csr_group0/sd_o + sd_o_rf_tag,0,30,0.0,0.0
csr_group1/sd_o + sd_o_rf_tag,0,30,0.0,0.0
csr_group2/sd_o + sd_o_rf_tag,0,30,0.0,0.0
csr_group3/sd_o + sd_o_rf_tag,0,30,0.0,0.0
csr_group4/sd_o + sd_o_rf_tag,0,30,0.0,0.0
csr_group5/sd_o + sd_o_rf_tag,0,30,0.0,0.0
csr_group6/sd_o + sd_o_rf_tag,0,30,0.0,0.0
csr_group7/sd_o + sd_o_rf_tag,0,30,0.0,0.0
csr_group8/sd_o + sd_o_rf_tag,0,30,0.0,0.0
csr_group9/sd_o + sd_o_rf_tag,0,30,0.0,0.0
csr_group10/sd_o + sd_o_rf_tag,0,30,0.0,0.0
csr_group11/sd_o + sd_o_rf_tag,0,30,0.0,0.0
csr_group12/sd_o + sd_o_rf_tag,0,30,0.0,0.0
csr_group13/sd_o + sd_o_rf_tag,0,30,0.0,0.0
csr_group14/sd_o + sd_o_rf_tag,0,30,0.0,0.0
csr_group15/sd_o + sd_o_rf_tag,0,30,0.0,0.0
csr_group16/sd_o + sd_o_rf_tag,0,30,0.0,0.0
csr_group17/sd_o + sd_o_rf_tag,0,30,0.0,0.0
csr_group18/sd_o + sd_o_rf_tag,0,30,0.0,0.0
csr_group19/sd_o + sd_o_rf_tag,0,30,0.0,0.0
csr_group20/sd_o + sd_o_rf_tag,0,30,0.0,0.0
lsu_group1/sd_o + sd_o_rf_tag,0,30,0.0,0.0
lsu_group2/sd_o + sd_o_rf_tag,0,30,0.0,0.0
lsu_group3/sd_o + sd_o_rf_tag,0,30,0.0,0.0
lsu_group4/sd_o + sd_o_rf_tag,0,30,0.0,0.0
lsu_group5/sd_o + sd_o_rf_tag,0,30,0.0,0.0
csr_group8/sd_o + memory_set_o_tag,0,30,0.0,0.0
csr_group9/sd_o + memory_set_o_tag,0,30,0.0,0.0
csr_group10/sd_o + memory_set_o_tag,0,30,0.0,0.0
csr_group11/sd_o + memory_set_o_tag,0,30,0.0,0.0
csr_group12/sd_o + memory_set_o_tag,0,30,0.0,0.0
csr_group13/sd_o + memory_set_o_tag,0,30,0.0,0.0
csr_group14/sd_o + memory_set_o_tag,0,30,0.0,0.0
csr_group15/sd_o + memory_set_o_tag,0,30,0.0,0.0
csr_group16/sd_o + memory_set_o_tag,0,30,0.0,0.0
csr_group17/sd_o + memory_set_o_tag,0,30,0.0,0.0
csr_group18/sd_o + memory_set_o_tag,0,30,0.0,0.0
csr_group19/sd_o + memory_set_o_tag,0,30,0.0,0.0
csr_group20/sd_o + memory_set_o_tag,0,30,0.0,0.0
lsu_group1/sd_o + memory_set_o_tag,0,30,0.0,0.0
csr_group0/sd_o + csr_group1/sd_o,0,30,0.0,0.0
csr_group0/sd_o + csr_group2/sd_o,0,30,0.0,0.0
csr_group0/sd_o + csr_group3/sd_o,0,30,0.0,0.0
csr_group0/sd_o + csr_group4/sd_o,0,30,0.0,0.0
csr_group0/sd_o + csr_group5/sd_o,0,30,0.0,0.0
csr_group0/sd_o + csr_group6/sd_o,0,30,0.0,0.0
csr_group0/sd_o + csr_group7/sd_o,0,30,0.0,0.0
csr_group0/sd_o + csr_group8/sd_o,0,30,0.0,0.0
csr_group0/sd_o + csr_group9/sd_o,0,30,0.0,0.0
csr_group0/sd_o + csr_group10/sd_o,0,30,0.0,0.0
csr_group0/sd_o + csr_group11/sd_o,0,30,0.0,0.0
csr_group0/sd_o + csr_group12/sd_o,0,30,0.0,0.0
csr_group0/sd_o + csr_group13/sd_o,0,30,0.0,0.0
csr_group0/sd_o + csr_group14/sd_o,0,30,0.0,0.0
csr_group0/sd_o + csr_group15/sd_o,0,30,0.0,0.0
csr_group0/sd_o + csr_group16/sd_o,0,30,0.0,0.0
csr_group0/sd_o + csr_group17/sd_o,0,30,0.0,0.0
csr_group0/sd_o + csr_group18/sd_o,0,30,0.0,0.0
csr_group0/sd_o + csr_group19/sd_o,0,30,0.0,0.0
csr_group0/sd_o + csr_group20/sd_o,0,30,0.0,0.0
csr_group0/sd_o + tcr_execute/sd_o,0,30,0.0,0.0
csr_group0/sd_o + lsu_group1/sd_o,0,30,0.0,0.0
csr_group0/sd_o + lsu_group2/sd_o,0,30,0.0,0.0
csr_group0/sd_o + lsu_group3/sd_o,0,30,0.0,0.0
csr_group0/sd_o + lsu_group4/sd_o,0,30,0.0,0.0
csr_group0/sd_o + lsu_group5/sd_o,0,30,0.0,0.0
csr_group1/sd_o + csr_group2/sd_o,0,30,0.0,0.0
csr_group1/sd_o + csr_group3/sd_o,0,30,0.0,0.0
csr_group1/sd_o + csr_group4/sd_o,0,30,0.0,0.0
csr_group1/sd_o + csr_group5/sd_o,0,30,0.0,0.0
csr_group1/sd_o + csr_group6/sd_o,0,30,0.0,0.0
csr_group1/sd_o + csr_group7/sd_o,0,30,0.0,0.0
csr_group1/sd_o + csr_group8/sd_o,0,30,0.0,0.0
csr_group1/sd_o + csr_group9/sd_o,0,30,0.0,0.0
csr_group1/sd_o + csr_group10/sd_o,0,30,0.0,0.0
csr_group1/sd_o + csr_group11/sd_o,0,30,0.0,0.0
csr_group1/sd_o + csr_group12/sd_o,0,30,0.0,0.0
csr_group1/sd_o + csr_group13/sd_o,0,30,0.0,0.0
csr_group1/sd_o + csr_group14/sd_o,0,30,0.0,0.0
csr_group1/sd_o + csr_group15/sd_o,0,30,0.0,0.0
lsu_group2/sd_o + memory_set_o_tag,0,30,0.0,0.0
lsu_group3/sd_o + memory_set_o_tag,0,30,0.0,0.0
lsu_group4/sd_o + memory_set_o_tag,0,30,0.0,0.0
lsu_group5/sd_o + memory_set_o_tag,0,30,0.0,0.0
csr_group1/sd_o + csr_group16/sd_o,0,30,0.0,0.0
csr_group1/sd_o + csr_group17/sd_o,0,30,0.0,0.0
csr_group1/sd_o + csr_group18/sd_o,0,30,0.0,0.0
csr_group1/sd_o + csr_group19/sd_o,0,30,0.0,0.0
csr_group1/sd_o + csr_group20/sd_o,0,30,0.0,0.0
csr_group1/sd_o + tcr_execute/sd_o,0,30,0.0,0.0
csr_group1/sd_o + lsu_group1/sd_o,0,30,0.0,0.0
csr_group1/sd_o + lsu_group2/sd_o,0,30,0.0,0.0
csr_group1/sd_o + lsu_group3/sd_o,0,30,0.0,0.0
csr_group1/sd_o + lsu_group4/sd_o,0,30,0.0,0.0
csr_group1/sd_o + lsu_group5/sd_o,0,30,0.0,0.0
csr_group2/sd_o + csr_group3/sd_o,0,30,0.0,0.0
csr_group2/sd_o + csr_group4/sd_o,0,30,0.0,0.0
csr_group2/sd_o + csr_group5/sd_o,0,30,0.0,0.0
csr_group2/sd_o + csr_group6/sd_o,0,30,0.0,0.0
csr_group2/sd_o + csr_group7/sd_o,0,30,0.0,0.0
csr_group2/sd_o + csr_group8/sd_o,0,30,0.0,0.0
csr_group2/sd_o + csr_group9/sd_o,0,30,0.0,0.0
csr_group10/sd_o + csr_group2/sd_o,0,30,0.0,0.0
csr_group11/sd_o + csr_group2/sd_o,0,30,0.0,0.0
csr_group12/sd_o + csr_group2/sd_o,0,30,0.0,0.0
csr_group13/sd_o + csr_group2/sd_o,0,30,0.0,0.0
csr_group14/sd_o + csr_group2/sd_o,0,30,0.0,0.0
csr_group15/sd_o + csr_group2/sd_o,0,30,0.0,0.0
csr_group16/sd_o + csr_group2/sd_o,0,30,0.0,0.0
csr_group17/sd_o + csr_group2/sd_o,0,30,0.0,0.0
csr_group18/sd_o + csr_group2/sd_o,0,30,0.0,0.0
csr_group19/sd_o + csr_group2/sd_o,0,30,0.0,0.0
csr_group2/sd_o + csr_group20/sd_o,0,30,0.0,0.0
csr_group2/sd_o + tcr_execute/sd_o,0,30,0.0,0.0
csr_group2/sd_o + lsu_group1/sd_o,0,30,0.0,0.0
csr_group2/sd_o + lsu_group2/sd_o,0,30,0.0,0.0
csr_group2/sd_o + lsu_group3/sd_o,0,30,0.0,0.0
csr_group2/sd_o + lsu_group4/sd_o,0,30,0.0,0.0
csr_group2/sd_o + lsu_group5/sd_o,0,30,0.0,0.0
csr_group3/sd_o + csr_group4/sd_o,0,30,0.0,0.0
csr_group3/sd_o + csr_group5/sd_o,0,30,0.0,0.0
csr_group3/sd_o + csr_group6/sd_o,0,30,0.0,0.0
csr_group3/sd_o + csr_group7/sd_o,0,30,0.0,0.0
csr_group3/sd_o + csr_group8/sd_o,0,30,0.0,0.0
csr_group3/sd_o + csr_group9/sd_o,0,30,0.0,0.0
csr_group10/sd_o + csr_group3/sd_o,0,30,0.0,0.0
csr_group11/sd_o + csr_group3/sd_o,0,30,0.0,0.0
csr_group12/sd_o + csr_group3/sd_o,0,30,0.0,0.0
csr_group13/sd_o + csr_group3/sd_o,0,30,0.0,0.0
csr_group14/sd_o + csr_group3/sd_o,0,30,0.0,0.0
csr_group15/sd_o + csr_group3/sd_o,0,30,0.0,0.0
csr_group16/sd_o + csr_group3/sd_o,0,30,0.0,0.0
csr_group17/sd_o + csr_group3/sd_o,0,30,0.0,0.0
csr_group18/sd_o + csr_group3/sd_o,0,30,0.0,0.0
csr_group19/sd_o + csr_group3/sd_o,0,30,0.0,0.0
csr_group20/sd_o + csr_group3/sd_o,0,30,0.0,0.0
csr_group3/sd_o + tcr_execute/sd_o,0,30,0.0,0.0
csr_group3/sd_o + lsu_group1/sd_o,0,30,0.0,0.0
csr_group3/sd_o + lsu_group2/sd_o,0,30,0.0,0.0
csr_group3/sd_o + lsu_group3/sd_o,0,30,0.0,0.0
csr_group3/sd_o + lsu_group4/sd_o,0,30,0.0,0.0
csr_group3/sd_o + lsu_group5/sd_o,0,30,0.0,0.0
csr_group4/sd_o + csr_group5/sd_o,0,30,0.0,0.0
csr_group4/sd_o + csr_group6/sd_o,0,30,0.0,0.0
csr_group4/sd_o + csr_group7/sd_o,0,30,0.0,0.0
csr_group4/sd_o + csr_group8/sd_o,0,30,0.0,0.0
csr_group4/sd_o + csr_group9/sd_o,0,30,0.0,0.0
csr_group10/sd_o + csr_group4/sd_o,0,30,0.0,0.0
csr_group11/sd_o + csr_group4/sd_o,0,30,0.0,0.0
csr_group12/sd_o + csr_group4/sd_o,0,30,0.0,0.0
csr_group13/sd_o + csr_group4/sd_o,0,30,0.0,0.0
csr_group14/sd_o + csr_group4/sd_o,0,30,0.0,0.0
csr_group15/sd_o + csr_group4/sd_o,0,30,0.0,0.0
csr_group16/sd_o + csr_group4/sd_o,0,30,0.0,0.0
csr_group17/sd_o + csr_group4/sd_o,0,30,0.0,0.0
csr_group18/sd_o + csr_group4/sd_o,0,30,0.0,0.0
csr_group19/sd_o + csr_group4/sd_o,0,30,0.0,0.0
csr_group20/sd_o + csr_group4/sd_o,0,30,0.0,0.0
csr_group4/sd_o + tcr_execute/sd_o,0,30,0.0,0.0
csr_group4/sd_o + lsu_group1/sd_o,0,30,0.0,0.0
csr_group4/sd_o + lsu_group2/sd_o,0,30,0.0,0.0
csr_group4/sd_o + lsu_group3/sd_o,0,30,0.0,0.0
csr_group4/sd_o + lsu_group4/sd_o,0,30,0.0,0.0
csr_group4/sd_o + lsu_group5/sd_o,0,30,0.0,0.0
csr_group5/sd_o + csr_group6/sd_o,0,30,0.0,0.0
csr_group5/sd_o + csr_group7/sd_o,0,30,0.0,0.0
csr_group5/sd_o + csr_group8/sd_o,0,30,0.0,0.0
csr_group5/sd_o + csr_group9/sd_o,0,30,0.0,0.0
csr_group10/sd_o + csr_group5/sd_o,0,30,0.0,0.0
csr_group11/sd_o + csr_group5/sd_o,0,30,0.0,0.0
csr_group12/sd_o + csr_group5/sd_o,0,30,0.0,0.0
csr_group13/sd_o + csr_group5/sd_o,0,30,0.0,0.0
csr_group14/sd_o + csr_group5/sd_o,0,30,0.0,0.0
csr_group15/sd_o + csr_group5/sd_o,0,30,0.0,0.0
csr_group16/sd_o + csr_group5/sd_o,0,30,0.0,0.0
csr_group17/sd_o + csr_group5/sd_o,0,30,0.0,0.0
csr_group18/sd_o + csr_group5/sd_o,0,30,0.0,0.0
csr_group19/sd_o + csr_group5/sd_o,0,30,0.0,0.0
csr_group20/sd_o + csr_group5/sd_o,0,30,0.0,0.0
csr_group5/sd_o + tcr_execute/sd_o,0,30,0.0,0.0
csr_group5/sd_o + lsu_group1/sd_o,0,30,0.0,0.0
csr_group5/sd_o + lsu_group2/sd_o,0,30,0.0,0.0
csr_group5/sd_o + lsu_group3/sd_o,0,30,0.0,0.0
csr_group5/sd_o + lsu_group4/sd_o,0,30,0.0,0.0
csr_group5/sd_o + lsu_group5/sd_o,0,30,0.0,0.0
csr_group6/sd_o + csr_group7/sd_o,0,30,0.0,0.0
csr_group6/sd_o + csr_group8/sd_o,0,30,0.0,0.0
csr_group6/sd_o + csr_group9/sd_o,0,30,0.0,0.0
csr_group10/sd_o + csr_group6/sd_o,0,30,0.0,0.0
csr_group11/sd_o + csr_group6/sd_o,0,30,0.0,0.0
csr_group12/sd_o + csr_group6/sd_o,0,30,0.0,0.0
csr_group13/sd_o + csr_group6/sd_o,0,30,0.0,0.0
csr_group14/sd_o + csr_group6/sd_o,0,30,0.0,0.0
csr_group15/sd_o + csr_group6/sd_o,0,30,0.0,0.0
csr_group16/sd_o + csr_group6/sd_o,0,30,0.0,0.0
csr_group17/sd_o + csr_group6/sd_o,0,30,0.0,0.0
csr_group18/sd_o + csr_group6/sd_o,0,30,0.0,0.0
csr_group19/sd_o + csr_group6/sd_o,0,30,0.0,0.0
csr_group20/sd_o + csr_group6/sd_o,0,30,0.0,0.0
csr_group6/sd_o + tcr_execute/sd_o,0,30,0.0,0.0
csr_group6/sd_o + lsu_group1/sd_o,0,30,0.0,0.0
csr_group6/sd_o + lsu_group2/sd_o,0,30,0.0,0.0
csr_group6/sd_o + lsu_group3/sd_o,0,30,0.0,0.0
csr_group6/sd_o + lsu_group4/sd_o,0,30,0.0,0.0
csr_group6/sd_o + lsu_group5/sd_o,0,30,0.0,0.0
csr_group7/sd_o + csr_group8/sd_o,0,30,0.0,0.0
csr_group7/sd_o + csr_group9/sd_o,0,30,0.0,0.0
csr_group10/sd_o + csr_group7/sd_o,0,30,0.0,0.0
csr_group11/sd_o + csr_group7/sd_o,0,30,0.0,0.0
csr_group12/sd_o + csr_group7/sd_o,0,30,0.0,0.0
csr_group13/sd_o + csr_group7/sd_o,0,30,0.0,0.0
csr_group14/sd_o + csr_group7/sd_o,0,30,0.0,0.0
csr_group15/sd_o + csr_group7/sd_o,0,30,0.0,0.0
csr_group16/sd_o + csr_group7/sd_o,0,30,0.0,0.0
csr_group17/sd_o + csr_group7/sd_o,0,30,0.0,0.0
csr_group18/sd_o + csr_group7/sd_o,0,30,0.0,0.0
csr_group19/sd_o + csr_group7/sd_o,0,30,0.0,0.0
csr_group20/sd_o + csr_group7/sd_o,0,30,0.0,0.0
csr_group7/sd_o + tcr_execute/sd_o,0,30,0.0,0.0
csr_group7/sd_o + lsu_group1/sd_o,0,30,0.0,0.0
csr_group7/sd_o + lsu_group2/sd_o,0,30,0.0,0.0
csr_group7/sd_o + lsu_group3/sd_o,0,30,0.0,0.0
csr_group7/sd_o + lsu_group4/sd_o,0,30,0.0,0.0
csr_group7/sd_o + lsu_group5/sd_o,0,30,0.0,0.0
csr_group8/sd_o + csr_group9/sd_o,0,30,0.0,0.0
csr_group10/sd_o + csr_group8/sd_o,0,30,0.0,0.0
csr_group11/sd_o + csr_group8/sd_o,0,30,0.0,0.0
csr_group12/sd_o + csr_group8/sd_o,0,30,0.0,0.0
csr_group13/sd_o + csr_group8/sd_o,0,30,0.0,0.0
csr_group14/sd_o + csr_group8/sd_o,0,30,0.0,0.0
csr_group15/sd_o + csr_group8/sd_o,0,30,0.0,0.0
csr_group16/sd_o + csr_group8/sd_o,0,30,0.0,0.0
csr_group17/sd_o + csr_group8/sd_o,0,30,0.0,0.0
csr_group18/sd_o + csr_group8/sd_o,0,30,0.0,0.0
csr_group19/sd_o + csr_group8/sd_o,0,30,0.0,0.0
csr_group20/sd_o + csr_group8/sd_o,0,30,0.0,0.0
csr_group8/sd_o + tcr_execute/sd_o,0,30,0.0,0.0
csr_group8/sd_o + lsu_group1/sd_o,0,30,0.0,0.0
csr_group8/sd_o + lsu_group2/sd_o,0,30,0.0,0.0
csr_group8/sd_o + lsu_group3/sd_o,0,30,0.0,0.0
csr_group8/sd_o + lsu_group4/sd_o,0,30,0.0,0.0
csr_group8/sd_o + lsu_group5/sd_o,0,30,0.0,0.0
csr_group10/sd_o + csr_group9/sd_o,0,30,0.0,0.0
csr_group11/sd_o + csr_group9/sd_o,0,30,0.0,0.0
csr_group12/sd_o + csr_group9/sd_o,0,30,0.0,0.0
csr_group13/sd_o + csr_group9/sd_o,0,30,0.0,0.0
csr_group14/sd_o + csr_group9/sd_o,0,30,0.0,0.0
csr_group15/sd_o + csr_group9/sd_o,0,30,0.0,0.0
csr_group16/sd_o + csr_group9/sd_o,0,30,0.0,0.0
csr_group17/sd_o + csr_group9/sd_o,0,30,0.0,0.0
csr_group18/sd_o + csr_group9/sd_o,0,30,0.0,0.0
csr_group19/sd_o + csr_group9/sd_o,0,30,0.0,0.0
csr_group20/sd_o + csr_group9/sd_o,0,30,0.0,0.0
csr_group9/sd_o + tcr_execute/sd_o,0,30,0.0,0.0
csr_group9/sd_o + lsu_group1/sd_o,0,30,0.0,0.0
csr_group9/sd_o + lsu_group2/sd_o,0,30,0.0,0.0
csr_group9/sd_o + lsu_group3/sd_o,0,30,0.0,0.0
csr_group9/sd_o + lsu_group4/sd_o,0,30,0.0,0.0
csr_group9/sd_o + lsu_group5/sd_o,0,30,0.0,0.0
csr_group10/sd_o + csr_group11/sd_o,0,30,0.0,0.0
csr_group10/sd_o + csr_group12/sd_o,0,30,0.0,0.0
csr_group10/sd_o + csr_group13/sd_o,0,30,0.0,0.0
csr_group10/sd_o + csr_group14/sd_o,0,30,0.0,0.0
csr_group10/sd_o + csr_group15/sd_o,0,30,0.0,0.0
csr_group10/sd_o + csr_group16/sd_o,0,30,0.0,0.0
csr_group10/sd_o + csr_group17/sd_o,0,30,0.0,0.0
csr_group10/sd_o + csr_group18/sd_o,0,30,0.0,0.0
csr_group10/sd_o + csr_group19/sd_o,0,30,0.0,0.0
csr_group10/sd_o + csr_group20/sd_o,0,30,0.0,0.0
csr_group10/sd_o + tcr_execute/sd_o,0,30,0.0,0.0
csr_group10/sd_o + lsu_group1/sd_o,0,30,0.0,0.0
csr_group10/sd_o + lsu_group2/sd_o,0,30,0.0,0.0
csr_group10/sd_o + lsu_group3/sd_o,0,30,0.0,0.0
csr_group10/sd_o + lsu_group4/sd_o,0,30,0.0,0.0
csr_group10/sd_o + lsu_group5/sd_o,0,30,0.0,0.0
csr_group11/sd_o + csr_group12/sd_o,0,30,0.0,0.0
csr_group11/sd_o + csr_group13/sd_o,0,30,0.0,0.0
csr_group11/sd_o + csr_group14/sd_o,0,30,0.0,0.0
csr_group11/sd_o + csr_group15/sd_o,0,30,0.0,0.0
csr_group11/sd_o + csr_group16/sd_o,0,30,0.0,0.0
csr_group11/sd_o + csr_group17/sd_o,0,30,0.0,0.0
csr_group11/sd_o + csr_group18/sd_o,0,30,0.0,0.0
csr_group11/sd_o + csr_group19/sd_o,0,30,0.0,0.0
csr_group11/sd_o + csr_group20/sd_o,0,30,0.0,0.0
csr_group11/sd_o + tcr_execute/sd_o,0,30,0.0,0.0
csr_group11/sd_o + lsu_group1/sd_o,0,30,0.0,0.0
csr_group11/sd_o + lsu_group2/sd_o,0,30,0.0,0.0
csr_group11/sd_o + lsu_group3/sd_o,0,30,0.0,0.0
csr_group11/sd_o + lsu_group4/sd_o,0,30,0.0,0.0
csr_group11/sd_o + lsu_group5/sd_o,0,30,0.0,0.0
csr_group12/sd_o + csr_group13/sd_o,0,30,0.0,0.0
csr_group12/sd_o + csr_group14/sd_o,0,30,0.0,0.0
csr_group12/sd_o + csr_group15/sd_o,0,30,0.0,0.0
csr_group12/sd_o + csr_group16/sd_o,0,30,0.0,0.0
csr_group12/sd_o + csr_group17/sd_o,0,30,0.0,0.0
csr_group12/sd_o + csr_group18/sd_o,0,30,0.0,0.0
csr_group12/sd_o + csr_group19/sd_o,0,30,0.0,0.0
csr_group12/sd_o + csr_group20/sd_o,0,30,0.0,0.0
csr_group12/sd_o + tcr_execute/sd_o,0,30,0.0,0.0
csr_group12/sd_o + lsu_group1/sd_o,0,30,0.0,0.0
csr_group12/sd_o + lsu_group2/sd_o,0,30,0.0,0.0
csr_group12/sd_o + lsu_group3/sd_o,0,30,0.0,0.0
csr_group12/sd_o + lsu_group4/sd_o,0,30,0.0,0.0
csr_group12/sd_o + lsu_group5/sd_o,0,30,0.0,0.0
csr_group13/sd_o + csr_group14/sd_o,0,30,0.0,0.0
csr_group13/sd_o + csr_group15/sd_o,0,30,0.0,0.0
csr_group13/sd_o + csr_group16/sd_o,0,30,0.0,0.0
csr_group13/sd_o + csr_group17/sd_o,0,30,0.0,0.0
csr_group13/sd_o + csr_group18/sd_o,0,30,0.0,0.0
csr_group13/sd_o + csr_group19/sd_o,0,30,0.0,0.0
csr_group13/sd_o + csr_group20/sd_o,0,30,0.0,0.0
csr_group13/sd_o + tcr_execute/sd_o,0,30,0.0,0.0
csr_group13/sd_o + lsu_group1/sd_o,0,30,0.0,0.0
csr_group13/sd_o + lsu_group2/sd_o,0,30,0.0,0.0
csr_group13/sd_o + lsu_group3/sd_o,0,30,0.0,0.0
csr_group13/sd_o + lsu_group4/sd_o,0,30,0.0,0.0
csr_group13/sd_o + lsu_group5/sd_o,0,30,0.0,0.0
csr_group14/sd_o + csr_group15/sd_o,0,30,0.0,0.0
csr_group14/sd_o + csr_group16/sd_o,0,30,0.0,0.0
csr_group14/sd_o + csr_group17/sd_o,0,30,0.0,0.0
csr_group14/sd_o + csr_group18/sd_o,0,30,0.0,0.0
csr_group14/sd_o + csr_group19/sd_o,0,30,0.0,0.0
csr_group14/sd_o + csr_group20/sd_o,0,30,0.0,0.0
csr_group14/sd_o + tcr_execute/sd_o,0,30,0.0,0.0
csr_group14/sd_o + lsu_group1/sd_o,0,30,0.0,0.0
csr_group14/sd_o + lsu_group2/sd_o,0,30,0.0,0.0
csr_group14/sd_o + lsu_group3/sd_o,0,30,0.0,0.0
csr_group14/sd_o + lsu_group4/sd_o,0,30,0.0,0.0
csr_group14/sd_o + lsu_group5/sd_o,0,30,0.0,0.0
id_group0/sd_o + pc_if_o_tag,0,30,0.0,0.0
id_group1/sd_o + pc_if_o_tag,0,30,0.0,0.0
id_group2/sd_o + pc_if_o_tag,0,30,0.0,0.0
id_group3/sd_o + pc_if_o_tag,0,30,0.0,0.0
id_group4/sd_o + pc_if_o_tag,0,30,0.0,0.0
csr_group15/sd_o + csr_group16/sd_o,0,30,0.0,0.0
csr_group15/sd_o + csr_group17/sd_o,0,30,0.0,0.0
csr_group15/sd_o + csr_group18/sd_o,0,30,0.0,0.0
csr_group15/sd_o + csr_group19/sd_o,0,30,0.0,0.0
csr_group15/sd_o + csr_group20/sd_o,0,30,0.0,0.0
csr_group15/sd_o + tcr_execute/sd_o,0,30,0.0,0.0
csr_group15/sd_o + lsu_group1/sd_o,0,30,0.0,0.0
csr_group15/sd_o + lsu_group2/sd_o,0,30,0.0,0.0
csr_group15/sd_o + lsu_group3/sd_o,0,30,0.0,0.0
csr_group15/sd_o + lsu_group4/sd_o,0,30,0.0,0.0
csr_group15/sd_o + lsu_group5/sd_o,0,30,0.0,0.0
csr_group16/sd_o + csr_group17/sd_o,0,30,0.0,0.0
csr_group16/sd_o + csr_group18/sd_o,0,30,0.0,0.0
csr_group16/sd_o + csr_group19/sd_o,0,30,0.0,0.0
csr_group16/sd_o + csr_group20/sd_o,0,30,0.0,0.0
csr_group16/sd_o + tcr_execute/sd_o,0,30,0.0,0.0
csr_group16/sd_o + lsu_group1/sd_o,0,30,0.0,0.0
csr_group16/sd_o + lsu_group2/sd_o,0,30,0.0,0.0
csr_group16/sd_o + lsu_group3/sd_o,0,30,0.0,0.0
csr_group16/sd_o + lsu_group4/sd_o,0,30,0.0,0.0
csr_group16/sd_o + lsu_group5/sd_o,0,30,0.0,0.0
csr_group17/sd_o + csr_group18/sd_o,0,30,0.0,0.0
csr_group17/sd_o + csr_group19/sd_o,0,30,0.0,0.0
csr_group17/sd_o + csr_group20/sd_o,0,30,0.0,0.0
csr_group17/sd_o + tcr_execute/sd_o,0,30,0.0,0.0
csr_group17/sd_o + lsu_group1/sd_o,0,30,0.0,0.0
csr_group17/sd_o + lsu_group2/sd_o,0,30,0.0,0.0
csr_group17/sd_o + lsu_group3/sd_o,0,30,0.0,0.0
csr_group17/sd_o + lsu_group4/sd_o,0,30,0.0,0.0
csr_group17/sd_o + lsu_group5/sd_o,0,30,0.0,0.0
csr_group18/sd_o + csr_group19/sd_o,0,30,0.0,0.0
csr_group18/sd_o + csr_group20/sd_o,0,30,0.0,0.0
csr_group18/sd_o + tcr_execute/sd_o,0,30,0.0,0.0
csr_group18/sd_o + lsu_group1/sd_o,0,30,0.0,0.0
csr_group18/sd_o + lsu_group2/sd_o,0,30,0.0,0.0
csr_group18/sd_o + lsu_group3/sd_o,0,30,0.0,0.0
csr_group18/sd_o + lsu_group4/sd_o,0,30,0.0,0.0
csr_group18/sd_o + lsu_group5/sd_o,0,30,0.0,0.0
csr_group19/sd_o + csr_group20/sd_o,0,30,0.0,0.0
csr_group19/sd_o + tcr_execute/sd_o,0,30,0.0,0.0
csr_group19/sd_o + lsu_group1/sd_o,0,30,0.0,0.0
csr_group19/sd_o + lsu_group2/sd_o,0,30,0.0,0.0
csr_group19/sd_o + lsu_group3/sd_o,0,30,0.0,0.0
csr_group19/sd_o + lsu_group4/sd_o,0,30,0.0,0.0
csr_group19/sd_o + lsu_group5/sd_o,0,30,0.0,0.0
csr_group20/sd_o + tcr_execute/sd_o,0,30,0.0,0.0
csr_group20/sd_o + lsu_group1/sd_o,0,30,0.0,0.0
csr_group20/sd_o + lsu_group2/sd_o,0,30,0.0,0.0
csr_group20/sd_o + lsu_group3/sd_o,0,30,0.0,0.0
csr_group20/sd_o + lsu_group4/sd_o,0,30,0.0,0.0
csr_group20/sd_o + lsu_group5/sd_o,0,30,0.0,0.0
lsu_group1/sd_o + tcr_execute/sd_o,0,30,0.0,0.0
lsu_group2/sd_o + tcr_execute/sd_o,0,30,0.0,0.0
lsu_group3/sd_o + tcr_execute/sd_o,0,30,0.0,0.0
lsu_group4/sd_o + tcr_execute/sd_o,0,30,0.0,0.0
lsu_group5/sd_o + tcr_execute/sd_o,0,30,0.0,0.0
lsu_group1/sd_o + lsu_group2/sd_o,0,30,0.0,0.0
lsu_group1/sd_o + lsu_group3/sd_o,0,30,0.0,0.0
lsu_group1/sd_o + lsu_group4/sd_o,0,30,0.0,0.0
lsu_group1/sd_o + lsu_group5/sd_o,0,30,0.0,0.0
lsu_group2/sd_o + lsu_group3/sd_o,0,30,0.0,0.0
lsu_group2/sd_o + lsu_group4/sd_o,0,30,0.0,0.0
lsu_group2/sd_o + lsu_group5/sd_o,0,30,0.0,0.0
lsu_group3/sd_o + lsu_group4/sd_o,0,30,0.0,0.0
lsu_group3/sd_o + lsu_group5/sd_o,0,30,0.0,0.0
lsu_group4/sd_o + lsu_group5/sd_o,0,30,0.0,0.0
id_group5/sd_o + pc_if_o_tag,0,30,0.0,0.0
id_group6/sd_o + pc_if_o_tag,0,30,0.0,0.0
id_group7/sd_o + pc_if_o_tag,0,30,0.0,0.0
id_group8/sd_o + pc_if_o_tag,0,30,0.0,0.0
id_group9/sd_o + pc_if_o_tag,0,30,0.0,0.0
csr_group0/sd_o + pc_if_o_tag,0,30,0.0,0.0
csr_group1/sd_o + pc_if_o_tag,0,30,0.0,0.0
csr_group2/sd_o + pc_if_o_tag,0,30,0.0,0.0
csr_group3/sd_o + pc_if_o_tag,0,30,0.0,0.0
csr_group4/sd_o + pc_if_o_tag,0,30,0.0,0.0
csr_group5/sd_o + pc_if_o_tag,0,30,0.0,0.0
csr_group6/sd_o + pc_if_o_tag,0,30,0.0,0.0
csr_group7/sd_o + pc_if_o_tag,0,30,0.0,0.0
csr_group8/sd_o + pc_if_o_tag,0,30,0.0,0.0
csr_group9/sd_o + pc_if_o_tag,0,30,0.0,0.0
csr_group10/sd_o + pc_if_o_tag,0,30,0.0,0.0
csr_group11/sd_o + pc_if_o_tag,0,30,0.0,0.0
csr_group12/sd_o + pc_if_o_tag,0,30,0.0,0.0
csr_group13/sd_o + pc_if_o_tag,0,30,0.0,0.0
csr_group14/sd_o + pc_if_o_tag,0,30,0.0,0.0
csr_group15/sd_o + pc_if_o_tag,0,30,0.0,0.0
csr_group16/sd_o + pc_if_o_tag,0,30,0.0,0.0
csr_group17/sd_o + pc_if_o_tag,0,30,0.0,0.0
csr_group18/sd_o + pc_if_o_tag,0,30,0.0,0.0
csr_group19/sd_o + pc_if_o_tag,0,30,0.0,0.0
csr_group20/sd_o + pc_if_o_tag,0,30,0.0,0.0
lsu_group1/sd_o + pc_if_o_tag,0,30,0.0,0.0
lsu_group2/sd_o + pc_if_o_tag,0,30,0.0,0.0
lsu_group3/sd_o + pc_if_o_tag,0,30,0.0,0.0
lsu_group4/sd_o + pc_if_o_tag,0,30,0.0,0.0
lsu_group5/sd_o + pc_if_o_tag,0,30,0.0,0.0
pc_id_o_tag + sp_o_5,0,30,0.0,0.0
pc_id_o_tag + sp_o_26,0,30,0.0,0.0
pc_id_o_tag + sp_o_rf_tag,0,30,0.0,0.0
is_store_post_o_tag + sp_o_5,0,30,0.0,0.0
is_store_post_o_tag + sp_o_26,0,30,0.0,0.0
is_store_post_o_tag + sp_o_rf_tag,0,30,0.0,0.0
memory_set_o_tag + sp_o_5,0,30,0.0,0.0
memory_set_o_tag + sp_o_rf_tag,0,30,0.0,0.0
pc_if_o_tag + sp_o_5,0,30,0.0,0.0
pc_if_o_tag + sp_o_26,0,30,0.0,0.0
pc_if_o_tag + sp_o_rf_tag,0,30,0.0,0.0
register_set_o_tag + sp_o_5,0,30,0.0,0.0
register_set_o_tag + sp_o_26,0,30,0.0,0.0
register_set_o_tag + sp_o_rf_tag,0,30,0.0,0.0
sp_o_5 + store_dest_addr_ex_o_tag,0,30,0.0,0.0
sp_o_26 + store_dest_addr_ex_o_tag,0,30,0.0,0.0
sp_o_rf_tag + store_dest_addr_ex_o_tag,0,30,0.0,0.0
sp_o_5 + store_source_ex_o_tag,0,30,0.0,0.0
sp_o_26 + store_source_ex_o_tag,0,30,0.0,0.0
sp_o_rf_tag + store_source_ex_o_tag,0,30,0.0,0.0
sp_o_5 + use_store_ops_ex_o,0,30,0.0,0.0
sp_o_26 + use_store_ops_ex_o,0,30,0.0,0.0
sp_o_rf_tag + use_store_ops_ex_o,0,30,0.0,0.0
rf_reg[0] + sp_o_5,0,30,0.0,0.0
rf_reg[0] + sp_o_26,0,30,0.0,0.0
rf_reg[0] + sp_o_rf_tag,0,30,0.0,0.0
rf_reg[1] + sp_o_5,0,30,0.0,0.0
rf_reg[1] + sp_o_26,0,30,0.0,0.0
rf_reg[2] + sp_o_5,0,30,0.0,0.0
rf_reg[2] + sp_o_26,0,30,0.0,0.0
rf_reg[2] + sp_o_rf_tag,0,30,0.0,0.0
rf_reg[3] + sp_o_5,0,30,0.0,0.0
rf_reg[3] + sp_o_26,0,30,0.0,0.0
rf_reg[3] + sp_o_rf_tag,0,30,0.0,0.0
rf_reg[4] + sp_o_5,0,30,0.0,0.0
rf_reg[4] + sp_o_26,0,30,0.0,0.0
rf_reg[4] + sp_o_rf_tag,0,30,0.0,0.0
rf_reg[5] + sp_o_5,0,30,0.0,0.0
rf_reg[5] + sp_o_26,0,30,0.0,0.0
rf_reg[5] + sp_o_rf_tag,0,30,0.0,0.0
rf_reg[6] + sp_o_5,0,30,0.0,0.0
rf_reg[6] + sp_o_26,0,30,0.0,0.0
rf_reg[6] + sp_o_rf_tag,0,30,0.0,0.0
rf_reg[7] + sp_o_5,0,30,0.0,0.0
rf_reg[7] + sp_o_26,0,30,0.0,0.0
rf_reg[7] + sp_o_rf_tag,0,30,0.0,0.0
rf_reg[8] + sp_o_5,0,30,0.0,0.0
rf_reg[8] + sp_o_26,0,30,0.0,0.0
rf_reg[8] + sp_o_rf_tag,0,30,0.0,0.0
rf_reg[9] + sp_o_5,0,30,0.0,0.0
rf_reg[9] + sp_o_26,0,30,0.0,0.0
rf_reg[9] + sp_o_rf_tag,0,30,0.0,0.0
rf_reg[10] + sp_o_5,0,30,0.0,0.0
rf_reg[10] + sp_o_26,0,30,0.0,0.0
rf_reg[10] + sp_o_rf_tag,0,30,0.0,0.0
rf_reg[11] + sp_o_5,0,30,0.0,0.0
rf_reg[11] + sp_o_26,0,30,0.0,0.0
rf_reg[11] + sp_o_rf_tag,0,30,0.0,0.0
rf_reg[12] + sp_o_5,0,30,0.0,0.0
rf_reg[12] + sp_o_26,0,30,0.0,0.0
rf_reg[12] + sp_o_rf_tag,0,30,0.0,0.0
rf_reg[13] + sp_o_5,0,30,0.0,0.0
rf_reg[13] + sp_o_26,0,30,0.0,0.0
rf_reg[13] + sp_o_rf_tag,0,30,0.0,0.0
alu_operand_a_ex_o_tag + sp_o_5,0,30,0.0,0.0
alu_operand_a_ex_o_tag + sp_o_26,0,30,0.0,0.0
alu_operand_a_ex_o_tag + sp_o_rf_tag,0,30,0.0,0.0
rf_reg[14] + sp_o_5,0,30,0.0,0.0
rf_reg[14] + sp_o_26,0,30,0.0,0.0
rf_reg[14] + sp_o_rf_tag,0,30,0.0,0.0
rf_reg[15] + sp_o_5,0,30,0.0,0.0
rf_reg[15] + sp_o_26,0,30,0.0,0.0
rf_reg[15] + sp_o_rf_tag,0,30,0.0,0.0
rf_reg[16] + sp_o_5,0,30,0.0,0.0
rf_reg[16] + sp_o_26,0,30,0.0,0.0
rf_reg[16] + sp_o_rf_tag,0,30,0.0,0.0
rf_reg[17] + sp_o_5,0,30,0.0,0.0
rf_reg[17] + sp_o_26,0,30,0.0,0.0
rf_reg[17] + sp_o_rf_tag,0,30,0.0,0.0
rf_reg[18] + sp_o_5,0,30,0.0,0.0
rf_reg[18] + sp_o_26,0,30,0.0,0.0
rf_reg[18] + sp_o_rf_tag,0,30,0.0,0.0
rf_reg[19] + sp_o_5,0,30,0.0,0.0
rf_reg[19] + sp_o_26,0,30,0.0,0.0
rf_reg[19] + sp_o_rf_tag,0,30,0.0,0.0
rf_reg[20] + sp_o_5,0,30,0.0,0.0
rf_reg[20] + sp_o_26,0,30,0.0,0.0
rf_reg[20] + sp_o_rf_tag,0,30,0.0,0.0
rf_reg[21] + sp_o_5,0,30,0.0,0.0
rf_reg[21] + sp_o_26,0,30,0.0,0.0
rf_reg[21] + sp_o_rf_tag,0,30,0.0,0.0
rf_reg[22] + sp_o_5,0,30,0.0,0.0
rf_reg[22] + sp_o_26,0,30,0.0,0.0
rf_reg[22] + sp_o_rf_tag,0,30,0.0,0.0
rf_reg[23] + sp_o_5,0,30,0.0,0.0
rf_reg[23] + sp_o_26,0,30,0.0,0.0
rf_reg[23] + sp_o_rf_tag,0,30,0.0,0.0
rf_reg[24] + sp_o_5,0,30,0.0,0.0
rf_reg[24] + sp_o_26,0,30,0.0,0.0
rf_reg[24] + sp_o_rf_tag,0,30,0.0,0.0
rf_reg[25] + sp_o_5,0,30,0.0,0.0
rf_reg[25] + sp_o_26,0,30,0.0,0.0
rf_reg[25] + sp_o_rf_tag,0,30,0.0,0.0
rf_reg[26] + sp_o_5,0,30,0.0,0.0
rf_reg[26] + sp_o_26,0,30,0.0,0.0
rf_reg[26] + sp_o_rf_tag,0,30,0.0,0.0
rf_reg[27] + sp_o_5,0,30,0.0,0.0
rf_reg[27] + sp_o_26,0,30,0.0,0.0
rf_reg[27] + sp_o_rf_tag,0,30,0.0,0.0
rf_reg[28] + sp_o_5,0,30,0.0,0.0
rf_reg[28] + sp_o_26,0,30,0.0,0.0
rf_reg[28] + sp_o_rf_tag,0,30,0.0,0.0
rf_reg[29] + sp_o_5,0,30,0.0,0.0
rf_reg[29] + sp_o_26,0,30,0.0,0.0
rf_reg[29] + sp_o_rf_tag,0,30,0.0,0.0
rf_reg[30] + sp_o_5,0,30,0.0,0.0
rf_reg[30] + sp_o_26,0,30,0.0,0.0
rf_reg[30] + sp_o_rf_tag,0,30,0.0,0.0
rf_reg[31] + sp_o_5,0,30,0.0,0.0
rf_reg[31] + sp_o_26,0,30,0.0,0.0
rf_reg[31] + sp_o_rf_tag,0,30,0.0,0.0
rs1_o_tag + sp_o_5,0,30,0.0,0.0
rs1_o_tag + sp_o_26,0,30,0.0,0.0
rs1_o_tag + sp_o_rf_tag,0,30,0.0,0.0
data_we_q_tag + sp_o_5,0,30,0.0,0.0
data_we_q_tag + sp_o_26,0,30,0.0,0.0
data_we_q_tag + sp_o_rf_tag,0,30,0.0,0.0
sp_o_26 + sp_o_5,0,30,0.0,0.0
sp_o_5 + sp_o_rf_tag,0,30,0.0,0.0
sp_o_26 + sp_o_rf_tag,0,30,0.0,0.0
alu_operand_b_ex_o_tag + sp_o_5,0,30,0.0,0.0
alu_operand_b_ex_o_tag + sp_o_26,0,30,0.0,0.0
alu_operand_b_ex_o_tag + sp_o_rf_tag,0,30,0.0,0.0
alu_operand_c_ex_o_tag + sp_o_5,0,30,0.0,0.0
alu_operand_c_ex_o_tag + sp_o_26,0,30,0.0,0.0
alu_operand_c_ex_o_tag + sp_o_rf_tag,0,30,0.0,0.0
check_d_o_tag + sp_o_5,0,30,0.0,0.0
check_d_o_tag + sp_o_26,0,30,0.0,0.0
check_d_o_tag + sp_o_rf_tag,0,30,0.0,0.0
check_s1_o_tag + sp_o_5,0,30,0.0,0.0
check_s1_o_tag + sp_o_26,0,30,0.0,0.0
check_s1_o_tag + sp_o_rf_tag,0,30,0.0,0.0
check_s2_o_tag + sp_o_5,0,30,0.0,0.0
check_s2_o_tag + sp_o_26,0,30,0.0,0.0
check_s2_o_tag + sp_o_rf_tag,0,30,0.0,0.0
